Copyright 1986-2019 Xilinx, Inc. All Rights Reserved.
-----------------------------------------------------------------------------------------------------------------------------------------------------------------------------------------------------------------
| Tool Version : Vivado v.2019.1.2 (win64) Build 2615518 Fri Aug  9 15:55:25 MDT 2019
| Date         : Fri Nov  7 14:39:13 2025
| Host         : c306-pc1 running 64-bit major release  (build 9200)
| Command      : report_timing_summary -max_paths 10 -file ublaze_wrapper_timing_summary_routed.rpt -pb ublaze_wrapper_timing_summary_routed.pb -rpx ublaze_wrapper_timing_summary_routed.rpx -warn_on_violation
| Design       : ublaze_wrapper
| Device       : 7a35t-cpg236
| Speed File   : -1  PRODUCTION 1.23 2018-06-13
-----------------------------------------------------------------------------------------------------------------------------------------------------------------------------------------------------------------

Timing Summary Report

------------------------------------------------------------------------------------------------
| Timer Settings
| --------------
------------------------------------------------------------------------------------------------

  Enable Multi Corner Analysis               :  Yes
  Enable Pessimism Removal                   :  Yes
  Pessimism Removal Resolution               :  Nearest Common Node
  Enable Input Delay Default Clock           :  No
  Enable Preset / Clear Arcs                 :  No
  Disable Flight Delays                      :  No
  Ignore I/O Paths                           :  No
  Timing Early Launch at Borrowing Latches   :  No
  Borrow Time for Max Delay Exceptions       :  Yes

  Corner  Analyze    Analyze    
  Name    Max Paths  Min Paths  
  ------  ---------  ---------  
  Slow    Yes        Yes        
  Fast    Yes        Yes        



check_timing report

Table of Contents
-----------------
1. checking no_clock
2. checking constant_clock
3. checking pulse_width_clock
4. checking unconstrained_internal_endpoints
5. checking no_input_delay
6. checking no_output_delay
7. checking multiple_clock
8. checking generated_clocks
9. checking loops
10. checking partial_input_delay
11. checking partial_output_delay
12. checking latch_loops

1. checking no_clock
--------------------
 There are 0 register/latch pins with no clock.


2. checking constant_clock
--------------------------
 There are 0 register/latch pins with constant_clock.


3. checking pulse_width_clock
-----------------------------
 There are 0 register/latch pins which need pulse_width check


4. checking unconstrained_internal_endpoints
--------------------------------------------
 There are 0 pins that are not constrained for maximum delay.

 There are 0 pins that are not constrained for maximum delay due to constant clock.


5. checking no_input_delay
--------------------------
 There are 18 input ports with no input delay specified. (HIGH)

 There are 0 input ports with no input delay but user has a false path constraint.


6. checking no_output_delay
---------------------------
 There are 17 ports with no output delay specified. (HIGH)

 There are 0 ports with no output delay but user has a false path constraint

 There are 0 ports with no output delay but with a timing clock defined on it or propagating through it


7. checking multiple_clock
--------------------------
 There are 0 register/latch pins with multiple clocks.


8. checking generated_clocks
----------------------------
 There are 0 generated clocks that are not connected to a clock source.


9. checking loops
-----------------
 There are 0 combinational loops in the design.


10. checking partial_input_delay
--------------------------------
 There are 0 input ports with partial input delay specified.


11. checking partial_output_delay
---------------------------------
 There are 0 ports with partial output delay specified.


12. checking latch_loops
------------------------
 There are 0 combinational latch loops in the design through latch input



------------------------------------------------------------------------------------------------
| Design Timing Summary
| ---------------------
------------------------------------------------------------------------------------------------

    WNS(ns)      TNS(ns)  TNS Failing Endpoints  TNS Total Endpoints      WHS(ns)      THS(ns)  THS Failing Endpoints  THS Total Endpoints     WPWS(ns)     TPWS(ns)  TPWS Failing Endpoints  TPWS Total Endpoints  
    -------      -------  ---------------------  -------------------      -------      -------  ---------------------  -------------------     --------     --------  ----------------------  --------------------  
      1.507        0.000                      0                 5447        0.035        0.000                      0                 5447        3.000        0.000                       0                  1835  


All user specified timing constraints are met.


------------------------------------------------------------------------------------------------
| Clock Summary
| -------------
------------------------------------------------------------------------------------------------

Clock                                                     Waveform(ns)       Period(ns)      Frequency(MHz)
-----                                                     ------------       ----------      --------------
sys_clock                                                 {0.000 5.000}      10.000          100.000         
  clk_out1_ublaze_clk_wiz_0_0                             {0.000 5.000}      10.000          100.000         
  clkfbout_ublaze_clk_wiz_0_0                             {0.000 5.000}      10.000          100.000         
ublaze_i/mdm_1/U0/Use_E2.BSCAN_I/Use_E2.BSCANE2_I/DRCK    {0.000 16.666}     33.333          30.000          
ublaze_i/mdm_1/U0/Use_E2.BSCAN_I/Use_E2.BSCANE2_I/UPDATE  {0.000 16.666}     33.333          30.000          


------------------------------------------------------------------------------------------------
| Intra Clock Table
| -----------------
------------------------------------------------------------------------------------------------

Clock                                                         WNS(ns)      TNS(ns)  TNS Failing Endpoints  TNS Total Endpoints      WHS(ns)      THS(ns)  THS Failing Endpoints  THS Total Endpoints     WPWS(ns)     TPWS(ns)  TPWS Failing Endpoints  TPWS Total Endpoints  
-----                                                         -------      -------  ---------------------  -------------------      -------      -------  ---------------------  -------------------     --------     --------  ----------------------  --------------------  
sys_clock                                                                                                                                                                                                   3.000        0.000                       0                     1  
  clk_out1_ublaze_clk_wiz_0_0                                   1.507        0.000                      0                 5179        0.035        0.000                      0                 5179        3.750        0.000                       0                  1559  
  clkfbout_ublaze_clk_wiz_0_0                                                                                                                                                                               7.845        0.000                       0                     3  
ublaze_i/mdm_1/U0/Use_E2.BSCAN_I/Use_E2.BSCANE2_I/DRCK         13.517        0.000                      0                  222        0.067        0.000                      0                  222       15.686        0.000                       0                   233  
ublaze_i/mdm_1/U0/Use_E2.BSCAN_I/Use_E2.BSCANE2_I/UPDATE       11.316        0.000                      0                   46        0.366        0.000                      0                   46       16.166        0.000                       0                    39  


------------------------------------------------------------------------------------------------
| Inter Clock Table
| -----------------
------------------------------------------------------------------------------------------------

From Clock    To Clock          WNS(ns)      TNS(ns)  TNS Failing Endpoints  TNS Total Endpoints      WHS(ns)      THS(ns)  THS Failing Endpoints  THS Total Endpoints  
----------    --------          -------      -------  ---------------------  -------------------      -------      -------  ---------------------  -------------------  


------------------------------------------------------------------------------------------------
| Other Path Groups Table
| -----------------------
------------------------------------------------------------------------------------------------

Path Group    From Clock    To Clock          WNS(ns)      TNS(ns)  TNS Failing Endpoints  TNS Total Endpoints      WHS(ns)      THS(ns)  THS Failing Endpoints  THS Total Endpoints  
----------    ----------    --------          -------      -------  ---------------------  -------------------      -------      -------  ---------------------  -------------------  


------------------------------------------------------------------------------------------------
| Timing Details
| --------------
------------------------------------------------------------------------------------------------


---------------------------------------------------------------------------------------------------
From Clock:  sys_clock
  To Clock:  sys_clock

Setup :           NA  Failing Endpoints,  Worst Slack           NA  ,  Total Violation           NA
Hold  :           NA  Failing Endpoints,  Worst Slack           NA  ,  Total Violation           NA
PW    :            0  Failing Endpoints,  Worst Slack        3.000ns,  Total Violation        0.000ns
---------------------------------------------------------------------------------------------------


Pulse Width Checks
--------------------------------------------------------------------------------------
Clock Name:         sys_clock
Waveform(ns):       { 0.000 5.000 }
Period(ns):         10.000
Sources:            { sys_clock }

Check Type        Corner  Lib Pin            Reference Pin  Required(ns)  Actual(ns)  Slack(ns)  Location         Pin
Min Period        n/a     MMCME2_ADV/CLKIN1  n/a            1.249         10.000      8.751      MMCME2_ADV_X1Y0  ublaze_i/clk_wiz_0/inst/mmcm_adv_inst/CLKIN1
Max Period        n/a     MMCME2_ADV/CLKIN1  n/a            100.000       10.000      90.000     MMCME2_ADV_X1Y0  ublaze_i/clk_wiz_0/inst/mmcm_adv_inst/CLKIN1
Low Pulse Width   Fast    MMCME2_ADV/CLKIN1  n/a            2.000         5.000       3.000      MMCME2_ADV_X1Y0  ublaze_i/clk_wiz_0/inst/mmcm_adv_inst/CLKIN1
Low Pulse Width   Slow    MMCME2_ADV/CLKIN1  n/a            2.000         5.000       3.000      MMCME2_ADV_X1Y0  ublaze_i/clk_wiz_0/inst/mmcm_adv_inst/CLKIN1
High Pulse Width  Slow    MMCME2_ADV/CLKIN1  n/a            2.000         5.000       3.000      MMCME2_ADV_X1Y0  ublaze_i/clk_wiz_0/inst/mmcm_adv_inst/CLKIN1
High Pulse Width  Fast    MMCME2_ADV/CLKIN1  n/a            2.000         5.000       3.000      MMCME2_ADV_X1Y0  ublaze_i/clk_wiz_0/inst/mmcm_adv_inst/CLKIN1



---------------------------------------------------------------------------------------------------
From Clock:  clk_out1_ublaze_clk_wiz_0_0
  To Clock:  clk_out1_ublaze_clk_wiz_0_0

Setup :            0  Failing Endpoints,  Worst Slack        1.507ns,  Total Violation        0.000ns
Hold  :            0  Failing Endpoints,  Worst Slack        0.035ns,  Total Violation        0.000ns
PW    :            0  Failing Endpoints,  Worst Slack        3.750ns,  Total Violation        0.000ns
---------------------------------------------------------------------------------------------------


Max Delay Paths
--------------------------------------------------------------------------------------
Slack (MET) :             1.507ns  (required time - arrival time)
  Source:                 ublaze_i/microblaze_0/U0/MicroBlaze_Core_I/Performance.Core/Decode_I/mem_exception_from_ex_reg/C
                            (rising edge-triggered cell FDRE clocked by clk_out1_ublaze_clk_wiz_0_0  {rise@0.000ns fall@5.000ns period=10.000ns})
  Destination:            ublaze_i/microblaze_0_local_memory/lmb_bram/U0/inst_blk_mem_gen/gnbram.gnative_mem_map_bmg.native_mem_map_blk_mem_gen/valid.cstr/ramloop[8].ram.r/prim_noinit.ram/DEVICE_7SERIES.WITH_BMM_INFO.TRUE_DP.SIMPLE_PRIM36.TDP_SP36_NO_ECC_ATTR.ram/ENARDEN
                            (rising edge-triggered cell RAMB36E1 clocked by clk_out1_ublaze_clk_wiz_0_0  {rise@0.000ns fall@5.000ns period=10.000ns})
  Path Group:             clk_out1_ublaze_clk_wiz_0_0
  Path Type:              Setup (Max at Slow Process Corner)
  Requirement:            10.000ns  (clk_out1_ublaze_clk_wiz_0_0 rise@10.000ns - clk_out1_ublaze_clk_wiz_0_0 rise@0.000ns)
  Data Path Delay:        7.917ns  (logic 2.014ns (25.438%)  route 5.903ns (74.562%))
  Logic Levels:           4  (AND2B1L=1 LUT2=2 LUT6=1)
  Clock Path Skew:        -0.059ns (DCD - SCD + CPR)
    Destination Clock Delay (DCD):    -1.503ns = ( 8.497 - 10.000 ) 
    Source Clock Delay      (SCD):    -0.953ns
    Clock Pessimism Removal (CPR):    0.492ns
  Clock Uncertainty:      0.074ns  ((TSJ^2 + DJ^2)^1/2) / 2 + PE
    Total System Jitter     (TSJ):    0.071ns
    Discrete Jitter          (DJ):    0.131ns
    Phase Error              (PE):    0.000ns

    Location             Delay type                Incr(ns)  Path(ns)    Netlist Resource(s)
  -------------------------------------------------------------------    -------------------
                         (clock clk_out1_ublaze_clk_wiz_0_0 rise edge)
                                                      0.000     0.000 r  
    W5                                                0.000     0.000 r  sys_clock (IN)
                         net (fo=0)                   0.000     0.000    ublaze_i/clk_wiz_0/inst/clk_in1
    W5                   IBUF (Prop_ibuf_I_O)         1.458     1.458 r  ublaze_i/clk_wiz_0/inst/clkin1_ibufg/O
                         net (fo=1, routed)           1.233     2.691    ublaze_i/clk_wiz_0/inst/clk_in1_ublaze_clk_wiz_0_0
    MMCME2_ADV_X1Y0      MMCME2_ADV (Prop_mmcme2_adv_CLKIN1_CLKOUT0)
                                                     -6.961    -4.269 r  ublaze_i/clk_wiz_0/inst/mmcm_adv_inst/CLKOUT0
                         net (fo=1, routed)           1.661    -2.608    ublaze_i/clk_wiz_0/inst/clk_out1_ublaze_clk_wiz_0_0
    BUFGCTRL_X0Y0        BUFG (Prop_bufg_I_O)         0.096    -2.512 r  ublaze_i/clk_wiz_0/inst/clkout1_buf/O
                         net (fo=1557, routed)        1.559    -0.953    ublaze_i/microblaze_0/U0/MicroBlaze_Core_I/Performance.Core/Decode_I/Clk
    SLICE_X56Y30         FDRE                                         r  ublaze_i/microblaze_0/U0/MicroBlaze_Core_I/Performance.Core/Decode_I/mem_exception_from_ex_reg/C
  -------------------------------------------------------------------    -------------------
    SLICE_X56Y30         FDRE (Prop_fdre_C_Q)         0.518    -0.435 f  ublaze_i/microblaze_0/U0/MicroBlaze_Core_I/Performance.Core/Decode_I/mem_exception_from_ex_reg/Q
                         net (fo=8, routed)           1.033     0.598    ublaze_i/microblaze_0/U0/MicroBlaze_Core_I/Performance.Core/Decode_I/mem_exception_from_ex
    SLICE_X56Y30         LUT2 (Prop_lut2_I0_O)        0.146     0.744 f  ublaze_i/microblaze_0/U0/MicroBlaze_Core_I/Performance.Core/Decode_I/wb_exception_i_i_1/O
                         net (fo=5, routed)           0.596     1.340    ublaze_i/microblaze_0/U0/MicroBlaze_Core_I/Performance.Core/Decode_I/Using_FPGA_2.ex_is_swx_instr_Inst/D_AS
    SLICE_X55Y31         LUT6 (Prop_lut6_I3_O)        0.328     1.668 f  ublaze_i/microblaze_0/U0/MicroBlaze_Core_I/Performance.Core/Decode_I/Using_FPGA_2.ex_is_swx_instr_Inst/Using_FPGA.Native_i_1__4/O
                         net (fo=1, routed)           0.624     2.292    ublaze_i/microblaze_0/U0/MicroBlaze_Core_I/Performance.Core/Use_DLMB.Using_Latch_AS_Logic.AND2B1L_I1/SRI
    SLICE_X54Y35         AND2B1L (Prop_and2b1l_SRI_O)
                                                      0.898     3.190 r  ublaze_i/microblaze_0/U0/MicroBlaze_Core_I/Performance.Core/Use_DLMB.Using_Latch_AS_Logic.AND2B1L_I1/Using_FPGA.Native/O
                         net (fo=5, routed)           1.388     4.578    ublaze_i/microblaze_0_local_memory/lmb_bram/U0/inst_blk_mem_gen/gnbram.gnative_mem_map_bmg.native_mem_map_blk_mem_gen/valid.cstr/ramloop[31].ram.r/prim_noinit.ram/ena
    SLICE_X33Y40         LUT2 (Prop_lut2_I1_O)        0.124     4.702 r  ublaze_i/microblaze_0_local_memory/lmb_bram/U0/inst_blk_mem_gen/gnbram.gnative_mem_map_bmg.native_mem_map_blk_mem_gen/valid.cstr/ramloop[31].ram.r/prim_noinit.ram/DEVICE_7SERIES.WITH_BMM_INFO.TRUE_DP.SIMPLE_PRIM36.TDP_SP36_NO_ECC_ATTR.ram_i_1/O
                         net (fo=10, routed)          2.263     6.965    ublaze_i/microblaze_0_local_memory/lmb_bram/U0/inst_blk_mem_gen/gnbram.gnative_mem_map_bmg.native_mem_map_blk_mem_gen/valid.cstr/ramloop[8].ram.r/prim_noinit.ram/DEVICE_7SERIES.WITH_BMM_INFO.TRUE_DP.SIMPLE_PRIM36.TDP_SP36_NO_ECC_ATTR.ram_0
    RAMB36_X0Y0          RAMB36E1                                     r  ublaze_i/microblaze_0_local_memory/lmb_bram/U0/inst_blk_mem_gen/gnbram.gnative_mem_map_bmg.native_mem_map_blk_mem_gen/valid.cstr/ramloop[8].ram.r/prim_noinit.ram/DEVICE_7SERIES.WITH_BMM_INFO.TRUE_DP.SIMPLE_PRIM36.TDP_SP36_NO_ECC_ATTR.ram/ENARDEN
  -------------------------------------------------------------------    -------------------

                         (clock clk_out1_ublaze_clk_wiz_0_0 rise edge)
                                                     10.000    10.000 r  
    W5                                                0.000    10.000 r  sys_clock (IN)
                         net (fo=0)                   0.000    10.000    ublaze_i/clk_wiz_0/inst/clk_in1
    W5                   IBUF (Prop_ibuf_I_O)         1.388    11.388 r  ublaze_i/clk_wiz_0/inst/clkin1_ibufg/O
                         net (fo=1, routed)           1.162    12.550    ublaze_i/clk_wiz_0/inst/clk_in1_ublaze_clk_wiz_0_0
    MMCME2_ADV_X1Y0      MMCME2_ADV (Prop_mmcme2_adv_CLKIN1_CLKOUT0)
                                                     -7.217     5.332 r  ublaze_i/clk_wiz_0/inst/mmcm_adv_inst/CLKOUT0
                         net (fo=1, routed)           1.581     6.914    ublaze_i/clk_wiz_0/inst/clk_out1_ublaze_clk_wiz_0_0
    BUFGCTRL_X0Y0        BUFG (Prop_bufg_I_O)         0.091     7.005 r  ublaze_i/clk_wiz_0/inst/clkout1_buf/O
                         net (fo=1557, routed)        1.493     8.497    ublaze_i/microblaze_0_local_memory/lmb_bram/U0/inst_blk_mem_gen/gnbram.gnative_mem_map_bmg.native_mem_map_blk_mem_gen/valid.cstr/ramloop[8].ram.r/prim_noinit.ram/clka
    RAMB36_X0Y0          RAMB36E1                                     r  ublaze_i/microblaze_0_local_memory/lmb_bram/U0/inst_blk_mem_gen/gnbram.gnative_mem_map_bmg.native_mem_map_blk_mem_gen/valid.cstr/ramloop[8].ram.r/prim_noinit.ram/DEVICE_7SERIES.WITH_BMM_INFO.TRUE_DP.SIMPLE_PRIM36.TDP_SP36_NO_ECC_ATTR.ram/CLKARDCLK
                         clock pessimism              0.492     8.989    
                         clock uncertainty           -0.074     8.915    
    RAMB36_X0Y0          RAMB36E1 (Setup_ramb36e1_CLKARDCLK_ENARDEN)
                                                     -0.443     8.472    ublaze_i/microblaze_0_local_memory/lmb_bram/U0/inst_blk_mem_gen/gnbram.gnative_mem_map_bmg.native_mem_map_blk_mem_gen/valid.cstr/ramloop[8].ram.r/prim_noinit.ram/DEVICE_7SERIES.WITH_BMM_INFO.TRUE_DP.SIMPLE_PRIM36.TDP_SP36_NO_ECC_ATTR.ram
  -------------------------------------------------------------------
                         required time                          8.472    
                         arrival time                          -6.965    
  -------------------------------------------------------------------
                         slack                                  1.507    

Slack (MET) :             1.526ns  (required time - arrival time)
  Source:                 ublaze_i/microblaze_0/U0/MicroBlaze_Core_I/Performance.Core/Decode_I/mem_exception_from_ex_reg/C
                            (rising edge-triggered cell FDRE clocked by clk_out1_ublaze_clk_wiz_0_0  {rise@0.000ns fall@5.000ns period=10.000ns})
  Destination:            ublaze_i/microblaze_0_local_memory/lmb_bram/U0/inst_blk_mem_gen/gnbram.gnative_mem_map_bmg.native_mem_map_blk_mem_gen/valid.cstr/ramloop[20].ram.r/prim_noinit.ram/DEVICE_7SERIES.WITH_BMM_INFO.TRUE_DP.SIMPLE_PRIM36.TDP_SP36_NO_ECC_ATTR.ram/ENARDEN
                            (rising edge-triggered cell RAMB36E1 clocked by clk_out1_ublaze_clk_wiz_0_0  {rise@0.000ns fall@5.000ns period=10.000ns})
  Path Group:             clk_out1_ublaze_clk_wiz_0_0
  Path Type:              Setup (Max at Slow Process Corner)
  Requirement:            10.000ns  (clk_out1_ublaze_clk_wiz_0_0 rise@10.000ns - clk_out1_ublaze_clk_wiz_0_0 rise@0.000ns)
  Data Path Delay:        7.690ns  (logic 2.010ns (26.139%)  route 5.680ns (73.861%))
  Logic Levels:           4  (AND2B1L=1 LUT2=2 LUT6=1)
  Clock Path Skew:        -0.064ns (DCD - SCD + CPR)
    Destination Clock Delay (DCD):    -1.508ns = ( 8.492 - 10.000 ) 
    Source Clock Delay      (SCD):    -0.953ns
    Clock Pessimism Removal (CPR):    0.492ns
  Clock Uncertainty:      0.074ns  ((TSJ^2 + DJ^2)^1/2) / 2 + PE
    Total System Jitter     (TSJ):    0.071ns
    Discrete Jitter          (DJ):    0.131ns
    Phase Error              (PE):    0.000ns

    Location             Delay type                Incr(ns)  Path(ns)    Netlist Resource(s)
  -------------------------------------------------------------------    -------------------
                         (clock clk_out1_ublaze_clk_wiz_0_0 rise edge)
                                                      0.000     0.000 r  
    W5                                                0.000     0.000 r  sys_clock (IN)
                         net (fo=0)                   0.000     0.000    ublaze_i/clk_wiz_0/inst/clk_in1
    W5                   IBUF (Prop_ibuf_I_O)         1.458     1.458 r  ublaze_i/clk_wiz_0/inst/clkin1_ibufg/O
                         net (fo=1, routed)           1.233     2.691    ublaze_i/clk_wiz_0/inst/clk_in1_ublaze_clk_wiz_0_0
    MMCME2_ADV_X1Y0      MMCME2_ADV (Prop_mmcme2_adv_CLKIN1_CLKOUT0)
                                                     -6.961    -4.269 r  ublaze_i/clk_wiz_0/inst/mmcm_adv_inst/CLKOUT0
                         net (fo=1, routed)           1.661    -2.608    ublaze_i/clk_wiz_0/inst/clk_out1_ublaze_clk_wiz_0_0
    BUFGCTRL_X0Y0        BUFG (Prop_bufg_I_O)         0.096    -2.512 r  ublaze_i/clk_wiz_0/inst/clkout1_buf/O
                         net (fo=1557, routed)        1.559    -0.953    ublaze_i/microblaze_0/U0/MicroBlaze_Core_I/Performance.Core/Decode_I/Clk
    SLICE_X56Y30         FDRE                                         r  ublaze_i/microblaze_0/U0/MicroBlaze_Core_I/Performance.Core/Decode_I/mem_exception_from_ex_reg/C
  -------------------------------------------------------------------    -------------------
    SLICE_X56Y30         FDRE (Prop_fdre_C_Q)         0.518    -0.435 f  ublaze_i/microblaze_0/U0/MicroBlaze_Core_I/Performance.Core/Decode_I/mem_exception_from_ex_reg/Q
                         net (fo=8, routed)           1.033     0.598    ublaze_i/microblaze_0/U0/MicroBlaze_Core_I/Performance.Core/Decode_I/mem_exception_from_ex
    SLICE_X56Y30         LUT2 (Prop_lut2_I0_O)        0.146     0.744 f  ublaze_i/microblaze_0/U0/MicroBlaze_Core_I/Performance.Core/Decode_I/wb_exception_i_i_1/O
                         net (fo=5, routed)           0.596     1.340    ublaze_i/microblaze_0/U0/MicroBlaze_Core_I/Performance.Core/Decode_I/Using_FPGA_2.ex_is_swx_instr_Inst/D_AS
    SLICE_X55Y31         LUT6 (Prop_lut6_I3_O)        0.328     1.668 f  ublaze_i/microblaze_0/U0/MicroBlaze_Core_I/Performance.Core/Decode_I/Using_FPGA_2.ex_is_swx_instr_Inst/Using_FPGA.Native_i_1__4/O
                         net (fo=1, routed)           0.624     2.292    ublaze_i/microblaze_0/U0/MicroBlaze_Core_I/Performance.Core/Use_DLMB.Using_Latch_AS_Logic.AND2B1L_I1/SRI
    SLICE_X54Y35         AND2B1L (Prop_and2b1l_SRI_O)
                                                      0.898     3.190 r  ublaze_i/microblaze_0/U0/MicroBlaze_Core_I/Performance.Core/Use_DLMB.Using_Latch_AS_Logic.AND2B1L_I1/Using_FPGA.Native/O
                         net (fo=5, routed)           1.388     4.578    ublaze_i/microblaze_0_local_memory/lmb_bram/U0/inst_blk_mem_gen/gnbram.gnative_mem_map_bmg.native_mem_map_blk_mem_gen/valid.cstr/ramloop[31].ram.r/prim_noinit.ram/ena
    SLICE_X33Y40         LUT2 (Prop_lut2_I1_O)        0.120     4.698 r  ublaze_i/microblaze_0_local_memory/lmb_bram/U0/inst_blk_mem_gen/gnbram.gnative_mem_map_bmg.native_mem_map_blk_mem_gen/valid.cstr/ramloop[31].ram.r/prim_noinit.ram/DEVICE_7SERIES.WITH_BMM_INFO.TRUE_DP.SIMPLE_PRIM36.TDP_SP36_NO_ECC_ATTR.ram_i_1__1/O
                         net (fo=10, routed)          2.040     6.737    ublaze_i/microblaze_0_local_memory/lmb_bram/U0/inst_blk_mem_gen/gnbram.gnative_mem_map_bmg.native_mem_map_blk_mem_gen/valid.cstr/ramloop[20].ram.r/prim_noinit.ram/DEVICE_7SERIES.WITH_BMM_INFO.TRUE_DP.SIMPLE_PRIM36.TDP_SP36_NO_ECC_ATTR.ram_0
    RAMB36_X0Y2          RAMB36E1                                     r  ublaze_i/microblaze_0_local_memory/lmb_bram/U0/inst_blk_mem_gen/gnbram.gnative_mem_map_bmg.native_mem_map_blk_mem_gen/valid.cstr/ramloop[20].ram.r/prim_noinit.ram/DEVICE_7SERIES.WITH_BMM_INFO.TRUE_DP.SIMPLE_PRIM36.TDP_SP36_NO_ECC_ATTR.ram/ENARDEN
  -------------------------------------------------------------------    -------------------

                         (clock clk_out1_ublaze_clk_wiz_0_0 rise edge)
                                                     10.000    10.000 r  
    W5                                                0.000    10.000 r  sys_clock (IN)
                         net (fo=0)                   0.000    10.000    ublaze_i/clk_wiz_0/inst/clk_in1
    W5                   IBUF (Prop_ibuf_I_O)         1.388    11.388 r  ublaze_i/clk_wiz_0/inst/clkin1_ibufg/O
                         net (fo=1, routed)           1.162    12.550    ublaze_i/clk_wiz_0/inst/clk_in1_ublaze_clk_wiz_0_0
    MMCME2_ADV_X1Y0      MMCME2_ADV (Prop_mmcme2_adv_CLKIN1_CLKOUT0)
                                                     -7.217     5.332 r  ublaze_i/clk_wiz_0/inst/mmcm_adv_inst/CLKOUT0
                         net (fo=1, routed)           1.581     6.914    ublaze_i/clk_wiz_0/inst/clk_out1_ublaze_clk_wiz_0_0
    BUFGCTRL_X0Y0        BUFG (Prop_bufg_I_O)         0.091     7.005 r  ublaze_i/clk_wiz_0/inst/clkout1_buf/O
                         net (fo=1557, routed)        1.488     8.492    ublaze_i/microblaze_0_local_memory/lmb_bram/U0/inst_blk_mem_gen/gnbram.gnative_mem_map_bmg.native_mem_map_blk_mem_gen/valid.cstr/ramloop[20].ram.r/prim_noinit.ram/clka
    RAMB36_X0Y2          RAMB36E1                                     r  ublaze_i/microblaze_0_local_memory/lmb_bram/U0/inst_blk_mem_gen/gnbram.gnative_mem_map_bmg.native_mem_map_blk_mem_gen/valid.cstr/ramloop[20].ram.r/prim_noinit.ram/DEVICE_7SERIES.WITH_BMM_INFO.TRUE_DP.SIMPLE_PRIM36.TDP_SP36_NO_ECC_ATTR.ram/CLKARDCLK
                         clock pessimism              0.492     8.984    
                         clock uncertainty           -0.074     8.910    
    RAMB36_X0Y2          RAMB36E1 (Setup_ramb36e1_CLKARDCLK_ENARDEN)
                                                     -0.646     8.264    ublaze_i/microblaze_0_local_memory/lmb_bram/U0/inst_blk_mem_gen/gnbram.gnative_mem_map_bmg.native_mem_map_blk_mem_gen/valid.cstr/ramloop[20].ram.r/prim_noinit.ram/DEVICE_7SERIES.WITH_BMM_INFO.TRUE_DP.SIMPLE_PRIM36.TDP_SP36_NO_ECC_ATTR.ram
  -------------------------------------------------------------------
                         required time                          8.264    
                         arrival time                          -6.737    
  -------------------------------------------------------------------
                         slack                                  1.526    

Slack (MET) :             1.567ns  (required time - arrival time)
  Source:                 ublaze_i/microblaze_0/U0/MicroBlaze_Core_I/Performance.Core/Decode_I/mem_exception_from_ex_reg/C
                            (rising edge-triggered cell FDRE clocked by clk_out1_ublaze_clk_wiz_0_0  {rise@0.000ns fall@5.000ns period=10.000ns})
  Destination:            ublaze_i/microblaze_0_local_memory/lmb_bram/U0/inst_blk_mem_gen/gnbram.gnative_mem_map_bmg.native_mem_map_blk_mem_gen/valid.cstr/ramloop[6].ram.r/prim_noinit.ram/DEVICE_7SERIES.WITH_BMM_INFO.TRUE_DP.SIMPLE_PRIM36.TDP_SP36_NO_ECC_ATTR.ram/ENARDEN
                            (rising edge-triggered cell RAMB36E1 clocked by clk_out1_ublaze_clk_wiz_0_0  {rise@0.000ns fall@5.000ns period=10.000ns})
  Path Group:             clk_out1_ublaze_clk_wiz_0_0
  Path Type:              Setup (Max at Slow Process Corner)
  Requirement:            10.000ns  (clk_out1_ublaze_clk_wiz_0_0 rise@10.000ns - clk_out1_ublaze_clk_wiz_0_0 rise@0.000ns)
  Data Path Delay:        7.856ns  (logic 2.014ns (25.637%)  route 5.842ns (74.363%))
  Logic Levels:           4  (AND2B1L=1 LUT2=2 LUT6=1)
  Clock Path Skew:        -0.060ns (DCD - SCD + CPR)
    Destination Clock Delay (DCD):    -1.504ns = ( 8.496 - 10.000 ) 
    Source Clock Delay      (SCD):    -0.953ns
    Clock Pessimism Removal (CPR):    0.492ns
  Clock Uncertainty:      0.074ns  ((TSJ^2 + DJ^2)^1/2) / 2 + PE
    Total System Jitter     (TSJ):    0.071ns
    Discrete Jitter          (DJ):    0.131ns
    Phase Error              (PE):    0.000ns

    Location             Delay type                Incr(ns)  Path(ns)    Netlist Resource(s)
  -------------------------------------------------------------------    -------------------
                         (clock clk_out1_ublaze_clk_wiz_0_0 rise edge)
                                                      0.000     0.000 r  
    W5                                                0.000     0.000 r  sys_clock (IN)
                         net (fo=0)                   0.000     0.000    ublaze_i/clk_wiz_0/inst/clk_in1
    W5                   IBUF (Prop_ibuf_I_O)         1.458     1.458 r  ublaze_i/clk_wiz_0/inst/clkin1_ibufg/O
                         net (fo=1, routed)           1.233     2.691    ublaze_i/clk_wiz_0/inst/clk_in1_ublaze_clk_wiz_0_0
    MMCME2_ADV_X1Y0      MMCME2_ADV (Prop_mmcme2_adv_CLKIN1_CLKOUT0)
                                                     -6.961    -4.269 r  ublaze_i/clk_wiz_0/inst/mmcm_adv_inst/CLKOUT0
                         net (fo=1, routed)           1.661    -2.608    ublaze_i/clk_wiz_0/inst/clk_out1_ublaze_clk_wiz_0_0
    BUFGCTRL_X0Y0        BUFG (Prop_bufg_I_O)         0.096    -2.512 r  ublaze_i/clk_wiz_0/inst/clkout1_buf/O
                         net (fo=1557, routed)        1.559    -0.953    ublaze_i/microblaze_0/U0/MicroBlaze_Core_I/Performance.Core/Decode_I/Clk
    SLICE_X56Y30         FDRE                                         r  ublaze_i/microblaze_0/U0/MicroBlaze_Core_I/Performance.Core/Decode_I/mem_exception_from_ex_reg/C
  -------------------------------------------------------------------    -------------------
    SLICE_X56Y30         FDRE (Prop_fdre_C_Q)         0.518    -0.435 f  ublaze_i/microblaze_0/U0/MicroBlaze_Core_I/Performance.Core/Decode_I/mem_exception_from_ex_reg/Q
                         net (fo=8, routed)           1.033     0.598    ublaze_i/microblaze_0/U0/MicroBlaze_Core_I/Performance.Core/Decode_I/mem_exception_from_ex
    SLICE_X56Y30         LUT2 (Prop_lut2_I0_O)        0.146     0.744 f  ublaze_i/microblaze_0/U0/MicroBlaze_Core_I/Performance.Core/Decode_I/wb_exception_i_i_1/O
                         net (fo=5, routed)           0.596     1.340    ublaze_i/microblaze_0/U0/MicroBlaze_Core_I/Performance.Core/Decode_I/Using_FPGA_2.ex_is_swx_instr_Inst/D_AS
    SLICE_X55Y31         LUT6 (Prop_lut6_I3_O)        0.328     1.668 f  ublaze_i/microblaze_0/U0/MicroBlaze_Core_I/Performance.Core/Decode_I/Using_FPGA_2.ex_is_swx_instr_Inst/Using_FPGA.Native_i_1__4/O
                         net (fo=1, routed)           0.624     2.292    ublaze_i/microblaze_0/U0/MicroBlaze_Core_I/Performance.Core/Use_DLMB.Using_Latch_AS_Logic.AND2B1L_I1/SRI
    SLICE_X54Y35         AND2B1L (Prop_and2b1l_SRI_O)
                                                      0.898     3.190 r  ublaze_i/microblaze_0/U0/MicroBlaze_Core_I/Performance.Core/Use_DLMB.Using_Latch_AS_Logic.AND2B1L_I1/Using_FPGA.Native/O
                         net (fo=5, routed)           1.388     4.578    ublaze_i/microblaze_0_local_memory/lmb_bram/U0/inst_blk_mem_gen/gnbram.gnative_mem_map_bmg.native_mem_map_blk_mem_gen/valid.cstr/ramloop[31].ram.r/prim_noinit.ram/ena
    SLICE_X33Y40         LUT2 (Prop_lut2_I1_O)        0.124     4.702 r  ublaze_i/microblaze_0_local_memory/lmb_bram/U0/inst_blk_mem_gen/gnbram.gnative_mem_map_bmg.native_mem_map_blk_mem_gen/valid.cstr/ramloop[31].ram.r/prim_noinit.ram/DEVICE_7SERIES.WITH_BMM_INFO.TRUE_DP.SIMPLE_PRIM36.TDP_SP36_NO_ECC_ATTR.ram_i_1/O
                         net (fo=10, routed)          2.202     6.903    ublaze_i/microblaze_0_local_memory/lmb_bram/U0/inst_blk_mem_gen/gnbram.gnative_mem_map_bmg.native_mem_map_blk_mem_gen/valid.cstr/ramloop[6].ram.r/prim_noinit.ram/DEVICE_7SERIES.WITH_BMM_INFO.TRUE_DP.SIMPLE_PRIM36.TDP_SP36_NO_ECC_ATTR.ram_0
    RAMB36_X0Y1          RAMB36E1                                     r  ublaze_i/microblaze_0_local_memory/lmb_bram/U0/inst_blk_mem_gen/gnbram.gnative_mem_map_bmg.native_mem_map_blk_mem_gen/valid.cstr/ramloop[6].ram.r/prim_noinit.ram/DEVICE_7SERIES.WITH_BMM_INFO.TRUE_DP.SIMPLE_PRIM36.TDP_SP36_NO_ECC_ATTR.ram/ENARDEN
  -------------------------------------------------------------------    -------------------

                         (clock clk_out1_ublaze_clk_wiz_0_0 rise edge)
                                                     10.000    10.000 r  
    W5                                                0.000    10.000 r  sys_clock (IN)
                         net (fo=0)                   0.000    10.000    ublaze_i/clk_wiz_0/inst/clk_in1
    W5                   IBUF (Prop_ibuf_I_O)         1.388    11.388 r  ublaze_i/clk_wiz_0/inst/clkin1_ibufg/O
                         net (fo=1, routed)           1.162    12.550    ublaze_i/clk_wiz_0/inst/clk_in1_ublaze_clk_wiz_0_0
    MMCME2_ADV_X1Y0      MMCME2_ADV (Prop_mmcme2_adv_CLKIN1_CLKOUT0)
                                                     -7.217     5.332 r  ublaze_i/clk_wiz_0/inst/mmcm_adv_inst/CLKOUT0
                         net (fo=1, routed)           1.581     6.914    ublaze_i/clk_wiz_0/inst/clk_out1_ublaze_clk_wiz_0_0
    BUFGCTRL_X0Y0        BUFG (Prop_bufg_I_O)         0.091     7.005 r  ublaze_i/clk_wiz_0/inst/clkout1_buf/O
                         net (fo=1557, routed)        1.492     8.496    ublaze_i/microblaze_0_local_memory/lmb_bram/U0/inst_blk_mem_gen/gnbram.gnative_mem_map_bmg.native_mem_map_blk_mem_gen/valid.cstr/ramloop[6].ram.r/prim_noinit.ram/clka
    RAMB36_X0Y1          RAMB36E1                                     r  ublaze_i/microblaze_0_local_memory/lmb_bram/U0/inst_blk_mem_gen/gnbram.gnative_mem_map_bmg.native_mem_map_blk_mem_gen/valid.cstr/ramloop[6].ram.r/prim_noinit.ram/DEVICE_7SERIES.WITH_BMM_INFO.TRUE_DP.SIMPLE_PRIM36.TDP_SP36_NO_ECC_ATTR.ram/CLKARDCLK
                         clock pessimism              0.492     8.988    
                         clock uncertainty           -0.074     8.914    
    RAMB36_X0Y1          RAMB36E1 (Setup_ramb36e1_CLKARDCLK_ENARDEN)
                                                     -0.443     8.471    ublaze_i/microblaze_0_local_memory/lmb_bram/U0/inst_blk_mem_gen/gnbram.gnative_mem_map_bmg.native_mem_map_blk_mem_gen/valid.cstr/ramloop[6].ram.r/prim_noinit.ram/DEVICE_7SERIES.WITH_BMM_INFO.TRUE_DP.SIMPLE_PRIM36.TDP_SP36_NO_ECC_ATTR.ram
  -------------------------------------------------------------------
                         required time                          8.471    
                         arrival time                          -6.903    
  -------------------------------------------------------------------
                         slack                                  1.567    

Slack (MET) :             1.628ns  (required time - arrival time)
  Source:                 ublaze_i/microblaze_0/U0/MicroBlaze_Core_I/Performance.Core/Data_Flow_I/Operand_Select_I/EX_Branch_CMP_Op1_reg[6]/C
                            (rising edge-triggered cell FDRE clocked by clk_out1_ublaze_clk_wiz_0_0  {rise@0.000ns fall@5.000ns period=10.000ns})
  Destination:            ublaze_i/microblaze_0_local_memory/lmb_bram/U0/inst_blk_mem_gen/gnbram.gnative_mem_map_bmg.native_mem_map_blk_mem_gen/valid.cstr/ramloop[12].ram.r/prim_noinit.ram/DEVICE_7SERIES.WITH_BMM_INFO.TRUE_DP.SIMPLE_PRIM36.TDP_SP36_NO_ECC_ATTR.ram/ENBWREN
                            (rising edge-triggered cell RAMB36E1 clocked by clk_out1_ublaze_clk_wiz_0_0  {rise@0.000ns fall@5.000ns period=10.000ns})
  Path Group:             clk_out1_ublaze_clk_wiz_0_0
  Path Type:              Setup (Max at Slow Process Corner)
  Requirement:            10.000ns  (clk_out1_ublaze_clk_wiz_0_0 rise@10.000ns - clk_out1_ublaze_clk_wiz_0_0 rise@0.000ns)
  Data Path Delay:        7.768ns  (logic 1.939ns (24.961%)  route 5.829ns (75.039%))
  Logic Levels:           7  (CARRY4=4 LUT6=3)
  Clock Path Skew:        -0.086ns (DCD - SCD + CPR)
    Destination Clock Delay (DCD):    -1.516ns = ( 8.484 - 10.000 ) 
    Source Clock Delay      (SCD):    -0.947ns
    Clock Pessimism Removal (CPR):    0.484ns
  Clock Uncertainty:      0.074ns  ((TSJ^2 + DJ^2)^1/2) / 2 + PE
    Total System Jitter     (TSJ):    0.071ns
    Discrete Jitter          (DJ):    0.131ns
    Phase Error              (PE):    0.000ns

    Location             Delay type                Incr(ns)  Path(ns)    Netlist Resource(s)
  -------------------------------------------------------------------    -------------------
                         (clock clk_out1_ublaze_clk_wiz_0_0 rise edge)
                                                      0.000     0.000 r  
    W5                                                0.000     0.000 r  sys_clock (IN)
                         net (fo=0)                   0.000     0.000    ublaze_i/clk_wiz_0/inst/clk_in1
    W5                   IBUF (Prop_ibuf_I_O)         1.458     1.458 r  ublaze_i/clk_wiz_0/inst/clkin1_ibufg/O
                         net (fo=1, routed)           1.233     2.691    ublaze_i/clk_wiz_0/inst/clk_in1_ublaze_clk_wiz_0_0
    MMCME2_ADV_X1Y0      MMCME2_ADV (Prop_mmcme2_adv_CLKIN1_CLKOUT0)
                                                     -6.961    -4.269 r  ublaze_i/clk_wiz_0/inst/mmcm_adv_inst/CLKOUT0
                         net (fo=1, routed)           1.661    -2.608    ublaze_i/clk_wiz_0/inst/clk_out1_ublaze_clk_wiz_0_0
    BUFGCTRL_X0Y0        BUFG (Prop_bufg_I_O)         0.096    -2.512 r  ublaze_i/clk_wiz_0/inst/clkout1_buf/O
                         net (fo=1557, routed)        1.565    -0.947    ublaze_i/microblaze_0/U0/MicroBlaze_Core_I/Performance.Core/Data_Flow_I/Operand_Select_I/Clk
    SLICE_X44Y40         FDRE                                         r  ublaze_i/microblaze_0/U0/MicroBlaze_Core_I/Performance.Core/Data_Flow_I/Operand_Select_I/EX_Branch_CMP_Op1_reg[6]/C
  -------------------------------------------------------------------    -------------------
    SLICE_X44Y40         FDRE (Prop_fdre_C_Q)         0.456    -0.491 f  ublaze_i/microblaze_0/U0/MicroBlaze_Core_I/Performance.Core/Data_Flow_I/Operand_Select_I/EX_Branch_CMP_Op1_reg[6]/Q
                         net (fo=1, routed)           1.558     1.068    ublaze_i/microblaze_0/U0/MicroBlaze_Core_I/Performance.Core/Data_Flow_I/Zero_Detect_I/Using_FPGA.Native_0[23]
    SLICE_X50Y31         LUT6 (Prop_lut6_I1_O)        0.124     1.192 r  ublaze_i/microblaze_0/U0/MicroBlaze_Core_I/Performance.Core/Data_Flow_I/Zero_Detect_I/S0_inferred__3/i_/O
                         net (fo=1, routed)           0.000     1.192    ublaze_i/microblaze_0/U0/MicroBlaze_Core_I/Performance.Core/Data_Flow_I/Zero_Detect_I/Part_Of_Zero_Carry_Start/lopt_5
    SLICE_X50Y31         CARRY4 (Prop_carry4_S[2]_CO[3])
                                                      0.380     1.572 r  ublaze_i/microblaze_0/U0/MicroBlaze_Core_I/Performance.Core/Data_Flow_I/Zero_Detect_I/Part_Of_Zero_Carry_Start/Using_FPGA.Native_CARRY4/CO[3]
                         net (fo=1, routed)           0.000     1.572    ublaze_i/microblaze_0/U0/MicroBlaze_Core_I/Performance.Core/Data_Flow_I/Zero_Detect_I/Zero_Detecting[3].I_Part_Of_Zero_Detect/zero_CI_3
    SLICE_X50Y32         CARRY4 (Prop_carry4_CI_CO[3])
                                                      0.117     1.689 r  ublaze_i/microblaze_0/U0/MicroBlaze_Core_I/Performance.Core/Data_Flow_I/Zero_Detect_I/Zero_Detecting[3].I_Part_Of_Zero_Detect/Using_FPGA.Native_CARRY4/CO[3]
                         net (fo=1, routed)           0.000     1.689    ublaze_i/microblaze_0/U0/MicroBlaze_Core_I/Performance.Core/Decode_I/jump_logic_I1/MUXCY_JUMP_CARRY2/jump_carry1
    SLICE_X50Y33         CARRY4 (Prop_carry4_CI_CO[3])
                                                      0.117     1.806 r  ublaze_i/microblaze_0/U0/MicroBlaze_Core_I/Performance.Core/Decode_I/jump_logic_I1/MUXCY_JUMP_CARRY2/Using_FPGA.Native_CARRY4/CO[3]
                         net (fo=1, routed)           0.000     1.806    ublaze_i/microblaze_0/U0/MicroBlaze_Core_I/Performance.Core/Decode_I/jump_logic_I1/MUXCY_JUMP_CARRY6/jump_carry5
    SLICE_X50Y34         CARRY4 (Prop_carry4_CI_CO[0])
                                                      0.254     2.060 r  ublaze_i/microblaze_0/U0/MicroBlaze_Core_I/Performance.Core/Decode_I/jump_logic_I1/MUXCY_JUMP_CARRY6/Using_FPGA.Native_CARRY4/CO[0]
                         net (fo=46, routed)          0.903     2.963    ublaze_i/microblaze_0/U0/MicroBlaze_Core_I/Performance.Core/Decode_I/PreFetch_Buffer_I1/Gen_Mux_Select_LUT6[2].Gen_Sel_DFF/ex_jump
    SLICE_X57Y32         LUT6 (Prop_lut6_I3_O)        0.367     3.330 r  ublaze_i/microblaze_0/U0/MicroBlaze_Core_I/Performance.Core/Decode_I/PreFetch_Buffer_I1/Gen_Mux_Select_LUT6[2].Gen_Sel_DFF/I_AS_INST_0/O
                         net (fo=36, routed)          2.404     5.734    ublaze_i/microblaze_0_local_memory/lmb_bram/U0/inst_blk_mem_gen/gnbram.gnative_mem_map_bmg.native_mem_map_blk_mem_gen/valid.cstr/ramloop[12].ram.r/prim_noinit.ram/pwropt_6
    SLICE_X8Y51          LUT6 (Prop_lut6_I3_O)        0.124     5.858 r  ublaze_i/microblaze_0_local_memory/lmb_bram/U0/inst_blk_mem_gen/gnbram.gnative_mem_map_bmg.native_mem_map_blk_mem_gen/valid.cstr/ramloop[12].ram.r/prim_noinit.ram/DEVICE_7SERIES.WITH_BMM_INFO.TRUE_DP.SIMPLE_PRIM36.TDP_SP36_NO_ECC_ATTR.ram_ENBWREN_cooolgate_en_gate_7_LOPT_REMAP/O
                         net (fo=1, routed)           0.964     6.822    ublaze_i/microblaze_0_local_memory/lmb_bram/U0/inst_blk_mem_gen/gnbram.gnative_mem_map_bmg.native_mem_map_blk_mem_gen/valid.cstr/ramloop[12].ram.r/prim_noinit.ram/DEVICE_7SERIES.WITH_BMM_INFO.TRUE_DP.SIMPLE_PRIM36.TDP_SP36_NO_ECC_ATTR.ram_ENBWREN_cooolgate_en_sig_4
    RAMB36_X0Y12         RAMB36E1                                     r  ublaze_i/microblaze_0_local_memory/lmb_bram/U0/inst_blk_mem_gen/gnbram.gnative_mem_map_bmg.native_mem_map_blk_mem_gen/valid.cstr/ramloop[12].ram.r/prim_noinit.ram/DEVICE_7SERIES.WITH_BMM_INFO.TRUE_DP.SIMPLE_PRIM36.TDP_SP36_NO_ECC_ATTR.ram/ENBWREN
  -------------------------------------------------------------------    -------------------

                         (clock clk_out1_ublaze_clk_wiz_0_0 rise edge)
                                                     10.000    10.000 r  
    W5                                                0.000    10.000 r  sys_clock (IN)
                         net (fo=0)                   0.000    10.000    ublaze_i/clk_wiz_0/inst/clk_in1
    W5                   IBUF (Prop_ibuf_I_O)         1.388    11.388 r  ublaze_i/clk_wiz_0/inst/clkin1_ibufg/O
                         net (fo=1, routed)           1.162    12.550    ublaze_i/clk_wiz_0/inst/clk_in1_ublaze_clk_wiz_0_0
    MMCME2_ADV_X1Y0      MMCME2_ADV (Prop_mmcme2_adv_CLKIN1_CLKOUT0)
                                                     -7.217     5.332 r  ublaze_i/clk_wiz_0/inst/mmcm_adv_inst/CLKOUT0
                         net (fo=1, routed)           1.581     6.914    ublaze_i/clk_wiz_0/inst/clk_out1_ublaze_clk_wiz_0_0
    BUFGCTRL_X0Y0        BUFG (Prop_bufg_I_O)         0.091     7.005 r  ublaze_i/clk_wiz_0/inst/clkout1_buf/O
                         net (fo=1557, routed)        1.479     8.484    ublaze_i/microblaze_0_local_memory/lmb_bram/U0/inst_blk_mem_gen/gnbram.gnative_mem_map_bmg.native_mem_map_blk_mem_gen/valid.cstr/ramloop[12].ram.r/prim_noinit.ram/clkb
    RAMB36_X0Y12         RAMB36E1                                     r  ublaze_i/microblaze_0_local_memory/lmb_bram/U0/inst_blk_mem_gen/gnbram.gnative_mem_map_bmg.native_mem_map_blk_mem_gen/valid.cstr/ramloop[12].ram.r/prim_noinit.ram/DEVICE_7SERIES.WITH_BMM_INFO.TRUE_DP.SIMPLE_PRIM36.TDP_SP36_NO_ECC_ATTR.ram/CLKBWRCLK
                         clock pessimism              0.484     8.967    
                         clock uncertainty           -0.074     8.893    
    RAMB36_X0Y12         RAMB36E1 (Setup_ramb36e1_CLKBWRCLK_ENBWREN)
                                                     -0.443     8.450    ublaze_i/microblaze_0_local_memory/lmb_bram/U0/inst_blk_mem_gen/gnbram.gnative_mem_map_bmg.native_mem_map_blk_mem_gen/valid.cstr/ramloop[12].ram.r/prim_noinit.ram/DEVICE_7SERIES.WITH_BMM_INFO.TRUE_DP.SIMPLE_PRIM36.TDP_SP36_NO_ECC_ATTR.ram
  -------------------------------------------------------------------
                         required time                          8.450    
                         arrival time                          -6.822    
  -------------------------------------------------------------------
                         slack                                  1.628    

Slack (MET) :             1.706ns  (required time - arrival time)
  Source:                 ublaze_i/microblaze_0/U0/MicroBlaze_Core_I/Performance.Core/Decode_I/mem_exception_from_ex_reg/C
                            (rising edge-triggered cell FDRE clocked by clk_out1_ublaze_clk_wiz_0_0  {rise@0.000ns fall@5.000ns period=10.000ns})
  Destination:            ublaze_i/microblaze_0_local_memory/lmb_bram/U0/inst_blk_mem_gen/gnbram.gnative_mem_map_bmg.native_mem_map_blk_mem_gen/valid.cstr/ramloop[2].ram.r/prim_noinit.ram/DEVICE_7SERIES.WITH_BMM_INFO.TRUE_DP.SIMPLE_PRIM36.TDP_SP36_NO_ECC_ATTR.ram/ENARDEN
                            (rising edge-triggered cell RAMB36E1 clocked by clk_out1_ublaze_clk_wiz_0_0  {rise@0.000ns fall@5.000ns period=10.000ns})
  Path Group:             clk_out1_ublaze_clk_wiz_0_0
  Path Type:              Setup (Max at Slow Process Corner)
  Requirement:            10.000ns  (clk_out1_ublaze_clk_wiz_0_0 rise@10.000ns - clk_out1_ublaze_clk_wiz_0_0 rise@0.000ns)
  Data Path Delay:        7.790ns  (logic 2.014ns (25.853%)  route 5.776ns (74.147%))
  Logic Levels:           4  (AND2B1L=1 LUT2=2 LUT6=1)
  Clock Path Skew:        0.013ns (DCD - SCD + CPR)
    Destination Clock Delay (DCD):    -1.503ns = ( 8.497 - 10.000 ) 
    Source Clock Delay      (SCD):    -0.953ns
    Clock Pessimism Removal (CPR):    0.564ns
  Clock Uncertainty:      0.074ns  ((TSJ^2 + DJ^2)^1/2) / 2 + PE
    Total System Jitter     (TSJ):    0.071ns
    Discrete Jitter          (DJ):    0.131ns
    Phase Error              (PE):    0.000ns

    Location             Delay type                Incr(ns)  Path(ns)    Netlist Resource(s)
  -------------------------------------------------------------------    -------------------
                         (clock clk_out1_ublaze_clk_wiz_0_0 rise edge)
                                                      0.000     0.000 r  
    W5                                                0.000     0.000 r  sys_clock (IN)
                         net (fo=0)                   0.000     0.000    ublaze_i/clk_wiz_0/inst/clk_in1
    W5                   IBUF (Prop_ibuf_I_O)         1.458     1.458 r  ublaze_i/clk_wiz_0/inst/clkin1_ibufg/O
                         net (fo=1, routed)           1.233     2.691    ublaze_i/clk_wiz_0/inst/clk_in1_ublaze_clk_wiz_0_0
    MMCME2_ADV_X1Y0      MMCME2_ADV (Prop_mmcme2_adv_CLKIN1_CLKOUT0)
                                                     -6.961    -4.269 r  ublaze_i/clk_wiz_0/inst/mmcm_adv_inst/CLKOUT0
                         net (fo=1, routed)           1.661    -2.608    ublaze_i/clk_wiz_0/inst/clk_out1_ublaze_clk_wiz_0_0
    BUFGCTRL_X0Y0        BUFG (Prop_bufg_I_O)         0.096    -2.512 r  ublaze_i/clk_wiz_0/inst/clkout1_buf/O
                         net (fo=1557, routed)        1.559    -0.953    ublaze_i/microblaze_0/U0/MicroBlaze_Core_I/Performance.Core/Decode_I/Clk
    SLICE_X56Y30         FDRE                                         r  ublaze_i/microblaze_0/U0/MicroBlaze_Core_I/Performance.Core/Decode_I/mem_exception_from_ex_reg/C
  -------------------------------------------------------------------    -------------------
    SLICE_X56Y30         FDRE (Prop_fdre_C_Q)         0.518    -0.435 f  ublaze_i/microblaze_0/U0/MicroBlaze_Core_I/Performance.Core/Decode_I/mem_exception_from_ex_reg/Q
                         net (fo=8, routed)           1.033     0.598    ublaze_i/microblaze_0/U0/MicroBlaze_Core_I/Performance.Core/Decode_I/mem_exception_from_ex
    SLICE_X56Y30         LUT2 (Prop_lut2_I0_O)        0.146     0.744 f  ublaze_i/microblaze_0/U0/MicroBlaze_Core_I/Performance.Core/Decode_I/wb_exception_i_i_1/O
                         net (fo=5, routed)           0.596     1.340    ublaze_i/microblaze_0/U0/MicroBlaze_Core_I/Performance.Core/Decode_I/Using_FPGA_2.ex_is_swx_instr_Inst/D_AS
    SLICE_X55Y31         LUT6 (Prop_lut6_I3_O)        0.328     1.668 f  ublaze_i/microblaze_0/U0/MicroBlaze_Core_I/Performance.Core/Decode_I/Using_FPGA_2.ex_is_swx_instr_Inst/Using_FPGA.Native_i_1__4/O
                         net (fo=1, routed)           0.624     2.292    ublaze_i/microblaze_0/U0/MicroBlaze_Core_I/Performance.Core/Use_DLMB.Using_Latch_AS_Logic.AND2B1L_I1/SRI
    SLICE_X54Y35         AND2B1L (Prop_and2b1l_SRI_O)
                                                      0.898     3.190 r  ublaze_i/microblaze_0/U0/MicroBlaze_Core_I/Performance.Core/Use_DLMB.Using_Latch_AS_Logic.AND2B1L_I1/Using_FPGA.Native/O
                         net (fo=5, routed)           1.388     4.578    ublaze_i/microblaze_0_local_memory/lmb_bram/U0/inst_blk_mem_gen/gnbram.gnative_mem_map_bmg.native_mem_map_blk_mem_gen/valid.cstr/ramloop[31].ram.r/prim_noinit.ram/ena
    SLICE_X33Y40         LUT2 (Prop_lut2_I1_O)        0.124     4.702 r  ublaze_i/microblaze_0_local_memory/lmb_bram/U0/inst_blk_mem_gen/gnbram.gnative_mem_map_bmg.native_mem_map_blk_mem_gen/valid.cstr/ramloop[31].ram.r/prim_noinit.ram/DEVICE_7SERIES.WITH_BMM_INFO.TRUE_DP.SIMPLE_PRIM36.TDP_SP36_NO_ECC_ATTR.ram_i_1/O
                         net (fo=10, routed)          2.136     6.838    ublaze_i/microblaze_0_local_memory/lmb_bram/U0/inst_blk_mem_gen/gnbram.gnative_mem_map_bmg.native_mem_map_blk_mem_gen/valid.cstr/ramloop[2].ram.r/prim_noinit.ram/DEVICE_7SERIES.WITH_BMM_INFO.TRUE_DP.SIMPLE_PRIM36.TDP_SP36_NO_ECC_ATTR.ram_0
    RAMB36_X1Y1          RAMB36E1                                     r  ublaze_i/microblaze_0_local_memory/lmb_bram/U0/inst_blk_mem_gen/gnbram.gnative_mem_map_bmg.native_mem_map_blk_mem_gen/valid.cstr/ramloop[2].ram.r/prim_noinit.ram/DEVICE_7SERIES.WITH_BMM_INFO.TRUE_DP.SIMPLE_PRIM36.TDP_SP36_NO_ECC_ATTR.ram/ENARDEN
  -------------------------------------------------------------------    -------------------

                         (clock clk_out1_ublaze_clk_wiz_0_0 rise edge)
                                                     10.000    10.000 r  
    W5                                                0.000    10.000 r  sys_clock (IN)
                         net (fo=0)                   0.000    10.000    ublaze_i/clk_wiz_0/inst/clk_in1
    W5                   IBUF (Prop_ibuf_I_O)         1.388    11.388 r  ublaze_i/clk_wiz_0/inst/clkin1_ibufg/O
                         net (fo=1, routed)           1.162    12.550    ublaze_i/clk_wiz_0/inst/clk_in1_ublaze_clk_wiz_0_0
    MMCME2_ADV_X1Y0      MMCME2_ADV (Prop_mmcme2_adv_CLKIN1_CLKOUT0)
                                                     -7.217     5.332 r  ublaze_i/clk_wiz_0/inst/mmcm_adv_inst/CLKOUT0
                         net (fo=1, routed)           1.581     6.914    ublaze_i/clk_wiz_0/inst/clk_out1_ublaze_clk_wiz_0_0
    BUFGCTRL_X0Y0        BUFG (Prop_bufg_I_O)         0.091     7.005 r  ublaze_i/clk_wiz_0/inst/clkout1_buf/O
                         net (fo=1557, routed)        1.493     8.497    ublaze_i/microblaze_0_local_memory/lmb_bram/U0/inst_blk_mem_gen/gnbram.gnative_mem_map_bmg.native_mem_map_blk_mem_gen/valid.cstr/ramloop[2].ram.r/prim_noinit.ram/clka
    RAMB36_X1Y1          RAMB36E1                                     r  ublaze_i/microblaze_0_local_memory/lmb_bram/U0/inst_blk_mem_gen/gnbram.gnative_mem_map_bmg.native_mem_map_blk_mem_gen/valid.cstr/ramloop[2].ram.r/prim_noinit.ram/DEVICE_7SERIES.WITH_BMM_INFO.TRUE_DP.SIMPLE_PRIM36.TDP_SP36_NO_ECC_ATTR.ram/CLKARDCLK
                         clock pessimism              0.564     9.061    
                         clock uncertainty           -0.074     8.987    
    RAMB36_X1Y1          RAMB36E1 (Setup_ramb36e1_CLKARDCLK_ENARDEN)
                                                     -0.443     8.544    ublaze_i/microblaze_0_local_memory/lmb_bram/U0/inst_blk_mem_gen/gnbram.gnative_mem_map_bmg.native_mem_map_blk_mem_gen/valid.cstr/ramloop[2].ram.r/prim_noinit.ram/DEVICE_7SERIES.WITH_BMM_INFO.TRUE_DP.SIMPLE_PRIM36.TDP_SP36_NO_ECC_ATTR.ram
  -------------------------------------------------------------------
                         required time                          8.544    
                         arrival time                          -6.838    
  -------------------------------------------------------------------
                         slack                                  1.706    

Slack (MET) :             1.724ns  (required time - arrival time)
  Source:                 ublaze_i/microblaze_0/U0/MicroBlaze_Core_I/Performance.Core/Data_Flow_I/Operand_Select_I/EX_Op2_reg[29]/C
                            (rising edge-triggered cell FDRE clocked by clk_out1_ublaze_clk_wiz_0_0  {rise@0.000ns fall@5.000ns period=10.000ns})
  Destination:            ublaze_i/microblaze_0_local_memory/lmb_bram/U0/inst_blk_mem_gen/gnbram.gnative_mem_map_bmg.native_mem_map_blk_mem_gen/valid.cstr/ramloop[8].ram.r/prim_noinit.ram/DEVICE_7SERIES.WITH_BMM_INFO.TRUE_DP.SIMPLE_PRIM36.TDP_SP36_NO_ECC_ATTR.ram/ADDRBWRADDR[13]
                            (rising edge-triggered cell RAMB36E1 clocked by clk_out1_ublaze_clk_wiz_0_0  {rise@0.000ns fall@5.000ns period=10.000ns})
  Path Group:             clk_out1_ublaze_clk_wiz_0_0
  Path Type:              Setup (Max at Slow Process Corner)
  Requirement:            10.000ns  (clk_out1_ublaze_clk_wiz_0_0 rise@10.000ns - clk_out1_ublaze_clk_wiz_0_0 rise@0.000ns)
  Data Path Delay:        7.582ns  (logic 1.899ns (25.046%)  route 5.683ns (74.954%))
  Logic Levels:           6  (CARRY4=4 LUT3=1 LUT6=1)
  Clock Path Skew:        -0.054ns (DCD - SCD + CPR)
    Destination Clock Delay (DCD):    -1.502ns = ( 8.498 - 10.000 ) 
    Source Clock Delay      (SCD):    -0.957ns
    Clock Pessimism Removal (CPR):    0.492ns
  Clock Uncertainty:      0.074ns  ((TSJ^2 + DJ^2)^1/2) / 2 + PE
    Total System Jitter     (TSJ):    0.071ns
    Discrete Jitter          (DJ):    0.131ns
    Phase Error              (PE):    0.000ns

    Location             Delay type                Incr(ns)  Path(ns)    Netlist Resource(s)
  -------------------------------------------------------------------    -------------------
                         (clock clk_out1_ublaze_clk_wiz_0_0 rise edge)
                                                      0.000     0.000 r  
    W5                                                0.000     0.000 r  sys_clock (IN)
                         net (fo=0)                   0.000     0.000    ublaze_i/clk_wiz_0/inst/clk_in1
    W5                   IBUF (Prop_ibuf_I_O)         1.458     1.458 r  ublaze_i/clk_wiz_0/inst/clkin1_ibufg/O
                         net (fo=1, routed)           1.233     2.691    ublaze_i/clk_wiz_0/inst/clk_in1_ublaze_clk_wiz_0_0
    MMCME2_ADV_X1Y0      MMCME2_ADV (Prop_mmcme2_adv_CLKIN1_CLKOUT0)
                                                     -6.961    -4.269 r  ublaze_i/clk_wiz_0/inst/mmcm_adv_inst/CLKOUT0
                         net (fo=1, routed)           1.661    -2.608    ublaze_i/clk_wiz_0/inst/clk_out1_ublaze_clk_wiz_0_0
    BUFGCTRL_X0Y0        BUFG (Prop_bufg_I_O)         0.096    -2.512 r  ublaze_i/clk_wiz_0/inst/clkout1_buf/O
                         net (fo=1557, routed)        1.555    -0.957    ublaze_i/microblaze_0/U0/MicroBlaze_Core_I/Performance.Core/Data_Flow_I/Operand_Select_I/Clk
    SLICE_X44Y30         FDRE                                         r  ublaze_i/microblaze_0/U0/MicroBlaze_Core_I/Performance.Core/Data_Flow_I/Operand_Select_I/EX_Op2_reg[29]/C
  -------------------------------------------------------------------    -------------------
    SLICE_X44Y30         FDRE (Prop_fdre_C_Q)         0.456    -0.501 r  ublaze_i/microblaze_0/U0/MicroBlaze_Core_I/Performance.Core/Data_Flow_I/Operand_Select_I/EX_Op2_reg[29]/Q
                         net (fo=2, routed)           1.358     0.858    ublaze_i/microblaze_0/U0/MicroBlaze_Core_I/Performance.Core/Data_Flow_I/ALU_I/Using_FPGA.ALL_Bits[29].ALU_Bit_I1/Not_Last_Bit.I_ALU_LUT_V5/Using_FPGA.Native/I0
    SLICE_X39Y32         LUT6 (Prop_lut6_I0_O)        0.124     0.982 r  ublaze_i/microblaze_0/U0/MicroBlaze_Core_I/Performance.Core/Data_Flow_I/ALU_I/Using_FPGA.ALL_Bits[29].ALU_Bit_I1/Not_Last_Bit.I_ALU_LUT_V5/Using_FPGA.Native/LUT6/O
                         net (fo=1, routed)           0.000     0.982    ublaze_i/microblaze_0/U0/MicroBlaze_Core_I/Performance.Core/Data_Flow_I/ALU_I/Using_FPGA.ALL_Bits[30].ALU_Bit_I1/Not_Last_Bit.MUXCY_XOR_I/lopt_3
    SLICE_X39Y32         CARRY4 (Prop_carry4_S[1]_CO[3])
                                                      0.550     1.532 r  ublaze_i/microblaze_0/U0/MicroBlaze_Core_I/Performance.Core/Data_Flow_I/ALU_I/Using_FPGA.ALL_Bits[30].ALU_Bit_I1/Not_Last_Bit.MUXCY_XOR_I/Using_FPGA.Native_I1_CARRY4/CO[3]
                         net (fo=1, routed)           0.000     1.532    ublaze_i/microblaze_0/U0/MicroBlaze_Core_I/Performance.Core/Data_Flow_I/ALU_I/Using_FPGA.ALL_Bits[26].ALU_Bit_I1/Not_Last_Bit.MUXCY_XOR_I/LO
    SLICE_X39Y33         CARRY4 (Prop_carry4_CI_CO[3])
                                                      0.114     1.646 r  ublaze_i/microblaze_0/U0/MicroBlaze_Core_I/Performance.Core/Data_Flow_I/ALU_I/Using_FPGA.ALL_Bits[26].ALU_Bit_I1/Not_Last_Bit.MUXCY_XOR_I/Using_FPGA.Native_I1_CARRY4/CO[3]
                         net (fo=1, routed)           0.000     1.646    ublaze_i/microblaze_0/U0/MicroBlaze_Core_I/Performance.Core/Data_Flow_I/ALU_I/Using_FPGA.ALL_Bits[22].ALU_Bit_I1/Not_Last_Bit.MUXCY_XOR_I/LO
    SLICE_X39Y34         CARRY4 (Prop_carry4_CI_CO[3])
                                                      0.114     1.760 r  ublaze_i/microblaze_0/U0/MicroBlaze_Core_I/Performance.Core/Data_Flow_I/ALU_I/Using_FPGA.ALL_Bits[22].ALU_Bit_I1/Not_Last_Bit.MUXCY_XOR_I/Using_FPGA.Native_I1_CARRY4/CO[3]
                         net (fo=1, routed)           0.000     1.760    ublaze_i/microblaze_0/U0/MicroBlaze_Core_I/Performance.Core/Data_Flow_I/ALU_I/Using_FPGA.ALL_Bits[18].ALU_Bit_I1/Not_Last_Bit.MUXCY_XOR_I/LO
    SLICE_X39Y35         CARRY4 (Prop_carry4_CI_O[2])
                                                      0.239     1.999 r  ublaze_i/microblaze_0/U0/MicroBlaze_Core_I/Performance.Core/Data_Flow_I/ALU_I/Using_FPGA.ALL_Bits[18].ALU_Bit_I1/Not_Last_Bit.MUXCY_XOR_I/Using_FPGA.Native_I1_CARRY4/O[2]
                         net (fo=34, routed)          1.277     3.276    ublaze_i/microblaze_0/U0/MicroBlaze_Core_I/Performance.Core/Decode_I/jump_logic_I1/MUXCY_JUMP_CARRY6/if_pc_reg[0]_0[13]
    SLICE_X48Y33         LUT3 (Prop_lut3_I0_O)        0.302     3.578 r  ublaze_i/microblaze_0/U0/MicroBlaze_Core_I/Performance.Core/Decode_I/jump_logic_I1/MUXCY_JUMP_CARRY6/Instr_Addr[16]_INST_0/O
                         net (fo=33, routed)          3.048     6.626    ublaze_i/microblaze_0_local_memory/lmb_bram/U0/inst_blk_mem_gen/gnbram.gnative_mem_map_bmg.native_mem_map_blk_mem_gen/valid.cstr/ramloop[8].ram.r/prim_noinit.ram/addrb[13]
    RAMB36_X0Y0          RAMB36E1                                     r  ublaze_i/microblaze_0_local_memory/lmb_bram/U0/inst_blk_mem_gen/gnbram.gnative_mem_map_bmg.native_mem_map_blk_mem_gen/valid.cstr/ramloop[8].ram.r/prim_noinit.ram/DEVICE_7SERIES.WITH_BMM_INFO.TRUE_DP.SIMPLE_PRIM36.TDP_SP36_NO_ECC_ATTR.ram/ADDRBWRADDR[13]
  -------------------------------------------------------------------    -------------------

                         (clock clk_out1_ublaze_clk_wiz_0_0 rise edge)
                                                     10.000    10.000 r  
    W5                                                0.000    10.000 r  sys_clock (IN)
                         net (fo=0)                   0.000    10.000    ublaze_i/clk_wiz_0/inst/clk_in1
    W5                   IBUF (Prop_ibuf_I_O)         1.388    11.388 r  ublaze_i/clk_wiz_0/inst/clkin1_ibufg/O
                         net (fo=1, routed)           1.162    12.550    ublaze_i/clk_wiz_0/inst/clk_in1_ublaze_clk_wiz_0_0
    MMCME2_ADV_X1Y0      MMCME2_ADV (Prop_mmcme2_adv_CLKIN1_CLKOUT0)
                                                     -7.217     5.332 r  ublaze_i/clk_wiz_0/inst/mmcm_adv_inst/CLKOUT0
                         net (fo=1, routed)           1.581     6.914    ublaze_i/clk_wiz_0/inst/clk_out1_ublaze_clk_wiz_0_0
    BUFGCTRL_X0Y0        BUFG (Prop_bufg_I_O)         0.091     7.005 r  ublaze_i/clk_wiz_0/inst/clkout1_buf/O
                         net (fo=1557, routed)        1.494     8.498    ublaze_i/microblaze_0_local_memory/lmb_bram/U0/inst_blk_mem_gen/gnbram.gnative_mem_map_bmg.native_mem_map_blk_mem_gen/valid.cstr/ramloop[8].ram.r/prim_noinit.ram/clkb
    RAMB36_X0Y0          RAMB36E1                                     r  ublaze_i/microblaze_0_local_memory/lmb_bram/U0/inst_blk_mem_gen/gnbram.gnative_mem_map_bmg.native_mem_map_blk_mem_gen/valid.cstr/ramloop[8].ram.r/prim_noinit.ram/DEVICE_7SERIES.WITH_BMM_INFO.TRUE_DP.SIMPLE_PRIM36.TDP_SP36_NO_ECC_ATTR.ram/CLKBWRCLK
                         clock pessimism              0.492     8.990    
                         clock uncertainty           -0.074     8.916    
    RAMB36_X0Y0          RAMB36E1 (Setup_ramb36e1_CLKBWRCLK_ADDRBWRADDR[13])
                                                     -0.566     8.350    ublaze_i/microblaze_0_local_memory/lmb_bram/U0/inst_blk_mem_gen/gnbram.gnative_mem_map_bmg.native_mem_map_blk_mem_gen/valid.cstr/ramloop[8].ram.r/prim_noinit.ram/DEVICE_7SERIES.WITH_BMM_INFO.TRUE_DP.SIMPLE_PRIM36.TDP_SP36_NO_ECC_ATTR.ram
  -------------------------------------------------------------------
                         required time                          8.350    
                         arrival time                          -6.626    
  -------------------------------------------------------------------
                         slack                                  1.724    

Slack (MET) :             1.752ns  (required time - arrival time)
  Source:                 ublaze_i/microblaze_0/U0/MicroBlaze_Core_I/Performance.Core/Data_Flow_I/Operand_Select_I/EX_Branch_CMP_Op1_reg[6]/C
                            (rising edge-triggered cell FDRE clocked by clk_out1_ublaze_clk_wiz_0_0  {rise@0.000ns fall@5.000ns period=10.000ns})
  Destination:            ublaze_i/microblaze_0_local_memory/lmb_bram/U0/inst_blk_mem_gen/gnbram.gnative_mem_map_bmg.native_mem_map_blk_mem_gen/valid.cstr/ramloop[8].ram.r/prim_noinit.ram/DEVICE_7SERIES.WITH_BMM_INFO.TRUE_DP.SIMPLE_PRIM36.TDP_SP36_NO_ECC_ATTR.ram/ENBWREN
                            (rising edge-triggered cell RAMB36E1 clocked by clk_out1_ublaze_clk_wiz_0_0  {rise@0.000ns fall@5.000ns period=10.000ns})
  Path Group:             clk_out1_ublaze_clk_wiz_0_0
  Path Type:              Setup (Max at Slow Process Corner)
  Requirement:            10.000ns  (clk_out1_ublaze_clk_wiz_0_0 rise@10.000ns - clk_out1_ublaze_clk_wiz_0_0 rise@0.000ns)
  Data Path Delay:        7.667ns  (logic 1.939ns (25.292%)  route 5.728ns (74.708%))
  Logic Levels:           7  (CARRY4=4 LUT6=3)
  Clock Path Skew:        -0.064ns (DCD - SCD + CPR)
    Destination Clock Delay (DCD):    -1.502ns = ( 8.498 - 10.000 ) 
    Source Clock Delay      (SCD):    -0.947ns
    Clock Pessimism Removal (CPR):    0.492ns
  Clock Uncertainty:      0.074ns  ((TSJ^2 + DJ^2)^1/2) / 2 + PE
    Total System Jitter     (TSJ):    0.071ns
    Discrete Jitter          (DJ):    0.131ns
    Phase Error              (PE):    0.000ns

    Location             Delay type                Incr(ns)  Path(ns)    Netlist Resource(s)
  -------------------------------------------------------------------    -------------------
                         (clock clk_out1_ublaze_clk_wiz_0_0 rise edge)
                                                      0.000     0.000 r  
    W5                                                0.000     0.000 r  sys_clock (IN)
                         net (fo=0)                   0.000     0.000    ublaze_i/clk_wiz_0/inst/clk_in1
    W5                   IBUF (Prop_ibuf_I_O)         1.458     1.458 r  ublaze_i/clk_wiz_0/inst/clkin1_ibufg/O
                         net (fo=1, routed)           1.233     2.691    ublaze_i/clk_wiz_0/inst/clk_in1_ublaze_clk_wiz_0_0
    MMCME2_ADV_X1Y0      MMCME2_ADV (Prop_mmcme2_adv_CLKIN1_CLKOUT0)
                                                     -6.961    -4.269 r  ublaze_i/clk_wiz_0/inst/mmcm_adv_inst/CLKOUT0
                         net (fo=1, routed)           1.661    -2.608    ublaze_i/clk_wiz_0/inst/clk_out1_ublaze_clk_wiz_0_0
    BUFGCTRL_X0Y0        BUFG (Prop_bufg_I_O)         0.096    -2.512 r  ublaze_i/clk_wiz_0/inst/clkout1_buf/O
                         net (fo=1557, routed)        1.565    -0.947    ublaze_i/microblaze_0/U0/MicroBlaze_Core_I/Performance.Core/Data_Flow_I/Operand_Select_I/Clk
    SLICE_X44Y40         FDRE                                         r  ublaze_i/microblaze_0/U0/MicroBlaze_Core_I/Performance.Core/Data_Flow_I/Operand_Select_I/EX_Branch_CMP_Op1_reg[6]/C
  -------------------------------------------------------------------    -------------------
    SLICE_X44Y40         FDRE (Prop_fdre_C_Q)         0.456    -0.491 f  ublaze_i/microblaze_0/U0/MicroBlaze_Core_I/Performance.Core/Data_Flow_I/Operand_Select_I/EX_Branch_CMP_Op1_reg[6]/Q
                         net (fo=1, routed)           1.558     1.068    ublaze_i/microblaze_0/U0/MicroBlaze_Core_I/Performance.Core/Data_Flow_I/Zero_Detect_I/Using_FPGA.Native_0[23]
    SLICE_X50Y31         LUT6 (Prop_lut6_I1_O)        0.124     1.192 r  ublaze_i/microblaze_0/U0/MicroBlaze_Core_I/Performance.Core/Data_Flow_I/Zero_Detect_I/S0_inferred__3/i_/O
                         net (fo=1, routed)           0.000     1.192    ublaze_i/microblaze_0/U0/MicroBlaze_Core_I/Performance.Core/Data_Flow_I/Zero_Detect_I/Part_Of_Zero_Carry_Start/lopt_5
    SLICE_X50Y31         CARRY4 (Prop_carry4_S[2]_CO[3])
                                                      0.380     1.572 r  ublaze_i/microblaze_0/U0/MicroBlaze_Core_I/Performance.Core/Data_Flow_I/Zero_Detect_I/Part_Of_Zero_Carry_Start/Using_FPGA.Native_CARRY4/CO[3]
                         net (fo=1, routed)           0.000     1.572    ublaze_i/microblaze_0/U0/MicroBlaze_Core_I/Performance.Core/Data_Flow_I/Zero_Detect_I/Zero_Detecting[3].I_Part_Of_Zero_Detect/zero_CI_3
    SLICE_X50Y32         CARRY4 (Prop_carry4_CI_CO[3])
                                                      0.117     1.689 r  ublaze_i/microblaze_0/U0/MicroBlaze_Core_I/Performance.Core/Data_Flow_I/Zero_Detect_I/Zero_Detecting[3].I_Part_Of_Zero_Detect/Using_FPGA.Native_CARRY4/CO[3]
                         net (fo=1, routed)           0.000     1.689    ublaze_i/microblaze_0/U0/MicroBlaze_Core_I/Performance.Core/Decode_I/jump_logic_I1/MUXCY_JUMP_CARRY2/jump_carry1
    SLICE_X50Y33         CARRY4 (Prop_carry4_CI_CO[3])
                                                      0.117     1.806 r  ublaze_i/microblaze_0/U0/MicroBlaze_Core_I/Performance.Core/Decode_I/jump_logic_I1/MUXCY_JUMP_CARRY2/Using_FPGA.Native_CARRY4/CO[3]
                         net (fo=1, routed)           0.000     1.806    ublaze_i/microblaze_0/U0/MicroBlaze_Core_I/Performance.Core/Decode_I/jump_logic_I1/MUXCY_JUMP_CARRY6/jump_carry5
    SLICE_X50Y34         CARRY4 (Prop_carry4_CI_CO[0])
                                                      0.254     2.060 r  ublaze_i/microblaze_0/U0/MicroBlaze_Core_I/Performance.Core/Decode_I/jump_logic_I1/MUXCY_JUMP_CARRY6/Using_FPGA.Native_CARRY4/CO[0]
                         net (fo=46, routed)          0.903     2.963    ublaze_i/microblaze_0/U0/MicroBlaze_Core_I/Performance.Core/Decode_I/PreFetch_Buffer_I1/Gen_Mux_Select_LUT6[2].Gen_Sel_DFF/ex_jump
    SLICE_X57Y32         LUT6 (Prop_lut6_I3_O)        0.367     3.330 r  ublaze_i/microblaze_0/U0/MicroBlaze_Core_I/Performance.Core/Decode_I/PreFetch_Buffer_I1/Gen_Mux_Select_LUT6[2].Gen_Sel_DFF/I_AS_INST_0/O
                         net (fo=36, routed)          2.375     5.705    ublaze_i/microblaze_0_local_memory/lmb_bram/U0/inst_blk_mem_gen/gnbram.gnative_mem_map_bmg.native_mem_map_blk_mem_gen/valid.cstr/ramloop[8].ram.r/prim_noinit.ram/pwropt_6
    SLICE_X8Y15          LUT6 (Prop_lut6_I3_O)        0.124     5.829 r  ublaze_i/microblaze_0_local_memory/lmb_bram/U0/inst_blk_mem_gen/gnbram.gnative_mem_map_bmg.native_mem_map_blk_mem_gen/valid.cstr/ramloop[8].ram.r/prim_noinit.ram/DEVICE_7SERIES.WITH_BMM_INFO.TRUE_DP.SIMPLE_PRIM36.TDP_SP36_NO_ECC_ATTR.ram_ENBWREN_cooolgate_en_gate_61_LOPT_REMAP/O
                         net (fo=1, routed)           0.891     6.720    ublaze_i/microblaze_0_local_memory/lmb_bram/U0/inst_blk_mem_gen/gnbram.gnative_mem_map_bmg.native_mem_map_blk_mem_gen/valid.cstr/ramloop[8].ram.r/prim_noinit.ram/DEVICE_7SERIES.WITH_BMM_INFO.TRUE_DP.SIMPLE_PRIM36.TDP_SP36_NO_ECC_ATTR.ram_ENBWREN_cooolgate_en_sig_31
    RAMB36_X0Y0          RAMB36E1                                     r  ublaze_i/microblaze_0_local_memory/lmb_bram/U0/inst_blk_mem_gen/gnbram.gnative_mem_map_bmg.native_mem_map_blk_mem_gen/valid.cstr/ramloop[8].ram.r/prim_noinit.ram/DEVICE_7SERIES.WITH_BMM_INFO.TRUE_DP.SIMPLE_PRIM36.TDP_SP36_NO_ECC_ATTR.ram/ENBWREN
  -------------------------------------------------------------------    -------------------

                         (clock clk_out1_ublaze_clk_wiz_0_0 rise edge)
                                                     10.000    10.000 r  
    W5                                                0.000    10.000 r  sys_clock (IN)
                         net (fo=0)                   0.000    10.000    ublaze_i/clk_wiz_0/inst/clk_in1
    W5                   IBUF (Prop_ibuf_I_O)         1.388    11.388 r  ublaze_i/clk_wiz_0/inst/clkin1_ibufg/O
                         net (fo=1, routed)           1.162    12.550    ublaze_i/clk_wiz_0/inst/clk_in1_ublaze_clk_wiz_0_0
    MMCME2_ADV_X1Y0      MMCME2_ADV (Prop_mmcme2_adv_CLKIN1_CLKOUT0)
                                                     -7.217     5.332 r  ublaze_i/clk_wiz_0/inst/mmcm_adv_inst/CLKOUT0
                         net (fo=1, routed)           1.581     6.914    ublaze_i/clk_wiz_0/inst/clk_out1_ublaze_clk_wiz_0_0
    BUFGCTRL_X0Y0        BUFG (Prop_bufg_I_O)         0.091     7.005 r  ublaze_i/clk_wiz_0/inst/clkout1_buf/O
                         net (fo=1557, routed)        1.494     8.498    ublaze_i/microblaze_0_local_memory/lmb_bram/U0/inst_blk_mem_gen/gnbram.gnative_mem_map_bmg.native_mem_map_blk_mem_gen/valid.cstr/ramloop[8].ram.r/prim_noinit.ram/clkb
    RAMB36_X0Y0          RAMB36E1                                     r  ublaze_i/microblaze_0_local_memory/lmb_bram/U0/inst_blk_mem_gen/gnbram.gnative_mem_map_bmg.native_mem_map_blk_mem_gen/valid.cstr/ramloop[8].ram.r/prim_noinit.ram/DEVICE_7SERIES.WITH_BMM_INFO.TRUE_DP.SIMPLE_PRIM36.TDP_SP36_NO_ECC_ATTR.ram/CLKBWRCLK
                         clock pessimism              0.492     8.990    
                         clock uncertainty           -0.074     8.916    
    RAMB36_X0Y0          RAMB36E1 (Setup_ramb36e1_CLKBWRCLK_ENBWREN)
                                                     -0.443     8.473    ublaze_i/microblaze_0_local_memory/lmb_bram/U0/inst_blk_mem_gen/gnbram.gnative_mem_map_bmg.native_mem_map_blk_mem_gen/valid.cstr/ramloop[8].ram.r/prim_noinit.ram/DEVICE_7SERIES.WITH_BMM_INFO.TRUE_DP.SIMPLE_PRIM36.TDP_SP36_NO_ECC_ATTR.ram
  -------------------------------------------------------------------
                         required time                          8.473    
                         arrival time                          -6.720    
  -------------------------------------------------------------------
                         slack                                  1.752    

Slack (MET) :             1.753ns  (required time - arrival time)
  Source:                 ublaze_i/microblaze_0/U0/MicroBlaze_Core_I/Performance.Core/Decode_I/mem_exception_from_ex_reg/C
                            (rising edge-triggered cell FDRE clocked by clk_out1_ublaze_clk_wiz_0_0  {rise@0.000ns fall@5.000ns period=10.000ns})
  Destination:            ublaze_i/microblaze_0_local_memory/lmb_bram/U0/inst_blk_mem_gen/gnbram.gnative_mem_map_bmg.native_mem_map_blk_mem_gen/valid.cstr/ramloop[4].ram.r/prim_noinit.ram/DEVICE_7SERIES.WITH_BMM_INFO.TRUE_DP.SIMPLE_PRIM36.TDP_SP36_NO_ECC_ATTR.ram/ENARDEN
                            (rising edge-triggered cell RAMB36E1 clocked by clk_out1_ublaze_clk_wiz_0_0  {rise@0.000ns fall@5.000ns period=10.000ns})
  Path Group:             clk_out1_ublaze_clk_wiz_0_0
  Path Type:              Setup (Max at Slow Process Corner)
  Requirement:            10.000ns  (clk_out1_ublaze_clk_wiz_0_0 rise@10.000ns - clk_out1_ublaze_clk_wiz_0_0 rise@0.000ns)
  Data Path Delay:        7.745ns  (logic 2.014ns (26.003%)  route 5.731ns (73.997%))
  Logic Levels:           4  (AND2B1L=1 LUT2=2 LUT6=1)
  Clock Path Skew:        0.015ns (DCD - SCD + CPR)
    Destination Clock Delay (DCD):    -1.501ns = ( 8.499 - 10.000 ) 
    Source Clock Delay      (SCD):    -0.953ns
    Clock Pessimism Removal (CPR):    0.564ns
  Clock Uncertainty:      0.074ns  ((TSJ^2 + DJ^2)^1/2) / 2 + PE
    Total System Jitter     (TSJ):    0.071ns
    Discrete Jitter          (DJ):    0.131ns
    Phase Error              (PE):    0.000ns

    Location             Delay type                Incr(ns)  Path(ns)    Netlist Resource(s)
  -------------------------------------------------------------------    -------------------
                         (clock clk_out1_ublaze_clk_wiz_0_0 rise edge)
                                                      0.000     0.000 r  
    W5                                                0.000     0.000 r  sys_clock (IN)
                         net (fo=0)                   0.000     0.000    ublaze_i/clk_wiz_0/inst/clk_in1
    W5                   IBUF (Prop_ibuf_I_O)         1.458     1.458 r  ublaze_i/clk_wiz_0/inst/clkin1_ibufg/O
                         net (fo=1, routed)           1.233     2.691    ublaze_i/clk_wiz_0/inst/clk_in1_ublaze_clk_wiz_0_0
    MMCME2_ADV_X1Y0      MMCME2_ADV (Prop_mmcme2_adv_CLKIN1_CLKOUT0)
                                                     -6.961    -4.269 r  ublaze_i/clk_wiz_0/inst/mmcm_adv_inst/CLKOUT0
                         net (fo=1, routed)           1.661    -2.608    ublaze_i/clk_wiz_0/inst/clk_out1_ublaze_clk_wiz_0_0
    BUFGCTRL_X0Y0        BUFG (Prop_bufg_I_O)         0.096    -2.512 r  ublaze_i/clk_wiz_0/inst/clkout1_buf/O
                         net (fo=1557, routed)        1.559    -0.953    ublaze_i/microblaze_0/U0/MicroBlaze_Core_I/Performance.Core/Decode_I/Clk
    SLICE_X56Y30         FDRE                                         r  ublaze_i/microblaze_0/U0/MicroBlaze_Core_I/Performance.Core/Decode_I/mem_exception_from_ex_reg/C
  -------------------------------------------------------------------    -------------------
    SLICE_X56Y30         FDRE (Prop_fdre_C_Q)         0.518    -0.435 f  ublaze_i/microblaze_0/U0/MicroBlaze_Core_I/Performance.Core/Decode_I/mem_exception_from_ex_reg/Q
                         net (fo=8, routed)           1.033     0.598    ublaze_i/microblaze_0/U0/MicroBlaze_Core_I/Performance.Core/Decode_I/mem_exception_from_ex
    SLICE_X56Y30         LUT2 (Prop_lut2_I0_O)        0.146     0.744 f  ublaze_i/microblaze_0/U0/MicroBlaze_Core_I/Performance.Core/Decode_I/wb_exception_i_i_1/O
                         net (fo=5, routed)           0.596     1.340    ublaze_i/microblaze_0/U0/MicroBlaze_Core_I/Performance.Core/Decode_I/Using_FPGA_2.ex_is_swx_instr_Inst/D_AS
    SLICE_X55Y31         LUT6 (Prop_lut6_I3_O)        0.328     1.668 f  ublaze_i/microblaze_0/U0/MicroBlaze_Core_I/Performance.Core/Decode_I/Using_FPGA_2.ex_is_swx_instr_Inst/Using_FPGA.Native_i_1__4/O
                         net (fo=1, routed)           0.624     2.292    ublaze_i/microblaze_0/U0/MicroBlaze_Core_I/Performance.Core/Use_DLMB.Using_Latch_AS_Logic.AND2B1L_I1/SRI
    SLICE_X54Y35         AND2B1L (Prop_and2b1l_SRI_O)
                                                      0.898     3.190 r  ublaze_i/microblaze_0/U0/MicroBlaze_Core_I/Performance.Core/Use_DLMB.Using_Latch_AS_Logic.AND2B1L_I1/Using_FPGA.Native/O
                         net (fo=5, routed)           1.388     4.578    ublaze_i/microblaze_0_local_memory/lmb_bram/U0/inst_blk_mem_gen/gnbram.gnative_mem_map_bmg.native_mem_map_blk_mem_gen/valid.cstr/ramloop[31].ram.r/prim_noinit.ram/ena
    SLICE_X33Y40         LUT2 (Prop_lut2_I1_O)        0.124     4.702 r  ublaze_i/microblaze_0_local_memory/lmb_bram/U0/inst_blk_mem_gen/gnbram.gnative_mem_map_bmg.native_mem_map_blk_mem_gen/valid.cstr/ramloop[31].ram.r/prim_noinit.ram/DEVICE_7SERIES.WITH_BMM_INFO.TRUE_DP.SIMPLE_PRIM36.TDP_SP36_NO_ECC_ATTR.ram_i_1/O
                         net (fo=10, routed)          2.091     6.793    ublaze_i/microblaze_0_local_memory/lmb_bram/U0/inst_blk_mem_gen/gnbram.gnative_mem_map_bmg.native_mem_map_blk_mem_gen/valid.cstr/ramloop[4].ram.r/prim_noinit.ram/DEVICE_7SERIES.WITH_BMM_INFO.TRUE_DP.SIMPLE_PRIM36.TDP_SP36_NO_ECC_ATTR.ram_0
    RAMB36_X2Y1          RAMB36E1                                     r  ublaze_i/microblaze_0_local_memory/lmb_bram/U0/inst_blk_mem_gen/gnbram.gnative_mem_map_bmg.native_mem_map_blk_mem_gen/valid.cstr/ramloop[4].ram.r/prim_noinit.ram/DEVICE_7SERIES.WITH_BMM_INFO.TRUE_DP.SIMPLE_PRIM36.TDP_SP36_NO_ECC_ATTR.ram/ENARDEN
  -------------------------------------------------------------------    -------------------

                         (clock clk_out1_ublaze_clk_wiz_0_0 rise edge)
                                                     10.000    10.000 r  
    W5                                                0.000    10.000 r  sys_clock (IN)
                         net (fo=0)                   0.000    10.000    ublaze_i/clk_wiz_0/inst/clk_in1
    W5                   IBUF (Prop_ibuf_I_O)         1.388    11.388 r  ublaze_i/clk_wiz_0/inst/clkin1_ibufg/O
                         net (fo=1, routed)           1.162    12.550    ublaze_i/clk_wiz_0/inst/clk_in1_ublaze_clk_wiz_0_0
    MMCME2_ADV_X1Y0      MMCME2_ADV (Prop_mmcme2_adv_CLKIN1_CLKOUT0)
                                                     -7.217     5.332 r  ublaze_i/clk_wiz_0/inst/mmcm_adv_inst/CLKOUT0
                         net (fo=1, routed)           1.581     6.914    ublaze_i/clk_wiz_0/inst/clk_out1_ublaze_clk_wiz_0_0
    BUFGCTRL_X0Y0        BUFG (Prop_bufg_I_O)         0.091     7.005 r  ublaze_i/clk_wiz_0/inst/clkout1_buf/O
                         net (fo=1557, routed)        1.495     8.499    ublaze_i/microblaze_0_local_memory/lmb_bram/U0/inst_blk_mem_gen/gnbram.gnative_mem_map_bmg.native_mem_map_blk_mem_gen/valid.cstr/ramloop[4].ram.r/prim_noinit.ram/clka
    RAMB36_X2Y1          RAMB36E1                                     r  ublaze_i/microblaze_0_local_memory/lmb_bram/U0/inst_blk_mem_gen/gnbram.gnative_mem_map_bmg.native_mem_map_blk_mem_gen/valid.cstr/ramloop[4].ram.r/prim_noinit.ram/DEVICE_7SERIES.WITH_BMM_INFO.TRUE_DP.SIMPLE_PRIM36.TDP_SP36_NO_ECC_ATTR.ram/CLKARDCLK
                         clock pessimism              0.564     9.063    
                         clock uncertainty           -0.074     8.989    
    RAMB36_X2Y1          RAMB36E1 (Setup_ramb36e1_CLKARDCLK_ENARDEN)
                                                     -0.443     8.546    ublaze_i/microblaze_0_local_memory/lmb_bram/U0/inst_blk_mem_gen/gnbram.gnative_mem_map_bmg.native_mem_map_blk_mem_gen/valid.cstr/ramloop[4].ram.r/prim_noinit.ram/DEVICE_7SERIES.WITH_BMM_INFO.TRUE_DP.SIMPLE_PRIM36.TDP_SP36_NO_ECC_ATTR.ram
  -------------------------------------------------------------------
                         required time                          8.546    
                         arrival time                          -6.793    
  -------------------------------------------------------------------
                         slack                                  1.753    

Slack (MET) :             1.783ns  (required time - arrival time)
  Source:                 ublaze_i/microblaze_0/U0/MicroBlaze_Core_I/Performance.Core/Data_Flow_I/Operand_Select_I/EX_Branch_CMP_Op1_reg[6]/C
                            (rising edge-triggered cell FDRE clocked by clk_out1_ublaze_clk_wiz_0_0  {rise@0.000ns fall@5.000ns period=10.000ns})
  Destination:            ublaze_i/microblaze_0_local_memory/lmb_bram/U0/inst_blk_mem_gen/gnbram.gnative_mem_map_bmg.native_mem_map_blk_mem_gen/valid.cstr/ramloop[13].ram.r/prim_noinit.ram/DEVICE_7SERIES.WITH_BMM_INFO.TRUE_DP.SIMPLE_PRIM36.TDP_SP36_NO_ECC_ATTR.ram/ADDRBWRADDR[2]
                            (rising edge-triggered cell RAMB36E1 clocked by clk_out1_ublaze_clk_wiz_0_0  {rise@0.000ns fall@5.000ns period=10.000ns})
  Path Group:             clk_out1_ublaze_clk_wiz_0_0
  Path Type:              Setup (Max at Slow Process Corner)
  Requirement:            10.000ns  (clk_out1_ublaze_clk_wiz_0_0 rise@10.000ns - clk_out1_ublaze_clk_wiz_0_0 rise@0.000ns)
  Data Path Delay:        7.269ns  (logic 1.841ns (25.327%)  route 5.428ns (74.673%))
  Logic Levels:           6  (CARRY4=4 LUT3=1 LUT6=1)
  Clock Path Skew:        -0.083ns (DCD - SCD + CPR)
    Destination Clock Delay (DCD):    -1.513ns = ( 8.487 - 10.000 ) 
    Source Clock Delay      (SCD):    -0.947ns
    Clock Pessimism Removal (CPR):    0.484ns
  Clock Uncertainty:      0.074ns  ((TSJ^2 + DJ^2)^1/2) / 2 + PE
    Total System Jitter     (TSJ):    0.071ns
    Discrete Jitter          (DJ):    0.131ns
    Phase Error              (PE):    0.000ns

    Location             Delay type                Incr(ns)  Path(ns)    Netlist Resource(s)
  -------------------------------------------------------------------    -------------------
                         (clock clk_out1_ublaze_clk_wiz_0_0 rise edge)
                                                      0.000     0.000 r  
    W5                                                0.000     0.000 r  sys_clock (IN)
                         net (fo=0)                   0.000     0.000    ublaze_i/clk_wiz_0/inst/clk_in1
    W5                   IBUF (Prop_ibuf_I_O)         1.458     1.458 r  ublaze_i/clk_wiz_0/inst/clkin1_ibufg/O
                         net (fo=1, routed)           1.233     2.691    ublaze_i/clk_wiz_0/inst/clk_in1_ublaze_clk_wiz_0_0
    MMCME2_ADV_X1Y0      MMCME2_ADV (Prop_mmcme2_adv_CLKIN1_CLKOUT0)
                                                     -6.961    -4.269 r  ublaze_i/clk_wiz_0/inst/mmcm_adv_inst/CLKOUT0
                         net (fo=1, routed)           1.661    -2.608    ublaze_i/clk_wiz_0/inst/clk_out1_ublaze_clk_wiz_0_0
    BUFGCTRL_X0Y0        BUFG (Prop_bufg_I_O)         0.096    -2.512 r  ublaze_i/clk_wiz_0/inst/clkout1_buf/O
                         net (fo=1557, routed)        1.565    -0.947    ublaze_i/microblaze_0/U0/MicroBlaze_Core_I/Performance.Core/Data_Flow_I/Operand_Select_I/Clk
    SLICE_X44Y40         FDRE                                         r  ublaze_i/microblaze_0/U0/MicroBlaze_Core_I/Performance.Core/Data_Flow_I/Operand_Select_I/EX_Branch_CMP_Op1_reg[6]/C
  -------------------------------------------------------------------    -------------------
    SLICE_X44Y40         FDRE (Prop_fdre_C_Q)         0.456    -0.491 f  ublaze_i/microblaze_0/U0/MicroBlaze_Core_I/Performance.Core/Data_Flow_I/Operand_Select_I/EX_Branch_CMP_Op1_reg[6]/Q
                         net (fo=1, routed)           1.558     1.068    ublaze_i/microblaze_0/U0/MicroBlaze_Core_I/Performance.Core/Data_Flow_I/Zero_Detect_I/Using_FPGA.Native_0[23]
    SLICE_X50Y31         LUT6 (Prop_lut6_I1_O)        0.124     1.192 r  ublaze_i/microblaze_0/U0/MicroBlaze_Core_I/Performance.Core/Data_Flow_I/Zero_Detect_I/S0_inferred__3/i_/O
                         net (fo=1, routed)           0.000     1.192    ublaze_i/microblaze_0/U0/MicroBlaze_Core_I/Performance.Core/Data_Flow_I/Zero_Detect_I/Part_Of_Zero_Carry_Start/lopt_5
    SLICE_X50Y31         CARRY4 (Prop_carry4_S[2]_CO[3])
                                                      0.380     1.572 r  ublaze_i/microblaze_0/U0/MicroBlaze_Core_I/Performance.Core/Data_Flow_I/Zero_Detect_I/Part_Of_Zero_Carry_Start/Using_FPGA.Native_CARRY4/CO[3]
                         net (fo=1, routed)           0.000     1.572    ublaze_i/microblaze_0/U0/MicroBlaze_Core_I/Performance.Core/Data_Flow_I/Zero_Detect_I/Zero_Detecting[3].I_Part_Of_Zero_Detect/zero_CI_3
    SLICE_X50Y32         CARRY4 (Prop_carry4_CI_CO[3])
                                                      0.117     1.689 r  ublaze_i/microblaze_0/U0/MicroBlaze_Core_I/Performance.Core/Data_Flow_I/Zero_Detect_I/Zero_Detecting[3].I_Part_Of_Zero_Detect/Using_FPGA.Native_CARRY4/CO[3]
                         net (fo=1, routed)           0.000     1.689    ublaze_i/microblaze_0/U0/MicroBlaze_Core_I/Performance.Core/Decode_I/jump_logic_I1/MUXCY_JUMP_CARRY2/jump_carry1
    SLICE_X50Y33         CARRY4 (Prop_carry4_CI_CO[3])
                                                      0.117     1.806 r  ublaze_i/microblaze_0/U0/MicroBlaze_Core_I/Performance.Core/Decode_I/jump_logic_I1/MUXCY_JUMP_CARRY2/Using_FPGA.Native_CARRY4/CO[3]
                         net (fo=1, routed)           0.000     1.806    ublaze_i/microblaze_0/U0/MicroBlaze_Core_I/Performance.Core/Decode_I/jump_logic_I1/MUXCY_JUMP_CARRY6/jump_carry5
    SLICE_X50Y34         CARRY4 (Prop_carry4_CI_CO[0])
                                                      0.254     2.060 r  ublaze_i/microblaze_0/U0/MicroBlaze_Core_I/Performance.Core/Decode_I/jump_logic_I1/MUXCY_JUMP_CARRY6/Using_FPGA.Native_CARRY4/CO[0]
                         net (fo=46, routed)          1.034     3.093    ublaze_i/microblaze_0/U0/MicroBlaze_Core_I/Performance.Core/Decode_I/jump_logic_I1/MUXCY_JUMP_CARRY6/ex_jump_hold_reg
    SLICE_X46Y30         LUT3 (Prop_lut3_I1_O)        0.393     3.486 r  ublaze_i/microblaze_0/U0/MicroBlaze_Core_I/Performance.Core/Decode_I/jump_logic_I1/MUXCY_JUMP_CARRY6/Instr_Addr[27]_INST_0/O
                         net (fo=33, routed)          2.836     6.322    ublaze_i/microblaze_0_local_memory/lmb_bram/U0/inst_blk_mem_gen/gnbram.gnative_mem_map_bmg.native_mem_map_blk_mem_gen/valid.cstr/ramloop[13].ram.r/prim_noinit.ram/addrb[2]
    RAMB36_X0Y11         RAMB36E1                                     r  ublaze_i/microblaze_0_local_memory/lmb_bram/U0/inst_blk_mem_gen/gnbram.gnative_mem_map_bmg.native_mem_map_blk_mem_gen/valid.cstr/ramloop[13].ram.r/prim_noinit.ram/DEVICE_7SERIES.WITH_BMM_INFO.TRUE_DP.SIMPLE_PRIM36.TDP_SP36_NO_ECC_ATTR.ram/ADDRBWRADDR[2]
  -------------------------------------------------------------------    -------------------

                         (clock clk_out1_ublaze_clk_wiz_0_0 rise edge)
                                                     10.000    10.000 r  
    W5                                                0.000    10.000 r  sys_clock (IN)
                         net (fo=0)                   0.000    10.000    ublaze_i/clk_wiz_0/inst/clk_in1
    W5                   IBUF (Prop_ibuf_I_O)         1.388    11.388 r  ublaze_i/clk_wiz_0/inst/clkin1_ibufg/O
                         net (fo=1, routed)           1.162    12.550    ublaze_i/clk_wiz_0/inst/clk_in1_ublaze_clk_wiz_0_0
    MMCME2_ADV_X1Y0      MMCME2_ADV (Prop_mmcme2_adv_CLKIN1_CLKOUT0)
                                                     -7.217     5.332 r  ublaze_i/clk_wiz_0/inst/mmcm_adv_inst/CLKOUT0
                         net (fo=1, routed)           1.581     6.914    ublaze_i/clk_wiz_0/inst/clk_out1_ublaze_clk_wiz_0_0
    BUFGCTRL_X0Y0        BUFG (Prop_bufg_I_O)         0.091     7.005 r  ublaze_i/clk_wiz_0/inst/clkout1_buf/O
                         net (fo=1557, routed)        1.482     8.487    ublaze_i/microblaze_0_local_memory/lmb_bram/U0/inst_blk_mem_gen/gnbram.gnative_mem_map_bmg.native_mem_map_blk_mem_gen/valid.cstr/ramloop[13].ram.r/prim_noinit.ram/clkb
    RAMB36_X0Y11         RAMB36E1                                     r  ublaze_i/microblaze_0_local_memory/lmb_bram/U0/inst_blk_mem_gen/gnbram.gnative_mem_map_bmg.native_mem_map_blk_mem_gen/valid.cstr/ramloop[13].ram.r/prim_noinit.ram/DEVICE_7SERIES.WITH_BMM_INFO.TRUE_DP.SIMPLE_PRIM36.TDP_SP36_NO_ECC_ATTR.ram/CLKBWRCLK
                         clock pessimism              0.484     8.970    
                         clock uncertainty           -0.074     8.896    
    RAMB36_X0Y11         RAMB36E1 (Setup_ramb36e1_CLKBWRCLK_ADDRBWRADDR[2])
                                                     -0.790     8.106    ublaze_i/microblaze_0_local_memory/lmb_bram/U0/inst_blk_mem_gen/gnbram.gnative_mem_map_bmg.native_mem_map_blk_mem_gen/valid.cstr/ramloop[13].ram.r/prim_noinit.ram/DEVICE_7SERIES.WITH_BMM_INFO.TRUE_DP.SIMPLE_PRIM36.TDP_SP36_NO_ECC_ATTR.ram
  -------------------------------------------------------------------
                         required time                          8.106    
                         arrival time                          -6.322    
  -------------------------------------------------------------------
                         slack                                  1.783    

Slack (MET) :             1.802ns  (required time - arrival time)
  Source:                 ublaze_i/microblaze_0/U0/MicroBlaze_Core_I/Performance.Core/Data_Flow_I/Operand_Select_I/EX_Branch_CMP_Op1_reg[6]/C
                            (rising edge-triggered cell FDRE clocked by clk_out1_ublaze_clk_wiz_0_0  {rise@0.000ns fall@5.000ns period=10.000ns})
  Destination:            ublaze_i/microblaze_0_local_memory/lmb_bram/U0/inst_blk_mem_gen/gnbram.gnative_mem_map_bmg.native_mem_map_blk_mem_gen/valid.cstr/ramloop[30].ram.r/prim_noinit.ram/DEVICE_7SERIES.WITH_BMM_INFO.TRUE_DP.SIMPLE_PRIM36.TDP_SP36_NO_ECC_ATTR.ram/ADDRBWRADDR[2]
                            (rising edge-triggered cell RAMB36E1 clocked by clk_out1_ublaze_clk_wiz_0_0  {rise@0.000ns fall@5.000ns period=10.000ns})
  Path Group:             clk_out1_ublaze_clk_wiz_0_0
  Path Type:              Setup (Max at Slow Process Corner)
  Requirement:            10.000ns  (clk_out1_ublaze_clk_wiz_0_0 rise@10.000ns - clk_out1_ublaze_clk_wiz_0_0 rise@0.000ns)
  Data Path Delay:        7.269ns  (logic 1.841ns (25.327%)  route 5.428ns (74.673%))
  Logic Levels:           6  (CARRY4=4 LUT3=1 LUT6=1)
  Clock Path Skew:        -0.065ns (DCD - SCD + CPR)
    Destination Clock Delay (DCD):    -1.503ns = ( 8.497 - 10.000 ) 
    Source Clock Delay      (SCD):    -0.947ns
    Clock Pessimism Removal (CPR):    0.492ns
  Clock Uncertainty:      0.074ns  ((TSJ^2 + DJ^2)^1/2) / 2 + PE
    Total System Jitter     (TSJ):    0.071ns
    Discrete Jitter          (DJ):    0.131ns
    Phase Error              (PE):    0.000ns

    Location             Delay type                Incr(ns)  Path(ns)    Netlist Resource(s)
  -------------------------------------------------------------------    -------------------
                         (clock clk_out1_ublaze_clk_wiz_0_0 rise edge)
                                                      0.000     0.000 r  
    W5                                                0.000     0.000 r  sys_clock (IN)
                         net (fo=0)                   0.000     0.000    ublaze_i/clk_wiz_0/inst/clk_in1
    W5                   IBUF (Prop_ibuf_I_O)         1.458     1.458 r  ublaze_i/clk_wiz_0/inst/clkin1_ibufg/O
                         net (fo=1, routed)           1.233     2.691    ublaze_i/clk_wiz_0/inst/clk_in1_ublaze_clk_wiz_0_0
    MMCME2_ADV_X1Y0      MMCME2_ADV (Prop_mmcme2_adv_CLKIN1_CLKOUT0)
                                                     -6.961    -4.269 r  ublaze_i/clk_wiz_0/inst/mmcm_adv_inst/CLKOUT0
                         net (fo=1, routed)           1.661    -2.608    ublaze_i/clk_wiz_0/inst/clk_out1_ublaze_clk_wiz_0_0
    BUFGCTRL_X0Y0        BUFG (Prop_bufg_I_O)         0.096    -2.512 r  ublaze_i/clk_wiz_0/inst/clkout1_buf/O
                         net (fo=1557, routed)        1.565    -0.947    ublaze_i/microblaze_0/U0/MicroBlaze_Core_I/Performance.Core/Data_Flow_I/Operand_Select_I/Clk
    SLICE_X44Y40         FDRE                                         r  ublaze_i/microblaze_0/U0/MicroBlaze_Core_I/Performance.Core/Data_Flow_I/Operand_Select_I/EX_Branch_CMP_Op1_reg[6]/C
  -------------------------------------------------------------------    -------------------
    SLICE_X44Y40         FDRE (Prop_fdre_C_Q)         0.456    -0.491 f  ublaze_i/microblaze_0/U0/MicroBlaze_Core_I/Performance.Core/Data_Flow_I/Operand_Select_I/EX_Branch_CMP_Op1_reg[6]/Q
                         net (fo=1, routed)           1.558     1.068    ublaze_i/microblaze_0/U0/MicroBlaze_Core_I/Performance.Core/Data_Flow_I/Zero_Detect_I/Using_FPGA.Native_0[23]
    SLICE_X50Y31         LUT6 (Prop_lut6_I1_O)        0.124     1.192 r  ublaze_i/microblaze_0/U0/MicroBlaze_Core_I/Performance.Core/Data_Flow_I/Zero_Detect_I/S0_inferred__3/i_/O
                         net (fo=1, routed)           0.000     1.192    ublaze_i/microblaze_0/U0/MicroBlaze_Core_I/Performance.Core/Data_Flow_I/Zero_Detect_I/Part_Of_Zero_Carry_Start/lopt_5
    SLICE_X50Y31         CARRY4 (Prop_carry4_S[2]_CO[3])
                                                      0.380     1.572 r  ublaze_i/microblaze_0/U0/MicroBlaze_Core_I/Performance.Core/Data_Flow_I/Zero_Detect_I/Part_Of_Zero_Carry_Start/Using_FPGA.Native_CARRY4/CO[3]
                         net (fo=1, routed)           0.000     1.572    ublaze_i/microblaze_0/U0/MicroBlaze_Core_I/Performance.Core/Data_Flow_I/Zero_Detect_I/Zero_Detecting[3].I_Part_Of_Zero_Detect/zero_CI_3
    SLICE_X50Y32         CARRY4 (Prop_carry4_CI_CO[3])
                                                      0.117     1.689 r  ublaze_i/microblaze_0/U0/MicroBlaze_Core_I/Performance.Core/Data_Flow_I/Zero_Detect_I/Zero_Detecting[3].I_Part_Of_Zero_Detect/Using_FPGA.Native_CARRY4/CO[3]
                         net (fo=1, routed)           0.000     1.689    ublaze_i/microblaze_0/U0/MicroBlaze_Core_I/Performance.Core/Decode_I/jump_logic_I1/MUXCY_JUMP_CARRY2/jump_carry1
    SLICE_X50Y33         CARRY4 (Prop_carry4_CI_CO[3])
                                                      0.117     1.806 r  ublaze_i/microblaze_0/U0/MicroBlaze_Core_I/Performance.Core/Decode_I/jump_logic_I1/MUXCY_JUMP_CARRY2/Using_FPGA.Native_CARRY4/CO[3]
                         net (fo=1, routed)           0.000     1.806    ublaze_i/microblaze_0/U0/MicroBlaze_Core_I/Performance.Core/Decode_I/jump_logic_I1/MUXCY_JUMP_CARRY6/jump_carry5
    SLICE_X50Y34         CARRY4 (Prop_carry4_CI_CO[0])
                                                      0.254     2.060 r  ublaze_i/microblaze_0/U0/MicroBlaze_Core_I/Performance.Core/Decode_I/jump_logic_I1/MUXCY_JUMP_CARRY6/Using_FPGA.Native_CARRY4/CO[0]
                         net (fo=46, routed)          1.034     3.093    ublaze_i/microblaze_0/U0/MicroBlaze_Core_I/Performance.Core/Decode_I/jump_logic_I1/MUXCY_JUMP_CARRY6/ex_jump_hold_reg
    SLICE_X46Y30         LUT3 (Prop_lut3_I1_O)        0.393     3.486 r  ublaze_i/microblaze_0/U0/MicroBlaze_Core_I/Performance.Core/Decode_I/jump_logic_I1/MUXCY_JUMP_CARRY6/Instr_Addr[27]_INST_0/O
                         net (fo=33, routed)          2.836     6.322    ublaze_i/microblaze_0_local_memory/lmb_bram/U0/inst_blk_mem_gen/gnbram.gnative_mem_map_bmg.native_mem_map_blk_mem_gen/valid.cstr/ramloop[30].ram.r/prim_noinit.ram/addrb[2]
    RAMB36_X0Y9          RAMB36E1                                     r  ublaze_i/microblaze_0_local_memory/lmb_bram/U0/inst_blk_mem_gen/gnbram.gnative_mem_map_bmg.native_mem_map_blk_mem_gen/valid.cstr/ramloop[30].ram.r/prim_noinit.ram/DEVICE_7SERIES.WITH_BMM_INFO.TRUE_DP.SIMPLE_PRIM36.TDP_SP36_NO_ECC_ATTR.ram/ADDRBWRADDR[2]
  -------------------------------------------------------------------    -------------------

                         (clock clk_out1_ublaze_clk_wiz_0_0 rise edge)
                                                     10.000    10.000 r  
    W5                                                0.000    10.000 r  sys_clock (IN)
                         net (fo=0)                   0.000    10.000    ublaze_i/clk_wiz_0/inst/clk_in1
    W5                   IBUF (Prop_ibuf_I_O)         1.388    11.388 r  ublaze_i/clk_wiz_0/inst/clkin1_ibufg/O
                         net (fo=1, routed)           1.162    12.550    ublaze_i/clk_wiz_0/inst/clk_in1_ublaze_clk_wiz_0_0
    MMCME2_ADV_X1Y0      MMCME2_ADV (Prop_mmcme2_adv_CLKIN1_CLKOUT0)
                                                     -7.217     5.332 r  ublaze_i/clk_wiz_0/inst/mmcm_adv_inst/CLKOUT0
                         net (fo=1, routed)           1.581     6.914    ublaze_i/clk_wiz_0/inst/clk_out1_ublaze_clk_wiz_0_0
    BUFGCTRL_X0Y0        BUFG (Prop_bufg_I_O)         0.091     7.005 r  ublaze_i/clk_wiz_0/inst/clkout1_buf/O
                         net (fo=1557, routed)        1.493     8.497    ublaze_i/microblaze_0_local_memory/lmb_bram/U0/inst_blk_mem_gen/gnbram.gnative_mem_map_bmg.native_mem_map_blk_mem_gen/valid.cstr/ramloop[30].ram.r/prim_noinit.ram/clkb
    RAMB36_X0Y9          RAMB36E1                                     r  ublaze_i/microblaze_0_local_memory/lmb_bram/U0/inst_blk_mem_gen/gnbram.gnative_mem_map_bmg.native_mem_map_blk_mem_gen/valid.cstr/ramloop[30].ram.r/prim_noinit.ram/DEVICE_7SERIES.WITH_BMM_INFO.TRUE_DP.SIMPLE_PRIM36.TDP_SP36_NO_ECC_ATTR.ram/CLKBWRCLK
                         clock pessimism              0.492     8.989    
                         clock uncertainty           -0.074     8.915    
    RAMB36_X0Y9          RAMB36E1 (Setup_ramb36e1_CLKBWRCLK_ADDRBWRADDR[2])
                                                     -0.790     8.125    ublaze_i/microblaze_0_local_memory/lmb_bram/U0/inst_blk_mem_gen/gnbram.gnative_mem_map_bmg.native_mem_map_blk_mem_gen/valid.cstr/ramloop[30].ram.r/prim_noinit.ram/DEVICE_7SERIES.WITH_BMM_INFO.TRUE_DP.SIMPLE_PRIM36.TDP_SP36_NO_ECC_ATTR.ram
  -------------------------------------------------------------------
                         required time                          8.125    
                         arrival time                          -6.322    
  -------------------------------------------------------------------
                         slack                                  1.802    





Min Delay Paths
--------------------------------------------------------------------------------------
Slack (MET) :             0.035ns  (arrival time - required time)
  Source:                 ublaze_i/rst_clk_wiz_0_100M/U0/SEQ/Core_reg/C
                            (rising edge-triggered cell FDSE clocked by clk_out1_ublaze_clk_wiz_0_0  {rise@0.000ns fall@5.000ns period=10.000ns})
  Destination:            ublaze_i/rst_clk_wiz_0_100M/U0/FDRE_inst/D
                            (rising edge-triggered cell FDRE clocked by clk_out1_ublaze_clk_wiz_0_0  {rise@0.000ns fall@5.000ns period=10.000ns})
  Path Group:             clk_out1_ublaze_clk_wiz_0_0
  Path Type:              Hold (Min at Fast Process Corner)
  Requirement:            0.000ns  (clk_out1_ublaze_clk_wiz_0_0 rise@0.000ns - clk_out1_ublaze_clk_wiz_0_0 rise@0.000ns)
  Data Path Delay:        0.369ns  (logic 0.141ns (38.183%)  route 0.228ns (61.817%))
  Logic Levels:           0  
  Clock Path Skew:        0.264ns (DCD - SCD - CPR)
    Destination Clock Delay (DCD):    -0.858ns
    Source Clock Delay      (SCD):    -0.618ns
    Clock Pessimism Removal (CPR):    -0.503ns

    Location             Delay type                Incr(ns)  Path(ns)    Netlist Resource(s)
  -------------------------------------------------------------------    -------------------
                         (clock clk_out1_ublaze_clk_wiz_0_0 rise edge)
                                                      0.000     0.000 r  
    W5                                                0.000     0.000 r  sys_clock (IN)
                         net (fo=0)                   0.000     0.000    ublaze_i/clk_wiz_0/inst/clk_in1
    W5                   IBUF (Prop_ibuf_I_O)         0.226     0.226 r  ublaze_i/clk_wiz_0/inst/clkin1_ibufg/O
                         net (fo=1, routed)           0.440     0.667    ublaze_i/clk_wiz_0/inst/clk_in1_ublaze_clk_wiz_0_0
    MMCME2_ADV_X1Y0      MMCME2_ADV (Prop_mmcme2_adv_CLKIN1_CLKOUT0)
                                                     -2.360    -1.693 r  ublaze_i/clk_wiz_0/inst/mmcm_adv_inst/CLKOUT0
                         net (fo=1, routed)           0.486    -1.207    ublaze_i/clk_wiz_0/inst/clk_out1_ublaze_clk_wiz_0_0
    BUFGCTRL_X0Y0        BUFG (Prop_bufg_I_O)         0.026    -1.181 r  ublaze_i/clk_wiz_0/inst/clkout1_buf/O
                         net (fo=1557, routed)        0.563    -0.618    ublaze_i/rst_clk_wiz_0_100M/U0/SEQ/slowest_sync_clk
    SLICE_X31Y44         FDSE                                         r  ublaze_i/rst_clk_wiz_0_100M/U0/SEQ/Core_reg/C
  -------------------------------------------------------------------    -------------------
    SLICE_X31Y44         FDSE (Prop_fdse_C_Q)         0.141    -0.477 r  ublaze_i/rst_clk_wiz_0_100M/U0/SEQ/Core_reg/Q
                         net (fo=3, routed)           0.228    -0.249    ublaze_i/rst_clk_wiz_0_100M/U0/MB_out
    SLICE_X37Y44         FDRE                                         r  ublaze_i/rst_clk_wiz_0_100M/U0/FDRE_inst/D
  -------------------------------------------------------------------    -------------------

                         (clock clk_out1_ublaze_clk_wiz_0_0 rise edge)
                                                      0.000     0.000 r  
    W5                                                0.000     0.000 r  sys_clock (IN)
                         net (fo=0)                   0.000     0.000    ublaze_i/clk_wiz_0/inst/clk_in1
    W5                   IBUF (Prop_ibuf_I_O)         0.414     0.414 r  ublaze_i/clk_wiz_0/inst/clkin1_ibufg/O
                         net (fo=1, routed)           0.480     0.894    ublaze_i/clk_wiz_0/inst/clk_in1_ublaze_clk_wiz_0_0
    MMCME2_ADV_X1Y0      MMCME2_ADV (Prop_mmcme2_adv_CLKIN1_CLKOUT0)
                                                     -3.142    -2.248 r  ublaze_i/clk_wiz_0/inst/mmcm_adv_inst/CLKOUT0
                         net (fo=1, routed)           0.530    -1.718    ublaze_i/clk_wiz_0/inst/clk_out1_ublaze_clk_wiz_0_0
    BUFGCTRL_X0Y0        BUFG (Prop_bufg_I_O)         0.029    -1.689 r  ublaze_i/clk_wiz_0/inst/clkout1_buf/O
                         net (fo=1557, routed)        0.832    -0.858    ublaze_i/rst_clk_wiz_0_100M/U0/slowest_sync_clk
    SLICE_X37Y44         FDRE                                         r  ublaze_i/rst_clk_wiz_0_100M/U0/FDRE_inst/C
                         clock pessimism              0.503    -0.354    
    SLICE_X37Y44         FDRE (Hold_fdre_C_D)         0.070    -0.284    ublaze_i/rst_clk_wiz_0_100M/U0/FDRE_inst
  -------------------------------------------------------------------
                         required time                          0.284    
                         arrival time                          -0.249    
  -------------------------------------------------------------------
                         slack                                  0.035    

Slack (MET) :             0.042ns  (arrival time - required time)
  Source:                 ublaze_i/microblaze_0/U0/MicroBlaze_Core_I/Performance.Core/Decode_I/MEM_DataBus_Addr_reg[23]/C
                            (rising edge-triggered cell FDRE clocked by clk_out1_ublaze_clk_wiz_0_0  {rise@0.000ns fall@5.000ns period=10.000ns})
  Destination:            ublaze_i/microblaze_0_axi_periph/xbar/inst/gen_sasd.crossbar_sasd_0/addr_arbiter_inst/gen_no_arbiter.m_amesg_i_reg[9]/D
                            (rising edge-triggered cell FDRE clocked by clk_out1_ublaze_clk_wiz_0_0  {rise@0.000ns fall@5.000ns period=10.000ns})
  Path Group:             clk_out1_ublaze_clk_wiz_0_0
  Path Type:              Hold (Min at Fast Process Corner)
  Requirement:            0.000ns  (clk_out1_ublaze_clk_wiz_0_0 rise@0.000ns - clk_out1_ublaze_clk_wiz_0_0 rise@0.000ns)
  Data Path Delay:        0.365ns  (logic 0.141ns (38.667%)  route 0.224ns (61.333%))
  Logic Levels:           0  
  Clock Path Skew:        0.260ns (DCD - SCD - CPR)
    Destination Clock Delay (DCD):    -0.867ns
    Source Clock Delay      (SCD):    -0.623ns
    Clock Pessimism Removal (CPR):    -0.503ns

    Location             Delay type                Incr(ns)  Path(ns)    Netlist Resource(s)
  -------------------------------------------------------------------    -------------------
                         (clock clk_out1_ublaze_clk_wiz_0_0 rise edge)
                                                      0.000     0.000 r  
    W5                                                0.000     0.000 r  sys_clock (IN)
                         net (fo=0)                   0.000     0.000    ublaze_i/clk_wiz_0/inst/clk_in1
    W5                   IBUF (Prop_ibuf_I_O)         0.226     0.226 r  ublaze_i/clk_wiz_0/inst/clkin1_ibufg/O
                         net (fo=1, routed)           0.440     0.667    ublaze_i/clk_wiz_0/inst/clk_in1_ublaze_clk_wiz_0_0
    MMCME2_ADV_X1Y0      MMCME2_ADV (Prop_mmcme2_adv_CLKIN1_CLKOUT0)
                                                     -2.360    -1.693 r  ublaze_i/clk_wiz_0/inst/mmcm_adv_inst/CLKOUT0
                         net (fo=1, routed)           0.486    -1.207    ublaze_i/clk_wiz_0/inst/clk_out1_ublaze_clk_wiz_0_0
    BUFGCTRL_X0Y0        BUFG (Prop_bufg_I_O)         0.026    -1.181 r  ublaze_i/clk_wiz_0/inst/clkout1_buf/O
                         net (fo=1557, routed)        0.558    -0.623    ublaze_i/microblaze_0/U0/MicroBlaze_Core_I/Performance.Core/Decode_I/Clk
    SLICE_X39Y33         FDRE                                         r  ublaze_i/microblaze_0/U0/MicroBlaze_Core_I/Performance.Core/Decode_I/MEM_DataBus_Addr_reg[23]/C
  -------------------------------------------------------------------    -------------------
    SLICE_X39Y33         FDRE (Prop_fdre_C_Q)         0.141    -0.482 r  ublaze_i/microblaze_0/U0/MicroBlaze_Core_I/Performance.Core/Decode_I/MEM_DataBus_Addr_reg[23]/Q
                         net (fo=1, routed)           0.224    -0.259    ublaze_i/microblaze_0_axi_periph/xbar/inst/gen_sasd.crossbar_sasd_0/addr_arbiter_inst/s_axi_araddr[8]
    SLICE_X34Y32         FDRE                                         r  ublaze_i/microblaze_0_axi_periph/xbar/inst/gen_sasd.crossbar_sasd_0/addr_arbiter_inst/gen_no_arbiter.m_amesg_i_reg[9]/D
  -------------------------------------------------------------------    -------------------

                         (clock clk_out1_ublaze_clk_wiz_0_0 rise edge)
                                                      0.000     0.000 r  
    W5                                                0.000     0.000 r  sys_clock (IN)
                         net (fo=0)                   0.000     0.000    ublaze_i/clk_wiz_0/inst/clk_in1
    W5                   IBUF (Prop_ibuf_I_O)         0.414     0.414 r  ublaze_i/clk_wiz_0/inst/clkin1_ibufg/O
                         net (fo=1, routed)           0.480     0.894    ublaze_i/clk_wiz_0/inst/clk_in1_ublaze_clk_wiz_0_0
    MMCME2_ADV_X1Y0      MMCME2_ADV (Prop_mmcme2_adv_CLKIN1_CLKOUT0)
                                                     -3.142    -2.248 r  ublaze_i/clk_wiz_0/inst/mmcm_adv_inst/CLKOUT0
                         net (fo=1, routed)           0.530    -1.718    ublaze_i/clk_wiz_0/inst/clk_out1_ublaze_clk_wiz_0_0
    BUFGCTRL_X0Y0        BUFG (Prop_bufg_I_O)         0.029    -1.689 r  ublaze_i/clk_wiz_0/inst/clkout1_buf/O
                         net (fo=1557, routed)        0.823    -0.867    ublaze_i/microblaze_0_axi_periph/xbar/inst/gen_sasd.crossbar_sasd_0/addr_arbiter_inst/aclk
    SLICE_X34Y32         FDRE                                         r  ublaze_i/microblaze_0_axi_periph/xbar/inst/gen_sasd.crossbar_sasd_0/addr_arbiter_inst/gen_no_arbiter.m_amesg_i_reg[9]/C
                         clock pessimism              0.503    -0.363    
    SLICE_X34Y32         FDRE (Hold_fdre_C_D)         0.063    -0.300    ublaze_i/microblaze_0_axi_periph/xbar/inst/gen_sasd.crossbar_sasd_0/addr_arbiter_inst/gen_no_arbiter.m_amesg_i_reg[9]
  -------------------------------------------------------------------
                         required time                          0.300    
                         arrival time                          -0.259    
  -------------------------------------------------------------------
                         slack                                  0.042    

Slack (MET) :             0.050ns  (arrival time - required time)
  Source:                 ublaze_i/axi_gpio_0/U0/gpio_core_1/Not_Dual.gpio_Data_In_reg[2]/C
                            (rising edge-triggered cell FDRE clocked by clk_out1_ublaze_clk_wiz_0_0  {rise@0.000ns fall@5.000ns period=10.000ns})
  Destination:            ublaze_i/axi_gpio_0/U0/gpio_core_1/Not_Dual.ALLOUT0_ND.READ_REG_GEN[2].reg2_reg[18]/D
                            (rising edge-triggered cell FDRE clocked by clk_out1_ublaze_clk_wiz_0_0  {rise@0.000ns fall@5.000ns period=10.000ns})
  Path Group:             clk_out1_ublaze_clk_wiz_0_0
  Path Type:              Hold (Min at Fast Process Corner)
  Requirement:            0.000ns  (clk_out1_ublaze_clk_wiz_0_0 rise@0.000ns - clk_out1_ublaze_clk_wiz_0_0 rise@0.000ns)
  Data Path Delay:        0.404ns  (logic 0.186ns (46.040%)  route 0.218ns (53.960%))
  Logic Levels:           1  (LUT5=1)
  Clock Path Skew:        0.262ns (DCD - SCD - CPR)
    Destination Clock Delay (DCD):    -0.859ns
    Source Clock Delay      (SCD):    -0.617ns
    Clock Pessimism Removal (CPR):    -0.503ns

    Location             Delay type                Incr(ns)  Path(ns)    Netlist Resource(s)
  -------------------------------------------------------------------    -------------------
                         (clock clk_out1_ublaze_clk_wiz_0_0 rise edge)
                                                      0.000     0.000 r  
    W5                                                0.000     0.000 r  sys_clock (IN)
                         net (fo=0)                   0.000     0.000    ublaze_i/clk_wiz_0/inst/clk_in1
    W5                   IBUF (Prop_ibuf_I_O)         0.226     0.226 r  ublaze_i/clk_wiz_0/inst/clkin1_ibufg/O
                         net (fo=1, routed)           0.440     0.667    ublaze_i/clk_wiz_0/inst/clk_in1_ublaze_clk_wiz_0_0
    MMCME2_ADV_X1Y0      MMCME2_ADV (Prop_mmcme2_adv_CLKIN1_CLKOUT0)
                                                     -2.360    -1.693 r  ublaze_i/clk_wiz_0/inst/mmcm_adv_inst/CLKOUT0
                         net (fo=1, routed)           0.486    -1.207    ublaze_i/clk_wiz_0/inst/clk_out1_ublaze_clk_wiz_0_0
    BUFGCTRL_X0Y0        BUFG (Prop_bufg_I_O)         0.026    -1.181 r  ublaze_i/clk_wiz_0/inst/clkout1_buf/O
                         net (fo=1557, routed)        0.564    -0.617    ublaze_i/axi_gpio_0/U0/gpio_core_1/s_axi_aclk
    SLICE_X39Y48         FDRE                                         r  ublaze_i/axi_gpio_0/U0/gpio_core_1/Not_Dual.gpio_Data_In_reg[2]/C
  -------------------------------------------------------------------    -------------------
    SLICE_X39Y48         FDRE (Prop_fdre_C_Q)         0.141    -0.476 r  ublaze_i/axi_gpio_0/U0/gpio_core_1/Not_Dual.gpio_Data_In_reg[2]/Q
                         net (fo=2, routed)           0.218    -0.258    ublaze_i/axi_gpio_0/U0/gpio_core_1/gpio_Data_In[2]
    SLICE_X35Y43         LUT5 (Prop_lut5_I0_O)        0.045    -0.213 r  ublaze_i/axi_gpio_0/U0/gpio_core_1/Not_Dual.ALLOUT0_ND.READ_REG_GEN[2].reg2[18]_i_1/O
                         net (fo=1, routed)           0.000    -0.213    ublaze_i/axi_gpio_0/U0/gpio_core_1/Not_Dual.ALLOUT0_ND.READ_REG_GEN[2].reg2[18]_i_1_n_0
    SLICE_X35Y43         FDRE                                         r  ublaze_i/axi_gpio_0/U0/gpio_core_1/Not_Dual.ALLOUT0_ND.READ_REG_GEN[2].reg2_reg[18]/D
  -------------------------------------------------------------------    -------------------

                         (clock clk_out1_ublaze_clk_wiz_0_0 rise edge)
                                                      0.000     0.000 r  
    W5                                                0.000     0.000 r  sys_clock (IN)
                         net (fo=0)                   0.000     0.000    ublaze_i/clk_wiz_0/inst/clk_in1
    W5                   IBUF (Prop_ibuf_I_O)         0.414     0.414 r  ublaze_i/clk_wiz_0/inst/clkin1_ibufg/O
                         net (fo=1, routed)           0.480     0.894    ublaze_i/clk_wiz_0/inst/clk_in1_ublaze_clk_wiz_0_0
    MMCME2_ADV_X1Y0      MMCME2_ADV (Prop_mmcme2_adv_CLKIN1_CLKOUT0)
                                                     -3.142    -2.248 r  ublaze_i/clk_wiz_0/inst/mmcm_adv_inst/CLKOUT0
                         net (fo=1, routed)           0.530    -1.718    ublaze_i/clk_wiz_0/inst/clk_out1_ublaze_clk_wiz_0_0
    BUFGCTRL_X0Y0        BUFG (Prop_bufg_I_O)         0.029    -1.689 r  ublaze_i/clk_wiz_0/inst/clkout1_buf/O
                         net (fo=1557, routed)        0.831    -0.859    ublaze_i/axi_gpio_0/U0/gpio_core_1/s_axi_aclk
    SLICE_X35Y43         FDRE                                         r  ublaze_i/axi_gpio_0/U0/gpio_core_1/Not_Dual.ALLOUT0_ND.READ_REG_GEN[2].reg2_reg[18]/C
                         clock pessimism              0.503    -0.355    
    SLICE_X35Y43         FDRE (Hold_fdre_C_D)         0.092    -0.263    ublaze_i/axi_gpio_0/U0/gpio_core_1/Not_Dual.ALLOUT0_ND.READ_REG_GEN[2].reg2_reg[18]
  -------------------------------------------------------------------
                         required time                          0.263    
                         arrival time                          -0.213    
  -------------------------------------------------------------------
                         slack                                  0.050    

Slack (MET) :             0.063ns  (arrival time - required time)
  Source:                 ublaze_i/microblaze_0/U0/MicroBlaze_Core_I/Performance.Core/Decode_I/MEM_DataBus_Addr_reg[11]/C
                            (rising edge-triggered cell FDRE clocked by clk_out1_ublaze_clk_wiz_0_0  {rise@0.000ns fall@5.000ns period=10.000ns})
  Destination:            ublaze_i/microblaze_0_axi_periph/xbar/inst/gen_sasd.crossbar_sasd_0/addr_arbiter_inst/gen_no_arbiter.m_amesg_i_reg[21]/D
                            (rising edge-triggered cell FDRE clocked by clk_out1_ublaze_clk_wiz_0_0  {rise@0.000ns fall@5.000ns period=10.000ns})
  Path Group:             clk_out1_ublaze_clk_wiz_0_0
  Path Type:              Hold (Min at Fast Process Corner)
  Requirement:            0.000ns  (clk_out1_ublaze_clk_wiz_0_0 rise@0.000ns - clk_out1_ublaze_clk_wiz_0_0 rise@0.000ns)
  Data Path Delay:        0.391ns  (logic 0.141ns (36.062%)  route 0.250ns (63.938%))
  Logic Levels:           0  
  Clock Path Skew:        0.262ns (DCD - SCD - CPR)
    Destination Clock Delay (DCD):    -0.864ns
    Source Clock Delay      (SCD):    -0.622ns
    Clock Pessimism Removal (CPR):    -0.503ns

    Location             Delay type                Incr(ns)  Path(ns)    Netlist Resource(s)
  -------------------------------------------------------------------    -------------------
                         (clock clk_out1_ublaze_clk_wiz_0_0 rise edge)
                                                      0.000     0.000 r  
    W5                                                0.000     0.000 r  sys_clock (IN)
                         net (fo=0)                   0.000     0.000    ublaze_i/clk_wiz_0/inst/clk_in1
    W5                   IBUF (Prop_ibuf_I_O)         0.226     0.226 r  ublaze_i/clk_wiz_0/inst/clkin1_ibufg/O
                         net (fo=1, routed)           0.440     0.667    ublaze_i/clk_wiz_0/inst/clk_in1_ublaze_clk_wiz_0_0
    MMCME2_ADV_X1Y0      MMCME2_ADV (Prop_mmcme2_adv_CLKIN1_CLKOUT0)
                                                     -2.360    -1.693 r  ublaze_i/clk_wiz_0/inst/mmcm_adv_inst/CLKOUT0
                         net (fo=1, routed)           0.486    -1.207    ublaze_i/clk_wiz_0/inst/clk_out1_ublaze_clk_wiz_0_0
    BUFGCTRL_X0Y0        BUFG (Prop_bufg_I_O)         0.026    -1.181 r  ublaze_i/clk_wiz_0/inst/clkout1_buf/O
                         net (fo=1557, routed)        0.559    -0.622    ublaze_i/microblaze_0/U0/MicroBlaze_Core_I/Performance.Core/Decode_I/Clk
    SLICE_X39Y36         FDRE                                         r  ublaze_i/microblaze_0/U0/MicroBlaze_Core_I/Performance.Core/Decode_I/MEM_DataBus_Addr_reg[11]/C
  -------------------------------------------------------------------    -------------------
    SLICE_X39Y36         FDRE (Prop_fdre_C_Q)         0.141    -0.481 r  ublaze_i/microblaze_0/U0/MicroBlaze_Core_I/Performance.Core/Decode_I/MEM_DataBus_Addr_reg[11]/Q
                         net (fo=1, routed)           0.250    -0.231    ublaze_i/microblaze_0_axi_periph/xbar/inst/gen_sasd.crossbar_sasd_0/addr_arbiter_inst/s_axi_araddr[20]
    SLICE_X35Y36         FDRE                                         r  ublaze_i/microblaze_0_axi_periph/xbar/inst/gen_sasd.crossbar_sasd_0/addr_arbiter_inst/gen_no_arbiter.m_amesg_i_reg[21]/D
  -------------------------------------------------------------------    -------------------

                         (clock clk_out1_ublaze_clk_wiz_0_0 rise edge)
                                                      0.000     0.000 r  
    W5                                                0.000     0.000 r  sys_clock (IN)
                         net (fo=0)                   0.000     0.000    ublaze_i/clk_wiz_0/inst/clk_in1
    W5                   IBUF (Prop_ibuf_I_O)         0.414     0.414 r  ublaze_i/clk_wiz_0/inst/clkin1_ibufg/O
                         net (fo=1, routed)           0.480     0.894    ublaze_i/clk_wiz_0/inst/clk_in1_ublaze_clk_wiz_0_0
    MMCME2_ADV_X1Y0      MMCME2_ADV (Prop_mmcme2_adv_CLKIN1_CLKOUT0)
                                                     -3.142    -2.248 r  ublaze_i/clk_wiz_0/inst/mmcm_adv_inst/CLKOUT0
                         net (fo=1, routed)           0.530    -1.718    ublaze_i/clk_wiz_0/inst/clk_out1_ublaze_clk_wiz_0_0
    BUFGCTRL_X0Y0        BUFG (Prop_bufg_I_O)         0.029    -1.689 r  ublaze_i/clk_wiz_0/inst/clkout1_buf/O
                         net (fo=1557, routed)        0.826    -0.864    ublaze_i/microblaze_0_axi_periph/xbar/inst/gen_sasd.crossbar_sasd_0/addr_arbiter_inst/aclk
    SLICE_X35Y36         FDRE                                         r  ublaze_i/microblaze_0_axi_periph/xbar/inst/gen_sasd.crossbar_sasd_0/addr_arbiter_inst/gen_no_arbiter.m_amesg_i_reg[21]/C
                         clock pessimism              0.503    -0.360    
    SLICE_X35Y36         FDRE (Hold_fdre_C_D)         0.066    -0.294    ublaze_i/microblaze_0_axi_periph/xbar/inst/gen_sasd.crossbar_sasd_0/addr_arbiter_inst/gen_no_arbiter.m_amesg_i_reg[21]
  -------------------------------------------------------------------
                         required time                          0.294    
                         arrival time                          -0.231    
  -------------------------------------------------------------------
                         slack                                  0.063    

Slack (MET) :             0.090ns  (arrival time - required time)
  Source:                 ublaze_i/microblaze_0/U0/MicroBlaze_Core_I/Performance.Core/Data_Flow_I/Byte_Doublet_Handle_gti_I/MEM_DataBus_Write_Data_reg[31]/C
                            (rising edge-triggered cell FDRE clocked by clk_out1_ublaze_clk_wiz_0_0  {rise@0.000ns fall@5.000ns period=10.000ns})
  Destination:            ublaze_i/axi_uartlite_0/U0/UARTLITE_CORE_I/reset_TX_FIFO_reg/D
                            (rising edge-triggered cell FDSE clocked by clk_out1_ublaze_clk_wiz_0_0  {rise@0.000ns fall@5.000ns period=10.000ns})
  Path Group:             clk_out1_ublaze_clk_wiz_0_0
  Path Type:              Hold (Min at Fast Process Corner)
  Requirement:            0.000ns  (clk_out1_ublaze_clk_wiz_0_0 rise@0.000ns - clk_out1_ublaze_clk_wiz_0_0 rise@0.000ns)
  Data Path Delay:        0.458ns  (logic 0.186ns (40.603%)  route 0.272ns (59.397%))
  Logic Levels:           1  (LUT3=1)
  Clock Path Skew:        0.261ns (DCD - SCD - CPR)
    Destination Clock Delay (DCD):    -0.871ns
    Source Clock Delay      (SCD):    -0.628ns
    Clock Pessimism Removal (CPR):    -0.503ns

    Location             Delay type                Incr(ns)  Path(ns)    Netlist Resource(s)
  -------------------------------------------------------------------    -------------------
                         (clock clk_out1_ublaze_clk_wiz_0_0 rise edge)
                                                      0.000     0.000 r  
    W5                                                0.000     0.000 r  sys_clock (IN)
                         net (fo=0)                   0.000     0.000    ublaze_i/clk_wiz_0/inst/clk_in1
    W5                   IBUF (Prop_ibuf_I_O)         0.226     0.226 r  ublaze_i/clk_wiz_0/inst/clkin1_ibufg/O
                         net (fo=1, routed)           0.440     0.667    ublaze_i/clk_wiz_0/inst/clk_in1_ublaze_clk_wiz_0_0
    MMCME2_ADV_X1Y0      MMCME2_ADV (Prop_mmcme2_adv_CLKIN1_CLKOUT0)
                                                     -2.360    -1.693 r  ublaze_i/clk_wiz_0/inst/mmcm_adv_inst/CLKOUT0
                         net (fo=1, routed)           0.486    -1.207    ublaze_i/clk_wiz_0/inst/clk_out1_ublaze_clk_wiz_0_0
    BUFGCTRL_X0Y0        BUFG (Prop_bufg_I_O)         0.026    -1.181 r  ublaze_i/clk_wiz_0/inst/clkout1_buf/O
                         net (fo=1557, routed)        0.553    -0.628    ublaze_i/microblaze_0/U0/MicroBlaze_Core_I/Performance.Core/Data_Flow_I/Byte_Doublet_Handle_gti_I/Clk
    SLICE_X37Y27         FDRE                                         r  ublaze_i/microblaze_0/U0/MicroBlaze_Core_I/Performance.Core/Data_Flow_I/Byte_Doublet_Handle_gti_I/MEM_DataBus_Write_Data_reg[31]/C
  -------------------------------------------------------------------    -------------------
    SLICE_X37Y27         FDRE (Prop_fdre_C_Q)         0.141    -0.487 r  ublaze_i/microblaze_0/U0/MicroBlaze_Core_I/Performance.Core/Data_Flow_I/Byte_Doublet_Handle_gti_I/MEM_DataBus_Write_Data_reg[31]/Q
                         net (fo=3, routed)           0.272    -0.215    ublaze_i/axi_uartlite_0/U0/AXI_LITE_IPIF_I/I_SLAVE_ATTACHMENT/I_DECODER/s_axi_wdata[0]
    SLICE_X32Y27         LUT3 (Prop_lut3_I1_O)        0.045    -0.170 r  ublaze_i/axi_uartlite_0/U0/AXI_LITE_IPIF_I/I_SLAVE_ATTACHMENT/I_DECODER/reset_TX_FIFO_i_1/O
                         net (fo=1, routed)           0.000    -0.170    ublaze_i/axi_uartlite_0/U0/UARTLITE_CORE_I/reset_TX_FIFO
    SLICE_X32Y27         FDSE                                         r  ublaze_i/axi_uartlite_0/U0/UARTLITE_CORE_I/reset_TX_FIFO_reg/D
  -------------------------------------------------------------------    -------------------

                         (clock clk_out1_ublaze_clk_wiz_0_0 rise edge)
                                                      0.000     0.000 r  
    W5                                                0.000     0.000 r  sys_clock (IN)
                         net (fo=0)                   0.000     0.000    ublaze_i/clk_wiz_0/inst/clk_in1
    W5                   IBUF (Prop_ibuf_I_O)         0.414     0.414 r  ublaze_i/clk_wiz_0/inst/clkin1_ibufg/O
                         net (fo=1, routed)           0.480     0.894    ublaze_i/clk_wiz_0/inst/clk_in1_ublaze_clk_wiz_0_0
    MMCME2_ADV_X1Y0      MMCME2_ADV (Prop_mmcme2_adv_CLKIN1_CLKOUT0)
                                                     -3.142    -2.248 r  ublaze_i/clk_wiz_0/inst/mmcm_adv_inst/CLKOUT0
                         net (fo=1, routed)           0.530    -1.718    ublaze_i/clk_wiz_0/inst/clk_out1_ublaze_clk_wiz_0_0
    BUFGCTRL_X0Y0        BUFG (Prop_bufg_I_O)         0.029    -1.689 r  ublaze_i/clk_wiz_0/inst/clkout1_buf/O
                         net (fo=1557, routed)        0.819    -0.871    ublaze_i/axi_uartlite_0/U0/UARTLITE_CORE_I/s_axi_aclk
    SLICE_X32Y27         FDSE                                         r  ublaze_i/axi_uartlite_0/U0/UARTLITE_CORE_I/reset_TX_FIFO_reg/C
                         clock pessimism              0.503    -0.367    
    SLICE_X32Y27         FDSE (Hold_fdse_C_D)         0.107    -0.260    ublaze_i/axi_uartlite_0/U0/UARTLITE_CORE_I/reset_TX_FIFO_reg
  -------------------------------------------------------------------
                         required time                          0.260    
                         arrival time                          -0.170    
  -------------------------------------------------------------------
                         slack                                  0.090    

Slack (MET) :             0.103ns  (arrival time - required time)
  Source:                 ublaze_i/axi_gpio_0/U0/gpio_core_1/Not_Dual.gpio_Data_In_reg[2]/C
                            (rising edge-triggered cell FDRE clocked by clk_out1_ublaze_clk_wiz_0_0  {rise@0.000ns fall@5.000ns period=10.000ns})
  Destination:            ublaze_i/axi_gpio_0/U0/gpio_core_1/Not_Dual.ALLOUT0_ND.READ_REG_GEN[2].reg1_reg[18]/D
                            (rising edge-triggered cell FDRE clocked by clk_out1_ublaze_clk_wiz_0_0  {rise@0.000ns fall@5.000ns period=10.000ns})
  Path Group:             clk_out1_ublaze_clk_wiz_0_0
  Path Type:              Hold (Min at Fast Process Corner)
  Requirement:            0.000ns  (clk_out1_ublaze_clk_wiz_0_0 rise@0.000ns - clk_out1_ublaze_clk_wiz_0_0 rise@0.000ns)
  Data Path Delay:        0.456ns  (logic 0.186ns (40.789%)  route 0.270ns (59.211%))
  Logic Levels:           1  (LUT5=1)
  Clock Path Skew:        0.262ns (DCD - SCD - CPR)
    Destination Clock Delay (DCD):    -0.859ns
    Source Clock Delay      (SCD):    -0.617ns
    Clock Pessimism Removal (CPR):    -0.503ns

    Location             Delay type                Incr(ns)  Path(ns)    Netlist Resource(s)
  -------------------------------------------------------------------    -------------------
                         (clock clk_out1_ublaze_clk_wiz_0_0 rise edge)
                                                      0.000     0.000 r  
    W5                                                0.000     0.000 r  sys_clock (IN)
                         net (fo=0)                   0.000     0.000    ublaze_i/clk_wiz_0/inst/clk_in1
    W5                   IBUF (Prop_ibuf_I_O)         0.226     0.226 r  ublaze_i/clk_wiz_0/inst/clkin1_ibufg/O
                         net (fo=1, routed)           0.440     0.667    ublaze_i/clk_wiz_0/inst/clk_in1_ublaze_clk_wiz_0_0
    MMCME2_ADV_X1Y0      MMCME2_ADV (Prop_mmcme2_adv_CLKIN1_CLKOUT0)
                                                     -2.360    -1.693 r  ublaze_i/clk_wiz_0/inst/mmcm_adv_inst/CLKOUT0
                         net (fo=1, routed)           0.486    -1.207    ublaze_i/clk_wiz_0/inst/clk_out1_ublaze_clk_wiz_0_0
    BUFGCTRL_X0Y0        BUFG (Prop_bufg_I_O)         0.026    -1.181 r  ublaze_i/clk_wiz_0/inst/clkout1_buf/O
                         net (fo=1557, routed)        0.564    -0.617    ublaze_i/axi_gpio_0/U0/gpio_core_1/s_axi_aclk
    SLICE_X39Y48         FDRE                                         r  ublaze_i/axi_gpio_0/U0/gpio_core_1/Not_Dual.gpio_Data_In_reg[2]/C
  -------------------------------------------------------------------    -------------------
    SLICE_X39Y48         FDRE (Prop_fdre_C_Q)         0.141    -0.476 r  ublaze_i/axi_gpio_0/U0/gpio_core_1/Not_Dual.gpio_Data_In_reg[2]/Q
                         net (fo=2, routed)           0.270    -0.206    ublaze_i/axi_gpio_0/U0/gpio_core_1/gpio_Data_In[2]
    SLICE_X35Y43         LUT5 (Prop_lut5_I0_O)        0.045    -0.161 r  ublaze_i/axi_gpio_0/U0/gpio_core_1/Not_Dual.ALLOUT0_ND.READ_REG_GEN[2].reg1[18]_i_1/O
                         net (fo=1, routed)           0.000    -0.161    ublaze_i/axi_gpio_0/U0/gpio_core_1/Not_Dual.ALLOUT0_ND.READ_REG_GEN[2].reg1[18]_i_1_n_0
    SLICE_X35Y43         FDRE                                         r  ublaze_i/axi_gpio_0/U0/gpio_core_1/Not_Dual.ALLOUT0_ND.READ_REG_GEN[2].reg1_reg[18]/D
  -------------------------------------------------------------------    -------------------

                         (clock clk_out1_ublaze_clk_wiz_0_0 rise edge)
                                                      0.000     0.000 r  
    W5                                                0.000     0.000 r  sys_clock (IN)
                         net (fo=0)                   0.000     0.000    ublaze_i/clk_wiz_0/inst/clk_in1
    W5                   IBUF (Prop_ibuf_I_O)         0.414     0.414 r  ublaze_i/clk_wiz_0/inst/clkin1_ibufg/O
                         net (fo=1, routed)           0.480     0.894    ublaze_i/clk_wiz_0/inst/clk_in1_ublaze_clk_wiz_0_0
    MMCME2_ADV_X1Y0      MMCME2_ADV (Prop_mmcme2_adv_CLKIN1_CLKOUT0)
                                                     -3.142    -2.248 r  ublaze_i/clk_wiz_0/inst/mmcm_adv_inst/CLKOUT0
                         net (fo=1, routed)           0.530    -1.718    ublaze_i/clk_wiz_0/inst/clk_out1_ublaze_clk_wiz_0_0
    BUFGCTRL_X0Y0        BUFG (Prop_bufg_I_O)         0.029    -1.689 r  ublaze_i/clk_wiz_0/inst/clkout1_buf/O
                         net (fo=1557, routed)        0.831    -0.859    ublaze_i/axi_gpio_0/U0/gpio_core_1/s_axi_aclk
    SLICE_X35Y43         FDRE                                         r  ublaze_i/axi_gpio_0/U0/gpio_core_1/Not_Dual.ALLOUT0_ND.READ_REG_GEN[2].reg1_reg[18]/C
                         clock pessimism              0.503    -0.355    
    SLICE_X35Y43         FDRE (Hold_fdre_C_D)         0.091    -0.264    ublaze_i/axi_gpio_0/U0/gpio_core_1/Not_Dual.ALLOUT0_ND.READ_REG_GEN[2].reg1_reg[18]
  -------------------------------------------------------------------
                         required time                          0.264    
                         arrival time                          -0.161    
  -------------------------------------------------------------------
                         slack                                  0.103    

Slack (MET) :             0.104ns  (arrival time - required time)
  Source:                 ublaze_i/microblaze_0_axi_periph/xbar/inst/gen_sasd.crossbar_sasd_0/reg_slice_r/skid_buffer_reg[32]/C
                            (rising edge-triggered cell FDRE clocked by clk_out1_ublaze_clk_wiz_0_0  {rise@0.000ns fall@5.000ns period=10.000ns})
  Destination:            ublaze_i/microblaze_0_axi_periph/xbar/inst/gen_sasd.crossbar_sasd_0/reg_slice_r/m_payload_i_reg[32]/D
                            (rising edge-triggered cell FDRE clocked by clk_out1_ublaze_clk_wiz_0_0  {rise@0.000ns fall@5.000ns period=10.000ns})
  Path Group:             clk_out1_ublaze_clk_wiz_0_0
  Path Type:              Hold (Min at Fast Process Corner)
  Requirement:            0.000ns  (clk_out1_ublaze_clk_wiz_0_0 rise@0.000ns - clk_out1_ublaze_clk_wiz_0_0 rise@0.000ns)
  Data Path Delay:        0.238ns  (logic 0.186ns (78.117%)  route 0.052ns (21.883%))
  Logic Levels:           1  (LUT5=1)
  Clock Path Skew:        0.013ns (DCD - SCD - CPR)
    Destination Clock Delay (DCD):    -0.860ns
    Source Clock Delay      (SCD):    -0.620ns
    Clock Pessimism Removal (CPR):    -0.252ns

    Location             Delay type                Incr(ns)  Path(ns)    Netlist Resource(s)
  -------------------------------------------------------------------    -------------------
                         (clock clk_out1_ublaze_clk_wiz_0_0 rise edge)
                                                      0.000     0.000 r  
    W5                                                0.000     0.000 r  sys_clock (IN)
                         net (fo=0)                   0.000     0.000    ublaze_i/clk_wiz_0/inst/clk_in1
    W5                   IBUF (Prop_ibuf_I_O)         0.226     0.226 r  ublaze_i/clk_wiz_0/inst/clkin1_ibufg/O
                         net (fo=1, routed)           0.440     0.667    ublaze_i/clk_wiz_0/inst/clk_in1_ublaze_clk_wiz_0_0
    MMCME2_ADV_X1Y0      MMCME2_ADV (Prop_mmcme2_adv_CLKIN1_CLKOUT0)
                                                     -2.360    -1.693 r  ublaze_i/clk_wiz_0/inst/mmcm_adv_inst/CLKOUT0
                         net (fo=1, routed)           0.486    -1.207    ublaze_i/clk_wiz_0/inst/clk_out1_ublaze_clk_wiz_0_0
    BUFGCTRL_X0Y0        BUFG (Prop_bufg_I_O)         0.026    -1.181 r  ublaze_i/clk_wiz_0/inst/clkout1_buf/O
                         net (fo=1557, routed)        0.561    -0.620    ublaze_i/microblaze_0_axi_periph/xbar/inst/gen_sasd.crossbar_sasd_0/reg_slice_r/aclk
    SLICE_X31Y39         FDRE                                         r  ublaze_i/microblaze_0_axi_periph/xbar/inst/gen_sasd.crossbar_sasd_0/reg_slice_r/skid_buffer_reg[32]/C
  -------------------------------------------------------------------    -------------------
    SLICE_X31Y39         FDRE (Prop_fdre_C_Q)         0.141    -0.479 r  ublaze_i/microblaze_0_axi_periph/xbar/inst/gen_sasd.crossbar_sasd_0/reg_slice_r/skid_buffer_reg[32]/Q
                         net (fo=1, routed)           0.052    -0.427    ublaze_i/microblaze_0_axi_periph/xbar/inst/gen_sasd.crossbar_sasd_0/reg_slice_r/skid_buffer_reg_n_0_[32]
    SLICE_X30Y39         LUT5 (Prop_lut5_I4_O)        0.045    -0.382 r  ublaze_i/microblaze_0_axi_periph/xbar/inst/gen_sasd.crossbar_sasd_0/reg_slice_r/m_payload_i[32]_i_1/O
                         net (fo=1, routed)           0.000    -0.382    ublaze_i/microblaze_0_axi_periph/xbar/inst/gen_sasd.crossbar_sasd_0/reg_slice_r/skid_buffer[32]
    SLICE_X30Y39         FDRE                                         r  ublaze_i/microblaze_0_axi_periph/xbar/inst/gen_sasd.crossbar_sasd_0/reg_slice_r/m_payload_i_reg[32]/D
  -------------------------------------------------------------------    -------------------

                         (clock clk_out1_ublaze_clk_wiz_0_0 rise edge)
                                                      0.000     0.000 r  
    W5                                                0.000     0.000 r  sys_clock (IN)
                         net (fo=0)                   0.000     0.000    ublaze_i/clk_wiz_0/inst/clk_in1
    W5                   IBUF (Prop_ibuf_I_O)         0.414     0.414 r  ublaze_i/clk_wiz_0/inst/clkin1_ibufg/O
                         net (fo=1, routed)           0.480     0.894    ublaze_i/clk_wiz_0/inst/clk_in1_ublaze_clk_wiz_0_0
    MMCME2_ADV_X1Y0      MMCME2_ADV (Prop_mmcme2_adv_CLKIN1_CLKOUT0)
                                                     -3.142    -2.248 r  ublaze_i/clk_wiz_0/inst/mmcm_adv_inst/CLKOUT0
                         net (fo=1, routed)           0.530    -1.718    ublaze_i/clk_wiz_0/inst/clk_out1_ublaze_clk_wiz_0_0
    BUFGCTRL_X0Y0        BUFG (Prop_bufg_I_O)         0.029    -1.689 r  ublaze_i/clk_wiz_0/inst/clkout1_buf/O
                         net (fo=1557, routed)        0.830    -0.860    ublaze_i/microblaze_0_axi_periph/xbar/inst/gen_sasd.crossbar_sasd_0/reg_slice_r/aclk
    SLICE_X30Y39         FDRE                                         r  ublaze_i/microblaze_0_axi_periph/xbar/inst/gen_sasd.crossbar_sasd_0/reg_slice_r/m_payload_i_reg[32]/C
                         clock pessimism              0.252    -0.607    
    SLICE_X30Y39         FDRE (Hold_fdre_C_D)         0.121    -0.486    ublaze_i/microblaze_0_axi_periph/xbar/inst/gen_sasd.crossbar_sasd_0/reg_slice_r/m_payload_i_reg[32]
  -------------------------------------------------------------------
                         required time                          0.486    
                         arrival time                          -0.382    
  -------------------------------------------------------------------
                         slack                                  0.104    

Slack (MET) :             0.106ns  (arrival time - required time)
  Source:                 ublaze_i/axi_gpio_0/U0/gpio_core_1/Not_Dual.ALLOUT0_ND.READ_REG_GEN[0].reg2_reg[16]/C
                            (rising edge-triggered cell FDRE clocked by clk_out1_ublaze_clk_wiz_0_0  {rise@0.000ns fall@5.000ns period=10.000ns})
  Destination:            ublaze_i/axi_gpio_0/U0/ip2bus_data_i_D1_reg[16]/D
                            (rising edge-triggered cell FDRE clocked by clk_out1_ublaze_clk_wiz_0_0  {rise@0.000ns fall@5.000ns period=10.000ns})
  Path Group:             clk_out1_ublaze_clk_wiz_0_0
  Path Type:              Hold (Min at Fast Process Corner)
  Requirement:            0.000ns  (clk_out1_ublaze_clk_wiz_0_0 rise@0.000ns - clk_out1_ublaze_clk_wiz_0_0 rise@0.000ns)
  Data Path Delay:        0.460ns  (logic 0.186ns (40.403%)  route 0.274ns (59.597%))
  Logic Levels:           1  (LUT5=1)
  Clock Path Skew:        0.263ns (DCD - SCD - CPR)
    Destination Clock Delay (DCD):    -0.859ns
    Source Clock Delay      (SCD):    -0.618ns
    Clock Pessimism Removal (CPR):    -0.503ns

    Location             Delay type                Incr(ns)  Path(ns)    Netlist Resource(s)
  -------------------------------------------------------------------    -------------------
                         (clock clk_out1_ublaze_clk_wiz_0_0 rise edge)
                                                      0.000     0.000 r  
    W5                                                0.000     0.000 r  sys_clock (IN)
                         net (fo=0)                   0.000     0.000    ublaze_i/clk_wiz_0/inst/clk_in1
    W5                   IBUF (Prop_ibuf_I_O)         0.226     0.226 r  ublaze_i/clk_wiz_0/inst/clkin1_ibufg/O
                         net (fo=1, routed)           0.440     0.667    ublaze_i/clk_wiz_0/inst/clk_in1_ublaze_clk_wiz_0_0
    MMCME2_ADV_X1Y0      MMCME2_ADV (Prop_mmcme2_adv_CLKIN1_CLKOUT0)
                                                     -2.360    -1.693 r  ublaze_i/clk_wiz_0/inst/mmcm_adv_inst/CLKOUT0
                         net (fo=1, routed)           0.486    -1.207    ublaze_i/clk_wiz_0/inst/clk_out1_ublaze_clk_wiz_0_0
    BUFGCTRL_X0Y0        BUFG (Prop_bufg_I_O)         0.026    -1.181 r  ublaze_i/clk_wiz_0/inst/clkout1_buf/O
                         net (fo=1557, routed)        0.563    -0.618    ublaze_i/axi_gpio_0/U0/gpio_core_1/s_axi_aclk
    SLICE_X36Y43         FDRE                                         r  ublaze_i/axi_gpio_0/U0/gpio_core_1/Not_Dual.ALLOUT0_ND.READ_REG_GEN[0].reg2_reg[16]/C
  -------------------------------------------------------------------    -------------------
    SLICE_X36Y43         FDRE (Prop_fdre_C_Q)         0.141    -0.477 r  ublaze_i/axi_gpio_0/U0/gpio_core_1/Not_Dual.ALLOUT0_ND.READ_REG_GEN[0].reg2_reg[16]/Q
                         net (fo=2, routed)           0.274    -0.203    ublaze_i/axi_gpio_0/U0/AXI_LITE_IPIF_I/I_SLAVE_ATTACHMENT/I_DECODER/reg2[15]
    SLICE_X32Y42         LUT5 (Prop_lut5_I3_O)        0.045    -0.158 r  ublaze_i/axi_gpio_0/U0/AXI_LITE_IPIF_I/I_SLAVE_ATTACHMENT/I_DECODER/ip2bus_data_i_D1[16]_i_1/O
                         net (fo=1, routed)           0.000    -0.158    ublaze_i/axi_gpio_0/U0/ip2bus_data[16]
    SLICE_X32Y42         FDRE                                         r  ublaze_i/axi_gpio_0/U0/ip2bus_data_i_D1_reg[16]/D
  -------------------------------------------------------------------    -------------------

                         (clock clk_out1_ublaze_clk_wiz_0_0 rise edge)
                                                      0.000     0.000 r  
    W5                                                0.000     0.000 r  sys_clock (IN)
                         net (fo=0)                   0.000     0.000    ublaze_i/clk_wiz_0/inst/clk_in1
    W5                   IBUF (Prop_ibuf_I_O)         0.414     0.414 r  ublaze_i/clk_wiz_0/inst/clkin1_ibufg/O
                         net (fo=1, routed)           0.480     0.894    ublaze_i/clk_wiz_0/inst/clk_in1_ublaze_clk_wiz_0_0
    MMCME2_ADV_X1Y0      MMCME2_ADV (Prop_mmcme2_adv_CLKIN1_CLKOUT0)
                                                     -3.142    -2.248 r  ublaze_i/clk_wiz_0/inst/mmcm_adv_inst/CLKOUT0
                         net (fo=1, routed)           0.530    -1.718    ublaze_i/clk_wiz_0/inst/clk_out1_ublaze_clk_wiz_0_0
    BUFGCTRL_X0Y0        BUFG (Prop_bufg_I_O)         0.029    -1.689 r  ublaze_i/clk_wiz_0/inst/clkout1_buf/O
                         net (fo=1557, routed)        0.831    -0.859    ublaze_i/axi_gpio_0/U0/s_axi_aclk
    SLICE_X32Y42         FDRE                                         r  ublaze_i/axi_gpio_0/U0/ip2bus_data_i_D1_reg[16]/C
                         clock pessimism              0.503    -0.355    
    SLICE_X32Y42         FDRE (Hold_fdre_C_D)         0.091    -0.264    ublaze_i/axi_gpio_0/U0/ip2bus_data_i_D1_reg[16]
  -------------------------------------------------------------------
                         required time                          0.264    
                         arrival time                          -0.158    
  -------------------------------------------------------------------
                         slack                                  0.106    

Slack (MET) :             0.109ns  (arrival time - required time)
  Source:                 ublaze_i/axi_gpio_0/U0/gpio_core_1/Not_Dual.ALLOUT0_ND.READ_REG_GEN[4].reg2_reg[20]/C
                            (rising edge-triggered cell FDRE clocked by clk_out1_ublaze_clk_wiz_0_0  {rise@0.000ns fall@5.000ns period=10.000ns})
  Destination:            ublaze_i/axi_gpio_0/U0/ip2bus_data_i_D1_reg[20]/D
                            (rising edge-triggered cell FDRE clocked by clk_out1_ublaze_clk_wiz_0_0  {rise@0.000ns fall@5.000ns period=10.000ns})
  Path Group:             clk_out1_ublaze_clk_wiz_0_0
  Path Type:              Hold (Min at Fast Process Corner)
  Requirement:            0.000ns  (clk_out1_ublaze_clk_wiz_0_0 rise@0.000ns - clk_out1_ublaze_clk_wiz_0_0 rise@0.000ns)
  Data Path Delay:        0.462ns  (logic 0.186ns (40.273%)  route 0.276ns (59.727%))
  Logic Levels:           1  (LUT5=1)
  Clock Path Skew:        0.262ns (DCD - SCD - CPR)
    Destination Clock Delay (DCD):    -0.870ns
    Source Clock Delay      (SCD):    -0.628ns
    Clock Pessimism Removal (CPR):    -0.503ns

    Location             Delay type                Incr(ns)  Path(ns)    Netlist Resource(s)
  -------------------------------------------------------------------    -------------------
                         (clock clk_out1_ublaze_clk_wiz_0_0 rise edge)
                                                      0.000     0.000 r  
    W5                                                0.000     0.000 r  sys_clock (IN)
                         net (fo=0)                   0.000     0.000    ublaze_i/clk_wiz_0/inst/clk_in1
    W5                   IBUF (Prop_ibuf_I_O)         0.226     0.226 r  ublaze_i/clk_wiz_0/inst/clkin1_ibufg/O
                         net (fo=1, routed)           0.440     0.667    ublaze_i/clk_wiz_0/inst/clk_in1_ublaze_clk_wiz_0_0
    MMCME2_ADV_X1Y0      MMCME2_ADV (Prop_mmcme2_adv_CLKIN1_CLKOUT0)
                                                     -2.360    -1.693 r  ublaze_i/clk_wiz_0/inst/mmcm_adv_inst/CLKOUT0
                         net (fo=1, routed)           0.486    -1.207    ublaze_i/clk_wiz_0/inst/clk_out1_ublaze_clk_wiz_0_0
    BUFGCTRL_X0Y0        BUFG (Prop_bufg_I_O)         0.026    -1.181 r  ublaze_i/clk_wiz_0/inst/clkout1_buf/O
                         net (fo=1557, routed)        0.553    -0.628    ublaze_i/axi_gpio_0/U0/gpio_core_1/s_axi_aclk
    SLICE_X36Y28         FDRE                                         r  ublaze_i/axi_gpio_0/U0/gpio_core_1/Not_Dual.ALLOUT0_ND.READ_REG_GEN[4].reg2_reg[20]/C
  -------------------------------------------------------------------    -------------------
    SLICE_X36Y28         FDRE (Prop_fdre_C_Q)         0.141    -0.487 r  ublaze_i/axi_gpio_0/U0/gpio_core_1/Not_Dual.ALLOUT0_ND.READ_REG_GEN[4].reg2_reg[20]/Q
                         net (fo=2, routed)           0.276    -0.212    ublaze_i/axi_gpio_0/U0/AXI_LITE_IPIF_I/I_SLAVE_ATTACHMENT/I_DECODER/reg2[11]
    SLICE_X32Y28         LUT5 (Prop_lut5_I3_O)        0.045    -0.167 r  ublaze_i/axi_gpio_0/U0/AXI_LITE_IPIF_I/I_SLAVE_ATTACHMENT/I_DECODER/ip2bus_data_i_D1[20]_i_1/O
                         net (fo=1, routed)           0.000    -0.167    ublaze_i/axi_gpio_0/U0/ip2bus_data[20]
    SLICE_X32Y28         FDRE                                         r  ublaze_i/axi_gpio_0/U0/ip2bus_data_i_D1_reg[20]/D
  -------------------------------------------------------------------    -------------------

                         (clock clk_out1_ublaze_clk_wiz_0_0 rise edge)
                                                      0.000     0.000 r  
    W5                                                0.000     0.000 r  sys_clock (IN)
                         net (fo=0)                   0.000     0.000    ublaze_i/clk_wiz_0/inst/clk_in1
    W5                   IBUF (Prop_ibuf_I_O)         0.414     0.414 r  ublaze_i/clk_wiz_0/inst/clkin1_ibufg/O
                         net (fo=1, routed)           0.480     0.894    ublaze_i/clk_wiz_0/inst/clk_in1_ublaze_clk_wiz_0_0
    MMCME2_ADV_X1Y0      MMCME2_ADV (Prop_mmcme2_adv_CLKIN1_CLKOUT0)
                                                     -3.142    -2.248 r  ublaze_i/clk_wiz_0/inst/mmcm_adv_inst/CLKOUT0
                         net (fo=1, routed)           0.530    -1.718    ublaze_i/clk_wiz_0/inst/clk_out1_ublaze_clk_wiz_0_0
    BUFGCTRL_X0Y0        BUFG (Prop_bufg_I_O)         0.029    -1.689 r  ublaze_i/clk_wiz_0/inst/clkout1_buf/O
                         net (fo=1557, routed)        0.820    -0.870    ublaze_i/axi_gpio_0/U0/s_axi_aclk
    SLICE_X32Y28         FDRE                                         r  ublaze_i/axi_gpio_0/U0/ip2bus_data_i_D1_reg[20]/C
                         clock pessimism              0.503    -0.366    
    SLICE_X32Y28         FDRE (Hold_fdre_C_D)         0.091    -0.275    ublaze_i/axi_gpio_0/U0/ip2bus_data_i_D1_reg[20]
  -------------------------------------------------------------------
                         required time                          0.275    
                         arrival time                          -0.167    
  -------------------------------------------------------------------
                         slack                                  0.109    

Slack (MET) :             0.109ns  (arrival time - required time)
  Source:                 ublaze_i/microblaze_0/U0/MicroBlaze_Core_I/Performance.Core/Decode_I/PC_Module_I/if_pc_reg[15]/C
                            (rising edge-triggered cell FDSE clocked by clk_out1_ublaze_clk_wiz_0_0  {rise@0.000ns fall@5.000ns period=10.000ns})
  Destination:            ublaze_i/microblaze_0/U0/MicroBlaze_Core_I/Performance.Core/Decode_I/PC_Module_I/PC_Buffer_reg[3][15]_srl4/D
                            (rising edge-triggered cell SRL16E clocked by clk_out1_ublaze_clk_wiz_0_0  {rise@0.000ns fall@5.000ns period=10.000ns})
  Path Group:             clk_out1_ublaze_clk_wiz_0_0
  Path Type:              Hold (Min at Fast Process Corner)
  Requirement:            0.000ns  (clk_out1_ublaze_clk_wiz_0_0 rise@0.000ns - clk_out1_ublaze_clk_wiz_0_0 rise@0.000ns)
  Data Path Delay:        0.307ns  (logic 0.141ns (45.887%)  route 0.166ns (54.113%))
  Logic Levels:           0  
  Clock Path Skew:        0.015ns (DCD - SCD - CPR)
    Destination Clock Delay (DCD):    -0.861ns
    Source Clock Delay      (SCD):    -0.621ns
    Clock Pessimism Removal (CPR):    -0.254ns

    Location             Delay type                Incr(ns)  Path(ns)    Netlist Resource(s)
  -------------------------------------------------------------------    -------------------
                         (clock clk_out1_ublaze_clk_wiz_0_0 rise edge)
                                                      0.000     0.000 r  
    W5                                                0.000     0.000 r  sys_clock (IN)
                         net (fo=0)                   0.000     0.000    ublaze_i/clk_wiz_0/inst/clk_in1
    W5                   IBUF (Prop_ibuf_I_O)         0.226     0.226 r  ublaze_i/clk_wiz_0/inst/clkin1_ibufg/O
                         net (fo=1, routed)           0.440     0.667    ublaze_i/clk_wiz_0/inst/clk_in1_ublaze_clk_wiz_0_0
    MMCME2_ADV_X1Y0      MMCME2_ADV (Prop_mmcme2_adv_CLKIN1_CLKOUT0)
                                                     -2.360    -1.693 r  ublaze_i/clk_wiz_0/inst/mmcm_adv_inst/CLKOUT0
                         net (fo=1, routed)           0.486    -1.207    ublaze_i/clk_wiz_0/inst/clk_out1_ublaze_clk_wiz_0_0
    BUFGCTRL_X0Y0        BUFG (Prop_bufg_I_O)         0.026    -1.181 r  ublaze_i/clk_wiz_0/inst/clkout1_buf/O
                         net (fo=1557, routed)        0.560    -0.621    ublaze_i/microblaze_0/U0/MicroBlaze_Core_I/Performance.Core/Decode_I/PC_Module_I/Clk
    SLICE_X45Y35         FDSE                                         r  ublaze_i/microblaze_0/U0/MicroBlaze_Core_I/Performance.Core/Decode_I/PC_Module_I/if_pc_reg[15]/C
  -------------------------------------------------------------------    -------------------
    SLICE_X45Y35         FDSE (Prop_fdse_C_Q)         0.141    -0.480 r  ublaze_i/microblaze_0/U0/MicroBlaze_Core_I/Performance.Core/Decode_I/PC_Module_I/if_pc_reg[15]/Q
                         net (fo=4, routed)           0.166    -0.314    ublaze_i/microblaze_0/U0/MicroBlaze_Core_I/Performance.Core/Decode_I/PC_Module_I/S77_in
    SLICE_X46Y35         SRL16E                                       r  ublaze_i/microblaze_0/U0/MicroBlaze_Core_I/Performance.Core/Decode_I/PC_Module_I/PC_Buffer_reg[3][15]_srl4/D
  -------------------------------------------------------------------    -------------------

                         (clock clk_out1_ublaze_clk_wiz_0_0 rise edge)
                                                      0.000     0.000 r  
    W5                                                0.000     0.000 r  sys_clock (IN)
                         net (fo=0)                   0.000     0.000    ublaze_i/clk_wiz_0/inst/clk_in1
    W5                   IBUF (Prop_ibuf_I_O)         0.414     0.414 r  ublaze_i/clk_wiz_0/inst/clkin1_ibufg/O
                         net (fo=1, routed)           0.480     0.894    ublaze_i/clk_wiz_0/inst/clk_in1_ublaze_clk_wiz_0_0
    MMCME2_ADV_X1Y0      MMCME2_ADV (Prop_mmcme2_adv_CLKIN1_CLKOUT0)
                                                     -3.142    -2.248 r  ublaze_i/clk_wiz_0/inst/mmcm_adv_inst/CLKOUT0
                         net (fo=1, routed)           0.530    -1.718    ublaze_i/clk_wiz_0/inst/clk_out1_ublaze_clk_wiz_0_0
    BUFGCTRL_X0Y0        BUFG (Prop_bufg_I_O)         0.029    -1.689 r  ublaze_i/clk_wiz_0/inst/clkout1_buf/O
                         net (fo=1557, routed)        0.829    -0.861    ublaze_i/microblaze_0/U0/MicroBlaze_Core_I/Performance.Core/Decode_I/PC_Module_I/Clk
    SLICE_X46Y35         SRL16E                                       r  ublaze_i/microblaze_0/U0/MicroBlaze_Core_I/Performance.Core/Decode_I/PC_Module_I/PC_Buffer_reg[3][15]_srl4/CLK
                         clock pessimism              0.254    -0.606    
    SLICE_X46Y35         SRL16E (Hold_srl16e_CLK_D)
                                                      0.183    -0.423    ublaze_i/microblaze_0/U0/MicroBlaze_Core_I/Performance.Core/Decode_I/PC_Module_I/PC_Buffer_reg[3][15]_srl4
  -------------------------------------------------------------------
                         required time                          0.423    
                         arrival time                          -0.314    
  -------------------------------------------------------------------
                         slack                                  0.109    





Pulse Width Checks
--------------------------------------------------------------------------------------
Clock Name:         clk_out1_ublaze_clk_wiz_0_0
Waveform(ns):       { 0.000 5.000 }
Period(ns):         10.000
Sources:            { ublaze_i/clk_wiz_0/inst/mmcm_adv_inst/CLKOUT0 }

Check Type        Corner  Lib Pin             Reference Pin  Required(ns)  Actual(ns)  Slack(ns)  Location         Pin
Min Period        n/a     RAMB36E1/CLKARDCLK  n/a            2.576         10.000      7.424      RAMB36_X2Y8      ublaze_i/microblaze_0_local_memory/lmb_bram/U0/inst_blk_mem_gen/gnbram.gnative_mem_map_bmg.native_mem_map_blk_mem_gen/valid.cstr/ramloop[11].ram.r/prim_noinit.ram/DEVICE_7SERIES.WITH_BMM_INFO.TRUE_DP.SIMPLE_PRIM36.TDP_SP36_NO_ECC_ATTR.ram/CLKARDCLK
Min Period        n/a     RAMB36E1/CLKBWRCLK  n/a            2.576         10.000      7.424      RAMB36_X2Y8      ublaze_i/microblaze_0_local_memory/lmb_bram/U0/inst_blk_mem_gen/gnbram.gnative_mem_map_bmg.native_mem_map_blk_mem_gen/valid.cstr/ramloop[11].ram.r/prim_noinit.ram/DEVICE_7SERIES.WITH_BMM_INFO.TRUE_DP.SIMPLE_PRIM36.TDP_SP36_NO_ECC_ATTR.ram/CLKBWRCLK
Min Period        n/a     RAMB36E1/CLKARDCLK  n/a            2.576         10.000      7.424      RAMB36_X0Y10     ublaze_i/microblaze_0_local_memory/lmb_bram/U0/inst_blk_mem_gen/gnbram.gnative_mem_map_bmg.native_mem_map_blk_mem_gen/valid.cstr/ramloop[14].ram.r/prim_noinit.ram/DEVICE_7SERIES.WITH_BMM_INFO.TRUE_DP.SIMPLE_PRIM36.TDP_SP36_NO_ECC_ATTR.ram/CLKARDCLK
Min Period        n/a     RAMB36E1/CLKBWRCLK  n/a            2.576         10.000      7.424      RAMB36_X0Y10     ublaze_i/microblaze_0_local_memory/lmb_bram/U0/inst_blk_mem_gen/gnbram.gnative_mem_map_bmg.native_mem_map_blk_mem_gen/valid.cstr/ramloop[14].ram.r/prim_noinit.ram/DEVICE_7SERIES.WITH_BMM_INFO.TRUE_DP.SIMPLE_PRIM36.TDP_SP36_NO_ECC_ATTR.ram/CLKBWRCLK
Min Period        n/a     RAMB36E1/CLKARDCLK  n/a            2.576         10.000      7.424      RAMB36_X0Y6      ublaze_i/microblaze_0_local_memory/lmb_bram/U0/inst_blk_mem_gen/gnbram.gnative_mem_map_bmg.native_mem_map_blk_mem_gen/valid.cstr/ramloop[17].ram.r/prim_noinit.ram/DEVICE_7SERIES.WITH_BMM_INFO.TRUE_DP.SIMPLE_PRIM36.TDP_SP36_NO_ECC_ATTR.ram/CLKARDCLK
Min Period        n/a     RAMB36E1/CLKBWRCLK  n/a            2.576         10.000      7.424      RAMB36_X0Y6      ublaze_i/microblaze_0_local_memory/lmb_bram/U0/inst_blk_mem_gen/gnbram.gnative_mem_map_bmg.native_mem_map_blk_mem_gen/valid.cstr/ramloop[17].ram.r/prim_noinit.ram/DEVICE_7SERIES.WITH_BMM_INFO.TRUE_DP.SIMPLE_PRIM36.TDP_SP36_NO_ECC_ATTR.ram/CLKBWRCLK
Min Period        n/a     RAMB36E1/CLKARDCLK  n/a            2.576         10.000      7.424      RAMB36_X2Y4      ublaze_i/microblaze_0_local_memory/lmb_bram/U0/inst_blk_mem_gen/gnbram.gnative_mem_map_bmg.native_mem_map_blk_mem_gen/valid.cstr/ramloop[1].ram.r/prim_noinit.ram/DEVICE_7SERIES.WITH_BMM_INFO.TRUE_DP.SIMPLE_PRIM36.TDP_SP36_NO_ECC_ATTR.ram/CLKARDCLK
Min Period        n/a     RAMB36E1/CLKBWRCLK  n/a            2.576         10.000      7.424      RAMB36_X2Y4      ublaze_i/microblaze_0_local_memory/lmb_bram/U0/inst_blk_mem_gen/gnbram.gnative_mem_map_bmg.native_mem_map_blk_mem_gen/valid.cstr/ramloop[1].ram.r/prim_noinit.ram/DEVICE_7SERIES.WITH_BMM_INFO.TRUE_DP.SIMPLE_PRIM36.TDP_SP36_NO_ECC_ATTR.ram/CLKBWRCLK
Min Period        n/a     RAMB36E1/CLKARDCLK  n/a            2.576         10.000      7.424      RAMB36_X2Y5      ublaze_i/microblaze_0_local_memory/lmb_bram/U0/inst_blk_mem_gen/gnbram.gnative_mem_map_bmg.native_mem_map_blk_mem_gen/valid.cstr/ramloop[22].ram.r/prim_noinit.ram/DEVICE_7SERIES.WITH_BMM_INFO.TRUE_DP.SIMPLE_PRIM36.TDP_SP36_NO_ECC_ATTR.ram/CLKARDCLK
Min Period        n/a     RAMB36E1/CLKBWRCLK  n/a            2.576         10.000      7.424      RAMB36_X2Y5      ublaze_i/microblaze_0_local_memory/lmb_bram/U0/inst_blk_mem_gen/gnbram.gnative_mem_map_bmg.native_mem_map_blk_mem_gen/valid.cstr/ramloop[22].ram.r/prim_noinit.ram/DEVICE_7SERIES.WITH_BMM_INFO.TRUE_DP.SIMPLE_PRIM36.TDP_SP36_NO_ECC_ATTR.ram/CLKBWRCLK
Max Period        n/a     MMCME2_ADV/CLKOUT0  n/a            213.360       10.000      203.360    MMCME2_ADV_X1Y0  ublaze_i/clk_wiz_0/inst/mmcm_adv_inst/CLKOUT0
Low Pulse Width   Slow    RAMD32/CLK          n/a            1.250         5.000       3.750      SLICE_X42Y37     ublaze_i/microblaze_0/U0/MicroBlaze_Core_I/Performance.Core/Data_Flow_I/Register_File_I/Using_LUT6.All_RAM32M[0].ram32m_i/Using_FPGA.Native/RAMA/CLK
Low Pulse Width   Slow    RAMD32/CLK          n/a            1.250         5.000       3.750      SLICE_X42Y37     ublaze_i/microblaze_0/U0/MicroBlaze_Core_I/Performance.Core/Data_Flow_I/Register_File_I/Using_LUT6.All_RAM32M[0].ram32m_i/Using_FPGA.Native/RAMA_D1/CLK
Low Pulse Width   Slow    RAMD32/CLK          n/a            1.250         5.000       3.750      SLICE_X42Y37     ublaze_i/microblaze_0/U0/MicroBlaze_Core_I/Performance.Core/Data_Flow_I/Register_File_I/Using_LUT6.All_RAM32M[0].ram32m_i/Using_FPGA.Native/RAMB/CLK
Low Pulse Width   Slow    RAMD32/CLK          n/a            1.250         5.000       3.750      SLICE_X42Y37     ublaze_i/microblaze_0/U0/MicroBlaze_Core_I/Performance.Core/Data_Flow_I/Register_File_I/Using_LUT6.All_RAM32M[0].ram32m_i/Using_FPGA.Native/RAMB_D1/CLK
Low Pulse Width   Slow    RAMD32/CLK          n/a            1.250         5.000       3.750      SLICE_X42Y37     ublaze_i/microblaze_0/U0/MicroBlaze_Core_I/Performance.Core/Data_Flow_I/Register_File_I/Using_LUT6.All_RAM32M[0].ram32m_i/Using_FPGA.Native/RAMC/CLK
Low Pulse Width   Slow    RAMD32/CLK          n/a            1.250         5.000       3.750      SLICE_X42Y37     ublaze_i/microblaze_0/U0/MicroBlaze_Core_I/Performance.Core/Data_Flow_I/Register_File_I/Using_LUT6.All_RAM32M[0].ram32m_i/Using_FPGA.Native/RAMC_D1/CLK
Low Pulse Width   Slow    RAMS32/CLK          n/a            1.250         5.000       3.750      SLICE_X42Y37     ublaze_i/microblaze_0/U0/MicroBlaze_Core_I/Performance.Core/Data_Flow_I/Register_File_I/Using_LUT6.All_RAM32M[0].ram32m_i/Using_FPGA.Native/RAMD/CLK
Low Pulse Width   Slow    RAMS32/CLK          n/a            1.250         5.000       3.750      SLICE_X42Y37     ublaze_i/microblaze_0/U0/MicroBlaze_Core_I/Performance.Core/Data_Flow_I/Register_File_I/Using_LUT6.All_RAM32M[0].ram32m_i/Using_FPGA.Native/RAMD_D1/CLK
Low Pulse Width   Fast    RAMD32/CLK          n/a            1.250         5.000       3.750      SLICE_X38Y31     ublaze_i/microblaze_0/U0/MicroBlaze_Core_I/Performance.Core/Data_Flow_I/Register_File_I/Using_LUT6.All_RAM32M[11].ram32m_i/Using_FPGA.Native/RAMA/CLK
Low Pulse Width   Fast    RAMD32/CLK          n/a            1.250         5.000       3.750      SLICE_X38Y31     ublaze_i/microblaze_0/U0/MicroBlaze_Core_I/Performance.Core/Data_Flow_I/Register_File_I/Using_LUT6.All_RAM32M[11].ram32m_i/Using_FPGA.Native/RAMA_D1/CLK
High Pulse Width  Fast    RAMD32/CLK          n/a            1.250         5.000       3.750      SLICE_X42Y37     ublaze_i/microblaze_0/U0/MicroBlaze_Core_I/Performance.Core/Data_Flow_I/Register_File_I/Using_LUT6.All_RAM32M[0].ram32m_i/Using_FPGA.Native/RAMA/CLK
High Pulse Width  Fast    RAMD32/CLK          n/a            1.250         5.000       3.750      SLICE_X42Y37     ublaze_i/microblaze_0/U0/MicroBlaze_Core_I/Performance.Core/Data_Flow_I/Register_File_I/Using_LUT6.All_RAM32M[0].ram32m_i/Using_FPGA.Native/RAMA_D1/CLK
High Pulse Width  Fast    RAMD32/CLK          n/a            1.250         5.000       3.750      SLICE_X42Y37     ublaze_i/microblaze_0/U0/MicroBlaze_Core_I/Performance.Core/Data_Flow_I/Register_File_I/Using_LUT6.All_RAM32M[0].ram32m_i/Using_FPGA.Native/RAMB/CLK
High Pulse Width  Fast    RAMD32/CLK          n/a            1.250         5.000       3.750      SLICE_X42Y37     ublaze_i/microblaze_0/U0/MicroBlaze_Core_I/Performance.Core/Data_Flow_I/Register_File_I/Using_LUT6.All_RAM32M[0].ram32m_i/Using_FPGA.Native/RAMB_D1/CLK
High Pulse Width  Fast    RAMD32/CLK          n/a            1.250         5.000       3.750      SLICE_X42Y37     ublaze_i/microblaze_0/U0/MicroBlaze_Core_I/Performance.Core/Data_Flow_I/Register_File_I/Using_LUT6.All_RAM32M[0].ram32m_i/Using_FPGA.Native/RAMC/CLK
High Pulse Width  Fast    RAMD32/CLK          n/a            1.250         5.000       3.750      SLICE_X42Y37     ublaze_i/microblaze_0/U0/MicroBlaze_Core_I/Performance.Core/Data_Flow_I/Register_File_I/Using_LUT6.All_RAM32M[0].ram32m_i/Using_FPGA.Native/RAMC_D1/CLK
High Pulse Width  Fast    RAMS32/CLK          n/a            1.250         5.000       3.750      SLICE_X42Y37     ublaze_i/microblaze_0/U0/MicroBlaze_Core_I/Performance.Core/Data_Flow_I/Register_File_I/Using_LUT6.All_RAM32M[0].ram32m_i/Using_FPGA.Native/RAMD/CLK
High Pulse Width  Fast    RAMS32/CLK          n/a            1.250         5.000       3.750      SLICE_X42Y37     ublaze_i/microblaze_0/U0/MicroBlaze_Core_I/Performance.Core/Data_Flow_I/Register_File_I/Using_LUT6.All_RAM32M[0].ram32m_i/Using_FPGA.Native/RAMD_D1/CLK
High Pulse Width  Slow    RAMD32/CLK          n/a            1.250         5.000       3.750      SLICE_X38Y32     ublaze_i/microblaze_0/U0/MicroBlaze_Core_I/Performance.Core/Data_Flow_I/Register_File_I/Using_LUT6.All_RAM32M[10].ram32m_i/Using_FPGA.Native/RAMA/CLK
High Pulse Width  Fast    RAMD32/CLK          n/a            1.250         5.000       3.750      SLICE_X38Y32     ublaze_i/microblaze_0/U0/MicroBlaze_Core_I/Performance.Core/Data_Flow_I/Register_File_I/Using_LUT6.All_RAM32M[10].ram32m_i/Using_FPGA.Native/RAMA/CLK



---------------------------------------------------------------------------------------------------
From Clock:  clkfbout_ublaze_clk_wiz_0_0
  To Clock:  clkfbout_ublaze_clk_wiz_0_0

Setup :           NA  Failing Endpoints,  Worst Slack           NA  ,  Total Violation           NA
Hold  :           NA  Failing Endpoints,  Worst Slack           NA  ,  Total Violation           NA
PW    :            0  Failing Endpoints,  Worst Slack        7.845ns,  Total Violation        0.000ns
---------------------------------------------------------------------------------------------------


Pulse Width Checks
--------------------------------------------------------------------------------------
Clock Name:         clkfbout_ublaze_clk_wiz_0_0
Waveform(ns):       { 0.000 5.000 }
Period(ns):         10.000
Sources:            { ublaze_i/clk_wiz_0/inst/mmcm_adv_inst/CLKFBOUT }

Check Type  Corner  Lib Pin              Reference Pin  Required(ns)  Actual(ns)  Slack(ns)  Location         Pin
Min Period  n/a     BUFG/I               n/a            2.155         10.000      7.845      BUFGCTRL_X0Y2    ublaze_i/clk_wiz_0/inst/clkf_buf/I
Min Period  n/a     MMCME2_ADV/CLKFBOUT  n/a            1.249         10.000      8.751      MMCME2_ADV_X1Y0  ublaze_i/clk_wiz_0/inst/mmcm_adv_inst/CLKFBOUT
Min Period  n/a     MMCME2_ADV/CLKFBIN   n/a            1.249         10.000      8.751      MMCME2_ADV_X1Y0  ublaze_i/clk_wiz_0/inst/mmcm_adv_inst/CLKFBIN
Max Period  n/a     MMCME2_ADV/CLKFBIN   n/a            100.000       10.000      90.000     MMCME2_ADV_X1Y0  ublaze_i/clk_wiz_0/inst/mmcm_adv_inst/CLKFBIN
Max Period  n/a     MMCME2_ADV/CLKFBOUT  n/a            213.360       10.000      203.360    MMCME2_ADV_X1Y0  ublaze_i/clk_wiz_0/inst/mmcm_adv_inst/CLKFBOUT



---------------------------------------------------------------------------------------------------
From Clock:  ublaze_i/mdm_1/U0/Use_E2.BSCAN_I/Use_E2.BSCANE2_I/DRCK
  To Clock:  ublaze_i/mdm_1/U0/Use_E2.BSCAN_I/Use_E2.BSCANE2_I/DRCK

Setup :            0  Failing Endpoints,  Worst Slack       13.517ns,  Total Violation        0.000ns
Hold  :            0  Failing Endpoints,  Worst Slack        0.067ns,  Total Violation        0.000ns
PW    :            0  Failing Endpoints,  Worst Slack       15.686ns,  Total Violation        0.000ns
---------------------------------------------------------------------------------------------------


Max Delay Paths
--------------------------------------------------------------------------------------
Slack (MET) :             13.517ns  (required time - arrival time)
  Source:                 ublaze_i/mdm_1/U0/MDM_Core_I1/JTAG_CONTROL_I/tdi_shifter_reg[3]/C
                            (rising edge-triggered cell FDCE clocked by ublaze_i/mdm_1/U0/Use_E2.BSCAN_I/Use_E2.BSCANE2_I/DRCK  {rise@0.000ns fall@16.667ns period=33.333ns})
  Destination:            ublaze_i/mdm_1/U0/MDM_Core_I1/JTAG_CONTROL_I/Use_BSCAN.SYNC_FDRE/Using_FPGA.Native/CE
                            (falling edge-triggered cell FDRE clocked by ublaze_i/mdm_1/U0/Use_E2.BSCAN_I/Use_E2.BSCANE2_I/DRCK  {rise@0.000ns fall@16.667ns period=33.333ns})
  Path Group:             ublaze_i/mdm_1/U0/Use_E2.BSCAN_I/Use_E2.BSCANE2_I/DRCK
  Path Type:              Setup (Max at Slow Process Corner)
  Requirement:            16.667ns  (ublaze_i/mdm_1/U0/Use_E2.BSCAN_I/Use_E2.BSCANE2_I/DRCK fall@16.667ns - ublaze_i/mdm_1/U0/Use_E2.BSCAN_I/Use_E2.BSCANE2_I/DRCK rise@0.000ns)
  Data Path Delay:        2.928ns  (logic 0.704ns (24.046%)  route 2.224ns (75.954%))
  Logic Levels:           2  (LUT5=1 LUT6=1)
  Clock Path Skew:        -0.022ns (DCD - SCD + CPR)
    Destination Clock Delay (DCD):    3.174ns = ( 19.840 - 16.667 ) 
    Source Clock Delay      (SCD):    3.567ns
    Clock Pessimism Removal (CPR):    0.371ns
  Clock Uncertainty:      0.035ns  ((TSJ^2 + TIJ^2)^1/2 + DJ) / 2 + PE
    Total System Jitter     (TSJ):    0.071ns
    Total Input Jitter      (TIJ):    0.000ns
    Discrete Jitter          (DJ):    0.000ns
    Phase Error              (PE):    0.000ns

    Location             Delay type                Incr(ns)  Path(ns)    Netlist Resource(s)
  -------------------------------------------------------------------    -------------------
                         (clock ublaze_i/mdm_1/U0/Use_E2.BSCAN_I/Use_E2.BSCANE2_I/DRCK rise edge)
                                                      0.000     0.000 r  
    BSCAN_X0Y1           BSCANE2                      0.000     0.000 r  ublaze_i/mdm_1/U0/Use_E2.BSCAN_I/Use_E2.BSCANE2_I/DRCK
                         net (fo=1, routed)           1.905     1.905    ublaze_i/mdm_1/U0/No_Dbg_Reg_Access.BUFG_DRCK/DRCK
    BUFGCTRL_X0Y1        BUFG (Prop_bufg_I_O)         0.096     2.001 r  ublaze_i/mdm_1/U0/No_Dbg_Reg_Access.BUFG_DRCK/Using_FPGA.Native/O
                         net (fo=232, routed)         1.565     3.567    ublaze_i/mdm_1/U0/MDM_Core_I1/JTAG_CONTROL_I/Using_FPGA.Native
    SLICE_X43Y42         FDCE                                         r  ublaze_i/mdm_1/U0/MDM_Core_I1/JTAG_CONTROL_I/tdi_shifter_reg[3]/C
  -------------------------------------------------------------------    -------------------
    SLICE_X43Y42         FDCE (Prop_fdce_C_Q)         0.456     4.023 f  ublaze_i/mdm_1/U0/MDM_Core_I1/JTAG_CONTROL_I/tdi_shifter_reg[3]/Q
                         net (fo=3, routed)           1.269     5.292    ublaze_i/mdm_1/U0/MDM_Core_I1/JTAG_CONTROL_I/Use_BSCAN.FDC_I/Debug_Rst_i_reg[4]
    SLICE_X43Y42         LUT6 (Prop_lut6_I1_O)        0.124     5.416 r  ublaze_i/mdm_1/U0/MDM_Core_I1/JTAG_CONTROL_I/Use_BSCAN.FDC_I/Using_FPGA.Native_i_2/O
                         net (fo=1, routed)           0.433     5.849    ublaze_i/mdm_1/U0/MDM_Core_I1/JTAG_CONTROL_I/Use_BSCAN.FDC_I/Using_FPGA.Native_i_2_n_0
    SLICE_X43Y42         LUT5 (Prop_lut5_I0_O)        0.124     5.973 r  ublaze_i/mdm_1/U0/MDM_Core_I1/JTAG_CONTROL_I/Use_BSCAN.FDC_I/Using_FPGA.Native_i_1/O
                         net (fo=1, routed)           0.521     6.494    ublaze_i/mdm_1/U0/MDM_Core_I1/JTAG_CONTROL_I/Use_BSCAN.SYNC_FDRE/CE
    SLICE_X42Y42         FDRE                                         r  ublaze_i/mdm_1/U0/MDM_Core_I1/JTAG_CONTROL_I/Use_BSCAN.SYNC_FDRE/Using_FPGA.Native/CE
  -------------------------------------------------------------------    -------------------

                         (clock ublaze_i/mdm_1/U0/Use_E2.BSCAN_I/Use_E2.BSCANE2_I/DRCK fall edge)
                                                     16.667    16.667 f  
    BSCAN_X0Y1           BSCANE2                      0.000    16.667 f  ublaze_i/mdm_1/U0/Use_E2.BSCAN_I/Use_E2.BSCANE2_I/DRCK
                         net (fo=1, routed)           1.636    18.303    ublaze_i/mdm_1/U0/No_Dbg_Reg_Access.BUFG_DRCK/DRCK
    BUFGCTRL_X0Y1        BUFG (Prop_bufg_I_O)         0.091    18.394 f  ublaze_i/mdm_1/U0/No_Dbg_Reg_Access.BUFG_DRCK/Using_FPGA.Native/O
                         net (fo=232, routed)         1.446    19.840    ublaze_i/mdm_1/U0/MDM_Core_I1/JTAG_CONTROL_I/Use_BSCAN.SYNC_FDRE/Using_FPGA.Native_0
    SLICE_X42Y42         FDRE                                         r  ublaze_i/mdm_1/U0/MDM_Core_I1/JTAG_CONTROL_I/Use_BSCAN.SYNC_FDRE/Using_FPGA.Native/C  (IS_INVERTED)
                         clock pessimism              0.371    20.211    
                         clock uncertainty           -0.035    20.176    
    SLICE_X42Y42         FDRE (Setup_fdre_C_CE)      -0.164    20.012    ublaze_i/mdm_1/U0/MDM_Core_I1/JTAG_CONTROL_I/Use_BSCAN.SYNC_FDRE/Using_FPGA.Native
  -------------------------------------------------------------------
                         required time                         20.012    
                         arrival time                          -6.494    
  -------------------------------------------------------------------
                         slack                                 13.517    

Slack (MET) :             13.767ns  (required time - arrival time)
  Source:                 ublaze_i/mdm_1/U0/MDM_Core_I1/JTAG_CONTROL_I/Use_BSCAN.SYNC_FDRE/Using_FPGA.Native/C
                            (falling edge-triggered cell FDRE clocked by ublaze_i/mdm_1/U0/Use_E2.BSCAN_I/Use_E2.BSCANE2_I/DRCK  {rise@0.000ns fall@16.667ns period=33.333ns})
  Destination:            ublaze_i/microblaze_0/U0/MicroBlaze_Core_I/Performance.Core/Use_Debug_Logic.Master_Core.Debug_Perf/Serial_Dbg_Intf.shift_count_reg[3]/D
                            (rising edge-triggered cell FDCE clocked by ublaze_i/mdm_1/U0/Use_E2.BSCAN_I/Use_E2.BSCANE2_I/DRCK  {rise@0.000ns fall@16.667ns period=33.333ns})
  Path Group:             ublaze_i/mdm_1/U0/Use_E2.BSCAN_I/Use_E2.BSCANE2_I/DRCK
  Path Type:              Setup (Max at Slow Process Corner)
  Requirement:            16.667ns  (ublaze_i/mdm_1/U0/Use_E2.BSCAN_I/Use_E2.BSCANE2_I/DRCK rise@33.333ns - ublaze_i/mdm_1/U0/Use_E2.BSCAN_I/Use_E2.BSCANE2_I/DRCK fall@16.667ns)
  Data Path Delay:        2.921ns  (logic 0.798ns (27.318%)  route 2.123ns (72.682%))
  Logic Levels:           2  (LUT5=1 LUT6=1)
  Clock Path Skew:        -0.035ns (DCD - SCD + CPR)
    Destination Clock Delay (DCD):    3.178ns = ( 36.511 - 33.333 ) 
    Source Clock Delay      (SCD):    3.567ns = ( 20.233 - 16.667 ) 
    Clock Pessimism Removal (CPR):    0.354ns
  Clock Uncertainty:      0.035ns  ((TSJ^2 + TIJ^2)^1/2 + DJ) / 2 + PE
    Total System Jitter     (TSJ):    0.071ns
    Total Input Jitter      (TIJ):    0.000ns
    Discrete Jitter          (DJ):    0.000ns
    Phase Error              (PE):    0.000ns

    Location             Delay type                Incr(ns)  Path(ns)    Netlist Resource(s)
  -------------------------------------------------------------------    -------------------
                         (clock ublaze_i/mdm_1/U0/Use_E2.BSCAN_I/Use_E2.BSCANE2_I/DRCK fall edge)
                                                     16.667    16.667 f  
    BSCAN_X0Y1           BSCANE2                      0.000    16.667 f  ublaze_i/mdm_1/U0/Use_E2.BSCAN_I/Use_E2.BSCANE2_I/DRCK
                         net (fo=1, routed)           1.905    18.572    ublaze_i/mdm_1/U0/No_Dbg_Reg_Access.BUFG_DRCK/DRCK
    BUFGCTRL_X0Y1        BUFG (Prop_bufg_I_O)         0.096    18.668 f  ublaze_i/mdm_1/U0/No_Dbg_Reg_Access.BUFG_DRCK/Using_FPGA.Native/O
                         net (fo=232, routed)         1.565    20.233    ublaze_i/mdm_1/U0/MDM_Core_I1/JTAG_CONTROL_I/Use_BSCAN.SYNC_FDRE/Using_FPGA.Native_0
    SLICE_X42Y42         FDRE                                         r  ublaze_i/mdm_1/U0/MDM_Core_I1/JTAG_CONTROL_I/Use_BSCAN.SYNC_FDRE/Using_FPGA.Native/C  (IS_INVERTED)
  -------------------------------------------------------------------    -------------------
    SLICE_X42Y42         FDRE (Prop_fdre_C_Q)         0.524    20.757 r  ublaze_i/mdm_1/U0/MDM_Core_I1/JTAG_CONTROL_I/Use_BSCAN.SYNC_FDRE/Using_FPGA.Native/Q
                         net (fo=4, routed)           0.533    21.290    ublaze_i/mdm_1/U0/MDM_Core_I1/JTAG_CONTROL_I/Use_BSCAN.SYNC_FDRE/sync
    SLICE_X42Y42         LUT6 (Prop_lut6_I0_O)        0.124    21.414 r  ublaze_i/mdm_1/U0/MDM_Core_I1/JTAG_CONTROL_I/Use_BSCAN.SYNC_FDRE/Dbg_Shift_31_INST_0/O
                         net (fo=8, routed)           1.590    23.004    ublaze_i/microblaze_0/U0/MicroBlaze_Core_I/Performance.Core/Use_Debug_Logic.Master_Core.Debug_Perf/Dbg_Shift
    SLICE_X50Y40         LUT5 (Prop_lut5_I4_O)        0.150    23.154 r  ublaze_i/microblaze_0/U0/MicroBlaze_Core_I/Performance.Core/Use_Debug_Logic.Master_Core.Debug_Perf/Serial_Dbg_Intf.shift_count[3]_i_1/O
                         net (fo=1, routed)           0.000    23.154    ublaze_i/microblaze_0/U0/MicroBlaze_Core_I/Performance.Core/Use_Debug_Logic.Master_Core.Debug_Perf/p_0_in[3]
    SLICE_X50Y40         FDCE                                         r  ublaze_i/microblaze_0/U0/MicroBlaze_Core_I/Performance.Core/Use_Debug_Logic.Master_Core.Debug_Perf/Serial_Dbg_Intf.shift_count_reg[3]/D
  -------------------------------------------------------------------    -------------------

                         (clock ublaze_i/mdm_1/U0/Use_E2.BSCAN_I/Use_E2.BSCANE2_I/DRCK rise edge)
                                                     33.333    33.333 r  
    BSCAN_X0Y1           BSCANE2                      0.000    33.333 r  ublaze_i/mdm_1/U0/Use_E2.BSCAN_I/Use_E2.BSCANE2_I/DRCK
                         net (fo=1, routed)           1.636    34.969    ublaze_i/mdm_1/U0/No_Dbg_Reg_Access.BUFG_DRCK/DRCK
    BUFGCTRL_X0Y1        BUFG (Prop_bufg_I_O)         0.091    35.060 r  ublaze_i/mdm_1/U0/No_Dbg_Reg_Access.BUFG_DRCK/Using_FPGA.Native/O
                         net (fo=232, routed)         1.450    36.511    ublaze_i/microblaze_0/U0/MicroBlaze_Core_I/Performance.Core/Use_Debug_Logic.Master_Core.Debug_Perf/Dbg_Clk
    SLICE_X50Y40         FDCE                                         r  ublaze_i/microblaze_0/U0/MicroBlaze_Core_I/Performance.Core/Use_Debug_Logic.Master_Core.Debug_Perf/Serial_Dbg_Intf.shift_count_reg[3]/C
                         clock pessimism              0.354    36.865    
                         clock uncertainty           -0.035    36.829    
    SLICE_X50Y40         FDCE (Setup_fdce_C_D)        0.092    36.921    ublaze_i/microblaze_0/U0/MicroBlaze_Core_I/Performance.Core/Use_Debug_Logic.Master_Core.Debug_Perf/Serial_Dbg_Intf.shift_count_reg[3]
  -------------------------------------------------------------------
                         required time                         36.921    
                         arrival time                         -23.154    
  -------------------------------------------------------------------
                         slack                                 13.767    

Slack (MET) :             13.867ns  (required time - arrival time)
  Source:                 ublaze_i/mdm_1/U0/MDM_Core_I1/JTAG_CONTROL_I/Use_BSCAN.SYNC_FDRE/Using_FPGA.Native/C
                            (falling edge-triggered cell FDRE clocked by ublaze_i/mdm_1/U0/Use_E2.BSCAN_I/Use_E2.BSCANE2_I/DRCK  {rise@0.000ns fall@16.667ns period=33.333ns})
  Destination:            ublaze_i/microblaze_0/U0/MicroBlaze_Core_I/Performance.Core/Use_Debug_Logic.Master_Core.Debug_Perf/Serial_Dbg_Intf.shift_count_reg[2]/D
                            (rising edge-triggered cell FDCE clocked by ublaze_i/mdm_1/U0/Use_E2.BSCAN_I/Use_E2.BSCANE2_I/DRCK  {rise@0.000ns fall@16.667ns period=33.333ns})
  Path Group:             ublaze_i/mdm_1/U0/Use_E2.BSCAN_I/Use_E2.BSCANE2_I/DRCK
  Path Type:              Setup (Max at Slow Process Corner)
  Requirement:            16.667ns  (ublaze_i/mdm_1/U0/Use_E2.BSCAN_I/Use_E2.BSCANE2_I/DRCK rise@33.333ns - ublaze_i/mdm_1/U0/Use_E2.BSCAN_I/Use_E2.BSCANE2_I/DRCK fall@16.667ns)
  Data Path Delay:        2.775ns  (logic 0.798ns (28.759%)  route 1.977ns (71.241%))
  Logic Levels:           2  (LUT4=1 LUT6=1)
  Clock Path Skew:        -0.036ns (DCD - SCD + CPR)
    Destination Clock Delay (DCD):    3.177ns = ( 36.510 - 33.333 ) 
    Source Clock Delay      (SCD):    3.567ns = ( 20.233 - 16.667 ) 
    Clock Pessimism Removal (CPR):    0.354ns
  Clock Uncertainty:      0.035ns  ((TSJ^2 + TIJ^2)^1/2 + DJ) / 2 + PE
    Total System Jitter     (TSJ):    0.071ns
    Total Input Jitter      (TIJ):    0.000ns
    Discrete Jitter          (DJ):    0.000ns
    Phase Error              (PE):    0.000ns

    Location             Delay type                Incr(ns)  Path(ns)    Netlist Resource(s)
  -------------------------------------------------------------------    -------------------
                         (clock ublaze_i/mdm_1/U0/Use_E2.BSCAN_I/Use_E2.BSCANE2_I/DRCK fall edge)
                                                     16.667    16.667 f  
    BSCAN_X0Y1           BSCANE2                      0.000    16.667 f  ublaze_i/mdm_1/U0/Use_E2.BSCAN_I/Use_E2.BSCANE2_I/DRCK
                         net (fo=1, routed)           1.905    18.572    ublaze_i/mdm_1/U0/No_Dbg_Reg_Access.BUFG_DRCK/DRCK
    BUFGCTRL_X0Y1        BUFG (Prop_bufg_I_O)         0.096    18.668 f  ublaze_i/mdm_1/U0/No_Dbg_Reg_Access.BUFG_DRCK/Using_FPGA.Native/O
                         net (fo=232, routed)         1.565    20.233    ublaze_i/mdm_1/U0/MDM_Core_I1/JTAG_CONTROL_I/Use_BSCAN.SYNC_FDRE/Using_FPGA.Native_0
    SLICE_X42Y42         FDRE                                         r  ublaze_i/mdm_1/U0/MDM_Core_I1/JTAG_CONTROL_I/Use_BSCAN.SYNC_FDRE/Using_FPGA.Native/C  (IS_INVERTED)
  -------------------------------------------------------------------    -------------------
    SLICE_X42Y42         FDRE (Prop_fdre_C_Q)         0.524    20.757 r  ublaze_i/mdm_1/U0/MDM_Core_I1/JTAG_CONTROL_I/Use_BSCAN.SYNC_FDRE/Using_FPGA.Native/Q
                         net (fo=4, routed)           0.533    21.290    ublaze_i/mdm_1/U0/MDM_Core_I1/JTAG_CONTROL_I/Use_BSCAN.SYNC_FDRE/sync
    SLICE_X42Y42         LUT6 (Prop_lut6_I0_O)        0.124    21.414 r  ublaze_i/mdm_1/U0/MDM_Core_I1/JTAG_CONTROL_I/Use_BSCAN.SYNC_FDRE/Dbg_Shift_31_INST_0/O
                         net (fo=8, routed)           1.443    22.858    ublaze_i/microblaze_0/U0/MicroBlaze_Core_I/Performance.Core/Use_Debug_Logic.Master_Core.Debug_Perf/Dbg_Shift
    SLICE_X48Y39         LUT4 (Prop_lut4_I3_O)        0.150    23.008 r  ublaze_i/microblaze_0/U0/MicroBlaze_Core_I/Performance.Core/Use_Debug_Logic.Master_Core.Debug_Perf/Serial_Dbg_Intf.shift_count[2]_i_1/O
                         net (fo=1, routed)           0.000    23.008    ublaze_i/microblaze_0/U0/MicroBlaze_Core_I/Performance.Core/Use_Debug_Logic.Master_Core.Debug_Perf/p_0_in[2]
    SLICE_X48Y39         FDCE                                         r  ublaze_i/microblaze_0/U0/MicroBlaze_Core_I/Performance.Core/Use_Debug_Logic.Master_Core.Debug_Perf/Serial_Dbg_Intf.shift_count_reg[2]/D
  -------------------------------------------------------------------    -------------------

                         (clock ublaze_i/mdm_1/U0/Use_E2.BSCAN_I/Use_E2.BSCANE2_I/DRCK rise edge)
                                                     33.333    33.333 r  
    BSCAN_X0Y1           BSCANE2                      0.000    33.333 r  ublaze_i/mdm_1/U0/Use_E2.BSCAN_I/Use_E2.BSCANE2_I/DRCK
                         net (fo=1, routed)           1.636    34.969    ublaze_i/mdm_1/U0/No_Dbg_Reg_Access.BUFG_DRCK/DRCK
    BUFGCTRL_X0Y1        BUFG (Prop_bufg_I_O)         0.091    35.060 r  ublaze_i/mdm_1/U0/No_Dbg_Reg_Access.BUFG_DRCK/Using_FPGA.Native/O
                         net (fo=232, routed)         1.449    36.510    ublaze_i/microblaze_0/U0/MicroBlaze_Core_I/Performance.Core/Use_Debug_Logic.Master_Core.Debug_Perf/Dbg_Clk
    SLICE_X48Y39         FDCE                                         r  ublaze_i/microblaze_0/U0/MicroBlaze_Core_I/Performance.Core/Use_Debug_Logic.Master_Core.Debug_Perf/Serial_Dbg_Intf.shift_count_reg[2]/C
                         clock pessimism              0.354    36.864    
                         clock uncertainty           -0.035    36.828    
    SLICE_X48Y39         FDCE (Setup_fdce_C_D)        0.047    36.875    ublaze_i/microblaze_0/U0/MicroBlaze_Core_I/Performance.Core/Use_Debug_Logic.Master_Core.Debug_Perf/Serial_Dbg_Intf.shift_count_reg[2]
  -------------------------------------------------------------------
                         required time                         36.875    
                         arrival time                         -23.008    
  -------------------------------------------------------------------
                         slack                                 13.867    

Slack (MET) :             13.912ns  (required time - arrival time)
  Source:                 ublaze_i/mdm_1/U0/MDM_Core_I1/JTAG_CONTROL_I/Use_BSCAN.SYNC_FDRE/Using_FPGA.Native/C
                            (falling edge-triggered cell FDRE clocked by ublaze_i/mdm_1/U0/Use_E2.BSCAN_I/Use_E2.BSCANE2_I/DRCK  {rise@0.000ns fall@16.667ns period=33.333ns})
  Destination:            ublaze_i/microblaze_0/U0/MicroBlaze_Core_I/Performance.Core/Use_Debug_Logic.Master_Core.Debug_Perf/Serial_Dbg_Intf.shift_count_reg[5]/D
                            (rising edge-triggered cell FDCE clocked by ublaze_i/mdm_1/U0/Use_E2.BSCAN_I/Use_E2.BSCANE2_I/DRCK  {rise@0.000ns fall@16.667ns period=33.333ns})
  Path Group:             ublaze_i/mdm_1/U0/Use_E2.BSCAN_I/Use_E2.BSCANE2_I/DRCK
  Path Type:              Setup (Max at Slow Process Corner)
  Requirement:            16.667ns  (ublaze_i/mdm_1/U0/Use_E2.BSCAN_I/Use_E2.BSCANE2_I/DRCK rise@33.333ns - ublaze_i/mdm_1/U0/Use_E2.BSCAN_I/Use_E2.BSCANE2_I/DRCK fall@16.667ns)
  Data Path Delay:        2.715ns  (logic 0.772ns (28.433%)  route 1.943ns (71.567%))
  Logic Levels:           2  (LUT3=1 LUT6=1)
  Clock Path Skew:        -0.035ns (DCD - SCD + CPR)
    Destination Clock Delay (DCD):    3.178ns = ( 36.511 - 33.333 ) 
    Source Clock Delay      (SCD):    3.567ns = ( 20.233 - 16.667 ) 
    Clock Pessimism Removal (CPR):    0.354ns
  Clock Uncertainty:      0.035ns  ((TSJ^2 + TIJ^2)^1/2 + DJ) / 2 + PE
    Total System Jitter     (TSJ):    0.071ns
    Total Input Jitter      (TIJ):    0.000ns
    Discrete Jitter          (DJ):    0.000ns
    Phase Error              (PE):    0.000ns

    Location             Delay type                Incr(ns)  Path(ns)    Netlist Resource(s)
  -------------------------------------------------------------------    -------------------
                         (clock ublaze_i/mdm_1/U0/Use_E2.BSCAN_I/Use_E2.BSCANE2_I/DRCK fall edge)
                                                     16.667    16.667 f  
    BSCAN_X0Y1           BSCANE2                      0.000    16.667 f  ublaze_i/mdm_1/U0/Use_E2.BSCAN_I/Use_E2.BSCANE2_I/DRCK
                         net (fo=1, routed)           1.905    18.572    ublaze_i/mdm_1/U0/No_Dbg_Reg_Access.BUFG_DRCK/DRCK
    BUFGCTRL_X0Y1        BUFG (Prop_bufg_I_O)         0.096    18.668 f  ublaze_i/mdm_1/U0/No_Dbg_Reg_Access.BUFG_DRCK/Using_FPGA.Native/O
                         net (fo=232, routed)         1.565    20.233    ublaze_i/mdm_1/U0/MDM_Core_I1/JTAG_CONTROL_I/Use_BSCAN.SYNC_FDRE/Using_FPGA.Native_0
    SLICE_X42Y42         FDRE                                         r  ublaze_i/mdm_1/U0/MDM_Core_I1/JTAG_CONTROL_I/Use_BSCAN.SYNC_FDRE/Using_FPGA.Native/C  (IS_INVERTED)
  -------------------------------------------------------------------    -------------------
    SLICE_X42Y42         FDRE (Prop_fdre_C_Q)         0.524    20.757 r  ublaze_i/mdm_1/U0/MDM_Core_I1/JTAG_CONTROL_I/Use_BSCAN.SYNC_FDRE/Using_FPGA.Native/Q
                         net (fo=4, routed)           0.533    21.290    ublaze_i/mdm_1/U0/MDM_Core_I1/JTAG_CONTROL_I/Use_BSCAN.SYNC_FDRE/sync
    SLICE_X42Y42         LUT6 (Prop_lut6_I0_O)        0.124    21.414 r  ublaze_i/mdm_1/U0/MDM_Core_I1/JTAG_CONTROL_I/Use_BSCAN.SYNC_FDRE/Dbg_Shift_31_INST_0/O
                         net (fo=8, routed)           1.410    22.824    ublaze_i/microblaze_0/U0/MicroBlaze_Core_I/Performance.Core/Use_Debug_Logic.Master_Core.Debug_Perf/Dbg_Shift
    SLICE_X51Y40         LUT3 (Prop_lut3_I2_O)        0.124    22.948 r  ublaze_i/microblaze_0/U0/MicroBlaze_Core_I/Performance.Core/Use_Debug_Logic.Master_Core.Debug_Perf/Serial_Dbg_Intf.shift_count[5]_i_1/O
                         net (fo=1, routed)           0.000    22.948    ublaze_i/microblaze_0/U0/MicroBlaze_Core_I/Performance.Core/Use_Debug_Logic.Master_Core.Debug_Perf/p_0_in[5]
    SLICE_X51Y40         FDCE                                         r  ublaze_i/microblaze_0/U0/MicroBlaze_Core_I/Performance.Core/Use_Debug_Logic.Master_Core.Debug_Perf/Serial_Dbg_Intf.shift_count_reg[5]/D
  -------------------------------------------------------------------    -------------------

                         (clock ublaze_i/mdm_1/U0/Use_E2.BSCAN_I/Use_E2.BSCANE2_I/DRCK rise edge)
                                                     33.333    33.333 r  
    BSCAN_X0Y1           BSCANE2                      0.000    33.333 r  ublaze_i/mdm_1/U0/Use_E2.BSCAN_I/Use_E2.BSCANE2_I/DRCK
                         net (fo=1, routed)           1.636    34.969    ublaze_i/mdm_1/U0/No_Dbg_Reg_Access.BUFG_DRCK/DRCK
    BUFGCTRL_X0Y1        BUFG (Prop_bufg_I_O)         0.091    35.060 r  ublaze_i/mdm_1/U0/No_Dbg_Reg_Access.BUFG_DRCK/Using_FPGA.Native/O
                         net (fo=232, routed)         1.450    36.511    ublaze_i/microblaze_0/U0/MicroBlaze_Core_I/Performance.Core/Use_Debug_Logic.Master_Core.Debug_Perf/Dbg_Clk
    SLICE_X51Y40         FDCE                                         r  ublaze_i/microblaze_0/U0/MicroBlaze_Core_I/Performance.Core/Use_Debug_Logic.Master_Core.Debug_Perf/Serial_Dbg_Intf.shift_count_reg[5]/C
                         clock pessimism              0.354    36.865    
                         clock uncertainty           -0.035    36.829    
    SLICE_X51Y40         FDCE (Setup_fdce_C_D)        0.031    36.860    ublaze_i/microblaze_0/U0/MicroBlaze_Core_I/Performance.Core/Use_Debug_Logic.Master_Core.Debug_Perf/Serial_Dbg_Intf.shift_count_reg[5]
  -------------------------------------------------------------------
                         required time                         36.860    
                         arrival time                         -22.948    
  -------------------------------------------------------------------
                         slack                                 13.912    

Slack (MET) :             14.111ns  (required time - arrival time)
  Source:                 ublaze_i/mdm_1/U0/MDM_Core_I1/JTAG_CONTROL_I/Use_BSCAN.SYNC_FDRE/Using_FPGA.Native/C
                            (falling edge-triggered cell FDRE clocked by ublaze_i/mdm_1/U0/Use_E2.BSCAN_I/Use_E2.BSCANE2_I/DRCK  {rise@0.000ns fall@16.667ns period=33.333ns})
  Destination:            ublaze_i/microblaze_0/U0/MicroBlaze_Core_I/Performance.Core/Use_Debug_Logic.Master_Core.Debug_Perf/Serial_Dbg_Intf.shift_count_reg[0]/D
                            (rising edge-triggered cell FDCE clocked by ublaze_i/mdm_1/U0/Use_E2.BSCAN_I/Use_E2.BSCANE2_I/DRCK  {rise@0.000ns fall@16.667ns period=33.333ns})
  Path Group:             ublaze_i/mdm_1/U0/Use_E2.BSCAN_I/Use_E2.BSCANE2_I/DRCK
  Path Type:              Setup (Max at Slow Process Corner)
  Requirement:            16.667ns  (ublaze_i/mdm_1/U0/Use_E2.BSCAN_I/Use_E2.BSCANE2_I/DRCK rise@33.333ns - ublaze_i/mdm_1/U0/Use_E2.BSCAN_I/Use_E2.BSCANE2_I/DRCK fall@16.667ns)
  Data Path Delay:        2.513ns  (logic 0.772ns (30.722%)  route 1.741ns (69.278%))
  Logic Levels:           2  (LUT2=1 LUT6=1)
  Clock Path Skew:        -0.036ns (DCD - SCD + CPR)
    Destination Clock Delay (DCD):    3.177ns = ( 36.510 - 33.333 ) 
    Source Clock Delay      (SCD):    3.567ns = ( 20.233 - 16.667 ) 
    Clock Pessimism Removal (CPR):    0.354ns
  Clock Uncertainty:      0.035ns  ((TSJ^2 + TIJ^2)^1/2 + DJ) / 2 + PE
    Total System Jitter     (TSJ):    0.071ns
    Total Input Jitter      (TIJ):    0.000ns
    Discrete Jitter          (DJ):    0.000ns
    Phase Error              (PE):    0.000ns

    Location             Delay type                Incr(ns)  Path(ns)    Netlist Resource(s)
  -------------------------------------------------------------------    -------------------
                         (clock ublaze_i/mdm_1/U0/Use_E2.BSCAN_I/Use_E2.BSCANE2_I/DRCK fall edge)
                                                     16.667    16.667 f  
    BSCAN_X0Y1           BSCANE2                      0.000    16.667 f  ublaze_i/mdm_1/U0/Use_E2.BSCAN_I/Use_E2.BSCANE2_I/DRCK
                         net (fo=1, routed)           1.905    18.572    ublaze_i/mdm_1/U0/No_Dbg_Reg_Access.BUFG_DRCK/DRCK
    BUFGCTRL_X0Y1        BUFG (Prop_bufg_I_O)         0.096    18.668 f  ublaze_i/mdm_1/U0/No_Dbg_Reg_Access.BUFG_DRCK/Using_FPGA.Native/O
                         net (fo=232, routed)         1.565    20.233    ublaze_i/mdm_1/U0/MDM_Core_I1/JTAG_CONTROL_I/Use_BSCAN.SYNC_FDRE/Using_FPGA.Native_0
    SLICE_X42Y42         FDRE                                         r  ublaze_i/mdm_1/U0/MDM_Core_I1/JTAG_CONTROL_I/Use_BSCAN.SYNC_FDRE/Using_FPGA.Native/C  (IS_INVERTED)
  -------------------------------------------------------------------    -------------------
    SLICE_X42Y42         FDRE (Prop_fdre_C_Q)         0.524    20.757 r  ublaze_i/mdm_1/U0/MDM_Core_I1/JTAG_CONTROL_I/Use_BSCAN.SYNC_FDRE/Using_FPGA.Native/Q
                         net (fo=4, routed)           0.533    21.290    ublaze_i/mdm_1/U0/MDM_Core_I1/JTAG_CONTROL_I/Use_BSCAN.SYNC_FDRE/sync
    SLICE_X42Y42         LUT6 (Prop_lut6_I0_O)        0.124    21.414 r  ublaze_i/mdm_1/U0/MDM_Core_I1/JTAG_CONTROL_I/Use_BSCAN.SYNC_FDRE/Dbg_Shift_31_INST_0/O
                         net (fo=8, routed)           1.208    22.622    ublaze_i/microblaze_0/U0/MicroBlaze_Core_I/Performance.Core/Use_Debug_Logic.Master_Core.Debug_Perf/Dbg_Shift
    SLICE_X48Y40         LUT2 (Prop_lut2_I0_O)        0.124    22.746 r  ublaze_i/microblaze_0/U0/MicroBlaze_Core_I/Performance.Core/Use_Debug_Logic.Master_Core.Debug_Perf/Serial_Dbg_Intf.shift_count[0]_i_1/O
                         net (fo=1, routed)           0.000    22.746    ublaze_i/microblaze_0/U0/MicroBlaze_Core_I/Performance.Core/Use_Debug_Logic.Master_Core.Debug_Perf/Serial_Dbg_Intf.shift_count[0]_i_1_n_0
    SLICE_X48Y40         FDCE                                         r  ublaze_i/microblaze_0/U0/MicroBlaze_Core_I/Performance.Core/Use_Debug_Logic.Master_Core.Debug_Perf/Serial_Dbg_Intf.shift_count_reg[0]/D
  -------------------------------------------------------------------    -------------------

                         (clock ublaze_i/mdm_1/U0/Use_E2.BSCAN_I/Use_E2.BSCANE2_I/DRCK rise edge)
                                                     33.333    33.333 r  
    BSCAN_X0Y1           BSCANE2                      0.000    33.333 r  ublaze_i/mdm_1/U0/Use_E2.BSCAN_I/Use_E2.BSCANE2_I/DRCK
                         net (fo=1, routed)           1.636    34.969    ublaze_i/mdm_1/U0/No_Dbg_Reg_Access.BUFG_DRCK/DRCK
    BUFGCTRL_X0Y1        BUFG (Prop_bufg_I_O)         0.091    35.060 r  ublaze_i/mdm_1/U0/No_Dbg_Reg_Access.BUFG_DRCK/Using_FPGA.Native/O
                         net (fo=232, routed)         1.449    36.510    ublaze_i/microblaze_0/U0/MicroBlaze_Core_I/Performance.Core/Use_Debug_Logic.Master_Core.Debug_Perf/Dbg_Clk
    SLICE_X48Y40         FDCE                                         r  ublaze_i/microblaze_0/U0/MicroBlaze_Core_I/Performance.Core/Use_Debug_Logic.Master_Core.Debug_Perf/Serial_Dbg_Intf.shift_count_reg[0]/C
                         clock pessimism              0.354    36.864    
                         clock uncertainty           -0.035    36.828    
    SLICE_X48Y40         FDCE (Setup_fdce_C_D)        0.029    36.857    ublaze_i/microblaze_0/U0/MicroBlaze_Core_I/Performance.Core/Use_Debug_Logic.Master_Core.Debug_Perf/Serial_Dbg_Intf.shift_count_reg[0]
  -------------------------------------------------------------------
                         required time                         36.857    
                         arrival time                         -22.746    
  -------------------------------------------------------------------
                         slack                                 14.111    

Slack (MET) :             14.129ns  (required time - arrival time)
  Source:                 ublaze_i/mdm_1/U0/MDM_Core_I1/JTAG_CONTROL_I/Use_BSCAN.SYNC_FDRE/Using_FPGA.Native/C
                            (falling edge-triggered cell FDRE clocked by ublaze_i/mdm_1/U0/Use_E2.BSCAN_I/Use_E2.BSCANE2_I/DRCK  {rise@0.000ns fall@16.667ns period=33.333ns})
  Destination:            ublaze_i/microblaze_0/U0/MicroBlaze_Core_I/Performance.Core/Use_Debug_Logic.Master_Core.Debug_Perf/Serial_Dbg_Intf.shift_count_reg[1]/D
                            (rising edge-triggered cell FDCE clocked by ublaze_i/mdm_1/U0/Use_E2.BSCAN_I/Use_E2.BSCANE2_I/DRCK  {rise@0.000ns fall@16.667ns period=33.333ns})
  Path Group:             ublaze_i/mdm_1/U0/Use_E2.BSCAN_I/Use_E2.BSCANE2_I/DRCK
  Path Type:              Setup (Max at Slow Process Corner)
  Requirement:            16.667ns  (ublaze_i/mdm_1/U0/Use_E2.BSCAN_I/Use_E2.BSCANE2_I/DRCK rise@33.333ns - ublaze_i/mdm_1/U0/Use_E2.BSCAN_I/Use_E2.BSCANE2_I/DRCK fall@16.667ns)
  Data Path Delay:        2.541ns  (logic 0.800ns (31.486%)  route 1.741ns (68.515%))
  Logic Levels:           2  (LUT3=1 LUT6=1)
  Clock Path Skew:        -0.036ns (DCD - SCD + CPR)
    Destination Clock Delay (DCD):    3.177ns = ( 36.510 - 33.333 ) 
    Source Clock Delay      (SCD):    3.567ns = ( 20.233 - 16.667 ) 
    Clock Pessimism Removal (CPR):    0.354ns
  Clock Uncertainty:      0.035ns  ((TSJ^2 + TIJ^2)^1/2 + DJ) / 2 + PE
    Total System Jitter     (TSJ):    0.071ns
    Total Input Jitter      (TIJ):    0.000ns
    Discrete Jitter          (DJ):    0.000ns
    Phase Error              (PE):    0.000ns

    Location             Delay type                Incr(ns)  Path(ns)    Netlist Resource(s)
  -------------------------------------------------------------------    -------------------
                         (clock ublaze_i/mdm_1/U0/Use_E2.BSCAN_I/Use_E2.BSCANE2_I/DRCK fall edge)
                                                     16.667    16.667 f  
    BSCAN_X0Y1           BSCANE2                      0.000    16.667 f  ublaze_i/mdm_1/U0/Use_E2.BSCAN_I/Use_E2.BSCANE2_I/DRCK
                         net (fo=1, routed)           1.905    18.572    ublaze_i/mdm_1/U0/No_Dbg_Reg_Access.BUFG_DRCK/DRCK
    BUFGCTRL_X0Y1        BUFG (Prop_bufg_I_O)         0.096    18.668 f  ublaze_i/mdm_1/U0/No_Dbg_Reg_Access.BUFG_DRCK/Using_FPGA.Native/O
                         net (fo=232, routed)         1.565    20.233    ublaze_i/mdm_1/U0/MDM_Core_I1/JTAG_CONTROL_I/Use_BSCAN.SYNC_FDRE/Using_FPGA.Native_0
    SLICE_X42Y42         FDRE                                         r  ublaze_i/mdm_1/U0/MDM_Core_I1/JTAG_CONTROL_I/Use_BSCAN.SYNC_FDRE/Using_FPGA.Native/C  (IS_INVERTED)
  -------------------------------------------------------------------    -------------------
    SLICE_X42Y42         FDRE (Prop_fdre_C_Q)         0.524    20.757 r  ublaze_i/mdm_1/U0/MDM_Core_I1/JTAG_CONTROL_I/Use_BSCAN.SYNC_FDRE/Using_FPGA.Native/Q
                         net (fo=4, routed)           0.533    21.290    ublaze_i/mdm_1/U0/MDM_Core_I1/JTAG_CONTROL_I/Use_BSCAN.SYNC_FDRE/sync
    SLICE_X42Y42         LUT6 (Prop_lut6_I0_O)        0.124    21.414 r  ublaze_i/mdm_1/U0/MDM_Core_I1/JTAG_CONTROL_I/Use_BSCAN.SYNC_FDRE/Dbg_Shift_31_INST_0/O
                         net (fo=8, routed)           1.208    22.622    ublaze_i/microblaze_0/U0/MicroBlaze_Core_I/Performance.Core/Use_Debug_Logic.Master_Core.Debug_Perf/Dbg_Shift
    SLICE_X48Y40         LUT3 (Prop_lut3_I2_O)        0.152    22.774 r  ublaze_i/microblaze_0/U0/MicroBlaze_Core_I/Performance.Core/Use_Debug_Logic.Master_Core.Debug_Perf/Serial_Dbg_Intf.shift_count[1]_i_1/O
                         net (fo=1, routed)           0.000    22.774    ublaze_i/microblaze_0/U0/MicroBlaze_Core_I/Performance.Core/Use_Debug_Logic.Master_Core.Debug_Perf/p_0_in[1]
    SLICE_X48Y40         FDCE                                         r  ublaze_i/microblaze_0/U0/MicroBlaze_Core_I/Performance.Core/Use_Debug_Logic.Master_Core.Debug_Perf/Serial_Dbg_Intf.shift_count_reg[1]/D
  -------------------------------------------------------------------    -------------------

                         (clock ublaze_i/mdm_1/U0/Use_E2.BSCAN_I/Use_E2.BSCANE2_I/DRCK rise edge)
                                                     33.333    33.333 r  
    BSCAN_X0Y1           BSCANE2                      0.000    33.333 r  ublaze_i/mdm_1/U0/Use_E2.BSCAN_I/Use_E2.BSCANE2_I/DRCK
                         net (fo=1, routed)           1.636    34.969    ublaze_i/mdm_1/U0/No_Dbg_Reg_Access.BUFG_DRCK/DRCK
    BUFGCTRL_X0Y1        BUFG (Prop_bufg_I_O)         0.091    35.060 r  ublaze_i/mdm_1/U0/No_Dbg_Reg_Access.BUFG_DRCK/Using_FPGA.Native/O
                         net (fo=232, routed)         1.449    36.510    ublaze_i/microblaze_0/U0/MicroBlaze_Core_I/Performance.Core/Use_Debug_Logic.Master_Core.Debug_Perf/Dbg_Clk
    SLICE_X48Y40         FDCE                                         r  ublaze_i/microblaze_0/U0/MicroBlaze_Core_I/Performance.Core/Use_Debug_Logic.Master_Core.Debug_Perf/Serial_Dbg_Intf.shift_count_reg[1]/C
                         clock pessimism              0.354    36.864    
                         clock uncertainty           -0.035    36.828    
    SLICE_X48Y40         FDCE (Setup_fdce_C_D)        0.075    36.903    ublaze_i/microblaze_0/U0/MicroBlaze_Core_I/Performance.Core/Use_Debug_Logic.Master_Core.Debug_Perf/Serial_Dbg_Intf.shift_count_reg[1]
  -------------------------------------------------------------------
                         required time                         36.903    
                         arrival time                         -22.774    
  -------------------------------------------------------------------
                         slack                                 14.129    

Slack (MET) :             14.165ns  (required time - arrival time)
  Source:                 ublaze_i/mdm_1/U0/MDM_Core_I1/JTAG_CONTROL_I/Use_BSCAN.SYNC_FDRE/Using_FPGA.Native/C
                            (falling edge-triggered cell FDRE clocked by ublaze_i/mdm_1/U0/Use_E2.BSCAN_I/Use_E2.BSCANE2_I/DRCK  {rise@0.000ns fall@16.667ns period=33.333ns})
  Destination:            ublaze_i/mdm_1/U0/MDM_Core_I1/JTAG_CONTROL_I/Use_Serial_Unified_Completion.mb_instr_error_reg/D
                            (rising edge-triggered cell FDCE clocked by ublaze_i/mdm_1/U0/Use_E2.BSCAN_I/Use_E2.BSCANE2_I/DRCK  {rise@0.000ns fall@16.667ns period=33.333ns})
  Path Group:             ublaze_i/mdm_1/U0/Use_E2.BSCAN_I/Use_E2.BSCANE2_I/DRCK
  Path Type:              Setup (Max at Slow Process Corner)
  Requirement:            16.667ns  (ublaze_i/mdm_1/U0/Use_E2.BSCAN_I/Use_E2.BSCANE2_I/DRCK rise@33.333ns - ublaze_i/mdm_1/U0/Use_E2.BSCAN_I/Use_E2.BSCANE2_I/DRCK fall@16.667ns)
  Data Path Delay:        2.510ns  (logic 0.772ns (30.752%)  route 1.738ns (69.248%))
  Logic Levels:           2  (LUT6=2)
  Clock Path Skew:        -0.037ns (DCD - SCD + CPR)
    Destination Clock Delay (DCD):    3.176ns = ( 36.509 - 33.333 ) 
    Source Clock Delay      (SCD):    3.567ns = ( 20.233 - 16.667 ) 
    Clock Pessimism Removal (CPR):    0.354ns
  Clock Uncertainty:      0.035ns  ((TSJ^2 + TIJ^2)^1/2 + DJ) / 2 + PE
    Total System Jitter     (TSJ):    0.071ns
    Total Input Jitter      (TIJ):    0.000ns
    Discrete Jitter          (DJ):    0.000ns
    Phase Error              (PE):    0.000ns

    Location             Delay type                Incr(ns)  Path(ns)    Netlist Resource(s)
  -------------------------------------------------------------------    -------------------
                         (clock ublaze_i/mdm_1/U0/Use_E2.BSCAN_I/Use_E2.BSCANE2_I/DRCK fall edge)
                                                     16.667    16.667 f  
    BSCAN_X0Y1           BSCANE2                      0.000    16.667 f  ublaze_i/mdm_1/U0/Use_E2.BSCAN_I/Use_E2.BSCANE2_I/DRCK
                         net (fo=1, routed)           1.905    18.572    ublaze_i/mdm_1/U0/No_Dbg_Reg_Access.BUFG_DRCK/DRCK
    BUFGCTRL_X0Y1        BUFG (Prop_bufg_I_O)         0.096    18.668 f  ublaze_i/mdm_1/U0/No_Dbg_Reg_Access.BUFG_DRCK/Using_FPGA.Native/O
                         net (fo=232, routed)         1.565    20.233    ublaze_i/mdm_1/U0/MDM_Core_I1/JTAG_CONTROL_I/Use_BSCAN.SYNC_FDRE/Using_FPGA.Native_0
    SLICE_X42Y42         FDRE                                         r  ublaze_i/mdm_1/U0/MDM_Core_I1/JTAG_CONTROL_I/Use_BSCAN.SYNC_FDRE/Using_FPGA.Native/C  (IS_INVERTED)
  -------------------------------------------------------------------    -------------------
    SLICE_X42Y42         FDRE (Prop_fdre_C_Q)         0.524    20.757 r  ublaze_i/mdm_1/U0/MDM_Core_I1/JTAG_CONTROL_I/Use_BSCAN.SYNC_FDRE/Using_FPGA.Native/Q
                         net (fo=4, routed)           0.743    21.500    ublaze_i/mdm_1/U0/MDM_Core_I1/JTAG_CONTROL_I/Use_BSCAN.FDC_I/sync
    SLICE_X43Y44         LUT6 (Prop_lut6_I4_O)        0.124    21.624 r  ublaze_i/mdm_1/U0/MDM_Core_I1/JTAG_CONTROL_I/Use_BSCAN.FDC_I/Use_Serial_Unified_Completion.mb_instr_overrun_i_3/O
                         net (fo=2, routed)           0.996    22.620    ublaze_i/mdm_1/U0/MDM_Core_I1/JTAG_CONTROL_I/Use_BSCAN.FDC_I/p_25_out__0
    SLICE_X46Y44         LUT6 (Prop_lut6_I1_O)        0.124    22.744 r  ublaze_i/mdm_1/U0/MDM_Core_I1/JTAG_CONTROL_I/Use_BSCAN.FDC_I/Use_Serial_Unified_Completion.mb_instr_error_i_1/O
                         net (fo=1, routed)           0.000    22.744    ublaze_i/mdm_1/U0/MDM_Core_I1/JTAG_CONTROL_I/Use_BSCAN.FDC_I_n_31
    SLICE_X46Y44         FDCE                                         r  ublaze_i/mdm_1/U0/MDM_Core_I1/JTAG_CONTROL_I/Use_Serial_Unified_Completion.mb_instr_error_reg/D
  -------------------------------------------------------------------    -------------------

                         (clock ublaze_i/mdm_1/U0/Use_E2.BSCAN_I/Use_E2.BSCANE2_I/DRCK rise edge)
                                                     33.333    33.333 r  
    BSCAN_X0Y1           BSCANE2                      0.000    33.333 r  ublaze_i/mdm_1/U0/Use_E2.BSCAN_I/Use_E2.BSCANE2_I/DRCK
                         net (fo=1, routed)           1.636    34.969    ublaze_i/mdm_1/U0/No_Dbg_Reg_Access.BUFG_DRCK/DRCK
    BUFGCTRL_X0Y1        BUFG (Prop_bufg_I_O)         0.091    35.060 r  ublaze_i/mdm_1/U0/No_Dbg_Reg_Access.BUFG_DRCK/Using_FPGA.Native/O
                         net (fo=232, routed)         1.448    36.509    ublaze_i/mdm_1/U0/MDM_Core_I1/JTAG_CONTROL_I/Using_FPGA.Native
    SLICE_X46Y44         FDCE                                         r  ublaze_i/mdm_1/U0/MDM_Core_I1/JTAG_CONTROL_I/Use_Serial_Unified_Completion.mb_instr_error_reg/C
                         clock pessimism              0.354    36.863    
                         clock uncertainty           -0.035    36.827    
    SLICE_X46Y44         FDCE (Setup_fdce_C_D)        0.081    36.908    ublaze_i/mdm_1/U0/MDM_Core_I1/JTAG_CONTROL_I/Use_Serial_Unified_Completion.mb_instr_error_reg
  -------------------------------------------------------------------
                         required time                         36.908    
                         arrival time                         -22.744    
  -------------------------------------------------------------------
                         slack                                 14.165    

Slack (MET) :             14.214ns  (required time - arrival time)
  Source:                 ublaze_i/mdm_1/U0/MDM_Core_I1/JTAG_CONTROL_I/Use_BSCAN.SYNC_FDRE/Using_FPGA.Native/C
                            (falling edge-triggered cell FDRE clocked by ublaze_i/mdm_1/U0/Use_E2.BSCAN_I/Use_E2.BSCANE2_I/DRCK  {rise@0.000ns fall@16.667ns period=33.333ns})
  Destination:            ublaze_i/microblaze_0/U0/MicroBlaze_Core_I/Performance.Core/Use_Debug_Logic.Master_Core.Debug_Perf/Serial_Dbg_Intf.shift_count_reg[6]/D
                            (rising edge-triggered cell FDCE clocked by ublaze_i/mdm_1/U0/Use_E2.BSCAN_I/Use_E2.BSCANE2_I/DRCK  {rise@0.000ns fall@16.667ns period=33.333ns})
  Path Group:             ublaze_i/mdm_1/U0/Use_E2.BSCAN_I/Use_E2.BSCANE2_I/DRCK
  Path Type:              Setup (Max at Slow Process Corner)
  Requirement:            16.667ns  (ublaze_i/mdm_1/U0/Use_E2.BSCAN_I/Use_E2.BSCANE2_I/DRCK rise@33.333ns - ublaze_i/mdm_1/U0/Use_E2.BSCAN_I/Use_E2.BSCANE2_I/DRCK fall@16.667ns)
  Data Path Delay:        2.463ns  (logic 0.772ns (31.341%)  route 1.691ns (68.659%))
  Logic Levels:           2  (LUT3=1 LUT6=1)
  Clock Path Skew:        -0.035ns (DCD - SCD + CPR)
    Destination Clock Delay (DCD):    3.178ns = ( 36.511 - 33.333 ) 
    Source Clock Delay      (SCD):    3.567ns = ( 20.233 - 16.667 ) 
    Clock Pessimism Removal (CPR):    0.354ns
  Clock Uncertainty:      0.035ns  ((TSJ^2 + TIJ^2)^1/2 + DJ) / 2 + PE
    Total System Jitter     (TSJ):    0.071ns
    Total Input Jitter      (TIJ):    0.000ns
    Discrete Jitter          (DJ):    0.000ns
    Phase Error              (PE):    0.000ns

    Location             Delay type                Incr(ns)  Path(ns)    Netlist Resource(s)
  -------------------------------------------------------------------    -------------------
                         (clock ublaze_i/mdm_1/U0/Use_E2.BSCAN_I/Use_E2.BSCANE2_I/DRCK fall edge)
                                                     16.667    16.667 f  
    BSCAN_X0Y1           BSCANE2                      0.000    16.667 f  ublaze_i/mdm_1/U0/Use_E2.BSCAN_I/Use_E2.BSCANE2_I/DRCK
                         net (fo=1, routed)           1.905    18.572    ublaze_i/mdm_1/U0/No_Dbg_Reg_Access.BUFG_DRCK/DRCK
    BUFGCTRL_X0Y1        BUFG (Prop_bufg_I_O)         0.096    18.668 f  ublaze_i/mdm_1/U0/No_Dbg_Reg_Access.BUFG_DRCK/Using_FPGA.Native/O
                         net (fo=232, routed)         1.565    20.233    ublaze_i/mdm_1/U0/MDM_Core_I1/JTAG_CONTROL_I/Use_BSCAN.SYNC_FDRE/Using_FPGA.Native_0
    SLICE_X42Y42         FDRE                                         r  ublaze_i/mdm_1/U0/MDM_Core_I1/JTAG_CONTROL_I/Use_BSCAN.SYNC_FDRE/Using_FPGA.Native/C  (IS_INVERTED)
  -------------------------------------------------------------------    -------------------
    SLICE_X42Y42         FDRE (Prop_fdre_C_Q)         0.524    20.757 r  ublaze_i/mdm_1/U0/MDM_Core_I1/JTAG_CONTROL_I/Use_BSCAN.SYNC_FDRE/Using_FPGA.Native/Q
                         net (fo=4, routed)           0.533    21.290    ublaze_i/mdm_1/U0/MDM_Core_I1/JTAG_CONTROL_I/Use_BSCAN.SYNC_FDRE/sync
    SLICE_X42Y42         LUT6 (Prop_lut6_I0_O)        0.124    21.414 r  ublaze_i/mdm_1/U0/MDM_Core_I1/JTAG_CONTROL_I/Use_BSCAN.SYNC_FDRE/Dbg_Shift_31_INST_0/O
                         net (fo=8, routed)           1.158    22.572    ublaze_i/microblaze_0/U0/MicroBlaze_Core_I/Performance.Core/Use_Debug_Logic.Master_Core.Debug_Perf/Dbg_Shift
    SLICE_X50Y40         LUT3 (Prop_lut3_I2_O)        0.124    22.696 r  ublaze_i/microblaze_0/U0/MicroBlaze_Core_I/Performance.Core/Use_Debug_Logic.Master_Core.Debug_Perf/Serial_Dbg_Intf.shift_count[6]_i_1/O
                         net (fo=1, routed)           0.000    22.696    ublaze_i/microblaze_0/U0/MicroBlaze_Core_I/Performance.Core/Use_Debug_Logic.Master_Core.Debug_Perf/p_0_in[6]
    SLICE_X50Y40         FDCE                                         r  ublaze_i/microblaze_0/U0/MicroBlaze_Core_I/Performance.Core/Use_Debug_Logic.Master_Core.Debug_Perf/Serial_Dbg_Intf.shift_count_reg[6]/D
  -------------------------------------------------------------------    -------------------

                         (clock ublaze_i/mdm_1/U0/Use_E2.BSCAN_I/Use_E2.BSCANE2_I/DRCK rise edge)
                                                     33.333    33.333 r  
    BSCAN_X0Y1           BSCANE2                      0.000    33.333 r  ublaze_i/mdm_1/U0/Use_E2.BSCAN_I/Use_E2.BSCANE2_I/DRCK
                         net (fo=1, routed)           1.636    34.969    ublaze_i/mdm_1/U0/No_Dbg_Reg_Access.BUFG_DRCK/DRCK
    BUFGCTRL_X0Y1        BUFG (Prop_bufg_I_O)         0.091    35.060 r  ublaze_i/mdm_1/U0/No_Dbg_Reg_Access.BUFG_DRCK/Using_FPGA.Native/O
                         net (fo=232, routed)         1.450    36.511    ublaze_i/microblaze_0/U0/MicroBlaze_Core_I/Performance.Core/Use_Debug_Logic.Master_Core.Debug_Perf/Dbg_Clk
    SLICE_X50Y40         FDCE                                         r  ublaze_i/microblaze_0/U0/MicroBlaze_Core_I/Performance.Core/Use_Debug_Logic.Master_Core.Debug_Perf/Serial_Dbg_Intf.shift_count_reg[6]/C
                         clock pessimism              0.354    36.865    
                         clock uncertainty           -0.035    36.829    
    SLICE_X50Y40         FDCE (Setup_fdce_C_D)        0.081    36.910    ublaze_i/microblaze_0/U0/MicroBlaze_Core_I/Performance.Core/Use_Debug_Logic.Master_Core.Debug_Perf/Serial_Dbg_Intf.shift_count_reg[6]
  -------------------------------------------------------------------
                         required time                         36.910    
                         arrival time                         -22.696    
  -------------------------------------------------------------------
                         slack                                 14.214    

Slack (MET) :             14.225ns  (required time - arrival time)
  Source:                 ublaze_i/mdm_1/U0/MDM_Core_I1/JTAG_CONTROL_I/Use_BSCAN.SYNC_FDRE/Using_FPGA.Native/C
                            (falling edge-triggered cell FDRE clocked by ublaze_i/mdm_1/U0/Use_E2.BSCAN_I/Use_E2.BSCANE2_I/DRCK  {rise@0.000ns fall@16.667ns period=33.333ns})
  Destination:            ublaze_i/microblaze_0/U0/MicroBlaze_Core_I/Performance.Core/Use_Debug_Logic.Master_Core.Debug_Perf/Serial_Dbg_Intf.shift_count_reg[7]/D
                            (rising edge-triggered cell FDCE clocked by ublaze_i/mdm_1/U0/Use_E2.BSCAN_I/Use_E2.BSCANE2_I/DRCK  {rise@0.000ns fall@16.667ns period=33.333ns})
  Path Group:             ublaze_i/mdm_1/U0/Use_E2.BSCAN_I/Use_E2.BSCANE2_I/DRCK
  Path Type:              Setup (Max at Slow Process Corner)
  Requirement:            16.667ns  (ublaze_i/mdm_1/U0/Use_E2.BSCAN_I/Use_E2.BSCANE2_I/DRCK rise@33.333ns - ublaze_i/mdm_1/U0/Use_E2.BSCAN_I/Use_E2.BSCANE2_I/DRCK fall@16.667ns)
  Data Path Delay:        2.489ns  (logic 0.798ns (32.058%)  route 1.691ns (67.942%))
  Logic Levels:           2  (LUT4=1 LUT6=1)
  Clock Path Skew:        -0.035ns (DCD - SCD + CPR)
    Destination Clock Delay (DCD):    3.178ns = ( 36.511 - 33.333 ) 
    Source Clock Delay      (SCD):    3.567ns = ( 20.233 - 16.667 ) 
    Clock Pessimism Removal (CPR):    0.354ns
  Clock Uncertainty:      0.035ns  ((TSJ^2 + TIJ^2)^1/2 + DJ) / 2 + PE
    Total System Jitter     (TSJ):    0.071ns
    Total Input Jitter      (TIJ):    0.000ns
    Discrete Jitter          (DJ):    0.000ns
    Phase Error              (PE):    0.000ns

    Location             Delay type                Incr(ns)  Path(ns)    Netlist Resource(s)
  -------------------------------------------------------------------    -------------------
                         (clock ublaze_i/mdm_1/U0/Use_E2.BSCAN_I/Use_E2.BSCANE2_I/DRCK fall edge)
                                                     16.667    16.667 f  
    BSCAN_X0Y1           BSCANE2                      0.000    16.667 f  ublaze_i/mdm_1/U0/Use_E2.BSCAN_I/Use_E2.BSCANE2_I/DRCK
                         net (fo=1, routed)           1.905    18.572    ublaze_i/mdm_1/U0/No_Dbg_Reg_Access.BUFG_DRCK/DRCK
    BUFGCTRL_X0Y1        BUFG (Prop_bufg_I_O)         0.096    18.668 f  ublaze_i/mdm_1/U0/No_Dbg_Reg_Access.BUFG_DRCK/Using_FPGA.Native/O
                         net (fo=232, routed)         1.565    20.233    ublaze_i/mdm_1/U0/MDM_Core_I1/JTAG_CONTROL_I/Use_BSCAN.SYNC_FDRE/Using_FPGA.Native_0
    SLICE_X42Y42         FDRE                                         r  ublaze_i/mdm_1/U0/MDM_Core_I1/JTAG_CONTROL_I/Use_BSCAN.SYNC_FDRE/Using_FPGA.Native/C  (IS_INVERTED)
  -------------------------------------------------------------------    -------------------
    SLICE_X42Y42         FDRE (Prop_fdre_C_Q)         0.524    20.757 r  ublaze_i/mdm_1/U0/MDM_Core_I1/JTAG_CONTROL_I/Use_BSCAN.SYNC_FDRE/Using_FPGA.Native/Q
                         net (fo=4, routed)           0.533    21.290    ublaze_i/mdm_1/U0/MDM_Core_I1/JTAG_CONTROL_I/Use_BSCAN.SYNC_FDRE/sync
    SLICE_X42Y42         LUT6 (Prop_lut6_I0_O)        0.124    21.414 r  ublaze_i/mdm_1/U0/MDM_Core_I1/JTAG_CONTROL_I/Use_BSCAN.SYNC_FDRE/Dbg_Shift_31_INST_0/O
                         net (fo=8, routed)           1.158    22.572    ublaze_i/microblaze_0/U0/MicroBlaze_Core_I/Performance.Core/Use_Debug_Logic.Master_Core.Debug_Perf/Dbg_Shift
    SLICE_X50Y40         LUT4 (Prop_lut4_I3_O)        0.150    22.722 r  ublaze_i/microblaze_0/U0/MicroBlaze_Core_I/Performance.Core/Use_Debug_Logic.Master_Core.Debug_Perf/Serial_Dbg_Intf.shift_count[7]_i_1/O
                         net (fo=1, routed)           0.000    22.722    ublaze_i/microblaze_0/U0/MicroBlaze_Core_I/Performance.Core/Use_Debug_Logic.Master_Core.Debug_Perf/p_0_in[7]
    SLICE_X50Y40         FDCE                                         r  ublaze_i/microblaze_0/U0/MicroBlaze_Core_I/Performance.Core/Use_Debug_Logic.Master_Core.Debug_Perf/Serial_Dbg_Intf.shift_count_reg[7]/D
  -------------------------------------------------------------------    -------------------

                         (clock ublaze_i/mdm_1/U0/Use_E2.BSCAN_I/Use_E2.BSCANE2_I/DRCK rise edge)
                                                     33.333    33.333 r  
    BSCAN_X0Y1           BSCANE2                      0.000    33.333 r  ublaze_i/mdm_1/U0/Use_E2.BSCAN_I/Use_E2.BSCANE2_I/DRCK
                         net (fo=1, routed)           1.636    34.969    ublaze_i/mdm_1/U0/No_Dbg_Reg_Access.BUFG_DRCK/DRCK
    BUFGCTRL_X0Y1        BUFG (Prop_bufg_I_O)         0.091    35.060 r  ublaze_i/mdm_1/U0/No_Dbg_Reg_Access.BUFG_DRCK/Using_FPGA.Native/O
                         net (fo=232, routed)         1.450    36.511    ublaze_i/microblaze_0/U0/MicroBlaze_Core_I/Performance.Core/Use_Debug_Logic.Master_Core.Debug_Perf/Dbg_Clk
    SLICE_X50Y40         FDCE                                         r  ublaze_i/microblaze_0/U0/MicroBlaze_Core_I/Performance.Core/Use_Debug_Logic.Master_Core.Debug_Perf/Serial_Dbg_Intf.shift_count_reg[7]/C
                         clock pessimism              0.354    36.865    
                         clock uncertainty           -0.035    36.829    
    SLICE_X50Y40         FDCE (Setup_fdce_C_D)        0.118    36.947    ublaze_i/microblaze_0/U0/MicroBlaze_Core_I/Performance.Core/Use_Debug_Logic.Master_Core.Debug_Perf/Serial_Dbg_Intf.shift_count_reg[7]
  -------------------------------------------------------------------
                         required time                         36.947    
                         arrival time                         -22.722    
  -------------------------------------------------------------------
                         slack                                 14.225    

Slack (MET) :             14.354ns  (required time - arrival time)
  Source:                 ublaze_i/mdm_1/U0/MDM_Core_I1/JTAG_CONTROL_I/Use_BSCAN.SYNC_FDRE/Using_FPGA.Native/C
                            (falling edge-triggered cell FDRE clocked by ublaze_i/mdm_1/U0/Use_E2.BSCAN_I/Use_E2.BSCANE2_I/DRCK  {rise@0.000ns fall@16.667ns period=33.333ns})
  Destination:            ublaze_i/mdm_1/U0/MDM_Core_I1/JTAG_CONTROL_I/Use_Serial_Unified_Completion.mb_instr_overrun_reg/D
                            (rising edge-triggered cell FDCE clocked by ublaze_i/mdm_1/U0/Use_E2.BSCAN_I/Use_E2.BSCANE2_I/DRCK  {rise@0.000ns fall@16.667ns period=33.333ns})
  Path Group:             ublaze_i/mdm_1/U0/Use_E2.BSCAN_I/Use_E2.BSCANE2_I/DRCK
  Path Type:              Setup (Max at Slow Process Corner)
  Requirement:            16.667ns  (ublaze_i/mdm_1/U0/Use_E2.BSCAN_I/Use_E2.BSCANE2_I/DRCK rise@33.333ns - ublaze_i/mdm_1/U0/Use_E2.BSCAN_I/Use_E2.BSCANE2_I/DRCK fall@16.667ns)
  Data Path Delay:        2.319ns  (logic 0.772ns (33.291%)  route 1.547ns (66.709%))
  Logic Levels:           2  (LUT6=2)
  Clock Path Skew:        -0.037ns (DCD - SCD + CPR)
    Destination Clock Delay (DCD):    3.176ns = ( 36.509 - 33.333 ) 
    Source Clock Delay      (SCD):    3.567ns = ( 20.233 - 16.667 ) 
    Clock Pessimism Removal (CPR):    0.354ns
  Clock Uncertainty:      0.035ns  ((TSJ^2 + TIJ^2)^1/2 + DJ) / 2 + PE
    Total System Jitter     (TSJ):    0.071ns
    Total Input Jitter      (TIJ):    0.000ns
    Discrete Jitter          (DJ):    0.000ns
    Phase Error              (PE):    0.000ns

    Location             Delay type                Incr(ns)  Path(ns)    Netlist Resource(s)
  -------------------------------------------------------------------    -------------------
                         (clock ublaze_i/mdm_1/U0/Use_E2.BSCAN_I/Use_E2.BSCANE2_I/DRCK fall edge)
                                                     16.667    16.667 f  
    BSCAN_X0Y1           BSCANE2                      0.000    16.667 f  ublaze_i/mdm_1/U0/Use_E2.BSCAN_I/Use_E2.BSCANE2_I/DRCK
                         net (fo=1, routed)           1.905    18.572    ublaze_i/mdm_1/U0/No_Dbg_Reg_Access.BUFG_DRCK/DRCK
    BUFGCTRL_X0Y1        BUFG (Prop_bufg_I_O)         0.096    18.668 f  ublaze_i/mdm_1/U0/No_Dbg_Reg_Access.BUFG_DRCK/Using_FPGA.Native/O
                         net (fo=232, routed)         1.565    20.233    ublaze_i/mdm_1/U0/MDM_Core_I1/JTAG_CONTROL_I/Use_BSCAN.SYNC_FDRE/Using_FPGA.Native_0
    SLICE_X42Y42         FDRE                                         r  ublaze_i/mdm_1/U0/MDM_Core_I1/JTAG_CONTROL_I/Use_BSCAN.SYNC_FDRE/Using_FPGA.Native/C  (IS_INVERTED)
  -------------------------------------------------------------------    -------------------
    SLICE_X42Y42         FDRE (Prop_fdre_C_Q)         0.524    20.757 r  ublaze_i/mdm_1/U0/MDM_Core_I1/JTAG_CONTROL_I/Use_BSCAN.SYNC_FDRE/Using_FPGA.Native/Q
                         net (fo=4, routed)           0.743    21.500    ublaze_i/mdm_1/U0/MDM_Core_I1/JTAG_CONTROL_I/Use_BSCAN.FDC_I/sync
    SLICE_X43Y44         LUT6 (Prop_lut6_I4_O)        0.124    21.624 r  ublaze_i/mdm_1/U0/MDM_Core_I1/JTAG_CONTROL_I/Use_BSCAN.FDC_I/Use_Serial_Unified_Completion.mb_instr_overrun_i_3/O
                         net (fo=2, routed)           0.804    22.428    ublaze_i/mdm_1/U0/MDM_Core_I1/JTAG_CONTROL_I/Use_BSCAN.FDC_I/p_25_out__0
    SLICE_X46Y44         LUT6 (Prop_lut6_I1_O)        0.124    22.552 r  ublaze_i/mdm_1/U0/MDM_Core_I1/JTAG_CONTROL_I/Use_BSCAN.FDC_I/Use_Serial_Unified_Completion.mb_instr_overrun_i_1/O
                         net (fo=1, routed)           0.000    22.552    ublaze_i/mdm_1/U0/MDM_Core_I1/JTAG_CONTROL_I/Use_BSCAN.FDC_I_n_30
    SLICE_X46Y44         FDCE                                         r  ublaze_i/mdm_1/U0/MDM_Core_I1/JTAG_CONTROL_I/Use_Serial_Unified_Completion.mb_instr_overrun_reg/D
  -------------------------------------------------------------------    -------------------

                         (clock ublaze_i/mdm_1/U0/Use_E2.BSCAN_I/Use_E2.BSCANE2_I/DRCK rise edge)
                                                     33.333    33.333 r  
    BSCAN_X0Y1           BSCANE2                      0.000    33.333 r  ublaze_i/mdm_1/U0/Use_E2.BSCAN_I/Use_E2.BSCANE2_I/DRCK
                         net (fo=1, routed)           1.636    34.969    ublaze_i/mdm_1/U0/No_Dbg_Reg_Access.BUFG_DRCK/DRCK
    BUFGCTRL_X0Y1        BUFG (Prop_bufg_I_O)         0.091    35.060 r  ublaze_i/mdm_1/U0/No_Dbg_Reg_Access.BUFG_DRCK/Using_FPGA.Native/O
                         net (fo=232, routed)         1.448    36.509    ublaze_i/mdm_1/U0/MDM_Core_I1/JTAG_CONTROL_I/Using_FPGA.Native
    SLICE_X46Y44         FDCE                                         r  ublaze_i/mdm_1/U0/MDM_Core_I1/JTAG_CONTROL_I/Use_Serial_Unified_Completion.mb_instr_overrun_reg/C
                         clock pessimism              0.354    36.863    
                         clock uncertainty           -0.035    36.827    
    SLICE_X46Y44         FDCE (Setup_fdce_C_D)        0.079    36.906    ublaze_i/mdm_1/U0/MDM_Core_I1/JTAG_CONTROL_I/Use_Serial_Unified_Completion.mb_instr_overrun_reg
  -------------------------------------------------------------------
                         required time                         36.906    
                         arrival time                         -22.552    
  -------------------------------------------------------------------
                         slack                                 14.354    





Min Delay Paths
--------------------------------------------------------------------------------------
Slack (MET) :             0.067ns  (arrival time - required time)
  Source:                 ublaze_i/mdm_1/U0/MDM_Core_I1/Use_BSCAN.Config_Reg_reg[30]/C
                            (rising edge-triggered cell FDPE clocked by ublaze_i/mdm_1/U0/Use_E2.BSCAN_I/Use_E2.BSCANE2_I/DRCK  {rise@0.000ns fall@16.667ns period=33.333ns})
  Destination:            ublaze_i/mdm_1/U0/MDM_Core_I1/Use_BSCAN.Config_Reg_reg[28]_srl2_MDM_Core_I1_Use_BSCAN.Config_Reg_reg_c_0/D
                            (rising edge-triggered cell SRL16E clocked by ublaze_i/mdm_1/U0/Use_E2.BSCAN_I/Use_E2.BSCANE2_I/DRCK  {rise@0.000ns fall@16.667ns period=33.333ns})
  Path Group:             ublaze_i/mdm_1/U0/Use_E2.BSCAN_I/Use_E2.BSCANE2_I/DRCK
  Path Type:              Hold (Min at Fast Process Corner)
  Requirement:            0.000ns  (ublaze_i/mdm_1/U0/Use_E2.BSCAN_I/Use_E2.BSCANE2_I/DRCK rise@0.000ns - ublaze_i/mdm_1/U0/Use_E2.BSCAN_I/Use_E2.BSCANE2_I/DRCK rise@0.000ns)
  Data Path Delay:        0.197ns  (logic 0.141ns (71.611%)  route 0.056ns (28.389%))
  Logic Levels:           0  
  Clock Path Skew:        0.013ns (DCD - SCD - CPR)
    Destination Clock Delay (DCD):    1.744ns
    Source Clock Delay      (SCD):    1.352ns
    Clock Pessimism Removal (CPR):    0.379ns

    Location             Delay type                Incr(ns)  Path(ns)    Netlist Resource(s)
  -------------------------------------------------------------------    -------------------
                         (clock ublaze_i/mdm_1/U0/Use_E2.BSCAN_I/Use_E2.BSCANE2_I/DRCK rise edge)
                                                      0.000     0.000 r  
    BSCAN_X0Y1           BSCANE2                      0.000     0.000 r  ublaze_i/mdm_1/U0/Use_E2.BSCAN_I/Use_E2.BSCANE2_I/DRCK
                         net (fo=1, routed)           0.759     0.759    ublaze_i/mdm_1/U0/No_Dbg_Reg_Access.BUFG_DRCK/DRCK
    BUFGCTRL_X0Y1        BUFG (Prop_bufg_I_O)         0.026     0.785 r  ublaze_i/mdm_1/U0/No_Dbg_Reg_Access.BUFG_DRCK/Using_FPGA.Native/O
                         net (fo=232, routed)         0.567     1.352    ublaze_i/mdm_1/U0/MDM_Core_I1/Using_FPGA.Native
    SLICE_X57Y41         FDPE                                         r  ublaze_i/mdm_1/U0/MDM_Core_I1/Use_BSCAN.Config_Reg_reg[30]/C
  -------------------------------------------------------------------    -------------------
    SLICE_X57Y41         FDPE (Prop_fdpe_C_Q)         0.141     1.493 r  ublaze_i/mdm_1/U0/MDM_Core_I1/Use_BSCAN.Config_Reg_reg[30]/Q
                         net (fo=1, routed)           0.056     1.549    ublaze_i/mdm_1/U0/MDM_Core_I1/Use_BSCAN.Config_Reg_reg_n_0_[30]
    SLICE_X56Y41         SRL16E                                       r  ublaze_i/mdm_1/U0/MDM_Core_I1/Use_BSCAN.Config_Reg_reg[28]_srl2_MDM_Core_I1_Use_BSCAN.Config_Reg_reg_c_0/D
  -------------------------------------------------------------------    -------------------

                         (clock ublaze_i/mdm_1/U0/Use_E2.BSCAN_I/Use_E2.BSCANE2_I/DRCK rise edge)
                                                      0.000     0.000 r  
    BSCAN_X0Y1           BSCANE2                      0.000     0.000 r  ublaze_i/mdm_1/U0/Use_E2.BSCAN_I/Use_E2.BSCANE2_I/DRCK
                         net (fo=1, routed)           0.879     0.879    ublaze_i/mdm_1/U0/No_Dbg_Reg_Access.BUFG_DRCK/DRCK
    BUFGCTRL_X0Y1        BUFG (Prop_bufg_I_O)         0.029     0.908 r  ublaze_i/mdm_1/U0/No_Dbg_Reg_Access.BUFG_DRCK/Using_FPGA.Native/O
                         net (fo=232, routed)         0.836     1.744    ublaze_i/mdm_1/U0/MDM_Core_I1/Using_FPGA.Native
    SLICE_X56Y41         SRL16E                                       r  ublaze_i/mdm_1/U0/MDM_Core_I1/Use_BSCAN.Config_Reg_reg[28]_srl2_MDM_Core_I1_Use_BSCAN.Config_Reg_reg_c_0/CLK
                         clock pessimism             -0.379     1.365    
    SLICE_X56Y41         SRL16E (Hold_srl16e_CLK_D)
                                                      0.117     1.482    ublaze_i/mdm_1/U0/MDM_Core_I1/Use_BSCAN.Config_Reg_reg[28]_srl2_MDM_Core_I1_Use_BSCAN.Config_Reg_reg_c_0
  -------------------------------------------------------------------
                         required time                         -1.482    
                         arrival time                           1.549    
  -------------------------------------------------------------------
                         slack                                  0.067    

Slack (MET) :             0.122ns  (arrival time - required time)
  Source:                 ublaze_i/mdm_1/U0/MDM_Core_I1/Use_BSCAN.Config_Reg_reg[10]/C
                            (rising edge-triggered cell FDCE clocked by ublaze_i/mdm_1/U0/Use_E2.BSCAN_I/Use_E2.BSCANE2_I/DRCK  {rise@0.000ns fall@16.667ns period=33.333ns})
  Destination:            ublaze_i/mdm_1/U0/MDM_Core_I1/Use_BSCAN.Config_Reg_reg[9]/D
                            (rising edge-triggered cell FDPE clocked by ublaze_i/mdm_1/U0/Use_E2.BSCAN_I/Use_E2.BSCANE2_I/DRCK  {rise@0.000ns fall@16.667ns period=33.333ns})
  Path Group:             ublaze_i/mdm_1/U0/Use_E2.BSCAN_I/Use_E2.BSCANE2_I/DRCK
  Path Type:              Hold (Min at Fast Process Corner)
  Requirement:            0.000ns  (ublaze_i/mdm_1/U0/Use_E2.BSCAN_I/Use_E2.BSCANE2_I/DRCK rise@0.000ns - ublaze_i/mdm_1/U0/Use_E2.BSCAN_I/Use_E2.BSCANE2_I/DRCK rise@0.000ns)
  Data Path Delay:        0.197ns  (logic 0.141ns (71.611%)  route 0.056ns (28.389%))
  Logic Levels:           0  
  Clock Path Skew:        0.000ns (DCD - SCD - CPR)
    Destination Clock Delay (DCD):    1.770ns
    Source Clock Delay      (SCD):    1.377ns
    Clock Pessimism Removal (CPR):    0.393ns

    Location             Delay type                Incr(ns)  Path(ns)    Netlist Resource(s)
  -------------------------------------------------------------------    -------------------
                         (clock ublaze_i/mdm_1/U0/Use_E2.BSCAN_I/Use_E2.BSCANE2_I/DRCK rise edge)
                                                      0.000     0.000 r  
    BSCAN_X0Y1           BSCANE2                      0.000     0.000 r  ublaze_i/mdm_1/U0/Use_E2.BSCAN_I/Use_E2.BSCANE2_I/DRCK
                         net (fo=1, routed)           0.759     0.759    ublaze_i/mdm_1/U0/No_Dbg_Reg_Access.BUFG_DRCK/DRCK
    BUFGCTRL_X0Y1        BUFG (Prop_bufg_I_O)         0.026     0.785 r  ublaze_i/mdm_1/U0/No_Dbg_Reg_Access.BUFG_DRCK/Using_FPGA.Native/O
                         net (fo=232, routed)         0.592     1.377    ublaze_i/mdm_1/U0/MDM_Core_I1/Using_FPGA.Native
    SLICE_X61Y39         FDCE                                         r  ublaze_i/mdm_1/U0/MDM_Core_I1/Use_BSCAN.Config_Reg_reg[10]/C
  -------------------------------------------------------------------    -------------------
    SLICE_X61Y39         FDCE (Prop_fdce_C_Q)         0.141     1.518 r  ublaze_i/mdm_1/U0/MDM_Core_I1/Use_BSCAN.Config_Reg_reg[10]/Q
                         net (fo=1, routed)           0.056     1.574    ublaze_i/mdm_1/U0/MDM_Core_I1/Use_BSCAN.Config_Reg_reg_n_0_[10]
    SLICE_X61Y39         FDPE                                         r  ublaze_i/mdm_1/U0/MDM_Core_I1/Use_BSCAN.Config_Reg_reg[9]/D
  -------------------------------------------------------------------    -------------------

                         (clock ublaze_i/mdm_1/U0/Use_E2.BSCAN_I/Use_E2.BSCANE2_I/DRCK rise edge)
                                                      0.000     0.000 r  
    BSCAN_X0Y1           BSCANE2                      0.000     0.000 r  ublaze_i/mdm_1/U0/Use_E2.BSCAN_I/Use_E2.BSCANE2_I/DRCK
                         net (fo=1, routed)           0.879     0.879    ublaze_i/mdm_1/U0/No_Dbg_Reg_Access.BUFG_DRCK/DRCK
    BUFGCTRL_X0Y1        BUFG (Prop_bufg_I_O)         0.029     0.908 r  ublaze_i/mdm_1/U0/No_Dbg_Reg_Access.BUFG_DRCK/Using_FPGA.Native/O
                         net (fo=232, routed)         0.862     1.770    ublaze_i/mdm_1/U0/MDM_Core_I1/Using_FPGA.Native
    SLICE_X61Y39         FDPE                                         r  ublaze_i/mdm_1/U0/MDM_Core_I1/Use_BSCAN.Config_Reg_reg[9]/C
                         clock pessimism             -0.393     1.377    
    SLICE_X61Y39         FDPE (Hold_fdpe_C_D)         0.075     1.452    ublaze_i/mdm_1/U0/MDM_Core_I1/Use_BSCAN.Config_Reg_reg[9]
  -------------------------------------------------------------------
                         required time                         -1.452    
                         arrival time                           1.574    
  -------------------------------------------------------------------
                         slack                                  0.122    

Slack (MET) :             0.153ns  (arrival time - required time)
  Source:                 ublaze_i/mdm_1/U0/MDM_Core_I1/JTAG_CONTROL_I/Use_Serial_Unified_Completion.count_reg[5]/C
                            (rising edge-triggered cell FDCE clocked by ublaze_i/mdm_1/U0/Use_E2.BSCAN_I/Use_E2.BSCANE2_I/DRCK  {rise@0.000ns fall@16.667ns period=33.333ns})
  Destination:            ublaze_i/mdm_1/U0/MDM_Core_I1/JTAG_CONTROL_I/Use_Serial_Unified_Completion.count_reg[1]__0/D
                            (rising edge-triggered cell FDCE clocked by ublaze_i/mdm_1/U0/Use_E2.BSCAN_I/Use_E2.BSCANE2_I/DRCK  {rise@0.000ns fall@16.667ns period=33.333ns})
  Path Group:             ublaze_i/mdm_1/U0/Use_E2.BSCAN_I/Use_E2.BSCANE2_I/DRCK
  Path Type:              Hold (Min at Fast Process Corner)
  Requirement:            0.000ns  (ublaze_i/mdm_1/U0/Use_E2.BSCAN_I/Use_E2.BSCANE2_I/DRCK rise@0.000ns - ublaze_i/mdm_1/U0/Use_E2.BSCAN_I/Use_E2.BSCANE2_I/DRCK rise@0.000ns)
  Data Path Delay:        0.287ns  (logic 0.186ns (64.903%)  route 0.101ns (35.097%))
  Logic Levels:           1  (LUT6=1)
  Clock Path Skew:        0.013ns (DCD - SCD - CPR)
    Destination Clock Delay (DCD):    1.742ns
    Source Clock Delay      (SCD):    1.349ns
    Clock Pessimism Removal (CPR):    0.380ns

    Location             Delay type                Incr(ns)  Path(ns)    Netlist Resource(s)
  -------------------------------------------------------------------    -------------------
                         (clock ublaze_i/mdm_1/U0/Use_E2.BSCAN_I/Use_E2.BSCANE2_I/DRCK rise edge)
                                                      0.000     0.000 r  
    BSCAN_X0Y1           BSCANE2                      0.000     0.000 r  ublaze_i/mdm_1/U0/Use_E2.BSCAN_I/Use_E2.BSCANE2_I/DRCK
                         net (fo=1, routed)           0.759     0.759    ublaze_i/mdm_1/U0/No_Dbg_Reg_Access.BUFG_DRCK/DRCK
    BUFGCTRL_X0Y1        BUFG (Prop_bufg_I_O)         0.026     0.785 r  ublaze_i/mdm_1/U0/No_Dbg_Reg_Access.BUFG_DRCK/Using_FPGA.Native/O
                         net (fo=232, routed)         0.564     1.349    ublaze_i/mdm_1/U0/MDM_Core_I1/JTAG_CONTROL_I/Using_FPGA.Native
    SLICE_X47Y45         FDCE                                         r  ublaze_i/mdm_1/U0/MDM_Core_I1/JTAG_CONTROL_I/Use_Serial_Unified_Completion.count_reg[5]/C
  -------------------------------------------------------------------    -------------------
    SLICE_X47Y45         FDCE (Prop_fdce_C_Q)         0.141     1.490 r  ublaze_i/mdm_1/U0/MDM_Core_I1/JTAG_CONTROL_I/Use_Serial_Unified_Completion.count_reg[5]/Q
                         net (fo=7, routed)           0.101     1.590    ublaze_i/mdm_1/U0/MDM_Core_I1/JTAG_CONTROL_I/Use_Serial_Unified_Completion.count_reg[5]_0[0]
    SLICE_X46Y45         LUT6 (Prop_lut6_I2_O)        0.045     1.635 r  ublaze_i/mdm_1/U0/MDM_Core_I1/JTAG_CONTROL_I/Use_Serial_Unified_Completion.count[1]__0_i_1/O
                         net (fo=1, routed)           0.000     1.635    ublaze_i/mdm_1/U0/MDM_Core_I1/JTAG_CONTROL_I/p_0_in[4]
    SLICE_X46Y45         FDCE                                         r  ublaze_i/mdm_1/U0/MDM_Core_I1/JTAG_CONTROL_I/Use_Serial_Unified_Completion.count_reg[1]__0/D
  -------------------------------------------------------------------    -------------------

                         (clock ublaze_i/mdm_1/U0/Use_E2.BSCAN_I/Use_E2.BSCANE2_I/DRCK rise edge)
                                                      0.000     0.000 r  
    BSCAN_X0Y1           BSCANE2                      0.000     0.000 r  ublaze_i/mdm_1/U0/Use_E2.BSCAN_I/Use_E2.BSCANE2_I/DRCK
                         net (fo=1, routed)           0.879     0.879    ublaze_i/mdm_1/U0/No_Dbg_Reg_Access.BUFG_DRCK/DRCK
    BUFGCTRL_X0Y1        BUFG (Prop_bufg_I_O)         0.029     0.908 r  ublaze_i/mdm_1/U0/No_Dbg_Reg_Access.BUFG_DRCK/Using_FPGA.Native/O
                         net (fo=232, routed)         0.834     1.742    ublaze_i/mdm_1/U0/MDM_Core_I1/JTAG_CONTROL_I/Using_FPGA.Native
    SLICE_X46Y45         FDCE                                         r  ublaze_i/mdm_1/U0/MDM_Core_I1/JTAG_CONTROL_I/Use_Serial_Unified_Completion.count_reg[1]__0/C
                         clock pessimism             -0.380     1.362    
    SLICE_X46Y45         FDCE (Hold_fdce_C_D)         0.121     1.483    ublaze_i/mdm_1/U0/MDM_Core_I1/JTAG_CONTROL_I/Use_Serial_Unified_Completion.count_reg[1]__0
  -------------------------------------------------------------------
                         required time                         -1.483    
                         arrival time                           1.635    
  -------------------------------------------------------------------
                         slack                                  0.153    

Slack (MET) :             0.163ns  (arrival time - required time)
  Source:                 ublaze_i/mdm_1/U0/MDM_Core_I1/JTAG_CONTROL_I/Use_Serial_Unified_Completion.count_reg[4]/C
                            (rising edge-triggered cell FDCE clocked by ublaze_i/mdm_1/U0/Use_E2.BSCAN_I/Use_E2.BSCANE2_I/DRCK  {rise@0.000ns fall@16.667ns period=33.333ns})
  Destination:            ublaze_i/mdm_1/U0/MDM_Core_I1/JTAG_CONTROL_I/Use_Serial_Unified_Completion.count_reg[2]/D
                            (rising edge-triggered cell FDCE clocked by ublaze_i/mdm_1/U0/Use_E2.BSCAN_I/Use_E2.BSCANE2_I/DRCK  {rise@0.000ns fall@16.667ns period=33.333ns})
  Path Group:             ublaze_i/mdm_1/U0/Use_E2.BSCAN_I/Use_E2.BSCANE2_I/DRCK
  Path Type:              Hold (Min at Fast Process Corner)
  Requirement:            0.000ns  (ublaze_i/mdm_1/U0/Use_E2.BSCAN_I/Use_E2.BSCANE2_I/DRCK rise@0.000ns - ublaze_i/mdm_1/U0/Use_E2.BSCAN_I/Use_E2.BSCANE2_I/DRCK rise@0.000ns)
  Data Path Delay:        0.309ns  (logic 0.189ns (61.083%)  route 0.120ns (38.917%))
  Logic Levels:           1  (LUT5=1)
  Clock Path Skew:        0.013ns (DCD - SCD - CPR)
    Destination Clock Delay (DCD):    1.742ns
    Source Clock Delay      (SCD):    1.349ns
    Clock Pessimism Removal (CPR):    0.380ns

    Location             Delay type                Incr(ns)  Path(ns)    Netlist Resource(s)
  -------------------------------------------------------------------    -------------------
                         (clock ublaze_i/mdm_1/U0/Use_E2.BSCAN_I/Use_E2.BSCANE2_I/DRCK rise edge)
                                                      0.000     0.000 r  
    BSCAN_X0Y1           BSCANE2                      0.000     0.000 r  ublaze_i/mdm_1/U0/Use_E2.BSCAN_I/Use_E2.BSCANE2_I/DRCK
                         net (fo=1, routed)           0.759     0.759    ublaze_i/mdm_1/U0/No_Dbg_Reg_Access.BUFG_DRCK/DRCK
    BUFGCTRL_X0Y1        BUFG (Prop_bufg_I_O)         0.026     0.785 r  ublaze_i/mdm_1/U0/No_Dbg_Reg_Access.BUFG_DRCK/Using_FPGA.Native/O
                         net (fo=232, routed)         0.564     1.349    ublaze_i/mdm_1/U0/MDM_Core_I1/JTAG_CONTROL_I/Using_FPGA.Native
    SLICE_X47Y45         FDCE                                         r  ublaze_i/mdm_1/U0/MDM_Core_I1/JTAG_CONTROL_I/Use_Serial_Unified_Completion.count_reg[4]/C
  -------------------------------------------------------------------    -------------------
    SLICE_X47Y45         FDCE (Prop_fdce_C_Q)         0.141     1.490 r  ublaze_i/mdm_1/U0/MDM_Core_I1/JTAG_CONTROL_I/Use_Serial_Unified_Completion.count_reg[4]/Q
                         net (fo=6, routed)           0.120     1.610    ublaze_i/mdm_1/U0/MDM_Core_I1/JTAG_CONTROL_I/Use_Serial_Unified_Completion.count_reg[4]
    SLICE_X46Y45         LUT5 (Prop_lut5_I2_O)        0.048     1.658 r  ublaze_i/mdm_1/U0/MDM_Core_I1/JTAG_CONTROL_I/Use_Serial_Unified_Completion.count[2]_i_1/O
                         net (fo=1, routed)           0.000     1.658    ublaze_i/mdm_1/U0/MDM_Core_I1/JTAG_CONTROL_I/p_0_in[3]
    SLICE_X46Y45         FDCE                                         r  ublaze_i/mdm_1/U0/MDM_Core_I1/JTAG_CONTROL_I/Use_Serial_Unified_Completion.count_reg[2]/D
  -------------------------------------------------------------------    -------------------

                         (clock ublaze_i/mdm_1/U0/Use_E2.BSCAN_I/Use_E2.BSCANE2_I/DRCK rise edge)
                                                      0.000     0.000 r  
    BSCAN_X0Y1           BSCANE2                      0.000     0.000 r  ublaze_i/mdm_1/U0/Use_E2.BSCAN_I/Use_E2.BSCANE2_I/DRCK
                         net (fo=1, routed)           0.879     0.879    ublaze_i/mdm_1/U0/No_Dbg_Reg_Access.BUFG_DRCK/DRCK
    BUFGCTRL_X0Y1        BUFG (Prop_bufg_I_O)         0.029     0.908 r  ublaze_i/mdm_1/U0/No_Dbg_Reg_Access.BUFG_DRCK/Using_FPGA.Native/O
                         net (fo=232, routed)         0.834     1.742    ublaze_i/mdm_1/U0/MDM_Core_I1/JTAG_CONTROL_I/Using_FPGA.Native
    SLICE_X46Y45         FDCE                                         r  ublaze_i/mdm_1/U0/MDM_Core_I1/JTAG_CONTROL_I/Use_Serial_Unified_Completion.count_reg[2]/C
                         clock pessimism             -0.380     1.362    
    SLICE_X46Y45         FDCE (Hold_fdce_C_D)         0.133     1.495    ublaze_i/mdm_1/U0/MDM_Core_I1/JTAG_CONTROL_I/Use_Serial_Unified_Completion.count_reg[2]
  -------------------------------------------------------------------
                         required time                         -1.495    
                         arrival time                           1.658    
  -------------------------------------------------------------------
                         slack                                  0.163    

Slack (MET) :             0.170ns  (arrival time - required time)
  Source:                 ublaze_i/mdm_1/U0/MDM_Core_I1/Use_BSCAN.Config_Reg_reg_c/C
                            (rising edge-triggered cell FDCE clocked by ublaze_i/mdm_1/U0/Use_E2.BSCAN_I/Use_E2.BSCANE2_I/DRCK  {rise@0.000ns fall@16.667ns period=33.333ns})
  Destination:            ublaze_i/mdm_1/U0/MDM_Core_I1/Use_BSCAN.Config_Reg_reg_c_0/D
                            (rising edge-triggered cell FDCE clocked by ublaze_i/mdm_1/U0/Use_E2.BSCAN_I/Use_E2.BSCANE2_I/DRCK  {rise@0.000ns fall@16.667ns period=33.333ns})
  Path Group:             ublaze_i/mdm_1/U0/Use_E2.BSCAN_I/Use_E2.BSCANE2_I/DRCK
  Path Type:              Hold (Min at Fast Process Corner)
  Requirement:            0.000ns  (ublaze_i/mdm_1/U0/Use_E2.BSCAN_I/Use_E2.BSCANE2_I/DRCK rise@0.000ns - ublaze_i/mdm_1/U0/Use_E2.BSCAN_I/Use_E2.BSCANE2_I/DRCK rise@0.000ns)
  Data Path Delay:        0.255ns  (logic 0.141ns (55.385%)  route 0.114ns (44.615%))
  Logic Levels:           0  
  Clock Path Skew:        0.015ns (DCD - SCD - CPR)
    Destination Clock Delay (DCD):    1.770ns
    Source Clock Delay      (SCD):    1.378ns
    Clock Pessimism Removal (CPR):    0.377ns

    Location             Delay type                Incr(ns)  Path(ns)    Netlist Resource(s)
  -------------------------------------------------------------------    -------------------
                         (clock ublaze_i/mdm_1/U0/Use_E2.BSCAN_I/Use_E2.BSCANE2_I/DRCK rise edge)
                                                      0.000     0.000 r  
    BSCAN_X0Y1           BSCANE2                      0.000     0.000 r  ublaze_i/mdm_1/U0/Use_E2.BSCAN_I/Use_E2.BSCANE2_I/DRCK
                         net (fo=1, routed)           0.759     0.759    ublaze_i/mdm_1/U0/No_Dbg_Reg_Access.BUFG_DRCK/DRCK
    BUFGCTRL_X0Y1        BUFG (Prop_bufg_I_O)         0.026     0.785 r  ublaze_i/mdm_1/U0/No_Dbg_Reg_Access.BUFG_DRCK/Using_FPGA.Native/O
                         net (fo=232, routed)         0.593     1.378    ublaze_i/mdm_1/U0/MDM_Core_I1/Using_FPGA.Native
    SLICE_X58Y40         FDCE                                         r  ublaze_i/mdm_1/U0/MDM_Core_I1/Use_BSCAN.Config_Reg_reg_c/C
  -------------------------------------------------------------------    -------------------
    SLICE_X58Y40         FDCE (Prop_fdce_C_Q)         0.141     1.519 r  ublaze_i/mdm_1/U0/MDM_Core_I1/Use_BSCAN.Config_Reg_reg_c/Q
                         net (fo=1, routed)           0.114     1.632    ublaze_i/mdm_1/U0/MDM_Core_I1/Use_BSCAN.Config_Reg_reg_c_n_0
    SLICE_X59Y39         FDCE                                         r  ublaze_i/mdm_1/U0/MDM_Core_I1/Use_BSCAN.Config_Reg_reg_c_0/D
  -------------------------------------------------------------------    -------------------

                         (clock ublaze_i/mdm_1/U0/Use_E2.BSCAN_I/Use_E2.BSCANE2_I/DRCK rise edge)
                                                      0.000     0.000 r  
    BSCAN_X0Y1           BSCANE2                      0.000     0.000 r  ublaze_i/mdm_1/U0/Use_E2.BSCAN_I/Use_E2.BSCANE2_I/DRCK
                         net (fo=1, routed)           0.879     0.879    ublaze_i/mdm_1/U0/No_Dbg_Reg_Access.BUFG_DRCK/DRCK
    BUFGCTRL_X0Y1        BUFG (Prop_bufg_I_O)         0.029     0.908 r  ublaze_i/mdm_1/U0/No_Dbg_Reg_Access.BUFG_DRCK/Using_FPGA.Native/O
                         net (fo=232, routed)         0.862     1.770    ublaze_i/mdm_1/U0/MDM_Core_I1/Using_FPGA.Native
    SLICE_X59Y39         FDCE                                         r  ublaze_i/mdm_1/U0/MDM_Core_I1/Use_BSCAN.Config_Reg_reg_c_0/C
                         clock pessimism             -0.377     1.393    
    SLICE_X59Y39         FDCE (Hold_fdce_C_D)         0.070     1.463    ublaze_i/mdm_1/U0/MDM_Core_I1/Use_BSCAN.Config_Reg_reg_c_0
  -------------------------------------------------------------------
                         required time                         -1.463    
                         arrival time                           1.632    
  -------------------------------------------------------------------
                         slack                                  0.170    

Slack (MET) :             0.173ns  (arrival time - required time)
  Source:                 ublaze_i/mdm_1/U0/MDM_Core_I1/Use_BSCAN.Config_Reg_reg[9]/C
                            (rising edge-triggered cell FDPE clocked by ublaze_i/mdm_1/U0/Use_E2.BSCAN_I/Use_E2.BSCANE2_I/DRCK  {rise@0.000ns fall@16.667ns period=33.333ns})
  Destination:            ublaze_i/mdm_1/U0/MDM_Core_I1/Use_BSCAN.Config_Reg_reg[5]_srl4_MDM_Core_I1_Use_BSCAN.Config_Reg_reg_c_2/D
                            (rising edge-triggered cell SRL16E clocked by ublaze_i/mdm_1/U0/Use_E2.BSCAN_I/Use_E2.BSCANE2_I/DRCK  {rise@0.000ns fall@16.667ns period=33.333ns})
  Path Group:             ublaze_i/mdm_1/U0/Use_E2.BSCAN_I/Use_E2.BSCANE2_I/DRCK
  Path Type:              Hold (Min at Fast Process Corner)
  Requirement:            0.000ns  (ublaze_i/mdm_1/U0/Use_E2.BSCAN_I/Use_E2.BSCANE2_I/DRCK rise@0.000ns - ublaze_i/mdm_1/U0/Use_E2.BSCAN_I/Use_E2.BSCANE2_I/DRCK rise@0.000ns)
  Data Path Delay:        0.247ns  (logic 0.128ns (51.736%)  route 0.119ns (48.264%))
  Logic Levels:           0  
  Clock Path Skew:        0.013ns (DCD - SCD - CPR)
    Destination Clock Delay (DCD):    1.770ns
    Source Clock Delay      (SCD):    1.377ns
    Clock Pessimism Removal (CPR):    0.380ns

    Location             Delay type                Incr(ns)  Path(ns)    Netlist Resource(s)
  -------------------------------------------------------------------    -------------------
                         (clock ublaze_i/mdm_1/U0/Use_E2.BSCAN_I/Use_E2.BSCANE2_I/DRCK rise edge)
                                                      0.000     0.000 r  
    BSCAN_X0Y1           BSCANE2                      0.000     0.000 r  ublaze_i/mdm_1/U0/Use_E2.BSCAN_I/Use_E2.BSCANE2_I/DRCK
                         net (fo=1, routed)           0.759     0.759    ublaze_i/mdm_1/U0/No_Dbg_Reg_Access.BUFG_DRCK/DRCK
    BUFGCTRL_X0Y1        BUFG (Prop_bufg_I_O)         0.026     0.785 r  ublaze_i/mdm_1/U0/No_Dbg_Reg_Access.BUFG_DRCK/Using_FPGA.Native/O
                         net (fo=232, routed)         0.592     1.377    ublaze_i/mdm_1/U0/MDM_Core_I1/Using_FPGA.Native
    SLICE_X61Y39         FDPE                                         r  ublaze_i/mdm_1/U0/MDM_Core_I1/Use_BSCAN.Config_Reg_reg[9]/C
  -------------------------------------------------------------------    -------------------
    SLICE_X61Y39         FDPE (Prop_fdpe_C_Q)         0.128     1.505 r  ublaze_i/mdm_1/U0/MDM_Core_I1/Use_BSCAN.Config_Reg_reg[9]/Q
                         net (fo=1, routed)           0.119     1.624    ublaze_i/mdm_1/U0/MDM_Core_I1/Use_BSCAN.Config_Reg_reg_n_0_[9]
    SLICE_X60Y39         SRL16E                                       r  ublaze_i/mdm_1/U0/MDM_Core_I1/Use_BSCAN.Config_Reg_reg[5]_srl4_MDM_Core_I1_Use_BSCAN.Config_Reg_reg_c_2/D
  -------------------------------------------------------------------    -------------------

                         (clock ublaze_i/mdm_1/U0/Use_E2.BSCAN_I/Use_E2.BSCANE2_I/DRCK rise edge)
                                                      0.000     0.000 r  
    BSCAN_X0Y1           BSCANE2                      0.000     0.000 r  ublaze_i/mdm_1/U0/Use_E2.BSCAN_I/Use_E2.BSCANE2_I/DRCK
                         net (fo=1, routed)           0.879     0.879    ublaze_i/mdm_1/U0/No_Dbg_Reg_Access.BUFG_DRCK/DRCK
    BUFGCTRL_X0Y1        BUFG (Prop_bufg_I_O)         0.029     0.908 r  ublaze_i/mdm_1/U0/No_Dbg_Reg_Access.BUFG_DRCK/Using_FPGA.Native/O
                         net (fo=232, routed)         0.862     1.770    ublaze_i/mdm_1/U0/MDM_Core_I1/Using_FPGA.Native
    SLICE_X60Y39         SRL16E                                       r  ublaze_i/mdm_1/U0/MDM_Core_I1/Use_BSCAN.Config_Reg_reg[5]_srl4_MDM_Core_I1_Use_BSCAN.Config_Reg_reg_c_2/CLK
                         clock pessimism             -0.380     1.390    
    SLICE_X60Y39         SRL16E (Hold_srl16e_CLK_D)
                                                      0.061     1.451    ublaze_i/mdm_1/U0/MDM_Core_I1/Use_BSCAN.Config_Reg_reg[5]_srl4_MDM_Core_I1_Use_BSCAN.Config_Reg_reg_c_2
  -------------------------------------------------------------------
                         required time                         -1.451    
                         arrival time                           1.624    
  -------------------------------------------------------------------
                         slack                                  0.173    

Slack (MET) :             0.176ns  (arrival time - required time)
  Source:                 ublaze_i/microblaze_0/U0/MicroBlaze_Core_I/Performance.Core/Use_Debug_Logic.Master_Core.Debug_Perf/Serial_Dbg_Intf.shift_datain_reg[21]/C
                            (rising edge-triggered cell FDCE clocked by ublaze_i/mdm_1/U0/Use_E2.BSCAN_I/Use_E2.BSCANE2_I/DRCK  {rise@0.000ns fall@16.667ns period=33.333ns})
  Destination:            ublaze_i/microblaze_0/U0/MicroBlaze_Core_I/Performance.Core/Use_Debug_Logic.Master_Core.Debug_Perf/Serial_Dbg_Intf.shift_datain_reg[20]/D
                            (rising edge-triggered cell FDCE clocked by ublaze_i/mdm_1/U0/Use_E2.BSCAN_I/Use_E2.BSCANE2_I/DRCK  {rise@0.000ns fall@16.667ns period=33.333ns})
  Path Group:             ublaze_i/mdm_1/U0/Use_E2.BSCAN_I/Use_E2.BSCANE2_I/DRCK
  Path Type:              Hold (Min at Fast Process Corner)
  Requirement:            0.000ns  (ublaze_i/mdm_1/U0/Use_E2.BSCAN_I/Use_E2.BSCANE2_I/DRCK rise@0.000ns - ublaze_i/mdm_1/U0/Use_E2.BSCAN_I/Use_E2.BSCANE2_I/DRCK rise@0.000ns)
  Data Path Delay:        0.251ns  (logic 0.141ns (56.203%)  route 0.110ns (43.797%))
  Logic Levels:           0  
  Clock Path Skew:        0.016ns (DCD - SCD - CPR)
    Destination Clock Delay (DCD):    1.743ns
    Source Clock Delay      (SCD):    1.349ns
    Clock Pessimism Removal (CPR):    0.378ns

    Location             Delay type                Incr(ns)  Path(ns)    Netlist Resource(s)
  -------------------------------------------------------------------    -------------------
                         (clock ublaze_i/mdm_1/U0/Use_E2.BSCAN_I/Use_E2.BSCANE2_I/DRCK rise edge)
                                                      0.000     0.000 r  
    BSCAN_X0Y1           BSCANE2                      0.000     0.000 r  ublaze_i/mdm_1/U0/Use_E2.BSCAN_I/Use_E2.BSCANE2_I/DRCK
                         net (fo=1, routed)           0.759     0.759    ublaze_i/mdm_1/U0/No_Dbg_Reg_Access.BUFG_DRCK/DRCK
    BUFGCTRL_X0Y1        BUFG (Prop_bufg_I_O)         0.026     0.785 r  ublaze_i/mdm_1/U0/No_Dbg_Reg_Access.BUFG_DRCK/Using_FPGA.Native/O
                         net (fo=232, routed)         0.564     1.349    ublaze_i/microblaze_0/U0/MicroBlaze_Core_I/Performance.Core/Use_Debug_Logic.Master_Core.Debug_Perf/Dbg_Clk
    SLICE_X53Y38         FDCE                                         r  ublaze_i/microblaze_0/U0/MicroBlaze_Core_I/Performance.Core/Use_Debug_Logic.Master_Core.Debug_Perf/Serial_Dbg_Intf.shift_datain_reg[21]/C
  -------------------------------------------------------------------    -------------------
    SLICE_X53Y38         FDCE (Prop_fdce_C_Q)         0.141     1.490 r  ublaze_i/microblaze_0/U0/MicroBlaze_Core_I/Performance.Core/Use_Debug_Logic.Master_Core.Debug_Perf/Serial_Dbg_Intf.shift_datain_reg[21]/Q
                         net (fo=2, routed)           0.110     1.600    ublaze_i/microblaze_0/U0/MicroBlaze_Core_I/Performance.Core/Use_Debug_Logic.Master_Core.Debug_Perf/Serial_Dbg_Intf.shift_datain_reg_n_0_[21]
    SLICE_X50Y38         FDCE                                         r  ublaze_i/microblaze_0/U0/MicroBlaze_Core_I/Performance.Core/Use_Debug_Logic.Master_Core.Debug_Perf/Serial_Dbg_Intf.shift_datain_reg[20]/D
  -------------------------------------------------------------------    -------------------

                         (clock ublaze_i/mdm_1/U0/Use_E2.BSCAN_I/Use_E2.BSCANE2_I/DRCK rise edge)
                                                      0.000     0.000 r  
    BSCAN_X0Y1           BSCANE2                      0.000     0.000 r  ublaze_i/mdm_1/U0/Use_E2.BSCAN_I/Use_E2.BSCANE2_I/DRCK
                         net (fo=1, routed)           0.879     0.879    ublaze_i/mdm_1/U0/No_Dbg_Reg_Access.BUFG_DRCK/DRCK
    BUFGCTRL_X0Y1        BUFG (Prop_bufg_I_O)         0.029     0.908 r  ublaze_i/mdm_1/U0/No_Dbg_Reg_Access.BUFG_DRCK/Using_FPGA.Native/O
                         net (fo=232, routed)         0.835     1.743    ublaze_i/microblaze_0/U0/MicroBlaze_Core_I/Performance.Core/Use_Debug_Logic.Master_Core.Debug_Perf/Dbg_Clk
    SLICE_X50Y38         FDCE                                         r  ublaze_i/microblaze_0/U0/MicroBlaze_Core_I/Performance.Core/Use_Debug_Logic.Master_Core.Debug_Perf/Serial_Dbg_Intf.shift_datain_reg[20]/C
                         clock pessimism             -0.378     1.365    
    SLICE_X50Y38         FDCE (Hold_fdce_C_D)         0.059     1.424    ublaze_i/microblaze_0/U0/MicroBlaze_Core_I/Performance.Core/Use_Debug_Logic.Master_Core.Debug_Perf/Serial_Dbg_Intf.shift_datain_reg[20]
  -------------------------------------------------------------------
                         required time                         -1.424    
                         arrival time                           1.600    
  -------------------------------------------------------------------
                         slack                                  0.176    

Slack (MET) :             0.180ns  (arrival time - required time)
  Source:                 ublaze_i/mdm_1/U0/MDM_Core_I1/Use_BSCAN.Config_Reg_reg_c_3/C
                            (rising edge-triggered cell FDCE clocked by ublaze_i/mdm_1/U0/Use_E2.BSCAN_I/Use_E2.BSCANE2_I/DRCK  {rise@0.000ns fall@16.667ns period=33.333ns})
  Destination:            ublaze_i/mdm_1/U0/MDM_Core_I1/Use_BSCAN.Config_Reg_reg_c_4/D
                            (rising edge-triggered cell FDCE clocked by ublaze_i/mdm_1/U0/Use_E2.BSCAN_I/Use_E2.BSCANE2_I/DRCK  {rise@0.000ns fall@16.667ns period=33.333ns})
  Path Group:             ublaze_i/mdm_1/U0/Use_E2.BSCAN_I/Use_E2.BSCANE2_I/DRCK
  Path Type:              Hold (Min at Fast Process Corner)
  Requirement:            0.000ns  (ublaze_i/mdm_1/U0/Use_E2.BSCAN_I/Use_E2.BSCANE2_I/DRCK rise@0.000ns - ublaze_i/mdm_1/U0/Use_E2.BSCAN_I/Use_E2.BSCANE2_I/DRCK rise@0.000ns)
  Data Path Delay:        0.268ns  (logic 0.141ns (52.631%)  route 0.127ns (47.369%))
  Logic Levels:           0  
  Clock Path Skew:        0.013ns (DCD - SCD - CPR)
    Destination Clock Delay (DCD):    1.770ns
    Source Clock Delay      (SCD):    1.377ns
    Clock Pessimism Removal (CPR):    0.380ns

    Location             Delay type                Incr(ns)  Path(ns)    Netlist Resource(s)
  -------------------------------------------------------------------    -------------------
                         (clock ublaze_i/mdm_1/U0/Use_E2.BSCAN_I/Use_E2.BSCANE2_I/DRCK rise edge)
                                                      0.000     0.000 r  
    BSCAN_X0Y1           BSCANE2                      0.000     0.000 r  ublaze_i/mdm_1/U0/Use_E2.BSCAN_I/Use_E2.BSCANE2_I/DRCK
                         net (fo=1, routed)           0.759     0.759    ublaze_i/mdm_1/U0/No_Dbg_Reg_Access.BUFG_DRCK/DRCK
    BUFGCTRL_X0Y1        BUFG (Prop_bufg_I_O)         0.026     0.785 r  ublaze_i/mdm_1/U0/No_Dbg_Reg_Access.BUFG_DRCK/Using_FPGA.Native/O
                         net (fo=232, routed)         0.592     1.377    ublaze_i/mdm_1/U0/MDM_Core_I1/Using_FPGA.Native
    SLICE_X59Y39         FDCE                                         r  ublaze_i/mdm_1/U0/MDM_Core_I1/Use_BSCAN.Config_Reg_reg_c_3/C
  -------------------------------------------------------------------    -------------------
    SLICE_X59Y39         FDCE (Prop_fdce_C_Q)         0.141     1.518 r  ublaze_i/mdm_1/U0/MDM_Core_I1/Use_BSCAN.Config_Reg_reg_c_3/Q
                         net (fo=2, routed)           0.127     1.645    ublaze_i/mdm_1/U0/MDM_Core_I1/Use_BSCAN.Config_Reg_reg_c_3_n_0
    SLICE_X58Y39         FDCE                                         r  ublaze_i/mdm_1/U0/MDM_Core_I1/Use_BSCAN.Config_Reg_reg_c_4/D
  -------------------------------------------------------------------    -------------------

                         (clock ublaze_i/mdm_1/U0/Use_E2.BSCAN_I/Use_E2.BSCANE2_I/DRCK rise edge)
                                                      0.000     0.000 r  
    BSCAN_X0Y1           BSCANE2                      0.000     0.000 r  ublaze_i/mdm_1/U0/Use_E2.BSCAN_I/Use_E2.BSCANE2_I/DRCK
                         net (fo=1, routed)           0.879     0.879    ublaze_i/mdm_1/U0/No_Dbg_Reg_Access.BUFG_DRCK/DRCK
    BUFGCTRL_X0Y1        BUFG (Prop_bufg_I_O)         0.029     0.908 r  ublaze_i/mdm_1/U0/No_Dbg_Reg_Access.BUFG_DRCK/Using_FPGA.Native/O
                         net (fo=232, routed)         0.862     1.770    ublaze_i/mdm_1/U0/MDM_Core_I1/Using_FPGA.Native
    SLICE_X58Y39         FDCE                                         r  ublaze_i/mdm_1/U0/MDM_Core_I1/Use_BSCAN.Config_Reg_reg_c_4/C
                         clock pessimism             -0.380     1.390    
    SLICE_X58Y39         FDCE (Hold_fdce_C_D)         0.075     1.465    ublaze_i/mdm_1/U0/MDM_Core_I1/Use_BSCAN.Config_Reg_reg_c_4
  -------------------------------------------------------------------
                         required time                         -1.465    
                         arrival time                           1.645    
  -------------------------------------------------------------------
                         slack                                  0.180    

Slack (MET) :             0.191ns  (arrival time - required time)
  Source:                 ublaze_i/mdm_1/U0/MDM_Core_I1/Use_BSCAN.Config_Reg_reg[2]/C
                            (rising edge-triggered cell FDPE clocked by ublaze_i/mdm_1/U0/Use_E2.BSCAN_I/Use_E2.BSCANE2_I/DRCK  {rise@0.000ns fall@16.667ns period=33.333ns})
  Destination:            ublaze_i/mdm_1/U0/MDM_Core_I1/Use_BSCAN.Config_Reg_reg[1]/D
                            (rising edge-triggered cell FDPE clocked by ublaze_i/mdm_1/U0/Use_E2.BSCAN_I/Use_E2.BSCANE2_I/DRCK  {rise@0.000ns fall@16.667ns period=33.333ns})
  Path Group:             ublaze_i/mdm_1/U0/Use_E2.BSCAN_I/Use_E2.BSCANE2_I/DRCK
  Path Type:              Hold (Min at Fast Process Corner)
  Requirement:            0.000ns  (ublaze_i/mdm_1/U0/Use_E2.BSCAN_I/Use_E2.BSCANE2_I/DRCK rise@0.000ns - ublaze_i/mdm_1/U0/Use_E2.BSCAN_I/Use_E2.BSCANE2_I/DRCK rise@0.000ns)
  Data Path Delay:        0.266ns  (logic 0.141ns (53.032%)  route 0.125ns (46.968%))
  Logic Levels:           0  
  Clock Path Skew:        0.000ns (DCD - SCD - CPR)
    Destination Clock Delay (DCD):    1.771ns
    Source Clock Delay      (SCD):    1.378ns
    Clock Pessimism Removal (CPR):    0.393ns

    Location             Delay type                Incr(ns)  Path(ns)    Netlist Resource(s)
  -------------------------------------------------------------------    -------------------
                         (clock ublaze_i/mdm_1/U0/Use_E2.BSCAN_I/Use_E2.BSCANE2_I/DRCK rise edge)
                                                      0.000     0.000 r  
    BSCAN_X0Y1           BSCANE2                      0.000     0.000 r  ublaze_i/mdm_1/U0/Use_E2.BSCAN_I/Use_E2.BSCANE2_I/DRCK
                         net (fo=1, routed)           0.759     0.759    ublaze_i/mdm_1/U0/No_Dbg_Reg_Access.BUFG_DRCK/DRCK
    BUFGCTRL_X0Y1        BUFG (Prop_bufg_I_O)         0.026     0.785 r  ublaze_i/mdm_1/U0/No_Dbg_Reg_Access.BUFG_DRCK/Using_FPGA.Native/O
                         net (fo=232, routed)         0.593     1.378    ublaze_i/mdm_1/U0/MDM_Core_I1/Using_FPGA.Native
    SLICE_X58Y41         FDPE                                         r  ublaze_i/mdm_1/U0/MDM_Core_I1/Use_BSCAN.Config_Reg_reg[2]/C
  -------------------------------------------------------------------    -------------------
    SLICE_X58Y41         FDPE (Prop_fdpe_C_Q)         0.141     1.519 r  ublaze_i/mdm_1/U0/MDM_Core_I1/Use_BSCAN.Config_Reg_reg[2]/Q
                         net (fo=1, routed)           0.125     1.644    ublaze_i/mdm_1/U0/MDM_Core_I1/Use_BSCAN.Config_Reg_reg_n_0_[2]
    SLICE_X58Y41         FDPE                                         r  ublaze_i/mdm_1/U0/MDM_Core_I1/Use_BSCAN.Config_Reg_reg[1]/D
  -------------------------------------------------------------------    -------------------

                         (clock ublaze_i/mdm_1/U0/Use_E2.BSCAN_I/Use_E2.BSCANE2_I/DRCK rise edge)
                                                      0.000     0.000 r  
    BSCAN_X0Y1           BSCANE2                      0.000     0.000 r  ublaze_i/mdm_1/U0/Use_E2.BSCAN_I/Use_E2.BSCANE2_I/DRCK
                         net (fo=1, routed)           0.879     0.879    ublaze_i/mdm_1/U0/No_Dbg_Reg_Access.BUFG_DRCK/DRCK
    BUFGCTRL_X0Y1        BUFG (Prop_bufg_I_O)         0.029     0.908 r  ublaze_i/mdm_1/U0/No_Dbg_Reg_Access.BUFG_DRCK/Using_FPGA.Native/O
                         net (fo=232, routed)         0.863     1.771    ublaze_i/mdm_1/U0/MDM_Core_I1/Using_FPGA.Native
    SLICE_X58Y41         FDPE                                         r  ublaze_i/mdm_1/U0/MDM_Core_I1/Use_BSCAN.Config_Reg_reg[1]/C
                         clock pessimism             -0.393     1.378    
    SLICE_X58Y41         FDPE (Hold_fdpe_C_D)         0.075     1.453    ublaze_i/mdm_1/U0/MDM_Core_I1/Use_BSCAN.Config_Reg_reg[1]
  -------------------------------------------------------------------
                         required time                         -1.453    
                         arrival time                           1.644    
  -------------------------------------------------------------------
                         slack                                  0.191    

Slack (MET) :             0.193ns  (arrival time - required time)
  Source:                 ublaze_i/microblaze_0/U0/MicroBlaze_Core_I/Performance.Core/Use_Debug_Logic.Master_Core.Debug_Perf/Serial_Dbg_Intf.shift_datain_reg[8]/C
                            (rising edge-triggered cell FDCE clocked by ublaze_i/mdm_1/U0/Use_E2.BSCAN_I/Use_E2.BSCANE2_I/DRCK  {rise@0.000ns fall@16.667ns period=33.333ns})
  Destination:            ublaze_i/microblaze_0/U0/MicroBlaze_Core_I/Performance.Core/Use_Debug_Logic.Master_Core.Debug_Perf/Serial_Dbg_Intf.New_Instr_Reg_TCK_reg[7]/D
                            (rising edge-triggered cell FDCE clocked by ublaze_i/mdm_1/U0/Use_E2.BSCAN_I/Use_E2.BSCANE2_I/DRCK  {rise@0.000ns fall@16.667ns period=33.333ns})
  Path Group:             ublaze_i/mdm_1/U0/Use_E2.BSCAN_I/Use_E2.BSCANE2_I/DRCK
  Path Type:              Hold (Min at Fast Process Corner)
  Requirement:            0.000ns  (ublaze_i/mdm_1/U0/Use_E2.BSCAN_I/Use_E2.BSCANE2_I/DRCK rise@0.000ns - ublaze_i/mdm_1/U0/Use_E2.BSCAN_I/Use_E2.BSCANE2_I/DRCK rise@0.000ns)
  Data Path Delay:        0.224ns  (logic 0.148ns (66.181%)  route 0.076ns (33.819%))
  Logic Levels:           0  
  Clock Path Skew:        0.013ns (DCD - SCD - CPR)
    Destination Clock Delay (DCD):    1.729ns
    Source Clock Delay      (SCD):    1.338ns
    Clock Pessimism Removal (CPR):    0.378ns

    Location             Delay type                Incr(ns)  Path(ns)    Netlist Resource(s)
  -------------------------------------------------------------------    -------------------
                         (clock ublaze_i/mdm_1/U0/Use_E2.BSCAN_I/Use_E2.BSCANE2_I/DRCK rise edge)
                                                      0.000     0.000 r  
    BSCAN_X0Y1           BSCANE2                      0.000     0.000 r  ublaze_i/mdm_1/U0/Use_E2.BSCAN_I/Use_E2.BSCANE2_I/DRCK
                         net (fo=1, routed)           0.759     0.759    ublaze_i/mdm_1/U0/No_Dbg_Reg_Access.BUFG_DRCK/DRCK
    BUFGCTRL_X0Y1        BUFG (Prop_bufg_I_O)         0.026     0.785 r  ublaze_i/mdm_1/U0/No_Dbg_Reg_Access.BUFG_DRCK/Using_FPGA.Native/O
                         net (fo=232, routed)         0.553     1.338    ublaze_i/microblaze_0/U0/MicroBlaze_Core_I/Performance.Core/Use_Debug_Logic.Master_Core.Debug_Perf/Dbg_Clk
    SLICE_X50Y25         FDCE                                         r  ublaze_i/microblaze_0/U0/MicroBlaze_Core_I/Performance.Core/Use_Debug_Logic.Master_Core.Debug_Perf/Serial_Dbg_Intf.shift_datain_reg[8]/C
  -------------------------------------------------------------------    -------------------
    SLICE_X50Y25         FDCE (Prop_fdce_C_Q)         0.148     1.486 r  ublaze_i/microblaze_0/U0/MicroBlaze_Core_I/Performance.Core/Use_Debug_Logic.Master_Core.Debug_Perf/Serial_Dbg_Intf.shift_datain_reg[8]/Q
                         net (fo=2, routed)           0.076     1.562    ublaze_i/microblaze_0/U0/MicroBlaze_Core_I/Performance.Core/Use_Debug_Logic.Master_Core.Debug_Perf/Serial_Dbg_Intf.shift_datain_reg_n_0_[8]
    SLICE_X51Y25         FDCE                                         r  ublaze_i/microblaze_0/U0/MicroBlaze_Core_I/Performance.Core/Use_Debug_Logic.Master_Core.Debug_Perf/Serial_Dbg_Intf.New_Instr_Reg_TCK_reg[7]/D
  -------------------------------------------------------------------    -------------------

                         (clock ublaze_i/mdm_1/U0/Use_E2.BSCAN_I/Use_E2.BSCANE2_I/DRCK rise edge)
                                                      0.000     0.000 r  
    BSCAN_X0Y1           BSCANE2                      0.000     0.000 r  ublaze_i/mdm_1/U0/Use_E2.BSCAN_I/Use_E2.BSCANE2_I/DRCK
                         net (fo=1, routed)           0.879     0.879    ublaze_i/mdm_1/U0/No_Dbg_Reg_Access.BUFG_DRCK/DRCK
    BUFGCTRL_X0Y1        BUFG (Prop_bufg_I_O)         0.029     0.908 r  ublaze_i/mdm_1/U0/No_Dbg_Reg_Access.BUFG_DRCK/Using_FPGA.Native/O
                         net (fo=232, routed)         0.821     1.729    ublaze_i/microblaze_0/U0/MicroBlaze_Core_I/Performance.Core/Use_Debug_Logic.Master_Core.Debug_Perf/Dbg_Clk
    SLICE_X51Y25         FDCE                                         r  ublaze_i/microblaze_0/U0/MicroBlaze_Core_I/Performance.Core/Use_Debug_Logic.Master_Core.Debug_Perf/Serial_Dbg_Intf.New_Instr_Reg_TCK_reg[7]/C
                         clock pessimism             -0.378     1.351    
    SLICE_X51Y25         FDCE (Hold_fdce_C_D)         0.018     1.369    ublaze_i/microblaze_0/U0/MicroBlaze_Core_I/Performance.Core/Use_Debug_Logic.Master_Core.Debug_Perf/Serial_Dbg_Intf.New_Instr_Reg_TCK_reg[7]
  -------------------------------------------------------------------
                         required time                         -1.369    
                         arrival time                           1.562    
  -------------------------------------------------------------------
                         slack                                  0.193    





Pulse Width Checks
--------------------------------------------------------------------------------------
Clock Name:         ublaze_i/mdm_1/U0/Use_E2.BSCAN_I/Use_E2.BSCANE2_I/DRCK
Waveform(ns):       { 0.000 16.667 }
Period(ns):         33.333
Sources:            { ublaze_i/mdm_1/U0/Use_E2.BSCAN_I/Use_E2.BSCANE2_I/DRCK }

Check Type        Corner  Lib Pin      Reference Pin  Required(ns)  Actual(ns)  Slack(ns)  Location       Pin
Min Period        n/a     BUFG/I       n/a            2.155         33.333      31.178     BUFGCTRL_X0Y1  ublaze_i/mdm_1/U0/No_Dbg_Reg_Access.BUFG_DRCK/Using_FPGA.Native/I
Min Period        n/a     FDCE/C       n/a            1.000         33.333      32.333     SLICE_X55Y26   ublaze_i/microblaze_0/U0/MicroBlaze_Core_I/Performance.Core/Use_Debug_Logic.Master_Core.Debug_Perf/Serial_Dbg_Intf.shift_datain_reg[24]/C
Min Period        n/a     FDCE/C       n/a            1.000         33.333      32.333     SLICE_X55Y26   ublaze_i/microblaze_0/U0/MicroBlaze_Core_I/Performance.Core/Use_Debug_Logic.Master_Core.Debug_Perf/Serial_Dbg_Intf.shift_datain_reg[25]/C
Min Period        n/a     FDCE/C       n/a            1.000         33.333      32.333     SLICE_X55Y26   ublaze_i/microblaze_0/U0/MicroBlaze_Core_I/Performance.Core/Use_Debug_Logic.Master_Core.Debug_Perf/Serial_Dbg_Intf.shift_datain_reg[26]/C
Min Period        n/a     FDCE/C       n/a            1.000         33.333      32.333     SLICE_X55Y26   ublaze_i/microblaze_0/U0/MicroBlaze_Core_I/Performance.Core/Use_Debug_Logic.Master_Core.Debug_Perf/Serial_Dbg_Intf.shift_datain_reg[27]/C
Min Period        n/a     FDCE/C       n/a            1.000         33.333      32.333     SLICE_X55Y26   ublaze_i/microblaze_0/U0/MicroBlaze_Core_I/Performance.Core/Use_Debug_Logic.Master_Core.Debug_Perf/Serial_Dbg_Intf.shift_datain_reg[28]/C
Min Period        n/a     FDCE/C       n/a            1.000         33.333      32.333     SLICE_X55Y26   ublaze_i/microblaze_0/U0/MicroBlaze_Core_I/Performance.Core/Use_Debug_Logic.Master_Core.Debug_Perf/Serial_Dbg_Intf.shift_datain_reg[29]/C
Min Period        n/a     FDCE/C       n/a            1.000         33.333      32.333     SLICE_X49Y39   ublaze_i/microblaze_0/U0/MicroBlaze_Core_I/Performance.Core/Use_Debug_Logic.Master_Core.Debug_Perf/Serial_Dbg_Intf.shift_datain_reg[2]/C
Min Period        n/a     FDCE/C       n/a            1.000         33.333      32.333     SLICE_X55Y26   ublaze_i/microblaze_0/U0/MicroBlaze_Core_I/Performance.Core/Use_Debug_Logic.Master_Core.Debug_Perf/Serial_Dbg_Intf.shift_datain_reg[30]/C
Min Period        n/a     FDCE/C       n/a            1.000         33.333      32.333     SLICE_X55Y26   ublaze_i/microblaze_0/U0/MicroBlaze_Core_I/Performance.Core/Use_Debug_Logic.Master_Core.Debug_Perf/Serial_Dbg_Intf.shift_datain_reg[31]/C
Low Pulse Width   Fast    SRLC16E/CLK  n/a            0.980         16.666      15.686     SLICE_X42Y30   ublaze_i/microblaze_0/U0/MicroBlaze_Core_I/Performance.Core/Use_Debug_Logic.Master_Core.Debug_Perf/Using_PC_Breakpoints.All_PC_Brks[0].Serial_Interface_1.address_hit_I/Compare[2].SRLC16E_I/Use_unisim.MB_SRL16CE_I1/CLK
Low Pulse Width   Fast    SRLC16E/CLK  n/a            0.980         16.666      15.686     SLICE_X46Y39   ublaze_i/microblaze_0/U0/MicroBlaze_Core_I/Performance.Core/Use_Debug_Logic.Master_Core.Debug_Perf/Using_PC_Breakpoints.All_PC_Brks[0].Serial_Interface_1.address_hit_I/Compare[6].SRLC16E_I/Use_unisim.MB_SRL16CE_I1/CLK
Low Pulse Width   Fast    SRL16E/CLK   n/a            0.980         16.666      15.686     SLICE_X52Y39   ublaze_i/microblaze_0/U0/MicroBlaze_Core_I/Performance.Core/Use_Debug_Logic.Master_Core.Debug_Perf/Serial_Dbg_Intf.SRL16E_1/Use_unisim.MB_SRL16E_I1/CLK
Low Pulse Width   Fast    SRL16E/CLK   n/a            0.980         16.666      15.686     SLICE_X52Y39   ublaze_i/microblaze_0/U0/MicroBlaze_Core_I/Performance.Core/Use_Debug_Logic.Master_Core.Debug_Perf/Serial_Dbg_Intf.SRL16E_3/Use_unisim.MB_SRL16E_I1/CLK
Low Pulse Width   Fast    SRL16E/CLK   n/a            0.980         16.666      15.686     SLICE_X52Y39   ublaze_i/microblaze_0/U0/MicroBlaze_Core_I/Performance.Core/Use_Debug_Logic.Master_Core.Debug_Perf/Serial_Dbg_Intf.The_Cache_Addresses[1].SRL16E_Cache_I/Use_unisim.MB_SRL16E_I1/CLK
Low Pulse Width   Fast    SRL16E/CLK   n/a            0.980         16.666      15.686     SLICE_X52Y39   ublaze_i/microblaze_0/U0/MicroBlaze_Core_I/Performance.Core/Use_Debug_Logic.Master_Core.Debug_Perf/Serial_Dbg_Intf.The_Cache_Addresses[2].SRL16E_Cache_I/Use_unisim.MB_SRL16E_I1/CLK
Low Pulse Width   Fast    SRL16E/CLK   n/a            0.980         16.666      15.686     SLICE_X42Y28   ublaze_i/microblaze_0/U0/MicroBlaze_Core_I/Performance.Core/Use_Debug_Logic.Master_Core.Debug_Perf/Using_PC_Breakpoints.All_PC_Brks[0].Serial_Interface_1.address_hit_I/Compare[0].SRLC16E_I/Use_unisim.MB_SRL16CE_I1/CLK
Low Pulse Width   Fast    SRLC16E/CLK  n/a            0.980         16.666      15.686     SLICE_X42Y28   ublaze_i/microblaze_0/U0/MicroBlaze_Core_I/Performance.Core/Use_Debug_Logic.Master_Core.Debug_Perf/Using_PC_Breakpoints.All_PC_Brks[0].Serial_Interface_1.address_hit_I/Compare[1].SRLC16E_I/Use_unisim.MB_SRL16CE_I1/CLK
Low Pulse Width   Fast    SRLC16E/CLK  n/a            0.980         16.666      15.686     SLICE_X46Y33   ublaze_i/microblaze_0/U0/MicroBlaze_Core_I/Performance.Core/Use_Debug_Logic.Master_Core.Debug_Perf/Using_PC_Breakpoints.All_PC_Brks[0].Serial_Interface_1.address_hit_I/Compare[3].SRLC16E_I/Use_unisim.MB_SRL16CE_I1/CLK
Low Pulse Width   Fast    SRLC16E/CLK  n/a            0.980         16.666      15.686     SLICE_X42Y38   ublaze_i/microblaze_0/U0/MicroBlaze_Core_I/Performance.Core/Use_Debug_Logic.Master_Core.Debug_Perf/Using_PC_Breakpoints.All_PC_Brks[0].Serial_Interface_1.address_hit_I/Compare[7].SRLC16E_I/Use_unisim.MB_SRL16CE_I1/CLK
High Pulse Width  Slow    SRL16E/CLK   n/a            0.980         16.666      15.686     SLICE_X42Y28   ublaze_i/microblaze_0/U0/MicroBlaze_Core_I/Performance.Core/Use_Debug_Logic.Master_Core.Debug_Perf/Using_PC_Breakpoints.All_PC_Brks[0].Serial_Interface_1.address_hit_I/Compare[0].SRLC16E_I/Use_unisim.MB_SRL16CE_I1/CLK
High Pulse Width  Slow    SRLC16E/CLK  n/a            0.980         16.666      15.686     SLICE_X42Y28   ublaze_i/microblaze_0/U0/MicroBlaze_Core_I/Performance.Core/Use_Debug_Logic.Master_Core.Debug_Perf/Using_PC_Breakpoints.All_PC_Brks[0].Serial_Interface_1.address_hit_I/Compare[1].SRLC16E_I/Use_unisim.MB_SRL16CE_I1/CLK
High Pulse Width  Slow    SRLC16E/CLK  n/a            0.980         16.666      15.686     SLICE_X42Y30   ublaze_i/microblaze_0/U0/MicroBlaze_Core_I/Performance.Core/Use_Debug_Logic.Master_Core.Debug_Perf/Using_PC_Breakpoints.All_PC_Brks[0].Serial_Interface_1.address_hit_I/Compare[2].SRLC16E_I/Use_unisim.MB_SRL16CE_I1/CLK
High Pulse Width  Slow    SRLC16E/CLK  n/a            0.980         16.666      15.686     SLICE_X46Y33   ublaze_i/microblaze_0/U0/MicroBlaze_Core_I/Performance.Core/Use_Debug_Logic.Master_Core.Debug_Perf/Using_PC_Breakpoints.All_PC_Brks[0].Serial_Interface_1.address_hit_I/Compare[3].SRLC16E_I/Use_unisim.MB_SRL16CE_I1/CLK
High Pulse Width  Slow    SRLC16E/CLK  n/a            0.980         16.666      15.686     SLICE_X46Y34   ublaze_i/microblaze_0/U0/MicroBlaze_Core_I/Performance.Core/Use_Debug_Logic.Master_Core.Debug_Perf/Using_PC_Breakpoints.All_PC_Brks[0].Serial_Interface_1.address_hit_I/Compare[4].SRLC16E_I/Use_unisim.MB_SRL16CE_I1/CLK
High Pulse Width  Slow    SRLC16E/CLK  n/a            0.980         16.666      15.686     SLICE_X46Y36   ublaze_i/microblaze_0/U0/MicroBlaze_Core_I/Performance.Core/Use_Debug_Logic.Master_Core.Debug_Perf/Using_PC_Breakpoints.All_PC_Brks[0].Serial_Interface_1.address_hit_I/Compare[5].SRLC16E_I/Use_unisim.MB_SRL16CE_I1/CLK
High Pulse Width  Slow    SRL16E/CLK   n/a            0.980         16.666      15.686     SLICE_X60Y39   ublaze_i/mdm_1/U0/MDM_Core_I1/Use_BSCAN.Config_Reg_reg[12]_srl13_MDM_Core_I1_Use_BSCAN.Config_Reg_reg_c_11/CLK
High Pulse Width  Slow    SRL16E/CLK   n/a            0.980         16.666      15.686     SLICE_X60Y39   ublaze_i/mdm_1/U0/MDM_Core_I1/Use_BSCAN.Config_Reg_reg[5]_srl4_MDM_Core_I1_Use_BSCAN.Config_Reg_reg_c_2/CLK
High Pulse Width  Fast    SRLC16E/CLK  n/a            0.980         16.667      15.686     SLICE_X46Y33   ublaze_i/microblaze_0/U0/MicroBlaze_Core_I/Performance.Core/Use_Debug_Logic.Master_Core.Debug_Perf/Using_PC_Breakpoints.All_PC_Brks[0].Serial_Interface_1.address_hit_I/Compare[3].SRLC16E_I/Use_unisim.MB_SRL16CE_I1/CLK
High Pulse Width  Fast    SRLC16E/CLK  n/a            0.980         16.667      15.686     SLICE_X46Y34   ublaze_i/microblaze_0/U0/MicroBlaze_Core_I/Performance.Core/Use_Debug_Logic.Master_Core.Debug_Perf/Using_PC_Breakpoints.All_PC_Brks[0].Serial_Interface_1.address_hit_I/Compare[4].SRLC16E_I/Use_unisim.MB_SRL16CE_I1/CLK



---------------------------------------------------------------------------------------------------
From Clock:  ublaze_i/mdm_1/U0/Use_E2.BSCAN_I/Use_E2.BSCANE2_I/UPDATE
  To Clock:  ublaze_i/mdm_1/U0/Use_E2.BSCAN_I/Use_E2.BSCANE2_I/UPDATE

Setup :            0  Failing Endpoints,  Worst Slack       11.316ns,  Total Violation        0.000ns
Hold  :            0  Failing Endpoints,  Worst Slack        0.366ns,  Total Violation        0.000ns
PW    :            0  Failing Endpoints,  Worst Slack       16.166ns,  Total Violation        0.000ns
---------------------------------------------------------------------------------------------------


Max Delay Paths
--------------------------------------------------------------------------------------
Slack (MET) :             11.316ns  (required time - arrival time)
  Source:                 ublaze_i/mdm_1/U0/MDM_Core_I1/JTAG_CONTROL_I/Use_BSCAN.command_reg[3]/C
                            (falling edge-triggered cell FDCE clocked by ublaze_i/mdm_1/U0/Use_E2.BSCAN_I/Use_E2.BSCANE2_I/UPDATE  {rise@0.000ns fall@16.667ns period=33.333ns})
  Destination:            ublaze_i/microblaze_0/U0/MicroBlaze_Core_I/Performance.Core/Use_Debug_Logic.Master_Core.Debug_Perf/Serial_Dbg_Intf.control_reg_reg[8]/CE
                            (rising edge-triggered cell FDCE clocked by ublaze_i/mdm_1/U0/Use_E2.BSCAN_I/Use_E2.BSCANE2_I/UPDATE  {rise@0.000ns fall@16.667ns period=33.333ns})
  Path Group:             ublaze_i/mdm_1/U0/Use_E2.BSCAN_I/Use_E2.BSCANE2_I/UPDATE
  Path Type:              Setup (Max at Slow Process Corner)
  Requirement:            16.667ns  (ublaze_i/mdm_1/U0/Use_E2.BSCAN_I/Use_E2.BSCANE2_I/UPDATE rise@33.333ns - ublaze_i/mdm_1/U0/Use_E2.BSCAN_I/Use_E2.BSCANE2_I/UPDATE fall@16.667ns)
  Data Path Delay:        4.512ns  (logic 0.946ns (20.967%)  route 3.566ns (79.033%))
  Logic Levels:           3  (LUT3=1 LUT4=1 LUT5=1)
  Clock Path Skew:        -0.505ns (DCD - SCD + CPR)
    Destination Clock Delay (DCD):    1.571ns = ( 34.904 - 33.333 ) 
    Source Clock Delay      (SCD):    2.228ns = ( 18.894 - 16.667 ) 
    Clock Pessimism Removal (CPR):    0.152ns
  Clock Uncertainty:      0.035ns  ((TSJ^2 + TIJ^2)^1/2 + DJ) / 2 + PE
    Total System Jitter     (TSJ):    0.071ns
    Total Input Jitter      (TIJ):    0.000ns
    Discrete Jitter          (DJ):    0.000ns
    Phase Error              (PE):    0.000ns

    Location             Delay type                Incr(ns)  Path(ns)    Netlist Resource(s)
  -------------------------------------------------------------------    -------------------
                         (clock ublaze_i/mdm_1/U0/Use_E2.BSCAN_I/Use_E2.BSCANE2_I/UPDATE fall edge)
                                                     16.667    16.667 f  
    BSCAN_X0Y1           BSCANE2                      0.000    16.667 f  ublaze_i/mdm_1/U0/Use_E2.BSCAN_I/Use_E2.BSCANE2_I/UPDATE
                         net (fo=39, routed)          2.228    18.894    ublaze_i/mdm_1/U0/MDM_Core_I1/JTAG_CONTROL_I/CLK
    SLICE_X45Y42         FDCE                                         r  ublaze_i/mdm_1/U0/MDM_Core_I1/JTAG_CONTROL_I/Use_BSCAN.command_reg[3]/C  (IS_INVERTED)
  -------------------------------------------------------------------    -------------------
    SLICE_X45Y42         FDCE (Prop_fdce_C_Q)         0.340    19.234 f  ublaze_i/mdm_1/U0/MDM_Core_I1/JTAG_CONTROL_I/Use_BSCAN.command_reg[3]/Q
                         net (fo=6, routed)           0.614    19.848    ublaze_i/mdm_1/U0/MDM_Core_I1/JTAG_CONTROL_I/Use_BSCAN.FDC_I/Q[4]
    SLICE_X45Y43         LUT3 (Prop_lut3_I2_O)        0.150    19.998 f  ublaze_i/mdm_1/U0/MDM_Core_I1/JTAG_CONTROL_I/Use_BSCAN.FDC_I/Dbg_Reg_En_0[3]_INST_0/O
                         net (fo=4, routed)           1.111    21.109    ublaze_i/microblaze_0/U0/MicroBlaze_Core_I/Performance.Core/Use_Debug_Logic.Master_Core.Debug_Perf/Dbg_Reg_En[3]
    SLICE_X46Y41         LUT4 (Prop_lut4_I2_O)        0.332    21.441 f  ublaze_i/microblaze_0/U0/MicroBlaze_Core_I/Performance.Core/Use_Debug_Logic.Master_Core.Debug_Perf/Serial_Dbg_Intf.dbg_wakeup_i_i_3/O
                         net (fo=5, routed)           0.529    21.970    ublaze_i/microblaze_0/U0/MicroBlaze_Core_I/Performance.Core/Use_Debug_Logic.Master_Core.Debug_Perf/Dbg_Reg_En_0_sn_1
    SLICE_X49Y41         LUT5 (Prop_lut5_I0_O)        0.124    22.094 r  ublaze_i/microblaze_0/U0/MicroBlaze_Core_I/Performance.Core/Use_Debug_Logic.Master_Core.Debug_Perf/Serial_Dbg_Intf.dbg_wakeup_i_i_1/O
                         net (fo=8, routed)           1.311    23.406    ublaze_i/microblaze_0/U0/MicroBlaze_Core_I/Performance.Core/Use_Debug_Logic.Master_Core.Debug_Perf/Control_Reg_En
    SLICE_X53Y29         FDCE                                         r  ublaze_i/microblaze_0/U0/MicroBlaze_Core_I/Performance.Core/Use_Debug_Logic.Master_Core.Debug_Perf/Serial_Dbg_Intf.control_reg_reg[8]/CE
  -------------------------------------------------------------------    -------------------

                         (clock ublaze_i/mdm_1/U0/Use_E2.BSCAN_I/Use_E2.BSCANE2_I/UPDATE rise edge)
                                                     33.333    33.333 r  
    BSCAN_X0Y1           BSCANE2                      0.000    33.333 r  ublaze_i/mdm_1/U0/Use_E2.BSCAN_I/Use_E2.BSCANE2_I/UPDATE
                         net (fo=39, routed)          1.571    34.904    ublaze_i/microblaze_0/U0/MicroBlaze_Core_I/Performance.Core/Use_Debug_Logic.Master_Core.Debug_Perf/Dbg_Update
    SLICE_X53Y29         FDCE                                         r  ublaze_i/microblaze_0/U0/MicroBlaze_Core_I/Performance.Core/Use_Debug_Logic.Master_Core.Debug_Perf/Serial_Dbg_Intf.control_reg_reg[8]/C
                         clock pessimism              0.152    35.056    
                         clock uncertainty           -0.035    35.020    
    SLICE_X53Y29         FDCE (Setup_fdce_C_CE)      -0.298    34.722    ublaze_i/microblaze_0/U0/MicroBlaze_Core_I/Performance.Core/Use_Debug_Logic.Master_Core.Debug_Perf/Serial_Dbg_Intf.control_reg_reg[8]
  -------------------------------------------------------------------
                         required time                         34.722    
                         arrival time                         -23.406    
  -------------------------------------------------------------------
                         slack                                 11.316    

Slack (MET) :             11.473ns  (required time - arrival time)
  Source:                 ublaze_i/mdm_1/U0/MDM_Core_I1/JTAG_CONTROL_I/Use_BSCAN.command_reg[3]/C
                            (falling edge-triggered cell FDCE clocked by ublaze_i/mdm_1/U0/Use_E2.BSCAN_I/Use_E2.BSCANE2_I/UPDATE  {rise@0.000ns fall@16.667ns period=33.333ns})
  Destination:            ublaze_i/microblaze_0/U0/MicroBlaze_Core_I/Performance.Core/Use_Debug_Logic.Master_Core.Debug_Perf/Serial_Dbg_Intf.control_reg_reg[4]/CE
                            (rising edge-triggered cell FDCE clocked by ublaze_i/mdm_1/U0/Use_E2.BSCAN_I/Use_E2.BSCANE2_I/UPDATE  {rise@0.000ns fall@16.667ns period=33.333ns})
  Path Group:             ublaze_i/mdm_1/U0/Use_E2.BSCAN_I/Use_E2.BSCANE2_I/UPDATE
  Path Type:              Setup (Max at Slow Process Corner)
  Requirement:            16.667ns  (ublaze_i/mdm_1/U0/Use_E2.BSCAN_I/Use_E2.BSCANE2_I/UPDATE rise@33.333ns - ublaze_i/mdm_1/U0/Use_E2.BSCAN_I/Use_E2.BSCANE2_I/UPDATE fall@16.667ns)
  Data Path Delay:        4.932ns  (logic 0.946ns (19.181%)  route 3.986ns (80.819%))
  Logic Levels:           3  (LUT3=1 LUT4=1 LUT5=1)
  Clock Path Skew:        0.072ns (DCD - SCD + CPR)
    Destination Clock Delay (DCD):    2.148ns = ( 35.481 - 33.333 ) 
    Source Clock Delay      (SCD):    2.228ns = ( 18.894 - 16.667 ) 
    Clock Pessimism Removal (CPR):    0.152ns
  Clock Uncertainty:      0.035ns  ((TSJ^2 + TIJ^2)^1/2 + DJ) / 2 + PE
    Total System Jitter     (TSJ):    0.071ns
    Total Input Jitter      (TIJ):    0.000ns
    Discrete Jitter          (DJ):    0.000ns
    Phase Error              (PE):    0.000ns

    Location             Delay type                Incr(ns)  Path(ns)    Netlist Resource(s)
  -------------------------------------------------------------------    -------------------
                         (clock ublaze_i/mdm_1/U0/Use_E2.BSCAN_I/Use_E2.BSCANE2_I/UPDATE fall edge)
                                                     16.667    16.667 f  
    BSCAN_X0Y1           BSCANE2                      0.000    16.667 f  ublaze_i/mdm_1/U0/Use_E2.BSCAN_I/Use_E2.BSCANE2_I/UPDATE
                         net (fo=39, routed)          2.228    18.894    ublaze_i/mdm_1/U0/MDM_Core_I1/JTAG_CONTROL_I/CLK
    SLICE_X45Y42         FDCE                                         r  ublaze_i/mdm_1/U0/MDM_Core_I1/JTAG_CONTROL_I/Use_BSCAN.command_reg[3]/C  (IS_INVERTED)
  -------------------------------------------------------------------    -------------------
    SLICE_X45Y42         FDCE (Prop_fdce_C_Q)         0.340    19.234 f  ublaze_i/mdm_1/U0/MDM_Core_I1/JTAG_CONTROL_I/Use_BSCAN.command_reg[3]/Q
                         net (fo=6, routed)           0.614    19.848    ublaze_i/mdm_1/U0/MDM_Core_I1/JTAG_CONTROL_I/Use_BSCAN.FDC_I/Q[4]
    SLICE_X45Y43         LUT3 (Prop_lut3_I2_O)        0.150    19.998 f  ublaze_i/mdm_1/U0/MDM_Core_I1/JTAG_CONTROL_I/Use_BSCAN.FDC_I/Dbg_Reg_En_0[3]_INST_0/O
                         net (fo=4, routed)           1.111    21.109    ublaze_i/microblaze_0/U0/MicroBlaze_Core_I/Performance.Core/Use_Debug_Logic.Master_Core.Debug_Perf/Dbg_Reg_En[3]
    SLICE_X46Y41         LUT4 (Prop_lut4_I2_O)        0.332    21.441 f  ublaze_i/microblaze_0/U0/MicroBlaze_Core_I/Performance.Core/Use_Debug_Logic.Master_Core.Debug_Perf/Serial_Dbg_Intf.dbg_wakeup_i_i_3/O
                         net (fo=5, routed)           0.529    21.970    ublaze_i/microblaze_0/U0/MicroBlaze_Core_I/Performance.Core/Use_Debug_Logic.Master_Core.Debug_Perf/Dbg_Reg_En_0_sn_1
    SLICE_X49Y41         LUT5 (Prop_lut5_I0_O)        0.124    22.094 r  ublaze_i/microblaze_0/U0/MicroBlaze_Core_I/Performance.Core/Use_Debug_Logic.Master_Core.Debug_Perf/Serial_Dbg_Intf.dbg_wakeup_i_i_1/O
                         net (fo=8, routed)           1.732    23.826    ublaze_i/microblaze_0/U0/MicroBlaze_Core_I/Performance.Core/Use_Debug_Logic.Master_Core.Debug_Perf/Control_Reg_En
    SLICE_X57Y27         FDCE                                         r  ublaze_i/microblaze_0/U0/MicroBlaze_Core_I/Performance.Core/Use_Debug_Logic.Master_Core.Debug_Perf/Serial_Dbg_Intf.control_reg_reg[4]/CE
  -------------------------------------------------------------------    -------------------

                         (clock ublaze_i/mdm_1/U0/Use_E2.BSCAN_I/Use_E2.BSCANE2_I/UPDATE rise edge)
                                                     33.333    33.333 r  
    BSCAN_X0Y1           BSCANE2                      0.000    33.333 r  ublaze_i/mdm_1/U0/Use_E2.BSCAN_I/Use_E2.BSCANE2_I/UPDATE
                         net (fo=39, routed)          2.148    35.481    ublaze_i/microblaze_0/U0/MicroBlaze_Core_I/Performance.Core/Use_Debug_Logic.Master_Core.Debug_Perf/Dbg_Update
    SLICE_X57Y27         FDCE                                         r  ublaze_i/microblaze_0/U0/MicroBlaze_Core_I/Performance.Core/Use_Debug_Logic.Master_Core.Debug_Perf/Serial_Dbg_Intf.control_reg_reg[4]/C
                         clock pessimism              0.152    35.633    
                         clock uncertainty           -0.035    35.597    
    SLICE_X57Y27         FDCE (Setup_fdce_C_CE)      -0.298    35.299    ublaze_i/microblaze_0/U0/MicroBlaze_Core_I/Performance.Core/Use_Debug_Logic.Master_Core.Debug_Perf/Serial_Dbg_Intf.control_reg_reg[4]
  -------------------------------------------------------------------
                         required time                         35.299    
                         arrival time                         -23.826    
  -------------------------------------------------------------------
                         slack                                 11.473    

Slack (MET) :             11.473ns  (required time - arrival time)
  Source:                 ublaze_i/mdm_1/U0/MDM_Core_I1/JTAG_CONTROL_I/Use_BSCAN.command_reg[3]/C
                            (falling edge-triggered cell FDCE clocked by ublaze_i/mdm_1/U0/Use_E2.BSCAN_I/Use_E2.BSCANE2_I/UPDATE  {rise@0.000ns fall@16.667ns period=33.333ns})
  Destination:            ublaze_i/microblaze_0/U0/MicroBlaze_Core_I/Performance.Core/Use_Debug_Logic.Master_Core.Debug_Perf/Serial_Dbg_Intf.control_reg_reg[5]/CE
                            (rising edge-triggered cell FDCE clocked by ublaze_i/mdm_1/U0/Use_E2.BSCAN_I/Use_E2.BSCANE2_I/UPDATE  {rise@0.000ns fall@16.667ns period=33.333ns})
  Path Group:             ublaze_i/mdm_1/U0/Use_E2.BSCAN_I/Use_E2.BSCANE2_I/UPDATE
  Path Type:              Setup (Max at Slow Process Corner)
  Requirement:            16.667ns  (ublaze_i/mdm_1/U0/Use_E2.BSCAN_I/Use_E2.BSCANE2_I/UPDATE rise@33.333ns - ublaze_i/mdm_1/U0/Use_E2.BSCAN_I/Use_E2.BSCANE2_I/UPDATE fall@16.667ns)
  Data Path Delay:        4.932ns  (logic 0.946ns (19.181%)  route 3.986ns (80.819%))
  Logic Levels:           3  (LUT3=1 LUT4=1 LUT5=1)
  Clock Path Skew:        0.072ns (DCD - SCD + CPR)
    Destination Clock Delay (DCD):    2.148ns = ( 35.481 - 33.333 ) 
    Source Clock Delay      (SCD):    2.228ns = ( 18.894 - 16.667 ) 
    Clock Pessimism Removal (CPR):    0.152ns
  Clock Uncertainty:      0.035ns  ((TSJ^2 + TIJ^2)^1/2 + DJ) / 2 + PE
    Total System Jitter     (TSJ):    0.071ns
    Total Input Jitter      (TIJ):    0.000ns
    Discrete Jitter          (DJ):    0.000ns
    Phase Error              (PE):    0.000ns

    Location             Delay type                Incr(ns)  Path(ns)    Netlist Resource(s)
  -------------------------------------------------------------------    -------------------
                         (clock ublaze_i/mdm_1/U0/Use_E2.BSCAN_I/Use_E2.BSCANE2_I/UPDATE fall edge)
                                                     16.667    16.667 f  
    BSCAN_X0Y1           BSCANE2                      0.000    16.667 f  ublaze_i/mdm_1/U0/Use_E2.BSCAN_I/Use_E2.BSCANE2_I/UPDATE
                         net (fo=39, routed)          2.228    18.894    ublaze_i/mdm_1/U0/MDM_Core_I1/JTAG_CONTROL_I/CLK
    SLICE_X45Y42         FDCE                                         r  ublaze_i/mdm_1/U0/MDM_Core_I1/JTAG_CONTROL_I/Use_BSCAN.command_reg[3]/C  (IS_INVERTED)
  -------------------------------------------------------------------    -------------------
    SLICE_X45Y42         FDCE (Prop_fdce_C_Q)         0.340    19.234 f  ublaze_i/mdm_1/U0/MDM_Core_I1/JTAG_CONTROL_I/Use_BSCAN.command_reg[3]/Q
                         net (fo=6, routed)           0.614    19.848    ublaze_i/mdm_1/U0/MDM_Core_I1/JTAG_CONTROL_I/Use_BSCAN.FDC_I/Q[4]
    SLICE_X45Y43         LUT3 (Prop_lut3_I2_O)        0.150    19.998 f  ublaze_i/mdm_1/U0/MDM_Core_I1/JTAG_CONTROL_I/Use_BSCAN.FDC_I/Dbg_Reg_En_0[3]_INST_0/O
                         net (fo=4, routed)           1.111    21.109    ublaze_i/microblaze_0/U0/MicroBlaze_Core_I/Performance.Core/Use_Debug_Logic.Master_Core.Debug_Perf/Dbg_Reg_En[3]
    SLICE_X46Y41         LUT4 (Prop_lut4_I2_O)        0.332    21.441 f  ublaze_i/microblaze_0/U0/MicroBlaze_Core_I/Performance.Core/Use_Debug_Logic.Master_Core.Debug_Perf/Serial_Dbg_Intf.dbg_wakeup_i_i_3/O
                         net (fo=5, routed)           0.529    21.970    ublaze_i/microblaze_0/U0/MicroBlaze_Core_I/Performance.Core/Use_Debug_Logic.Master_Core.Debug_Perf/Dbg_Reg_En_0_sn_1
    SLICE_X49Y41         LUT5 (Prop_lut5_I0_O)        0.124    22.094 r  ublaze_i/microblaze_0/U0/MicroBlaze_Core_I/Performance.Core/Use_Debug_Logic.Master_Core.Debug_Perf/Serial_Dbg_Intf.dbg_wakeup_i_i_1/O
                         net (fo=8, routed)           1.732    23.826    ublaze_i/microblaze_0/U0/MicroBlaze_Core_I/Performance.Core/Use_Debug_Logic.Master_Core.Debug_Perf/Control_Reg_En
    SLICE_X57Y27         FDCE                                         r  ublaze_i/microblaze_0/U0/MicroBlaze_Core_I/Performance.Core/Use_Debug_Logic.Master_Core.Debug_Perf/Serial_Dbg_Intf.control_reg_reg[5]/CE
  -------------------------------------------------------------------    -------------------

                         (clock ublaze_i/mdm_1/U0/Use_E2.BSCAN_I/Use_E2.BSCANE2_I/UPDATE rise edge)
                                                     33.333    33.333 r  
    BSCAN_X0Y1           BSCANE2                      0.000    33.333 r  ublaze_i/mdm_1/U0/Use_E2.BSCAN_I/Use_E2.BSCANE2_I/UPDATE
                         net (fo=39, routed)          2.148    35.481    ublaze_i/microblaze_0/U0/MicroBlaze_Core_I/Performance.Core/Use_Debug_Logic.Master_Core.Debug_Perf/Dbg_Update
    SLICE_X57Y27         FDCE                                         r  ublaze_i/microblaze_0/U0/MicroBlaze_Core_I/Performance.Core/Use_Debug_Logic.Master_Core.Debug_Perf/Serial_Dbg_Intf.control_reg_reg[5]/C
                         clock pessimism              0.152    35.633    
                         clock uncertainty           -0.035    35.597    
    SLICE_X57Y27         FDCE (Setup_fdce_C_CE)      -0.298    35.299    ublaze_i/microblaze_0/U0/MicroBlaze_Core_I/Performance.Core/Use_Debug_Logic.Master_Core.Debug_Perf/Serial_Dbg_Intf.control_reg_reg[5]
  -------------------------------------------------------------------
                         required time                         35.299    
                         arrival time                         -23.826    
  -------------------------------------------------------------------
                         slack                                 11.473    

Slack (MET) :             11.512ns  (required time - arrival time)
  Source:                 ublaze_i/mdm_1/U0/MDM_Core_I1/JTAG_CONTROL_I/Use_BSCAN.command_reg[3]/C
                            (falling edge-triggered cell FDCE clocked by ublaze_i/mdm_1/U0/Use_E2.BSCAN_I/Use_E2.BSCANE2_I/UPDATE  {rise@0.000ns fall@16.667ns period=33.333ns})
  Destination:            ublaze_i/microblaze_0/U0/MicroBlaze_Core_I/Performance.Core/Use_Debug_Logic.Master_Core.Debug_Perf/Serial_Dbg_Intf.continue_from_brk_TClk_reg/CE
                            (rising edge-triggered cell FDCE clocked by ublaze_i/mdm_1/U0/Use_E2.BSCAN_I/Use_E2.BSCANE2_I/UPDATE  {rise@0.000ns fall@16.667ns period=33.333ns})
  Path Group:             ublaze_i/mdm_1/U0/Use_E2.BSCAN_I/Use_E2.BSCANE2_I/UPDATE
  Path Type:              Setup (Max at Slow Process Corner)
  Requirement:            16.667ns  (ublaze_i/mdm_1/U0/Use_E2.BSCAN_I/Use_E2.BSCANE2_I/UPDATE rise@33.333ns - ublaze_i/mdm_1/U0/Use_E2.BSCAN_I/Use_E2.BSCANE2_I/UPDATE fall@16.667ns)
  Data Path Delay:        5.100ns  (logic 0.946ns (18.549%)  route 4.154ns (81.451%))
  Logic Levels:           3  (LUT3=1 LUT4=1 LUT5=1)
  Clock Path Skew:        0.279ns (DCD - SCD + CPR)
    Destination Clock Delay (DCD):    2.355ns = ( 35.688 - 33.333 ) 
    Source Clock Delay      (SCD):    2.228ns = ( 18.894 - 16.667 ) 
    Clock Pessimism Removal (CPR):    0.152ns
  Clock Uncertainty:      0.035ns  ((TSJ^2 + TIJ^2)^1/2 + DJ) / 2 + PE
    Total System Jitter     (TSJ):    0.071ns
    Total Input Jitter      (TIJ):    0.000ns
    Discrete Jitter          (DJ):    0.000ns
    Phase Error              (PE):    0.000ns

    Location             Delay type                Incr(ns)  Path(ns)    Netlist Resource(s)
  -------------------------------------------------------------------    -------------------
                         (clock ublaze_i/mdm_1/U0/Use_E2.BSCAN_I/Use_E2.BSCANE2_I/UPDATE fall edge)
                                                     16.667    16.667 f  
    BSCAN_X0Y1           BSCANE2                      0.000    16.667 f  ublaze_i/mdm_1/U0/Use_E2.BSCAN_I/Use_E2.BSCANE2_I/UPDATE
                         net (fo=39, routed)          2.228    18.894    ublaze_i/mdm_1/U0/MDM_Core_I1/JTAG_CONTROL_I/CLK
    SLICE_X45Y42         FDCE                                         r  ublaze_i/mdm_1/U0/MDM_Core_I1/JTAG_CONTROL_I/Use_BSCAN.command_reg[3]/C  (IS_INVERTED)
  -------------------------------------------------------------------    -------------------
    SLICE_X45Y42         FDCE (Prop_fdce_C_Q)         0.340    19.234 f  ublaze_i/mdm_1/U0/MDM_Core_I1/JTAG_CONTROL_I/Use_BSCAN.command_reg[3]/Q
                         net (fo=6, routed)           0.614    19.848    ublaze_i/mdm_1/U0/MDM_Core_I1/JTAG_CONTROL_I/Use_BSCAN.FDC_I/Q[4]
    SLICE_X45Y43         LUT3 (Prop_lut3_I2_O)        0.150    19.998 f  ublaze_i/mdm_1/U0/MDM_Core_I1/JTAG_CONTROL_I/Use_BSCAN.FDC_I/Dbg_Reg_En_0[3]_INST_0/O
                         net (fo=4, routed)           1.111    21.109    ublaze_i/microblaze_0/U0/MicroBlaze_Core_I/Performance.Core/Use_Debug_Logic.Master_Core.Debug_Perf/Dbg_Reg_En[3]
    SLICE_X46Y41         LUT4 (Prop_lut4_I2_O)        0.332    21.441 f  ublaze_i/microblaze_0/U0/MicroBlaze_Core_I/Performance.Core/Use_Debug_Logic.Master_Core.Debug_Perf/Serial_Dbg_Intf.dbg_wakeup_i_i_3/O
                         net (fo=5, routed)           0.529    21.970    ublaze_i/microblaze_0/U0/MicroBlaze_Core_I/Performance.Core/Use_Debug_Logic.Master_Core.Debug_Perf/Dbg_Reg_En_0_sn_1
    SLICE_X49Y41         LUT5 (Prop_lut5_I0_O)        0.124    22.094 r  ublaze_i/microblaze_0/U0/MicroBlaze_Core_I/Performance.Core/Use_Debug_Logic.Master_Core.Debug_Perf/Serial_Dbg_Intf.dbg_wakeup_i_i_1/O
                         net (fo=8, routed)           1.900    23.994    ublaze_i/microblaze_0/U0/MicroBlaze_Core_I/Performance.Core/Use_Debug_Logic.Master_Core.Debug_Perf/Control_Reg_En
    SLICE_X58Y27         FDCE                                         r  ublaze_i/microblaze_0/U0/MicroBlaze_Core_I/Performance.Core/Use_Debug_Logic.Master_Core.Debug_Perf/Serial_Dbg_Intf.continue_from_brk_TClk_reg/CE
  -------------------------------------------------------------------    -------------------

                         (clock ublaze_i/mdm_1/U0/Use_E2.BSCAN_I/Use_E2.BSCANE2_I/UPDATE rise edge)
                                                     33.333    33.333 r  
    BSCAN_X0Y1           BSCANE2                      0.000    33.333 r  ublaze_i/mdm_1/U0/Use_E2.BSCAN_I/Use_E2.BSCANE2_I/UPDATE
                         net (fo=39, routed)          2.355    35.688    ublaze_i/microblaze_0/U0/MicroBlaze_Core_I/Performance.Core/Use_Debug_Logic.Master_Core.Debug_Perf/Dbg_Update
    SLICE_X58Y27         FDCE                                         r  ublaze_i/microblaze_0/U0/MicroBlaze_Core_I/Performance.Core/Use_Debug_Logic.Master_Core.Debug_Perf/Serial_Dbg_Intf.continue_from_brk_TClk_reg/C
                         clock pessimism              0.152    35.840    
                         clock uncertainty           -0.035    35.804    
    SLICE_X58Y27         FDCE (Setup_fdce_C_CE)      -0.298    35.506    ublaze_i/microblaze_0/U0/MicroBlaze_Core_I/Performance.Core/Use_Debug_Logic.Master_Core.Debug_Perf/Serial_Dbg_Intf.continue_from_brk_TClk_reg
  -------------------------------------------------------------------
                         required time                         35.506    
                         arrival time                         -23.994    
  -------------------------------------------------------------------
                         slack                                 11.512    

Slack (MET) :             11.665ns  (required time - arrival time)
  Source:                 ublaze_i/mdm_1/U0/MDM_Core_I1/JTAG_CONTROL_I/Use_BSCAN.command_reg[3]/C
                            (falling edge-triggered cell FDCE clocked by ublaze_i/mdm_1/U0/Use_E2.BSCAN_I/Use_E2.BSCANE2_I/UPDATE  {rise@0.000ns fall@16.667ns period=33.333ns})
  Destination:            ublaze_i/microblaze_0/U0/MicroBlaze_Core_I/Performance.Core/Use_Debug_Logic.Master_Core.Debug_Perf/Serial_Dbg_Intf.force_stop_TClk_reg/CE
                            (rising edge-triggered cell FDCE clocked by ublaze_i/mdm_1/U0/Use_E2.BSCAN_I/Use_E2.BSCANE2_I/UPDATE  {rise@0.000ns fall@16.667ns period=33.333ns})
  Path Group:             ublaze_i/mdm_1/U0/Use_E2.BSCAN_I/Use_E2.BSCANE2_I/UPDATE
  Path Type:              Setup (Max at Slow Process Corner)
  Requirement:            16.667ns  (ublaze_i/mdm_1/U0/Use_E2.BSCAN_I/Use_E2.BSCANE2_I/UPDATE rise@33.333ns - ublaze_i/mdm_1/U0/Use_E2.BSCAN_I/Use_E2.BSCANE2_I/UPDATE fall@16.667ns)
  Data Path Delay:        4.743ns  (logic 0.946ns (19.946%)  route 3.797ns (80.054%))
  Logic Levels:           3  (LUT3=1 LUT4=1 LUT5=1)
  Clock Path Skew:        0.072ns (DCD - SCD + CPR)
    Destination Clock Delay (DCD):    2.148ns = ( 35.481 - 33.333 ) 
    Source Clock Delay      (SCD):    2.228ns = ( 18.894 - 16.667 ) 
    Clock Pessimism Removal (CPR):    0.152ns
  Clock Uncertainty:      0.035ns  ((TSJ^2 + TIJ^2)^1/2 + DJ) / 2 + PE
    Total System Jitter     (TSJ):    0.071ns
    Total Input Jitter      (TIJ):    0.000ns
    Discrete Jitter          (DJ):    0.000ns
    Phase Error              (PE):    0.000ns

    Location             Delay type                Incr(ns)  Path(ns)    Netlist Resource(s)
  -------------------------------------------------------------------    -------------------
                         (clock ublaze_i/mdm_1/U0/Use_E2.BSCAN_I/Use_E2.BSCANE2_I/UPDATE fall edge)
                                                     16.667    16.667 f  
    BSCAN_X0Y1           BSCANE2                      0.000    16.667 f  ublaze_i/mdm_1/U0/Use_E2.BSCAN_I/Use_E2.BSCANE2_I/UPDATE
                         net (fo=39, routed)          2.228    18.894    ublaze_i/mdm_1/U0/MDM_Core_I1/JTAG_CONTROL_I/CLK
    SLICE_X45Y42         FDCE                                         r  ublaze_i/mdm_1/U0/MDM_Core_I1/JTAG_CONTROL_I/Use_BSCAN.command_reg[3]/C  (IS_INVERTED)
  -------------------------------------------------------------------    -------------------
    SLICE_X45Y42         FDCE (Prop_fdce_C_Q)         0.340    19.234 f  ublaze_i/mdm_1/U0/MDM_Core_I1/JTAG_CONTROL_I/Use_BSCAN.command_reg[3]/Q
                         net (fo=6, routed)           0.614    19.848    ublaze_i/mdm_1/U0/MDM_Core_I1/JTAG_CONTROL_I/Use_BSCAN.FDC_I/Q[4]
    SLICE_X45Y43         LUT3 (Prop_lut3_I2_O)        0.150    19.998 f  ublaze_i/mdm_1/U0/MDM_Core_I1/JTAG_CONTROL_I/Use_BSCAN.FDC_I/Dbg_Reg_En_0[3]_INST_0/O
                         net (fo=4, routed)           1.111    21.109    ublaze_i/microblaze_0/U0/MicroBlaze_Core_I/Performance.Core/Use_Debug_Logic.Master_Core.Debug_Perf/Dbg_Reg_En[3]
    SLICE_X46Y41         LUT4 (Prop_lut4_I2_O)        0.332    21.441 f  ublaze_i/microblaze_0/U0/MicroBlaze_Core_I/Performance.Core/Use_Debug_Logic.Master_Core.Debug_Perf/Serial_Dbg_Intf.dbg_wakeup_i_i_3/O
                         net (fo=5, routed)           0.529    21.970    ublaze_i/microblaze_0/U0/MicroBlaze_Core_I/Performance.Core/Use_Debug_Logic.Master_Core.Debug_Perf/Dbg_Reg_En_0_sn_1
    SLICE_X49Y41         LUT5 (Prop_lut5_I0_O)        0.124    22.094 r  ublaze_i/microblaze_0/U0/MicroBlaze_Core_I/Performance.Core/Use_Debug_Logic.Master_Core.Debug_Perf/Serial_Dbg_Intf.dbg_wakeup_i_i_1/O
                         net (fo=8, routed)           1.542    23.637    ublaze_i/microblaze_0/U0/MicroBlaze_Core_I/Performance.Core/Use_Debug_Logic.Master_Core.Debug_Perf/Control_Reg_En
    SLICE_X56Y27         FDCE                                         r  ublaze_i/microblaze_0/U0/MicroBlaze_Core_I/Performance.Core/Use_Debug_Logic.Master_Core.Debug_Perf/Serial_Dbg_Intf.force_stop_TClk_reg/CE
  -------------------------------------------------------------------    -------------------

                         (clock ublaze_i/mdm_1/U0/Use_E2.BSCAN_I/Use_E2.BSCANE2_I/UPDATE rise edge)
                                                     33.333    33.333 r  
    BSCAN_X0Y1           BSCANE2                      0.000    33.333 r  ublaze_i/mdm_1/U0/Use_E2.BSCAN_I/Use_E2.BSCANE2_I/UPDATE
                         net (fo=39, routed)          2.148    35.481    ublaze_i/microblaze_0/U0/MicroBlaze_Core_I/Performance.Core/Use_Debug_Logic.Master_Core.Debug_Perf/Dbg_Update
    SLICE_X56Y27         FDCE                                         r  ublaze_i/microblaze_0/U0/MicroBlaze_Core_I/Performance.Core/Use_Debug_Logic.Master_Core.Debug_Perf/Serial_Dbg_Intf.force_stop_TClk_reg/C
                         clock pessimism              0.152    35.633    
                         clock uncertainty           -0.035    35.597    
    SLICE_X56Y27         FDCE (Setup_fdce_C_CE)      -0.295    35.302    ublaze_i/microblaze_0/U0/MicroBlaze_Core_I/Performance.Core/Use_Debug_Logic.Master_Core.Debug_Perf/Serial_Dbg_Intf.force_stop_TClk_reg
  -------------------------------------------------------------------
                         required time                         35.302    
                         arrival time                         -23.637    
  -------------------------------------------------------------------
                         slack                                 11.665    

Slack (MET) :             11.679ns  (required time - arrival time)
  Source:                 ublaze_i/mdm_1/U0/MDM_Core_I1/JTAG_CONTROL_I/Use_BSCAN.command_reg[3]/C
                            (falling edge-triggered cell FDCE clocked by ublaze_i/mdm_1/U0/Use_E2.BSCAN_I/Use_E2.BSCANE2_I/UPDATE  {rise@0.000ns fall@16.667ns period=33.333ns})
  Destination:            ublaze_i/microblaze_0/U0/MicroBlaze_Core_I/Performance.Core/Use_Debug_Logic.Master_Core.Debug_Perf/Serial_Dbg_Intf.normal_stop_TClk_reg/CE
                            (rising edge-triggered cell FDCE clocked by ublaze_i/mdm_1/U0/Use_E2.BSCAN_I/Use_E2.BSCANE2_I/UPDATE  {rise@0.000ns fall@16.667ns period=33.333ns})
  Path Group:             ublaze_i/mdm_1/U0/Use_E2.BSCAN_I/Use_E2.BSCANE2_I/UPDATE
  Path Type:              Setup (Max at Slow Process Corner)
  Requirement:            16.667ns  (ublaze_i/mdm_1/U0/Use_E2.BSCAN_I/Use_E2.BSCANE2_I/UPDATE rise@33.333ns - ublaze_i/mdm_1/U0/Use_E2.BSCAN_I/Use_E2.BSCANE2_I/UPDATE fall@16.667ns)
  Data Path Delay:        4.815ns  (logic 0.946ns (19.646%)  route 3.869ns (80.354%))
  Logic Levels:           3  (LUT3=1 LUT4=1 LUT5=1)
  Clock Path Skew:        0.161ns (DCD - SCD + CPR)
    Destination Clock Delay (DCD):    2.237ns = ( 35.570 - 33.333 ) 
    Source Clock Delay      (SCD):    2.228ns = ( 18.894 - 16.667 ) 
    Clock Pessimism Removal (CPR):    0.152ns
  Clock Uncertainty:      0.035ns  ((TSJ^2 + TIJ^2)^1/2 + DJ) / 2 + PE
    Total System Jitter     (TSJ):    0.071ns
    Total Input Jitter      (TIJ):    0.000ns
    Discrete Jitter          (DJ):    0.000ns
    Phase Error              (PE):    0.000ns

    Location             Delay type                Incr(ns)  Path(ns)    Netlist Resource(s)
  -------------------------------------------------------------------    -------------------
                         (clock ublaze_i/mdm_1/U0/Use_E2.BSCAN_I/Use_E2.BSCANE2_I/UPDATE fall edge)
                                                     16.667    16.667 f  
    BSCAN_X0Y1           BSCANE2                      0.000    16.667 f  ublaze_i/mdm_1/U0/Use_E2.BSCAN_I/Use_E2.BSCANE2_I/UPDATE
                         net (fo=39, routed)          2.228    18.894    ublaze_i/mdm_1/U0/MDM_Core_I1/JTAG_CONTROL_I/CLK
    SLICE_X45Y42         FDCE                                         r  ublaze_i/mdm_1/U0/MDM_Core_I1/JTAG_CONTROL_I/Use_BSCAN.command_reg[3]/C  (IS_INVERTED)
  -------------------------------------------------------------------    -------------------
    SLICE_X45Y42         FDCE (Prop_fdce_C_Q)         0.340    19.234 f  ublaze_i/mdm_1/U0/MDM_Core_I1/JTAG_CONTROL_I/Use_BSCAN.command_reg[3]/Q
                         net (fo=6, routed)           0.614    19.848    ublaze_i/mdm_1/U0/MDM_Core_I1/JTAG_CONTROL_I/Use_BSCAN.FDC_I/Q[4]
    SLICE_X45Y43         LUT3 (Prop_lut3_I2_O)        0.150    19.998 f  ublaze_i/mdm_1/U0/MDM_Core_I1/JTAG_CONTROL_I/Use_BSCAN.FDC_I/Dbg_Reg_En_0[3]_INST_0/O
                         net (fo=4, routed)           1.111    21.109    ublaze_i/microblaze_0/U0/MicroBlaze_Core_I/Performance.Core/Use_Debug_Logic.Master_Core.Debug_Perf/Dbg_Reg_En[3]
    SLICE_X46Y41         LUT4 (Prop_lut4_I2_O)        0.332    21.441 f  ublaze_i/microblaze_0/U0/MicroBlaze_Core_I/Performance.Core/Use_Debug_Logic.Master_Core.Debug_Perf/Serial_Dbg_Intf.dbg_wakeup_i_i_3/O
                         net (fo=5, routed)           0.529    21.970    ublaze_i/microblaze_0/U0/MicroBlaze_Core_I/Performance.Core/Use_Debug_Logic.Master_Core.Debug_Perf/Dbg_Reg_En_0_sn_1
    SLICE_X49Y41         LUT5 (Prop_lut5_I0_O)        0.124    22.094 r  ublaze_i/microblaze_0/U0/MicroBlaze_Core_I/Performance.Core/Use_Debug_Logic.Master_Core.Debug_Perf/Serial_Dbg_Intf.dbg_wakeup_i_i_1/O
                         net (fo=8, routed)           1.615    23.709    ublaze_i/microblaze_0/U0/MicroBlaze_Core_I/Performance.Core/Use_Debug_Logic.Master_Core.Debug_Perf/Control_Reg_En
    SLICE_X59Y28         FDCE                                         r  ublaze_i/microblaze_0/U0/MicroBlaze_Core_I/Performance.Core/Use_Debug_Logic.Master_Core.Debug_Perf/Serial_Dbg_Intf.normal_stop_TClk_reg/CE
  -------------------------------------------------------------------    -------------------

                         (clock ublaze_i/mdm_1/U0/Use_E2.BSCAN_I/Use_E2.BSCANE2_I/UPDATE rise edge)
                                                     33.333    33.333 r  
    BSCAN_X0Y1           BSCANE2                      0.000    33.333 r  ublaze_i/mdm_1/U0/Use_E2.BSCAN_I/Use_E2.BSCANE2_I/UPDATE
                         net (fo=39, routed)          2.237    35.570    ublaze_i/microblaze_0/U0/MicroBlaze_Core_I/Performance.Core/Use_Debug_Logic.Master_Core.Debug_Perf/Dbg_Update
    SLICE_X59Y28         FDCE                                         r  ublaze_i/microblaze_0/U0/MicroBlaze_Core_I/Performance.Core/Use_Debug_Logic.Master_Core.Debug_Perf/Serial_Dbg_Intf.normal_stop_TClk_reg/C
                         clock pessimism              0.152    35.722    
                         clock uncertainty           -0.035    35.686    
    SLICE_X59Y28         FDCE (Setup_fdce_C_CE)      -0.298    35.388    ublaze_i/microblaze_0/U0/MicroBlaze_Core_I/Performance.Core/Use_Debug_Logic.Master_Core.Debug_Perf/Serial_Dbg_Intf.normal_stop_TClk_reg
  -------------------------------------------------------------------
                         required time                         35.388    
                         arrival time                         -23.709    
  -------------------------------------------------------------------
                         slack                                 11.679    

Slack (MET) :             11.807ns  (required time - arrival time)
  Source:                 ublaze_i/mdm_1/U0/MDM_Core_I1/JTAG_CONTROL_I/Use_BSCAN.command_reg[3]/C
                            (falling edge-triggered cell FDCE clocked by ublaze_i/mdm_1/U0/Use_E2.BSCAN_I/Use_E2.BSCANE2_I/UPDATE  {rise@0.000ns fall@16.667ns period=33.333ns})
  Destination:            ublaze_i/microblaze_0/U0/MicroBlaze_Core_I/Performance.Core/Use_Debug_Logic.Master_Core.Debug_Perf/Serial_Dbg_Intf.single_Step_TClk_reg/CE
                            (rising edge-triggered cell FDCE clocked by ublaze_i/mdm_1/U0/Use_E2.BSCAN_I/Use_E2.BSCANE2_I/UPDATE  {rise@0.000ns fall@16.667ns period=33.333ns})
  Path Group:             ublaze_i/mdm_1/U0/Use_E2.BSCAN_I/Use_E2.BSCANE2_I/UPDATE
  Path Type:              Setup (Max at Slow Process Corner)
  Requirement:            16.667ns  (ublaze_i/mdm_1/U0/Use_E2.BSCAN_I/Use_E2.BSCANE2_I/UPDATE rise@33.333ns - ublaze_i/mdm_1/U0/Use_E2.BSCAN_I/Use_E2.BSCANE2_I/UPDATE fall@16.667ns)
  Data Path Delay:        4.593ns  (logic 0.946ns (20.596%)  route 3.647ns (79.404%))
  Logic Levels:           3  (LUT3=1 LUT4=1 LUT5=1)
  Clock Path Skew:        0.064ns (DCD - SCD + CPR)
    Destination Clock Delay (DCD):    2.140ns = ( 35.473 - 33.333 ) 
    Source Clock Delay      (SCD):    2.228ns = ( 18.894 - 16.667 ) 
    Clock Pessimism Removal (CPR):    0.152ns
  Clock Uncertainty:      0.035ns  ((TSJ^2 + TIJ^2)^1/2 + DJ) / 2 + PE
    Total System Jitter     (TSJ):    0.071ns
    Total Input Jitter      (TIJ):    0.000ns
    Discrete Jitter          (DJ):    0.000ns
    Phase Error              (PE):    0.000ns

    Location             Delay type                Incr(ns)  Path(ns)    Netlist Resource(s)
  -------------------------------------------------------------------    -------------------
                         (clock ublaze_i/mdm_1/U0/Use_E2.BSCAN_I/Use_E2.BSCANE2_I/UPDATE fall edge)
                                                     16.667    16.667 f  
    BSCAN_X0Y1           BSCANE2                      0.000    16.667 f  ublaze_i/mdm_1/U0/Use_E2.BSCAN_I/Use_E2.BSCANE2_I/UPDATE
                         net (fo=39, routed)          2.228    18.894    ublaze_i/mdm_1/U0/MDM_Core_I1/JTAG_CONTROL_I/CLK
    SLICE_X45Y42         FDCE                                         r  ublaze_i/mdm_1/U0/MDM_Core_I1/JTAG_CONTROL_I/Use_BSCAN.command_reg[3]/C  (IS_INVERTED)
  -------------------------------------------------------------------    -------------------
    SLICE_X45Y42         FDCE (Prop_fdce_C_Q)         0.340    19.234 f  ublaze_i/mdm_1/U0/MDM_Core_I1/JTAG_CONTROL_I/Use_BSCAN.command_reg[3]/Q
                         net (fo=6, routed)           0.614    19.848    ublaze_i/mdm_1/U0/MDM_Core_I1/JTAG_CONTROL_I/Use_BSCAN.FDC_I/Q[4]
    SLICE_X45Y43         LUT3 (Prop_lut3_I2_O)        0.150    19.998 f  ublaze_i/mdm_1/U0/MDM_Core_I1/JTAG_CONTROL_I/Use_BSCAN.FDC_I/Dbg_Reg_En_0[3]_INST_0/O
                         net (fo=4, routed)           1.111    21.109    ublaze_i/microblaze_0/U0/MicroBlaze_Core_I/Performance.Core/Use_Debug_Logic.Master_Core.Debug_Perf/Dbg_Reg_En[3]
    SLICE_X46Y41         LUT4 (Prop_lut4_I2_O)        0.332    21.441 f  ublaze_i/microblaze_0/U0/MicroBlaze_Core_I/Performance.Core/Use_Debug_Logic.Master_Core.Debug_Perf/Serial_Dbg_Intf.dbg_wakeup_i_i_3/O
                         net (fo=5, routed)           0.529    21.970    ublaze_i/microblaze_0/U0/MicroBlaze_Core_I/Performance.Core/Use_Debug_Logic.Master_Core.Debug_Perf/Dbg_Reg_En_0_sn_1
    SLICE_X49Y41         LUT5 (Prop_lut5_I0_O)        0.124    22.094 r  ublaze_i/microblaze_0/U0/MicroBlaze_Core_I/Performance.Core/Use_Debug_Logic.Master_Core.Debug_Perf/Serial_Dbg_Intf.dbg_wakeup_i_i_1/O
                         net (fo=8, routed)           1.393    23.487    ublaze_i/microblaze_0/U0/MicroBlaze_Core_I/Performance.Core/Use_Debug_Logic.Master_Core.Debug_Perf/Control_Reg_En
    SLICE_X56Y28         FDCE                                         r  ublaze_i/microblaze_0/U0/MicroBlaze_Core_I/Performance.Core/Use_Debug_Logic.Master_Core.Debug_Perf/Serial_Dbg_Intf.single_Step_TClk_reg/CE
  -------------------------------------------------------------------    -------------------

                         (clock ublaze_i/mdm_1/U0/Use_E2.BSCAN_I/Use_E2.BSCANE2_I/UPDATE rise edge)
                                                     33.333    33.333 r  
    BSCAN_X0Y1           BSCANE2                      0.000    33.333 r  ublaze_i/mdm_1/U0/Use_E2.BSCAN_I/Use_E2.BSCANE2_I/UPDATE
                         net (fo=39, routed)          2.140    35.473    ublaze_i/microblaze_0/U0/MicroBlaze_Core_I/Performance.Core/Use_Debug_Logic.Master_Core.Debug_Perf/Dbg_Update
    SLICE_X56Y28         FDCE                                         r  ublaze_i/microblaze_0/U0/MicroBlaze_Core_I/Performance.Core/Use_Debug_Logic.Master_Core.Debug_Perf/Serial_Dbg_Intf.single_Step_TClk_reg/C
                         clock pessimism              0.152    35.625    
                         clock uncertainty           -0.035    35.589    
    SLICE_X56Y28         FDCE (Setup_fdce_C_CE)      -0.295    35.294    ublaze_i/microblaze_0/U0/MicroBlaze_Core_I/Performance.Core/Use_Debug_Logic.Master_Core.Debug_Perf/Serial_Dbg_Intf.single_Step_TClk_reg
  -------------------------------------------------------------------
                         required time                         35.294    
                         arrival time                         -23.487    
  -------------------------------------------------------------------
                         slack                                 11.807    

Slack (MET) :             11.977ns  (required time - arrival time)
  Source:                 ublaze_i/mdm_1/U0/MDM_Core_I1/JTAG_CONTROL_I/Use_BSCAN.command_reg[3]/C
                            (falling edge-triggered cell FDCE clocked by ublaze_i/mdm_1/U0/Use_E2.BSCAN_I/Use_E2.BSCANE2_I/UPDATE  {rise@0.000ns fall@16.667ns period=33.333ns})
  Destination:            ublaze_i/microblaze_0/U0/MicroBlaze_Core_I/Performance.Core/Use_Debug_Logic.Master_Core.Debug_Perf/Serial_Dbg_Intf.control_reg_reg[0]/CE
                            (rising edge-triggered cell FDCE clocked by ublaze_i/mdm_1/U0/Use_E2.BSCAN_I/Use_E2.BSCANE2_I/UPDATE  {rise@0.000ns fall@16.667ns period=33.333ns})
  Path Group:             ublaze_i/mdm_1/U0/Use_E2.BSCAN_I/Use_E2.BSCANE2_I/UPDATE
  Path Type:              Setup (Max at Slow Process Corner)
  Requirement:            16.667ns  (ublaze_i/mdm_1/U0/Use_E2.BSCAN_I/Use_E2.BSCANE2_I/UPDATE rise@33.333ns - ublaze_i/mdm_1/U0/Use_E2.BSCAN_I/Use_E2.BSCANE2_I/UPDATE fall@16.667ns)
  Data Path Delay:        4.273ns  (logic 0.946ns (22.138%)  route 3.327ns (77.862%))
  Logic Levels:           3  (LUT3=1 LUT4=1 LUT5=1)
  Clock Path Skew:        -0.083ns (DCD - SCD + CPR)
    Destination Clock Delay (DCD):    1.992ns = ( 35.325 - 33.333 ) 
    Source Clock Delay      (SCD):    2.228ns = ( 18.894 - 16.667 ) 
    Clock Pessimism Removal (CPR):    0.152ns
  Clock Uncertainty:      0.035ns  ((TSJ^2 + TIJ^2)^1/2 + DJ) / 2 + PE
    Total System Jitter     (TSJ):    0.071ns
    Total Input Jitter      (TIJ):    0.000ns
    Discrete Jitter          (DJ):    0.000ns
    Phase Error              (PE):    0.000ns

    Location             Delay type                Incr(ns)  Path(ns)    Netlist Resource(s)
  -------------------------------------------------------------------    -------------------
                         (clock ublaze_i/mdm_1/U0/Use_E2.BSCAN_I/Use_E2.BSCANE2_I/UPDATE fall edge)
                                                     16.667    16.667 f  
    BSCAN_X0Y1           BSCANE2                      0.000    16.667 f  ublaze_i/mdm_1/U0/Use_E2.BSCAN_I/Use_E2.BSCANE2_I/UPDATE
                         net (fo=39, routed)          2.228    18.894    ublaze_i/mdm_1/U0/MDM_Core_I1/JTAG_CONTROL_I/CLK
    SLICE_X45Y42         FDCE                                         r  ublaze_i/mdm_1/U0/MDM_Core_I1/JTAG_CONTROL_I/Use_BSCAN.command_reg[3]/C  (IS_INVERTED)
  -------------------------------------------------------------------    -------------------
    SLICE_X45Y42         FDCE (Prop_fdce_C_Q)         0.340    19.234 f  ublaze_i/mdm_1/U0/MDM_Core_I1/JTAG_CONTROL_I/Use_BSCAN.command_reg[3]/Q
                         net (fo=6, routed)           0.614    19.848    ublaze_i/mdm_1/U0/MDM_Core_I1/JTAG_CONTROL_I/Use_BSCAN.FDC_I/Q[4]
    SLICE_X45Y43         LUT3 (Prop_lut3_I2_O)        0.150    19.998 f  ublaze_i/mdm_1/U0/MDM_Core_I1/JTAG_CONTROL_I/Use_BSCAN.FDC_I/Dbg_Reg_En_0[3]_INST_0/O
                         net (fo=4, routed)           1.111    21.109    ublaze_i/microblaze_0/U0/MicroBlaze_Core_I/Performance.Core/Use_Debug_Logic.Master_Core.Debug_Perf/Dbg_Reg_En[3]
    SLICE_X46Y41         LUT4 (Prop_lut4_I2_O)        0.332    21.441 f  ublaze_i/microblaze_0/U0/MicroBlaze_Core_I/Performance.Core/Use_Debug_Logic.Master_Core.Debug_Perf/Serial_Dbg_Intf.dbg_wakeup_i_i_3/O
                         net (fo=5, routed)           0.529    21.970    ublaze_i/microblaze_0/U0/MicroBlaze_Core_I/Performance.Core/Use_Debug_Logic.Master_Core.Debug_Perf/Dbg_Reg_En_0_sn_1
    SLICE_X49Y41         LUT5 (Prop_lut5_I0_O)        0.124    22.094 r  ublaze_i/microblaze_0/U0/MicroBlaze_Core_I/Performance.Core/Use_Debug_Logic.Master_Core.Debug_Perf/Serial_Dbg_Intf.dbg_wakeup_i_i_1/O
                         net (fo=8, routed)           1.073    23.167    ublaze_i/microblaze_0/U0/MicroBlaze_Core_I/Performance.Core/Use_Debug_Logic.Master_Core.Debug_Perf/Control_Reg_En
    SLICE_X53Y30         FDCE                                         r  ublaze_i/microblaze_0/U0/MicroBlaze_Core_I/Performance.Core/Use_Debug_Logic.Master_Core.Debug_Perf/Serial_Dbg_Intf.control_reg_reg[0]/CE
  -------------------------------------------------------------------    -------------------

                         (clock ublaze_i/mdm_1/U0/Use_E2.BSCAN_I/Use_E2.BSCANE2_I/UPDATE rise edge)
                                                     33.333    33.333 r  
    BSCAN_X0Y1           BSCANE2                      0.000    33.333 r  ublaze_i/mdm_1/U0/Use_E2.BSCAN_I/Use_E2.BSCANE2_I/UPDATE
                         net (fo=39, routed)          1.992    35.325    ublaze_i/microblaze_0/U0/MicroBlaze_Core_I/Performance.Core/Use_Debug_Logic.Master_Core.Debug_Perf/Dbg_Update
    SLICE_X53Y30         FDCE                                         r  ublaze_i/microblaze_0/U0/MicroBlaze_Core_I/Performance.Core/Use_Debug_Logic.Master_Core.Debug_Perf/Serial_Dbg_Intf.control_reg_reg[0]/C
                         clock pessimism              0.152    35.477    
                         clock uncertainty           -0.035    35.442    
    SLICE_X53Y30         FDCE (Setup_fdce_C_CE)      -0.298    35.144    ublaze_i/microblaze_0/U0/MicroBlaze_Core_I/Performance.Core/Use_Debug_Logic.Master_Core.Debug_Perf/Serial_Dbg_Intf.control_reg_reg[0]
  -------------------------------------------------------------------
                         required time                         35.144    
                         arrival time                         -23.167    
  -------------------------------------------------------------------
                         slack                                 11.977    

Slack (MET) :             11.982ns  (required time - arrival time)
  Source:                 ublaze_i/mdm_1/U0/MDM_Core_I1/JTAG_CONTROL_I/Use_BSCAN.command_reg[3]/C
                            (falling edge-triggered cell FDCE clocked by ublaze_i/mdm_1/U0/Use_E2.BSCAN_I/Use_E2.BSCANE2_I/UPDATE  {rise@0.000ns fall@16.667ns period=33.333ns})
  Destination:            ublaze_i/microblaze_0/U0/MicroBlaze_Core_I/Performance.Core/Use_Debug_Logic.Master_Core.Debug_Perf/Serial_Dbg_Intf.command_reg_reg[0]/CE
                            (rising edge-triggered cell FDCE clocked by ublaze_i/mdm_1/U0/Use_E2.BSCAN_I/Use_E2.BSCANE2_I/UPDATE  {rise@0.000ns fall@16.667ns period=33.333ns})
  Path Group:             ublaze_i/mdm_1/U0/Use_E2.BSCAN_I/Use_E2.BSCANE2_I/UPDATE
  Path Type:              Setup (Max at Slow Process Corner)
  Requirement:            16.667ns  (ublaze_i/mdm_1/U0/Use_E2.BSCAN_I/Use_E2.BSCANE2_I/UPDATE rise@33.333ns - ublaze_i/mdm_1/U0/Use_E2.BSCAN_I/Use_E2.BSCANE2_I/UPDATE fall@16.667ns)
  Data Path Delay:        4.248ns  (logic 0.946ns (22.267%)  route 3.302ns (77.733%))
  Logic Levels:           3  (LUT3=1 LUT4=1 LUT5=1)
  Clock Path Skew:        -0.106ns (DCD - SCD + CPR)
    Destination Clock Delay (DCD):    1.969ns = ( 35.302 - 33.333 ) 
    Source Clock Delay      (SCD):    2.228ns = ( 18.894 - 16.667 ) 
    Clock Pessimism Removal (CPR):    0.152ns
  Clock Uncertainty:      0.035ns  ((TSJ^2 + TIJ^2)^1/2 + DJ) / 2 + PE
    Total System Jitter     (TSJ):    0.071ns
    Total Input Jitter      (TIJ):    0.000ns
    Discrete Jitter          (DJ):    0.000ns
    Phase Error              (PE):    0.000ns

    Location             Delay type                Incr(ns)  Path(ns)    Netlist Resource(s)
  -------------------------------------------------------------------    -------------------
                         (clock ublaze_i/mdm_1/U0/Use_E2.BSCAN_I/Use_E2.BSCANE2_I/UPDATE fall edge)
                                                     16.667    16.667 f  
    BSCAN_X0Y1           BSCANE2                      0.000    16.667 f  ublaze_i/mdm_1/U0/Use_E2.BSCAN_I/Use_E2.BSCANE2_I/UPDATE
                         net (fo=39, routed)          2.228    18.894    ublaze_i/mdm_1/U0/MDM_Core_I1/JTAG_CONTROL_I/CLK
    SLICE_X45Y42         FDCE                                         r  ublaze_i/mdm_1/U0/MDM_Core_I1/JTAG_CONTROL_I/Use_BSCAN.command_reg[3]/C  (IS_INVERTED)
  -------------------------------------------------------------------    -------------------
    SLICE_X45Y42         FDCE (Prop_fdce_C_Q)         0.340    19.234 f  ublaze_i/mdm_1/U0/MDM_Core_I1/JTAG_CONTROL_I/Use_BSCAN.command_reg[3]/Q
                         net (fo=6, routed)           0.614    19.848    ublaze_i/mdm_1/U0/MDM_Core_I1/JTAG_CONTROL_I/Use_BSCAN.FDC_I/Q[4]
    SLICE_X45Y43         LUT3 (Prop_lut3_I2_O)        0.150    19.998 f  ublaze_i/mdm_1/U0/MDM_Core_I1/JTAG_CONTROL_I/Use_BSCAN.FDC_I/Dbg_Reg_En_0[3]_INST_0/O
                         net (fo=4, routed)           1.111    21.109    ublaze_i/microblaze_0/U0/MicroBlaze_Core_I/Performance.Core/Use_Debug_Logic.Master_Core.Debug_Perf/Dbg_Reg_En[3]
    SLICE_X46Y41         LUT4 (Prop_lut4_I2_O)        0.332    21.441 f  ublaze_i/microblaze_0/U0/MicroBlaze_Core_I/Performance.Core/Use_Debug_Logic.Master_Core.Debug_Perf/Serial_Dbg_Intf.dbg_wakeup_i_i_3/O
                         net (fo=5, routed)           0.530    21.971    ublaze_i/microblaze_0/U0/MicroBlaze_Core_I/Performance.Core/Use_Debug_Logic.Master_Core.Debug_Perf/Dbg_Reg_En_0_sn_1
    SLICE_X49Y41         LUT5 (Prop_lut5_I0_O)        0.124    22.095 r  ublaze_i/microblaze_0/U0/MicroBlaze_Core_I/Performance.Core/Use_Debug_Logic.Master_Core.Debug_Perf/Serial_Dbg_Intf.command_reg[0]_i_1/O
                         net (fo=2, routed)           1.047    23.142    ublaze_i/microblaze_0/U0/MicroBlaze_Core_I/Performance.Core/Use_Debug_Logic.Master_Core.Debug_Perf/Command_Reg_En
    SLICE_X54Y27         FDCE                                         r  ublaze_i/microblaze_0/U0/MicroBlaze_Core_I/Performance.Core/Use_Debug_Logic.Master_Core.Debug_Perf/Serial_Dbg_Intf.command_reg_reg[0]/CE
  -------------------------------------------------------------------    -------------------

                         (clock ublaze_i/mdm_1/U0/Use_E2.BSCAN_I/Use_E2.BSCANE2_I/UPDATE rise edge)
                                                     33.333    33.333 r  
    BSCAN_X0Y1           BSCANE2                      0.000    33.333 r  ublaze_i/mdm_1/U0/Use_E2.BSCAN_I/Use_E2.BSCANE2_I/UPDATE
                         net (fo=39, routed)          1.969    35.302    ublaze_i/microblaze_0/U0/MicroBlaze_Core_I/Performance.Core/Use_Debug_Logic.Master_Core.Debug_Perf/Dbg_Update
    SLICE_X54Y27         FDCE                                         r  ublaze_i/microblaze_0/U0/MicroBlaze_Core_I/Performance.Core/Use_Debug_Logic.Master_Core.Debug_Perf/Serial_Dbg_Intf.command_reg_reg[0]/C
                         clock pessimism              0.152    35.454    
                         clock uncertainty           -0.035    35.419    
    SLICE_X54Y27         FDCE (Setup_fdce_C_CE)      -0.295    35.124    ublaze_i/microblaze_0/U0/MicroBlaze_Core_I/Performance.Core/Use_Debug_Logic.Master_Core.Debug_Perf/Serial_Dbg_Intf.command_reg_reg[0]
  -------------------------------------------------------------------
                         required time                         35.124    
                         arrival time                         -23.142    
  -------------------------------------------------------------------
                         slack                                 11.982    

Slack (MET) :             11.982ns  (required time - arrival time)
  Source:                 ublaze_i/mdm_1/U0/MDM_Core_I1/JTAG_CONTROL_I/Use_BSCAN.command_reg[3]/C
                            (falling edge-triggered cell FDCE clocked by ublaze_i/mdm_1/U0/Use_E2.BSCAN_I/Use_E2.BSCANE2_I/UPDATE  {rise@0.000ns fall@16.667ns period=33.333ns})
  Destination:            ublaze_i/microblaze_0/U0/MicroBlaze_Core_I/Performance.Core/Use_Debug_Logic.Master_Core.Debug_Perf/Serial_Dbg_Intf.command_reg_reg[1]/CE
                            (rising edge-triggered cell FDCE clocked by ublaze_i/mdm_1/U0/Use_E2.BSCAN_I/Use_E2.BSCANE2_I/UPDATE  {rise@0.000ns fall@16.667ns period=33.333ns})
  Path Group:             ublaze_i/mdm_1/U0/Use_E2.BSCAN_I/Use_E2.BSCANE2_I/UPDATE
  Path Type:              Setup (Max at Slow Process Corner)
  Requirement:            16.667ns  (ublaze_i/mdm_1/U0/Use_E2.BSCAN_I/Use_E2.BSCANE2_I/UPDATE rise@33.333ns - ublaze_i/mdm_1/U0/Use_E2.BSCAN_I/Use_E2.BSCANE2_I/UPDATE fall@16.667ns)
  Data Path Delay:        4.248ns  (logic 0.946ns (22.267%)  route 3.302ns (77.733%))
  Logic Levels:           3  (LUT3=1 LUT4=1 LUT5=1)
  Clock Path Skew:        -0.106ns (DCD - SCD + CPR)
    Destination Clock Delay (DCD):    1.969ns = ( 35.302 - 33.333 ) 
    Source Clock Delay      (SCD):    2.228ns = ( 18.894 - 16.667 ) 
    Clock Pessimism Removal (CPR):    0.152ns
  Clock Uncertainty:      0.035ns  ((TSJ^2 + TIJ^2)^1/2 + DJ) / 2 + PE
    Total System Jitter     (TSJ):    0.071ns
    Total Input Jitter      (TIJ):    0.000ns
    Discrete Jitter          (DJ):    0.000ns
    Phase Error              (PE):    0.000ns

    Location             Delay type                Incr(ns)  Path(ns)    Netlist Resource(s)
  -------------------------------------------------------------------    -------------------
                         (clock ublaze_i/mdm_1/U0/Use_E2.BSCAN_I/Use_E2.BSCANE2_I/UPDATE fall edge)
                                                     16.667    16.667 f  
    BSCAN_X0Y1           BSCANE2                      0.000    16.667 f  ublaze_i/mdm_1/U0/Use_E2.BSCAN_I/Use_E2.BSCANE2_I/UPDATE
                         net (fo=39, routed)          2.228    18.894    ublaze_i/mdm_1/U0/MDM_Core_I1/JTAG_CONTROL_I/CLK
    SLICE_X45Y42         FDCE                                         r  ublaze_i/mdm_1/U0/MDM_Core_I1/JTAG_CONTROL_I/Use_BSCAN.command_reg[3]/C  (IS_INVERTED)
  -------------------------------------------------------------------    -------------------
    SLICE_X45Y42         FDCE (Prop_fdce_C_Q)         0.340    19.234 f  ublaze_i/mdm_1/U0/MDM_Core_I1/JTAG_CONTROL_I/Use_BSCAN.command_reg[3]/Q
                         net (fo=6, routed)           0.614    19.848    ublaze_i/mdm_1/U0/MDM_Core_I1/JTAG_CONTROL_I/Use_BSCAN.FDC_I/Q[4]
    SLICE_X45Y43         LUT3 (Prop_lut3_I2_O)        0.150    19.998 f  ublaze_i/mdm_1/U0/MDM_Core_I1/JTAG_CONTROL_I/Use_BSCAN.FDC_I/Dbg_Reg_En_0[3]_INST_0/O
                         net (fo=4, routed)           1.111    21.109    ublaze_i/microblaze_0/U0/MicroBlaze_Core_I/Performance.Core/Use_Debug_Logic.Master_Core.Debug_Perf/Dbg_Reg_En[3]
    SLICE_X46Y41         LUT4 (Prop_lut4_I2_O)        0.332    21.441 f  ublaze_i/microblaze_0/U0/MicroBlaze_Core_I/Performance.Core/Use_Debug_Logic.Master_Core.Debug_Perf/Serial_Dbg_Intf.dbg_wakeup_i_i_3/O
                         net (fo=5, routed)           0.530    21.971    ublaze_i/microblaze_0/U0/MicroBlaze_Core_I/Performance.Core/Use_Debug_Logic.Master_Core.Debug_Perf/Dbg_Reg_En_0_sn_1
    SLICE_X49Y41         LUT5 (Prop_lut5_I0_O)        0.124    22.095 r  ublaze_i/microblaze_0/U0/MicroBlaze_Core_I/Performance.Core/Use_Debug_Logic.Master_Core.Debug_Perf/Serial_Dbg_Intf.command_reg[0]_i_1/O
                         net (fo=2, routed)           1.047    23.142    ublaze_i/microblaze_0/U0/MicroBlaze_Core_I/Performance.Core/Use_Debug_Logic.Master_Core.Debug_Perf/Command_Reg_En
    SLICE_X54Y27         FDCE                                         r  ublaze_i/microblaze_0/U0/MicroBlaze_Core_I/Performance.Core/Use_Debug_Logic.Master_Core.Debug_Perf/Serial_Dbg_Intf.command_reg_reg[1]/CE
  -------------------------------------------------------------------    -------------------

                         (clock ublaze_i/mdm_1/U0/Use_E2.BSCAN_I/Use_E2.BSCANE2_I/UPDATE rise edge)
                                                     33.333    33.333 r  
    BSCAN_X0Y1           BSCANE2                      0.000    33.333 r  ublaze_i/mdm_1/U0/Use_E2.BSCAN_I/Use_E2.BSCANE2_I/UPDATE
                         net (fo=39, routed)          1.969    35.302    ublaze_i/microblaze_0/U0/MicroBlaze_Core_I/Performance.Core/Use_Debug_Logic.Master_Core.Debug_Perf/Dbg_Update
    SLICE_X54Y27         FDCE                                         r  ublaze_i/microblaze_0/U0/MicroBlaze_Core_I/Performance.Core/Use_Debug_Logic.Master_Core.Debug_Perf/Serial_Dbg_Intf.command_reg_reg[1]/C
                         clock pessimism              0.152    35.454    
                         clock uncertainty           -0.035    35.419    
    SLICE_X54Y27         FDCE (Setup_fdce_C_CE)      -0.295    35.124    ublaze_i/microblaze_0/U0/MicroBlaze_Core_I/Performance.Core/Use_Debug_Logic.Master_Core.Debug_Perf/Serial_Dbg_Intf.command_reg_reg[1]
  -------------------------------------------------------------------
                         required time                         35.124    
                         arrival time                         -23.142    
  -------------------------------------------------------------------
                         slack                                 11.982    





Min Delay Paths
--------------------------------------------------------------------------------------
Slack (MET) :             0.366ns  (arrival time - required time)
  Source:                 ublaze_i/mdm_1/U0/MDM_Core_I1/JTAG_CONTROL_I/completion_ctrl_reg[0]/C
                            (rising edge-triggered cell FDCE clocked by ublaze_i/mdm_1/U0/Use_E2.BSCAN_I/Use_E2.BSCANE2_I/UPDATE  {rise@0.000ns fall@16.667ns period=33.333ns})
  Destination:            ublaze_i/mdm_1/U0/MDM_Core_I1/JTAG_CONTROL_I/completion_ctrl_reg[0]/D
                            (rising edge-triggered cell FDCE clocked by ublaze_i/mdm_1/U0/Use_E2.BSCAN_I/Use_E2.BSCANE2_I/UPDATE  {rise@0.000ns fall@16.667ns period=33.333ns})
  Path Group:             ublaze_i/mdm_1/U0/Use_E2.BSCAN_I/Use_E2.BSCANE2_I/UPDATE
  Path Type:              Hold (Min at Fast Process Corner)
  Requirement:            0.000ns  (ublaze_i/mdm_1/U0/Use_E2.BSCAN_I/Use_E2.BSCANE2_I/UPDATE rise@0.000ns - ublaze_i/mdm_1/U0/Use_E2.BSCAN_I/Use_E2.BSCANE2_I/UPDATE rise@0.000ns)
  Data Path Delay:        0.437ns  (logic 0.196ns (44.879%)  route 0.241ns (55.121%))
  Logic Levels:           1  (LUT3=1)
  Clock Path Skew:        0.000ns (DCD - SCD - CPR)
    Destination Clock Delay (DCD):    1.223ns
    Source Clock Delay      (SCD):    1.078ns
    Clock Pessimism Removal (CPR):    0.145ns

    Location             Delay type                Incr(ns)  Path(ns)    Netlist Resource(s)
  -------------------------------------------------------------------    -------------------
                         (clock ublaze_i/mdm_1/U0/Use_E2.BSCAN_I/Use_E2.BSCANE2_I/UPDATE rise edge)
                                                      0.000     0.000 r  
    BSCAN_X0Y1           BSCANE2                      0.000     0.000 r  ublaze_i/mdm_1/U0/Use_E2.BSCAN_I/Use_E2.BSCANE2_I/UPDATE
                         net (fo=39, routed)          1.078     1.078    ublaze_i/mdm_1/U0/MDM_Core_I1/JTAG_CONTROL_I/CLK
    SLICE_X43Y43         FDCE                                         r  ublaze_i/mdm_1/U0/MDM_Core_I1/JTAG_CONTROL_I/completion_ctrl_reg[0]/C
  -------------------------------------------------------------------    -------------------
    SLICE_X43Y43         FDCE (Prop_fdce_C_Q)         0.099     1.177 r  ublaze_i/mdm_1/U0/MDM_Core_I1/JTAG_CONTROL_I/completion_ctrl_reg[0]/Q
                         net (fo=2, routed)           0.241     1.418    ublaze_i/mdm_1/U0/MDM_Core_I1/JTAG_CONTROL_I/Use_BSCAN.FDC_I/completion_ctrl
    SLICE_X43Y43         LUT3 (Prop_lut3_I2_O)        0.097     1.515 r  ublaze_i/mdm_1/U0/MDM_Core_I1/JTAG_CONTROL_I/Use_BSCAN.FDC_I/completion_ctrl[0]_i_1/O
                         net (fo=1, routed)           0.000     1.515    ublaze_i/mdm_1/U0/MDM_Core_I1/JTAG_CONTROL_I/Use_BSCAN.FDC_I_n_37
    SLICE_X43Y43         FDCE                                         r  ublaze_i/mdm_1/U0/MDM_Core_I1/JTAG_CONTROL_I/completion_ctrl_reg[0]/D
  -------------------------------------------------------------------    -------------------

                         (clock ublaze_i/mdm_1/U0/Use_E2.BSCAN_I/Use_E2.BSCANE2_I/UPDATE rise edge)
                                                      0.000     0.000 r  
    BSCAN_X0Y1           BSCANE2                      0.000     0.000 r  ublaze_i/mdm_1/U0/Use_E2.BSCAN_I/Use_E2.BSCANE2_I/UPDATE
                         net (fo=39, routed)          1.223     1.223    ublaze_i/mdm_1/U0/MDM_Core_I1/JTAG_CONTROL_I/CLK
    SLICE_X43Y43         FDCE                                         r  ublaze_i/mdm_1/U0/MDM_Core_I1/JTAG_CONTROL_I/completion_ctrl_reg[0]/C
                         clock pessimism             -0.145     1.078    
    SLICE_X43Y43         FDCE (Hold_fdce_C_D)         0.071     1.149    ublaze_i/mdm_1/U0/MDM_Core_I1/JTAG_CONTROL_I/completion_ctrl_reg[0]
  -------------------------------------------------------------------
                         required time                         -1.149    
                         arrival time                           1.515    
  -------------------------------------------------------------------
                         slack                                  0.366    

Slack (MET) :             0.419ns  (arrival time - required time)
  Source:                 ublaze_i/mdm_1/U0/MDM_Core_I1/JTAG_CONTROL_I/Debug_Rst_i_reg/C
                            (rising edge-triggered cell FDCE clocked by ublaze_i/mdm_1/U0/Use_E2.BSCAN_I/Use_E2.BSCANE2_I/UPDATE  {rise@0.000ns fall@16.667ns period=33.333ns})
  Destination:            ublaze_i/mdm_1/U0/MDM_Core_I1/JTAG_CONTROL_I/Debug_Rst_i_reg/D
                            (rising edge-triggered cell FDCE clocked by ublaze_i/mdm_1/U0/Use_E2.BSCAN_I/Use_E2.BSCANE2_I/UPDATE  {rise@0.000ns fall@16.667ns period=33.333ns})
  Path Group:             ublaze_i/mdm_1/U0/Use_E2.BSCAN_I/Use_E2.BSCANE2_I/UPDATE
  Path Type:              Hold (Min at Fast Process Corner)
  Requirement:            0.000ns  (ublaze_i/mdm_1/U0/Use_E2.BSCAN_I/Use_E2.BSCANE2_I/UPDATE rise@0.000ns - ublaze_i/mdm_1/U0/Use_E2.BSCAN_I/Use_E2.BSCANE2_I/UPDATE rise@0.000ns)
  Data Path Delay:        0.475ns  (logic 0.157ns (33.030%)  route 0.318ns (66.970%))
  Logic Levels:           1  (LUT3=1)
  Clock Path Skew:        0.000ns (DCD - SCD - CPR)
    Destination Clock Delay (DCD):    1.223ns
    Source Clock Delay      (SCD):    1.078ns
    Clock Pessimism Removal (CPR):    0.145ns

    Location             Delay type                Incr(ns)  Path(ns)    Netlist Resource(s)
  -------------------------------------------------------------------    -------------------
                         (clock ublaze_i/mdm_1/U0/Use_E2.BSCAN_I/Use_E2.BSCANE2_I/UPDATE rise edge)
                                                      0.000     0.000 r  
    BSCAN_X0Y1           BSCANE2                      0.000     0.000 r  ublaze_i/mdm_1/U0/Use_E2.BSCAN_I/Use_E2.BSCANE2_I/UPDATE
                         net (fo=39, routed)          1.078     1.078    ublaze_i/mdm_1/U0/MDM_Core_I1/JTAG_CONTROL_I/CLK
    SLICE_X43Y43         FDCE                                         r  ublaze_i/mdm_1/U0/MDM_Core_I1/JTAG_CONTROL_I/Debug_Rst_i_reg/C
  -------------------------------------------------------------------    -------------------
    SLICE_X43Y43         FDCE (Prop_fdce_C_Q)         0.112     1.190 r  ublaze_i/mdm_1/U0/MDM_Core_I1/JTAG_CONTROL_I/Debug_Rst_i_reg/Q
                         net (fo=2, routed)           0.318     1.508    ublaze_i/mdm_1/U0/MDM_Core_I1/JTAG_CONTROL_I/Use_BSCAN.FDC_I/Dbg_Rst_0
    SLICE_X43Y43         LUT3 (Prop_lut3_I2_O)        0.045     1.553 r  ublaze_i/mdm_1/U0/MDM_Core_I1/JTAG_CONTROL_I/Use_BSCAN.FDC_I/Debug_Rst_i_i_1/O
                         net (fo=1, routed)           0.000     1.553    ublaze_i/mdm_1/U0/MDM_Core_I1/JTAG_CONTROL_I/Use_BSCAN.FDC_I_n_34
    SLICE_X43Y43         FDCE                                         r  ublaze_i/mdm_1/U0/MDM_Core_I1/JTAG_CONTROL_I/Debug_Rst_i_reg/D
  -------------------------------------------------------------------    -------------------

                         (clock ublaze_i/mdm_1/U0/Use_E2.BSCAN_I/Use_E2.BSCANE2_I/UPDATE rise edge)
                                                      0.000     0.000 r  
    BSCAN_X0Y1           BSCANE2                      0.000     0.000 r  ublaze_i/mdm_1/U0/Use_E2.BSCAN_I/Use_E2.BSCANE2_I/UPDATE
                         net (fo=39, routed)          1.223     1.223    ublaze_i/mdm_1/U0/MDM_Core_I1/JTAG_CONTROL_I/CLK
    SLICE_X43Y43         FDCE                                         r  ublaze_i/mdm_1/U0/MDM_Core_I1/JTAG_CONTROL_I/Debug_Rst_i_reg/C
                         clock pessimism             -0.145     1.078    
    SLICE_X43Y43         FDCE (Hold_fdce_C_D)         0.056     1.134    ublaze_i/mdm_1/U0/MDM_Core_I1/JTAG_CONTROL_I/Debug_Rst_i_reg
  -------------------------------------------------------------------
                         required time                         -1.134    
                         arrival time                           1.553    
  -------------------------------------------------------------------
                         slack                                  0.419    

Slack (MET) :             0.532ns  (arrival time - required time)
  Source:                 ublaze_i/mdm_1/U0/MDM_Core_I1/JTAG_CONTROL_I/Debug_SYS_Rst_i_reg/C
                            (rising edge-triggered cell FDCE clocked by ublaze_i/mdm_1/U0/Use_E2.BSCAN_I/Use_E2.BSCANE2_I/UPDATE  {rise@0.000ns fall@16.667ns period=33.333ns})
  Destination:            ublaze_i/mdm_1/U0/MDM_Core_I1/JTAG_CONTROL_I/Debug_SYS_Rst_i_reg/D
                            (rising edge-triggered cell FDCE clocked by ublaze_i/mdm_1/U0/Use_E2.BSCAN_I/Use_E2.BSCANE2_I/UPDATE  {rise@0.000ns fall@16.667ns period=33.333ns})
  Path Group:             ublaze_i/mdm_1/U0/Use_E2.BSCAN_I/Use_E2.BSCANE2_I/UPDATE
  Path Type:              Hold (Min at Fast Process Corner)
  Requirement:            0.000ns  (ublaze_i/mdm_1/U0/Use_E2.BSCAN_I/Use_E2.BSCANE2_I/UPDATE rise@0.000ns - ublaze_i/mdm_1/U0/Use_E2.BSCAN_I/Use_E2.BSCANE2_I/UPDATE rise@0.000ns)
  Data Path Delay:        0.587ns  (logic 0.157ns (26.750%)  route 0.430ns (73.250%))
  Logic Levels:           1  (LUT3=1)
  Clock Path Skew:        0.000ns (DCD - SCD - CPR)
    Destination Clock Delay (DCD):    1.223ns
    Source Clock Delay      (SCD):    1.078ns
    Clock Pessimism Removal (CPR):    0.145ns

    Location             Delay type                Incr(ns)  Path(ns)    Netlist Resource(s)
  -------------------------------------------------------------------    -------------------
                         (clock ublaze_i/mdm_1/U0/Use_E2.BSCAN_I/Use_E2.BSCANE2_I/UPDATE rise edge)
                                                      0.000     0.000 r  
    BSCAN_X0Y1           BSCANE2                      0.000     0.000 r  ublaze_i/mdm_1/U0/Use_E2.BSCAN_I/Use_E2.BSCANE2_I/UPDATE
                         net (fo=39, routed)          1.078     1.078    ublaze_i/mdm_1/U0/MDM_Core_I1/JTAG_CONTROL_I/CLK
    SLICE_X43Y43         FDCE                                         r  ublaze_i/mdm_1/U0/MDM_Core_I1/JTAG_CONTROL_I/Debug_SYS_Rst_i_reg/C
  -------------------------------------------------------------------    -------------------
    SLICE_X43Y43         FDCE (Prop_fdce_C_Q)         0.112     1.190 r  ublaze_i/mdm_1/U0/MDM_Core_I1/JTAG_CONTROL_I/Debug_SYS_Rst_i_reg/Q
                         net (fo=2, routed)           0.430     1.620    ublaze_i/mdm_1/U0/MDM_Core_I1/JTAG_CONTROL_I/Use_BSCAN.FDC_I/Debug_SYS_Rst
    SLICE_X43Y43         LUT3 (Prop_lut3_I2_O)        0.045     1.665 r  ublaze_i/mdm_1/U0/MDM_Core_I1/JTAG_CONTROL_I/Use_BSCAN.FDC_I/Debug_SYS_Rst_i_i_1/O
                         net (fo=1, routed)           0.000     1.665    ublaze_i/mdm_1/U0/MDM_Core_I1/JTAG_CONTROL_I/Use_BSCAN.FDC_I_n_35
    SLICE_X43Y43         FDCE                                         r  ublaze_i/mdm_1/U0/MDM_Core_I1/JTAG_CONTROL_I/Debug_SYS_Rst_i_reg/D
  -------------------------------------------------------------------    -------------------

                         (clock ublaze_i/mdm_1/U0/Use_E2.BSCAN_I/Use_E2.BSCANE2_I/UPDATE rise edge)
                                                      0.000     0.000 r  
    BSCAN_X0Y1           BSCANE2                      0.000     0.000 r  ublaze_i/mdm_1/U0/Use_E2.BSCAN_I/Use_E2.BSCANE2_I/UPDATE
                         net (fo=39, routed)          1.223     1.223    ublaze_i/mdm_1/U0/MDM_Core_I1/JTAG_CONTROL_I/CLK
    SLICE_X43Y43         FDCE                                         r  ublaze_i/mdm_1/U0/MDM_Core_I1/JTAG_CONTROL_I/Debug_SYS_Rst_i_reg/C
                         clock pessimism             -0.145     1.078    
    SLICE_X43Y43         FDCE (Hold_fdce_C_D)         0.055     1.133    ublaze_i/mdm_1/U0/MDM_Core_I1/JTAG_CONTROL_I/Debug_SYS_Rst_i_reg
  -------------------------------------------------------------------
                         required time                         -1.133    
                         arrival time                           1.665    
  -------------------------------------------------------------------
                         slack                                  0.532    

Slack (MET) :             0.758ns  (arrival time - required time)
  Source:                 ublaze_i/mdm_1/U0/MDM_Core_I1/JTAG_CONTROL_I/Use_BSCAN.FDC_I/Using_FPGA.Native/C
                            (falling edge-triggered cell FDCE clocked by ublaze_i/mdm_1/U0/Use_E2.BSCAN_I/Use_E2.BSCANE2_I/UPDATE  {rise@0.000ns fall@16.667ns period=33.333ns})
  Destination:            ublaze_i/mdm_1/U0/MDM_Core_I1/JTAG_CONTROL_I/Use_BSCAN.FDC_I/Using_FPGA.Native/D
                            (falling edge-triggered cell FDCE clocked by ublaze_i/mdm_1/U0/Use_E2.BSCAN_I/Use_E2.BSCANE2_I/UPDATE  {rise@0.000ns fall@16.667ns period=33.333ns})
  Path Group:             ublaze_i/mdm_1/U0/Use_E2.BSCAN_I/Use_E2.BSCANE2_I/UPDATE
  Path Type:              Hold (Min at Fast Process Corner)
  Requirement:            0.000ns  (ublaze_i/mdm_1/U0/Use_E2.BSCAN_I/Use_E2.BSCANE2_I/UPDATE fall@16.667ns - ublaze_i/mdm_1/U0/Use_E2.BSCAN_I/Use_E2.BSCANE2_I/UPDATE fall@16.667ns)
  Data Path Delay:        0.792ns  (logic 0.157ns (19.829%)  route 0.635ns (80.171%))
  Logic Levels:           1  (LUT1=1)
  Clock Path Skew:        0.000ns (DCD - SCD - CPR)
    Destination Clock Delay (DCD):    1.088ns = ( 17.755 - 16.667 ) 
    Source Clock Delay      (SCD):    0.962ns = ( 17.629 - 16.667 ) 
    Clock Pessimism Removal (CPR):    0.126ns

    Location             Delay type                Incr(ns)  Path(ns)    Netlist Resource(s)
  -------------------------------------------------------------------    -------------------
                         (clock ublaze_i/mdm_1/U0/Use_E2.BSCAN_I/Use_E2.BSCANE2_I/UPDATE fall edge)
                                                     16.667    16.667 f  
    BSCAN_X0Y1           BSCANE2                      0.000    16.667 f  ublaze_i/mdm_1/U0/Use_E2.BSCAN_I/Use_E2.BSCANE2_I/UPDATE
                         net (fo=39, routed)          0.962    17.629    ublaze_i/mdm_1/U0/MDM_Core_I1/JTAG_CONTROL_I/Use_BSCAN.FDC_I/CLK
    SLICE_X45Y43         FDCE                                         r  ublaze_i/mdm_1/U0/MDM_Core_I1/JTAG_CONTROL_I/Use_BSCAN.FDC_I/Using_FPGA.Native/C  (IS_INVERTED)
  -------------------------------------------------------------------    -------------------
    SLICE_X45Y43         FDCE (Prop_fdce_C_Q)         0.112    17.741 f  ublaze_i/mdm_1/U0/MDM_Core_I1/JTAG_CONTROL_I/Use_BSCAN.FDC_I/Using_FPGA.Native/Q
                         net (fo=17, routed)          0.356    18.096    ublaze_i/mdm_1/U0/MDM_Core_I1/JTAG_CONTROL_I/Use_BSCAN.FDC_I/Q_0
    SLICE_X42Y43         LUT1 (Prop_lut1_I0_O)        0.045    18.141 r  ublaze_i/mdm_1/U0/MDM_Core_I1/JTAG_CONTROL_I/Use_BSCAN.FDC_I/Using_FPGA.Native_i_1__0/O
                         net (fo=2, routed)           0.279    18.420    ublaze_i/mdm_1/U0/MDM_Core_I1/JTAG_CONTROL_I/Use_BSCAN.FDC_I/D_1
    SLICE_X45Y43         FDCE                                         r  ublaze_i/mdm_1/U0/MDM_Core_I1/JTAG_CONTROL_I/Use_BSCAN.FDC_I/Using_FPGA.Native/D
  -------------------------------------------------------------------    -------------------

                         (clock ublaze_i/mdm_1/U0/Use_E2.BSCAN_I/Use_E2.BSCANE2_I/UPDATE fall edge)
                                                     16.667    16.667 f  
    BSCAN_X0Y1           BSCANE2                      0.000    16.667 f  ublaze_i/mdm_1/U0/Use_E2.BSCAN_I/Use_E2.BSCANE2_I/UPDATE
                         net (fo=39, routed)          1.088    17.755    ublaze_i/mdm_1/U0/MDM_Core_I1/JTAG_CONTROL_I/Use_BSCAN.FDC_I/CLK
    SLICE_X45Y43         FDCE                                         r  ublaze_i/mdm_1/U0/MDM_Core_I1/JTAG_CONTROL_I/Use_BSCAN.FDC_I/Using_FPGA.Native/C  (IS_INVERTED)
                         clock pessimism             -0.126    17.629    
    SLICE_X45Y43         FDCE (Hold_fdce_C_D)         0.034    17.663    ublaze_i/mdm_1/U0/MDM_Core_I1/JTAG_CONTROL_I/Use_BSCAN.FDC_I/Using_FPGA.Native
  -------------------------------------------------------------------
                         required time                        -17.663    
                         arrival time                          18.420    
  -------------------------------------------------------------------
                         slack                                  0.758    

Slack (MET) :             0.937ns  (arrival time - required time)
  Source:                 ublaze_i/mdm_1/U0/MDM_Core_I1/Use_BSCAN.PORT_Selector_reg[3]/C
                            (falling edge-triggered cell FDCE clocked by ublaze_i/mdm_1/U0/Use_E2.BSCAN_I/Use_E2.BSCANE2_I/UPDATE  {rise@0.000ns fall@16.667ns period=33.333ns})
  Destination:            ublaze_i/mdm_1/U0/MDM_Core_I1/JTAG_CONTROL_I/Use_BSCAN.command_reg[1]/CE
                            (falling edge-triggered cell FDCE clocked by ublaze_i/mdm_1/U0/Use_E2.BSCAN_I/Use_E2.BSCANE2_I/UPDATE  {rise@0.000ns fall@16.667ns period=33.333ns})
  Path Group:             ublaze_i/mdm_1/U0/Use_E2.BSCAN_I/Use_E2.BSCANE2_I/UPDATE
  Path Type:              Hold (Min at Fast Process Corner)
  Requirement:            0.000ns  (ublaze_i/mdm_1/U0/Use_E2.BSCAN_I/Use_E2.BSCANE2_I/UPDATE fall@16.667ns - ublaze_i/mdm_1/U0/Use_E2.BSCAN_I/Use_E2.BSCANE2_I/UPDATE fall@16.667ns)
  Data Path Delay:        0.749ns  (logic 0.163ns (21.758%)  route 0.586ns (78.242%))
  Logic Levels:           1  (LUT5=1)
  Clock Path Skew:        -0.113ns (DCD - SCD - CPR)
    Destination Clock Delay (DCD):    1.180ns = ( 17.846 - 16.667 ) 
    Source Clock Delay      (SCD):    1.226ns = ( 17.892 - 16.667 ) 
    Clock Pessimism Removal (CPR):    0.067ns

    Location             Delay type                Incr(ns)  Path(ns)    Netlist Resource(s)
  -------------------------------------------------------------------    -------------------
                         (clock ublaze_i/mdm_1/U0/Use_E2.BSCAN_I/Use_E2.BSCANE2_I/UPDATE fall edge)
                                                     16.667    16.667 f  
    BSCAN_X0Y1           BSCANE2                      0.000    16.667 f  ublaze_i/mdm_1/U0/Use_E2.BSCAN_I/Use_E2.BSCANE2_I/UPDATE
                         net (fo=39, routed)          1.226    17.892    ublaze_i/mdm_1/U0/MDM_Core_I1/CLK
    SLICE_X56Y40         FDCE                                         r  ublaze_i/mdm_1/U0/MDM_Core_I1/Use_BSCAN.PORT_Selector_reg[3]/C  (IS_INVERTED)
  -------------------------------------------------------------------    -------------------
    SLICE_X56Y40         FDCE (Prop_fdce_C_Q)         0.118    18.010 f  ublaze_i/mdm_1/U0/MDM_Core_I1/Use_BSCAN.PORT_Selector_reg[3]/Q
                         net (fo=7, routed)           0.464    18.474    ublaze_i/mdm_1/U0/MDM_Core_I1/JTAG_CONTROL_I/command_1_reg[7]_0[3]
    SLICE_X46Y42         LUT5 (Prop_lut5_I3_O)        0.045    18.519 r  ublaze_i/mdm_1/U0/MDM_Core_I1/JTAG_CONTROL_I/Use_BSCAN.command[0]_i_1/O
                         net (fo=9, routed)           0.123    18.641    ublaze_i/mdm_1/U0/MDM_Core_I1/JTAG_CONTROL_I/Use_BSCAN.command[0]_i_1_n_0
    SLICE_X45Y42         FDCE                                         r  ublaze_i/mdm_1/U0/MDM_Core_I1/JTAG_CONTROL_I/Use_BSCAN.command_reg[1]/CE
  -------------------------------------------------------------------    -------------------

                         (clock ublaze_i/mdm_1/U0/Use_E2.BSCAN_I/Use_E2.BSCANE2_I/UPDATE fall edge)
                                                     16.667    16.667 f  
    BSCAN_X0Y1           BSCANE2                      0.000    16.667 f  ublaze_i/mdm_1/U0/Use_E2.BSCAN_I/Use_E2.BSCANE2_I/UPDATE
                         net (fo=39, routed)          1.180    17.846    ublaze_i/mdm_1/U0/MDM_Core_I1/JTAG_CONTROL_I/CLK
    SLICE_X45Y42         FDCE                                         r  ublaze_i/mdm_1/U0/MDM_Core_I1/JTAG_CONTROL_I/Use_BSCAN.command_reg[1]/C  (IS_INVERTED)
                         clock pessimism             -0.067    17.779    
    SLICE_X45Y42         FDCE (Hold_fdce_C_CE)       -0.075    17.704    ublaze_i/mdm_1/U0/MDM_Core_I1/JTAG_CONTROL_I/Use_BSCAN.command_reg[1]
  -------------------------------------------------------------------
                         required time                        -17.704    
                         arrival time                          18.641    
  -------------------------------------------------------------------
                         slack                                  0.937    

Slack (MET) :             0.937ns  (arrival time - required time)
  Source:                 ublaze_i/mdm_1/U0/MDM_Core_I1/Use_BSCAN.PORT_Selector_reg[3]/C
                            (falling edge-triggered cell FDCE clocked by ublaze_i/mdm_1/U0/Use_E2.BSCAN_I/Use_E2.BSCANE2_I/UPDATE  {rise@0.000ns fall@16.667ns period=33.333ns})
  Destination:            ublaze_i/mdm_1/U0/MDM_Core_I1/JTAG_CONTROL_I/Use_BSCAN.command_reg[2]/CE
                            (falling edge-triggered cell FDCE clocked by ublaze_i/mdm_1/U0/Use_E2.BSCAN_I/Use_E2.BSCANE2_I/UPDATE  {rise@0.000ns fall@16.667ns period=33.333ns})
  Path Group:             ublaze_i/mdm_1/U0/Use_E2.BSCAN_I/Use_E2.BSCANE2_I/UPDATE
  Path Type:              Hold (Min at Fast Process Corner)
  Requirement:            0.000ns  (ublaze_i/mdm_1/U0/Use_E2.BSCAN_I/Use_E2.BSCANE2_I/UPDATE fall@16.667ns - ublaze_i/mdm_1/U0/Use_E2.BSCAN_I/Use_E2.BSCANE2_I/UPDATE fall@16.667ns)
  Data Path Delay:        0.749ns  (logic 0.163ns (21.758%)  route 0.586ns (78.242%))
  Logic Levels:           1  (LUT5=1)
  Clock Path Skew:        -0.113ns (DCD - SCD - CPR)
    Destination Clock Delay (DCD):    1.180ns = ( 17.846 - 16.667 ) 
    Source Clock Delay      (SCD):    1.226ns = ( 17.892 - 16.667 ) 
    Clock Pessimism Removal (CPR):    0.067ns

    Location             Delay type                Incr(ns)  Path(ns)    Netlist Resource(s)
  -------------------------------------------------------------------    -------------------
                         (clock ublaze_i/mdm_1/U0/Use_E2.BSCAN_I/Use_E2.BSCANE2_I/UPDATE fall edge)
                                                     16.667    16.667 f  
    BSCAN_X0Y1           BSCANE2                      0.000    16.667 f  ublaze_i/mdm_1/U0/Use_E2.BSCAN_I/Use_E2.BSCANE2_I/UPDATE
                         net (fo=39, routed)          1.226    17.892    ublaze_i/mdm_1/U0/MDM_Core_I1/CLK
    SLICE_X56Y40         FDCE                                         r  ublaze_i/mdm_1/U0/MDM_Core_I1/Use_BSCAN.PORT_Selector_reg[3]/C  (IS_INVERTED)
  -------------------------------------------------------------------    -------------------
    SLICE_X56Y40         FDCE (Prop_fdce_C_Q)         0.118    18.010 f  ublaze_i/mdm_1/U0/MDM_Core_I1/Use_BSCAN.PORT_Selector_reg[3]/Q
                         net (fo=7, routed)           0.464    18.474    ublaze_i/mdm_1/U0/MDM_Core_I1/JTAG_CONTROL_I/command_1_reg[7]_0[3]
    SLICE_X46Y42         LUT5 (Prop_lut5_I3_O)        0.045    18.519 r  ublaze_i/mdm_1/U0/MDM_Core_I1/JTAG_CONTROL_I/Use_BSCAN.command[0]_i_1/O
                         net (fo=9, routed)           0.123    18.641    ublaze_i/mdm_1/U0/MDM_Core_I1/JTAG_CONTROL_I/Use_BSCAN.command[0]_i_1_n_0
    SLICE_X45Y42         FDCE                                         r  ublaze_i/mdm_1/U0/MDM_Core_I1/JTAG_CONTROL_I/Use_BSCAN.command_reg[2]/CE
  -------------------------------------------------------------------    -------------------

                         (clock ublaze_i/mdm_1/U0/Use_E2.BSCAN_I/Use_E2.BSCANE2_I/UPDATE fall edge)
                                                     16.667    16.667 f  
    BSCAN_X0Y1           BSCANE2                      0.000    16.667 f  ublaze_i/mdm_1/U0/Use_E2.BSCAN_I/Use_E2.BSCANE2_I/UPDATE
                         net (fo=39, routed)          1.180    17.846    ublaze_i/mdm_1/U0/MDM_Core_I1/JTAG_CONTROL_I/CLK
    SLICE_X45Y42         FDCE                                         r  ublaze_i/mdm_1/U0/MDM_Core_I1/JTAG_CONTROL_I/Use_BSCAN.command_reg[2]/C  (IS_INVERTED)
                         clock pessimism             -0.067    17.779    
    SLICE_X45Y42         FDCE (Hold_fdce_C_CE)       -0.075    17.704    ublaze_i/mdm_1/U0/MDM_Core_I1/JTAG_CONTROL_I/Use_BSCAN.command_reg[2]
  -------------------------------------------------------------------
                         required time                        -17.704    
                         arrival time                          18.641    
  -------------------------------------------------------------------
                         slack                                  0.937    

Slack (MET) :             0.937ns  (arrival time - required time)
  Source:                 ublaze_i/mdm_1/U0/MDM_Core_I1/Use_BSCAN.PORT_Selector_reg[3]/C
                            (falling edge-triggered cell FDCE clocked by ublaze_i/mdm_1/U0/Use_E2.BSCAN_I/Use_E2.BSCANE2_I/UPDATE  {rise@0.000ns fall@16.667ns period=33.333ns})
  Destination:            ublaze_i/mdm_1/U0/MDM_Core_I1/JTAG_CONTROL_I/Use_BSCAN.command_reg[3]/CE
                            (falling edge-triggered cell FDCE clocked by ublaze_i/mdm_1/U0/Use_E2.BSCAN_I/Use_E2.BSCANE2_I/UPDATE  {rise@0.000ns fall@16.667ns period=33.333ns})
  Path Group:             ublaze_i/mdm_1/U0/Use_E2.BSCAN_I/Use_E2.BSCANE2_I/UPDATE
  Path Type:              Hold (Min at Fast Process Corner)
  Requirement:            0.000ns  (ublaze_i/mdm_1/U0/Use_E2.BSCAN_I/Use_E2.BSCANE2_I/UPDATE fall@16.667ns - ublaze_i/mdm_1/U0/Use_E2.BSCAN_I/Use_E2.BSCANE2_I/UPDATE fall@16.667ns)
  Data Path Delay:        0.749ns  (logic 0.163ns (21.758%)  route 0.586ns (78.242%))
  Logic Levels:           1  (LUT5=1)
  Clock Path Skew:        -0.113ns (DCD - SCD - CPR)
    Destination Clock Delay (DCD):    1.180ns = ( 17.846 - 16.667 ) 
    Source Clock Delay      (SCD):    1.226ns = ( 17.892 - 16.667 ) 
    Clock Pessimism Removal (CPR):    0.067ns

    Location             Delay type                Incr(ns)  Path(ns)    Netlist Resource(s)
  -------------------------------------------------------------------    -------------------
                         (clock ublaze_i/mdm_1/U0/Use_E2.BSCAN_I/Use_E2.BSCANE2_I/UPDATE fall edge)
                                                     16.667    16.667 f  
    BSCAN_X0Y1           BSCANE2                      0.000    16.667 f  ublaze_i/mdm_1/U0/Use_E2.BSCAN_I/Use_E2.BSCANE2_I/UPDATE
                         net (fo=39, routed)          1.226    17.892    ublaze_i/mdm_1/U0/MDM_Core_I1/CLK
    SLICE_X56Y40         FDCE                                         r  ublaze_i/mdm_1/U0/MDM_Core_I1/Use_BSCAN.PORT_Selector_reg[3]/C  (IS_INVERTED)
  -------------------------------------------------------------------    -------------------
    SLICE_X56Y40         FDCE (Prop_fdce_C_Q)         0.118    18.010 f  ublaze_i/mdm_1/U0/MDM_Core_I1/Use_BSCAN.PORT_Selector_reg[3]/Q
                         net (fo=7, routed)           0.464    18.474    ublaze_i/mdm_1/U0/MDM_Core_I1/JTAG_CONTROL_I/command_1_reg[7]_0[3]
    SLICE_X46Y42         LUT5 (Prop_lut5_I3_O)        0.045    18.519 r  ublaze_i/mdm_1/U0/MDM_Core_I1/JTAG_CONTROL_I/Use_BSCAN.command[0]_i_1/O
                         net (fo=9, routed)           0.123    18.641    ublaze_i/mdm_1/U0/MDM_Core_I1/JTAG_CONTROL_I/Use_BSCAN.command[0]_i_1_n_0
    SLICE_X45Y42         FDCE                                         r  ublaze_i/mdm_1/U0/MDM_Core_I1/JTAG_CONTROL_I/Use_BSCAN.command_reg[3]/CE
  -------------------------------------------------------------------    -------------------

                         (clock ublaze_i/mdm_1/U0/Use_E2.BSCAN_I/Use_E2.BSCANE2_I/UPDATE fall edge)
                                                     16.667    16.667 f  
    BSCAN_X0Y1           BSCANE2                      0.000    16.667 f  ublaze_i/mdm_1/U0/Use_E2.BSCAN_I/Use_E2.BSCANE2_I/UPDATE
                         net (fo=39, routed)          1.180    17.846    ublaze_i/mdm_1/U0/MDM_Core_I1/JTAG_CONTROL_I/CLK
    SLICE_X45Y42         FDCE                                         r  ublaze_i/mdm_1/U0/MDM_Core_I1/JTAG_CONTROL_I/Use_BSCAN.command_reg[3]/C  (IS_INVERTED)
                         clock pessimism             -0.067    17.779    
    SLICE_X45Y42         FDCE (Hold_fdce_C_CE)       -0.075    17.704    ublaze_i/mdm_1/U0/MDM_Core_I1/JTAG_CONTROL_I/Use_BSCAN.command_reg[3]
  -------------------------------------------------------------------
                         required time                        -17.704    
                         arrival time                          18.641    
  -------------------------------------------------------------------
                         slack                                  0.937    

Slack (MET) :             0.937ns  (arrival time - required time)
  Source:                 ublaze_i/mdm_1/U0/MDM_Core_I1/Use_BSCAN.PORT_Selector_reg[3]/C
                            (falling edge-triggered cell FDCE clocked by ublaze_i/mdm_1/U0/Use_E2.BSCAN_I/Use_E2.BSCANE2_I/UPDATE  {rise@0.000ns fall@16.667ns period=33.333ns})
  Destination:            ublaze_i/mdm_1/U0/MDM_Core_I1/JTAG_CONTROL_I/Use_BSCAN.command_reg[4]/CE
                            (falling edge-triggered cell FDCE clocked by ublaze_i/mdm_1/U0/Use_E2.BSCAN_I/Use_E2.BSCANE2_I/UPDATE  {rise@0.000ns fall@16.667ns period=33.333ns})
  Path Group:             ublaze_i/mdm_1/U0/Use_E2.BSCAN_I/Use_E2.BSCANE2_I/UPDATE
  Path Type:              Hold (Min at Fast Process Corner)
  Requirement:            0.000ns  (ublaze_i/mdm_1/U0/Use_E2.BSCAN_I/Use_E2.BSCANE2_I/UPDATE fall@16.667ns - ublaze_i/mdm_1/U0/Use_E2.BSCAN_I/Use_E2.BSCANE2_I/UPDATE fall@16.667ns)
  Data Path Delay:        0.749ns  (logic 0.163ns (21.758%)  route 0.586ns (78.242%))
  Logic Levels:           1  (LUT5=1)
  Clock Path Skew:        -0.113ns (DCD - SCD - CPR)
    Destination Clock Delay (DCD):    1.180ns = ( 17.846 - 16.667 ) 
    Source Clock Delay      (SCD):    1.226ns = ( 17.892 - 16.667 ) 
    Clock Pessimism Removal (CPR):    0.067ns

    Location             Delay type                Incr(ns)  Path(ns)    Netlist Resource(s)
  -------------------------------------------------------------------    -------------------
                         (clock ublaze_i/mdm_1/U0/Use_E2.BSCAN_I/Use_E2.BSCANE2_I/UPDATE fall edge)
                                                     16.667    16.667 f  
    BSCAN_X0Y1           BSCANE2                      0.000    16.667 f  ublaze_i/mdm_1/U0/Use_E2.BSCAN_I/Use_E2.BSCANE2_I/UPDATE
                         net (fo=39, routed)          1.226    17.892    ublaze_i/mdm_1/U0/MDM_Core_I1/CLK
    SLICE_X56Y40         FDCE                                         r  ublaze_i/mdm_1/U0/MDM_Core_I1/Use_BSCAN.PORT_Selector_reg[3]/C  (IS_INVERTED)
  -------------------------------------------------------------------    -------------------
    SLICE_X56Y40         FDCE (Prop_fdce_C_Q)         0.118    18.010 f  ublaze_i/mdm_1/U0/MDM_Core_I1/Use_BSCAN.PORT_Selector_reg[3]/Q
                         net (fo=7, routed)           0.464    18.474    ublaze_i/mdm_1/U0/MDM_Core_I1/JTAG_CONTROL_I/command_1_reg[7]_0[3]
    SLICE_X46Y42         LUT5 (Prop_lut5_I3_O)        0.045    18.519 r  ublaze_i/mdm_1/U0/MDM_Core_I1/JTAG_CONTROL_I/Use_BSCAN.command[0]_i_1/O
                         net (fo=9, routed)           0.123    18.641    ublaze_i/mdm_1/U0/MDM_Core_I1/JTAG_CONTROL_I/Use_BSCAN.command[0]_i_1_n_0
    SLICE_X45Y42         FDCE                                         r  ublaze_i/mdm_1/U0/MDM_Core_I1/JTAG_CONTROL_I/Use_BSCAN.command_reg[4]/CE
  -------------------------------------------------------------------    -------------------

                         (clock ublaze_i/mdm_1/U0/Use_E2.BSCAN_I/Use_E2.BSCANE2_I/UPDATE fall edge)
                                                     16.667    16.667 f  
    BSCAN_X0Y1           BSCANE2                      0.000    16.667 f  ublaze_i/mdm_1/U0/Use_E2.BSCAN_I/Use_E2.BSCANE2_I/UPDATE
                         net (fo=39, routed)          1.180    17.846    ublaze_i/mdm_1/U0/MDM_Core_I1/JTAG_CONTROL_I/CLK
    SLICE_X45Y42         FDCE                                         r  ublaze_i/mdm_1/U0/MDM_Core_I1/JTAG_CONTROL_I/Use_BSCAN.command_reg[4]/C  (IS_INVERTED)
                         clock pessimism             -0.067    17.779    
    SLICE_X45Y42         FDCE (Hold_fdce_C_CE)       -0.075    17.704    ublaze_i/mdm_1/U0/MDM_Core_I1/JTAG_CONTROL_I/Use_BSCAN.command_reg[4]
  -------------------------------------------------------------------
                         required time                        -17.704    
                         arrival time                          18.641    
  -------------------------------------------------------------------
                         slack                                  0.937    

Slack (MET) :             1.030ns  (arrival time - required time)
  Source:                 ublaze_i/mdm_1/U0/MDM_Core_I1/Use_BSCAN.PORT_Selector_reg[3]/C
                            (falling edge-triggered cell FDCE clocked by ublaze_i/mdm_1/U0/Use_E2.BSCAN_I/Use_E2.BSCANE2_I/UPDATE  {rise@0.000ns fall@16.667ns period=33.333ns})
  Destination:            ublaze_i/mdm_1/U0/MDM_Core_I1/JTAG_CONTROL_I/Use_BSCAN.command_reg[0]/CE
                            (falling edge-triggered cell FDCE clocked by ublaze_i/mdm_1/U0/Use_E2.BSCAN_I/Use_E2.BSCANE2_I/UPDATE  {rise@0.000ns fall@16.667ns period=33.333ns})
  Path Group:             ublaze_i/mdm_1/U0/Use_E2.BSCAN_I/Use_E2.BSCANE2_I/UPDATE
  Path Type:              Hold (Min at Fast Process Corner)
  Requirement:            0.000ns  (ublaze_i/mdm_1/U0/Use_E2.BSCAN_I/Use_E2.BSCANE2_I/UPDATE fall@16.667ns - ublaze_i/mdm_1/U0/Use_E2.BSCAN_I/Use_E2.BSCANE2_I/UPDATE fall@16.667ns)
  Data Path Delay:        0.750ns  (logic 0.163ns (21.724%)  route 0.587ns (78.276%))
  Logic Levels:           1  (LUT5=1)
  Clock Path Skew:        -0.204ns (DCD - SCD - CPR)
    Destination Clock Delay (DCD):    1.088ns = ( 17.755 - 16.667 ) 
    Source Clock Delay      (SCD):    1.226ns = ( 17.892 - 16.667 ) 
    Clock Pessimism Removal (CPR):    0.067ns

    Location             Delay type                Incr(ns)  Path(ns)    Netlist Resource(s)
  -------------------------------------------------------------------    -------------------
                         (clock ublaze_i/mdm_1/U0/Use_E2.BSCAN_I/Use_E2.BSCANE2_I/UPDATE fall edge)
                                                     16.667    16.667 f  
    BSCAN_X0Y1           BSCANE2                      0.000    16.667 f  ublaze_i/mdm_1/U0/Use_E2.BSCAN_I/Use_E2.BSCANE2_I/UPDATE
                         net (fo=39, routed)          1.226    17.892    ublaze_i/mdm_1/U0/MDM_Core_I1/CLK
    SLICE_X56Y40         FDCE                                         r  ublaze_i/mdm_1/U0/MDM_Core_I1/Use_BSCAN.PORT_Selector_reg[3]/C  (IS_INVERTED)
  -------------------------------------------------------------------    -------------------
    SLICE_X56Y40         FDCE (Prop_fdce_C_Q)         0.118    18.010 f  ublaze_i/mdm_1/U0/MDM_Core_I1/Use_BSCAN.PORT_Selector_reg[3]/Q
                         net (fo=7, routed)           0.464    18.474    ublaze_i/mdm_1/U0/MDM_Core_I1/JTAG_CONTROL_I/command_1_reg[7]_0[3]
    SLICE_X46Y42         LUT5 (Prop_lut5_I3_O)        0.045    18.519 r  ublaze_i/mdm_1/U0/MDM_Core_I1/JTAG_CONTROL_I/Use_BSCAN.command[0]_i_1/O
                         net (fo=9, routed)           0.124    18.642    ublaze_i/mdm_1/U0/MDM_Core_I1/JTAG_CONTROL_I/Use_BSCAN.command[0]_i_1_n_0
    SLICE_X44Y43         FDCE                                         r  ublaze_i/mdm_1/U0/MDM_Core_I1/JTAG_CONTROL_I/Use_BSCAN.command_reg[0]/CE
  -------------------------------------------------------------------    -------------------

                         (clock ublaze_i/mdm_1/U0/Use_E2.BSCAN_I/Use_E2.BSCANE2_I/UPDATE fall edge)
                                                     16.667    16.667 f  
    BSCAN_X0Y1           BSCANE2                      0.000    16.667 f  ublaze_i/mdm_1/U0/Use_E2.BSCAN_I/Use_E2.BSCANE2_I/UPDATE
                         net (fo=39, routed)          1.088    17.755    ublaze_i/mdm_1/U0/MDM_Core_I1/JTAG_CONTROL_I/CLK
    SLICE_X44Y43         FDCE                                         r  ublaze_i/mdm_1/U0/MDM_Core_I1/JTAG_CONTROL_I/Use_BSCAN.command_reg[0]/C  (IS_INVERTED)
                         clock pessimism             -0.067    17.688    
    SLICE_X44Y43         FDCE (Hold_fdce_C_CE)       -0.075    17.613    ublaze_i/mdm_1/U0/MDM_Core_I1/JTAG_CONTROL_I/Use_BSCAN.command_reg[0]
  -------------------------------------------------------------------
                         required time                        -17.613    
                         arrival time                          18.642    
  -------------------------------------------------------------------
                         slack                                  1.030    

Slack (MET) :             1.030ns  (arrival time - required time)
  Source:                 ublaze_i/mdm_1/U0/MDM_Core_I1/Use_BSCAN.PORT_Selector_reg[3]/C
                            (falling edge-triggered cell FDCE clocked by ublaze_i/mdm_1/U0/Use_E2.BSCAN_I/Use_E2.BSCANE2_I/UPDATE  {rise@0.000ns fall@16.667ns period=33.333ns})
  Destination:            ublaze_i/mdm_1/U0/MDM_Core_I1/JTAG_CONTROL_I/Use_BSCAN.command_reg[5]/CE
                            (falling edge-triggered cell FDCE clocked by ublaze_i/mdm_1/U0/Use_E2.BSCAN_I/Use_E2.BSCANE2_I/UPDATE  {rise@0.000ns fall@16.667ns period=33.333ns})
  Path Group:             ublaze_i/mdm_1/U0/Use_E2.BSCAN_I/Use_E2.BSCANE2_I/UPDATE
  Path Type:              Hold (Min at Fast Process Corner)
  Requirement:            0.000ns  (ublaze_i/mdm_1/U0/Use_E2.BSCAN_I/Use_E2.BSCANE2_I/UPDATE fall@16.667ns - ublaze_i/mdm_1/U0/Use_E2.BSCAN_I/Use_E2.BSCANE2_I/UPDATE fall@16.667ns)
  Data Path Delay:        0.750ns  (logic 0.163ns (21.724%)  route 0.587ns (78.276%))
  Logic Levels:           1  (LUT5=1)
  Clock Path Skew:        -0.204ns (DCD - SCD - CPR)
    Destination Clock Delay (DCD):    1.088ns = ( 17.755 - 16.667 ) 
    Source Clock Delay      (SCD):    1.226ns = ( 17.892 - 16.667 ) 
    Clock Pessimism Removal (CPR):    0.067ns

    Location             Delay type                Incr(ns)  Path(ns)    Netlist Resource(s)
  -------------------------------------------------------------------    -------------------
                         (clock ublaze_i/mdm_1/U0/Use_E2.BSCAN_I/Use_E2.BSCANE2_I/UPDATE fall edge)
                                                     16.667    16.667 f  
    BSCAN_X0Y1           BSCANE2                      0.000    16.667 f  ublaze_i/mdm_1/U0/Use_E2.BSCAN_I/Use_E2.BSCANE2_I/UPDATE
                         net (fo=39, routed)          1.226    17.892    ublaze_i/mdm_1/U0/MDM_Core_I1/CLK
    SLICE_X56Y40         FDCE                                         r  ublaze_i/mdm_1/U0/MDM_Core_I1/Use_BSCAN.PORT_Selector_reg[3]/C  (IS_INVERTED)
  -------------------------------------------------------------------    -------------------
    SLICE_X56Y40         FDCE (Prop_fdce_C_Q)         0.118    18.010 f  ublaze_i/mdm_1/U0/MDM_Core_I1/Use_BSCAN.PORT_Selector_reg[3]/Q
                         net (fo=7, routed)           0.464    18.474    ublaze_i/mdm_1/U0/MDM_Core_I1/JTAG_CONTROL_I/command_1_reg[7]_0[3]
    SLICE_X46Y42         LUT5 (Prop_lut5_I3_O)        0.045    18.519 r  ublaze_i/mdm_1/U0/MDM_Core_I1/JTAG_CONTROL_I/Use_BSCAN.command[0]_i_1/O
                         net (fo=9, routed)           0.124    18.642    ublaze_i/mdm_1/U0/MDM_Core_I1/JTAG_CONTROL_I/Use_BSCAN.command[0]_i_1_n_0
    SLICE_X44Y43         FDCE                                         r  ublaze_i/mdm_1/U0/MDM_Core_I1/JTAG_CONTROL_I/Use_BSCAN.command_reg[5]/CE
  -------------------------------------------------------------------    -------------------

                         (clock ublaze_i/mdm_1/U0/Use_E2.BSCAN_I/Use_E2.BSCANE2_I/UPDATE fall edge)
                                                     16.667    16.667 f  
    BSCAN_X0Y1           BSCANE2                      0.000    16.667 f  ublaze_i/mdm_1/U0/Use_E2.BSCAN_I/Use_E2.BSCANE2_I/UPDATE
                         net (fo=39, routed)          1.088    17.755    ublaze_i/mdm_1/U0/MDM_Core_I1/JTAG_CONTROL_I/CLK
    SLICE_X44Y43         FDCE                                         r  ublaze_i/mdm_1/U0/MDM_Core_I1/JTAG_CONTROL_I/Use_BSCAN.command_reg[5]/C  (IS_INVERTED)
                         clock pessimism             -0.067    17.688    
    SLICE_X44Y43         FDCE (Hold_fdce_C_CE)       -0.075    17.613    ublaze_i/mdm_1/U0/MDM_Core_I1/JTAG_CONTROL_I/Use_BSCAN.command_reg[5]
  -------------------------------------------------------------------
                         required time                        -17.613    
                         arrival time                          18.642    
  -------------------------------------------------------------------
                         slack                                  1.030    





Pulse Width Checks
--------------------------------------------------------------------------------------
Clock Name:         ublaze_i/mdm_1/U0/Use_E2.BSCAN_I/Use_E2.BSCANE2_I/UPDATE
Waveform(ns):       { 0.000 16.667 }
Period(ns):         33.333
Sources:            { ublaze_i/mdm_1/U0/Use_E2.BSCAN_I/Use_E2.BSCANE2_I/UPDATE }

Check Type        Corner  Lib Pin  Reference Pin  Required(ns)  Actual(ns)  Slack(ns)  Location      Pin
Min Period        n/a     FDCE/C   n/a            1.000         33.333      32.333     SLICE_X56Y28  ublaze_i/microblaze_0/U0/MicroBlaze_Core_I/Performance.Core/Use_Debug_Logic.Master_Core.Debug_Perf/Serial_Dbg_Intf.single_Step_TClk_reg/C
Min Period        n/a     FDCE/C   n/a            1.000         33.333      32.333     SLICE_X43Y43  ublaze_i/mdm_1/U0/MDM_Core_I1/JTAG_CONTROL_I/Debug_Rst_i_reg/C
Min Period        n/a     FDCE/C   n/a            1.000         33.333      32.333     SLICE_X43Y43  ublaze_i/mdm_1/U0/MDM_Core_I1/JTAG_CONTROL_I/Debug_SYS_Rst_i_reg/C
Min Period        n/a     FDCE/C   n/a            1.000         33.333      32.333     SLICE_X45Y43  ublaze_i/mdm_1/U0/MDM_Core_I1/JTAG_CONTROL_I/Use_BSCAN.FDC_I/Using_FPGA.Native/C
Min Period        n/a     FDCE/C   n/a            1.000         33.333      32.333     SLICE_X44Y43  ublaze_i/mdm_1/U0/MDM_Core_I1/JTAG_CONTROL_I/Use_BSCAN.command_reg[0]/C
Min Period        n/a     FDCE/C   n/a            1.000         33.333      32.333     SLICE_X45Y42  ublaze_i/mdm_1/U0/MDM_Core_I1/JTAG_CONTROL_I/Use_BSCAN.command_reg[1]/C
Min Period        n/a     FDCE/C   n/a            1.000         33.333      32.333     SLICE_X45Y42  ublaze_i/mdm_1/U0/MDM_Core_I1/JTAG_CONTROL_I/Use_BSCAN.command_reg[2]/C
Min Period        n/a     FDCE/C   n/a            1.000         33.333      32.333     SLICE_X45Y42  ublaze_i/mdm_1/U0/MDM_Core_I1/JTAG_CONTROL_I/Use_BSCAN.command_reg[3]/C
Min Period        n/a     FDCE/C   n/a            1.000         33.333      32.333     SLICE_X45Y42  ublaze_i/mdm_1/U0/MDM_Core_I1/JTAG_CONTROL_I/Use_BSCAN.command_reg[4]/C
Min Period        n/a     FDCE/C   n/a            1.000         33.333      32.333     SLICE_X44Y43  ublaze_i/mdm_1/U0/MDM_Core_I1/JTAG_CONTROL_I/Use_BSCAN.command_reg[5]/C
Low Pulse Width   Fast    FDCE/C   n/a            0.500         16.666      16.166     SLICE_X57Y40  ublaze_i/mdm_1/U0/MDM_Core_I1/Use_BSCAN.PORT_Selector_1_reg[0]/C
Low Pulse Width   Fast    FDCE/C   n/a            0.500         16.666      16.166     SLICE_X57Y40  ublaze_i/mdm_1/U0/MDM_Core_I1/Use_BSCAN.PORT_Selector_1_reg[1]/C
Low Pulse Width   Fast    FDCE/C   n/a            0.500         16.666      16.166     SLICE_X57Y40  ublaze_i/mdm_1/U0/MDM_Core_I1/Use_BSCAN.PORT_Selector_1_reg[2]/C
Low Pulse Width   Fast    FDCE/C   n/a            0.500         16.666      16.166     SLICE_X57Y40  ublaze_i/mdm_1/U0/MDM_Core_I1/Use_BSCAN.PORT_Selector_1_reg[3]/C
Low Pulse Width   Slow    FDCE/C   n/a            0.500         16.666      16.166     SLICE_X56Y40  ublaze_i/mdm_1/U0/MDM_Core_I1/Use_BSCAN.PORT_Selector_reg[0]/C
Low Pulse Width   Slow    FDCE/C   n/a            0.500         16.666      16.166     SLICE_X56Y40  ublaze_i/mdm_1/U0/MDM_Core_I1/Use_BSCAN.PORT_Selector_reg[1]/C
Low Pulse Width   Slow    FDCE/C   n/a            0.500         16.666      16.166     SLICE_X56Y40  ublaze_i/mdm_1/U0/MDM_Core_I1/Use_BSCAN.PORT_Selector_reg[2]/C
Low Pulse Width   Slow    FDCE/C   n/a            0.500         16.666      16.166     SLICE_X56Y40  ublaze_i/mdm_1/U0/MDM_Core_I1/Use_BSCAN.PORT_Selector_reg[3]/C
Low Pulse Width   Slow    FDCE/C   n/a            0.500         16.666      16.166     SLICE_X54Y27  ublaze_i/microblaze_0/U0/MicroBlaze_Core_I/Performance.Core/Use_Debug_Logic.Master_Core.Debug_Perf/Serial_Dbg_Intf.command_reg_reg[0]/C
Low Pulse Width   Slow    FDCE/C   n/a            0.500         16.666      16.166     SLICE_X54Y27  ublaze_i/microblaze_0/U0/MicroBlaze_Core_I/Performance.Core/Use_Debug_Logic.Master_Core.Debug_Perf/Serial_Dbg_Intf.command_reg_reg[1]/C
High Pulse Width  Fast    FDCE/C   n/a            0.500         16.666      16.166     SLICE_X45Y43  ublaze_i/mdm_1/U0/MDM_Core_I1/JTAG_CONTROL_I/Use_BSCAN.FDC_I/Using_FPGA.Native/C
High Pulse Width  Fast    FDCE/C   n/a            0.500         16.666      16.166     SLICE_X44Y43  ublaze_i/mdm_1/U0/MDM_Core_I1/JTAG_CONTROL_I/Use_BSCAN.command_reg[0]/C
High Pulse Width  Fast    FDCE/C   n/a            0.500         16.666      16.166     SLICE_X44Y43  ublaze_i/mdm_1/U0/MDM_Core_I1/JTAG_CONTROL_I/Use_BSCAN.command_reg[5]/C
High Pulse Width  Fast    FDCE/C   n/a            0.500         16.666      16.166     SLICE_X44Y43  ublaze_i/mdm_1/U0/MDM_Core_I1/JTAG_CONTROL_I/Use_BSCAN.command_reg[6]/C
High Pulse Width  Fast    FDCE/C   n/a            0.500         16.666      16.166     SLICE_X44Y43  ublaze_i/mdm_1/U0/MDM_Core_I1/JTAG_CONTROL_I/Use_BSCAN.command_reg[7]/C
High Pulse Width  Slow    FDCE/C   n/a            0.500         16.666      16.166     SLICE_X57Y40  ublaze_i/mdm_1/U0/MDM_Core_I1/Use_BSCAN.PORT_Selector_1_reg[0]/C
High Pulse Width  Slow    FDCE/C   n/a            0.500         16.666      16.166     SLICE_X57Y40  ublaze_i/mdm_1/U0/MDM_Core_I1/Use_BSCAN.PORT_Selector_1_reg[1]/C
High Pulse Width  Slow    FDCE/C   n/a            0.500         16.666      16.166     SLICE_X57Y40  ublaze_i/mdm_1/U0/MDM_Core_I1/Use_BSCAN.PORT_Selector_1_reg[2]/C
High Pulse Width  Slow    FDCE/C   n/a            0.500         16.666      16.166     SLICE_X57Y40  ublaze_i/mdm_1/U0/MDM_Core_I1/Use_BSCAN.PORT_Selector_1_reg[3]/C
High Pulse Width  Fast    FDCE/C   n/a            0.500         16.666      16.166     SLICE_X56Y40  ublaze_i/mdm_1/U0/MDM_Core_I1/Use_BSCAN.PORT_Selector_reg[0]/C



