15:33:45 **** Incremental Build of configuration Debug for project timer ****
make all 
make: Nothing to be done for 'all'.
15:34:15 **** Incremental Build of configuration Debug for project timer ****
make all 
make: Nothing to be done for 'all'.
15:35:53 **** Auto Build of configuration Debug for project timer ****
make all 
'Building file: ../src/helloworld.c'
'Invoking: MicroBlaze gcc compiler'
mb-gcc -Wall -O0 -g3 -c -fmessage-length=0 -MT"src/helloworld.o" -I../../timer_bsp/microblaze_0/include -mlittle-endian -mcpu=v11.0 -mxl-soft-mul -Wl,--no-relax -ffunction-sections -fdata-sections -MMD -MP -MF"src/helloworld.d" -MT"src/helloworld.o" -o "src/helloworld.o" "../src/helloworld.c"
'Finished building: ../src/helloworld.c'
' '
'Building target: timer.elf'
'Invoking: MicroBlaze gcc linker'
mb-gcc -Wl,-T -Wl,../src/lscript.ld -L../../timer_bsp/microblaze_0/lib -mlittle-endian -mcpu=v11.0 -mxl-soft-mul -Wl,--no-relax -Wl,--gc-sections -o "timer.elf"  ./src/helloworld.o ./src/platform.o   -Wl,--start-group,-lxil,-lgcc,-lc,--end-group
'Finished building target: timer.elf'
' '
'Invoking: MicroBlaze Print Size'
mb-size timer.elf  |tee "timer.elf.size"
   text	   data	    bss	    dec	    hex	filename
  12716	    704	   3316	  16736	   4160	timer.elf
'Finished building: timer.elf.size'
' '
15:36:01 **** Incremental Build of configuration Debug for project timer ****
make all 
make: Nothing to be done for 'all'.
15:37:44 **** Auto Build of configuration Debug for project upgrade_animer_hello ****
make all 
'Building file: ../src/main.c'
'Invoking: MicroBlaze gcc compiler'
mb-gcc -Wall -O0 -g3 -c -fmessage-length=0 -MT"src/main.o" -I../../upgrade_animer_hello_bsp/microblaze_0/include -mlittle-endian -mcpu=v11.0 -mxl-soft-mul -Wl,--no-relax -ffunction-sections -fdata-sections -MMD -MP -MF"src/main.d" -MT"src/main.o" -o "src/main.o" "../src/main.c"
'Finished building: ../src/main.c'
' '
'Building target: upgrade_animer_hello.elf'
'Invoking: MicroBlaze gcc linker'
mb-gcc -Wl,-T -Wl,../src/lscript.ld -L../../upgrade_animer_hello_bsp/microblaze_0/lib -mlittle-endian -mcpu=v11.0 -mxl-soft-mul -Wl,--no-relax -Wl,--gc-sections -o "upgrade_animer_hello.elf"  ./src/main.o ./src/platform.o   -Wl,--start-group,-lxil,-lgcc,-lc,--end-group
'Finished building target: upgrade_animer_hello.elf'
' '
'Invoking: MicroBlaze Print Size'
mb-size upgrade_animer_hello.elf  |tee "upgrade_animer_hello.elf.size"
   text	   data	    bss	    dec	    hex	filename
  12716	    704	   3396	  16816	   41b0	upgrade_animer_hello.elf
'Finished building: upgrade_animer_hello.elf.size'
' '
15:37:54 **** Auto Build of configuration Debug for project upgrade_animer_hello ****
make all 
'Building file: ../src/main.c'
'Invoking: MicroBlaze gcc compiler'
mb-gcc -Wall -O0 -g3 -c -fmessage-length=0 -MT"src/main.o" -I../../upgrade_animer_hello_bsp/microblaze_0/include -mlittle-endian -mcpu=v11.0 -mxl-soft-mul -Wl,--no-relax -ffunction-sections -fdata-sections -MMD -MP -MF"src/main.d" -MT"src/main.o" -o "src/main.o" "../src/main.c"
'Finished building: ../src/main.c'
' '
'Building target: upgrade_animer_hello.elf'
'Invoking: MicroBlaze gcc linker'
mb-gcc -Wl,-T -Wl,../src/lscript.ld -L../../upgrade_animer_hello_bsp/microblaze_0/lib -mlittle-endian -mcpu=v11.0 -mxl-soft-mul -Wl,--no-relax -Wl,--gc-sections -o "upgrade_animer_hello.elf"  ./src/main.o ./src/platform.o   -Wl,--start-group,-lxil,-lgcc,-lc,--end-group
'Finished building target: upgrade_animer_hello.elf'
' '
'Invoking: MicroBlaze Print Size'
mb-size upgrade_animer_hello.elf  |tee "upgrade_animer_hello.elf.size"
   text	   data	    bss	    dec	    hex	filename
  12716	    704	   3396	  16816	   41b0	upgrade_animer_hello.elf
'Finished building: upgrade_animer_hello.elf.size'
' '
15:37:58 **** Auto Build of configuration Debug for project upgrade_animer_hello ****
make all 
'Building file: ../src/main.c'
'Invoking: MicroBlaze gcc compiler'
mb-gcc -Wall -O0 -g3 -c -fmessage-length=0 -MT"src/main.o" -I../../upgrade_animer_hello_bsp/microblaze_0/include -mlittle-endian -mcpu=v11.0 -mxl-soft-mul -Wl,--no-relax -ffunction-sections -fdata-sections -MMD -MP -MF"src/main.d" -MT"src/main.o" -o "src/main.o" "../src/main.c"
'Finished building: ../src/main.c'
' '
'Building target: upgrade_animer_hello.elf'
'Invoking: MicroBlaze gcc linker'
mb-gcc -Wl,-T -Wl,../src/lscript.ld -L../../upgrade_animer_hello_bsp/microblaze_0/lib -mlittle-endian -mcpu=v11.0 -mxl-soft-mul -Wl,--no-relax -Wl,--gc-sections -o "upgrade_animer_hello.elf"  ./src/main.o ./src/platform.o   -Wl,--start-group,-lxil,-lgcc,-lc,--end-group
'Finished building target: upgrade_animer_hello.elf'
' '
'Invoking: MicroBlaze Print Size'
mb-size upgrade_animer_hello.elf  |tee "upgrade_animer_hello.elf.size"
   text	   data	    bss	    dec	    hex	filename
  12716	    704	   3396	  16816	   41b0	upgrade_animer_hello.elf
'Finished building: upgrade_animer_hello.elf.size'
' '
15:38:27 **** Auto Build of configuration Debug for project upgrade_animer_hello ****
make all 
'Building file: ../src/main.c'
'Invoking: MicroBlaze gcc compiler'
mb-gcc -Wall -O0 -g3 -c -fmessage-length=0 -MT"src/main.o" -I../../upgrade_animer_hello_bsp/microblaze_0/include -mlittle-endian -mcpu=v11.0 -mxl-soft-mul -Wl,--no-relax -ffunction-sections -fdata-sections -MMD -MP -MF"src/main.d" -MT"src/main.o" -o "src/main.o" "../src/main.c"
'Finished building: ../src/main.c'
' '
'Building target: upgrade_animer_hello.elf'
'Invoking: MicroBlaze gcc linker'
mb-gcc -Wl,-T -Wl,../src/lscript.ld -L../../upgrade_animer_hello_bsp/microblaze_0/lib -mlittle-endian -mcpu=v11.0 -mxl-soft-mul -Wl,--no-relax -Wl,--gc-sections -o "upgrade_animer_hello.elf"  ./src/main.o ./src/platform.o   -Wl,--start-group,-lxil,-lgcc,-lc,--end-group
'Finished building target: upgrade_animer_hello.elf'
' '
'Invoking: MicroBlaze Print Size'
mb-size upgrade_animer_hello.elf  |tee "upgrade_animer_hello.elf.size"
   text	   data	    bss	    dec	    hex	filename
  12716	    704	   3396	  16816	   41b0	upgrade_animer_hello.elf
'Finished building: upgrade_animer_hello.elf.size'
' '
15:38:36 **** Auto Build of configuration Debug for project upgrade_animer_hello ****
make all 
'Building file: ../src/main.c'
'Invoking: MicroBlaze gcc compiler'
mb-gcc -Wall -O0 -g3 -c -fmessage-length=0 -MT"src/main.o" -I../../upgrade_animer_hello_bsp/microblaze_0/include -mlittle-endian -mcpu=v11.0 -mxl-soft-mul -Wl,--no-relax -ffunction-sections -fdata-sections -MMD -MP -MF"src/main.d" -MT"src/main.o" -o "src/main.o" "../src/main.c"
'Finished building: ../src/main.c'
' '
'Building target: upgrade_animer_hello.elf'
'Invoking: MicroBlaze gcc linker'
mb-gcc -Wl,-T -Wl,../src/lscript.ld -L../../upgrade_animer_hello_bsp/microblaze_0/lib -mlittle-endian -mcpu=v11.0 -mxl-soft-mul -Wl,--no-relax -Wl,--gc-sections -o "upgrade_animer_hello.elf"  ./src/main.o ./src/platform.o   -Wl,--start-group,-lxil,-lgcc,-lc,--end-group
'Finished building target: upgrade_animer_hello.elf'
' '
'Invoking: MicroBlaze Print Size'
mb-size upgrade_animer_hello.elf  |tee "upgrade_animer_hello.elf.size"
   text	   data	    bss	    dec	    hex	filename
  12716	    704	   3396	  16816	   41b0	upgrade_animer_hello.elf
'Finished building: upgrade_animer_hello.elf.size'
' '
15:38:46 **** Auto Build of configuration Debug for project upgrade_animer_hello ****
make all 
'Building file: ../src/main.c'
'Invoking: MicroBlaze gcc compiler'
mb-gcc -Wall -O0 -g3 -c -fmessage-length=0 -MT"src/main.o" -I../../upgrade_animer_hello_bsp/microblaze_0/include -mlittle-endian -mcpu=v11.0 -mxl-soft-mul -Wl,--no-relax -ffunction-sections -fdata-sections -MMD -MP -MF"src/main.d" -MT"src/main.o" -o "src/main.o" "../src/main.c"
'Finished building: ../src/main.c'
' '
'Building target: upgrade_animer_hello.elf'
'Invoking: MicroBlaze gcc linker'
mb-gcc -Wl,-T -Wl,../src/lscript.ld -L../../upgrade_animer_hello_bsp/microblaze_0/lib -mlittle-endian -mcpu=v11.0 -mxl-soft-mul -Wl,--no-relax -Wl,--gc-sections -o "upgrade_animer_hello.elf"  ./src/main.o ./src/platform.o   -Wl,--start-group,-lxil,-lgcc,-lc,--end-group
'Finished building target: upgrade_animer_hello.elf'
' '
'Invoking: MicroBlaze Print Size'
mb-size upgrade_animer_hello.elf  |tee "upgrade_animer_hello.elf.size"
   text	   data	    bss	    dec	    hex	filename
  12716	    704	   3396	  16816	   41b0	upgrade_animer_hello.elf
'Finished building: upgrade_animer_hello.elf.size'
' '
15:39:08 **** Auto Build of configuration Debug for project upgrade_animer_hello ****
make all 
'Building file: ../src/main.c'
'Invoking: MicroBlaze gcc compiler'
mb-gcc -Wall -O0 -g3 -c -fmessage-length=0 -MT"src/main.o" -I../../upgrade_animer_hello_bsp/microblaze_0/include -mlittle-endian -mcpu=v11.0 -mxl-soft-mul -Wl,--no-relax -ffunction-sections -fdata-sections -MMD -MP -MF"src/main.d" -MT"src/main.o" -o "src/main.o" "../src/main.c"
'Finished building: ../src/main.c'
' '
'Building target: upgrade_animer_hello.elf'
'Invoking: MicroBlaze gcc linker'
mb-gcc -Wl,-T -Wl,../src/lscript.ld -L../../upgrade_animer_hello_bsp/microblaze_0/lib -mlittle-endian -mcpu=v11.0 -mxl-soft-mul -Wl,--no-relax -Wl,--gc-sections -o "upgrade_animer_hello.elf"  ./src/main.o ./src/platform.o   -Wl,--start-group,-lxil,-lgcc,-lc,--end-group
'Finished building target: upgrade_animer_hello.elf'
' '
'Invoking: MicroBlaze Print Size'
mb-size upgrade_animer_hello.elf  |tee "upgrade_animer_hello.elf.size"
   text	   data	    bss	    dec	    hex	filename
  12716	    704	   3396	  16816	   41b0	upgrade_animer_hello.elf
'Finished building: upgrade_animer_hello.elf.size'
' '
15:39:14 **** Auto Build of configuration Debug for project upgrade_animer_hello ****
make all 
'Building file: ../src/main.c'
'Invoking: MicroBlaze gcc compiler'
mb-gcc -Wall -O0 -g3 -c -fmessage-length=0 -MT"src/main.o" -I../../upgrade_animer_hello_bsp/microblaze_0/include -mlittle-endian -mcpu=v11.0 -mxl-soft-mul -Wl,--no-relax -ffunction-sections -fdata-sections -MMD -MP -MF"src/main.d" -MT"src/main.o" -o "src/main.o" "../src/main.c"
'Finished building: ../src/main.c'
' '
'Building target: upgrade_animer_hello.elf'
'Invoking: MicroBlaze gcc linker'
mb-gcc -Wl,-T -Wl,../src/lscript.ld -L../../upgrade_animer_hello_bsp/microblaze_0/lib -mlittle-endian -mcpu=v11.0 -mxl-soft-mul -Wl,--no-relax -Wl,--gc-sections -o "upgrade_animer_hello.elf"  ./src/main.o ./src/platform.o   -Wl,--start-group,-lxil,-lgcc,-lc,--end-group
'Finished building target: upgrade_animer_hello.elf'
' '
'Invoking: MicroBlaze Print Size'
mb-size upgrade_animer_hello.elf  |tee "upgrade_animer_hello.elf.size"
   text	   data	    bss	    dec	    hex	filename
  12716	    704	   3396	  16816	   41b0	upgrade_animer_hello.elf
'Finished building: upgrade_animer_hello.elf.size'
' '
15:39:22 **** Auto Build of configuration Debug for project upgrade_animer_hello ****
make all 
'Building file: ../src/main.c'
'Invoking: MicroBlaze gcc compiler'
mb-gcc -Wall -O0 -g3 -c -fmessage-length=0 -MT"src/main.o" -I../../upgrade_animer_hello_bsp/microblaze_0/include -mlittle-endian -mcpu=v11.0 -mxl-soft-mul -Wl,--no-relax -ffunction-sections -fdata-sections -MMD -MP -MF"src/main.d" -MT"src/main.o" -o "src/main.o" "../src/main.c"
'Finished building: ../src/main.c'
' '
'Building target: upgrade_animer_hello.elf'
'Invoking: MicroBlaze gcc linker'
mb-gcc -Wl,-T -Wl,../src/lscript.ld -L../../upgrade_animer_hello_bsp/microblaze_0/lib -mlittle-endian -mcpu=v11.0 -mxl-soft-mul -Wl,--no-relax -Wl,--gc-sections -o "upgrade_animer_hello.elf"  ./src/main.o ./src/platform.o   -Wl,--start-group,-lxil,-lgcc,-lc,--end-group
'Finished building target: upgrade_animer_hello.elf'
' '
'Invoking: MicroBlaze Print Size'
mb-size upgrade_animer_hello.elf  |tee "upgrade_animer_hello.elf.size"
   text	   data	    bss	    dec	    hex	filename
  12716	    704	   3396	  16816	   41b0	upgrade_animer_hello.elf
'Finished building: upgrade_animer_hello.elf.size'
' '
15:39:27 **** Auto Build of configuration Debug for project upgrade_animer_hello ****
make all 
'Building file: ../src/main.c'
'Invoking: MicroBlaze gcc compiler'
mb-gcc -Wall -O0 -g3 -c -fmessage-length=0 -MT"src/main.o" -I../../upgrade_animer_hello_bsp/microblaze_0/include -mlittle-endian -mcpu=v11.0 -mxl-soft-mul -Wl,--no-relax -ffunction-sections -fdata-sections -MMD -MP -MF"src/main.d" -MT"src/main.o" -o "src/main.o" "../src/main.c"
'Finished building: ../src/main.c'
' '
'Building target: upgrade_animer_hello.elf'
'Invoking: MicroBlaze gcc linker'
mb-gcc -Wl,-T -Wl,../src/lscript.ld -L../../upgrade_animer_hello_bsp/microblaze_0/lib -mlittle-endian -mcpu=v11.0 -mxl-soft-mul -Wl,--no-relax -Wl,--gc-sections -o "upgrade_animer_hello.elf"  ./src/main.o ./src/platform.o   -Wl,--start-group,-lxil,-lgcc,-lc,--end-group
'Finished building target: upgrade_animer_hello.elf'
' '
'Invoking: MicroBlaze Print Size'
mb-size upgrade_animer_hello.elf  |tee "upgrade_animer_hello.elf.size"
   text	   data	    bss	    dec	    hex	filename
  12716	    704	   3396	  16816	   41b0	upgrade_animer_hello.elf
'Finished building: upgrade_animer_hello.elf.size'
' '
15:39:48 **** Auto Build of configuration Debug for project upgrade_animer_hello ****
make all 
'Building file: ../src/main.c'
'Invoking: MicroBlaze gcc compiler'
mb-gcc -Wall -O0 -g3 -c -fmessage-length=0 -MT"src/main.o" -I../../upgrade_animer_hello_bsp/microblaze_0/include -mlittle-endian -mcpu=v11.0 -mxl-soft-mul -Wl,--no-relax -ffunction-sections -fdata-sections -MMD -MP -MF"src/main.d" -MT"src/main.o" -o "src/main.o" "../src/main.c"
'Finished building: ../src/main.c'
' '
'Building target: upgrade_animer_hello.elf'
'Invoking: MicroBlaze gcc linker'
mb-gcc -Wl,-T -Wl,../src/lscript.ld -L../../upgrade_animer_hello_bsp/microblaze_0/lib -mlittle-endian -mcpu=v11.0 -mxl-soft-mul -Wl,--no-relax -Wl,--gc-sections -o "upgrade_animer_hello.elf"  ./src/main.o ./src/platform.o   -Wl,--start-group,-lxil,-lgcc,-lc,--end-group
'Finished building target: upgrade_animer_hello.elf'
' '
'Invoking: MicroBlaze Print Size'
mb-size upgrade_animer_hello.elf  |tee "upgrade_animer_hello.elf.size"
   text	   data	    bss	    dec	    hex	filename
  12716	    704	   3396	  16816	   41b0	upgrade_animer_hello.elf
'Finished building: upgrade_animer_hello.elf.size'
' '
15:39:59 **** Auto Build of configuration Debug for project upgrade_animer_hello ****
make all 
'Building file: ../src/main.c'
'Invoking: MicroBlaze gcc compiler'
mb-gcc -Wall -O0 -g3 -c -fmessage-length=0 -MT"src/main.o" -I../../upgrade_animer_hello_bsp/microblaze_0/include -mlittle-endian -mcpu=v11.0 -mxl-soft-mul -Wl,--no-relax -ffunction-sections -fdata-sections -MMD -MP -MF"src/main.d" -MT"src/main.o" -o "src/main.o" "../src/main.c"
'Finished building: ../src/main.c'
' '
'Building target: upgrade_animer_hello.elf'
'Invoking: MicroBlaze gcc linker'
mb-gcc -Wl,-T -Wl,../src/lscript.ld -L../../upgrade_animer_hello_bsp/microblaze_0/lib -mlittle-endian -mcpu=v11.0 -mxl-soft-mul -Wl,--no-relax -Wl,--gc-sections -o "upgrade_animer_hello.elf"  ./src/main.o ./src/platform.o   -Wl,--start-group,-lxil,-lgcc,-lc,--end-group
'Finished building target: upgrade_animer_hello.elf'
' '
'Invoking: MicroBlaze Print Size'
mb-size upgrade_animer_hello.elf  |tee "upgrade_animer_hello.elf.size"
   text	   data	    bss	    dec	    hex	filename
  12716	    704	   3396	  16816	   41b0	upgrade_animer_hello.elf
'Finished building: upgrade_animer_hello.elf.size'
' '
15:40:11 **** Auto Build of configuration Debug for project upgrade_animer_hello ****
make all 
'Building file: ../src/main.c'
'Invoking: MicroBlaze gcc compiler'
mb-gcc -Wall -O0 -g3 -c -fmessage-length=0 -MT"src/main.o" -I../../upgrade_animer_hello_bsp/microblaze_0/include -mlittle-endian -mcpu=v11.0 -mxl-soft-mul -Wl,--no-relax -ffunction-sections -fdata-sections -MMD -MP -MF"src/main.d" -MT"src/main.o" -o "src/main.o" "../src/main.c"
'Finished building: ../src/main.c'
' '
'Building target: upgrade_animer_hello.elf'
'Invoking: MicroBlaze gcc linker'
mb-gcc -Wl,-T -Wl,../src/lscript.ld -L../../upgrade_animer_hello_bsp/microblaze_0/lib -mlittle-endian -mcpu=v11.0 -mxl-soft-mul -Wl,--no-relax -Wl,--gc-sections -o "upgrade_animer_hello.elf"  ./src/main.o ./src/platform.o   -Wl,--start-group,-lxil,-lgcc,-lc,--end-group
'Finished building target: upgrade_animer_hello.elf'
' '
'Invoking: MicroBlaze Print Size'
mb-size upgrade_animer_hello.elf  |tee "upgrade_animer_hello.elf.size"
   text	   data	    bss	    dec	    hex	filename
  12716	    704	   3396	  16816	   41b0	upgrade_animer_hello.elf
'Finished building: upgrade_animer_hello.elf.size'
' '
15:40:43 **** Incremental Build of configuration Debug for project upgrade_animer_hello ****
make all 
make: Nothing to be done for 'all'.
15:42:29 **** Auto Build of configuration Debug for project upgrade_animer_hello ****
make all 
'Building file: ../src/main.c'
'Invoking: MicroBlaze gcc compiler'
mb-gcc -Wall -O0 -g3 -c -fmessage-length=0 -MT"src/main.o" -I../../upgrade_animer_hello_bsp/microblaze_0/include -mlittle-endian -mcpu=v11.0 -mxl-soft-mul -Wl,--no-relax -ffunction-sections -fdata-sections -MMD -MP -MF"src/main.d" -MT"src/main.o" -o "src/main.o" "../src/main.c"
'Finished building: ../src/main.c'
' '
'Building target: upgrade_animer_hello.elf'
'Invoking: MicroBlaze gcc linker'
mb-gcc -Wl,-T -Wl,../src/lscript.ld -L../../upgrade_animer_hello_bsp/microblaze_0/lib -mlittle-endian -mcpu=v11.0 -mxl-soft-mul -Wl,--no-relax -Wl,--gc-sections -o "upgrade_animer_hello.elf"  ./src/main.o ./src/platform.o   -Wl,--start-group,-lxil,-lgcc,-lc,--end-group
'Finished building target: upgrade_animer_hello.elf'
' '
'Invoking: MicroBlaze Print Size'
mb-size upgrade_animer_hello.elf  |tee "upgrade_animer_hello.elf.size"
   text	   data	    bss	    dec	    hex	filename
  12716	    704	   3396	  16816	   41b0	upgrade_animer_hello.elf
'Finished building: upgrade_animer_hello.elf.size'
' '
15:42:46 **** Auto Build of configuration Debug for project upgrade_animer_hello ****
make all 
'Building file: ../src/main.c'
'Invoking: MicroBlaze gcc compiler'
mb-gcc -Wall -O0 -g3 -c -fmessage-length=0 -MT"src/main.o" -I../../upgrade_animer_hello_bsp/microblaze_0/include -mlittle-endian -mcpu=v11.0 -mxl-soft-mul -Wl,--no-relax -ffunction-sections -fdata-sections -MMD -MP -MF"src/main.d" -MT"src/main.o" -o "src/main.o" "../src/main.c"
'Finished building: ../src/main.c'
' '
'Building target: upgrade_animer_hello.elf'
'Invoking: MicroBlaze gcc linker'
mb-gcc -Wl,-T -Wl,../src/lscript.ld -L../../upgrade_animer_hello_bsp/microblaze_0/lib -mlittle-endian -mcpu=v11.0 -mxl-soft-mul -Wl,--no-relax -Wl,--gc-sections -o "upgrade_animer_hello.elf"  ./src/main.o ./src/platform.o   -Wl,--start-group,-lxil,-lgcc,-lc,--end-group
'Finished building target: upgrade_animer_hello.elf'
' '
'Invoking: MicroBlaze Print Size'
mb-size upgrade_animer_hello.elf  |tee "upgrade_animer_hello.elf.size"
   text	   data	    bss	    dec	    hex	filename
  12716	    704	   3396	  16816	   41b0	upgrade_animer_hello.elf
'Finished building: upgrade_animer_hello.elf.size'
' '
15:43:25 **** Auto Build of configuration Debug for project upgrade_animer_hello ****
make all 
'Building file: ../src/main.c'
'Invoking: MicroBlaze gcc compiler'
mb-gcc -Wall -O0 -g3 -c -fmessage-length=0 -MT"src/main.o" -I../../upgrade_animer_hello_bsp/microblaze_0/include -mlittle-endian -mcpu=v11.0 -mxl-soft-mul -Wl,--no-relax -ffunction-sections -fdata-sections -MMD -MP -MF"src/main.d" -MT"src/main.o" -o "src/main.o" "../src/main.c"
'Finished building: ../src/main.c'
' '
'Building target: upgrade_animer_hello.elf'
'Invoking: MicroBlaze gcc linker'
mb-gcc -Wl,-T -Wl,../src/lscript.ld -L../../upgrade_animer_hello_bsp/microblaze_0/lib -mlittle-endian -mcpu=v11.0 -mxl-soft-mul -Wl,--no-relax -Wl,--gc-sections -o "upgrade_animer_hello.elf"  ./src/main.o ./src/platform.o   -Wl,--start-group,-lxil,-lgcc,-lc,--end-group
'Finished building target: upgrade_animer_hello.elf'
' '
'Invoking: MicroBlaze Print Size'
mb-size upgrade_animer_hello.elf  |tee "upgrade_animer_hello.elf.size"
   text	   data	    bss	    dec	    hex	filename
  12716	    704	   3396	  16816	   41b0	upgrade_animer_hello.elf
'Finished building: upgrade_animer_hello.elf.size'
' '
15:43:35 **** Auto Build of configuration Debug for project upgrade_animer_hello ****
make all 
'Building file: ../src/main.c'
'Invoking: MicroBlaze gcc compiler'
mb-gcc -Wall -O0 -g3 -c -fmessage-length=0 -MT"src/main.o" -I../../upgrade_animer_hello_bsp/microblaze_0/include -mlittle-endian -mcpu=v11.0 -mxl-soft-mul -Wl,--no-relax -ffunction-sections -fdata-sections -MMD -MP -MF"src/main.d" -MT"src/main.o" -o "src/main.o" "../src/main.c"
../src/main.c: In function 'Timer_ISR_Handler':
../src/main.c:125:29: error: expected expression before ')' token
   XGpio_DiscreteWrite(&leds,)
                             ^
../src/main.c:125:3: error: too few arguments to function 'XGpio_DiscreteWrite'
   XGpio_DiscreteWrite(&leds,)
   ^~~~~~~~~~~~~~~~~~~
In file included from ../src/main.c:52:
../../upgrade_animer_hello_bsp/microblaze_0/include/xgpio.h:181:6: note: declared here
 void XGpio_DiscreteWrite(XGpio *InstancePtr, unsigned Channel, u32 Mask);
      ^~~~~~~~~~~~~~~~~~~
make: *** [src/subdir.mk:26: src/main.o] Error 1
15:44:08 **** Auto Build of configuration Debug for project upgrade_animer_hello ****
make all 
'Building file: ../src/main.c'
'Invoking: MicroBlaze gcc compiler'
mb-gcc -Wall -O0 -g3 -c -fmessage-length=0 -MT"src/main.o" -I../../upgrade_animer_hello_bsp/microblaze_0/include -mlittle-endian -mcpu=v11.0 -mxl-soft-mul -Wl,--no-relax -ffunction-sections -fdata-sections -MMD -MP -MF"src/main.d" -MT"src/main.o" -o "src/main.o" "../src/main.c"
../src/main.c: In function 'Timer_ISR_Handler':
../src/main.c:125:48: error: expected ')' before '}' token
   XGpio_DiscreteWrite(&leds,(0x1 << (count%16))
                                                ^
                                                )
 }
 ~                                               
../src/main.c:125:3: error: too few arguments to function 'XGpio_DiscreteWrite'
   XGpio_DiscreteWrite(&leds,(0x1 << (count%16))
   ^~~~~~~~~~~~~~~~~~~
In file included from ../src/main.c:52:
../../upgrade_animer_hello_bsp/microblaze_0/include/xgpio.h:181:6: note: declared here
 void XGpio_DiscreteWrite(XGpio *InstancePtr, unsigned Channel, u32 Mask);
      ^~~~~~~~~~~~~~~~~~~
../src/main.c:125:48: error: expected ';' before '}' token
   XGpio_DiscreteWrite(&leds,(0x1 << (count%16))
                                                ^
                                                ;
 }
 ~                                               
make: *** [src/subdir.mk:26: src/main.o] Error 1
15:44:10 **** Auto Build of configuration Debug for project upgrade_animer_hello ****
make all 
'Building file: ../src/main.c'
'Invoking: MicroBlaze gcc compiler'
mb-gcc -Wall -O0 -g3 -c -fmessage-length=0 -MT"src/main.o" -I../../upgrade_animer_hello_bsp/microblaze_0/include -mlittle-endian -mcpu=v11.0 -mxl-soft-mul -Wl,--no-relax -ffunction-sections -fdata-sections -MMD -MP -MF"src/main.d" -MT"src/main.o" -o "src/main.o" "../src/main.c"
../src/main.c: In function 'Timer_ISR_Handler':
../src/main.c:125:48: error: expected ')' before ';' token
   XGpio_DiscreteWrite(&leds,(0x1 << (count%16));
                                                ^
                                                )
../src/main.c:125:3: error: too few arguments to function 'XGpio_DiscreteWrite'
   XGpio_DiscreteWrite(&leds,(0x1 << (count%16));
   ^~~~~~~~~~~~~~~~~~~
In file included from ../src/main.c:52:
../../upgrade_animer_hello_bsp/microblaze_0/include/xgpio.h:181:6: note: declared here
 void XGpio_DiscreteWrite(XGpio *InstancePtr, unsigned Channel, u32 Mask);
      ^~~~~~~~~~~~~~~~~~~
../src/main.c:125:49: error: expected ';' before '}' token
   XGpio_DiscreteWrite(&leds,(0x1 << (count%16));
                                                 ^
                                                 ;
 }
 ~                                                
make: *** [src/subdir.mk:26: src/main.o] Error 1
15:44:21 **** Auto Build of configuration Debug for project upgrade_animer_hello ****
make all 
'Building file: ../src/main.c'
'Invoking: MicroBlaze gcc compiler'
mb-gcc -Wall -O0 -g3 -c -fmessage-length=0 -MT"src/main.o" -I../../upgrade_animer_hello_bsp/microblaze_0/include -mlittle-endian -mcpu=v11.0 -mxl-soft-mul -Wl,--no-relax -ffunction-sections -fdata-sections -MMD -MP -MF"src/main.d" -MT"src/main.o" -o "src/main.o" "../src/main.c"
../src/main.c: In function 'Timer_ISR_Handler':
../src/main.c:125:3: error: too few arguments to function 'XGpio_DiscreteWrite'
   XGpio_DiscreteWrite(&leds,(0x1 << (count%16)));
   ^~~~~~~~~~~~~~~~~~~
In file included from ../src/main.c:52:
../../upgrade_animer_hello_bsp/microblaze_0/include/xgpio.h:181:6: note: declared here
 void XGpio_DiscreteWrite(XGpio *InstancePtr, unsigned Channel, u32 Mask);
      ^~~~~~~~~~~~~~~~~~~
make: *** [src/subdir.mk:26: src/main.o] Error 1
15:44:37 **** Auto Build of configuration Debug for project upgrade_animer_hello ****
make all 
'Building file: ../src/main.c'
'Invoking: MicroBlaze gcc compiler'
mb-gcc -Wall -O0 -g3 -c -fmessage-length=0 -MT"src/main.o" -I../../upgrade_animer_hello_bsp/microblaze_0/include -mlittle-endian -mcpu=v11.0 -mxl-soft-mul -Wl,--no-relax -ffunction-sections -fdata-sections -MMD -MP -MF"src/main.d" -MT"src/main.o" -o "src/main.o" "../src/main.c"
'Finished building: ../src/main.c'
' '
'Building target: upgrade_animer_hello.elf'
'Invoking: MicroBlaze gcc linker'
mb-gcc -Wl,-T -Wl,../src/lscript.ld -L../../upgrade_animer_hello_bsp/microblaze_0/lib -mlittle-endian -mcpu=v11.0 -mxl-soft-mul -Wl,--no-relax -Wl,--gc-sections -o "upgrade_animer_hello.elf"  ./src/main.o ./src/platform.o   -Wl,--start-group,-lxil,-lgcc,-lc,--end-group
'Finished building target: upgrade_animer_hello.elf'
' '
'Invoking: MicroBlaze Print Size'
mb-size upgrade_animer_hello.elf  |tee "upgrade_animer_hello.elf.size"
   text	   data	    bss	    dec	    hex	filename
  13180	    704	   3396	  17280	   4380	upgrade_animer_hello.elf
'Finished building: upgrade_animer_hello.elf.size'
' '
15:45:03 **** Auto Build of configuration Debug for project upgrade_animer_hello ****
make all 
'Building file: ../src/main.c'
'Invoking: MicroBlaze gcc compiler'
mb-gcc -Wall -O0 -g3 -c -fmessage-length=0 -MT"src/main.o" -I../../upgrade_animer_hello_bsp/microblaze_0/include -mlittle-endian -mcpu=v11.0 -mxl-soft-mul -Wl,--no-relax -ffunction-sections -fdata-sections -MMD -MP -MF"src/main.d" -MT"src/main.o" -o "src/main.o" "../src/main.c"
'Finished building: ../src/main.c'
' '
'Building target: upgrade_animer_hello.elf'
'Invoking: MicroBlaze gcc linker'
mb-gcc -Wl,-T -Wl,../src/lscript.ld -L../../upgrade_animer_hello_bsp/microblaze_0/lib -mlittle-endian -mcpu=v11.0 -mxl-soft-mul -Wl,--no-relax -Wl,--gc-sections -o "upgrade_animer_hello.elf"  ./src/main.o ./src/platform.o   -Wl,--start-group,-lxil,-lgcc,-lc,--end-group
'Finished building target: upgrade_animer_hello.elf'
' '
'Invoking: MicroBlaze Print Size'
mb-size upgrade_animer_hello.elf  |tee "upgrade_animer_hello.elf.size"
   text	   data	    bss	    dec	    hex	filename
  13180	    704	   3396	  17280	   4380	upgrade_animer_hello.elf
'Finished building: upgrade_animer_hello.elf.size'
' '
15:45:11 **** Incremental Build of configuration Debug for project upgrade_animer_hello ****
make all 
make: Nothing to be done for 'all'.
15:45:55 **** Auto Build of configuration Debug for project upgrade_animer_hello ****
make all 
'Building file: ../src/main.c'
'Invoking: MicroBlaze gcc compiler'
mb-gcc -Wall -O0 -g3 -c -fmessage-length=0 -MT"src/main.o" -I../../upgrade_animer_hello_bsp/microblaze_0/include -mlittle-endian -mcpu=v11.0 -mxl-soft-mul -Wl,--no-relax -ffunction-sections -fdata-sections -MMD -MP -MF"src/main.d" -MT"src/main.o" -o "src/main.o" "../src/main.c"
../src/main.c: In function 'main':
../src/main.c:130:5: warning: implicit declaration of function 'initGpio'; did you mean 'initGPIO'? [-Wimplicit-function-declaration]
     initGpio();
     ^~~~~~~~
     initGPIO
'Finished building: ../src/main.c'
' '
'Building target: upgrade_animer_hello.elf'
'Invoking: MicroBlaze gcc linker'
mb-gcc -Wl,-T -Wl,../src/lscript.ld -L../../upgrade_animer_hello_bsp/microblaze_0/lib -mlittle-endian -mcpu=v11.0 -mxl-soft-mul -Wl,--no-relax -Wl,--gc-sections -o "upgrade_animer_hello.elf"  ./src/main.o ./src/platform.o   -Wl,--start-group,-lxil,-lgcc,-lc,--end-group
c:/programs/xilinx/sdk/2019.1/gnu/microblaze/nt/bin/../lib/gcc/microblaze-xilinx-elf/8.2.0/../../../../microblaze-xilinx-elf/bin/ld.exe: ./src/main.o: in function `main':
U:\Documents\SoC\TP\TP_ublaze_3IS\TP_ublaze_3IS.sdk\upgrade_animer_hello\Debug/../src/main.c:130: undefined reference to `initGpio'
collect2.exe: error: ld returned 1 exit status
make: *** [makefile:38: upgrade_animer_hello.elf] Error 1
15:45:59 **** Auto Build of configuration Debug for project upgrade_animer_hello ****
make all 
'Building file: ../src/main.c'
'Invoking: MicroBlaze gcc compiler'
mb-gcc -Wall -O0 -g3 -c -fmessage-length=0 -MT"src/main.o" -I../../upgrade_animer_hello_bsp/microblaze_0/include -mlittle-endian -mcpu=v11.0 -mxl-soft-mul -Wl,--no-relax -ffunction-sections -fdata-sections -MMD -MP -MF"src/main.d" -MT"src/main.o" -o "src/main.o" "../src/main.c"
../src/main.c: In function 'main':
../src/main.c:130:5: warning: implicit declaration of function 'initGpios'; did you mean 'initGPIO'? [-Wimplicit-function-declaration]
     initGpios();
     ^~~~~~~~~
     initGPIO
'Finished building: ../src/main.c'
' '
'Building target: upgrade_animer_hello.elf'
'Invoking: MicroBlaze gcc linker'
mb-gcc -Wl,-T -Wl,../src/lscript.ld -L../../upgrade_animer_hello_bsp/microblaze_0/lib -mlittle-endian -mcpu=v11.0 -mxl-soft-mul -Wl,--no-relax -Wl,--gc-sections -o "upgrade_animer_hello.elf"  ./src/main.o ./src/platform.o   -Wl,--start-group,-lxil,-lgcc,-lc,--end-group
c:/programs/xilinx/sdk/2019.1/gnu/microblaze/nt/bin/../lib/gcc/microblaze-xilinx-elf/8.2.0/../../../../microblaze-xilinx-elf/bin/ld.exe: ./src/main.o: in function `main':
U:\Documents\SoC\TP\TP_ublaze_3IS\TP_ublaze_3IS.sdk\upgrade_animer_hello\Debug/../src/main.c:130: undefined reference to `initGpios'
collect2.exe: error: ld returned 1 exit status
make: *** [makefile:38: upgrade_animer_hello.elf] Error 1
15:46:04 **** Auto Build of configuration Debug for project upgrade_animer_hello ****
make all 
'Building file: ../src/main.c'
'Invoking: MicroBlaze gcc compiler'
mb-gcc -Wall -O0 -g3 -c -fmessage-length=0 -MT"src/main.o" -I../../upgrade_animer_hello_bsp/microblaze_0/include -mlittle-endian -mcpu=v11.0 -mxl-soft-mul -Wl,--no-relax -ffunction-sections -fdata-sections -MMD -MP -MF"src/main.d" -MT"src/main.o" -o "src/main.o" "../src/main.c"
'Finished building: ../src/main.c'
' '
'Building target: upgrade_animer_hello.elf'
'Invoking: MicroBlaze gcc linker'
mb-gcc -Wl,-T -Wl,../src/lscript.ld -L../../upgrade_animer_hello_bsp/microblaze_0/lib -mlittle-endian -mcpu=v11.0 -mxl-soft-mul -Wl,--no-relax -Wl,--gc-sections -o "upgrade_animer_hello.elf"  ./src/main.o ./src/platform.o   -Wl,--start-group,-lxil,-lgcc,-lc,--end-group
'Finished building target: upgrade_animer_hello.elf'
' '
'Invoking: MicroBlaze Print Size'
mb-size upgrade_animer_hello.elf  |tee "upgrade_animer_hello.elf.size"
   text	   data	    bss	    dec	    hex	filename
  14084	    752	   3396	  18232	   4738	upgrade_animer_hello.elf
'Finished building: upgrade_animer_hello.elf.size'
' '
15:46:10 **** Incremental Build of configuration Debug for project upgrade_animer_hello ****
make all 
make: Nothing to be done for 'all'.
15:51:29 **** Auto Build of configuration Debug for project upgrade_animer_hello ****
make all 
'Building file: ../src/main.c'
'Invoking: MicroBlaze gcc compiler'
mb-gcc -Wall -O0 -g3 -c -fmessage-length=0 -MT"src/main.o" -I../../upgrade_animer_hello_bsp/microblaze_0/include -mlittle-endian -mcpu=v11.0 -mxl-soft-mul -Wl,--no-relax -ffunction-sections -fdata-sections -MMD -MP -MF"src/main.d" -MT"src/main.o" -o "src/main.o" "../src/main.c"
../src/main.c: In function 'animer_message':
../src/main.c:139:20: error: 'position' undeclared (first use in this function)
     afficher_hello(position);
                    ^~~~~~~~
../src/main.c:139:20: note: each undeclared identifier is reported only once for each function it appears in
make: *** [src/subdir.mk:26: src/main.o] Error 1
15:52:20 **** Auto Build of configuration Debug for project upgrade_animer_hello ****
make all 
'Building file: ../src/main.c'
'Invoking: MicroBlaze gcc compiler'
mb-gcc -Wall -O0 -g3 -c -fmessage-length=0 -MT"src/main.o" -I../../upgrade_animer_hello_bsp/microblaze_0/include -mlittle-endian -mcpu=v11.0 -mxl-soft-mul -Wl,--no-relax -ffunction-sections -fdata-sections -MMD -MP -MF"src/main.d" -MT"src/main.o" -o "src/main.o" "../src/main.c"
'Finished building: ../src/main.c'
' '
'Building target: upgrade_animer_hello.elf'
'Invoking: MicroBlaze gcc linker'
mb-gcc -Wl,-T -Wl,../src/lscript.ld -L../../upgrade_animer_hello_bsp/microblaze_0/lib -mlittle-endian -mcpu=v11.0 -mxl-soft-mul -Wl,--no-relax -Wl,--gc-sections -o "upgrade_animer_hello.elf"  ./src/main.o ./src/platform.o   -Wl,--start-group,-lxil,-lgcc,-lc,--end-group
'Finished building target: upgrade_animer_hello.elf'
' '
'Invoking: MicroBlaze Print Size'
mb-size upgrade_animer_hello.elf  |tee "upgrade_animer_hello.elf.size"
   text	   data	    bss	    dec	    hex	filename
  14084	    752	   3396	  18232	   4738	upgrade_animer_hello.elf
'Finished building: upgrade_animer_hello.elf.size'
' '
15:52:36 **** Auto Build of configuration Debug for project upgrade_animer_hello ****
make all 
'Building file: ../src/main.c'
'Invoking: MicroBlaze gcc compiler'
mb-gcc -Wall -O0 -g3 -c -fmessage-length=0 -MT"src/main.o" -I../../upgrade_animer_hello_bsp/microblaze_0/include -mlittle-endian -mcpu=v11.0 -mxl-soft-mul -Wl,--no-relax -ffunction-sections -fdata-sections -MMD -MP -MF"src/main.d" -MT"src/main.o" -o "src/main.o" "../src/main.c"
'Finished building: ../src/main.c'
' '
'Building target: upgrade_animer_hello.elf'
'Invoking: MicroBlaze gcc linker'
mb-gcc -Wl,-T -Wl,../src/lscript.ld -L../../upgrade_animer_hello_bsp/microblaze_0/lib -mlittle-endian -mcpu=v11.0 -mxl-soft-mul -Wl,--no-relax -Wl,--gc-sections -o "upgrade_animer_hello.elf"  ./src/main.o ./src/platform.o   -Wl,--start-group,-lxil,-lgcc,-lc,--end-group
'Finished building target: upgrade_animer_hello.elf'
' '
'Invoking: MicroBlaze Print Size'
mb-size upgrade_animer_hello.elf  |tee "upgrade_animer_hello.elf.size"
   text	   data	    bss	    dec	    hex	filename
  14688	    800	   3392	  18880	   49c0	upgrade_animer_hello.elf
'Finished building: upgrade_animer_hello.elf.size'
' '
15:53:05 **** Auto Build of configuration Debug for project upgrade_animer_hello ****
make all 
'Building file: ../src/main.c'
'Invoking: MicroBlaze gcc compiler'
mb-gcc -Wall -O0 -g3 -c -fmessage-length=0 -MT"src/main.o" -I../../upgrade_animer_hello_bsp/microblaze_0/include -mlittle-endian -mcpu=v11.0 -mxl-soft-mul -Wl,--no-relax -ffunction-sections -fdata-sections -MMD -MP -MF"src/main.d" -MT"src/main.o" -o "src/main.o" "../src/main.c"
'Finished building: ../src/main.c'
' '
'Building target: upgrade_animer_hello.elf'
'Invoking: MicroBlaze gcc linker'
mb-gcc -Wl,-T -Wl,../src/lscript.ld -L../../upgrade_animer_hello_bsp/microblaze_0/lib -mlittle-endian -mcpu=v11.0 -mxl-soft-mul -Wl,--no-relax -Wl,--gc-sections -o "upgrade_animer_hello.elf"  ./src/main.o ./src/platform.o   -Wl,--start-group,-lxil,-lgcc,-lc,--end-group
'Finished building target: upgrade_animer_hello.elf'
' '
'Invoking: MicroBlaze Print Size'
mb-size upgrade_animer_hello.elf  |tee "upgrade_animer_hello.elf.size"
   text	   data	    bss	    dec	    hex	filename
  14640	    800	   3392	  18832	   4990	upgrade_animer_hello.elf
'Finished building: upgrade_animer_hello.elf.size'
' '
15:53:26 **** Incremental Build of configuration Debug for project upgrade_animer_hello ****
make all 
make: Nothing to be done for 'all'.
15:53:42 **** Auto Build of configuration Debug for project upgrade_animer_hello ****
make all 
'Building file: ../src/main.c'
'Invoking: MicroBlaze gcc compiler'
mb-gcc -Wall -O0 -g3 -c -fmessage-length=0 -MT"src/main.o" -I../../upgrade_animer_hello_bsp/microblaze_0/include -mlittle-endian -mcpu=v11.0 -mxl-soft-mul -Wl,--no-relax -ffunction-sections -fdata-sections -MMD -MP -MF"src/main.d" -MT"src/main.o" -o "src/main.o" "../src/main.c"
'Finished building: ../src/main.c'
' '
'Building target: upgrade_animer_hello.elf'
'Invoking: MicroBlaze gcc linker'
mb-gcc -Wl,-T -Wl,../src/lscript.ld -L../../upgrade_animer_hello_bsp/microblaze_0/lib -mlittle-endian -mcpu=v11.0 -mxl-soft-mul -Wl,--no-relax -Wl,--gc-sections -o "upgrade_animer_hello.elf"  ./src/main.o ./src/platform.o   -Wl,--start-group,-lxil,-lgcc,-lc,--end-group
'Finished building target: upgrade_animer_hello.elf'
' '
'Invoking: MicroBlaze Print Size'
mb-size upgrade_animer_hello.elf  |tee "upgrade_animer_hello.elf.size"
   text	   data	    bss	    dec	    hex	filename
  14640	    800	   3392	  18832	   4990	upgrade_animer_hello.elf
'Finished building: upgrade_animer_hello.elf.size'
' '
15:53:56 **** Incremental Build of configuration Debug for project upgrade_animer_hello ****
make all 
make: Nothing to be done for 'all'.
15:54:36 **** Auto Build of configuration Debug for project upgrade_animer_hello ****
make all 
'Building file: ../src/main.c'
'Invoking: MicroBlaze gcc compiler'
mb-gcc -Wall -O0 -g3 -c -fmessage-length=0 -MT"src/main.o" -I../../upgrade_animer_hello_bsp/microblaze_0/include -mlittle-endian -mcpu=v11.0 -mxl-soft-mul -Wl,--no-relax -ffunction-sections -fdata-sections -MMD -MP -MF"src/main.d" -MT"src/main.o" -o "src/main.o" "../src/main.c"
'Finished building: ../src/main.c'
' '
'Building target: upgrade_animer_hello.elf'
'Invoking: MicroBlaze gcc linker'
mb-gcc -Wl,-T -Wl,../src/lscript.ld -L../../upgrade_animer_hello_bsp/microblaze_0/lib -mlittle-endian -mcpu=v11.0 -mxl-soft-mul -Wl,--no-relax -Wl,--gc-sections -o "upgrade_animer_hello.elf"  ./src/main.o ./src/platform.o   -Wl,--start-group,-lxil,-lgcc,-lc,--end-group
'Finished building target: upgrade_animer_hello.elf'
' '
'Invoking: MicroBlaze Print Size'
mb-size upgrade_animer_hello.elf  |tee "upgrade_animer_hello.elf.size"
   text	   data	    bss	    dec	    hex	filename
  14640	    800	   3392	  18832	   4990	upgrade_animer_hello.elf
'Finished building: upgrade_animer_hello.elf.size'
' '
15:55:47 **** Auto Build of configuration Debug for project upgrade_animer_hello ****
make all 
'Building file: ../src/main.c'
'Invoking: MicroBlaze gcc compiler'
mb-gcc -Wall -O0 -g3 -c -fmessage-length=0 -MT"src/main.o" -I../../upgrade_animer_hello_bsp/microblaze_0/include -mlittle-endian -mcpu=v11.0 -mxl-soft-mul -Wl,--no-relax -ffunction-sections -fdata-sections -MMD -MP -MF"src/main.d" -MT"src/main.o" -o "src/main.o" "../src/main.c"
'Finished building: ../src/main.c'
' '
'Building target: upgrade_animer_hello.elf'
'Invoking: MicroBlaze gcc linker'
mb-gcc -Wl,-T -Wl,../src/lscript.ld -L../../upgrade_animer_hello_bsp/microblaze_0/lib -mlittle-endian -mcpu=v11.0 -mxl-soft-mul -Wl,--no-relax -Wl,--gc-sections -o "upgrade_animer_hello.elf"  ./src/main.o ./src/platform.o   -Wl,--start-group,-lxil,-lgcc,-lc,--end-group
'Finished building target: upgrade_animer_hello.elf'
' '
'Invoking: MicroBlaze Print Size'
mb-size upgrade_animer_hello.elf  |tee "upgrade_animer_hello.elf.size"
   text	   data	    bss	    dec	    hex	filename
  14640	    800	   3392	  18832	   4990	upgrade_animer_hello.elf
'Finished building: upgrade_animer_hello.elf.size'
' '
15:56:29 **** Auto Build of configuration Debug for project upgrade_animer_hello ****
make all 
'Building file: ../src/main.c'
'Invoking: MicroBlaze gcc compiler'
mb-gcc -Wall -O0 -g3 -c -fmessage-length=0 -MT"src/main.o" -I../../upgrade_animer_hello_bsp/microblaze_0/include -mlittle-endian -mcpu=v11.0 -mxl-soft-mul -Wl,--no-relax -ffunction-sections -fdata-sections -MMD -MP -MF"src/main.d" -MT"src/main.o" -o "src/main.o" "../src/main.c"
../src/main.c: In function 'animer_message':
../src/main.c:140:28: error: 'i' undeclared (first use in this function)
   int position = (sens==0)?i:12-i
                            ^
../src/main.c:140:28: note: each undeclared identifier is reported only once for each function it appears in
../src/main.c:141:4: error: expected ',' or ';' before 'afficher_hello'
    afficher_hello(position);
    ^~~~~~~~~~~~~~
../src/main.c:140:7: warning: unused variable 'position' [-Wunused-variable]
   int position = (sens==0)?i:12-i
       ^~~~~~~~
make: *** [src/subdir.mk:26: src/main.o] Error 1
15:57:19 **** Auto Build of configuration Debug for project upgrade_animer_hello ****
make all 
'Building file: ../src/main.c'
'Invoking: MicroBlaze gcc compiler'
mb-gcc -Wall -O0 -g3 -c -fmessage-length=0 -MT"src/main.o" -I../../upgrade_animer_hello_bsp/microblaze_0/include -mlittle-endian -mcpu=v11.0 -mxl-soft-mul -Wl,--no-relax -ffunction-sections -fdata-sections -MMD -MP -MF"src/main.d" -MT"src/main.o" -o "src/main.o" "../src/main.c"
'Finished building: ../src/main.c'
' '
'Building target: upgrade_animer_hello.elf'
'Invoking: MicroBlaze gcc linker'
mb-gcc -Wl,-T -Wl,../src/lscript.ld -L../../upgrade_animer_hello_bsp/microblaze_0/lib -mlittle-endian -mcpu=v11.0 -mxl-soft-mul -Wl,--no-relax -Wl,--gc-sections -o "upgrade_animer_hello.elf"  ./src/main.o ./src/platform.o   -Wl,--start-group,-lxil,-lgcc,-lc,--end-group
'Finished building target: upgrade_animer_hello.elf'
' '
'Invoking: MicroBlaze Print Size'
mb-size upgrade_animer_hello.elf  |tee "upgrade_animer_hello.elf.size"
   text	   data	    bss	    dec	    hex	filename
  14288	    800	   3392	  18480	   4830	upgrade_animer_hello.elf
'Finished building: upgrade_animer_hello.elf.size'
' '
15:57:28 **** Incremental Build of configuration Debug for project upgrade_animer_hello ****
make all 
make: Nothing to be done for 'all'.
15:58:50 **** Auto Build of configuration Debug for project upgrade_animer_hello ****
make all 
'Building file: ../src/main.c'
'Invoking: MicroBlaze gcc compiler'
mb-gcc -Wall -O0 -g3 -c -fmessage-length=0 -MT"src/main.o" -I../../upgrade_animer_hello_bsp/microblaze_0/include -mlittle-endian -mcpu=v11.0 -mxl-soft-mul -Wl,--no-relax -ffunction-sections -fdata-sections -MMD -MP -MF"src/main.d" -MT"src/main.o" -o "src/main.o" "../src/main.c"
../src/main.c: In function 'animer_message':
../src/main.c:139:8: warning: unused variable 'position' [-Wunused-variable]
    int position = (sens==0)?count%12:12-(count%12);
        ^~~~~~~~
'Finished building: ../src/main.c'
' '
'Building target: upgrade_animer_hello.elf'
'Invoking: MicroBlaze gcc linker'
mb-gcc -Wl,-T -Wl,../src/lscript.ld -L../../upgrade_animer_hello_bsp/microblaze_0/lib -mlittle-endian -mcpu=v11.0 -mxl-soft-mul -Wl,--no-relax -Wl,--gc-sections -o "upgrade_animer_hello.elf"  ./src/main.o ./src/platform.o   -Wl,--start-group,-lxil,-lgcc,-lc,--end-group
'Finished building target: upgrade_animer_hello.elf'
' '
'Invoking: MicroBlaze Print Size'
mb-size upgrade_animer_hello.elf  |tee "upgrade_animer_hello.elf.size"
   text	   data	    bss	    dec	    hex	filename
  14368	    800	   3392	  18560	   4880	upgrade_animer_hello.elf
'Finished building: upgrade_animer_hello.elf.size'
' '
15:59:00 **** Incremental Build of configuration Debug for project upgrade_animer_hello ****
make all 
make: Nothing to be done for 'all'.
15:59:10 **** Auto Build of configuration Debug for project upgrade_animer_hello ****
make all 
'Building file: ../src/main.c'
'Invoking: MicroBlaze gcc compiler'
mb-gcc -Wall -O0 -g3 -c -fmessage-length=0 -MT"src/main.o" -I../../upgrade_animer_hello_bsp/microblaze_0/include -mlittle-endian -mcpu=v11.0 -mxl-soft-mul -Wl,--no-relax -ffunction-sections -fdata-sections -MMD -MP -MF"src/main.d" -MT"src/main.o" -o "src/main.o" "../src/main.c"
../src/main.c: In function 'animer_message':
../src/main.c:139:8: warning: unused variable 'position' [-Wunused-variable]
    int position = (sens==0)?count%12:12-(count%12);
        ^~~~~~~~
'Finished building: ../src/main.c'
' '
'Building target: upgrade_animer_hello.elf'
'Invoking: MicroBlaze gcc linker'
mb-gcc -Wl,-T -Wl,../src/lscript.ld -L../../upgrade_animer_hello_bsp/microblaze_0/lib -mlittle-endian -mcpu=v11.0 -mxl-soft-mul -Wl,--no-relax -Wl,--gc-sections -o "upgrade_animer_hello.elf"  ./src/main.o ./src/platform.o   -Wl,--start-group,-lxil,-lgcc,-lc,--end-group
'Finished building target: upgrade_animer_hello.elf'
' '
'Invoking: MicroBlaze Print Size'
mb-size upgrade_animer_hello.elf  |tee "upgrade_animer_hello.elf.size"
   text	   data	    bss	    dec	    hex	filename
  14368	    800	   3392	  18560	   4880	upgrade_animer_hello.elf
'Finished building: upgrade_animer_hello.elf.size'
' '
15:59:16 **** Incremental Build of configuration Debug for project upgrade_animer_hello ****
make all 
make: Nothing to be done for 'all'.
16:00:14 **** Auto Build of configuration Debug for project upgrade_animer_hello ****
make all 
'Building file: ../src/main.c'
'Invoking: MicroBlaze gcc compiler'
mb-gcc -Wall -O0 -g3 -c -fmessage-length=0 -MT"src/main.o" -I../../upgrade_animer_hello_bsp/microblaze_0/include -mlittle-endian -mcpu=v11.0 -mxl-soft-mul -Wl,--no-relax -ffunction-sections -fdata-sections -MMD -MP -MF"src/main.d" -MT"src/main.o" -o "src/main.o" "../src/main.c"
'Finished building: ../src/main.c'
' '
'Building target: upgrade_animer_hello.elf'
'Invoking: MicroBlaze gcc linker'
mb-gcc -Wl,-T -Wl,../src/lscript.ld -L../../upgrade_animer_hello_bsp/microblaze_0/lib -mlittle-endian -mcpu=v11.0 -mxl-soft-mul -Wl,--no-relax -Wl,--gc-sections -o "upgrade_animer_hello.elf"  ./src/main.o ./src/platform.o   -Wl,--start-group,-lxil,-lgcc,-lc,--end-group
'Finished building target: upgrade_animer_hello.elf'
' '
'Invoking: MicroBlaze Print Size'
mb-size upgrade_animer_hello.elf  |tee "upgrade_animer_hello.elf.size"
   text	   data	    bss	    dec	    hex	filename
  14360	    800	   3392	  18552	   4878	upgrade_animer_hello.elf
'Finished building: upgrade_animer_hello.elf.size'
' '
16:00:21 **** Auto Build of configuration Debug for project upgrade_animer_hello ****
make all 
'Building file: ../src/main.c'
'Invoking: MicroBlaze gcc compiler'
mb-gcc -Wall -O0 -g3 -c -fmessage-length=0 -MT"src/main.o" -I../../upgrade_animer_hello_bsp/microblaze_0/include -mlittle-endian -mcpu=v11.0 -mxl-soft-mul -Wl,--no-relax -ffunction-sections -fdata-sections -MMD -MP -MF"src/main.d" -MT"src/main.o" -o "src/main.o" "../src/main.c"
'Finished building: ../src/main.c'
' '
'Building target: upgrade_animer_hello.elf'
'Invoking: MicroBlaze gcc linker'
mb-gcc -Wl,-T -Wl,../src/lscript.ld -L../../upgrade_animer_hello_bsp/microblaze_0/lib -mlittle-endian -mcpu=v11.0 -mxl-soft-mul -Wl,--no-relax -Wl,--gc-sections -o "upgrade_animer_hello.elf"  ./src/main.o ./src/platform.o   -Wl,--start-group,-lxil,-lgcc,-lc,--end-group
'Finished building target: upgrade_animer_hello.elf'
' '
'Invoking: MicroBlaze Print Size'
mb-size upgrade_animer_hello.elf  |tee "upgrade_animer_hello.elf.size"
   text	   data	    bss	    dec	    hex	filename
  14360	    800	   3392	  18552	   4878	upgrade_animer_hello.elf
'Finished building: upgrade_animer_hello.elf.size'
' '
16:00:29 **** Incremental Build of configuration Debug for project upgrade_animer_hello ****
make all 
make: Nothing to be done for 'all'.
16:01:02 **** Auto Build of configuration Debug for project upgrade_animer_hello ****
make all 
'Building file: ../src/main.c'
'Invoking: MicroBlaze gcc compiler'
mb-gcc -Wall -O0 -g3 -c -fmessage-length=0 -MT"src/main.o" -I../../upgrade_animer_hello_bsp/microblaze_0/include -mlittle-endian -mcpu=v11.0 -mxl-soft-mul -Wl,--no-relax -ffunction-sections -fdata-sections -MMD -MP -MF"src/main.d" -MT"src/main.o" -o "src/main.o" "../src/main.c"
'Finished building: ../src/main.c'
' '
'Building target: upgrade_animer_hello.elf'
'Invoking: MicroBlaze gcc linker'
mb-gcc -Wl,-T -Wl,../src/lscript.ld -L../../upgrade_animer_hello_bsp/microblaze_0/lib -mlittle-endian -mcpu=v11.0 -mxl-soft-mul -Wl,--no-relax -Wl,--gc-sections -o "upgrade_animer_hello.elf"  ./src/main.o ./src/platform.o   -Wl,--start-group,-lxil,-lgcc,-lc,--end-group
'Finished building target: upgrade_animer_hello.elf'
' '
'Invoking: MicroBlaze Print Size'
mb-size upgrade_animer_hello.elf  |tee "upgrade_animer_hello.elf.size"
   text	   data	    bss	    dec	    hex	filename
  14360	    800	   3392	  18552	   4878	upgrade_animer_hello.elf
'Finished building: upgrade_animer_hello.elf.size'
' '
16:01:18 **** Auto Build of configuration Debug for project upgrade_animer_hello ****
make all 
'Building file: ../src/main.c'
'Invoking: MicroBlaze gcc compiler'
mb-gcc -Wall -O0 -g3 -c -fmessage-length=0 -MT"src/main.o" -I../../upgrade_animer_hello_bsp/microblaze_0/include -mlittle-endian -mcpu=v11.0 -mxl-soft-mul -Wl,--no-relax -ffunction-sections -fdata-sections -MMD -MP -MF"src/main.d" -MT"src/main.o" -o "src/main.o" "../src/main.c"
'Finished building: ../src/main.c'
' '
'Building target: upgrade_animer_hello.elf'
'Invoking: MicroBlaze gcc linker'
mb-gcc -Wl,-T -Wl,../src/lscript.ld -L../../upgrade_animer_hello_bsp/microblaze_0/lib -mlittle-endian -mcpu=v11.0 -mxl-soft-mul -Wl,--no-relax -Wl,--gc-sections -o "upgrade_animer_hello.elf"  ./src/main.o ./src/platform.o   -Wl,--start-group,-lxil,-lgcc,-lc,--end-group
'Finished building target: upgrade_animer_hello.elf'
' '
'Invoking: MicroBlaze Print Size'
mb-size upgrade_animer_hello.elf  |tee "upgrade_animer_hello.elf.size"
   text	   data	    bss	    dec	    hex	filename
  14360	    800	   3392	  18552	   4878	upgrade_animer_hello.elf
'Finished building: upgrade_animer_hello.elf.size'
' '
16:01:23 **** Auto Build of configuration Debug for project upgrade_animer_hello ****
make all 
'Building file: ../src/main.c'
'Invoking: MicroBlaze gcc compiler'
mb-gcc -Wall -O0 -g3 -c -fmessage-length=0 -MT"src/main.o" -I../../upgrade_animer_hello_bsp/microblaze_0/include -mlittle-endian -mcpu=v11.0 -mxl-soft-mul -Wl,--no-relax -ffunction-sections -fdata-sections -MMD -MP -MF"src/main.d" -MT"src/main.o" -o "src/main.o" "../src/main.c"
'Finished building: ../src/main.c'
' '
'Building target: upgrade_animer_hello.elf'
'Invoking: MicroBlaze gcc linker'
mb-gcc -Wl,-T -Wl,../src/lscript.ld -L../../upgrade_animer_hello_bsp/microblaze_0/lib -mlittle-endian -mcpu=v11.0 -mxl-soft-mul -Wl,--no-relax -Wl,--gc-sections -o "upgrade_animer_hello.elf"  ./src/main.o ./src/platform.o   -Wl,--start-group,-lxil,-lgcc,-lc,--end-group
'Finished building target: upgrade_animer_hello.elf'
' '
'Invoking: MicroBlaze Print Size'
mb-size upgrade_animer_hello.elf  |tee "upgrade_animer_hello.elf.size"
   text	   data	    bss	    dec	    hex	filename
  14360	    800	   3392	  18552	   4878	upgrade_animer_hello.elf
'Finished building: upgrade_animer_hello.elf.size'
' '
16:03:54 **** Auto Build of configuration Debug for project upgrade_animer_hello ****
make all 
'Building file: ../src/main.c'
'Invoking: MicroBlaze gcc compiler'
mb-gcc -Wall -O0 -g3 -c -fmessage-length=0 -MT"src/main.o" -I../../upgrade_animer_hello_bsp/microblaze_0/include -mlittle-endian -mcpu=v11.0 -mxl-soft-mul -Wl,--no-relax -ffunction-sections -fdata-sections -MMD -MP -MF"src/main.d" -MT"src/main.o" -o "src/main.o" "../src/main.c"
../src/main.c: In function 'update_speed':
../src/main.c:145:11: warning: unused variable 'i' [-Wunused-variable]
  uint32_t i = XGpio_DiscreteRead(&switches,2);
           ^
'Finished building: ../src/main.c'
' '
'Building target: upgrade_animer_hello.elf'
'Invoking: MicroBlaze gcc linker'
mb-gcc -Wl,-T -Wl,../src/lscript.ld -L../../upgrade_animer_hello_bsp/microblaze_0/lib -mlittle-endian -mcpu=v11.0 -mxl-soft-mul -Wl,--no-relax -Wl,--gc-sections -o "upgrade_animer_hello.elf"  ./src/main.o ./src/platform.o   -Wl,--start-group,-lxil,-lgcc,-lc,--end-group
'Finished building target: upgrade_animer_hello.elf'
' '
'Invoking: MicroBlaze Print Size'
mb-size upgrade_animer_hello.elf  |tee "upgrade_animer_hello.elf.size"
   text	   data	    bss	    dec	    hex	filename
  14360	    800	   3392	  18552	   4878	upgrade_animer_hello.elf
'Finished building: upgrade_animer_hello.elf.size'
' '
16:04:01 **** Auto Build of configuration Debug for project upgrade_animer_hello ****
make all 
'Building file: ../src/main.c'
'Invoking: MicroBlaze gcc compiler'
mb-gcc -Wall -O0 -g3 -c -fmessage-length=0 -MT"src/main.o" -I../../upgrade_animer_hello_bsp/microblaze_0/include -mlittle-endian -mcpu=v11.0 -mxl-soft-mul -Wl,--no-relax -ffunction-sections -fdata-sections -MMD -MP -MF"src/main.d" -MT"src/main.o" -o "src/main.o" "../src/main.c"
../src/main.c: In function 'update_speed':
../src/main.c:145:11: warning: unused variable 'i' [-Wunused-variable]
  uint32_t i = XGpio_DiscreteRead(&switches,2);
           ^
'Finished building: ../src/main.c'
' '
'Building target: upgrade_animer_hello.elf'
'Invoking: MicroBlaze gcc linker'
mb-gcc -Wl,-T -Wl,../src/lscript.ld -L../../upgrade_animer_hello_bsp/microblaze_0/lib -mlittle-endian -mcpu=v11.0 -mxl-soft-mul -Wl,--no-relax -Wl,--gc-sections -o "upgrade_animer_hello.elf"  ./src/main.o ./src/platform.o   -Wl,--start-group,-lxil,-lgcc,-lc,--end-group
'Finished building target: upgrade_animer_hello.elf'
' '
'Invoking: MicroBlaze Print Size'
mb-size upgrade_animer_hello.elf  |tee "upgrade_animer_hello.elf.size"
   text	   data	    bss	    dec	    hex	filename
  14360	    800	   3392	  18552	   4878	upgrade_animer_hello.elf
'Finished building: upgrade_animer_hello.elf.size'
' '
16:04:05 **** Auto Build of configuration Debug for project upgrade_animer_hello ****
make all 
'Building file: ../src/main.c'
'Invoking: MicroBlaze gcc compiler'
mb-gcc -Wall -O0 -g3 -c -fmessage-length=0 -MT"src/main.o" -I../../upgrade_animer_hello_bsp/microblaze_0/include -mlittle-endian -mcpu=v11.0 -mxl-soft-mul -Wl,--no-relax -ffunction-sections -fdata-sections -MMD -MP -MF"src/main.d" -MT"src/main.o" -o "src/main.o" "../src/main.c"
../src/main.c: In function 'update_speed':
../src/main.c:145:11: warning: unused variable 'i' [-Wunused-variable]
  uint32_t i = XGpio_DiscreteRead(&switches,2);
           ^
'Finished building: ../src/main.c'
' '
'Building target: upgrade_animer_hello.elf'
'Invoking: MicroBlaze gcc linker'
mb-gcc -Wl,-T -Wl,../src/lscript.ld -L../../upgrade_animer_hello_bsp/microblaze_0/lib -mlittle-endian -mcpu=v11.0 -mxl-soft-mul -Wl,--no-relax -Wl,--gc-sections -o "upgrade_animer_hello.elf"  ./src/main.o ./src/platform.o   -Wl,--start-group,-lxil,-lgcc,-lc,--end-group
'Finished building target: upgrade_animer_hello.elf'
' '
'Invoking: MicroBlaze Print Size'
mb-size upgrade_animer_hello.elf  |tee "upgrade_animer_hello.elf.size"
   text	   data	    bss	    dec	    hex	filename
  14360	    800	   3392	  18552	   4878	upgrade_animer_hello.elf
'Finished building: upgrade_animer_hello.elf.size'
' '
16:05:05 **** Auto Build of configuration Debug for project upgrade_animer_hello ****
make all 
'Building file: ../src/main.c'
'Invoking: MicroBlaze gcc compiler'
mb-gcc -Wall -O0 -g3 -c -fmessage-length=0 -MT"src/main.o" -I../../upgrade_animer_hello_bsp/microblaze_0/include -mlittle-endian -mcpu=v11.0 -mxl-soft-mul -Wl,--no-relax -ffunction-sections -fdata-sections -MMD -MP -MF"src/main.d" -MT"src/main.o" -o "src/main.o" "../src/main.c"
../src/main.c: In function 'update_speed':
../src/main.c:145:11: warning: unused variable 'i' [-Wunused-variable]
  uint32_t i = XGpio_DiscreteRead(&switches,2);
           ^
'Finished building: ../src/main.c'
' '
'Building target: upgrade_animer_hello.elf'
'Invoking: MicroBlaze gcc linker'
mb-gcc -Wl,-T -Wl,../src/lscript.ld -L../../upgrade_animer_hello_bsp/microblaze_0/lib -mlittle-endian -mcpu=v11.0 -mxl-soft-mul -Wl,--no-relax -Wl,--gc-sections -o "upgrade_animer_hello.elf"  ./src/main.o ./src/platform.o   -Wl,--start-group,-lxil,-lgcc,-lc,--end-group
'Finished building target: upgrade_animer_hello.elf'
' '
'Invoking: MicroBlaze Print Size'
mb-size upgrade_animer_hello.elf  |tee "upgrade_animer_hello.elf.size"
   text	   data	    bss	    dec	    hex	filename
  14360	    800	   3392	  18552	   4878	upgrade_animer_hello.elf
'Finished building: upgrade_animer_hello.elf.size'
' '
16:05:33 **** Auto Build of configuration Debug for project upgrade_animer_hello ****
make all 
'Building file: ../src/main.c'
'Invoking: MicroBlaze gcc compiler'
mb-gcc -Wall -O0 -g3 -c -fmessage-length=0 -MT"src/main.o" -I../../upgrade_animer_hello_bsp/microblaze_0/include -mlittle-endian -mcpu=v11.0 -mxl-soft-mul -Wl,--no-relax -ffunction-sections -fdata-sections -MMD -MP -MF"src/main.d" -MT"src/main.o" -o "src/main.o" "../src/main.c"
../src/main.c: In function 'update_speed':
../src/main.c:146:11: warning: unused variable 'divider' [-Wunused-variable]
  uint32_t divider = i & 0xf;
           ^~~~~~~
'Finished building: ../src/main.c'
' '
'Building target: upgrade_animer_hello.elf'
'Invoking: MicroBlaze gcc linker'
mb-gcc -Wl,-T -Wl,../src/lscript.ld -L../../upgrade_animer_hello_bsp/microblaze_0/lib -mlittle-endian -mcpu=v11.0 -mxl-soft-mul -Wl,--no-relax -Wl,--gc-sections -o "upgrade_animer_hello.elf"  ./src/main.o ./src/platform.o   -Wl,--start-group,-lxil,-lgcc,-lc,--end-group
'Finished building target: upgrade_animer_hello.elf'
' '
'Invoking: MicroBlaze Print Size'
mb-size upgrade_animer_hello.elf  |tee "upgrade_animer_hello.elf.size"
   text	   data	    bss	    dec	    hex	filename
  14360	    800	   3392	  18552	   4878	upgrade_animer_hello.elf
'Finished building: upgrade_animer_hello.elf.size'
' '
16:06:23 **** Auto Build of configuration Debug for project upgrade_animer_hello ****
make all 
'Building file: ../src/main.c'
'Invoking: MicroBlaze gcc compiler'
mb-gcc -Wall -O0 -g3 -c -fmessage-length=0 -MT"src/main.o" -I../../upgrade_animer_hello_bsp/microblaze_0/include -mlittle-endian -mcpu=v11.0 -mxl-soft-mul -Wl,--no-relax -ffunction-sections -fdata-sections -MMD -MP -MF"src/main.d" -MT"src/main.o" -o "src/main.o" "../src/main.c"
../src/main.c: In function 'update_speed':
../src/main.c:146:5: error: expected '(' before 'i'
  if i == 0;
     ^
     (
../src/main.c:146:5: warning: statement with no effect [-Wunused-value]
../src/main.c:148:11: warning: unused variable 'divider' [-Wunused-variable]
  uint32_t divider = i & 0xf;
           ^~~~~~~
make: *** [src/subdir.mk:26: src/main.o] Error 1
16:06:31 **** Auto Build of configuration Debug for project upgrade_animer_hello ****
make all 
'Building file: ../src/main.c'
'Invoking: MicroBlaze gcc compiler'
mb-gcc -Wall -O0 -g3 -c -fmessage-length=0 -MT"src/main.o" -I../../upgrade_animer_hello_bsp/microblaze_0/include -mlittle-endian -mcpu=v11.0 -mxl-soft-mul -Wl,--no-relax -ffunction-sections -fdata-sections -MMD -MP -MF"src/main.d" -MT"src/main.o" -o "src/main.o" "../src/main.c"
../src/main.c: In function 'update_speed':
../src/main.c:146:2: warning: this 'if' clause does not guard... [-Wmisleading-indentation]
  if (i == 0);
  ^~
../src/main.c:147:3: note: ...this statement, but the latter is misleadingly indented as if it were guarded by the 'if'
   i =1;
   ^
../src/main.c:148:11: warning: unused variable 'divider' [-Wunused-variable]
  uint32_t divider = i & 0xf;
           ^~~~~~~
'Finished building: ../src/main.c'
' '
'Building target: upgrade_animer_hello.elf'
'Invoking: MicroBlaze gcc linker'
mb-gcc -Wl,-T -Wl,../src/lscript.ld -L../../upgrade_animer_hello_bsp/microblaze_0/lib -mlittle-endian -mcpu=v11.0 -mxl-soft-mul -Wl,--no-relax -Wl,--gc-sections -o "upgrade_animer_hello.elf"  ./src/main.o ./src/platform.o   -Wl,--start-group,-lxil,-lgcc,-lc,--end-group
'Finished building target: upgrade_animer_hello.elf'
' '
'Invoking: MicroBlaze Print Size'
mb-size upgrade_animer_hello.elf  |tee "upgrade_animer_hello.elf.size"
   text	   data	    bss	    dec	    hex	filename
  14360	    800	   3392	  18552	   4878	upgrade_animer_hello.elf
'Finished building: upgrade_animer_hello.elf.size'
' '
16:06:34 **** Auto Build of configuration Debug for project upgrade_animer_hello ****
make all 
'Building file: ../src/main.c'
'Invoking: MicroBlaze gcc compiler'
mb-gcc -Wall -O0 -g3 -c -fmessage-length=0 -MT"src/main.o" -I../../upgrade_animer_hello_bsp/microblaze_0/include -mlittle-endian -mcpu=v11.0 -mxl-soft-mul -Wl,--no-relax -ffunction-sections -fdata-sections -MMD -MP -MF"src/main.d" -MT"src/main.o" -o "src/main.o" "../src/main.c"
../src/main.c: In function 'update_speed':
../src/main.c:146:2: warning: this 'if' clause does not guard... [-Wmisleading-indentation]
  if (i == 0);
  ^~
../src/main.c:147:3: note: ...this statement, but the latter is misleadingly indented as if it were guarded by the 'if'
   i = 1;
   ^
../src/main.c:148:11: warning: unused variable 'divider' [-Wunused-variable]
  uint32_t divider = i & 0xf;
           ^~~~~~~
'Finished building: ../src/main.c'
' '
'Building target: upgrade_animer_hello.elf'
'Invoking: MicroBlaze gcc linker'
mb-gcc -Wl,-T -Wl,../src/lscript.ld -L../../upgrade_animer_hello_bsp/microblaze_0/lib -mlittle-endian -mcpu=v11.0 -mxl-soft-mul -Wl,--no-relax -Wl,--gc-sections -o "upgrade_animer_hello.elf"  ./src/main.o ./src/platform.o   -Wl,--start-group,-lxil,-lgcc,-lc,--end-group
'Finished building target: upgrade_animer_hello.elf'
' '
'Invoking: MicroBlaze Print Size'
mb-size upgrade_animer_hello.elf  |tee "upgrade_animer_hello.elf.size"
   text	   data	    bss	    dec	    hex	filename
  14360	    800	   3392	  18552	   4878	upgrade_animer_hello.elf
'Finished building: upgrade_animer_hello.elf.size'
' '
16:06:48 **** Auto Build of configuration Debug for project upgrade_animer_hello ****
make all 
'Building file: ../src/main.c'
'Invoking: MicroBlaze gcc compiler'
mb-gcc -Wall -O0 -g3 -c -fmessage-length=0 -MT"src/main.o" -I../../upgrade_animer_hello_bsp/microblaze_0/include -mlittle-endian -mcpu=v11.0 -mxl-soft-mul -Wl,--no-relax -ffunction-sections -fdata-sections -MMD -MP -MF"src/main.d" -MT"src/main.o" -o "src/main.o" "../src/main.c"
../src/main.c: In function 'update_speed':
../src/main.c:149:11: warning: unused variable 'divider' [-Wunused-variable]
  uint32_t divider = i & 0xf;
           ^~~~~~~
'Finished building: ../src/main.c'
' '
'Building target: upgrade_animer_hello.elf'
'Invoking: MicroBlaze gcc linker'
mb-gcc -Wl,-T -Wl,../src/lscript.ld -L../../upgrade_animer_hello_bsp/microblaze_0/lib -mlittle-endian -mcpu=v11.0 -mxl-soft-mul -Wl,--no-relax -Wl,--gc-sections -o "upgrade_animer_hello.elf"  ./src/main.o ./src/platform.o   -Wl,--start-group,-lxil,-lgcc,-lc,--end-group
'Finished building target: upgrade_animer_hello.elf'
' '
'Invoking: MicroBlaze Print Size'
mb-size upgrade_animer_hello.elf  |tee "upgrade_animer_hello.elf.size"
   text	   data	    bss	    dec	    hex	filename
  14360	    800	   3392	  18552	   4878	upgrade_animer_hello.elf
'Finished building: upgrade_animer_hello.elf.size'
' '
16:07:44 **** Auto Build of configuration Debug for project upgrade_animer_hello ****
make all 
'Building file: ../src/main.c'
'Invoking: MicroBlaze gcc compiler'
mb-gcc -Wall -O0 -g3 -c -fmessage-length=0 -MT"src/main.o" -I../../upgrade_animer_hello_bsp/microblaze_0/include -mlittle-endian -mcpu=v11.0 -mxl-soft-mul -Wl,--no-relax -ffunction-sections -fdata-sections -MMD -MP -MF"src/main.d" -MT"src/main.o" -o "src/main.o" "../src/main.c"
../src/main.c:76:18: error: expected declaration specifiers or '...' before numeric constant
 int reset_value (100000000/speed_divider);
                  ^~~~~~~~~
../src/main.c: In function 'init_timer':
../src/main.c:102:48: error: 'RESET_VALUE' undeclared (first use in this function)
  XTmrCtr_SetResetValue(&TimerInst, TIMER_CNTR, RESET_VALUE);
                                                ^~~~~~~~~~~
../src/main.c:102:48: note: each undeclared identifier is reported only once for each function it appears in
../src/main.c: In function 'update_speed':
../src/main.c:150:11: warning: unused variable 'divider' [-Wunused-variable]
  uint32_t divider = i & 0xf;
           ^~~~~~~
make: *** [src/subdir.mk:26: src/main.o] Error 1
16:07:53 **** Auto Build of configuration Debug for project upgrade_animer_hello ****
make all 
'Building file: ../src/main.c'
'Invoking: MicroBlaze gcc compiler'
mb-gcc -Wall -O0 -g3 -c -fmessage-length=0 -MT"src/main.o" -I../../upgrade_animer_hello_bsp/microblaze_0/include -mlittle-endian -mcpu=v11.0 -mxl-soft-mul -Wl,--no-relax -ffunction-sections -fdata-sections -MMD -MP -MF"src/main.d" -MT"src/main.o" -o "src/main.o" "../src/main.c"
../src/main.c:76:19: error: initializer element is not constant
 int reset_value = (100000000/speed_divider);
                   ^
../src/main.c: In function 'init_timer':
../src/main.c:102:48: error: 'RESET_VALUE' undeclared (first use in this function)
  XTmrCtr_SetResetValue(&TimerInst, TIMER_CNTR, RESET_VALUE);
                                                ^~~~~~~~~~~
../src/main.c:102:48: note: each undeclared identifier is reported only once for each function it appears in
../src/main.c: In function 'update_speed':
../src/main.c:150:11: warning: unused variable 'divider' [-Wunused-variable]
  uint32_t divider = i & 0xf;
           ^~~~~~~
make: *** [src/subdir.mk:26: src/main.o] Error 1
16:08:29 **** Auto Build of configuration Debug for project upgrade_animer_hello ****
make all 
'Building file: ../src/main.c'
'Invoking: MicroBlaze gcc compiler'
mb-gcc -Wall -O0 -g3 -c -fmessage-length=0 -MT"src/main.o" -I../../upgrade_animer_hello_bsp/microblaze_0/include -mlittle-endian -mcpu=v11.0 -mxl-soft-mul -Wl,--no-relax -ffunction-sections -fdata-sections -MMD -MP -MF"src/main.d" -MT"src/main.o" -o "src/main.o" "../src/main.c"
../src/main.c:76:19: error: initializer element is not constant
 int reset_value = (100000000/speed_divider);
                   ^
../src/main.c: In function 'update_speed':
../src/main.c:150:11: warning: unused variable 'divider' [-Wunused-variable]
  uint32_t divider = i & 0xf;
           ^~~~~~~
make: *** [src/subdir.mk:26: src/main.o] Error 1
16:08:57 **** Auto Build of configuration Debug for project upgrade_animer_hello ****
make all 
'Building file: ../src/main.c'
'Invoking: MicroBlaze gcc compiler'
mb-gcc -Wall -O0 -g3 -c -fmessage-length=0 -MT"src/main.o" -I../../upgrade_animer_hello_bsp/microblaze_0/include -mlittle-endian -mcpu=v11.0 -mxl-soft-mul -Wl,--no-relax -ffunction-sections -fdata-sections -MMD -MP -MF"src/main.d" -MT"src/main.o" -o "src/main.o" "../src/main.c"
../src/main.c:78:1: error: expected ',' or ';' before 'int'
 int message_in_hex[12] = {0xff, 0x89, 0x86, 0xc7, 0xc7, 0xc0, 0xff, 0xa4, 0xc0, 0xa4, 0x92, 0xff};
 ^~~
../src/main.c: In function 'afficher_hello':
../src/main.c:133:36: error: 'message_in_hex' undeclared (first use in this function)
   XGpio_DiscreteWrite(&seg_disp, 2,message_in_hex[(position+j)%12]);
                                    ^~~~~~~~~~~~~~
../src/main.c:133:36: note: each undeclared identifier is reported only once for each function it appears in
../src/main.c: In function 'update_speed':
../src/main.c:150:11: warning: unused variable 'divider' [-Wunused-variable]
  uint32_t divider = i & 0xf;
           ^~~~~~~
make: *** [src/subdir.mk:26: src/main.o] Error 1
16:09:01 **** Auto Build of configuration Debug for project upgrade_animer_hello ****
make all 
'Building file: ../src/main.c'
'Invoking: MicroBlaze gcc compiler'
mb-gcc -Wall -O0 -g3 -c -fmessage-length=0 -MT"src/main.o" -I../../upgrade_animer_hello_bsp/microblaze_0/include -mlittle-endian -mcpu=v11.0 -mxl-soft-mul -Wl,--no-relax -ffunction-sections -fdata-sections -MMD -MP -MF"src/main.d" -MT"src/main.o" -o "src/main.o" "../src/main.c"
../src/main.c: In function 'update_speed':
../src/main.c:150:11: warning: unused variable 'divider' [-Wunused-variable]
  uint32_t divider = i & 0xf;
           ^~~~~~~
'Finished building: ../src/main.c'
' '
'Building target: upgrade_animer_hello.elf'
'Invoking: MicroBlaze gcc linker'
mb-gcc -Wl,-T -Wl,../src/lscript.ld -L../../upgrade_animer_hello_bsp/microblaze_0/lib -mlittle-endian -mcpu=v11.0 -mxl-soft-mul -Wl,--no-relax -Wl,--gc-sections -o "upgrade_animer_hello.elf"  ./src/main.o ./src/platform.o   -Wl,--start-group,-lxil,-lgcc,-lc,--end-group
'Finished building target: upgrade_animer_hello.elf'
' '
'Invoking: MicroBlaze Print Size'
mb-size upgrade_animer_hello.elf  |tee "upgrade_animer_hello.elf.size"
   text	   data	    bss	    dec	    hex	filename
  14548	    808	   3396	  18752	   4940	upgrade_animer_hello.elf
'Finished building: upgrade_animer_hello.elf.size'
' '
16:09:12 **** Auto Build of configuration Debug for project upgrade_animer_hello ****
make all 
'Building file: ../src/main.c'
'Invoking: MicroBlaze gcc compiler'
mb-gcc -Wall -O0 -g3 -c -fmessage-length=0 -MT"src/main.o" -I../../upgrade_animer_hello_bsp/microblaze_0/include -mlittle-endian -mcpu=v11.0 -mxl-soft-mul -Wl,--no-relax -ffunction-sections -fdata-sections -MMD -MP -MF"src/main.d" -MT"src/main.o" -o "src/main.o" "../src/main.c"
'Finished building: ../src/main.c'
' '
'Building target: upgrade_animer_hello.elf'
'Invoking: MicroBlaze gcc linker'
mb-gcc -Wl,-T -Wl,../src/lscript.ld -L../../upgrade_animer_hello_bsp/microblaze_0/lib -mlittle-endian -mcpu=v11.0 -mxl-soft-mul -Wl,--no-relax -Wl,--gc-sections -o "upgrade_animer_hello.elf"  ./src/main.o ./src/platform.o   -Wl,--start-group,-lxil,-lgcc,-lc,--end-group
'Finished building target: upgrade_animer_hello.elf'
' '
'Invoking: MicroBlaze Print Size'
mb-size upgrade_animer_hello.elf  |tee "upgrade_animer_hello.elf.size"
   text	   data	    bss	    dec	    hex	filename
  14548	    808	   3396	  18752	   4940	upgrade_animer_hello.elf
'Finished building: upgrade_animer_hello.elf.size'
' '
16:09:34 **** Auto Build of configuration Debug for project upgrade_animer_hello ****
make all 
'Building file: ../src/main.c'
'Invoking: MicroBlaze gcc compiler'
mb-gcc -Wall -O0 -g3 -c -fmessage-length=0 -MT"src/main.o" -I../../upgrade_animer_hello_bsp/microblaze_0/include -mlittle-endian -mcpu=v11.0 -mxl-soft-mul -Wl,--no-relax -ffunction-sections -fdata-sections -MMD -MP -MF"src/main.d" -MT"src/main.o" -o "src/main.o" "../src/main.c"
'Finished building: ../src/main.c'
' '
'Building target: upgrade_animer_hello.elf'
'Invoking: MicroBlaze gcc linker'
mb-gcc -Wl,-T -Wl,../src/lscript.ld -L../../upgrade_animer_hello_bsp/microblaze_0/lib -mlittle-endian -mcpu=v11.0 -mxl-soft-mul -Wl,--no-relax -Wl,--gc-sections -o "upgrade_animer_hello.elf"  ./src/main.o ./src/platform.o   -Wl,--start-group,-lxil,-lgcc,-lc,--end-group
'Finished building target: upgrade_animer_hello.elf'
' '
'Invoking: MicroBlaze Print Size'
mb-size upgrade_animer_hello.elf  |tee "upgrade_animer_hello.elf.size"
   text	   data	    bss	    dec	    hex	filename
  14924	    808	   3396	  19128	   4ab8	upgrade_animer_hello.elf
'Finished building: upgrade_animer_hello.elf.size'
' '
16:10:09 **** Auto Build of configuration Debug for project upgrade_animer_hello ****
make all 
'Building file: ../src/main.c'
'Invoking: MicroBlaze gcc compiler'
mb-gcc -Wall -O0 -g3 -c -fmessage-length=0 -MT"src/main.o" -I../../upgrade_animer_hello_bsp/microblaze_0/include -mlittle-endian -mcpu=v11.0 -mxl-soft-mul -Wl,--no-relax -ffunction-sections -fdata-sections -MMD -MP -MF"src/main.d" -MT"src/main.o" -o "src/main.o" "../src/main.c"
'Finished building: ../src/main.c'
' '
'Building target: upgrade_animer_hello.elf'
'Invoking: MicroBlaze gcc linker'
mb-gcc -Wl,-T -Wl,../src/lscript.ld -L../../upgrade_animer_hello_bsp/microblaze_0/lib -mlittle-endian -mcpu=v11.0 -mxl-soft-mul -Wl,--no-relax -Wl,--gc-sections -o "upgrade_animer_hello.elf"  ./src/main.o ./src/platform.o   -Wl,--start-group,-lxil,-lgcc,-lc,--end-group
'Finished building target: upgrade_animer_hello.elf'
' '
'Invoking: MicroBlaze Print Size'
mb-size upgrade_animer_hello.elf  |tee "upgrade_animer_hello.elf.size"
   text	   data	    bss	    dec	    hex	filename
  14988	    808	   3396	  19192	   4af8	upgrade_animer_hello.elf
'Finished building: upgrade_animer_hello.elf.size'
' '
16:10:37 **** Auto Build of configuration Debug for project upgrade_animer_hello ****
make all 
'Building file: ../src/main.c'
'Invoking: MicroBlaze gcc compiler'
mb-gcc -Wall -O0 -g3 -c -fmessage-length=0 -MT"src/main.o" -I../../upgrade_animer_hello_bsp/microblaze_0/include -mlittle-endian -mcpu=v11.0 -mxl-soft-mul -Wl,--no-relax -ffunction-sections -fdata-sections -MMD -MP -MF"src/main.d" -MT"src/main.o" -o "src/main.o" "../src/main.c"
'Finished building: ../src/main.c'
' '
'Building target: upgrade_animer_hello.elf'
'Invoking: MicroBlaze gcc linker'
mb-gcc -Wl,-T -Wl,../src/lscript.ld -L../../upgrade_animer_hello_bsp/microblaze_0/lib -mlittle-endian -mcpu=v11.0 -mxl-soft-mul -Wl,--no-relax -Wl,--gc-sections -o "upgrade_animer_hello.elf"  ./src/main.o ./src/platform.o   -Wl,--start-group,-lxil,-lgcc,-lc,--end-group
'Finished building target: upgrade_animer_hello.elf'
' '
'Invoking: MicroBlaze Print Size'
mb-size upgrade_animer_hello.elf  |tee "upgrade_animer_hello.elf.size"
   text	   data	    bss	    dec	    hex	filename
  14976	    808	   3392	  19176	   4ae8	upgrade_animer_hello.elf
'Finished building: upgrade_animer_hello.elf.size'
' '
16:10:46 **** Incremental Build of configuration Debug for project upgrade_animer_hello ****
make all 
make: Nothing to be done for 'all'.
16:12:30 **** Auto Build of configuration Debug for project upgrade_animer_hello ****
make all 
'Building file: ../src/main.c'
'Invoking: MicroBlaze gcc compiler'
mb-gcc -Wall -O0 -g3 -c -fmessage-length=0 -MT"src/main.o" -I../../upgrade_animer_hello_bsp/microblaze_0/include -mlittle-endian -mcpu=v11.0 -mxl-soft-mul -Wl,--no-relax -ffunction-sections -fdata-sections -MMD -MP -MF"src/main.d" -MT"src/main.o" -o "src/main.o" "../src/main.c"
'Finished building: ../src/main.c'
' '
'Building target: upgrade_animer_hello.elf'
'Invoking: MicroBlaze gcc linker'
mb-gcc -Wl,-T -Wl,../src/lscript.ld -L../../upgrade_animer_hello_bsp/microblaze_0/lib -mlittle-endian -mcpu=v11.0 -mxl-soft-mul -Wl,--no-relax -Wl,--gc-sections -o "upgrade_animer_hello.elf"  ./src/main.o ./src/platform.o   -Wl,--start-group,-lxil,-lgcc,-lc,--end-group
'Finished building target: upgrade_animer_hello.elf'
' '
'Invoking: MicroBlaze Print Size'
mb-size upgrade_animer_hello.elf  |tee "upgrade_animer_hello.elf.size"
   text	   data	    bss	    dec	    hex	filename
  15256	    808	   3392	  19456	   4c00	upgrade_animer_hello.elf
'Finished building: upgrade_animer_hello.elf.size'
' '
16:12:32 **** Auto Build of configuration Debug for project upgrade_animer_hello ****
make all 
'Building file: ../src/main.c'
'Invoking: MicroBlaze gcc compiler'
mb-gcc -Wall -O0 -g3 -c -fmessage-length=0 -MT"src/main.o" -I../../upgrade_animer_hello_bsp/microblaze_0/include -mlittle-endian -mcpu=v11.0 -mxl-soft-mul -Wl,--no-relax -ffunction-sections -fdata-sections -MMD -MP -MF"src/main.d" -MT"src/main.o" -o "src/main.o" "../src/main.c"
'Finished building: ../src/main.c'
' '
'Building target: upgrade_animer_hello.elf'
'Invoking: MicroBlaze gcc linker'
mb-gcc -Wl,-T -Wl,../src/lscript.ld -L../../upgrade_animer_hello_bsp/microblaze_0/lib -mlittle-endian -mcpu=v11.0 -mxl-soft-mul -Wl,--no-relax -Wl,--gc-sections -o "upgrade_animer_hello.elf"  ./src/main.o ./src/platform.o   -Wl,--start-group,-lxil,-lgcc,-lc,--end-group
'Finished building target: upgrade_animer_hello.elf'
' '
'Invoking: MicroBlaze Print Size'
mb-size upgrade_animer_hello.elf  |tee "upgrade_animer_hello.elf.size"
   text	   data	    bss	    dec	    hex	filename
  15256	    808	   3392	  19456	   4c00	upgrade_animer_hello.elf
'Finished building: upgrade_animer_hello.elf.size'
' '
16:13:23 **** Auto Build of configuration Debug for project upgrade_animer_hello ****
make all 
'Building file: ../src/main.c'
'Invoking: MicroBlaze gcc compiler'
mb-gcc -Wall -O0 -g3 -c -fmessage-length=0 -MT"src/main.o" -I../../upgrade_animer_hello_bsp/microblaze_0/include -mlittle-endian -mcpu=v11.0 -mxl-soft-mul -Wl,--no-relax -ffunction-sections -fdata-sections -MMD -MP -MF"src/main.d" -MT"src/main.o" -o "src/main.o" "../src/main.c"
'Finished building: ../src/main.c'
' '
'Building target: upgrade_animer_hello.elf'
'Invoking: MicroBlaze gcc linker'
mb-gcc -Wl,-T -Wl,../src/lscript.ld -L../../upgrade_animer_hello_bsp/microblaze_0/lib -mlittle-endian -mcpu=v11.0 -mxl-soft-mul -Wl,--no-relax -Wl,--gc-sections -o "upgrade_animer_hello.elf"  ./src/main.o ./src/platform.o   -Wl,--start-group,-lxil,-lgcc,-lc,--end-group
'Finished building target: upgrade_animer_hello.elf'
' '
'Invoking: MicroBlaze Print Size'
mb-size upgrade_animer_hello.elf  |tee "upgrade_animer_hello.elf.size"
   text	   data	    bss	    dec	    hex	filename
  15284	    808	   3396	  19488	   4c20	upgrade_animer_hello.elf
'Finished building: upgrade_animer_hello.elf.size'
' '
16:13:50 **** Auto Build of configuration Debug for project upgrade_animer_hello ****
make all 
'Building file: ../src/main.c'
'Invoking: MicroBlaze gcc compiler'
mb-gcc -Wall -O0 -g3 -c -fmessage-length=0 -MT"src/main.o" -I../../upgrade_animer_hello_bsp/microblaze_0/include -mlittle-endian -mcpu=v11.0 -mxl-soft-mul -Wl,--no-relax -ffunction-sections -fdata-sections -MMD -MP -MF"src/main.d" -MT"src/main.o" -o "src/main.o" "../src/main.c"
'Finished building: ../src/main.c'
' '
'Building target: upgrade_animer_hello.elf'
'Invoking: MicroBlaze gcc linker'
mb-gcc -Wl,-T -Wl,../src/lscript.ld -L../../upgrade_animer_hello_bsp/microblaze_0/lib -mlittle-endian -mcpu=v11.0 -mxl-soft-mul -Wl,--no-relax -Wl,--gc-sections -o "upgrade_animer_hello.elf"  ./src/main.o ./src/platform.o   -Wl,--start-group,-lxil,-lgcc,-lc,--end-group
'Finished building target: upgrade_animer_hello.elf'
' '
'Invoking: MicroBlaze Print Size'
mb-size upgrade_animer_hello.elf  |tee "upgrade_animer_hello.elf.size"
   text	   data	    bss	    dec	    hex	filename
  15284	    808	   3396	  19488	   4c20	upgrade_animer_hello.elf
'Finished building: upgrade_animer_hello.elf.size'
' '
16:14:01 **** Auto Build of configuration Debug for project upgrade_animer_hello ****
make all 
'Building file: ../src/main.c'
'Invoking: MicroBlaze gcc compiler'
mb-gcc -Wall -O0 -g3 -c -fmessage-length=0 -MT"src/main.o" -I../../upgrade_animer_hello_bsp/microblaze_0/include -mlittle-endian -mcpu=v11.0 -mxl-soft-mul -Wl,--no-relax -ffunction-sections -fdata-sections -MMD -MP -MF"src/main.d" -MT"src/main.o" -o "src/main.o" "../src/main.c"
'Finished building: ../src/main.c'
' '
'Building target: upgrade_animer_hello.elf'
'Invoking: MicroBlaze gcc linker'
mb-gcc -Wl,-T -Wl,../src/lscript.ld -L../../upgrade_animer_hello_bsp/microblaze_0/lib -mlittle-endian -mcpu=v11.0 -mxl-soft-mul -Wl,--no-relax -Wl,--gc-sections -o "upgrade_animer_hello.elf"  ./src/main.o ./src/platform.o   -Wl,--start-group,-lxil,-lgcc,-lc,--end-group
'Finished building target: upgrade_animer_hello.elf'
' '
'Invoking: MicroBlaze Print Size'
mb-size upgrade_animer_hello.elf  |tee "upgrade_animer_hello.elf.size"
   text	   data	    bss	    dec	    hex	filename
  15296	    808	   3392	  19496	   4c28	upgrade_animer_hello.elf
'Finished building: upgrade_animer_hello.elf.size'
' '
16:14:19 **** Auto Build of configuration Debug for project upgrade_animer_hello ****
make all 
'Building file: ../src/main.c'
'Invoking: MicroBlaze gcc compiler'
mb-gcc -Wall -O0 -g3 -c -fmessage-length=0 -MT"src/main.o" -I../../upgrade_animer_hello_bsp/microblaze_0/include -mlittle-endian -mcpu=v11.0 -mxl-soft-mul -Wl,--no-relax -ffunction-sections -fdata-sections -MMD -MP -MF"src/main.d" -MT"src/main.o" -o "src/main.o" "../src/main.c"
'Finished building: ../src/main.c'
' '
'Building target: upgrade_animer_hello.elf'
'Invoking: MicroBlaze gcc linker'
mb-gcc -Wl,-T -Wl,../src/lscript.ld -L../../upgrade_animer_hello_bsp/microblaze_0/lib -mlittle-endian -mcpu=v11.0 -mxl-soft-mul -Wl,--no-relax -Wl,--gc-sections -o "upgrade_animer_hello.elf"  ./src/main.o ./src/platform.o   -Wl,--start-group,-lxil,-lgcc,-lc,--end-group
'Finished building target: upgrade_animer_hello.elf'
' '
'Invoking: MicroBlaze Print Size'
mb-size upgrade_animer_hello.elf  |tee "upgrade_animer_hello.elf.size"
   text	   data	    bss	    dec	    hex	filename
  15320	    808	   3392	  19520	   4c40	upgrade_animer_hello.elf
'Finished building: upgrade_animer_hello.elf.size'
' '
16:15:42 **** Auto Build of configuration Debug for project upgrade_animer_hello ****
make all 
'Building file: ../src/main.c'
'Invoking: MicroBlaze gcc compiler'
mb-gcc -Wall -O0 -g3 -c -fmessage-length=0 -MT"src/main.o" -I../../upgrade_animer_hello_bsp/microblaze_0/include -mlittle-endian -mcpu=v11.0 -mxl-soft-mul -Wl,--no-relax -ffunction-sections -fdata-sections -MMD -MP -MF"src/main.d" -MT"src/main.o" -o "src/main.o" "../src/main.c"
../src/main.c: In function 'update_speed':
../src/main.c:155:25: warning: the comparison will always evaluate as 'false' for the address of 'timer_running' will never be NULL [-Waddress]
   if ( && timer_running ==0){
                         ^~
../src/main.c:155:3: error: label 'timer_running' used but not defined
   if ( && timer_running ==0){
   ^~
../src/main.c: At top level:
../src/main.c:161:1: error: expected identifier or '(' before '}' token
 }
 ^
make: *** [src/subdir.mk:26: src/main.o] Error 1
16:15:48 **** Auto Build of configuration Debug for project upgrade_animer_hello ****
make all 
'Building file: ../src/main.c'
'Invoking: MicroBlaze gcc compiler'
mb-gcc -Wall -O0 -g3 -c -fmessage-length=0 -MT"src/main.o" -I../../upgrade_animer_hello_bsp/microblaze_0/include -mlittle-endian -mcpu=v11.0 -mxl-soft-mul -Wl,--no-relax -ffunction-sections -fdata-sections -MMD -MP -MF"src/main.d" -MT"src/main.o" -o "src/main.o" "../src/main.c"
../src/main.c:161:1: error: expected identifier or '(' before '}' token
 }
 ^
make: *** [src/subdir.mk:26: src/main.o] Error 1
16:15:54 **** Auto Build of configuration Debug for project upgrade_animer_hello ****
make all 
'Building file: ../src/main.c'
'Invoking: MicroBlaze gcc compiler'
mb-gcc -Wall -O0 -g3 -c -fmessage-length=0 -MT"src/main.o" -I../../upgrade_animer_hello_bsp/microblaze_0/include -mlittle-endian -mcpu=v11.0 -mxl-soft-mul -Wl,--no-relax -ffunction-sections -fdata-sections -MMD -MP -MF"src/main.d" -MT"src/main.o" -o "src/main.o" "../src/main.c"
'Finished building: ../src/main.c'
' '
'Building target: upgrade_animer_hello.elf'
'Invoking: MicroBlaze gcc linker'
mb-gcc -Wl,-T -Wl,../src/lscript.ld -L../../upgrade_animer_hello_bsp/microblaze_0/lib -mlittle-endian -mcpu=v11.0 -mxl-soft-mul -Wl,--no-relax -Wl,--gc-sections -o "upgrade_animer_hello.elf"  ./src/main.o ./src/platform.o   -Wl,--start-group,-lxil,-lgcc,-lc,--end-group
'Finished building target: upgrade_animer_hello.elf'
' '
'Invoking: MicroBlaze Print Size'
mb-size upgrade_animer_hello.elf  |tee "upgrade_animer_hello.elf.size"
   text	   data	    bss	    dec	    hex	filename
  15344	    808	   3392	  19544	   4c58	upgrade_animer_hello.elf
'Finished building: upgrade_animer_hello.elf.size'
' '
16:16:03 **** Incremental Build of configuration Debug for project upgrade_animer_hello ****
make all 
make: Nothing to be done for 'all'.
16:16:27 **** Auto Build of configuration Debug for project upgrade_animer_hello ****
make all 
'Building file: ../src/main.c'
'Invoking: MicroBlaze gcc compiler'
mb-gcc -Wall -O0 -g3 -c -fmessage-length=0 -MT"src/main.o" -I../../upgrade_animer_hello_bsp/microblaze_0/include -mlittle-endian -mcpu=v11.0 -mxl-soft-mul -Wl,--no-relax -ffunction-sections -fdata-sections -MMD -MP -MF"src/main.d" -MT"src/main.o" -o "src/main.o" "../src/main.c"
'Finished building: ../src/main.c'
' '
'Building target: upgrade_animer_hello.elf'
'Invoking: MicroBlaze gcc linker'
mb-gcc -Wl,-T -Wl,../src/lscript.ld -L../../upgrade_animer_hello_bsp/microblaze_0/lib -mlittle-endian -mcpu=v11.0 -mxl-soft-mul -Wl,--no-relax -Wl,--gc-sections -o "upgrade_animer_hello.elf"  ./src/main.o ./src/platform.o   -Wl,--start-group,-lxil,-lgcc,-lc,--end-group
'Finished building target: upgrade_animer_hello.elf'
' '
'Invoking: MicroBlaze Print Size'
mb-size upgrade_animer_hello.elf  |tee "upgrade_animer_hello.elf.size"
   text	   data	    bss	    dec	    hex	filename
  15356	    808	   3396	  19560	   4c68	upgrade_animer_hello.elf
'Finished building: upgrade_animer_hello.elf.size'
' '
16:16:33 **** Incremental Build of configuration Debug for project upgrade_animer_hello ****
make all 
make: Nothing to be done for 'all'.
16:17:24 **** Auto Build of configuration Debug for project upgrade_animer_hello ****
make all 
'Building file: ../src/main.c'
'Invoking: MicroBlaze gcc compiler'
mb-gcc -Wall -O0 -g3 -c -fmessage-length=0 -MT"src/main.o" -I../../upgrade_animer_hello_bsp/microblaze_0/include -mlittle-endian -mcpu=v11.0 -mxl-soft-mul -Wl,--no-relax -ffunction-sections -fdata-sections -MMD -MP -MF"src/main.d" -MT"src/main.o" -o "src/main.o" "../src/main.c"
../src/main.c: In function 'update_direction':
../src/main.c:165:11: warning: unused variable 'i' [-Wunused-variable]
  uint32_t i = XGpio_DiscreteRead(&switches,2);
           ^
'Finished building: ../src/main.c'
' '
'Building target: upgrade_animer_hello.elf'
'Invoking: MicroBlaze gcc linker'
mb-gcc -Wl,-T -Wl,../src/lscript.ld -L../../upgrade_animer_hello_bsp/microblaze_0/lib -mlittle-endian -mcpu=v11.0 -mxl-soft-mul -Wl,--no-relax -Wl,--gc-sections -o "upgrade_animer_hello.elf"  ./src/main.o ./src/platform.o   -Wl,--start-group,-lxil,-lgcc,-lc,--end-group
'Finished building target: upgrade_animer_hello.elf'
' '
'Invoking: MicroBlaze Print Size'
mb-size upgrade_animer_hello.elf  |tee "upgrade_animer_hello.elf.size"
   text	   data	    bss	    dec	    hex	filename
  15356	    808	   3396	  19560	   4c68	upgrade_animer_hello.elf
'Finished building: upgrade_animer_hello.elf.size'
' '
16:18:14 **** Auto Build of configuration Debug for project upgrade_animer_hello ****
make all 
'Building file: ../src/main.c'
'Invoking: MicroBlaze gcc compiler'
mb-gcc -Wall -O0 -g3 -c -fmessage-length=0 -MT"src/main.o" -I../../upgrade_animer_hello_bsp/microblaze_0/include -mlittle-endian -mcpu=v11.0 -mxl-soft-mul -Wl,--no-relax -ffunction-sections -fdata-sections -MMD -MP -MF"src/main.d" -MT"src/main.o" -o "src/main.o" "../src/main.c"
../src/main.c: In function 'update_direction':
../src/main.c:166:2: error: 'direction' undeclared (first use in this function)
  direction = (i & 0x8000) >> 15
  ^~~~~~~~~
../src/main.c:166:2: note: each undeclared identifier is reported only once for each function it appears in
../src/main.c:166:32: error: expected ';' before '}' token
  direction = (i & 0x8000) >> 15
                                ^
                                ;
 }
 ~                               
make: *** [src/subdir.mk:26: src/main.o] Error 1
16:18:17 **** Auto Build of configuration Debug for project upgrade_animer_hello ****
make all 
'Building file: ../src/main.c'
'Invoking: MicroBlaze gcc compiler'
mb-gcc -Wall -O0 -g3 -c -fmessage-length=0 -MT"src/main.o" -I../../upgrade_animer_hello_bsp/microblaze_0/include -mlittle-endian -mcpu=v11.0 -mxl-soft-mul -Wl,--no-relax -ffunction-sections -fdata-sections -MMD -MP -MF"src/main.d" -MT"src/main.o" -o "src/main.o" "../src/main.c"
../src/main.c: In function 'update_direction':
../src/main.c:166:2: error: 'direction' undeclared (first use in this function)
  direction = (i & 0x8000) >> 15;
  ^~~~~~~~~
../src/main.c:166:2: note: each undeclared identifier is reported only once for each function it appears in
make: *** [src/subdir.mk:26: src/main.o] Error 1
16:18:33 **** Auto Build of configuration Debug for project upgrade_animer_hello ****
make all 
'Building file: ../src/main.c'
'Invoking: MicroBlaze gcc compiler'
mb-gcc -Wall -O0 -g3 -c -fmessage-length=0 -MT"src/main.o" -I../../upgrade_animer_hello_bsp/microblaze_0/include -mlittle-endian -mcpu=v11.0 -mxl-soft-mul -Wl,--no-relax -ffunction-sections -fdata-sections -MMD -MP -MF"src/main.d" -MT"src/main.o" -o "src/main.o" "../src/main.c"
'Finished building: ../src/main.c'
' '
'Building target: upgrade_animer_hello.elf'
'Invoking: MicroBlaze gcc linker'
mb-gcc -Wl,-T -Wl,../src/lscript.ld -L../../upgrade_animer_hello_bsp/microblaze_0/lib -mlittle-endian -mcpu=v11.0 -mxl-soft-mul -Wl,--no-relax -Wl,--gc-sections -o "upgrade_animer_hello.elf"  ./src/main.o ./src/platform.o   -Wl,--start-group,-lxil,-lgcc,-lc,--end-group
'Finished building target: upgrade_animer_hello.elf'
' '
'Invoking: MicroBlaze Print Size'
mb-size upgrade_animer_hello.elf  |tee "upgrade_animer_hello.elf.size"
   text	   data	    bss	    dec	    hex	filename
  15356	    808	   3396	  19560	   4c68	upgrade_animer_hello.elf
'Finished building: upgrade_animer_hello.elf.size'
' '
16:18:38 **** Auto Build of configuration Debug for project upgrade_animer_hello ****
make all 
'Building file: ../src/main.c'
'Invoking: MicroBlaze gcc compiler'
mb-gcc -Wall -O0 -g3 -c -fmessage-length=0 -MT"src/main.o" -I../../upgrade_animer_hello_bsp/microblaze_0/include -mlittle-endian -mcpu=v11.0 -mxl-soft-mul -Wl,--no-relax -ffunction-sections -fdata-sections -MMD -MP -MF"src/main.d" -MT"src/main.o" -o "src/main.o" "../src/main.c"
'Finished building: ../src/main.c'
' '
'Building target: upgrade_animer_hello.elf'
'Invoking: MicroBlaze gcc linker'
mb-gcc -Wl,-T -Wl,../src/lscript.ld -L../../upgrade_animer_hello_bsp/microblaze_0/lib -mlittle-endian -mcpu=v11.0 -mxl-soft-mul -Wl,--no-relax -Wl,--gc-sections -o "upgrade_animer_hello.elf"  ./src/main.o ./src/platform.o   -Wl,--start-group,-lxil,-lgcc,-lc,--end-group
'Finished building target: upgrade_animer_hello.elf'
' '
'Invoking: MicroBlaze Print Size'
mb-size upgrade_animer_hello.elf  |tee "upgrade_animer_hello.elf.size"
   text	   data	    bss	    dec	    hex	filename
  15364	    808	   3404	  19576	   4c78	upgrade_animer_hello.elf
'Finished building: upgrade_animer_hello.elf.size'
' '
16:19:11 **** Auto Build of configuration Debug for project upgrade_animer_hello ****
make all 
'Building file: ../src/main.c'
'Invoking: MicroBlaze gcc compiler'
mb-gcc -Wall -O0 -g3 -c -fmessage-length=0 -MT"src/main.o" -I../../upgrade_animer_hello_bsp/microblaze_0/include -mlittle-endian -mcpu=v11.0 -mxl-soft-mul -Wl,--no-relax -ffunction-sections -fdata-sections -MMD -MP -MF"src/main.d" -MT"src/main.o" -o "src/main.o" "../src/main.c"
'Finished building: ../src/main.c'
' '
'Building target: upgrade_animer_hello.elf'
'Invoking: MicroBlaze gcc linker'
mb-gcc -Wl,-T -Wl,../src/lscript.ld -L../../upgrade_animer_hello_bsp/microblaze_0/lib -mlittle-endian -mcpu=v11.0 -mxl-soft-mul -Wl,--no-relax -Wl,--gc-sections -o "upgrade_animer_hello.elf"  ./src/main.o ./src/platform.o   -Wl,--start-group,-lxil,-lgcc,-lc,--end-group
'Finished building target: upgrade_animer_hello.elf'
' '
'Invoking: MicroBlaze Print Size'
mb-size upgrade_animer_hello.elf  |tee "upgrade_animer_hello.elf.size"
   text	   data	    bss	    dec	    hex	filename
  15532	    808	   3404	  19744	   4d20	upgrade_animer_hello.elf
'Finished building: upgrade_animer_hello.elf.size'
' '
16:19:20 **** Incremental Build of configuration Debug for project upgrade_animer_hello ****
make all 
make: Nothing to be done for 'all'.
16:37:38 **** Auto Build of configuration Debug for project animer_hello ****
make all 
'Building file: ../src/main.c'
'Invoking: MicroBlaze gcc compiler'
mb-gcc -Wall -O0 -g3 -c -fmessage-length=0 -MT"src/main.o" -I../../animer_hello_bsp/microblaze_0/include -mlittle-endian -mcpu=v11.0 -mxl-soft-mul -Wl,--no-relax -ffunction-sections -fdata-sections -MMD -MP -MF"src/main.d" -MT"src/main.o" -o "src/main.o" "../src/main.c"
'Finished building: ../src/main.c'
' '
'Building target: animer_hello.elf'
'Invoking: MicroBlaze gcc linker'
mb-gcc -Wl,-T -Wl,../src/lscript.ld -L../../animer_hello_bsp/microblaze_0/lib -mlittle-endian -mcpu=v11.0 -mxl-soft-mul -Wl,--no-relax -Wl,--gc-sections -o "animer_hello.elf"  ./src/main.o ./src/platform.o   -Wl,--start-group,-lxil,-lgcc,-lc,--end-group
'Finished building target: animer_hello.elf'
' '
'Invoking: MicroBlaze Print Size'
mb-size animer_hello.elf  |tee "animer_hello.elf.size"
   text	   data	    bss	    dec	    hex	filename
   4644	    420	   3200	   8264	   2048	animer_hello.elf
'Finished building: animer_hello.elf.size'
' '
16:38:30 **** Auto Build of configuration Debug for project animer_hello ****
make all 
'Building file: ../src/main.c'
'Invoking: MicroBlaze gcc compiler'
mb-gcc -Wall -O0 -g3 -c -fmessage-length=0 -MT"src/main.o" -I../../animer_hello_bsp/microblaze_0/include -mlittle-endian -mcpu=v11.0 -mxl-soft-mul -Wl,--no-relax -ffunction-sections -fdata-sections -MMD -MP -MF"src/main.d" -MT"src/main.o" -o "src/main.o" "../src/main.c"
'Finished building: ../src/main.c'
' '
'Building target: animer_hello.elf'
'Invoking: MicroBlaze gcc linker'
mb-gcc -Wl,-T -Wl,../src/lscript.ld -L../../animer_hello_bsp/microblaze_0/lib -mlittle-endian -mcpu=v11.0 -mxl-soft-mul -Wl,--no-relax -Wl,--gc-sections -o "animer_hello.elf"  ./src/main.o ./src/platform.o   -Wl,--start-group,-lxil,-lgcc,-lc,--end-group
'Finished building target: animer_hello.elf'
' '
'Invoking: MicroBlaze Print Size'
mb-size animer_hello.elf  |tee "animer_hello.elf.size"
   text	   data	    bss	    dec	    hex	filename
   4644	    420	   3200	   8264	   2048	animer_hello.elf
'Finished building: animer_hello.elf.size'
' '
16:38:41 **** Auto Build of configuration Debug for project animer_hello ****
make all 
'Building file: ../src/main.c'
'Invoking: MicroBlaze gcc compiler'
mb-gcc -Wall -O0 -g3 -c -fmessage-length=0 -MT"src/main.o" -I../../animer_hello_bsp/microblaze_0/include -mlittle-endian -mcpu=v11.0 -mxl-soft-mul -Wl,--no-relax -ffunction-sections -fdata-sections -MMD -MP -MF"src/main.d" -MT"src/main.o" -o "src/main.o" "../src/main.c"
'Finished building: ../src/main.c'
' '
'Building target: animer_hello.elf'
'Invoking: MicroBlaze gcc linker'
mb-gcc -Wl,-T -Wl,../src/lscript.ld -L../../animer_hello_bsp/microblaze_0/lib -mlittle-endian -mcpu=v11.0 -mxl-soft-mul -Wl,--no-relax -Wl,--gc-sections -o "animer_hello.elf"  ./src/main.o ./src/platform.o   -Wl,--start-group,-lxil,-lgcc,-lc,--end-group
'Finished building target: animer_hello.elf'
' '
'Invoking: MicroBlaze Print Size'
mb-size animer_hello.elf  |tee "animer_hello.elf.size"
   text	   data	    bss	    dec	    hex	filename
   4644	    420	   3200	   8264	   2048	animer_hello.elf
'Finished building: animer_hello.elf.size'
' '
16:39:45 **** Incremental Build of configuration Debug for project upgrade_animer_hello ****
make all 
make: Nothing to be done for 'all'.
13:39:58 **** Incremental Build of configuration Debug for project upgrade_animer_hello ****
make all 
make: Nothing to be done for 'all'.
14:27:38 **** Build of project SEG7_upgrade_bsp ****
make -k all 
"Running Make include in microblaze_0/libsrc/bram_v4_3/src"
make -C microblaze_0/libsrc/bram_v4_3/src -s include  "SHELL=CMD" "COMPILER=mb-gcc" "ARCHIVER=mb-ar" "COMPILER_FLAGS=  -O2 -c -mcpu=v11.0 -mlittle-endian -mxl-soft-mul" "EXTRA_COMPILER_FLAGS=-ffunction-sections -fdata-sections -Wall -Wextra"
"Running Make include in microblaze_0/libsrc/cpu_v2_9/src"
make -C microblaze_0/libsrc/cpu_v2_9/src -s include  "SHELL=CMD" "COMPILER=mb-gcc" "ARCHIVER=mb-ar" "COMPILER_FLAGS=  -O2 -c -mcpu=v11.0 -mlittle-endian -mxl-soft-mul" "EXTRA_COMPILER_FLAGS=-ffunction-sections -fdata-sections -Wall -Wextra"
"Running Make include in microblaze_0/libsrc/gpio_v4_4/src"
make -C microblaze_0/libsrc/gpio_v4_4/src -s include  "SHELL=CMD" "COMPILER=mb-gcc" "ARCHIVER=mb-ar" "COMPILER_FLAGS=  -O2 -c -mcpu=v11.0 -mlittle-endian -mxl-soft-mul" "EXTRA_COMPILER_FLAGS=-ffunction-sections -fdata-sections -Wall -Wextra"
"Running Make include in microblaze_0/libsrc/intc_v3_9/src"
make -C microblaze_0/libsrc/intc_v3_9/src -s include  "SHELL=CMD" "COMPILER=mb-gcc" "ARCHIVER=mb-ar" "COMPILER_FLAGS=  -O2 -c -mcpu=v11.0 -mlittle-endian -mxl-soft-mul" "EXTRA_COMPILER_FLAGS=-ffunction-sections -fdata-sections -Wall -Wextra"
"Running Make include in microblaze_0/libsrc/SEG7_IP_v1_0/src"
make -C microblaze_0/libsrc/SEG7_IP_v1_0/src -s include  "SHELL=CMD" "COMPILER=mb-gcc" "ARCHIVER=mb-ar" "COMPILER_FLAGS=  -O2 -c -mcpu=v11.0 -mlittle-endian -mxl-soft-mul" "EXTRA_COMPILER_FLAGS=-ffunction-sections -fdata-sections -Wall -Wextra"
"Running Make include in microblaze_0/libsrc/standalone_v7_0/src"
make -C microblaze_0/libsrc/standalone_v7_0/src -s include  "SHELL=CMD" "COMPILER=mb-gcc" "ARCHIVER=mb-ar" "COMPILER_FLAGS=  -O2 -c -mcpu=v11.0 -mlittle-endian -mxl-soft-mul" "EXTRA_COMPILER_FLAGS=-ffunction-sections -fdata-sections -Wall -Wextra"
"Running Make include in microblaze_0/libsrc/uartlite_v3_2/src"
make -C microblaze_0/libsrc/uartlite_v3_2/src -s include  "SHELL=CMD" "COMPILER=mb-gcc" "ARCHIVER=mb-ar" "COMPILER_FLAGS=  -O2 -c -mcpu=v11.0 -mlittle-endian -mxl-soft-mul" "EXTRA_COMPILER_FLAGS=-ffunction-sections -fdata-sections -Wall -Wextra"
"Running Make libs in microblaze_0/libsrc/bram_v4_3/src"
make -C microblaze_0/libsrc/bram_v4_3/src -s libs  "SHELL=CMD" "COMPILER=mb-gcc" "ARCHIVER=mb-ar" "COMPILER_FLAGS=  -O2 -c -mcpu=v11.0 -mlittle-endian -mxl-soft-mul" "EXTRA_COMPILER_FLAGS=-ffunction-sections -fdata-sections -Wall -Wextra"
"Compiling bram"
mb-ar: creating ../../../lib/libxil.a
"Running Make libs in microblaze_0/libsrc/cpu_v2_9/src"
make -C microblaze_0/libsrc/cpu_v2_9/src -s libs  "SHELL=CMD" "COMPILER=mb-gcc" "ARCHIVER=mb-ar" "COMPILER_FLAGS=  -O2 -c -mcpu=v11.0 -mlittle-endian -mxl-soft-mul" "EXTRA_COMPILER_FLAGS=-ffunction-sections -fdata-sections -Wall -Wextra"
"Compiling cpu"
"Running Make libs in microblaze_0/libsrc/gpio_v4_4/src"
make -C microblaze_0/libsrc/gpio_v4_4/src -s libs  "SHELL=CMD" "COMPILER=mb-gcc" "ARCHIVER=mb-ar" "COMPILER_FLAGS=  -O2 -c -mcpu=v11.0 -mlittle-endian -mxl-soft-mul" "EXTRA_COMPILER_FLAGS=-ffunction-sections -fdata-sections -Wall -Wextra"
"Compiling gpio"
"Running Make libs in microblaze_0/libsrc/intc_v3_9/src"
make -C microblaze_0/libsrc/intc_v3_9/src -s libs  "SHELL=CMD" "COMPILER=mb-gcc" "ARCHIVER=mb-ar" "COMPILER_FLAGS=  -O2 -c -mcpu=v11.0 -mlittle-endian -mxl-soft-mul" "EXTRA_COMPILER_FLAGS=-ffunction-sections -fdata-sections -Wall -Wextra"
"Compiling intc"
"Running Make libs in microblaze_0/libsrc/SEG7_IP_v1_0/src"
make -C microblaze_0/libsrc/SEG7_IP_v1_0/src -s libs  "SHELL=CMD" "COMPILER=mb-gcc" "ARCHIVER=mb-ar" "COMPILER_FLAGS=  -O2 -c -mcpu=v11.0 -mlittle-endian -mxl-soft-mul" "EXTRA_COMPILER_FLAGS=-ffunction-sections -fdata-sections -Wall -Wextra"
"Compiling SEG7_IP..."
SEG7_IP_selftest.c: In function 'SEG7_IP_Reg_SelfTest':
SEG7_IP_selftest.c:52:56: warning: comparison of integer expressions of different signedness: 'u32' {aka 'long unsigned int'} and 'int' [-Wsign-compare]
    if ( SEG7_IP_mReadReg (baseaddr, read_loop_index*4) != (read_loop_index+1)*READ_WRITE_MUL_FACTOR){
                                                        ^~
SEG7_IP_selftest.c:36:6: warning: unused variable 'Index' [-Wunused-variable]
  int Index;
      ^~~~~
"Running Make libs in microblaze_0/libsrc/standalone_v7_0/src"
make -C microblaze_0/libsrc/standalone_v7_0/src -s libs  "SHELL=CMD" "COMPILER=mb-gcc" "ARCHIVER=mb-ar" "COMPILER_FLAGS=  -O2 -c -mcpu=v11.0 -mlittle-endian -mxl-soft-mul" "EXTRA_COMPILER_FLAGS=-ffunction-sections -fdata-sections -Wall -Wextra"
"Compiling standalone";
microblaze_sleep.c:77:9: note: #pragma message: For the sleep routines, assembly instructions are used
 #pragma message ("For the sleep routines, assembly instructions are used")
         ^~~~~~~
"Running Make libs in microblaze_0/libsrc/uartlite_v3_2/src"
make -C microblaze_0/libsrc/uartlite_v3_2/src -s libs  "SHELL=CMD" "COMPILER=mb-gcc" "ARCHIVER=mb-ar" "COMPILER_FLAGS=  -O2 -c -mcpu=v11.0 -mlittle-endian -mxl-soft-mul" "EXTRA_COMPILER_FLAGS=-ffunction-sections -fdata-sections -Wall -Wextra"
"Compiling uartlite"
'Finished building libraries'
14:27:49 **** Build of configuration Debug for project SEG7_upgrade ****
make all 
'Building file: ../src/helloworld.c'
'Invoking: MicroBlaze gcc compiler'
mb-gcc -Wall -O0 -g3 -c -fmessage-length=0 -MT"src/helloworld.o" -I../../SEG7_upgrade_bsp/microblaze_0/include -mlittle-endian -mcpu=v11.0 -mxl-soft-mul -Wl,--no-relax -ffunction-sections -fdata-sections -MMD -MP -MF"src/helloworld.d" -MT"src/helloworld.o" -o "src/helloworld.o" "../src/helloworld.c"
'Finished building: ../src/helloworld.c'
' '
'Building file: ../src/platform.c'
'Invoking: MicroBlaze gcc compiler'
mb-gcc -Wall -O0 -g3 -c -fmessage-length=0 -MT"src/platform.o" -I../../SEG7_upgrade_bsp/microblaze_0/include -mlittle-endian -mcpu=v11.0 -mxl-soft-mul -Wl,--no-relax -ffunction-sections -fdata-sections -MMD -MP -MF"src/platform.d" -MT"src/platform.o" -o "src/platform.o" "../src/platform.c"
'Finished building: ../src/platform.c'
' '
'Building target: SEG7_upgrade.elf'
'Invoking: MicroBlaze gcc linker'
mb-gcc -Wl,-T -Wl,../src/lscript.ld -L../../SEG7_upgrade_bsp/microblaze_0/lib -mlittle-endian -mcpu=v11.0 -mxl-soft-mul -Wl,--no-relax -Wl,--gc-sections -o "SEG7_upgrade.elf"  ./src/helloworld.o ./src/platform.o   -Wl,--start-group,-lxil,-lgcc,-lc,--end-group
'Finished building target: SEG7_upgrade.elf'
' '
'Invoking: MicroBlaze Print Size'
mb-size SEG7_upgrade.elf  |tee "SEG7_upgrade.elf.size"
   text	   data	    bss	    dec	    hex	filename
   3116	    320	   3108	   6544	   1990	SEG7_upgrade.elf
'Finished building: SEG7_upgrade.elf.size'
' '
14:31:34 **** Incremental Build of configuration Debug for project SEG7_upgrade ****
make all 
make: Nothing to be done for 'all'.
14:33:47 **** Clean-only build of configuration Debug for project SEG7_upgrade ****
make clean 
rm -rf  ./src/helloworld.o ./src/platform.o  ./src/helloworld.d ./src/platform.d  SEG7_upgrade.elf.size  SEG7_upgrade.elf
' '
14:33:47 **** Auto Build of configuration Debug for project SEG7_upgrade ****
make all 
'Building file: ../src/main.c'
'Invoking: MicroBlaze gcc compiler'
mb-gcc -Wall -O0 -g3 -c -fmessage-length=0 -MT"src/main.o" -I../../SEG7_upgrade_bsp/microblaze_0/include -mlittle-endian -mcpu=v11.0 -mxl-soft-mul -Wl,--no-relax -ffunction-sections -fdata-sections -MMD -MP -MF"src/main.d" -MT"src/main.o" -o "src/main.o" "../src/main.c"
'Finished building: ../src/main.c'
' '
'Building file: ../src/platform.c'
'Invoking: MicroBlaze gcc compiler'
mb-gcc -Wall -O0 -g3 -c -fmessage-length=0 -MT"src/platform.o" -I../../SEG7_upgrade_bsp/microblaze_0/include -mlittle-endian -mcpu=v11.0 -mxl-soft-mul -Wl,--no-relax -ffunction-sections -fdata-sections -MMD -MP -MF"src/platform.d" -MT"src/platform.o" -o "src/platform.o" "../src/platform.c"
'Finished building: ../src/platform.c'
' '
'Building target: SEG7_upgrade.elf'
'Invoking: MicroBlaze gcc linker'
mb-gcc -Wl,-T -Wl,../src/lscript.ld -L../../SEG7_upgrade_bsp/microblaze_0/lib -mlittle-endian -mcpu=v11.0 -mxl-soft-mul -Wl,--no-relax -Wl,--gc-sections -o "SEG7_upgrade.elf"  ./src/main.o ./src/platform.o   -Wl,--start-group,-lxil,-lgcc,-lc,--end-group
'Finished building target: SEG7_upgrade.elf'
' '
'Invoking: MicroBlaze Print Size'
mb-size SEG7_upgrade.elf  |tee "SEG7_upgrade.elf.size"
   text	   data	    bss	    dec	    hex	filename
   3116	    320	   3108	   6544	   1990	SEG7_upgrade.elf
'Finished building: SEG7_upgrade.elf.size'
' '
14:33:52 **** Incremental Build of configuration Debug for project SEG7_upgrade ****
make all 
make: Nothing to be done for 'all'.
14:34:30 **** Auto Build of configuration Debug for project SEG7_upgrade ****
make all 
'Building file: ../src/main.c'
'Invoking: MicroBlaze gcc compiler'
mb-gcc -Wall -O0 -g3 -c -fmessage-length=0 -MT"src/main.o" -I../../SEG7_upgrade_bsp/microblaze_0/include -mlittle-endian -mcpu=v11.0 -mxl-soft-mul -Wl,--no-relax -ffunction-sections -fdata-sections -MMD -MP -MF"src/main.d" -MT"src/main.o" -o "src/main.o" "../src/main.c"
../src/main.c: In function 'main':
../src/main.c:59:5: error: unknown type name 'SEG7_IP_mWriteReg'
     SEG7_IP_mWriteReg
     ^~~~~~~~~~~~~~~~~
../src/main.c:61:5: error: conflicting types for 'cleanup_platform'
     cleanup_platform();
     ^~~~~~~~~~~~~~~~
In file included from ../src/main.c:49:
../src/platform.h:39:6: note: previous declaration of 'cleanup_platform' was here
 void cleanup_platform();
      ^~~~~~~~~~~~~~~~
make: *** [src/subdir.mk:26: src/main.o] Error 1
14:34:56 **** Auto Build of configuration Debug for project SEG7_upgrade ****
make all 
'Building file: ../src/main.c'
'Invoking: MicroBlaze gcc compiler'
mb-gcc -Wall -O0 -g3 -c -fmessage-length=0 -MT"src/main.o" -I../../SEG7_upgrade_bsp/microblaze_0/include -mlittle-endian -mcpu=v11.0 -mxl-soft-mul -Wl,--no-relax -ffunction-sections -fdata-sections -MMD -MP -MF"src/main.d" -MT"src/main.o" -o "src/main.o" "../src/main.c"
../src/main.c: In function 'main':
../src/main.c:61:23: error: macro "SEG7_IP_mWriteReg" requires 3 arguments, but only 1 given
     SEG7_IP_mWriteReg()
                       ^
../src/main.c:61:5: error: unknown type name 'SEG7_IP_mWriteReg'
     SEG7_IP_mWriteReg()
     ^~~~~~~~~~~~~~~~~
../src/main.c:63:5: error: conflicting types for 'cleanup_platform'
     cleanup_platform();
     ^~~~~~~~~~~~~~~~
In file included from ../src/main.c:49:
../src/platform.h:39:6: note: previous declaration of 'cleanup_platform' was here
 void cleanup_platform();
      ^~~~~~~~~~~~~~~~
make: *** [src/subdir.mk:26: src/main.o] Error 1
14:39:22 **** Auto Build of configuration Debug for project SEG7_upgrade ****
make all 
'Building file: ../src/main.c'
'Invoking: MicroBlaze gcc compiler'
mb-gcc -Wall -O0 -g3 -c -fmessage-length=0 -MT"src/main.o" -I../../SEG7_upgrade_bsp/microblaze_0/include -mlittle-endian -mcpu=v11.0 -mxl-soft-mul -Wl,--no-relax -ffunction-sections -fdata-sections -MMD -MP -MF"src/main.d" -MT"src/main.o" -o "src/main.o" "../src/main.c"
In file included from ../src/main.c:50:
../src/main.c: In function 'main':
../../SEG7_upgrade_bsp/microblaze_0/include/SEG7_IP.h:35:4: warning: implicit declaration of function 'Xil_Out32' [-Wimplicit-function-declaration]
    Xil_Out32((BaseAddress) + (RegOffset), (u32)(Data))
    ^~~~~~~~~
../src/main.c:62:5: note: in expansion of macro 'SEG7_IP_mWriteReg'
     SEG7_IP_mWriteReg(XPAR_SEG7_IP_0_S00_AXI_BASEADDR,SEG7_IP_S00_AXI_SLV_REG0_OFFSET, )
     ^~~~~~~~~~~~~~~~~
../../SEG7_upgrade_bsp/microblaze_0/include/SEG7_IP.h:35:53: error: expected expression before ')' token
    Xil_Out32((BaseAddress) + (RegOffset), (u32)(Data))
                                                     ^
../src/main.c:62:5: note: in expansion of macro 'SEG7_IP_mWriteReg'
     SEG7_IP_mWriteReg(XPAR_SEG7_IP_0_S00_AXI_BASEADDR,SEG7_IP_S00_AXI_SLV_REG0_OFFSET, )
     ^~~~~~~~~~~~~~~~~
../src/main.c:61:11: warning: unused variable 'data' [-Wunused-variable]
  uint32_t data = 0xFAFAFAFA;
           ^~~~
make: *** [src/subdir.mk:26: src/main.o] Error 1
14:39:35 **** Auto Build of configuration Debug for project SEG7_upgrade ****
make all 
'Building file: ../src/main.c'
'Invoking: MicroBlaze gcc compiler'
mb-gcc -Wall -O0 -g3 -c -fmessage-length=0 -MT"src/main.o" -I../../SEG7_upgrade_bsp/microblaze_0/include -mlittle-endian -mcpu=v11.0 -mxl-soft-mul -Wl,--no-relax -ffunction-sections -fdata-sections -MMD -MP -MF"src/main.d" -MT"src/main.o" -o "src/main.o" "../src/main.c"
In file included from ../src/main.c:50:
../src/main.c: In function 'main':
../../SEG7_upgrade_bsp/microblaze_0/include/SEG7_IP.h:35:4: warning: implicit declaration of function 'Xil_Out32' [-Wimplicit-function-declaration]
    Xil_Out32((BaseAddress) + (RegOffset), (u32)(Data))
    ^~~~~~~~~
../src/main.c:62:5: note: in expansion of macro 'SEG7_IP_mWriteReg'
     SEG7_IP_mWriteReg(XPAR_SEG7_IP_0_S00_AXI_BASEADDR,SEG7_IP_S00_AXI_SLV_REG0_OFFSET, data);
     ^~~~~~~~~~~~~~~~~
'Finished building: ../src/main.c'
' '
'Building target: SEG7_upgrade.elf'
'Invoking: MicroBlaze gcc linker'
mb-gcc -Wl,-T -Wl,../src/lscript.ld -L../../SEG7_upgrade_bsp/microblaze_0/lib -mlittle-endian -mcpu=v11.0 -mxl-soft-mul -Wl,--no-relax -Wl,--gc-sections -o "SEG7_upgrade.elf"  ./src/main.o ./src/platform.o   -Wl,--start-group,-lxil,-lgcc,-lc,--end-group
c:/programs/xilinx/sdk/2019.1/gnu/microblaze/nt/bin/../lib/gcc/microblaze-xilinx-elf/8.2.0/../../../../microblaze-xilinx-elf/bin/ld.exe: ./src/main.o: in function `main':
U:\Documents\SoC\TP\TP_ublaze_3IS\TP_ublaze_3IS.sdk\SEG7_upgrade\Debug/../src/main.c:62: undefined reference to `Xil_Out32'
collect2.exe: error: ld returned 1 exit status
make: *** [makefile:38: SEG7_upgrade.elf] Error 1
14:40:58 **** Auto Build of configuration Debug for project SEG7_upgrade ****
make all 
'Building file: ../src/main.c'
'Invoking: MicroBlaze gcc compiler'
mb-gcc -Wall -O0 -g3 -c -fmessage-length=0 -MT"src/main.o" -I../../SEG7_upgrade_bsp/microblaze_0/include -mlittle-endian -mcpu=v11.0 -mxl-soft-mul -Wl,--no-relax -ffunction-sections -fdata-sections -MMD -MP -MF"src/main.d" -MT"src/main.o" -o "src/main.o" "../src/main.c"
In file included from ../src/main.c:50:
../src/main.c: In function 'main':
../../SEG7_upgrade_bsp/microblaze_0/include/SEG7_IP.h:35:4: warning: implicit declaration of function 'Xil_Out32' [-Wimplicit-function-declaration]
    Xil_Out32((BaseAddress) + (RegOffset), (u32)(Data))
    ^~~~~~~~~
../src/main.c:62:5: note: in expansion of macro 'SEG7_IP_mWriteReg'
     SEG7_IP_mWriteReg(XPAR_SEG7_IP_0_S00_AXI_BASEADDR,SEG7_IP_S00_AXI_SLV_REG0_OFFSET, data);
     ^~~~~~~~~~~~~~~~~
../../SEG7_upgrade_bsp/microblaze_0/include/SEG7_IP.h:55:5: warning: implicit declaration of function 'Xil_In32' [-Wimplicit-function-declaration]
     Xil_In32((BaseAddress) + (RegOffset))
     ^~~~~~~~
../src/main.c:63:27: note: in expansion of macro 'SEG7_IP_mReadReg'
     uint32_t read_value = SEG7_IP_mReadReg(XPAR_SEG7_IP_0_S00_AXI_BASEADDR,SEG7_IP_S00_AXI_SLV_REG0_OFFSET);
                           ^~~~~~~~~~~~~~~~
../src/main.c:63:14: warning: unused variable 'read_value' [-Wunused-variable]
     uint32_t read_value = SEG7_IP_mReadReg(XPAR_SEG7_IP_0_S00_AXI_BASEADDR,SEG7_IP_S00_AXI_SLV_REG0_OFFSET);
              ^~~~~~~~~~
'Finished building: ../src/main.c'
' '
'Building target: SEG7_upgrade.elf'
'Invoking: MicroBlaze gcc linker'
mb-gcc -Wl,-T -Wl,../src/lscript.ld -L../../SEG7_upgrade_bsp/microblaze_0/lib -mlittle-endian -mcpu=v11.0 -mxl-soft-mul -Wl,--no-relax -Wl,--gc-sections -o "SEG7_upgrade.elf"  ./src/main.o ./src/platform.o   -Wl,--start-group,-lxil,-lgcc,-lc,--end-group
c:/programs/xilinx/sdk/2019.1/gnu/microblaze/nt/bin/../lib/gcc/microblaze-xilinx-elf/8.2.0/../../../../microblaze-xilinx-elf/bin/ld.exe: ./src/main.o: in function `main':
U:\Documents\SoC\TP\TP_ublaze_3IS\TP_ublaze_3IS.sdk\SEG7_upgrade\Debug/../src/main.c:62: undefined reference to `Xil_Out32'
c:/programs/xilinx/sdk/2019.1/gnu/microblaze/nt/bin/../lib/gcc/microblaze-xilinx-elf/8.2.0/../../../../microblaze-xilinx-elf/bin/ld.exe: U:\Documents\SoC\TP\TP_ublaze_3IS\TP_ublaze_3IS.sdk\SEG7_upgrade\Debug/../src/main.c:63: undefined reference to `Xil_In32'
collect2.exe: error: ld returned 1 exit status
make: *** [makefile:38: SEG7_upgrade.elf] Error 1
14:41:50 **** Auto Build of configuration Debug for project SEG7_upgrade ****
make all 
'Building file: ../src/main.c'
'Invoking: MicroBlaze gcc compiler'
mb-gcc -Wall -O0 -g3 -c -fmessage-length=0 -MT"src/main.o" -I../../SEG7_upgrade_bsp/microblaze_0/include -mlittle-endian -mcpu=v11.0 -mxl-soft-mul -Wl,--no-relax -ffunction-sections -fdata-sections -MMD -MP -MF"src/main.d" -MT"src/main.o" -o "src/main.o" "../src/main.c"
../src/main.c: In function 'main':
../src/main.c:64:14: warning: unused variable 'read_value' [-Wunused-variable]
     uint32_t read_value = SEG7_IP_mReadReg(XPAR_SEG7_IP_0_S00_AXI_BASEADDR,SEG7_IP_S00_AXI_SLV_REG0_OFFSET);
              ^~~~~~~~~~
'Finished building: ../src/main.c'
' '
'Building target: SEG7_upgrade.elf'
'Invoking: MicroBlaze gcc linker'
mb-gcc -Wl,-T -Wl,../src/lscript.ld -L../../SEG7_upgrade_bsp/microblaze_0/lib -mlittle-endian -mcpu=v11.0 -mxl-soft-mul -Wl,--no-relax -Wl,--gc-sections -o "SEG7_upgrade.elf"  ./src/main.o ./src/platform.o   -Wl,--start-group,-lxil,-lgcc,-lc,--end-group
'Finished building target: SEG7_upgrade.elf'
' '
'Invoking: MicroBlaze Print Size'
mb-size SEG7_upgrade.elf  |tee "SEG7_upgrade.elf.size"
   text	   data	    bss	    dec	    hex	filename
   3284	    320	   3108	   6712	   1a38	SEG7_upgrade.elf
'Finished building: SEG7_upgrade.elf.size'
' '
14:42:30 **** Auto Build of configuration Debug for project SEG7_upgrade ****
make all 
'Building file: ../src/main.c'
'Invoking: MicroBlaze gcc compiler'
mb-gcc -Wall -O0 -g3 -c -fmessage-length=0 -MT"src/main.o" -I../../SEG7_upgrade_bsp/microblaze_0/include -mlittle-endian -mcpu=v11.0 -mxl-soft-mul -Wl,--no-relax -ffunction-sections -fdata-sections -MMD -MP -MF"src/main.d" -MT"src/main.o" -o "src/main.o" "../src/main.c"
../src/main.c: In function 'main':
../src/main.c:65:5: error: too many arguments to function 'print'
     print("%d \n\r", read_value);
     ^~~~~
In file included from ../src/main.c:48:
c:\programs\xilinx\sdk\2019.1\gnu\microblaze\nt\microblaze-xilinx-elf\include\stdio.h:250:6: note: declared here
 void print (const char* );
      ^~~~~
make: *** [src/subdir.mk:26: src/main.o] Error 1
14:42:43 **** Auto Build of configuration Debug for project SEG7_upgrade ****
make all 
'Building file: ../src/main.c'
'Invoking: MicroBlaze gcc compiler'
mb-gcc -Wall -O0 -g3 -c -fmessage-length=0 -MT"src/main.o" -I../../SEG7_upgrade_bsp/microblaze_0/include -mlittle-endian -mcpu=v11.0 -mxl-soft-mul -Wl,--no-relax -ffunction-sections -fdata-sections -MMD -MP -MF"src/main.d" -MT"src/main.o" -o "src/main.o" "../src/main.c"
../src/main.c: In function 'main':
../src/main.c:65:14: warning: format '%d' expects argument of type 'int', but argument 2 has type 'uint32_t' {aka 'long unsigned int'} [-Wformat=]
     printf("%d \n\r", read_value);
             ~^        ~~~~~~~~~~
             %ld
'Finished building: ../src/main.c'
' '
'Building target: SEG7_upgrade.elf'
'Invoking: MicroBlaze gcc linker'
mb-gcc -Wl,-T -Wl,../src/lscript.ld -L../../SEG7_upgrade_bsp/microblaze_0/lib -mlittle-endian -mcpu=v11.0 -mxl-soft-mul -Wl,--no-relax -Wl,--gc-sections -o "SEG7_upgrade.elf"  ./src/main.o ./src/platform.o   -Wl,--start-group,-lxil,-lgcc,-lc,--end-group
'Finished building target: SEG7_upgrade.elf'
' '
'Invoking: MicroBlaze Print Size'
mb-size SEG7_upgrade.elf  |tee "SEG7_upgrade.elf.size"
   text	   data	    bss	    dec	    hex	filename
  94108	   1724	   3176	  99008	  182c0	SEG7_upgrade.elf
'Finished building: SEG7_upgrade.elf.size'
' '
14:43:00 **** Auto Build of configuration Debug for project SEG7_upgrade ****
make all 
'Building file: ../src/main.c'
'Invoking: MicroBlaze gcc compiler'
mb-gcc -Wall -O0 -g3 -c -fmessage-length=0 -MT"src/main.o" -I../../SEG7_upgrade_bsp/microblaze_0/include -mlittle-endian -mcpu=v11.0 -mxl-soft-mul -Wl,--no-relax -ffunction-sections -fdata-sections -MMD -MP -MF"src/main.d" -MT"src/main.o" -o "src/main.o" "../src/main.c"
../src/main.c: In function 'main':
../src/main.c:65:14: warning: format '%x' expects argument of type 'unsigned int', but argument 2 has type 'uint32_t' {aka 'long unsigned int'} [-Wformat=]
     printf("%x \n\r", read_value);
             ~^        ~~~~~~~~~~
             %lx
'Finished building: ../src/main.c'
' '
'Building target: SEG7_upgrade.elf'
'Invoking: MicroBlaze gcc linker'
mb-gcc -Wl,-T -Wl,../src/lscript.ld -L../../SEG7_upgrade_bsp/microblaze_0/lib -mlittle-endian -mcpu=v11.0 -mxl-soft-mul -Wl,--no-relax -Wl,--gc-sections -o "SEG7_upgrade.elf"  ./src/main.o ./src/platform.o   -Wl,--start-group,-lxil,-lgcc,-lc,--end-group
'Finished building target: SEG7_upgrade.elf'
' '
'Invoking: MicroBlaze Print Size'
mb-size SEG7_upgrade.elf  |tee "SEG7_upgrade.elf.size"
   text	   data	    bss	    dec	    hex	filename
  94108	   1724	   3176	  99008	  182c0	SEG7_upgrade.elf
'Finished building: SEG7_upgrade.elf.size'
' '
14:43:19 **** Incremental Build of configuration Debug for project SEG7_upgrade ****
make all 
make: Nothing to be done for 'all'.
14:43:47 **** Auto Build of configuration Debug for project SEG7_upgrade ****
make all 
'Building file: ../src/main.c'
'Invoking: MicroBlaze gcc compiler'
mb-gcc -Wall -O0 -g3 -c -fmessage-length=0 -MT"src/main.o" -I../../SEG7_upgrade_bsp/microblaze_0/include -mlittle-endian -mcpu=v11.0 -mxl-soft-mul -Wl,--no-relax -ffunction-sections -fdata-sections -MMD -MP -MF"src/main.d" -MT"src/main.o" -o "src/main.o" "../src/main.c"
../src/main.c: In function 'main':
../src/main.c:63:14: warning: format '%x' expects argument of type 'unsigned int', but argument 2 has type 'uint32_t' {aka 'long unsigned int'} [-Wformat=]
     printf("%x \n\r", read_value);
             ~^        ~~~~~~~~~~
             %lx
'Finished building: ../src/main.c'
' '
'Building target: SEG7_upgrade.elf'
'Invoking: MicroBlaze gcc linker'
mb-gcc -Wl,-T -Wl,../src/lscript.ld -L../../SEG7_upgrade_bsp/microblaze_0/lib -mlittle-endian -mcpu=v11.0 -mxl-soft-mul -Wl,--no-relax -Wl,--gc-sections -o "SEG7_upgrade.elf"  ./src/main.o ./src/platform.o   -Wl,--start-group,-lxil,-lgcc,-lc,--end-group
'Finished building target: SEG7_upgrade.elf'
' '
'Invoking: MicroBlaze Print Size'
mb-size SEG7_upgrade.elf  |tee "SEG7_upgrade.elf.size"
   text	   data	    bss	    dec	    hex	filename
  94000	   1724	   3172	  98896	  18250	SEG7_upgrade.elf
'Finished building: SEG7_upgrade.elf.size'
' '
14:43:56 **** Incremental Build of configuration Debug for project SEG7_upgrade ****
make all 
make: Nothing to be done for 'all'.
14:44:29 **** Auto Build of configuration Debug for project SEG7_upgrade ****
make all 
'Building file: ../src/main.c'
'Invoking: MicroBlaze gcc compiler'
mb-gcc -Wall -O0 -g3 -c -fmessage-length=0 -MT"src/main.o" -I../../SEG7_upgrade_bsp/microblaze_0/include -mlittle-endian -mcpu=v11.0 -mxl-soft-mul -Wl,--no-relax -ffunction-sections -fdata-sections -MMD -MP -MF"src/main.d" -MT"src/main.o" -o "src/main.o" "../src/main.c"
'Finished building: ../src/main.c'
' '
'Building target: SEG7_upgrade.elf'
'Invoking: MicroBlaze gcc linker'
mb-gcc -Wl,-T -Wl,../src/lscript.ld -L../../SEG7_upgrade_bsp/microblaze_0/lib -mlittle-endian -mcpu=v11.0 -mxl-soft-mul -Wl,--no-relax -Wl,--gc-sections -o "SEG7_upgrade.elf"  ./src/main.o ./src/platform.o   -Wl,--start-group,-lxil,-lgcc,-lc,--end-group
'Finished building target: SEG7_upgrade.elf'
' '
'Invoking: MicroBlaze Print Size'
mb-size SEG7_upgrade.elf  |tee "SEG7_upgrade.elf.size"
   text	   data	    bss	    dec	    hex	filename
   8244	    684	   3112	  12040	   2f08	SEG7_upgrade.elf
'Finished building: SEG7_upgrade.elf.size'
' '
14:44:39 **** Incremental Build of configuration Debug for project SEG7_upgrade ****
make all 
make: Nothing to be done for 'all'.
14:46:18 **** Auto Build of configuration Debug for project SEG7_upgrade ****
make all 
'Building file: ../src/main.c'
'Invoking: MicroBlaze gcc compiler'
mb-gcc -Wall -O0 -g3 -c -fmessage-length=0 -MT"src/main.o" -I../../SEG7_upgrade_bsp/microblaze_0/include -mlittle-endian -mcpu=v11.0 -mxl-soft-mul -Wl,--no-relax -ffunction-sections -fdata-sections -MMD -MP -MF"src/main.d" -MT"src/main.o" -o "src/main.o" "../src/main.c"
../src/main.c: In function 'main':
../src/main.c:67:14: warning: unused variable 'read_value4' [-Wunused-variable]
     uint32_t read_value4 = SEG7_IP_mReadReg(XPAR_SEG7_IP_0_S00_AXI_BASEADDR,SEG7_IP_S00_AXI_SLV_REG3_OFFSET);
              ^~~~~~~~~~~
../src/main.c:66:14: warning: unused variable 'read_value3' [-Wunused-variable]
     uint32_t read_value3 = SEG7_IP_mReadReg(XPAR_SEG7_IP_0_S00_AXI_BASEADDR,SEG7_IP_S00_AXI_SLV_REG2_OFFSET);
              ^~~~~~~~~~~
../src/main.c:65:14: warning: unused variable 'read_value2' [-Wunused-variable]
     uint32_t read_value2 = SEG7_IP_mReadReg(XPAR_SEG7_IP_0_S00_AXI_BASEADDR,SEG7_IP_S00_AXI_SLV_REG1_OFFSET);
              ^~~~~~~~~~~
'Finished building: ../src/main.c'
' '
'Building target: SEG7_upgrade.elf'
'Invoking: MicroBlaze gcc linker'
mb-gcc -Wl,-T -Wl,../src/lscript.ld -L../../SEG7_upgrade_bsp/microblaze_0/lib -mlittle-endian -mcpu=v11.0 -mxl-soft-mul -Wl,--no-relax -Wl,--gc-sections -o "SEG7_upgrade.elf"  ./src/main.o ./src/platform.o   -Wl,--start-group,-lxil,-lgcc,-lc,--end-group
'Finished building target: SEG7_upgrade.elf'
' '
'Invoking: MicroBlaze Print Size'
mb-size SEG7_upgrade.elf  |tee "SEG7_upgrade.elf.size"
   text	   data	    bss	    dec	    hex	filename
   8376	    684	   3108	  12168	   2f88	SEG7_upgrade.elf
'Finished building: SEG7_upgrade.elf.size'
' '
14:47:06 **** Auto Build of configuration Debug for project SEG7_upgrade ****
make all 
'Building file: ../src/main.c'
'Invoking: MicroBlaze gcc compiler'
mb-gcc -Wall -O0 -g3 -c -fmessage-length=0 -MT"src/main.o" -I../../SEG7_upgrade_bsp/microblaze_0/include -mlittle-endian -mcpu=v11.0 -mxl-soft-mul -Wl,--no-relax -ffunction-sections -fdata-sections -MMD -MP -MF"src/main.d" -MT"src/main.o" -o "src/main.o" "../src/main.c"
'Finished building: ../src/main.c'
' '
'Building target: SEG7_upgrade.elf'
'Invoking: MicroBlaze gcc linker'
mb-gcc -Wl,-T -Wl,../src/lscript.ld -L../../SEG7_upgrade_bsp/microblaze_0/lib -mlittle-endian -mcpu=v11.0 -mxl-soft-mul -Wl,--no-relax -Wl,--gc-sections -o "SEG7_upgrade.elf"  ./src/main.o ./src/platform.o   -Wl,--start-group,-lxil,-lgcc,-lc,--end-group
'Finished building target: SEG7_upgrade.elf'
' '
'Invoking: MicroBlaze Print Size'
mb-size SEG7_upgrade.elf  |tee "SEG7_upgrade.elf.size"
   text	   data	    bss	    dec	    hex	filename
   8396	    684	   3112	  12192	   2fa0	SEG7_upgrade.elf
'Finished building: SEG7_upgrade.elf.size'
' '
14:47:09 **** Incremental Build of configuration Debug for project SEG7_upgrade ****
make all 
make: Nothing to be done for 'all'.
17:01:38 **** Clean-only build of project SEG7_upgrade_bsp ****
make -k clean 
make -C microblaze_0/libsrc/cpu_v2_9/src -s clean 
make -C microblaze_0/libsrc/tmrctr_v4_5/src -s clean 
rm -f microblaze_0/lib/libxil.a
17:01:38 **** Clean-only build of configuration Debug for project SEG7_upgrade ****
make clean 
rm -rf  ./src/main.o ./src/platform.o  ./src/main.d ./src/platform.d  SEG7_upgrade.elf.size  SEG7_upgrade.elf
' '
17:01:39 **** Build of project SEG7_upgrade_bsp ****
make -k all 
"Running Make include in microblaze_0/libsrc/cpu_v2_9/src"
make -C microblaze_0/libsrc/cpu_v2_9/src -s include  "SHELL=CMD" "COMPILER=mb-gcc" "ARCHIVER=mb-ar" "COMPILER_FLAGS=  -O2 -c -mcpu=v11.0 -mlittle-endian -mxl-soft-mul" "EXTRA_COMPILER_FLAGS=-ffunction-sections -fdata-sections -Wall -Wextra"
"Running Make include in microblaze_0/libsrc/tmrctr_v4_5/src"
make -C microblaze_0/libsrc/tmrctr_v4_5/src -s include  "SHELL=CMD" "COMPILER=mb-gcc" "ARCHIVER=mb-ar" "COMPILER_FLAGS=  -O2 -c -mcpu=v11.0 -mlittle-endian -mxl-soft-mul" "EXTRA_COMPILER_FLAGS=-ffunction-sections -fdata-sections -Wall -Wextra"
"Running Make libs in microblaze_0/libsrc/cpu_v2_9/src"
make -C microblaze_0/libsrc/cpu_v2_9/src -s libs  "SHELL=CMD" "COMPILER=mb-gcc" "ARCHIVER=mb-ar" "COMPILER_FLAGS=  -O2 -c -mcpu=v11.0 -mlittle-endian -mxl-soft-mul" "EXTRA_COMPILER_FLAGS=-ffunction-sections -fdata-sections -Wall -Wextra"
"Compiling cpu"
In file included from xio.c:58:
xio.h:86:10: fatal error: xil_types.h: No such file or directory
 #include "xil_types.h"
"Running Make libs in microblaze_0/libsrc/tmrctr_v4_5/src"
          ^~~~~~~~~~~~~
compilation terminated.
make -C microblaze_0/libsrc/tmrctr_v4_5/src -s libs  "SHELL=CMD" "COMPILER=mb-gcc" "ARCHIVER=mb-ar" "COMPILER_FLAGS=  -O2 -c -mcpu=v11.0 -mlittle-endian -mxl-soft-mul" "EXTRA_COMPILER_FLAGS=-ffunction-sections -fdata-sections -Wall -Wextra"
make[1]: *** [Makefile:19: libs] Error 1
"Compiling tmrctr"
make: *** [Makefile:30: microblaze_0/libsrc/cpu_v2_9/src/make.libs] Error 2
xtmrctr.c:72:10: fatal error: xstatus.h: No such file or directory
 #include "xstatus.h"
          ^~~~~~~~~~~
compilation terminated.
In file included from xtmrctr_g.c:53:
xtmrctr.h:177:10: fatal error: xil_types.h: No such file or directory
 #include "xil_types.h"
          ^~~~~~~~~~~~~
compilation terminated.
In file included from xtmrctr_intr.c:54:
xtmrctr.h:177:10: fatal error: xil_types.h: No such file or directory
 #include "xil_types.h"
          ^~~~~~~~~~~~~
compilation terminated.
In file included from xtmrctr_l.c:54:
xtmrctr_l.h:74:10: fatal error: xil_types.h: No such file or directory
 #include "xil_types.h"
          ^~~~~~~~~~~~~
compilation terminated.
In file included from xtmrctr_options.c:53:
xtmrctr.h:177:10: fatal error: xil_types.h: No such file or directory
 #include "xil_types.h"
          ^~~~~~~~~~~~~
compilation terminated.
xtmrctr_selftest.c:52:10: fatal error: xil_io.h: No such file or directory
 #include "xil_io.h"
          ^~~~~~~~~~
compilation terminated.
xtmrctr_sinit.c:52:10: fatal error: xparameters.h: No such file or directory
 #include "xparameters.h"
          ^~~~~~~~~~~~~~~
compilation terminated.
In file included from xtmrctr_stats.c:51:
xtmrctr.h:177:10: fatal error: xil_types.h: No such file or directory
 #include "xil_types.h"
          ^~~~~~~~~~~~~
compilation terminated.
make[1]: *** [Makefile:19: libs] Error 1
make: *** [Makefile:30: microblaze_0/libsrc/tmrctr_v4_5/src/make.libs] Error 2
make: Target 'all' not remade because of errors.
17:01:41 **** Build of configuration Debug for project SEG7_upgrade ****
make all 
'Building file: ../src/main.c'
'Invoking: MicroBlaze gcc compiler'
mb-gcc -Wall -O0 -g3 -c -fmessage-length=0 -MT"src/main.o" -I../../SEG7_upgrade_bsp/microblaze_0/include -mlittle-endian -mcpu=v11.0 -mxl-soft-mul -Wl,--no-relax -ffunction-sections -fdata-sections -MMD -MP -MF"src/main.d" -MT"src/main.o" -o "src/main.o" "../src/main.c"
../src/main.c:50:10: fatal error: SEG7_IP.h: No such file or directory
 #include "SEG7_IP.h"
          ^~~~~~~~~~~
compilation terminated.
make: *** [src/subdir.mk:26: src/main.o] Error 1
17:04:29 **** Build of project SEG7_upgrade_bsp ****
make -k all 
"Running Make include in microblaze_0/libsrc/cpu_v2_9/src"
make -C microblaze_0/libsrc/cpu_v2_9/src -s include  "SHELL=CMD" "COMPILER=mb-gcc" "ARCHIVER=mb-ar" "COMPILER_FLAGS=  -O2 -c -mcpu=v11.0 -mlittle-endian -mxl-soft-mul" "EXTRA_COMPILER_FLAGS=-ffunction-sections -fdata-sections -Wall -Wextra"
"Running Make include in microblaze_0/libsrc/tmrctr_v4_5/src"
make -C microblaze_0/libsrc/tmrctr_v4_5/src -s include  "SHELL=CMD" "COMPILER=mb-gcc" "ARCHIVER=mb-ar" "COMPILER_FLAGS=  -O2 -c -mcpu=v11.0 -mlittle-endian -mxl-soft-mul" "EXTRA_COMPILER_FLAGS=-ffunction-sections -fdata-sections -Wall -Wextra"
"Running Make libs in microblaze_0/libsrc/cpu_v2_9/src"
make -C microblaze_0/libsrc/cpu_v2_9/src -s libs  "SHELL=CMD" "COMPILER=mb-gcc" "ARCHIVER=mb-ar" "COMPILER_FLAGS=  -O2 -c -mcpu=v11.0 -mlittle-endian -mxl-soft-mul" "EXTRA_COMPILER_FLAGS=-ffunction-sections -fdata-sections -Wall -Wextra"
"Compiling cpu"
In file included from xio.c:58:
xio.h:86:10: fatal error: xil_types.h: No such file or directory
 #include "xil_types.h"
          ^~~~~~~~~~~~~
"Running Make libs in microblaze_0/libsrc/tmrctr_v4_5/src"
compilation terminated.
make -C microblaze_0/libsrc/tmrctr_v4_5/src -s libs  "SHELL=CMD" "COMPILER=mb-gcc" "ARCHIVER=mb-ar" "COMPILER_FLAGS=  -O2 -c -mcpu=v11.0 -mlittle-endian -mxl-soft-mul" "EXTRA_COMPILER_FLAGS=-ffunction-sections -fdata-sections -Wall -Wextra"
make[1]: *** [Makefile:19: libs] Error 1
make: *** [Makefile:30: microblaze_0/libsrc/cpu_v2_9/src/make.libs] Error 2
"Compiling tmrctr"
xtmrctr.c:72:10: fatal error: xstatus.h: No such file or directory
 #include "xstatus.h"
          ^~~~~~~~~~~
compilation terminated.
In file included from xtmrctr_g.c:53:
xtmrctr.h:177:10: fatal error: xil_types.h: No such file or directory
 #include "xil_types.h"
          ^~~~~~~~~~~~~
compilation terminated.
In file included from xtmrctr_intr.c:54:
xtmrctr.h:177:10: fatal error: xil_types.h: No such file or directory
 #include "xil_types.h"
          ^~~~~~~~~~~~~
compilation terminated.
In file included from xtmrctr_l.c:54:
xtmrctr_l.h:74:10: fatal error: xil_types.h: No such file or directory
 #include "xil_types.h"
          ^~~~~~~~~~~~~
compilation terminated.
In file included from xtmrctr_options.c:53:
xtmrctr.h:177:10: fatal error: xil_types.h: No such file or directory
 #include "xil_types.h"
          ^~~~~~~~~~~~~
compilation terminated.
xtmrctr_selftest.c:52:10: fatal error: xil_io.h: No such file or directory
 #include "xil_io.h"
          ^~~~~~~~~~
compilation terminated.
xtmrctr_sinit.c:52:10: fatal error: xparameters.h: No such file or directory
 #include "xparameters.h"
          ^~~~~~~~~~~~~~~
compilation terminated.
In file included from xtmrctr_stats.c:51:
xtmrctr.h:177:10: fatal error: xil_types.h: No such file or directory
 #include "xil_types.h"
          ^~~~~~~~~~~~~
compilation terminated.
make[1]: *** [Makefile:19: libs] Error 1
make: *** [Makefile:30: microblaze_0/libsrc/tmrctr_v4_5/src/make.libs] Error 2
make: Target 'all' not remade because of errors.
17:04:31 **** Build of configuration Debug for project SEG7_upgrade ****
make all 
'Building file: ../src/main.c'
'Invoking: MicroBlaze gcc compiler'
mb-gcc -Wall -O0 -g3 -c -fmessage-length=0 -MT"src/main.o" -I../../SEG7_upgrade_bsp/microblaze_0/include -mlittle-endian -mcpu=v11.0 -mxl-soft-mul -Wl,--no-relax -ffunction-sections -fdata-sections -MMD -MP -MF"src/main.d" -MT"src/main.o" -o "src/main.o" "../src/main.c"
../src/main.c:50:10: fatal error: SEG7_IP.h: No such file or directory
 #include "SEG7_IP.h"
          ^~~~~~~~~~~
compilation terminated.
make: *** [src/subdir.mk:26: src/main.o] Error 1
17:04:32 **** Build of project Test_IP_bsp ****
make -k all 
"Running Make include in microblaze_0/libsrc/bram_v4_3/src"
make -C microblaze_0/libsrc/bram_v4_3/src -s include  "SHELL=CMD" "COMPILER=mb-gcc" "ARCHIVER=mb-ar" "COMPILER_FLAGS=  -O2 -c -mcpu=v11.0 -mlittle-endian -mxl-soft-mul" "EXTRA_COMPILER_FLAGS=-ffunction-sections -fdata-sections -Wall -Wextra"
"Running Make include in microblaze_0/libsrc/cpu_v2_9/src"
make -C microblaze_0/libsrc/cpu_v2_9/src -s include  "SHELL=CMD" "COMPILER=mb-gcc" "ARCHIVER=mb-ar" "COMPILER_FLAGS=  -O2 -c -mcpu=v11.0 -mlittle-endian -mxl-soft-mul" "EXTRA_COMPILER_FLAGS=-ffunction-sections -fdata-sections -Wall -Wextra"
"Running Make include in microblaze_0/libsrc/gpio_v4_4/src"
make -C microblaze_0/libsrc/gpio_v4_4/src -s include  "SHELL=CMD" "COMPILER=mb-gcc" "ARCHIVER=mb-ar" "COMPILER_FLAGS=  -O2 -c -mcpu=v11.0 -mlittle-endian -mxl-soft-mul" "EXTRA_COMPILER_FLAGS=-ffunction-sections -fdata-sections -Wall -Wextra"
"Running Make include in microblaze_0/libsrc/intc_v3_9/src"
make -C microblaze_0/libsrc/intc_v3_9/src -s include  "SHELL=CMD" "COMPILER=mb-gcc" "ARCHIVER=mb-ar" "COMPILER_FLAGS=  -O2 -c -mcpu=v11.0 -mlittle-endian -mxl-soft-mul" "EXTRA_COMPILER_FLAGS=-ffunction-sections -fdata-sections -Wall -Wextra"
"Running Make include in microblaze_0/libsrc/standalone_v7_0/src"
make -C microblaze_0/libsrc/standalone_v7_0/src -s include  "SHELL=CMD" "COMPILER=mb-gcc" "ARCHIVER=mb-ar" "COMPILER_FLAGS=  -O2 -c -mcpu=v11.0 -mlittle-endian -mxl-soft-mul" "EXTRA_COMPILER_FLAGS=-ffunction-sections -fdata-sections -Wall -Wextra"
"Running Make include in microblaze_0/libsrc/tmrctr_v4_5/src"
make -C microblaze_0/libsrc/tmrctr_v4_5/src -s include  "SHELL=CMD" "COMPILER=mb-gcc" "ARCHIVER=mb-ar" "COMPILER_FLAGS=  -O2 -c -mcpu=v11.0 -mlittle-endian -mxl-soft-mul" "EXTRA_COMPILER_FLAGS=-ffunction-sections -fdata-sections -Wall -Wextra"
"Running Make include in microblaze_0/libsrc/uartlite_v3_2/src"
make -C microblaze_0/libsrc/uartlite_v3_2/src -s include  "SHELL=CMD" "COMPILER=mb-gcc" "ARCHIVER=mb-ar" "COMPILER_FLAGS=  -O2 -c -mcpu=v11.0 -mlittle-endian -mxl-soft-mul" "EXTRA_COMPILER_FLAGS=-ffunction-sections -fdata-sections -Wall -Wextra"
"Running Make libs in microblaze_0/libsrc/bram_v4_3/src"
make -C microblaze_0/libsrc/bram_v4_3/src -s libs  "SHELL=CMD" "COMPILER=mb-gcc" "ARCHIVER=mb-ar" "COMPILER_FLAGS=  -O2 -c -mcpu=v11.0 -mlittle-endian -mxl-soft-mul" "EXTRA_COMPILER_FLAGS=-ffunction-sections -fdata-sections -Wall -Wextra"
"Compiling bram"
"Running Make libs in microblaze_0/libsrc/cpu_v2_9/src"
make -C microblaze_0/libsrc/cpu_v2_9/src -s libs  "SHELL=CMD" "COMPILER=mb-gcc" "ARCHIVER=mb-ar" "COMPILER_FLAGS=  -O2 -c -mcpu=v11.0 -mlittle-endian -mxl-soft-mul" "EXTRA_COMPILER_FLAGS=-ffunction-sections -fdata-sections -Wall -Wextra"
"Compiling cpu"
"Running Make libs in microblaze_0/libsrc/gpio_v4_4/src"
make -C microblaze_0/libsrc/gpio_v4_4/src -s libs  "SHELL=CMD" "COMPILER=mb-gcc" "ARCHIVER=mb-ar" "COMPILER_FLAGS=  -O2 -c -mcpu=v11.0 -mlittle-endian -mxl-soft-mul" "EXTRA_COMPILER_FLAGS=-ffunction-sections -fdata-sections -Wall -Wextra"
"Compiling gpio"
"Running Make libs in microblaze_0/libsrc/intc_v3_9/src"
make -C microblaze_0/libsrc/intc_v3_9/src -s libs  "SHELL=CMD" "COMPILER=mb-gcc" "ARCHIVER=mb-ar" "COMPILER_FLAGS=  -O2 -c -mcpu=v11.0 -mlittle-endian -mxl-soft-mul" "EXTRA_COMPILER_FLAGS=-ffunction-sections -fdata-sections -Wall -Wextra"
"Compiling intc"
"Running Make libs in microblaze_0/libsrc/standalone_v7_0/src"
make -C microblaze_0/libsrc/standalone_v7_0/src -s libs  "SHELL=CMD" "COMPILER=mb-gcc" "ARCHIVER=mb-ar" "COMPILER_FLAGS=  -O2 -c -mcpu=v11.0 -mlittle-endian -mxl-soft-mul" "EXTRA_COMPILER_FLAGS=-ffunction-sections -fdata-sections -Wall -Wextra"
"Compiling standalone";
microblaze_sleep.c:77:9: note: #pragma message: For the sleep routines, assembly instructions are used
 #pragma message ("For the sleep routines, assembly instructions are used")
         ^~~~~~~
"Running Make libs in microblaze_0/libsrc/tmrctr_v4_5/src"
make -C microblaze_0/libsrc/tmrctr_v4_5/src -s libs  "SHELL=CMD" "COMPILER=mb-gcc" "ARCHIVER=mb-ar" "COMPILER_FLAGS=  -O2 -c -mcpu=v11.0 -mlittle-endian -mxl-soft-mul" "EXTRA_COMPILER_FLAGS=-ffunction-sections -fdata-sections -Wall -Wextra"
"Compiling tmrctr"
"Running Make libs in microblaze_0/libsrc/uartlite_v3_2/src"
make -C microblaze_0/libsrc/uartlite_v3_2/src -s libs  "SHELL=CMD" "COMPILER=mb-gcc" "ARCHIVER=mb-ar" "COMPILER_FLAGS=  -O2 -c -mcpu=v11.0 -mlittle-endian -mxl-soft-mul" "EXTRA_COMPILER_FLAGS=-ffunction-sections -fdata-sections -Wall -Wextra"
"Compiling uartlite"
'Finished building libraries'
17:04:46 **** Build of configuration Debug for project Test_IP ****
make all 
'Building file: ../src/main.c'
'Invoking: MicroBlaze gcc compiler'
mb-gcc -Wall -O0 -g3 -c -fmessage-length=0 -MT"src/main.o" -I../../Test_IP_bsp/microblaze_0/include -mlittle-endian -mcpu=v11.0 -mxl-soft-mul -Wl,--no-relax -ffunction-sections -fdata-sections -MMD -MP -MF"src/main.d" -MT"src/main.o" -o "src/main.o" "../src/main.c"
'Finished building: ../src/main.c'
' '
'Building file: ../src/platform.c'
'Invoking: MicroBlaze gcc compiler'
mb-gcc -Wall -O0 -g3 -c -fmessage-length=0 -MT"src/platform.o" -I../../Test_IP_bsp/microblaze_0/include -mlittle-endian -mcpu=v11.0 -mxl-soft-mul -Wl,--no-relax -ffunction-sections -fdata-sections -MMD -MP -MF"src/platform.d" -MT"src/platform.o" -o "src/platform.o" "../src/platform.c"
'Finished building: ../src/platform.c'
' '
'Building target: Test_IP.elf'
'Invoking: MicroBlaze gcc linker'
mb-gcc -Wl,-T -Wl,../src/lscript.ld -L../../Test_IP_bsp/microblaze_0/lib -mlittle-endian -mcpu=v11.0 -mxl-soft-mul -Wl,--no-relax -Wl,--gc-sections -o "Test_IP.elf"  ./src/main.o ./src/platform.o   -Wl,--start-group,-lxil,-lgcc,-lc,--end-group
'Finished building target: Test_IP.elf'
' '
'Invoking: MicroBlaze Print Size'
mb-size Test_IP.elf  |tee "Test_IP.elf.size"
   text	   data	    bss	    dec	    hex	filename
   4596	    372	   3168	   8136	   1fc8	Test_IP.elf
'Finished building: Test_IP.elf.size'
' '
17:04:47 **** Build of project Test_SEG7_bsp ****
make -k all 
"Running Make include in microblaze_0/libsrc/bram_v4_3/src"
make -C microblaze_0/libsrc/bram_v4_3/src -s include  "SHELL=CMD" "COMPILER=mb-gcc" "ARCHIVER=mb-ar" "COMPILER_FLAGS=  -O2 -c -mcpu=v11.0 -mlittle-endian -mxl-soft-mul" "EXTRA_COMPILER_FLAGS=-ffunction-sections -fdata-sections -Wall -Wextra"
"Running Make include in microblaze_0/libsrc/cpu_v2_9/src"
make -C microblaze_0/libsrc/cpu_v2_9/src -s include  "SHELL=CMD" "COMPILER=mb-gcc" "ARCHIVER=mb-ar" "COMPILER_FLAGS=  -O2 -c -mcpu=v11.0 -mlittle-endian -mxl-soft-mul" "EXTRA_COMPILER_FLAGS=-ffunction-sections -fdata-sections -Wall -Wextra"
"Running Make include in microblaze_0/libsrc/gpio_v4_4/src"
make -C microblaze_0/libsrc/gpio_v4_4/src -s include  "SHELL=CMD" "COMPILER=mb-gcc" "ARCHIVER=mb-ar" "COMPILER_FLAGS=  -O2 -c -mcpu=v11.0 -mlittle-endian -mxl-soft-mul" "EXTRA_COMPILER_FLAGS=-ffunction-sections -fdata-sections -Wall -Wextra"
"Running Make include in microblaze_0/libsrc/intc_v3_9/src"
make -C microblaze_0/libsrc/intc_v3_9/src -s include  "SHELL=CMD" "COMPILER=mb-gcc" "ARCHIVER=mb-ar" "COMPILER_FLAGS=  -O2 -c -mcpu=v11.0 -mlittle-endian -mxl-soft-mul" "EXTRA_COMPILER_FLAGS=-ffunction-sections -fdata-sections -Wall -Wextra"
"Running Make include in microblaze_0/libsrc/standalone_v7_0/src"
make -C microblaze_0/libsrc/standalone_v7_0/src -s include  "SHELL=CMD" "COMPILER=mb-gcc" "ARCHIVER=mb-ar" "COMPILER_FLAGS=  -O2 -c -mcpu=v11.0 -mlittle-endian -mxl-soft-mul" "EXTRA_COMPILER_FLAGS=-ffunction-sections -fdata-sections -Wall -Wextra"
"Running Make include in microblaze_0/libsrc/tmrctr_v4_5/src"
make -C microblaze_0/libsrc/tmrctr_v4_5/src -s include  "SHELL=CMD" "COMPILER=mb-gcc" "ARCHIVER=mb-ar" "COMPILER_FLAGS=  -O2 -c -mcpu=v11.0 -mlittle-endian -mxl-soft-mul" "EXTRA_COMPILER_FLAGS=-ffunction-sections -fdata-sections -Wall -Wextra"
"Running Make include in microblaze_0/libsrc/uartlite_v3_2/src"
make -C microblaze_0/libsrc/uartlite_v3_2/src -s include  "SHELL=CMD" "COMPILER=mb-gcc" "ARCHIVER=mb-ar" "COMPILER_FLAGS=  -O2 -c -mcpu=v11.0 -mlittle-endian -mxl-soft-mul" "EXTRA_COMPILER_FLAGS=-ffunction-sections -fdata-sections -Wall -Wextra"
"Running Make libs in microblaze_0/libsrc/bram_v4_3/src"
make -C microblaze_0/libsrc/bram_v4_3/src -s libs  "SHELL=CMD" "COMPILER=mb-gcc" "ARCHIVER=mb-ar" "COMPILER_FLAGS=  -O2 -c -mcpu=v11.0 -mlittle-endian -mxl-soft-mul" "EXTRA_COMPILER_FLAGS=-ffunction-sections -fdata-sections -Wall -Wextra"
"Compiling bram"
"Running Make libs in microblaze_0/libsrc/cpu_v2_9/src"
make -C microblaze_0/libsrc/cpu_v2_9/src -s libs  "SHELL=CMD" "COMPILER=mb-gcc" "ARCHIVER=mb-ar" "COMPILER_FLAGS=  -O2 -c -mcpu=v11.0 -mlittle-endian -mxl-soft-mul" "EXTRA_COMPILER_FLAGS=-ffunction-sections -fdata-sections -Wall -Wextra"
"Compiling cpu"
"Running Make libs in microblaze_0/libsrc/gpio_v4_4/src"
make -C microblaze_0/libsrc/gpio_v4_4/src -s libs  "SHELL=CMD" "COMPILER=mb-gcc" "ARCHIVER=mb-ar" "COMPILER_FLAGS=  -O2 -c -mcpu=v11.0 -mlittle-endian -mxl-soft-mul" "EXTRA_COMPILER_FLAGS=-ffunction-sections -fdata-sections -Wall -Wextra"
"Compiling gpio"
"Running Make libs in microblaze_0/libsrc/intc_v3_9/src"
make -C microblaze_0/libsrc/intc_v3_9/src -s libs  "SHELL=CMD" "COMPILER=mb-gcc" "ARCHIVER=mb-ar" "COMPILER_FLAGS=  -O2 -c -mcpu=v11.0 -mlittle-endian -mxl-soft-mul" "EXTRA_COMPILER_FLAGS=-ffunction-sections -fdata-sections -Wall -Wextra"
"Compiling intc"
"Running Make libs in microblaze_0/libsrc/standalone_v7_0/src"
make -C microblaze_0/libsrc/standalone_v7_0/src -s libs  "SHELL=CMD" "COMPILER=mb-gcc" "ARCHIVER=mb-ar" "COMPILER_FLAGS=  -O2 -c -mcpu=v11.0 -mlittle-endian -mxl-soft-mul" "EXTRA_COMPILER_FLAGS=-ffunction-sections -fdata-sections -Wall -Wextra"
"Compiling standalone";
microblaze_sleep.c:77:9: note: #pragma message: For the sleep routines, assembly instructions are used
 #pragma message ("For the sleep routines, assembly instructions are used")
         ^~~~~~~
"Running Make libs in microblaze_0/libsrc/tmrctr_v4_5/src"
make -C microblaze_0/libsrc/tmrctr_v4_5/src -s libs  "SHELL=CMD" "COMPILER=mb-gcc" "ARCHIVER=mb-ar" "COMPILER_FLAGS=  -O2 -c -mcpu=v11.0 -mlittle-endian -mxl-soft-mul" "EXTRA_COMPILER_FLAGS=-ffunction-sections -fdata-sections -Wall -Wextra"
"Compiling tmrctr"
"Running Make libs in microblaze_0/libsrc/uartlite_v3_2/src"
make -C microblaze_0/libsrc/uartlite_v3_2/src -s libs  "SHELL=CMD" "COMPILER=mb-gcc" "ARCHIVER=mb-ar" "COMPILER_FLAGS=  -O2 -c -mcpu=v11.0 -mlittle-endian -mxl-soft-mul" "EXTRA_COMPILER_FLAGS=-ffunction-sections -fdata-sections -Wall -Wextra"
"Compiling uartlite"
'Finished building libraries'
17:05:04 **** Build of configuration Debug for project Test_SEG7 ****
make all 
'Building file: ../src/main.c'
'Invoking: MicroBlaze gcc compiler'
mb-gcc -Wall -O0 -g3 -c -fmessage-length=0 -MT"src/main.o" -I../../Test_SEG7_bsp/microblaze_0/include -mlittle-endian -mcpu=v11.0 -mxl-soft-mul -Wl,--no-relax -ffunction-sections -fdata-sections -MMD -MP -MF"src/main.d" -MT"src/main.o" -o "src/main.o" "../src/main.c"
'Finished building: ../src/main.c'
' '
'Building file: ../src/platform.c'
'Invoking: MicroBlaze gcc compiler'
mb-gcc -Wall -O0 -g3 -c -fmessage-length=0 -MT"src/platform.o" -I../../Test_SEG7_bsp/microblaze_0/include -mlittle-endian -mcpu=v11.0 -mxl-soft-mul -Wl,--no-relax -ffunction-sections -fdata-sections -MMD -MP -MF"src/platform.d" -MT"src/platform.o" -o "src/platform.o" "../src/platform.c"
'Finished building: ../src/platform.c'
' '
'Building target: Test_SEG7.elf'
'Invoking: MicroBlaze gcc linker'
mb-gcc -Wl,-T -Wl,../src/lscript.ld -L../../Test_SEG7_bsp/microblaze_0/lib -mlittle-endian -mcpu=v11.0 -mxl-soft-mul -Wl,--no-relax -Wl,--gc-sections -o "Test_SEG7.elf"  ./src/main.o ./src/platform.o   -Wl,--start-group,-lxil,-lgcc,-lc,--end-group
'Finished building target: Test_SEG7.elf'
' '
'Invoking: MicroBlaze Print Size'
mb-size Test_SEG7.elf  |tee "Test_SEG7.elf.size"
   text	   data	    bss	    dec	    hex	filename
   4632	    436	   3196	   8264	   2048	Test_SEG7.elf
'Finished building: Test_SEG7.elf.size'
' '
17:05:06 **** Build of project animer_hello_bsp ****
make -k all 
"Running Make include in microblaze_0/libsrc/bram_v4_3/src"
make -C microblaze_0/libsrc/bram_v4_3/src -s include  "SHELL=CMD" "COMPILER=mb-gcc" "ARCHIVER=mb-ar" "COMPILER_FLAGS=  -O2 -c -mcpu=v11.0 -mlittle-endian -mxl-soft-mul" "EXTRA_COMPILER_FLAGS=-ffunction-sections -fdata-sections -Wall -Wextra"
"Running Make include in microblaze_0/libsrc/cpu_v2_9/src"
make -C microblaze_0/libsrc/cpu_v2_9/src -s include  "SHELL=CMD" "COMPILER=mb-gcc" "ARCHIVER=mb-ar" "COMPILER_FLAGS=  -O2 -c -mcpu=v11.0 -mlittle-endian -mxl-soft-mul" "EXTRA_COMPILER_FLAGS=-ffunction-sections -fdata-sections -Wall -Wextra"
"Running Make include in microblaze_0/libsrc/gpio_v4_4/src"
make -C microblaze_0/libsrc/gpio_v4_4/src -s include  "SHELL=CMD" "COMPILER=mb-gcc" "ARCHIVER=mb-ar" "COMPILER_FLAGS=  -O2 -c -mcpu=v11.0 -mlittle-endian -mxl-soft-mul" "EXTRA_COMPILER_FLAGS=-ffunction-sections -fdata-sections -Wall -Wextra"
"Running Make include in microblaze_0/libsrc/intc_v3_9/src"
make -C microblaze_0/libsrc/intc_v3_9/src -s include  "SHELL=CMD" "COMPILER=mb-gcc" "ARCHIVER=mb-ar" "COMPILER_FLAGS=  -O2 -c -mcpu=v11.0 -mlittle-endian -mxl-soft-mul" "EXTRA_COMPILER_FLAGS=-ffunction-sections -fdata-sections -Wall -Wextra"
"Running Make include in microblaze_0/libsrc/standalone_v7_0/src"
make -C microblaze_0/libsrc/standalone_v7_0/src -s include  "SHELL=CMD" "COMPILER=mb-gcc" "ARCHIVER=mb-ar" "COMPILER_FLAGS=  -O2 -c -mcpu=v11.0 -mlittle-endian -mxl-soft-mul" "EXTRA_COMPILER_FLAGS=-ffunction-sections -fdata-sections -Wall -Wextra"
"Running Make include in microblaze_0/libsrc/tmrctr_v4_5/src"
make -C microblaze_0/libsrc/tmrctr_v4_5/src -s include  "SHELL=CMD" "COMPILER=mb-gcc" "ARCHIVER=mb-ar" "COMPILER_FLAGS=  -O2 -c -mcpu=v11.0 -mlittle-endian -mxl-soft-mul" "EXTRA_COMPILER_FLAGS=-ffunction-sections -fdata-sections -Wall -Wextra"
"Running Make include in microblaze_0/libsrc/uartlite_v3_2/src"
make -C microblaze_0/libsrc/uartlite_v3_2/src -s include  "SHELL=CMD" "COMPILER=mb-gcc" "ARCHIVER=mb-ar" "COMPILER_FLAGS=  -O2 -c -mcpu=v11.0 -mlittle-endian -mxl-soft-mul" "EXTRA_COMPILER_FLAGS=-ffunction-sections -fdata-sections -Wall -Wextra"
"Running Make libs in microblaze_0/libsrc/bram_v4_3/src"
make -C microblaze_0/libsrc/bram_v4_3/src -s libs  "SHELL=CMD" "COMPILER=mb-gcc" "ARCHIVER=mb-ar" "COMPILER_FLAGS=  -O2 -c -mcpu=v11.0 -mlittle-endian -mxl-soft-mul" "EXTRA_COMPILER_FLAGS=-ffunction-sections -fdata-sections -Wall -Wextra"
"Compiling bram"
"Running Make libs in microblaze_0/libsrc/cpu_v2_9/src"
make -C microblaze_0/libsrc/cpu_v2_9/src -s libs  "SHELL=CMD" "COMPILER=mb-gcc" "ARCHIVER=mb-ar" "COMPILER_FLAGS=  -O2 -c -mcpu=v11.0 -mlittle-endian -mxl-soft-mul" "EXTRA_COMPILER_FLAGS=-ffunction-sections -fdata-sections -Wall -Wextra"
"Compiling cpu"
"Running Make libs in microblaze_0/libsrc/gpio_v4_4/src"
make -C microblaze_0/libsrc/gpio_v4_4/src -s libs  "SHELL=CMD" "COMPILER=mb-gcc" "ARCHIVER=mb-ar" "COMPILER_FLAGS=  -O2 -c -mcpu=v11.0 -mlittle-endian -mxl-soft-mul" "EXTRA_COMPILER_FLAGS=-ffunction-sections -fdata-sections -Wall -Wextra"
"Compiling gpio"
"Running Make libs in microblaze_0/libsrc/intc_v3_9/src"
make -C microblaze_0/libsrc/intc_v3_9/src -s libs  "SHELL=CMD" "COMPILER=mb-gcc" "ARCHIVER=mb-ar" "COMPILER_FLAGS=  -O2 -c -mcpu=v11.0 -mlittle-endian -mxl-soft-mul" "EXTRA_COMPILER_FLAGS=-ffunction-sections -fdata-sections -Wall -Wextra"
"Compiling intc"
"Running Make libs in microblaze_0/libsrc/standalone_v7_0/src"
make -C microblaze_0/libsrc/standalone_v7_0/src -s libs  "SHELL=CMD" "COMPILER=mb-gcc" "ARCHIVER=mb-ar" "COMPILER_FLAGS=  -O2 -c -mcpu=v11.0 -mlittle-endian -mxl-soft-mul" "EXTRA_COMPILER_FLAGS=-ffunction-sections -fdata-sections -Wall -Wextra"
"Compiling standalone";
microblaze_sleep.c:77:9: note: #pragma message: For the sleep routines, assembly instructions are used
 #pragma message ("For the sleep routines, assembly instructions are used")
         ^~~~~~~
"Running Make libs in microblaze_0/libsrc/tmrctr_v4_5/src"
make -C microblaze_0/libsrc/tmrctr_v4_5/src -s libs  "SHELL=CMD" "COMPILER=mb-gcc" "ARCHIVER=mb-ar" "COMPILER_FLAGS=  -O2 -c -mcpu=v11.0 -mlittle-endian -mxl-soft-mul" "EXTRA_COMPILER_FLAGS=-ffunction-sections -fdata-sections -Wall -Wextra"
"Compiling tmrctr"
"Running Make libs in microblaze_0/libsrc/uartlite_v3_2/src"
make -C microblaze_0/libsrc/uartlite_v3_2/src -s libs  "SHELL=CMD" "COMPILER=mb-gcc" "ARCHIVER=mb-ar" "COMPILER_FLAGS=  -O2 -c -mcpu=v11.0 -mlittle-endian -mxl-soft-mul" "EXTRA_COMPILER_FLAGS=-ffunction-sections -fdata-sections -Wall -Wextra"
"Compiling uartlite"
'Finished building libraries'
17:05:19 **** Build of configuration Debug for project animer_hello ****
make all 
'Building file: ../src/main.c'
'Invoking: MicroBlaze gcc compiler'
mb-gcc -Wall -O0 -g3 -c -fmessage-length=0 -MT"src/main.o" -I../../animer_hello_bsp/microblaze_0/include -mlittle-endian -mcpu=v11.0 -mxl-soft-mul -Wl,--no-relax -ffunction-sections -fdata-sections -MMD -MP -MF"src/main.d" -MT"src/main.o" -o "src/main.o" "../src/main.c"
'Finished building: ../src/main.c'
' '
'Building file: ../src/platform.c'
'Invoking: MicroBlaze gcc compiler'
mb-gcc -Wall -O0 -g3 -c -fmessage-length=0 -MT"src/platform.o" -I../../animer_hello_bsp/microblaze_0/include -mlittle-endian -mcpu=v11.0 -mxl-soft-mul -Wl,--no-relax -ffunction-sections -fdata-sections -MMD -MP -MF"src/platform.d" -MT"src/platform.o" -o "src/platform.o" "../src/platform.c"
'Finished building: ../src/platform.c'
' '
'Building target: animer_hello.elf'
'Invoking: MicroBlaze gcc linker'
mb-gcc -Wl,-T -Wl,../src/lscript.ld -L../../animer_hello_bsp/microblaze_0/lib -mlittle-endian -mcpu=v11.0 -mxl-soft-mul -Wl,--no-relax -Wl,--gc-sections -o "animer_hello.elf"  ./src/main.o ./src/platform.o   -Wl,--start-group,-lxil,-lgcc,-lc,--end-group
'Finished building target: animer_hello.elf'
' '
'Invoking: MicroBlaze Print Size'
mb-size animer_hello.elf  |tee "animer_hello.elf.size"
   text	   data	    bss	    dec	    hex	filename
   4644	    420	   3200	   8264	   2048	animer_hello.elf
'Finished building: animer_hello.elf.size'
' '
17:05:20 **** Build of project test_bsp ****
make -k all 
"Running Make include in microblaze_0/libsrc/bram_v4_3/src"
make -C microblaze_0/libsrc/bram_v4_3/src -s include  "SHELL=CMD" "COMPILER=mb-gcc" "ARCHIVER=mb-ar" "COMPILER_FLAGS=  -O2 -c -mcpu=v11.0 -mlittle-endian -mxl-soft-mul" "EXTRA_COMPILER_FLAGS=-ffunction-sections -fdata-sections -Wall -Wextra"
"Running Make include in microblaze_0/libsrc/cpu_v2_9/src"
make -C microblaze_0/libsrc/cpu_v2_9/src -s include  "SHELL=CMD" "COMPILER=mb-gcc" "ARCHIVER=mb-ar" "COMPILER_FLAGS=  -O2 -c -mcpu=v11.0 -mlittle-endian -mxl-soft-mul" "EXTRA_COMPILER_FLAGS=-ffunction-sections -fdata-sections -Wall -Wextra"
"Running Make include in microblaze_0/libsrc/gpio_v4_4/src"
make -C microblaze_0/libsrc/gpio_v4_4/src -s include  "SHELL=CMD" "COMPILER=mb-gcc" "ARCHIVER=mb-ar" "COMPILER_FLAGS=  -O2 -c -mcpu=v11.0 -mlittle-endian -mxl-soft-mul" "EXTRA_COMPILER_FLAGS=-ffunction-sections -fdata-sections -Wall -Wextra"
"Running Make include in microblaze_0/libsrc/intc_v3_9/src"
make -C microblaze_0/libsrc/intc_v3_9/src -s include  "SHELL=CMD" "COMPILER=mb-gcc" "ARCHIVER=mb-ar" "COMPILER_FLAGS=  -O2 -c -mcpu=v11.0 -mlittle-endian -mxl-soft-mul" "EXTRA_COMPILER_FLAGS=-ffunction-sections -fdata-sections -Wall -Wextra"
"Running Make include in microblaze_0/libsrc/SEG7_IP_v1_0/src"
make -C microblaze_0/libsrc/SEG7_IP_v1_0/src -s include  "SHELL=CMD" "COMPILER=mb-gcc" "ARCHIVER=mb-ar" "COMPILER_FLAGS=  -O2 -c -mcpu=v11.0 -mlittle-endian -mxl-soft-mul" "EXTRA_COMPILER_FLAGS=-ffunction-sections -fdata-sections -Wall -Wextra"
"Running Make include in microblaze_0/libsrc/standalone_v7_0/src"
make -C microblaze_0/libsrc/standalone_v7_0/src -s include  "SHELL=CMD" "COMPILER=mb-gcc" "ARCHIVER=mb-ar" "COMPILER_FLAGS=  -O2 -c -mcpu=v11.0 -mlittle-endian -mxl-soft-mul" "EXTRA_COMPILER_FLAGS=-ffunction-sections -fdata-sections -Wall -Wextra"
"Running Make include in microblaze_0/libsrc/tmrctr_v4_5/src"
make -C microblaze_0/libsrc/tmrctr_v4_5/src -s include  "SHELL=CMD" "COMPILER=mb-gcc" "ARCHIVER=mb-ar" "COMPILER_FLAGS=  -O2 -c -mcpu=v11.0 -mlittle-endian -mxl-soft-mul" "EXTRA_COMPILER_FLAGS=-ffunction-sections -fdata-sections -Wall -Wextra"
"Running Make include in microblaze_0/libsrc/uartlite_v3_2/src"
make -C microblaze_0/libsrc/uartlite_v3_2/src -s include  "SHELL=CMD" "COMPILER=mb-gcc" "ARCHIVER=mb-ar" "COMPILER_FLAGS=  -O2 -c -mcpu=v11.0 -mlittle-endian -mxl-soft-mul" "EXTRA_COMPILER_FLAGS=-ffunction-sections -fdata-sections -Wall -Wextra"
"Running Make libs in microblaze_0/libsrc/bram_v4_3/src"
make -C microblaze_0/libsrc/bram_v4_3/src -s libs  "SHELL=CMD" "COMPILER=mb-gcc" "ARCHIVER=mb-ar" "COMPILER_FLAGS=  -O2 -c -mcpu=v11.0 -mlittle-endian -mxl-soft-mul" "EXTRA_COMPILER_FLAGS=-ffunction-sections -fdata-sections -Wall -Wextra"
"Compiling bram"
mb-ar: creating ../../../lib/libxil.a
"Running Make libs in microblaze_0/libsrc/cpu_v2_9/src"
make -C microblaze_0/libsrc/cpu_v2_9/src -s libs  "SHELL=CMD" "COMPILER=mb-gcc" "ARCHIVER=mb-ar" "COMPILER_FLAGS=  -O2 -c -mcpu=v11.0 -mlittle-endian -mxl-soft-mul" "EXTRA_COMPILER_FLAGS=-ffunction-sections -fdata-sections -Wall -Wextra"
"Compiling cpu"
"Running Make libs in microblaze_0/libsrc/gpio_v4_4/src"
make -C microblaze_0/libsrc/gpio_v4_4/src -s libs  "SHELL=CMD" "COMPILER=mb-gcc" "ARCHIVER=mb-ar" "COMPILER_FLAGS=  -O2 -c -mcpu=v11.0 -mlittle-endian -mxl-soft-mul" "EXTRA_COMPILER_FLAGS=-ffunction-sections -fdata-sections -Wall -Wextra"
"Compiling gpio"
"Running Make libs in microblaze_0/libsrc/intc_v3_9/src"
make -C microblaze_0/libsrc/intc_v3_9/src -s libs  "SHELL=CMD" "COMPILER=mb-gcc" "ARCHIVER=mb-ar" "COMPILER_FLAGS=  -O2 -c -mcpu=v11.0 -mlittle-endian -mxl-soft-mul" "EXTRA_COMPILER_FLAGS=-ffunction-sections -fdata-sections -Wall -Wextra"
"Compiling intc"
"Running Make libs in microblaze_0/libsrc/SEG7_IP_v1_0/src"
make -C microblaze_0/libsrc/SEG7_IP_v1_0/src -s libs  "SHELL=CMD" "COMPILER=mb-gcc" "ARCHIVER=mb-ar" "COMPILER_FLAGS=  -O2 -c -mcpu=v11.0 -mlittle-endian -mxl-soft-mul" "EXTRA_COMPILER_FLAGS=-ffunction-sections -fdata-sections -Wall -Wextra"
"Compiling SEG7_IP..."
SEG7_IP_selftest.c: In function 'SEG7_IP_Reg_SelfTest':
SEG7_IP_selftest.c:52:56: warning: comparison of integer expressions of different signedness: 'u32' {aka 'long unsigned int'} and 'int' [-Wsign-compare]
    if ( SEG7_IP_mReadReg (baseaddr, read_loop_index*4) != (read_loop_index+1)*READ_WRITE_MUL_FACTOR){
                                                        ^~
SEG7_IP_selftest.c:36:6: warning: unused variable 'Index' [-Wunused-variable]
  int Index;
      ^~~~~
"Running Make libs in microblaze_0/libsrc/standalone_v7_0/src"
make -C microblaze_0/libsrc/standalone_v7_0/src -s libs  "SHELL=CMD" "COMPILER=mb-gcc" "ARCHIVER=mb-ar" "COMPILER_FLAGS=  -O2 -c -mcpu=v11.0 -mlittle-endian -mxl-soft-mul" "EXTRA_COMPILER_FLAGS=-ffunction-sections -fdata-sections -Wall -Wextra"
"Compiling standalone";
microblaze_sleep.c:77:9: note: #pragma message: For the sleep routines, assembly instructions are used
 #pragma message ("For the sleep routines, assembly instructions are used")
         ^~~~~~~
"Running Make libs in microblaze_0/libsrc/tmrctr_v4_5/src"
make -C microblaze_0/libsrc/tmrctr_v4_5/src -s libs  "SHELL=CMD" "COMPILER=mb-gcc" "ARCHIVER=mb-ar" "COMPILER_FLAGS=  -O2 -c -mcpu=v11.0 -mlittle-endian -mxl-soft-mul" "EXTRA_COMPILER_FLAGS=-ffunction-sections -fdata-sections -Wall -Wextra"
"Compiling tmrctr"
"Running Make libs in microblaze_0/libsrc/uartlite_v3_2/src"
make -C microblaze_0/libsrc/uartlite_v3_2/src -s libs  "SHELL=CMD" "COMPILER=mb-gcc" "ARCHIVER=mb-ar" "COMPILER_FLAGS=  -O2 -c -mcpu=v11.0 -mlittle-endian -mxl-soft-mul" "EXTRA_COMPILER_FLAGS=-ffunction-sections -fdata-sections -Wall -Wextra"
"Compiling uartlite"
'Finished building libraries'
17:05:34 **** Build of configuration Debug for project test ****
make all 
'Building file: ../src/helloworld.c'
'Invoking: MicroBlaze gcc compiler'
mb-gcc -Wall -O0 -g3 -c -fmessage-length=0 -MT"src/helloworld.o" -I../../test_bsp/microblaze_0/include -mlittle-endian -mcpu=v11.0 -mxl-soft-mul -Wl,--no-relax -ffunction-sections -fdata-sections -MMD -MP -MF"src/helloworld.d" -MT"src/helloworld.o" -o "src/helloworld.o" "../src/helloworld.c"
'Finished building: ../src/helloworld.c'
' '
'Building file: ../src/platform.c'
'Invoking: MicroBlaze gcc compiler'
mb-gcc -Wall -O0 -g3 -c -fmessage-length=0 -MT"src/platform.o" -I../../test_bsp/microblaze_0/include -mlittle-endian -mcpu=v11.0 -mxl-soft-mul -Wl,--no-relax -ffunction-sections -fdata-sections -MMD -MP -MF"src/platform.d" -MT"src/platform.o" -o "src/platform.o" "../src/platform.c"
'Finished building: ../src/platform.c'
' '
'Building target: test.elf'
'Invoking: MicroBlaze gcc linker'
mb-gcc -Wl,-T -Wl,../src/lscript.ld -L../../test_bsp/microblaze_0/lib -mlittle-endian -mcpu=v11.0 -mxl-soft-mul -Wl,--no-relax -Wl,--gc-sections -o "test.elf"  ./src/helloworld.o ./src/platform.o   -Wl,--start-group,-lxil,-lgcc,-lc,--end-group
'Finished building target: test.elf'
' '
'Invoking: MicroBlaze Print Size'
mb-size test.elf  |tee "test.elf.size"
   text	   data	    bss	    dec	    hex	filename
   3124	    320	   3108	   6552	   1998	test.elf
'Finished building: test.elf.size'
' '
17:05:36 **** Build of project timer_bsp ****
make -k all 
"Running Make include in microblaze_0/libsrc/bram_v4_3/src"
make -C microblaze_0/libsrc/bram_v4_3/src -s include  "SHELL=CMD" "COMPILER=mb-gcc" "ARCHIVER=mb-ar" "COMPILER_FLAGS=  -O2 -c -mcpu=v11.0 -mlittle-endian -mxl-soft-mul" "EXTRA_COMPILER_FLAGS=-ffunction-sections -fdata-sections -Wall -Wextra"
"Running Make include in microblaze_0/libsrc/cpu_v2_9/src"
make -C microblaze_0/libsrc/cpu_v2_9/src -s include  "SHELL=CMD" "COMPILER=mb-gcc" "ARCHIVER=mb-ar" "COMPILER_FLAGS=  -O2 -c -mcpu=v11.0 -mlittle-endian -mxl-soft-mul" "EXTRA_COMPILER_FLAGS=-ffunction-sections -fdata-sections -Wall -Wextra"
"Running Make include in microblaze_0/libsrc/gpio_v4_4/src"
make -C microblaze_0/libsrc/gpio_v4_4/src -s include  "SHELL=CMD" "COMPILER=mb-gcc" "ARCHIVER=mb-ar" "COMPILER_FLAGS=  -O2 -c -mcpu=v11.0 -mlittle-endian -mxl-soft-mul" "EXTRA_COMPILER_FLAGS=-ffunction-sections -fdata-sections -Wall -Wextra"
"Running Make include in microblaze_0/libsrc/intc_v3_9/src"
make -C microblaze_0/libsrc/intc_v3_9/src -s include  "SHELL=CMD" "COMPILER=mb-gcc" "ARCHIVER=mb-ar" "COMPILER_FLAGS=  -O2 -c -mcpu=v11.0 -mlittle-endian -mxl-soft-mul" "EXTRA_COMPILER_FLAGS=-ffunction-sections -fdata-sections -Wall -Wextra"
"Running Make include in microblaze_0/libsrc/standalone_v7_0/src"
make -C microblaze_0/libsrc/standalone_v7_0/src -s include  "SHELL=CMD" "COMPILER=mb-gcc" "ARCHIVER=mb-ar" "COMPILER_FLAGS=  -O2 -c -mcpu=v11.0 -mlittle-endian -mxl-soft-mul" "EXTRA_COMPILER_FLAGS=-ffunction-sections -fdata-sections -Wall -Wextra"
"Running Make include in microblaze_0/libsrc/tmrctr_v4_5/src"
make -C microblaze_0/libsrc/tmrctr_v4_5/src -s include  "SHELL=CMD" "COMPILER=mb-gcc" "ARCHIVER=mb-ar" "COMPILER_FLAGS=  -O2 -c -mcpu=v11.0 -mlittle-endian -mxl-soft-mul" "EXTRA_COMPILER_FLAGS=-ffunction-sections -fdata-sections -Wall -Wextra"
"Running Make include in microblaze_0/libsrc/uartlite_v3_2/src"
make -C microblaze_0/libsrc/uartlite_v3_2/src -s include  "SHELL=CMD" "COMPILER=mb-gcc" "ARCHIVER=mb-ar" "COMPILER_FLAGS=  -O2 -c -mcpu=v11.0 -mlittle-endian -mxl-soft-mul" "EXTRA_COMPILER_FLAGS=-ffunction-sections -fdata-sections -Wall -Wextra"
"Running Make libs in microblaze_0/libsrc/bram_v4_3/src"
make -C microblaze_0/libsrc/bram_v4_3/src -s libs  "SHELL=CMD" "COMPILER=mb-gcc" "ARCHIVER=mb-ar" "COMPILER_FLAGS=  -O2 -c -mcpu=v11.0 -mlittle-endian -mxl-soft-mul" "EXTRA_COMPILER_FLAGS=-ffunction-sections -fdata-sections -Wall -Wextra"
"Compiling bram"
"Running Make libs in microblaze_0/libsrc/cpu_v2_9/src"
make -C microblaze_0/libsrc/cpu_v2_9/src -s libs  "SHELL=CMD" "COMPILER=mb-gcc" "ARCHIVER=mb-ar" "COMPILER_FLAGS=  -O2 -c -mcpu=v11.0 -mlittle-endian -mxl-soft-mul" "EXTRA_COMPILER_FLAGS=-ffunction-sections -fdata-sections -Wall -Wextra"
"Compiling cpu"
"Running Make libs in microblaze_0/libsrc/gpio_v4_4/src"
make -C microblaze_0/libsrc/gpio_v4_4/src -s libs  "SHELL=CMD" "COMPILER=mb-gcc" "ARCHIVER=mb-ar" "COMPILER_FLAGS=  -O2 -c -mcpu=v11.0 -mlittle-endian -mxl-soft-mul" "EXTRA_COMPILER_FLAGS=-ffunction-sections -fdata-sections -Wall -Wextra"
"Compiling gpio"
"Running Make libs in microblaze_0/libsrc/intc_v3_9/src"
make -C microblaze_0/libsrc/intc_v3_9/src -s libs  "SHELL=CMD" "COMPILER=mb-gcc" "ARCHIVER=mb-ar" "COMPILER_FLAGS=  -O2 -c -mcpu=v11.0 -mlittle-endian -mxl-soft-mul" "EXTRA_COMPILER_FLAGS=-ffunction-sections -fdata-sections -Wall -Wextra"
"Compiling intc"
"Running Make libs in microblaze_0/libsrc/standalone_v7_0/src"
make -C microblaze_0/libsrc/standalone_v7_0/src -s libs  "SHELL=CMD" "COMPILER=mb-gcc" "ARCHIVER=mb-ar" "COMPILER_FLAGS=  -O2 -c -mcpu=v11.0 -mlittle-endian -mxl-soft-mul" "EXTRA_COMPILER_FLAGS=-ffunction-sections -fdata-sections -Wall -Wextra"
"Compiling standalone";
microblaze_sleep.c:77:9: note: #pragma message: For the sleep routines, assembly instructions are used
 #pragma message ("For the sleep routines, assembly instructions are used")
         ^~~~~~~
"Running Make libs in microblaze_0/libsrc/tmrctr_v4_5/src"
make -C microblaze_0/libsrc/tmrctr_v4_5/src -s libs  "SHELL=CMD" "COMPILER=mb-gcc" "ARCHIVER=mb-ar" "COMPILER_FLAGS=  -O2 -c -mcpu=v11.0 -mlittle-endian -mxl-soft-mul" "EXTRA_COMPILER_FLAGS=-ffunction-sections -fdata-sections -Wall -Wextra"
"Compiling tmrctr"
"Running Make libs in microblaze_0/libsrc/uartlite_v3_2/src"
make -C microblaze_0/libsrc/uartlite_v3_2/src -s libs  "SHELL=CMD" "COMPILER=mb-gcc" "ARCHIVER=mb-ar" "COMPILER_FLAGS=  -O2 -c -mcpu=v11.0 -mlittle-endian -mxl-soft-mul" "EXTRA_COMPILER_FLAGS=-ffunction-sections -fdata-sections -Wall -Wextra"
"Compiling uartlite"
'Finished building libraries'
17:05:49 **** Build of configuration Debug for project timer ****
make all 
'Building file: ../src/helloworld.c'
'Invoking: MicroBlaze gcc compiler'
mb-gcc -Wall -O0 -g3 -c -fmessage-length=0 -MT"src/helloworld.o" -I../../timer_bsp/microblaze_0/include -mlittle-endian -mcpu=v11.0 -mxl-soft-mul -Wl,--no-relax -ffunction-sections -fdata-sections -MMD -MP -MF"src/helloworld.d" -MT"src/helloworld.o" -o "src/helloworld.o" "../src/helloworld.c"
'Finished building: ../src/helloworld.c'
' '
'Building file: ../src/platform.c'
'Invoking: MicroBlaze gcc compiler'
mb-gcc -Wall -O0 -g3 -c -fmessage-length=0 -MT"src/platform.o" -I../../timer_bsp/microblaze_0/include -mlittle-endian -mcpu=v11.0 -mxl-soft-mul -Wl,--no-relax -ffunction-sections -fdata-sections -MMD -MP -MF"src/platform.d" -MT"src/platform.o" -o "src/platform.o" "../src/platform.c"
'Finished building: ../src/platform.c'
' '
'Building target: timer.elf'
'Invoking: MicroBlaze gcc linker'
mb-gcc -Wl,-T -Wl,../src/lscript.ld -L../../timer_bsp/microblaze_0/lib -mlittle-endian -mcpu=v11.0 -mxl-soft-mul -Wl,--no-relax -Wl,--gc-sections -o "timer.elf"  ./src/helloworld.o ./src/platform.o   -Wl,--start-group,-lxil,-lgcc,-lc,--end-group
'Finished building target: timer.elf'
' '
'Invoking: MicroBlaze Print Size'
mb-size timer.elf  |tee "timer.elf.size"
   text	   data	    bss	    dec	    hex	filename
  12716	    704	   3316	  16736	   4160	timer.elf
'Finished building: timer.elf.size'
' '
17:05:51 **** Build of project upgrade_animer_hello_bsp ****
make -k all 
"Running Make include in microblaze_0/libsrc/bram_v4_3/src"
make -C microblaze_0/libsrc/bram_v4_3/src -s include  "SHELL=CMD" "COMPILER=mb-gcc" "ARCHIVER=mb-ar" "COMPILER_FLAGS=  -O2 -c -mcpu=v11.0 -mlittle-endian -mxl-soft-mul" "EXTRA_COMPILER_FLAGS=-ffunction-sections -fdata-sections -Wall -Wextra"
"Running Make include in microblaze_0/libsrc/cpu_v2_9/src"
make -C microblaze_0/libsrc/cpu_v2_9/src -s include  "SHELL=CMD" "COMPILER=mb-gcc" "ARCHIVER=mb-ar" "COMPILER_FLAGS=  -O2 -c -mcpu=v11.0 -mlittle-endian -mxl-soft-mul" "EXTRA_COMPILER_FLAGS=-ffunction-sections -fdata-sections -Wall -Wextra"
"Running Make include in microblaze_0/libsrc/gpio_v4_4/src"
make -C microblaze_0/libsrc/gpio_v4_4/src -s include  "SHELL=CMD" "COMPILER=mb-gcc" "ARCHIVER=mb-ar" "COMPILER_FLAGS=  -O2 -c -mcpu=v11.0 -mlittle-endian -mxl-soft-mul" "EXTRA_COMPILER_FLAGS=-ffunction-sections -fdata-sections -Wall -Wextra"
"Running Make include in microblaze_0/libsrc/intc_v3_9/src"
make -C microblaze_0/libsrc/intc_v3_9/src -s include  "SHELL=CMD" "COMPILER=mb-gcc" "ARCHIVER=mb-ar" "COMPILER_FLAGS=  -O2 -c -mcpu=v11.0 -mlittle-endian -mxl-soft-mul" "EXTRA_COMPILER_FLAGS=-ffunction-sections -fdata-sections -Wall -Wextra"
"Running Make include in microblaze_0/libsrc/standalone_v7_0/src"
make -C microblaze_0/libsrc/standalone_v7_0/src -s include  "SHELL=CMD" "COMPILER=mb-gcc" "ARCHIVER=mb-ar" "COMPILER_FLAGS=  -O2 -c -mcpu=v11.0 -mlittle-endian -mxl-soft-mul" "EXTRA_COMPILER_FLAGS=-ffunction-sections -fdata-sections -Wall -Wextra"
"Running Make include in microblaze_0/libsrc/tmrctr_v4_5/src"
make -C microblaze_0/libsrc/tmrctr_v4_5/src -s include  "SHELL=CMD" "COMPILER=mb-gcc" "ARCHIVER=mb-ar" "COMPILER_FLAGS=  -O2 -c -mcpu=v11.0 -mlittle-endian -mxl-soft-mul" "EXTRA_COMPILER_FLAGS=-ffunction-sections -fdata-sections -Wall -Wextra"
"Running Make include in microblaze_0/libsrc/uartlite_v3_2/src"
make -C microblaze_0/libsrc/uartlite_v3_2/src -s include  "SHELL=CMD" "COMPILER=mb-gcc" "ARCHIVER=mb-ar" "COMPILER_FLAGS=  -O2 -c -mcpu=v11.0 -mlittle-endian -mxl-soft-mul" "EXTRA_COMPILER_FLAGS=-ffunction-sections -fdata-sections -Wall -Wextra"
"Running Make libs in microblaze_0/libsrc/bram_v4_3/src"
make -C microblaze_0/libsrc/bram_v4_3/src -s libs  "SHELL=CMD" "COMPILER=mb-gcc" "ARCHIVER=mb-ar" "COMPILER_FLAGS=  -O2 -c -mcpu=v11.0 -mlittle-endian -mxl-soft-mul" "EXTRA_COMPILER_FLAGS=-ffunction-sections -fdata-sections -Wall -Wextra"
"Compiling bram"
"Running Make libs in microblaze_0/libsrc/cpu_v2_9/src"
make -C microblaze_0/libsrc/cpu_v2_9/src -s libs  "SHELL=CMD" "COMPILER=mb-gcc" "ARCHIVER=mb-ar" "COMPILER_FLAGS=  -O2 -c -mcpu=v11.0 -mlittle-endian -mxl-soft-mul" "EXTRA_COMPILER_FLAGS=-ffunction-sections -fdata-sections -Wall -Wextra"
"Compiling cpu"
"Running Make libs in microblaze_0/libsrc/gpio_v4_4/src"
make -C microblaze_0/libsrc/gpio_v4_4/src -s libs  "SHELL=CMD" "COMPILER=mb-gcc" "ARCHIVER=mb-ar" "COMPILER_FLAGS=  -O2 -c -mcpu=v11.0 -mlittle-endian -mxl-soft-mul" "EXTRA_COMPILER_FLAGS=-ffunction-sections -fdata-sections -Wall -Wextra"
"Compiling gpio"
"Running Make libs in microblaze_0/libsrc/intc_v3_9/src"
make -C microblaze_0/libsrc/intc_v3_9/src -s libs  "SHELL=CMD" "COMPILER=mb-gcc" "ARCHIVER=mb-ar" "COMPILER_FLAGS=  -O2 -c -mcpu=v11.0 -mlittle-endian -mxl-soft-mul" "EXTRA_COMPILER_FLAGS=-ffunction-sections -fdata-sections -Wall -Wextra"
"Compiling intc"
"Running Make libs in microblaze_0/libsrc/standalone_v7_0/src"
make -C microblaze_0/libsrc/standalone_v7_0/src -s libs  "SHELL=CMD" "COMPILER=mb-gcc" "ARCHIVER=mb-ar" "COMPILER_FLAGS=  -O2 -c -mcpu=v11.0 -mlittle-endian -mxl-soft-mul" "EXTRA_COMPILER_FLAGS=-ffunction-sections -fdata-sections -Wall -Wextra"
"Compiling standalone";
Command canceled
17:06:04 **** Build of project upgrade_animer_hello_bsp ****
make -k all 
"Running Make include in microblaze_0/libsrc/bram_v4_3/src"
make -C microblaze_0/libsrc/bram_v4_3/src -s include  "SHELL=CMD" "COMPILER=mb-gcc" "ARCHIVER=mb-ar" "COMPILER_FLAGS=  -O2 -c -mcpu=v11.0 -mlittle-endian -mxl-soft-mul" "EXTRA_COMPILER_FLAGS=-ffunction-sections -fdata-sections -Wall -Wextra"
"Running Make include in microblaze_0/libsrc/cpu_v2_9/src"
make -C microblaze_0/libsrc/cpu_v2_9/src -s include  "SHELL=CMD" "COMPILER=mb-gcc" "ARCHIVER=mb-ar" "COMPILER_FLAGS=  -O2 -c -mcpu=v11.0 -mlittle-endian -mxl-soft-mul" "EXTRA_COMPILER_FLAGS=-ffunction-sections -fdata-sections -Wall -Wextra"
"Running Make include in microblaze_0/libsrc/gpio_v4_4/src"
make -C microblaze_0/libsrc/gpio_v4_4/src -s include  "SHELL=CMD" "COMPILER=mb-gcc" "ARCHIVER=mb-ar" "COMPILER_FLAGS=  -O2 -c -mcpu=v11.0 -mlittle-endian -mxl-soft-mul" "EXTRA_COMPILER_FLAGS=-ffunction-sections -fdata-sections -Wall -Wextra"
"Running Make include in microblaze_0/libsrc/intc_v3_9/src"
make -C microblaze_0/libsrc/intc_v3_9/src -s include  "SHELL=CMD" "COMPILER=mb-gcc" "ARCHIVER=mb-ar" "COMPILER_FLAGS=  -O2 -c -mcpu=v11.0 -mlittle-endian -mxl-soft-mul" "EXTRA_COMPILER_FLAGS=-ffunction-sections -fdata-sections -Wall -Wextra"
"Running Make include in microblaze_0/libsrc/standalone_v7_0/src"
make -C microblaze_0/libsrc/standalone_v7_0/src -s include  "SHELL=CMD" "COMPILER=mb-gcc" "ARCHIVER=mb-ar" "COMPILER_FLAGS=  -O2 -c -mcpu=v11.0 -mlittle-endian -mxl-soft-mul" "EXTRA_COMPILER_FLAGS=-ffunction-sections -fdata-sections -Wall -Wextra"
"Running Make include in microblaze_0/libsrc/tmrctr_v4_5/src"
make -C microblaze_0/libsrc/tmrctr_v4_5/src -s include  "SHELL=CMD" "COMPILER=mb-gcc" "ARCHIVER=mb-ar" "COMPILER_FLAGS=  -O2 -c -mcpu=v11.0 -mlittle-endian -mxl-soft-mul" "EXTRA_COMPILER_FLAGS=-ffunction-sections -fdata-sections -Wall -Wextra"
"Running Make include in microblaze_0/libsrc/uartlite_v3_2/src"
make -C microblaze_0/libsrc/uartlite_v3_2/src -s include  "SHELL=CMD" "COMPILER=mb-gcc" "ARCHIVER=mb-ar" "COMPILER_FLAGS=  -O2 -c -mcpu=v11.0 -mlittle-endian -mxl-soft-mul" "EXTRA_COMPILER_FLAGS=-ffunction-sections -fdata-sections -Wall -Wextra"
"Running Make libs in microblaze_0/libsrc/bram_v4_3/src"
make -C microblaze_0/libsrc/bram_v4_3/src -s libs  "SHELL=CMD" "COMPILER=mb-gcc" "ARCHIVER=mb-ar" "COMPILER_FLAGS=  -O2 -c -mcpu=v11.0 -mlittle-endian -mxl-soft-mul" "EXTRA_COMPILER_FLAGS=-ffunction-sections -fdata-sections -Wall -Wextra"
"Compiling bram"
"Running Make libs in microblaze_0/libsrc/cpu_v2_9/src"
make -C microblaze_0/libsrc/cpu_v2_9/src -s libs  "SHELL=CMD" "COMPILER=mb-gcc" "ARCHIVER=mb-ar" "COMPILER_FLAGS=  -O2 -c -mcpu=v11.0 -mlittle-endian -mxl-soft-mul" "EXTRA_COMPILER_FLAGS=-ffunction-sections -fdata-sections -Wall -Wextra"
"Compiling cpu"
"Running Make libs in microblaze_0/libsrc/gpio_v4_4/src"
make -C microblaze_0/libsrc/gpio_v4_4/src -s libs  "SHELL=CMD" "COMPILER=mb-gcc" "ARCHIVER=mb-ar" "COMPILER_FLAGS=  -O2 -c -mcpu=v11.0 -mlittle-endian -mxl-soft-mul" "EXTRA_COMPILER_FLAGS=-ffunction-sections -fdata-sections -Wall -Wextra"
"Compiling gpio"
"Running Make libs in microblaze_0/libsrc/intc_v3_9/src"
make -C microblaze_0/libsrc/intc_v3_9/src -s libs  "SHELL=CMD" "COMPILER=mb-gcc" "ARCHIVER=mb-ar" "COMPILER_FLAGS=  -O2 -c -mcpu=v11.0 -mlittle-endian -mxl-soft-mul" "EXTRA_COMPILER_FLAGS=-ffunction-sections -fdata-sections -Wall -Wextra"
"Compiling intc"
"Running Make libs in microblaze_0/libsrc/standalone_v7_0/src"
make -C microblaze_0/libsrc/standalone_v7_0/src -s libs  "SHELL=CMD" "COMPILER=mb-gcc" "ARCHIVER=mb-ar" "COMPILER_FLAGS=  -O2 -c -mcpu=v11.0 -mlittle-endian -mxl-soft-mul" "EXTRA_COMPILER_FLAGS=-ffunction-sections -fdata-sections -Wall -Wextra"
"Compiling standalone";
Command canceled
17:06:15 **** Build of project upgrade_animer_hello_bsp ****
make -k all 
"Running Make include in microblaze_0/libsrc/bram_v4_3/src"
make -C microblaze_0/libsrc/bram_v4_3/src -s include  "SHELL=CMD" "COMPILER=mb-gcc" "ARCHIVER=mb-ar" "COMPILER_FLAGS=  -O2 -c -mcpu=v11.0 -mlittle-endian -mxl-soft-mul" "EXTRA_COMPILER_FLAGS=-ffunction-sections -fdata-sections -Wall -Wextra"
"Running Make include in microblaze_0/libsrc/cpu_v2_9/src"
make -C microblaze_0/libsrc/cpu_v2_9/src -s include  "SHELL=CMD" "COMPILER=mb-gcc" "ARCHIVER=mb-ar" "COMPILER_FLAGS=  -O2 -c -mcpu=v11.0 -mlittle-endian -mxl-soft-mul" "EXTRA_COMPILER_FLAGS=-ffunction-sections -fdata-sections -Wall -Wextra"
"Running Make include in microblaze_0/libsrc/gpio_v4_4/src"
make -C microblaze_0/libsrc/gpio_v4_4/src -s include  "SHELL=CMD" "COMPILER=mb-gcc" "ARCHIVER=mb-ar" "COMPILER_FLAGS=  -O2 -c -mcpu=v11.0 -mlittle-endian -mxl-soft-mul" "EXTRA_COMPILER_FLAGS=-ffunction-sections -fdata-sections -Wall -Wextra"
"Running Make include in microblaze_0/libsrc/intc_v3_9/src"
make -C microblaze_0/libsrc/intc_v3_9/src -s include  "SHELL=CMD" "COMPILER=mb-gcc" "ARCHIVER=mb-ar" "COMPILER_FLAGS=  -O2 -c -mcpu=v11.0 -mlittle-endian -mxl-soft-mul" "EXTRA_COMPILER_FLAGS=-ffunction-sections -fdata-sections -Wall -Wextra"
"Running Make include in microblaze_0/libsrc/standalone_v7_0/src"
make -C microblaze_0/libsrc/standalone_v7_0/src -s include  "SHELL=CMD" "COMPILER=mb-gcc" "ARCHIVER=mb-ar" "COMPILER_FLAGS=  -O2 -c -mcpu=v11.0 -mlittle-endian -mxl-soft-mul" "EXTRA_COMPILER_FLAGS=-ffunction-sections -fdata-sections -Wall -Wextra"
"Running Make include in microblaze_0/libsrc/tmrctr_v4_5/src"
make -C microblaze_0/libsrc/tmrctr_v4_5/src -s include  "SHELL=CMD" "COMPILER=mb-gcc" "ARCHIVER=mb-ar" "COMPILER_FLAGS=  -O2 -c -mcpu=v11.0 -mlittle-endian -mxl-soft-mul" "EXTRA_COMPILER_FLAGS=-ffunction-sections -fdata-sections -Wall -Wextra"
"Running Make include in microblaze_0/libsrc/uartlite_v3_2/src"
make -C microblaze_0/libsrc/uartlite_v3_2/src -s include  "SHELL=CMD" "COMPILER=mb-gcc" "ARCHIVER=mb-ar" "COMPILER_FLAGS=  -O2 -c -mcpu=v11.0 -mlittle-endian -mxl-soft-mul" "EXTRA_COMPILER_FLAGS=-ffunction-sections -fdata-sections -Wall -Wextra"
"Running Make libs in microblaze_0/libsrc/bram_v4_3/src"
make -C microblaze_0/libsrc/bram_v4_3/src -s libs  "SHELL=CMD" "COMPILER=mb-gcc" "ARCHIVER=mb-ar" "COMPILER_FLAGS=  -O2 -c -mcpu=v11.0 -mlittle-endian -mxl-soft-mul" "EXTRA_COMPILER_FLAGS=-ffunction-sections -fdata-sections -Wall -Wextra"
"Compiling bram"
"Running Make libs in microblaze_0/libsrc/cpu_v2_9/src"
make -C microblaze_0/libsrc/cpu_v2_9/src -s libs  "SHELL=CMD" "COMPILER=mb-gcc" "ARCHIVER=mb-ar" "COMPILER_FLAGS=  -O2 -c -mcpu=v11.0 -mlittle-endian -mxl-soft-mul" "EXTRA_COMPILER_FLAGS=-ffunction-sections -fdata-sections -Wall -Wextra"
"Compiling cpu"
"Running Make libs in microblaze_0/libsrc/gpio_v4_4/src"
make -C microblaze_0/libsrc/gpio_v4_4/src -s libs  "SHELL=CMD" "COMPILER=mb-gcc" "ARCHIVER=mb-ar" "COMPILER_FLAGS=  -O2 -c -mcpu=v11.0 -mlittle-endian -mxl-soft-mul" "EXTRA_COMPILER_FLAGS=-ffunction-sections -fdata-sections -Wall -Wextra"
"Compiling gpio"
"Running Make libs in microblaze_0/libsrc/intc_v3_9/src"
make -C microblaze_0/libsrc/intc_v3_9/src -s libs  "SHELL=CMD" "COMPILER=mb-gcc" "ARCHIVER=mb-ar" "COMPILER_FLAGS=  -O2 -c -mcpu=v11.0 -mlittle-endian -mxl-soft-mul" "EXTRA_COMPILER_FLAGS=-ffunction-sections -fdata-sections -Wall -Wextra"
"Compiling intc"
"Running Make libs in microblaze_0/libsrc/standalone_v7_0/src"
make -C microblaze_0/libsrc/standalone_v7_0/src -s libs  "SHELL=CMD" "COMPILER=mb-gcc" "ARCHIVER=mb-ar" "COMPILER_FLAGS=  -O2 -c -mcpu=v11.0 -mlittle-endian -mxl-soft-mul" "EXTRA_COMPILER_FLAGS=-ffunction-sections -fdata-sections -Wall -Wextra"
"Compiling standalone";
microblaze_sleep.c:77:9: note: #pragma message: For the sleep routines, assembly instructions are used
 #pragma message ("For the sleep routines, assembly instructions are used")
         ^~~~~~~
"Running Make libs in microblaze_0/libsrc/tmrctr_v4_5/src"
make -C microblaze_0/libsrc/tmrctr_v4_5/src -s libs  "SHELL=CMD" "COMPILER=mb-gcc" "ARCHIVER=mb-ar" "COMPILER_FLAGS=  -O2 -c -mcpu=v11.0 -mlittle-endian -mxl-soft-mul" "EXTRA_COMPILER_FLAGS=-ffunction-sections -fdata-sections -Wall -Wextra"
"Compiling tmrctr"
"Running Make libs in microblaze_0/libsrc/uartlite_v3_2/src"
make -C microblaze_0/libsrc/uartlite_v3_2/src -s libs  "SHELL=CMD" "COMPILER=mb-gcc" "ARCHIVER=mb-ar" "COMPILER_FLAGS=  -O2 -c -mcpu=v11.0 -mlittle-endian -mxl-soft-mul" "EXTRA_COMPILER_FLAGS=-ffunction-sections -fdata-sections -Wall -Wextra"
"Compiling uartlite"
'Finished building libraries'
17:06:28 **** Build of configuration Debug for project upgrade_animer_hello ****
make all 
'Building file: ../src/main.c'
'Invoking: MicroBlaze gcc compiler'
mb-gcc -Wall -O0 -g3 -c -fmessage-length=0 -MT"src/main.o" -I../../upgrade_animer_hello_bsp/microblaze_0/include -mlittle-endian -mcpu=v11.0 -mxl-soft-mul -Wl,--no-relax -ffunction-sections -fdata-sections -MMD -MP -MF"src/main.d" -MT"src/main.o" -o "src/main.o" "../src/main.c"
'Finished building: ../src/main.c'
' '
'Building file: ../src/platform.c'
'Invoking: MicroBlaze gcc compiler'
mb-gcc -Wall -O0 -g3 -c -fmessage-length=0 -MT"src/platform.o" -I../../upgrade_animer_hello_bsp/microblaze_0/include -mlittle-endian -mcpu=v11.0 -mxl-soft-mul -Wl,--no-relax -ffunction-sections -fdata-sections -MMD -MP -MF"src/platform.d" -MT"src/platform.o" -o "src/platform.o" "../src/platform.c"
'Finished building: ../src/platform.c'
' '
'Building target: upgrade_animer_hello.elf'
'Invoking: MicroBlaze gcc linker'
mb-gcc -Wl,-T -Wl,../src/lscript.ld -L../../upgrade_animer_hello_bsp/microblaze_0/lib -mlittle-endian -mcpu=v11.0 -mxl-soft-mul -Wl,--no-relax -Wl,--gc-sections -o "upgrade_animer_hello.elf"  ./src/main.o ./src/platform.o   -Wl,--start-group,-lxil,-lgcc,-lc,--end-group
'Finished building target: upgrade_animer_hello.elf'
' '
'Invoking: MicroBlaze Print Size'
mb-size upgrade_animer_hello.elf  |tee "upgrade_animer_hello.elf.size"
   text	   data	    bss	    dec	    hex	filename
  15532	    808	   3404	  19744	   4d20	upgrade_animer_hello.elf
'Finished building: upgrade_animer_hello.elf.size'
' '
17:06:48 **** Incremental Build of configuration Debug for project test ****
make all 
make: Nothing to be done for 'all'.
17:07:37 **** Auto Build of configuration Debug for project test ****
make all 
'Building file: ../src/helloworld.c'
'Invoking: MicroBlaze gcc compiler'
mb-gcc -Wall -O0 -g3 -c -fmessage-length=0 -MT"src/helloworld.o" -I../../test_bsp/microblaze_0/include -mlittle-endian -mcpu=v11.0 -mxl-soft-mul -Wl,--no-relax -ffunction-sections -fdata-sections -MMD -MP -MF"src/helloworld.d" -MT"src/helloworld.o" -o "src/helloworld.o" "../src/helloworld.c"
../src/helloworld.c: In function 'main':
../src/helloworld.c:58:5: warning: implicit declaration of function 'SEG7_IP_mWriteReg' [-Wimplicit-function-declaration]
     SEG7_IP_mWriteReg(XPAR_SEG7_IP_0_S00_AXI_BASEADDR,SEG7_IP_S00_AXI_SLV_REG0_OFFSET, 2);
     ^~~~~~~~~~~~~~~~~
../src/helloworld.c:58:55: error: 'SEG7_IP_S00_AXI_SLV_REG0_OFFSET' undeclared (first use in this function)
     SEG7_IP_mWriteReg(XPAR_SEG7_IP_0_S00_AXI_BASEADDR,SEG7_IP_S00_AXI_SLV_REG0_OFFSET, 2);
                                                       ^~~~~~~~~~~~~~~~~~~~~~~~~~~~~~~
../src/helloworld.c:58:55: note: each undeclared identifier is reported only once for each function it appears in
../src/helloworld.c:59:55: error: 'SEG7_IP_S00_AXI_SLV_REG1_OFFSET' undeclared (first use in this function)
     SEG7_IP_mWriteReg(XPAR_SEG7_IP_0_S00_AXI_BASEADDR,SEG7_IP_S00_AXI_SLV_REG1_OFFSET, 6);
                                                       ^~~~~~~~~~~~~~~~~~~~~~~~~~~~~~~
../src/helloworld.c:60:55: error: 'SEG7_IP_S00_AXI_SLV_REG2_OFFSET' undeclared (first use in this function)
     SEG7_IP_mWriteReg(XPAR_SEG7_IP_0_S00_AXI_BASEADDR,SEG7_IP_S00_AXI_SLV_REG2_OFFSET, 3);
                                                       ^~~~~~~~~~~~~~~~~~~~~~~~~~~~~~~
../src/helloworld.c:61:55: error: 'SEG7_IP_S00_AXI_SLV_REG3_OFFSET' undeclared (first use in this function)
     SEG7_IP_mWriteReg(XPAR_SEG7_IP_0_S00_AXI_BASEADDR,SEG7_IP_S00_AXI_SLV_REG3_OFFSET, 5);
                                                       ^~~~~~~~~~~~~~~~~~~~~~~~~~~~~~~
../src/helloworld.c:63:28: warning: implicit declaration of function 'SEG7_IP_mReadReg' [-Wimplicit-function-declaration]
     uint32_t read_value0 = SEG7_IP_mReadReg(XPAR_SEG7_IP_0_S00_AXI_BASEADDR,SEG7_IP_S00_AXI_SLV_REG0_OFFSET);
                            ^~~~~~~~~~~~~~~~
make: *** [src/subdir.mk:26: src/helloworld.o] Error 1
17:08:07 **** Auto Build of configuration Debug for project test ****
make all 
'Building file: ../src/helloworld.c'
'Invoking: MicroBlaze gcc compiler'
mb-gcc -Wall -O0 -g3 -c -fmessage-length=0 -MT"src/helloworld.o" -I../../test_bsp/microblaze_0/include -mlittle-endian -mcpu=v11.0 -mxl-soft-mul -Wl,--no-relax -ffunction-sections -fdata-sections -MMD -MP -MF"src/helloworld.d" -MT"src/helloworld.o" -o "src/helloworld.o" "../src/helloworld.c"
In file included from ../src/helloworld.c:51:
../src/helloworld.c: In function 'main':
../../test_bsp/microblaze_0/include/SEG7_IP.h:35:4: warning: implicit declaration of function 'Xil_Out32' [-Wimplicit-function-declaration]
    Xil_Out32((BaseAddress) + (RegOffset), (u32)(Data))
    ^~~~~~~~~
../src/helloworld.c:60:5: note: in expansion of macro 'SEG7_IP_mWriteReg'
     SEG7_IP_mWriteReg(XPAR_SEG7_IP_0_S00_AXI_BASEADDR,SEG7_IP_S00_AXI_SLV_REG0_OFFSET, 2);
     ^~~~~~~~~~~~~~~~~
../../test_bsp/microblaze_0/include/SEG7_IP.h:55:5: warning: implicit declaration of function 'Xil_In32' [-Wimplicit-function-declaration]
     Xil_In32((BaseAddress) + (RegOffset))
     ^~~~~~~~
../src/helloworld.c:65:28: note: in expansion of macro 'SEG7_IP_mReadReg'
     uint32_t read_value0 = SEG7_IP_mReadReg(XPAR_SEG7_IP_0_S00_AXI_BASEADDR,SEG7_IP_S00_AXI_SLV_REG0_OFFSET);
                            ^~~~~~~~~~~~~~~~
'Finished building: ../src/helloworld.c'
' '
'Building target: test.elf'
'Invoking: MicroBlaze gcc linker'
mb-gcc -Wl,-T -Wl,../src/lscript.ld -L../../test_bsp/microblaze_0/lib -mlittle-endian -mcpu=v11.0 -mxl-soft-mul -Wl,--no-relax -Wl,--gc-sections -o "test.elf"  ./src/helloworld.o ./src/platform.o   -Wl,--start-group,-lxil,-lgcc,-lc,--end-group
c:/programs/xilinx/sdk/2019.1/gnu/microblaze/nt/bin/../lib/gcc/microblaze-xilinx-elf/8.2.0/../../../../microblaze-xilinx-elf/bin/ld.exe: ./src/helloworld.o: in function `main':
U:\Documents\SoC\TP\TP_ublaze_3IS\TP_ublaze_3IS.sdk\test\Debug/../src/helloworld.c:60: undefined reference to `Xil_Out32'
c:/programs/xilinx/sdk/2019.1/gnu/microblaze/nt/bin/../lib/gcc/microblaze-xilinx-elf/8.2.0/../../../../microblaze-xilinx-elf/bin/ld.exe: U:\Documents\SoC\TP\TP_ublaze_3IS\TP_ublaze_3IS.sdk\test\Debug/../src/helloworld.c:61: undefined reference to `Xil_Out32'
c:/programs/xilinx/sdk/2019.1/gnu/microblaze/nt/bin/../lib/gcc/microblaze-xilinx-elf/8.2.0/../../../../microblaze-xilinx-elf/bin/ld.exe: U:\Documents\SoC\TP\TP_ublaze_3IS\TP_ublaze_3IS.sdk\test\Debug/../src/helloworld.c:62: undefined reference to `Xil_Out32'
c:/programs/xilinx/sdk/2019.1/gnu/microblaze/nt/bin/../lib/gcc/microblaze-xilinx-elf/8.2.0/../../../../microblaze-xilinx-elf/bin/ld.exe: U:\Documents\SoC\TP\TP_ublaze_3IS\TP_ublaze_3IS.sdk\test\Debug/../src/helloworld.c:63: undefined reference to `Xil_Out32'
c:/programs/xilinx/sdk/2019.1/gnu/microblaze/nt/bin/../lib/gcc/microblaze-xilinx-elf/8.2.0/../../../../microblaze-xilinx-elf/bin/ld.exe: U:\Documents\SoC\TP\TP_ublaze_3IS\TP_ublaze_3IS.sdk\test\Debug/../src/helloworld.c:65: undefined reference to `Xil_In32'
c:/programs/xilinx/sdk/2019.1/gnu/microblaze/nt/bin/../lib/gcc/microblaze-xilinx-elf/8.2.0/../../../../microblaze-xilinx-elf/bin/ld.exe: U:\Documents\SoC\TP\TP_ublaze_3IS\TP_ublaze_3IS.sdk\test\Debug/../src/helloworld.c:66: undefined reference to `Xil_In32'
c:/programs/xilinx/sdk/2019.1/gnu/microblaze/nt/bin/../lib/gcc/microblaze-xilinx-elf/8.2.0/../../../../microblaze-xilinx-elf/bin/ld.exe: U:\Documents\SoC\TP\TP_ublaze_3IS\TP_ublaze_3IS.sdk\test\Debug/../src/helloworld.c:67: undefined reference to `Xil_In32'
c:/programs/xilinx/sdk/2019.1/gnu/microblaze/nt/bin/../lib/gcc/microblaze-xilinx-elf/8.2.0/../../../../microblaze-xilinx-elf/bin/ld.exe: U:\Documents\SoC\TP\TP_ublaze_3IS\TP_ublaze_3IS.sdk\test\Debug/../src/helloworld.c:68: undefined reference to `Xil_In32'
collect2.exe: error: ld returned 1 exit status
make: *** [makefile:38: test.elf] Error 1
17:08:19 **** Auto Build of configuration Debug for project test ****
make all 
'Building file: ../src/helloworld.c'
'Invoking: MicroBlaze gcc compiler'
mb-gcc -Wall -O0 -g3 -c -fmessage-length=0 -MT"src/helloworld.o" -I../../test_bsp/microblaze_0/include -mlittle-endian -mcpu=v11.0 -mxl-soft-mul -Wl,--no-relax -ffunction-sections -fdata-sections -MMD -MP -MF"src/helloworld.d" -MT"src/helloworld.o" -o "src/helloworld.o" "../src/helloworld.c"
'Finished building: ../src/helloworld.c'
' '
'Building target: test.elf'
'Invoking: MicroBlaze gcc linker'
mb-gcc -Wl,-T -Wl,../src/lscript.ld -L../../test_bsp/microblaze_0/lib -mlittle-endian -mcpu=v11.0 -mxl-soft-mul -Wl,--no-relax -Wl,--gc-sections -o "test.elf"  ./src/helloworld.o ./src/platform.o   -Wl,--start-group,-lxil,-lgcc,-lc,--end-group
'Finished building target: test.elf'
' '
'Invoking: MicroBlaze Print Size'
mb-size test.elf  |tee "test.elf.size"
   text	   data	    bss	    dec	    hex	filename
   8512	    684	   3108	  12304	   3010	test.elf
'Finished building: test.elf.size'
' '
17:08:28 **** Incremental Build of configuration Debug for project test ****
make all 
make: Nothing to be done for 'all'.
17:10:25 **** Auto Build of configuration Debug for project test ****
make all 
'Building file: ../src/helloworld.c'
'Invoking: MicroBlaze gcc compiler'
mb-gcc -Wall -O0 -g3 -c -fmessage-length=0 -MT"src/helloworld.o" -I../../test_bsp/microblaze_0/include -mlittle-endian -mcpu=v11.0 -mxl-soft-mul -Wl,--no-relax -ffunction-sections -fdata-sections -MMD -MP -MF"src/helloworld.d" -MT"src/helloworld.o" -o "src/helloworld.o" "../src/helloworld.c"
'Finished building: ../src/helloworld.c'
' '
'Building target: test.elf'
'Invoking: MicroBlaze gcc linker'
mb-gcc -Wl,-T -Wl,../src/lscript.ld -L../../test_bsp/microblaze_0/lib -mlittle-endian -mcpu=v11.0 -mxl-soft-mul -Wl,--no-relax -Wl,--gc-sections -o "test.elf"  ./src/helloworld.o ./src/platform.o   -Wl,--start-group,-lxil,-lgcc,-lc,--end-group
'Finished building target: test.elf'
' '
'Invoking: MicroBlaze Print Size'
mb-size test.elf  |tee "test.elf.size"
   text	   data	    bss	    dec	    hex	filename
   8512	    684	   3108	  12304	   3010	test.elf
'Finished building: test.elf.size'
' '
17:10:40 **** Auto Build of configuration Debug for project test ****
make all 
'Building file: ../src/helloworld.c'
'Invoking: MicroBlaze gcc compiler'
mb-gcc -Wall -O0 -g3 -c -fmessage-length=0 -MT"src/helloworld.o" -I../../test_bsp/microblaze_0/include -mlittle-endian -mcpu=v11.0 -mxl-soft-mul -Wl,--no-relax -ffunction-sections -fdata-sections -MMD -MP -MF"src/helloworld.d" -MT"src/helloworld.o" -o "src/helloworld.o" "../src/helloworld.c"
'Finished building: ../src/helloworld.c'
' '
'Building target: test.elf'
'Invoking: MicroBlaze gcc linker'
mb-gcc -Wl,-T -Wl,../src/lscript.ld -L../../test_bsp/microblaze_0/lib -mlittle-endian -mcpu=v11.0 -mxl-soft-mul -Wl,--no-relax -Wl,--gc-sections -o "test.elf"  ./src/helloworld.o ./src/platform.o   -Wl,--start-group,-lxil,-lgcc,-lc,--end-group
'Finished building target: test.elf'
' '
'Invoking: MicroBlaze Print Size'
mb-size test.elf  |tee "test.elf.size"
   text	   data	    bss	    dec	    hex	filename
   8520	    748	   3108	  12376	   3058	test.elf
'Finished building: test.elf.size'
' '
17:10:57 **** Auto Build of configuration Debug for project test ****
make all 
'Building file: ../src/helloworld.c'
'Invoking: MicroBlaze gcc compiler'
mb-gcc -Wall -O0 -g3 -c -fmessage-length=0 -MT"src/helloworld.o" -I../../test_bsp/microblaze_0/include -mlittle-endian -mcpu=v11.0 -mxl-soft-mul -Wl,--no-relax -ffunction-sections -fdata-sections -MMD -MP -MF"src/helloworld.d" -MT"src/helloworld.o" -o "src/helloworld.o" "../src/helloworld.c"
'Finished building: ../src/helloworld.c'
' '
'Building target: test.elf'
'Invoking: MicroBlaze gcc linker'
mb-gcc -Wl,-T -Wl,../src/lscript.ld -L../../test_bsp/microblaze_0/lib -mlittle-endian -mcpu=v11.0 -mxl-soft-mul -Wl,--no-relax -Wl,--gc-sections -o "test.elf"  ./src/helloworld.o ./src/platform.o   -Wl,--start-group,-lxil,-lgcc,-lc,--end-group
'Finished building target: test.elf'
' '
'Invoking: MicroBlaze Print Size'
mb-size test.elf  |tee "test.elf.size"
   text	   data	    bss	    dec	    hex	filename
   8544	    748	   3108	  12400	   3070	test.elf
'Finished building: test.elf.size'
' '
17:11:08 **** Incremental Build of configuration Debug for project test ****
make all 
make: Nothing to be done for 'all'.
17:15:54 **** Auto Build of configuration Debug for project test ****
make all 
'Building file: ../src/helloworld.c'
'Invoking: MicroBlaze gcc compiler'
mb-gcc -Wall -O0 -g3 -c -fmessage-length=0 -MT"src/helloworld.o" -I../../test_bsp/microblaze_0/include -mlittle-endian -mcpu=v11.0 -mxl-soft-mul -Wl,--no-relax -ffunction-sections -fdata-sections -MMD -MP -MF"src/helloworld.d" -MT"src/helloworld.o" -o "src/helloworld.o" "../src/helloworld.c"
'Finished building: ../src/helloworld.c'
' '
'Building target: test.elf'
'Invoking: MicroBlaze gcc linker'
mb-gcc -Wl,-T -Wl,../src/lscript.ld -L../../test_bsp/microblaze_0/lib -mlittle-endian -mcpu=v11.0 -mxl-soft-mul -Wl,--no-relax -Wl,--gc-sections -o "test.elf"  ./src/helloworld.o ./src/platform.o   -Wl,--start-group,-lxil,-lgcc,-lc,--end-group
'Finished building target: test.elf'
' '
'Invoking: MicroBlaze Print Size'
mb-size test.elf  |tee "test.elf.size"
   text	   data	    bss	    dec	    hex	filename
   8544	    748	   3108	  12400	   3070	test.elf
'Finished building: test.elf.size'
' '
17:16:01 **** Auto Build of configuration Debug for project test ****
make all 
'Building file: ../src/helloworld.c'
'Invoking: MicroBlaze gcc compiler'
mb-gcc -Wall -O0 -g3 -c -fmessage-length=0 -MT"src/helloworld.o" -I../../test_bsp/microblaze_0/include -mlittle-endian -mcpu=v11.0 -mxl-soft-mul -Wl,--no-relax -ffunction-sections -fdata-sections -MMD -MP -MF"src/helloworld.d" -MT"src/helloworld.o" -o "src/helloworld.o" "../src/helloworld.c"
'Finished building: ../src/helloworld.c'
' '
'Building target: test.elf'
'Invoking: MicroBlaze gcc linker'
mb-gcc -Wl,-T -Wl,../src/lscript.ld -L../../test_bsp/microblaze_0/lib -mlittle-endian -mcpu=v11.0 -mxl-soft-mul -Wl,--no-relax -Wl,--gc-sections -o "test.elf"  ./src/helloworld.o ./src/platform.o   -Wl,--start-group,-lxil,-lgcc,-lc,--end-group
'Finished building target: test.elf'
' '
'Invoking: MicroBlaze Print Size'
mb-size test.elf  |tee "test.elf.size"
   text	   data	    bss	    dec	    hex	filename
   8544	    748	   3108	  12400	   3070	test.elf
'Finished building: test.elf.size'
' '
17:16:03 **** Incremental Build of configuration Debug for project test ****
make all 
make: Nothing to be done for 'all'.
13:42:59 **** Incremental Build of configuration Debug for project test ****
make all 
make: Nothing to be done for 'all'.
13:43:33 **** Clean-only build of configuration Debug for project test ****
make clean 
rm -rf  ./src/helloworld.o ./src/platform.o  ./src/helloworld.d ./src/platform.d  test.elf.size  test.elf
' '
13:43:33 **** Auto Build of configuration Debug for project test ****
make all 
'Building file: ../src/main.c'
'Invoking: MicroBlaze gcc compiler'
mb-gcc -Wall -O0 -g3 -c -fmessage-length=0 -MT"src/main.o" -I../../test_bsp/microblaze_0/include -mlittle-endian -mcpu=v11.0 -mxl-soft-mul -Wl,--no-relax -ffunction-sections -fdata-sections -MMD -MP -MF"src/main.d" -MT"src/main.o" -o "src/main.o" "../src/main.c"
'Finished building: ../src/main.c'
' '
'Building file: ../src/platform.c'
'Invoking: MicroBlaze gcc compiler'
mb-gcc -Wall -O0 -g3 -c -fmessage-length=0 -MT"src/platform.o" -I../../test_bsp/microblaze_0/include -mlittle-endian -mcpu=v11.0 -mxl-soft-mul -Wl,--no-relax -ffunction-sections -fdata-sections -MMD -MP -MF"src/platform.d" -MT"src/platform.o" -o "src/platform.o" "../src/platform.c"
'Finished building: ../src/platform.c'
' '
'Building target: test.elf'
'Invoking: MicroBlaze gcc linker'
mb-gcc -Wl,-T -Wl,../src/lscript.ld -L../../test_bsp/microblaze_0/lib -mlittle-endian -mcpu=v11.0 -mxl-soft-mul -Wl,--no-relax -Wl,--gc-sections -o "test.elf"  ./src/main.o ./src/platform.o   -Wl,--start-group,-lxil,-lgcc,-lc,--end-group
'Finished building target: test.elf'
' '
'Invoking: MicroBlaze Print Size'
mb-size test.elf  |tee "test.elf.size"
   text	   data	    bss	    dec	    hex	filename
   8544	    748	   3108	  12400	   3070	test.elf
'Finished building: test.elf.size'
' '
13:44:48 **** Build of project again_bsp ****
make -k all 
"Running Make include in microblaze_0/libsrc/bram_v4_3/src"
make -C microblaze_0/libsrc/bram_v4_3/src -s include  "SHELL=CMD" "COMPILER=mb-gcc" "ARCHIVER=mb-ar" "COMPILER_FLAGS=  -O2 -c -mcpu=v11.0 -mlittle-endian -mxl-soft-mul" "EXTRA_COMPILER_FLAGS=-ffunction-sections -fdata-sections -Wall -Wextra"
"Running Make include in microblaze_0/libsrc/cpu_v2_9/src"
make -C microblaze_0/libsrc/cpu_v2_9/src -s include  "SHELL=CMD" "COMPILER=mb-gcc" "ARCHIVER=mb-ar" "COMPILER_FLAGS=  -O2 -c -mcpu=v11.0 -mlittle-endian -mxl-soft-mul" "EXTRA_COMPILER_FLAGS=-ffunction-sections -fdata-sections -Wall -Wextra"
"Running Make include in microblaze_0/libsrc/gpio_v4_4/src"
make -C microblaze_0/libsrc/gpio_v4_4/src -s include  "SHELL=CMD" "COMPILER=mb-gcc" "ARCHIVER=mb-ar" "COMPILER_FLAGS=  -O2 -c -mcpu=v11.0 -mlittle-endian -mxl-soft-mul" "EXTRA_COMPILER_FLAGS=-ffunction-sections -fdata-sections -Wall -Wextra"
"Running Make include in microblaze_0/libsrc/intc_v3_9/src"
make -C microblaze_0/libsrc/intc_v3_9/src -s include  "SHELL=CMD" "COMPILER=mb-gcc" "ARCHIVER=mb-ar" "COMPILER_FLAGS=  -O2 -c -mcpu=v11.0 -mlittle-endian -mxl-soft-mul" "EXTRA_COMPILER_FLAGS=-ffunction-sections -fdata-sections -Wall -Wextra"
"Running Make include in microblaze_0/libsrc/SEG7_IP_v1_0/src"
make -C microblaze_0/libsrc/SEG7_IP_v1_0/src -s include  "SHELL=CMD" "COMPILER=mb-gcc" "ARCHIVER=mb-ar" "COMPILER_FLAGS=  -O2 -c -mcpu=v11.0 -mlittle-endian -mxl-soft-mul" "EXTRA_COMPILER_FLAGS=-ffunction-sections -fdata-sections -Wall -Wextra"
"Running Make include in microblaze_0/libsrc/standalone_v7_0/src"
make -C microblaze_0/libsrc/standalone_v7_0/src -s include  "SHELL=CMD" "COMPILER=mb-gcc" "ARCHIVER=mb-ar" "COMPILER_FLAGS=  -O2 -c -mcpu=v11.0 -mlittle-endian -mxl-soft-mul" "EXTRA_COMPILER_FLAGS=-ffunction-sections -fdata-sections -Wall -Wextra"
"Running Make include in microblaze_0/libsrc/tmrctr_v4_5/src"
make -C microblaze_0/libsrc/tmrctr_v4_5/src -s include  "SHELL=CMD" "COMPILER=mb-gcc" "ARCHIVER=mb-ar" "COMPILER_FLAGS=  -O2 -c -mcpu=v11.0 -mlittle-endian -mxl-soft-mul" "EXTRA_COMPILER_FLAGS=-ffunction-sections -fdata-sections -Wall -Wextra"
"Running Make include in microblaze_0/libsrc/uartlite_v3_2/src"
make -C microblaze_0/libsrc/uartlite_v3_2/src -s include  "SHELL=CMD" "COMPILER=mb-gcc" "ARCHIVER=mb-ar" "COMPILER_FLAGS=  -O2 -c -mcpu=v11.0 -mlittle-endian -mxl-soft-mul" "EXTRA_COMPILER_FLAGS=-ffunction-sections -fdata-sections -Wall -Wextra"
"Running Make libs in microblaze_0/libsrc/bram_v4_3/src"
make -C microblaze_0/libsrc/bram_v4_3/src -s libs  "SHELL=CMD" "COMPILER=mb-gcc" "ARCHIVER=mb-ar" "COMPILER_FLAGS=  -O2 -c -mcpu=v11.0 -mlittle-endian -mxl-soft-mul" "EXTRA_COMPILER_FLAGS=-ffunction-sections -fdata-sections -Wall -Wextra"
"Compiling bram"
mb-ar: creating ../../../lib/libxil.a
"Running Make libs in microblaze_0/libsrc/cpu_v2_9/src"
make -C microblaze_0/libsrc/cpu_v2_9/src -s libs  "SHELL=CMD" "COMPILER=mb-gcc" "ARCHIVER=mb-ar" "COMPILER_FLAGS=  -O2 -c -mcpu=v11.0 -mlittle-endian -mxl-soft-mul" "EXTRA_COMPILER_FLAGS=-ffunction-sections -fdata-sections -Wall -Wextra"
"Compiling cpu"
"Running Make libs in microblaze_0/libsrc/gpio_v4_4/src"
make -C microblaze_0/libsrc/gpio_v4_4/src -s libs  "SHELL=CMD" "COMPILER=mb-gcc" "ARCHIVER=mb-ar" "COMPILER_FLAGS=  -O2 -c -mcpu=v11.0 -mlittle-endian -mxl-soft-mul" "EXTRA_COMPILER_FLAGS=-ffunction-sections -fdata-sections -Wall -Wextra"
"Compiling gpio"
"Running Make libs in microblaze_0/libsrc/intc_v3_9/src"
make -C microblaze_0/libsrc/intc_v3_9/src -s libs  "SHELL=CMD" "COMPILER=mb-gcc" "ARCHIVER=mb-ar" "COMPILER_FLAGS=  -O2 -c -mcpu=v11.0 -mlittle-endian -mxl-soft-mul" "EXTRA_COMPILER_FLAGS=-ffunction-sections -fdata-sections -Wall -Wextra"
"Compiling intc"
"Running Make libs in microblaze_0/libsrc/SEG7_IP_v1_0/src"
make -C microblaze_0/libsrc/SEG7_IP_v1_0/src -s libs  "SHELL=CMD" "COMPILER=mb-gcc" "ARCHIVER=mb-ar" "COMPILER_FLAGS=  -O2 -c -mcpu=v11.0 -mlittle-endian -mxl-soft-mul" "EXTRA_COMPILER_FLAGS=-ffunction-sections -fdata-sections -Wall -Wextra"
"Compiling SEG7_IP..."
SEG7_IP_selftest.c: In function 'SEG7_IP_Reg_SelfTest':
SEG7_IP_selftest.c:52:56: warning: comparison of integer expressions of different signedness: 'u32' {aka 'long unsigned int'} and 'int' [-Wsign-compare]
    if ( SEG7_IP_mReadReg (baseaddr, read_loop_index*4) != (read_loop_index+1)*READ_WRITE_MUL_FACTOR){
                                                        ^~
SEG7_IP_selftest.c:36:6: warning: unused variable 'Index' [-Wunused-variable]
  int Index;
      ^~~~~
"Running Make libs in microblaze_0/libsrc/standalone_v7_0/src"
make -C microblaze_0/libsrc/standalone_v7_0/src -s libs  "SHELL=CMD" "COMPILER=mb-gcc" "ARCHIVER=mb-ar" "COMPILER_FLAGS=  -O2 -c -mcpu=v11.0 -mlittle-endian -mxl-soft-mul" "EXTRA_COMPILER_FLAGS=-ffunction-sections -fdata-sections -Wall -Wextra"
"Compiling standalone";
microblaze_sleep.c:77:9: note: #pragma message: For the sleep routines, assembly instructions are used
 #pragma message ("For the sleep routines, assembly instructions are used")
         ^~~~~~~
"Running Make libs in microblaze_0/libsrc/tmrctr_v4_5/src"
make -C microblaze_0/libsrc/tmrctr_v4_5/src -s libs  "SHELL=CMD" "COMPILER=mb-gcc" "ARCHIVER=mb-ar" "COMPILER_FLAGS=  -O2 -c -mcpu=v11.0 -mlittle-endian -mxl-soft-mul" "EXTRA_COMPILER_FLAGS=-ffunction-sections -fdata-sections -Wall -Wextra"
"Compiling tmrctr"
"Running Make libs in microblaze_0/libsrc/uartlite_v3_2/src"
make -C microblaze_0/libsrc/uartlite_v3_2/src -s libs  "SHELL=CMD" "COMPILER=mb-gcc" "ARCHIVER=mb-ar" "COMPILER_FLAGS=  -O2 -c -mcpu=v11.0 -mlittle-endian -mxl-soft-mul" "EXTRA_COMPILER_FLAGS=-ffunction-sections -fdata-sections -Wall -Wextra"
"Compiling uartlite"
'Finished building libraries'
13:45:01 **** Build of configuration Debug for project again ****
make all 
'Building file: ../src/helloworld.c'
'Invoking: MicroBlaze gcc compiler'
mb-gcc -Wall -O0 -g3 -c -fmessage-length=0 -MT"src/helloworld.o" -I../../again_bsp/microblaze_0/include -mlittle-endian -mcpu=v11.0 -mxl-soft-mul -Wl,--no-relax -ffunction-sections -fdata-sections -MMD -MP -MF"src/helloworld.d" -MT"src/helloworld.o" -o "src/helloworld.o" "../src/helloworld.c"
'Finished building: ../src/helloworld.c'
' '
'Building file: ../src/platform.c'
'Invoking: MicroBlaze gcc compiler'
mb-gcc -Wall -O0 -g3 -c -fmessage-length=0 -MT"src/platform.o" -I../../again_bsp/microblaze_0/include -mlittle-endian -mcpu=v11.0 -mxl-soft-mul -Wl,--no-relax -ffunction-sections -fdata-sections -MMD -MP -MF"src/platform.d" -MT"src/platform.o" -o "src/platform.o" "../src/platform.c"
'Finished building: ../src/platform.c'
' '
'Building target: again.elf'
'Invoking: MicroBlaze gcc linker'
mb-gcc -Wl,-T -Wl,../src/lscript.ld -L../../again_bsp/microblaze_0/lib -mlittle-endian -mcpu=v11.0 -mxl-soft-mul -Wl,--no-relax -Wl,--gc-sections -o "again.elf"  ./src/helloworld.o ./src/platform.o   -Wl,--start-group,-lxil,-lgcc,-lc,--end-group
'Finished building target: again.elf'
' '
'Invoking: MicroBlaze Print Size'
mb-size again.elf  |tee "again.elf.size"
   text	   data	    bss	    dec	    hex	filename
   3124	    320	   3108	   6552	   1998	again.elf
'Finished building: again.elf.size'
' '
13:47:03 **** Auto Build of configuration Debug for project again ****
make all 
'Building file: ../src/helloworld.c'
'Invoking: MicroBlaze gcc compiler'
mb-gcc -Wall -O0 -g3 -c -fmessage-length=0 -MT"src/helloworld.o" -I../../again_bsp/microblaze_0/include -mlittle-endian -mcpu=v11.0 -mxl-soft-mul -Wl,--no-relax -ffunction-sections -fdata-sections -MMD -MP -MF"src/helloworld.d" -MT"src/helloworld.o" -o "src/helloworld.o" "../src/helloworld.c"
'Finished building: ../src/helloworld.c'
' '
'Building target: again.elf'
'Invoking: MicroBlaze gcc linker'
mb-gcc -Wl,-T -Wl,../src/lscript.ld -L../../again_bsp/microblaze_0/lib -mlittle-endian -mcpu=v11.0 -mxl-soft-mul -Wl,--no-relax -Wl,--gc-sections -o "again.elf"  ./src/helloworld.o ./src/platform.o   -Wl,--start-group,-lxil,-lgcc,-lc,--end-group
'Finished building target: again.elf'
' '
'Invoking: MicroBlaze Print Size'
mb-size again.elf  |tee "again.elf.size"
   text	   data	    bss	    dec	    hex	filename
   3124	    320	   3108	   6552	   1998	again.elf
'Finished building: again.elf.size'
' '
13:47:14 **** Auto Build of configuration Debug for project again ****
make all 
'Building file: ../src/helloworld.c'
'Invoking: MicroBlaze gcc compiler'
mb-gcc -Wall -O0 -g3 -c -fmessage-length=0 -MT"src/helloworld.o" -I../../again_bsp/microblaze_0/include -mlittle-endian -mcpu=v11.0 -mxl-soft-mul -Wl,--no-relax -ffunction-sections -fdata-sections -MMD -MP -MF"src/helloworld.d" -MT"src/helloworld.o" -o "src/helloworld.o" "../src/helloworld.c"
'Finished building: ../src/helloworld.c'
' '
'Building target: again.elf'
'Invoking: MicroBlaze gcc linker'
mb-gcc -Wl,-T -Wl,../src/lscript.ld -L../../again_bsp/microblaze_0/lib -mlittle-endian -mcpu=v11.0 -mxl-soft-mul -Wl,--no-relax -Wl,--gc-sections -o "again.elf"  ./src/helloworld.o ./src/platform.o   -Wl,--start-group,-lxil,-lgcc,-lc,--end-group
'Finished building target: again.elf'
' '
'Invoking: MicroBlaze Print Size'
mb-size again.elf  |tee "again.elf.size"
   text	   data	    bss	    dec	    hex	filename
   3124	    320	   3108	   6552	   1998	again.elf
'Finished building: again.elf.size'
' '
13:47:25 **** Auto Build of configuration Debug for project again ****
make all 
'Building file: ../src/helloworld.c'
'Invoking: MicroBlaze gcc compiler'
mb-gcc -Wall -O0 -g3 -c -fmessage-length=0 -MT"src/helloworld.o" -I../../again_bsp/microblaze_0/include -mlittle-endian -mcpu=v11.0 -mxl-soft-mul -Wl,--no-relax -ffunction-sections -fdata-sections -MMD -MP -MF"src/helloworld.d" -MT"src/helloworld.o" -o "src/helloworld.o" "../src/helloworld.c"
'Finished building: ../src/helloworld.c'
' '
'Building target: again.elf'
'Invoking: MicroBlaze gcc linker'
mb-gcc -Wl,-T -Wl,../src/lscript.ld -L../../again_bsp/microblaze_0/lib -mlittle-endian -mcpu=v11.0 -mxl-soft-mul -Wl,--no-relax -Wl,--gc-sections -o "again.elf"  ./src/helloworld.o ./src/platform.o   -Wl,--start-group,-lxil,-lgcc,-lc,--end-group
'Finished building target: again.elf'
' '
'Invoking: MicroBlaze Print Size'
mb-size again.elf  |tee "again.elf.size"
   text	   data	    bss	    dec	    hex	filename
   3124	    320	   3108	   6552	   1998	again.elf
'Finished building: again.elf.size'
' '
13:49:31 **** Auto Build of configuration Debug for project again ****
make all 
'Building file: ../src/helloworld.c'
'Invoking: MicroBlaze gcc compiler'
mb-gcc -Wall -O0 -g3 -c -fmessage-length=0 -MT"src/helloworld.o" -I../../again_bsp/microblaze_0/include -mlittle-endian -mcpu=v11.0 -mxl-soft-mul -Wl,--no-relax -ffunction-sections -fdata-sections -MMD -MP -MF"src/helloworld.d" -MT"src/helloworld.o" -o "src/helloworld.o" "../src/helloworld.c"
'Finished building: ../src/helloworld.c'
' '
'Building target: again.elf'
'Invoking: MicroBlaze gcc linker'
mb-gcc -Wl,-T -Wl,../src/lscript.ld -L../../again_bsp/microblaze_0/lib -mlittle-endian -mcpu=v11.0 -mxl-soft-mul -Wl,--no-relax -Wl,--gc-sections -o "again.elf"  ./src/helloworld.o ./src/platform.o   -Wl,--start-group,-lxil,-lgcc,-lc,--end-group
'Finished building target: again.elf'
' '
'Invoking: MicroBlaze Print Size'
mb-size again.elf  |tee "again.elf.size"
   text	   data	    bss	    dec	    hex	filename
   3124	    320	   3108	   6552	   1998	again.elf
'Finished building: again.elf.size'
' '
13:50:05 **** Auto Build of configuration Debug for project again ****
make all 
'Building file: ../src/helloworld.c'
'Invoking: MicroBlaze gcc compiler'
mb-gcc -Wall -O0 -g3 -c -fmessage-length=0 -MT"src/helloworld.o" -I../../again_bsp/microblaze_0/include -mlittle-endian -mcpu=v11.0 -mxl-soft-mul -Wl,--no-relax -ffunction-sections -fdata-sections -MMD -MP -MF"src/helloworld.d" -MT"src/helloworld.o" -o "src/helloworld.o" "../src/helloworld.c"
../src/helloworld.c: In function 'initGPIO':
../src/helloworld.c:75:2: warning: implicit declaration of function 'XGpio_Initialize' [-Wimplicit-function-declaration]
  XGpio_Initialize(&leds,XPAR_AXI_GPIO_0_DEVICE_ID);
  ^~~~~~~~~~~~~~~~
../src/helloworld.c:75:20: error: 'leds' undeclared (first use in this function); did you mean 'gets'?
  XGpio_Initialize(&leds,XPAR_AXI_GPIO_0_DEVICE_ID);
                    ^~~~
                    gets
../src/helloworld.c:75:20: note: each undeclared identifier is reported only once for each function it appears in
../src/helloworld.c:76:2: warning: implicit declaration of function 'XGpio_SetDataDirection' [-Wimplicit-function-declaration]
  XGpio_SetDataDirection(&leds, 1, 0x0000);
  ^~~~~~~~~~~~~~~~~~~~~~
../src/helloworld.c:77:20: error: 'switches' undeclared (first use in this function)
  XGpio_Initialize(&switches,XPAR_AXI_GPIO_0_DEVICE_ID);
                    ^~~~~~~~
../src/helloworld.c:79:20: error: 'buttons' undeclared (first use in this function)
  XGpio_Initialize(&buttons,XPAR_AXI_GPIO_1_DEVICE_ID);
                    ^~~~~~~
../src/helloworld.c:81:20: error: 'seg_disp' undeclared (first use in this function)
  XGpio_Initialize(&seg_disp,XPAR_AXI_GPIO_1_DEVICE_ID);
                    ^~~~~~~~
../src/helloworld.c:83:20: error: 'seg_an' undeclared (first use in this function)
  XGpio_Initialize(&seg_an,XPAR_AXI_GPIO_2_DEVICE_ID);
                    ^~~~~~
../src/helloworld.c:83:27: error: 'XPAR_AXI_GPIO_2_DEVICE_ID' undeclared (first use in this function); did you mean 'XPAR_AXI_GPIO_1_DEVICE_ID'?
  XGpio_Initialize(&seg_an,XPAR_AXI_GPIO_2_DEVICE_ID);
                           ^~~~~~~~~~~~~~~~~~~~~~~~~
                           XPAR_AXI_GPIO_1_DEVICE_ID
make: *** [src/subdir.mk:26: src/helloworld.o] Error 1
13:50:24 **** Auto Build of configuration Debug for project again ****
make all 
'Building file: ../src/helloworld.c'
'Invoking: MicroBlaze gcc compiler'
mb-gcc -Wall -O0 -g3 -c -fmessage-length=0 -MT"src/helloworld.o" -I../../again_bsp/microblaze_0/include -mlittle-endian -mcpu=v11.0 -mxl-soft-mul -Wl,--no-relax -ffunction-sections -fdata-sections -MMD -MP -MF"src/helloworld.d" -MT"src/helloworld.o" -o "src/helloworld.o" "../src/helloworld.c"
../src/helloworld.c: In function 'initGPIO':
../src/helloworld.c:75:2: warning: implicit declaration of function 'XGpio_Initialize' [-Wimplicit-function-declaration]
  XGpio_Initialize(&leds,XPAR_AXI_GPIO_0_DEVICE_ID);
  ^~~~~~~~~~~~~~~~
../src/helloworld.c:75:20: error: 'leds' undeclared (first use in this function); did you mean 'gets'?
  XGpio_Initialize(&leds,XPAR_AXI_GPIO_0_DEVICE_ID);
                    ^~~~
                    gets
../src/helloworld.c:75:20: note: each undeclared identifier is reported only once for each function it appears in
../src/helloworld.c:76:2: warning: implicit declaration of function 'XGpio_SetDataDirection' [-Wimplicit-function-declaration]
  XGpio_SetDataDirection(&leds, 1, 0x0000);
  ^~~~~~~~~~~~~~~~~~~~~~
../src/helloworld.c:77:20: error: 'switches' undeclared (first use in this function)
  XGpio_Initialize(&switches,XPAR_AXI_GPIO_0_DEVICE_ID);
                    ^~~~~~~~
../src/helloworld.c:79:20: error: 'buttons' undeclared (first use in this function)
  XGpio_Initialize(&buttons,XPAR_AXI_GPIO_1_DEVICE_ID);
                    ^~~~~~~
../src/helloworld.c:81:20: error: 'seg_disp' undeclared (first use in this function)
  XGpio_Initialize(&seg_disp,XPAR_AXI_GPIO_1_DEVICE_ID);
                    ^~~~~~~~
../src/helloworld.c:83:20: error: 'seg_an' undeclared (first use in this function)
  XGpio_Initialize(&seg_an,XPAR_AXI_GPIO_2_DEVICE_ID);
                    ^~~~~~
../src/helloworld.c:83:27: error: 'XPAR_AXI_GPIO_2_DEVICE_ID' undeclared (first use in this function); did you mean 'XPAR_AXI_GPIO_1_DEVICE_ID'?
  XGpio_Initialize(&seg_an,XPAR_AXI_GPIO_2_DEVICE_ID);
                           ^~~~~~~~~~~~~~~~~~~~~~~~~
                           XPAR_AXI_GPIO_1_DEVICE_ID
../src/helloworld.c: In function 'sw2_seg':
../src/helloworld.c:89:19: warning: implicit declaration of function 'XGpio_DiscreteRead' [-Wimplicit-function-declaration]
  int read_value = XGpio_DiscreteRead(&switches,2);
                   ^~~~~~~~~~~~~~~~~~
../src/helloworld.c:89:39: error: 'switches' undeclared (first use in this function)
  int read_value = XGpio_DiscreteRead(&switches,2);
                                       ^~~~~~~~
../src/helloworld.c:101:3: warning: implicit declaration of function 'XGpio_DiscreteWrite' [-Wimplicit-function-declaration]
   XGpio_DiscreteWrite(&seg_an, 1, 0xffff - (1<<i));
   ^~~~~~~~~~~~~~~~~~~
../src/helloworld.c:101:24: error: 'seg_an' undeclared (first use in this function)
   XGpio_DiscreteWrite(&seg_an, 1, 0xffff - (1<<i));
                        ^~~~~~
../src/helloworld.c:102:27: error: 'seg_disp' undeclared (first use in this function)
      XGpio_DiscreteWrite(&seg_disp, 2,hex_to_seg7[digits[i]]);
                           ^~~~~~~~
../src/helloworld.c:103:6: warning: implicit declaration of function 'usleep'; did you mean 'fseek'? [-Wimplicit-function-declaration]
      usleep(1000);
      ^~~~~~
      fseek
make: *** [src/subdir.mk:26: src/helloworld.o] Error 1
13:51:07 **** Auto Build of configuration Debug for project again ****
make all 
'Building file: ../src/helloworld.c'
'Invoking: MicroBlaze gcc compiler'
mb-gcc -Wall -O0 -g3 -c -fmessage-length=0 -MT"src/helloworld.o" -I../../again_bsp/microblaze_0/include -mlittle-endian -mcpu=v11.0 -mxl-soft-mul -Wl,--no-relax -ffunction-sections -fdata-sections -MMD -MP -MF"src/helloworld.d" -MT"src/helloworld.o" -o "src/helloworld.o" "../src/helloworld.c"
../src/helloworld.c: In function 'initGPIO':
../src/helloworld.c:92:27: error: 'XPAR_AXI_GPIO_2_DEVICE_ID' undeclared (first use in this function); did you mean 'XPAR_AXI_GPIO_1_DEVICE_ID'?
  XGpio_Initialize(&seg_an,XPAR_AXI_GPIO_2_DEVICE_ID);
                           ^~~~~~~~~~~~~~~~~~~~~~~~~
                           XPAR_AXI_GPIO_1_DEVICE_ID
../src/helloworld.c:92:27: note: each undeclared identifier is reported only once for each function it appears in
make: *** [src/subdir.mk:26: src/helloworld.o] Error 1
13:51:26 **** Auto Build of configuration Debug for project again ****
make all 
'Building file: ../src/helloworld.c'
'Invoking: MicroBlaze gcc compiler'
mb-gcc -Wall -O0 -g3 -c -fmessage-length=0 -MT"src/helloworld.o" -I../../again_bsp/microblaze_0/include -mlittle-endian -mcpu=v11.0 -mxl-soft-mul -Wl,--no-relax -ffunction-sections -fdata-sections -MMD -MP -MF"src/helloworld.d" -MT"src/helloworld.o" -o "src/helloworld.o" "../src/helloworld.c"
../src/helloworld.c: In function 'sw2_seg':
../src/helloworld.c:103:24: error: 'seg_an' undeclared (first use in this function)
   XGpio_DiscreteWrite(&seg_an, 1, 0xffff - (1<<i));
                        ^~~~~~
../src/helloworld.c:103:24: note: each undeclared identifier is reported only once for each function it appears in
../src/helloworld.c:104:27: error: 'seg_disp' undeclared (first use in this function)
      XGpio_DiscreteWrite(&seg_disp, 2,hex_to_seg7[digits[i]]);
                           ^~~~~~~~
make: *** [src/subdir.mk:26: src/helloworld.o] Error 1
13:53:37 **** Auto Build of configuration Debug for project again ****
make all 
'Building file: ../src/helloworld.c'
'Invoking: MicroBlaze gcc compiler'
mb-gcc -Wall -O0 -g3 -c -fmessage-length=0 -MT"src/helloworld.o" -I../../again_bsp/microblaze_0/include -mlittle-endian -mcpu=v11.0 -mxl-soft-mul -Wl,--no-relax -ffunction-sections -fdata-sections -MMD -MP -MF"src/helloworld.d" -MT"src/helloworld.o" -o "src/helloworld.o" "../src/helloworld.c"
../src/helloworld.c: In function 'sw2_seg':
../src/helloworld.c:99:2: warning: implicit declaration of function 'SEG7_set_values'; did you mean 'SEG7_IP_Reg_SelfTest'? [-Wimplicit-function-declaration]
  SEG7_set_values(hex_to_seg_7[digits[0]], hex_to_seg_7[digits[1]], hex_to_seg_7[digits[2]],hex_to_seg_7[digits[3]]);
  ^~~~~~~~~~~~~~~
  SEG7_IP_Reg_SelfTest
../src/helloworld.c:99:18: error: 'hex_to_seg_7' undeclared (first use in this function); did you mean 'hex_to_seg7'?
  SEG7_set_values(hex_to_seg_7[digits[0]], hex_to_seg_7[digits[1]], hex_to_seg_7[digits[2]],hex_to_seg_7[digits[3]]);
                  ^~~~~~~~~~~~
                  hex_to_seg7
../src/helloworld.c:99:18: note: each undeclared identifier is reported only once for each function it appears in
../src/helloworld.c:92:6: warning: variable 'digits' set but not used [-Wunused-but-set-variable]
  int digits[4] = {
      ^~~~~~
../src/helloworld.c: At top level:
../src/helloworld.c:102:6: warning: conflicting types for 'SEG7_set_values'
 void SEG7_set_values(int value1, int value2, int value3, int value4) {
      ^~~~~~~~~~~~~~~
../src/helloworld.c:99:2: note: previous implicit declaration of 'SEG7_set_values' was here
  SEG7_set_values(hex_to_seg_7[digits[0]], hex_to_seg_7[digits[1]], hex_to_seg_7[digits[2]],hex_to_seg_7[digits[3]]);
  ^~~~~~~~~~~~~~~
make: *** [src/subdir.mk:26: src/helloworld.o] Error 1
13:53:53 **** Auto Build of configuration Debug for project again ****
make all 
'Building file: ../src/helloworld.c'
'Invoking: MicroBlaze gcc compiler'
mb-gcc -Wall -O0 -g3 -c -fmessage-length=0 -MT"src/helloworld.o" -I../../again_bsp/microblaze_0/include -mlittle-endian -mcpu=v11.0 -mxl-soft-mul -Wl,--no-relax -ffunction-sections -fdata-sections -MMD -MP -MF"src/helloworld.d" -MT"src/helloworld.o" -o "src/helloworld.o" "../src/helloworld.c"
../src/helloworld.c: In function 'sw2_seg':
../src/helloworld.c:106:18: error: 'hex_to_seg_7' undeclared (first use in this function); did you mean 'hex_to_seg7'?
  SEG7_set_values(hex_to_seg_7[digits[0]], hex_to_seg_7[digits[1]], hex_to_seg_7[digits[2]],hex_to_seg_7[digits[3]]);
                  ^~~~~~~~~~~~
                  hex_to_seg7
../src/helloworld.c:106:18: note: each undeclared identifier is reported only once for each function it appears in
../src/helloworld.c:99:6: warning: variable 'digits' set but not used [-Wunused-but-set-variable]
  int digits[4] = {
      ^~~~~~
make: *** [src/subdir.mk:26: src/helloworld.o] Error 1
13:54:10 **** Auto Build of configuration Debug for project again ****
make all 
'Building file: ../src/helloworld.c'
'Invoking: MicroBlaze gcc compiler'
mb-gcc -Wall -O0 -g3 -c -fmessage-length=0 -MT"src/helloworld.o" -I../../again_bsp/microblaze_0/include -mlittle-endian -mcpu=v11.0 -mxl-soft-mul -Wl,--no-relax -ffunction-sections -fdata-sections -MMD -MP -MF"src/helloworld.d" -MT"src/helloworld.o" -o "src/helloworld.o" "../src/helloworld.c"
../src/helloworld.c: In function 'sw2_seg':
../src/helloworld.c:106:18: error: 'hex_to_seg_7' undeclared (first use in this function); did you mean 'hex_to_seg7'?
  SEG7_set_values(hex_to_seg_7[digits[0]], hex_to_seg_7[digits[1]], hex_to_seg_7[digits[2]],hex_to_seg_7[digits[3]]);
                  ^~~~~~~~~~~~
                  hex_to_seg7
../src/helloworld.c:106:18: note: each undeclared identifier is reported only once for each function it appears in
../src/helloworld.c:99:6: warning: variable 'digits' set but not used [-Wunused-but-set-variable]
  int digits[4] = {
      ^~~~~~
make: *** [src/subdir.mk:26: src/helloworld.o] Error 1
13:54:36 **** Auto Build of configuration Debug for project again ****
make all 
'Building file: ../src/helloworld.c'
'Invoking: MicroBlaze gcc compiler'
mb-gcc -Wall -O0 -g3 -c -fmessage-length=0 -MT"src/helloworld.o" -I../../again_bsp/microblaze_0/include -mlittle-endian -mcpu=v11.0 -mxl-soft-mul -Wl,--no-relax -ffunction-sections -fdata-sections -MMD -MP -MF"src/helloworld.d" -MT"src/helloworld.o" -o "src/helloworld.o" "../src/helloworld.c"
'Finished building: ../src/helloworld.c'
' '
'Building target: again.elf'
'Invoking: MicroBlaze gcc linker'
mb-gcc -Wl,-T -Wl,../src/lscript.ld -L../../again_bsp/microblaze_0/lib -mlittle-endian -mcpu=v11.0 -mxl-soft-mul -Wl,--no-relax -Wl,--gc-sections -o "again.elf"  ./src/helloworld.o ./src/platform.o   -Wl,--start-group,-lxil,-lgcc,-lc,--end-group
'Finished building target: again.elf'
' '
'Invoking: MicroBlaze Print Size'
mb-size again.elf  |tee "again.elf.size"
   text	   data	    bss	    dec	    hex	filename
   4284	    420	   3168	   7872	   1ec0	again.elf
'Finished building: again.elf.size'
' '
13:54:43 **** Auto Build of configuration Debug for project again ****
make all 
'Building file: ../src/helloworld.c'
'Invoking: MicroBlaze gcc compiler'
mb-gcc -Wall -O0 -g3 -c -fmessage-length=0 -MT"src/helloworld.o" -I../../again_bsp/microblaze_0/include -mlittle-endian -mcpu=v11.0 -mxl-soft-mul -Wl,--no-relax -ffunction-sections -fdata-sections -MMD -MP -MF"src/helloworld.d" -MT"src/helloworld.o" -o "src/helloworld.o" "../src/helloworld.c"
'Finished building: ../src/helloworld.c'
' '
'Building target: again.elf'
'Invoking: MicroBlaze gcc linker'
mb-gcc -Wl,-T -Wl,../src/lscript.ld -L../../again_bsp/microblaze_0/lib -mlittle-endian -mcpu=v11.0 -mxl-soft-mul -Wl,--no-relax -Wl,--gc-sections -o "again.elf"  ./src/helloworld.o ./src/platform.o   -Wl,--start-group,-lxil,-lgcc,-lc,--end-group
'Finished building target: again.elf'
' '
'Invoking: MicroBlaze Print Size'
mb-size again.elf  |tee "again.elf.size"
   text	   data	    bss	    dec	    hex	filename
   4284	    420	   3168	   7872	   1ec0	again.elf
'Finished building: again.elf.size'
' '
13:54:49 **** Auto Build of configuration Debug for project again ****
make all 
'Building file: ../src/helloworld.c'
'Invoking: MicroBlaze gcc compiler'
mb-gcc -Wall -O0 -g3 -c -fmessage-length=0 -MT"src/helloworld.o" -I../../again_bsp/microblaze_0/include -mlittle-endian -mcpu=v11.0 -mxl-soft-mul -Wl,--no-relax -ffunction-sections -fdata-sections -MMD -MP -MF"src/helloworld.d" -MT"src/helloworld.o" -o "src/helloworld.o" "../src/helloworld.c"
'Finished building: ../src/helloworld.c'
' '
'Building target: again.elf'
'Invoking: MicroBlaze gcc linker'
mb-gcc -Wl,-T -Wl,../src/lscript.ld -L../../again_bsp/microblaze_0/lib -mlittle-endian -mcpu=v11.0 -mxl-soft-mul -Wl,--no-relax -Wl,--gc-sections -o "again.elf"  ./src/helloworld.o ./src/platform.o   -Wl,--start-group,-lxil,-lgcc,-lc,--end-group
'Finished building target: again.elf'
' '
'Invoking: MicroBlaze Print Size'
mb-size again.elf  |tee "again.elf.size"
   text	   data	    bss	    dec	    hex	filename
   4284	    420	   3168	   7872	   1ec0	again.elf
'Finished building: again.elf.size'
' '
13:54:58 **** Incremental Build of configuration Debug for project again ****
make all 
make: Nothing to be done for 'all'.
13:55:29 **** Auto Build of configuration Debug for project again ****
make all 
'Building file: ../src/helloworld.c'
'Invoking: MicroBlaze gcc compiler'
mb-gcc -Wall -O0 -g3 -c -fmessage-length=0 -MT"src/helloworld.o" -I../../again_bsp/microblaze_0/include -mlittle-endian -mcpu=v11.0 -mxl-soft-mul -Wl,--no-relax -ffunction-sections -fdata-sections -MMD -MP -MF"src/helloworld.d" -MT"src/helloworld.o" -o "src/helloworld.o" "../src/helloworld.c"
'Finished building: ../src/helloworld.c'
' '
'Building target: again.elf'
'Invoking: MicroBlaze gcc linker'
mb-gcc -Wl,-T -Wl,../src/lscript.ld -L../../again_bsp/microblaze_0/lib -mlittle-endian -mcpu=v11.0 -mxl-soft-mul -Wl,--no-relax -Wl,--gc-sections -o "again.elf"  ./src/helloworld.o ./src/platform.o   -Wl,--start-group,-lxil,-lgcc,-lc,--end-group
'Finished building target: again.elf'
' '
'Invoking: MicroBlaze Print Size'
mb-size again.elf  |tee "again.elf.size"
   text	   data	    bss	    dec	    hex	filename
   4284	    420	   3168	   7872	   1ec0	again.elf
'Finished building: again.elf.size'
' '
13:55:36 **** Auto Build of configuration Debug for project again ****
make all 
'Building file: ../src/helloworld.c'
'Invoking: MicroBlaze gcc compiler'
mb-gcc -Wall -O0 -g3 -c -fmessage-length=0 -MT"src/helloworld.o" -I../../again_bsp/microblaze_0/include -mlittle-endian -mcpu=v11.0 -mxl-soft-mul -Wl,--no-relax -ffunction-sections -fdata-sections -MMD -MP -MF"src/helloworld.d" -MT"src/helloworld.o" -o "src/helloworld.o" "../src/helloworld.c"
'Finished building: ../src/helloworld.c'
' '
'Building target: again.elf'
'Invoking: MicroBlaze gcc linker'
mb-gcc -Wl,-T -Wl,../src/lscript.ld -L../../again_bsp/microblaze_0/lib -mlittle-endian -mcpu=v11.0 -mxl-soft-mul -Wl,--no-relax -Wl,--gc-sections -o "again.elf"  ./src/helloworld.o ./src/platform.o   -Wl,--start-group,-lxil,-lgcc,-lc,--end-group
'Finished building target: again.elf'
' '
'Invoking: MicroBlaze Print Size'
mb-size again.elf  |tee "again.elf.size"
   text	   data	    bss	    dec	    hex	filename
   4284	    420	   3168	   7872	   1ec0	again.elf
'Finished building: again.elf.size'
' '
13:55:43 **** Auto Build of configuration Debug for project again ****
make all 
'Building file: ../src/helloworld.c'
'Invoking: MicroBlaze gcc compiler'
mb-gcc -Wall -O0 -g3 -c -fmessage-length=0 -MT"src/helloworld.o" -I../../again_bsp/microblaze_0/include -mlittle-endian -mcpu=v11.0 -mxl-soft-mul -Wl,--no-relax -ffunction-sections -fdata-sections -MMD -MP -MF"src/helloworld.d" -MT"src/helloworld.o" -o "src/helloworld.o" "../src/helloworld.c"
'Finished building: ../src/helloworld.c'
' '
'Building target: again.elf'
'Invoking: MicroBlaze gcc linker'
mb-gcc -Wl,-T -Wl,../src/lscript.ld -L../../again_bsp/microblaze_0/lib -mlittle-endian -mcpu=v11.0 -mxl-soft-mul -Wl,--no-relax -Wl,--gc-sections -o "again.elf"  ./src/helloworld.o ./src/platform.o   -Wl,--start-group,-lxil,-lgcc,-lc,--end-group
'Finished building target: again.elf'
' '
'Invoking: MicroBlaze Print Size'
mb-size again.elf  |tee "again.elf.size"
   text	   data	    bss	    dec	    hex	filename
   4284	    420	   3168	   7872	   1ec0	again.elf
'Finished building: again.elf.size'
' '
13:56:04 **** Incremental Build of configuration Debug for project again ****
make all 
make: Nothing to be done for 'all'.
13:56:41 **** Auto Build of configuration Debug for project again ****
make all 
'Building file: ../src/helloworld.c'
'Invoking: MicroBlaze gcc compiler'
mb-gcc -Wall -O0 -g3 -c -fmessage-length=0 -MT"src/helloworld.o" -I../../again_bsp/microblaze_0/include -mlittle-endian -mcpu=v11.0 -mxl-soft-mul -Wl,--no-relax -ffunction-sections -fdata-sections -MMD -MP -MF"src/helloworld.d" -MT"src/helloworld.o" -o "src/helloworld.o" "../src/helloworld.c"
'Finished building: ../src/helloworld.c'
' '
'Building target: again.elf'
'Invoking: MicroBlaze gcc linker'
mb-gcc -Wl,-T -Wl,../src/lscript.ld -L../../again_bsp/microblaze_0/lib -mlittle-endian -mcpu=v11.0 -mxl-soft-mul -Wl,--no-relax -Wl,--gc-sections -o "again.elf"  ./src/helloworld.o ./src/platform.o   -Wl,--start-group,-lxil,-lgcc,-lc,--end-group
'Finished building target: again.elf'
' '
'Invoking: MicroBlaze Print Size'
mb-size again.elf  |tee "again.elf.size"
   text	   data	    bss	    dec	    hex	filename
   4284	    420	   3168	   7872	   1ec0	again.elf
'Finished building: again.elf.size'
' '
13:56:45 **** Auto Build of configuration Debug for project again ****
make all 
'Building file: ../src/helloworld.c'
'Invoking: MicroBlaze gcc compiler'
mb-gcc -Wall -O0 -g3 -c -fmessage-length=0 -MT"src/helloworld.o" -I../../again_bsp/microblaze_0/include -mlittle-endian -mcpu=v11.0 -mxl-soft-mul -Wl,--no-relax -ffunction-sections -fdata-sections -MMD -MP -MF"src/helloworld.d" -MT"src/helloworld.o" -o "src/helloworld.o" "../src/helloworld.c"
'Finished building: ../src/helloworld.c'
' '
'Building target: again.elf'
'Invoking: MicroBlaze gcc linker'
mb-gcc -Wl,-T -Wl,../src/lscript.ld -L../../again_bsp/microblaze_0/lib -mlittle-endian -mcpu=v11.0 -mxl-soft-mul -Wl,--no-relax -Wl,--gc-sections -o "again.elf"  ./src/helloworld.o ./src/platform.o   -Wl,--start-group,-lxil,-lgcc,-lc,--end-group
'Finished building target: again.elf'
' '
'Invoking: MicroBlaze Print Size'
mb-size again.elf  |tee "again.elf.size"
   text	   data	    bss	    dec	    hex	filename
   4284	    420	   3168	   7872	   1ec0	again.elf
'Finished building: again.elf.size'
' '
13:56:47 **** Incremental Build of configuration Debug for project again ****
make all 
make: Nothing to be done for 'all'.
13:56:54 **** Auto Build of configuration Debug for project again ****
make all 
'Building file: ../src/helloworld.c'
'Invoking: MicroBlaze gcc compiler'
mb-gcc -Wall -O0 -g3 -c -fmessage-length=0 -MT"src/helloworld.o" -I../../again_bsp/microblaze_0/include -mlittle-endian -mcpu=v11.0 -mxl-soft-mul -Wl,--no-relax -ffunction-sections -fdata-sections -MMD -MP -MF"src/helloworld.d" -MT"src/helloworld.o" -o "src/helloworld.o" "../src/helloworld.c"
'Finished building: ../src/helloworld.c'
' '
'Building target: again.elf'
'Invoking: MicroBlaze gcc linker'
mb-gcc -Wl,-T -Wl,../src/lscript.ld -L../../again_bsp/microblaze_0/lib -mlittle-endian -mcpu=v11.0 -mxl-soft-mul -Wl,--no-relax -Wl,--gc-sections -o "again.elf"  ./src/helloworld.o ./src/platform.o   -Wl,--start-group,-lxil,-lgcc,-lc,--end-group
'Finished building target: again.elf'
' '
'Invoking: MicroBlaze Print Size'
mb-size again.elf  |tee "again.elf.size"
   text	   data	    bss	    dec	    hex	filename
   4284	    420	   3168	   7872	   1ec0	again.elf
'Finished building: again.elf.size'
' '
13:56:57 **** Incremental Build of configuration Debug for project again ****
make all 
make: Nothing to be done for 'all'.
13:57:07 **** Auto Build of configuration Debug for project again ****
make all 
'Building file: ../src/helloworld.c'
'Invoking: MicroBlaze gcc compiler'
mb-gcc -Wall -O0 -g3 -c -fmessage-length=0 -MT"src/helloworld.o" -I../../again_bsp/microblaze_0/include -mlittle-endian -mcpu=v11.0 -mxl-soft-mul -Wl,--no-relax -ffunction-sections -fdata-sections -MMD -MP -MF"src/helloworld.d" -MT"src/helloworld.o" -o "src/helloworld.o" "../src/helloworld.c"
'Finished building: ../src/helloworld.c'
' '
'Building target: again.elf'
'Invoking: MicroBlaze gcc linker'
mb-gcc -Wl,-T -Wl,../src/lscript.ld -L../../again_bsp/microblaze_0/lib -mlittle-endian -mcpu=v11.0 -mxl-soft-mul -Wl,--no-relax -Wl,--gc-sections -o "again.elf"  ./src/helloworld.o ./src/platform.o   -Wl,--start-group,-lxil,-lgcc,-lc,--end-group
'Finished building target: again.elf'
' '
'Invoking: MicroBlaze Print Size'
mb-size again.elf  |tee "again.elf.size"
   text	   data	    bss	    dec	    hex	filename
   4284	    420	   3168	   7872	   1ec0	again.elf
'Finished building: again.elf.size'
' '
13:57:08 **** Incremental Build of configuration Debug for project again ****
make all 
make: Nothing to be done for 'all'.
13:57:58 **** Auto Build of configuration Debug for project again ****
make all 
'Building file: ../src/helloworld.c'
'Invoking: MicroBlaze gcc compiler'
mb-gcc -Wall -O0 -g3 -c -fmessage-length=0 -MT"src/helloworld.o" -I../../again_bsp/microblaze_0/include -mlittle-endian -mcpu=v11.0 -mxl-soft-mul -Wl,--no-relax -ffunction-sections -fdata-sections -MMD -MP -MF"src/helloworld.d" -MT"src/helloworld.o" -o "src/helloworld.o" "../src/helloworld.c"
'Finished building: ../src/helloworld.c'
' '
'Building target: again.elf'
'Invoking: MicroBlaze gcc linker'
mb-gcc -Wl,-T -Wl,../src/lscript.ld -L../../again_bsp/microblaze_0/lib -mlittle-endian -mcpu=v11.0 -mxl-soft-mul -Wl,--no-relax -Wl,--gc-sections -o "again.elf"  ./src/helloworld.o ./src/platform.o   -Wl,--start-group,-lxil,-lgcc,-lc,--end-group
'Finished building target: again.elf'
' '
'Invoking: MicroBlaze Print Size'
mb-size again.elf  |tee "again.elf.size"
   text	   data	    bss	    dec	    hex	filename
   4284	    420	   3168	   7872	   1ec0	again.elf
'Finished building: again.elf.size'
' '
13:58:00 **** Incremental Build of configuration Debug for project again ****
make all 
make: Nothing to be done for 'all'.
13:58:07 **** Incremental Build of configuration Debug for project again ****
make all 
make: Nothing to be done for 'all'.
13:59:31 **** Auto Build of configuration Debug for project again ****
make all 
'Building file: ../src/helloworld.c'
'Invoking: MicroBlaze gcc compiler'
mb-gcc -Wall -O0 -g3 -c -fmessage-length=0 -MT"src/helloworld.o" -I../../again_bsp/microblaze_0/include -mlittle-endian -mcpu=v11.0 -mxl-soft-mul -Wl,--no-relax -ffunction-sections -fdata-sections -MMD -MP -MF"src/helloworld.d" -MT"src/helloworld.o" -o "src/helloworld.o" "../src/helloworld.c"
'Finished building: ../src/helloworld.c'
' '
'Building target: again.elf'
'Invoking: MicroBlaze gcc linker'
mb-gcc -Wl,-T -Wl,../src/lscript.ld -L../../again_bsp/microblaze_0/lib -mlittle-endian -mcpu=v11.0 -mxl-soft-mul -Wl,--no-relax -Wl,--gc-sections -o "again.elf"  ./src/helloworld.o ./src/platform.o   -Wl,--start-group,-lxil,-lgcc,-lc,--end-group
'Finished building target: again.elf'
' '
'Invoking: MicroBlaze Print Size'
mb-size again.elf  |tee "again.elf.size"
   text	   data	    bss	    dec	    hex	filename
   4284	    420	   3168	   7872	   1ec0	again.elf
'Finished building: again.elf.size'
' '
14:00:54 **** Auto Build of configuration Debug for project again ****
make all 
'Building file: ../src/helloworld.c'
'Invoking: MicroBlaze gcc compiler'
mb-gcc -Wall -O0 -g3 -c -fmessage-length=0 -MT"src/helloworld.o" -I../../again_bsp/microblaze_0/include -mlittle-endian -mcpu=v11.0 -mxl-soft-mul -Wl,--no-relax -ffunction-sections -fdata-sections -MMD -MP -MF"src/helloworld.d" -MT"src/helloworld.o" -o "src/helloworld.o" "../src/helloworld.c"
'Finished building: ../src/helloworld.c'
' '
'Building target: again.elf'
'Invoking: MicroBlaze gcc linker'
mb-gcc -Wl,-T -Wl,../src/lscript.ld -L../../again_bsp/microblaze_0/lib -mlittle-endian -mcpu=v11.0 -mxl-soft-mul -Wl,--no-relax -Wl,--gc-sections -o "again.elf"  ./src/helloworld.o ./src/platform.o   -Wl,--start-group,-lxil,-lgcc,-lc,--end-group
'Finished building target: again.elf'
' '
'Invoking: MicroBlaze Print Size'
mb-size again.elf  |tee "again.elf.size"
   text	   data	    bss	    dec	    hex	filename
   4284	    420	   3168	   7872	   1ec0	again.elf
'Finished building: again.elf.size'
' '
14:01:43 **** Auto Build of configuration Debug for project again ****
make all 
'Building file: ../src/helloworld.c'
'Invoking: MicroBlaze gcc compiler'
mb-gcc -Wall -O0 -g3 -c -fmessage-length=0 -MT"src/helloworld.o" -I../../again_bsp/microblaze_0/include -mlittle-endian -mcpu=v11.0 -mxl-soft-mul -Wl,--no-relax -ffunction-sections -fdata-sections -MMD -MP -MF"src/helloworld.d" -MT"src/helloworld.o" -o "src/helloworld.o" "../src/helloworld.c"
'Finished building: ../src/helloworld.c'
' '
'Building target: again.elf'
'Invoking: MicroBlaze gcc linker'
mb-gcc -Wl,-T -Wl,../src/lscript.ld -L../../again_bsp/microblaze_0/lib -mlittle-endian -mcpu=v11.0 -mxl-soft-mul -Wl,--no-relax -Wl,--gc-sections -o "again.elf"  ./src/helloworld.o ./src/platform.o   -Wl,--start-group,-lxil,-lgcc,-lc,--end-group
'Finished building target: again.elf'
' '
'Invoking: MicroBlaze Print Size'
mb-size again.elf  |tee "again.elf.size"
   text	   data	    bss	    dec	    hex	filename
   4284	    420	   3168	   7872	   1ec0	again.elf
'Finished building: again.elf.size'
' '
14:02:18 **** Auto Build of configuration Debug for project again ****
make all 
'Building file: ../src/helloworld.c'
'Invoking: MicroBlaze gcc compiler'
mb-gcc -Wall -O0 -g3 -c -fmessage-length=0 -MT"src/helloworld.o" -I../../again_bsp/microblaze_0/include -mlittle-endian -mcpu=v11.0 -mxl-soft-mul -Wl,--no-relax -ffunction-sections -fdata-sections -MMD -MP -MF"src/helloworld.d" -MT"src/helloworld.o" -o "src/helloworld.o" "../src/helloworld.c"
'Finished building: ../src/helloworld.c'
' '
'Building target: again.elf'
'Invoking: MicroBlaze gcc linker'
mb-gcc -Wl,-T -Wl,../src/lscript.ld -L../../again_bsp/microblaze_0/lib -mlittle-endian -mcpu=v11.0 -mxl-soft-mul -Wl,--no-relax -Wl,--gc-sections -o "again.elf"  ./src/helloworld.o ./src/platform.o   -Wl,--start-group,-lxil,-lgcc,-lc,--end-group
'Finished building target: again.elf'
' '
'Invoking: MicroBlaze Print Size'
mb-size again.elf  |tee "again.elf.size"
   text	   data	    bss	    dec	    hex	filename
   4284	    420	   3232	   7936	   1f00	again.elf
'Finished building: again.elf.size'
' '
14:03:12 **** Auto Build of configuration Debug for project again ****
make all 
'Building file: ../src/helloworld.c'
'Invoking: MicroBlaze gcc compiler'
mb-gcc -Wall -O0 -g3 -c -fmessage-length=0 -MT"src/helloworld.o" -I../../again_bsp/microblaze_0/include -mlittle-endian -mcpu=v11.0 -mxl-soft-mul -Wl,--no-relax -ffunction-sections -fdata-sections -MMD -MP -MF"src/helloworld.d" -MT"src/helloworld.o" -o "src/helloworld.o" "../src/helloworld.c"
../src/helloworld.c:91:12: warning: 'init_interrupts' declared 'static' but never defined [-Wunused-function]
 static int init_interrupts(void);
            ^~~~~~~~~~~~~~~
'Finished building: ../src/helloworld.c'
' '
'Building target: again.elf'
'Invoking: MicroBlaze gcc linker'
mb-gcc -Wl,-T -Wl,../src/lscript.ld -L../../again_bsp/microblaze_0/lib -mlittle-endian -mcpu=v11.0 -mxl-soft-mul -Wl,--no-relax -Wl,--gc-sections -o "again.elf"  ./src/helloworld.o ./src/platform.o   -Wl,--start-group,-lxil,-lgcc,-lc,--end-group
'Finished building target: again.elf'
' '
'Invoking: MicroBlaze Print Size'
mb-size again.elf  |tee "again.elf.size"
   text	   data	    bss	    dec	    hex	filename
   4284	    420	   3232	   7936	   1f00	again.elf
'Finished building: again.elf.size'
' '
14:03:31 **** Auto Build of configuration Debug for project again ****
make all 
'Building file: ../src/helloworld.c'
'Invoking: MicroBlaze gcc compiler'
mb-gcc -Wall -O0 -g3 -c -fmessage-length=0 -MT"src/helloworld.o" -I../../again_bsp/microblaze_0/include -mlittle-endian -mcpu=v11.0 -mxl-soft-mul -Wl,--no-relax -ffunction-sections -fdata-sections -MMD -MP -MF"src/helloworld.d" -MT"src/helloworld.o" -o "src/helloworld.o" "../src/helloworld.c"
../src/helloworld.c:91:12: warning: 'init_interrupts' declared 'static' but never defined [-Wunused-function]
 static int init_interrupts(void);
            ^~~~~~~~~~~~~~~
../src/helloworld.c:97:12: warning: 'count' defined but not used [-Wunused-variable]
 static int count = 0;
            ^~~~~
'Finished building: ../src/helloworld.c'
' '
'Building target: again.elf'
'Invoking: MicroBlaze gcc linker'
mb-gcc -Wl,-T -Wl,../src/lscript.ld -L../../again_bsp/microblaze_0/lib -mlittle-endian -mcpu=v11.0 -mxl-soft-mul -Wl,--no-relax -Wl,--gc-sections -o "again.elf"  ./src/helloworld.o ./src/platform.o   -Wl,--start-group,-lxil,-lgcc,-lc,--end-group
'Finished building target: again.elf'
' '
'Invoking: MicroBlaze Print Size'
mb-size again.elf  |tee "again.elf.size"
   text	   data	    bss	    dec	    hex	filename
   4284	    420	   3232	   7936	   1f00	again.elf
'Finished building: again.elf.size'
' '
14:03:59 **** Auto Build of configuration Debug for project again ****
make all 
'Building file: ../src/helloworld.c'
'Invoking: MicroBlaze gcc compiler'
mb-gcc -Wall -O0 -g3 -c -fmessage-length=0 -MT"src/helloworld.o" -I../../again_bsp/microblaze_0/include -mlittle-endian -mcpu=v11.0 -mxl-soft-mul -Wl,--no-relax -ffunction-sections -fdata-sections -MMD -MP -MF"src/helloworld.d" -MT"src/helloworld.o" -o "src/helloworld.o" "../src/helloworld.c"
../src/helloworld.c:125:12: warning: 'init_interrupts' defined but not used [-Wunused-function]
 static int init_interrupts(void)
            ^~~~~~~~~~~~~~~
'Finished building: ../src/helloworld.c'
' '
'Building target: again.elf'
'Invoking: MicroBlaze gcc linker'
mb-gcc -Wl,-T -Wl,../src/lscript.ld -L../../again_bsp/microblaze_0/lib -mlittle-endian -mcpu=v11.0 -mxl-soft-mul -Wl,--no-relax -Wl,--gc-sections -o "again.elf"  ./src/helloworld.o ./src/platform.o   -Wl,--start-group,-lxil,-lgcc,-lc,--end-group
'Finished building target: again.elf'
' '
'Invoking: MicroBlaze Print Size'
mb-size again.elf  |tee "again.elf.size"
   text	   data	    bss	    dec	    hex	filename
   4284	    420	   3232	   7936	   1f00	again.elf
'Finished building: again.elf.size'
' '
14:07:18 **** Auto Build of configuration Debug for project again ****
make all 
'Building file: ../src/helloworld.c'
'Invoking: MicroBlaze gcc compiler'
mb-gcc -Wall -O0 -g3 -c -fmessage-length=0 -MT"src/helloworld.o" -I../../again_bsp/microblaze_0/include -mlittle-endian -mcpu=v11.0 -mxl-soft-mul -Wl,--no-relax -ffunction-sections -fdata-sections -MMD -MP -MF"src/helloworld.d" -MT"src/helloworld.o" -o "src/helloworld.o" "../src/helloworld.c"
../src/helloworld.c:125:12: warning: 'init_interrupts' defined but not used [-Wunused-function]
 static int init_interrupts(void)
            ^~~~~~~~~~~~~~~
'Finished building: ../src/helloworld.c'
' '
'Building target: again.elf'
'Invoking: MicroBlaze gcc linker'
mb-gcc -Wl,-T -Wl,../src/lscript.ld -L../../again_bsp/microblaze_0/lib -mlittle-endian -mcpu=v11.0 -mxl-soft-mul -Wl,--no-relax -Wl,--gc-sections -o "again.elf"  ./src/helloworld.o ./src/platform.o   -Wl,--start-group,-lxil,-lgcc,-lc,--end-group
'Finished building target: again.elf'
' '
'Invoking: MicroBlaze Print Size'
mb-size again.elf  |tee "again.elf.size"
   text	   data	    bss	    dec	    hex	filename
   4284	    420	   3232	   7936	   1f00	again.elf
'Finished building: again.elf.size'
' '
14:08:04 **** Auto Build of configuration Debug for project again ****
make all 
'Building file: ../src/helloworld.c'
'Invoking: MicroBlaze gcc compiler'
mb-gcc -Wall -O0 -g3 -c -fmessage-length=0 -MT"src/helloworld.o" -I../../again_bsp/microblaze_0/include -mlittle-endian -mcpu=v11.0 -mxl-soft-mul -Wl,--no-relax -ffunction-sections -fdata-sections -MMD -MP -MF"src/helloworld.d" -MT"src/helloworld.o" -o "src/helloworld.o" "../src/helloworld.c"
../src/helloworld.c:125:12: warning: 'init_interrupts' defined but not used [-Wunused-function]
 static int init_interrupts(void)
            ^~~~~~~~~~~~~~~
'Finished building: ../src/helloworld.c'
' '
'Building target: again.elf'
'Invoking: MicroBlaze gcc linker'
mb-gcc -Wl,-T -Wl,../src/lscript.ld -L../../again_bsp/microblaze_0/lib -mlittle-endian -mcpu=v11.0 -mxl-soft-mul -Wl,--no-relax -Wl,--gc-sections -o "again.elf"  ./src/helloworld.o ./src/platform.o   -Wl,--start-group,-lxil,-lgcc,-lc,--end-group
'Finished building target: again.elf'
' '
'Invoking: MicroBlaze Print Size'
mb-size again.elf  |tee "again.elf.size"
   text	   data	    bss	    dec	    hex	filename
   4284	    420	   3232	   7936	   1f00	again.elf
'Finished building: again.elf.size'
' '
14:08:21 **** Auto Build of configuration Debug for project again ****
make all 
'Building file: ../src/helloworld.c'
'Invoking: MicroBlaze gcc compiler'
mb-gcc -Wall -O0 -g3 -c -fmessage-length=0 -MT"src/helloworld.o" -I../../again_bsp/microblaze_0/include -mlittle-endian -mcpu=v11.0 -mxl-soft-mul -Wl,--no-relax -ffunction-sections -fdata-sections -MMD -MP -MF"src/helloworld.d" -MT"src/helloworld.o" -o "src/helloworld.o" "../src/helloworld.c"
../src/helloworld.c:125:12: warning: 'init_interrupts' defined but not used [-Wunused-function]
 static int init_interrupts(void)
            ^~~~~~~~~~~~~~~
'Finished building: ../src/helloworld.c'
' '
'Building target: again.elf'
'Invoking: MicroBlaze gcc linker'
mb-gcc -Wl,-T -Wl,../src/lscript.ld -L../../again_bsp/microblaze_0/lib -mlittle-endian -mcpu=v11.0 -mxl-soft-mul -Wl,--no-relax -Wl,--gc-sections -o "again.elf"  ./src/helloworld.o ./src/platform.o   -Wl,--start-group,-lxil,-lgcc,-lc,--end-group
'Finished building target: again.elf'
' '
'Invoking: MicroBlaze Print Size'
mb-size again.elf  |tee "again.elf.size"
   text	   data	    bss	    dec	    hex	filename
   4284	    420	   3232	   7936	   1f00	again.elf
'Finished building: again.elf.size'
' '
14:08:47 **** Auto Build of configuration Debug for project again ****
make all 
'Building file: ../src/helloworld.c'
'Invoking: MicroBlaze gcc compiler'
mb-gcc -Wall -O0 -g3 -c -fmessage-length=0 -MT"src/helloworld.o" -I../../again_bsp/microblaze_0/include -mlittle-endian -mcpu=v11.0 -mxl-soft-mul -Wl,--no-relax -ffunction-sections -fdata-sections -MMD -MP -MF"src/helloworld.d" -MT"src/helloworld.o" -o "src/helloworld.o" "../src/helloworld.c"
../src/helloworld.c:125:12: warning: 'init_interrupts' defined but not used [-Wunused-function]
 static int init_interrupts(void)
            ^~~~~~~~~~~~~~~
'Finished building: ../src/helloworld.c'
' '
'Building target: again.elf'
'Invoking: MicroBlaze gcc linker'
mb-gcc -Wl,-T -Wl,../src/lscript.ld -L../../again_bsp/microblaze_0/lib -mlittle-endian -mcpu=v11.0 -mxl-soft-mul -Wl,--no-relax -Wl,--gc-sections -o "again.elf"  ./src/helloworld.o ./src/platform.o   -Wl,--start-group,-lxil,-lgcc,-lc,--end-group
'Finished building target: again.elf'
' '
'Invoking: MicroBlaze Print Size'
mb-size again.elf  |tee "again.elf.size"
   text	   data	    bss	    dec	    hex	filename
   5888	    416	   3240	   9544	   2548	again.elf
'Finished building: again.elf.size'
' '
14:09:00 **** Incremental Build of configuration Debug for project again ****
make all 
make: Nothing to be done for 'all'.
14:09:47 **** Auto Build of configuration Debug for project again ****
make all 
'Building file: ../src/helloworld.c'
'Invoking: MicroBlaze gcc compiler'
mb-gcc -Wall -O0 -g3 -c -fmessage-length=0 -MT"src/helloworld.o" -I../../again_bsp/microblaze_0/include -mlittle-endian -mcpu=v11.0 -mxl-soft-mul -Wl,--no-relax -ffunction-sections -fdata-sections -MMD -MP -MF"src/helloworld.d" -MT"src/helloworld.o" -o "src/helloworld.o" "../src/helloworld.c"
../src/helloworld.c:125:12: warning: 'init_interrupts' defined but not used [-Wunused-function]
 static int init_interrupts(void)
            ^~~~~~~~~~~~~~~
'Finished building: ../src/helloworld.c'
' '
'Building target: again.elf'
'Invoking: MicroBlaze gcc linker'
mb-gcc -Wl,-T -Wl,../src/lscript.ld -L../../again_bsp/microblaze_0/lib -mlittle-endian -mcpu=v11.0 -mxl-soft-mul -Wl,--no-relax -Wl,--gc-sections -o "again.elf"  ./src/helloworld.o ./src/platform.o   -Wl,--start-group,-lxil,-lgcc,-lc,--end-group
'Finished building target: again.elf'
' '
'Invoking: MicroBlaze Print Size'
mb-size again.elf  |tee "again.elf.size"
   text	   data	    bss	    dec	    hex	filename
   5888	    416	   3240	   9544	   2548	again.elf
'Finished building: again.elf.size'
' '
14:10:04 **** Auto Build of configuration Debug for project again ****
make all 
'Building file: ../src/helloworld.c'
'Invoking: MicroBlaze gcc compiler'
mb-gcc -Wall -O0 -g3 -c -fmessage-length=0 -MT"src/helloworld.o" -I../../again_bsp/microblaze_0/include -mlittle-endian -mcpu=v11.0 -mxl-soft-mul -Wl,--no-relax -ffunction-sections -fdata-sections -MMD -MP -MF"src/helloworld.d" -MT"src/helloworld.o" -o "src/helloworld.o" "../src/helloworld.c"
'Finished building: ../src/helloworld.c'
' '
'Building target: again.elf'
'Invoking: MicroBlaze gcc linker'
mb-gcc -Wl,-T -Wl,../src/lscript.ld -L../../again_bsp/microblaze_0/lib -mlittle-endian -mcpu=v11.0 -mxl-soft-mul -Wl,--no-relax -Wl,--gc-sections -o "again.elf"  ./src/helloworld.o ./src/platform.o   -Wl,--start-group,-lxil,-lgcc,-lc,--end-group
'Finished building target: again.elf'
' '
'Invoking: MicroBlaze Print Size'
mb-size again.elf  |tee "again.elf.size"
   text	   data	    bss	    dec	    hex	filename
  15484	    792	   3372	  19648	   4cc0	again.elf
'Finished building: again.elf.size'
' '
14:10:10 **** Incremental Build of configuration Debug for project again ****
make all 
make: Nothing to be done for 'all'.
14:11:00 **** Auto Build of configuration Debug for project again ****
make all 
'Building file: ../src/helloworld.c'
'Invoking: MicroBlaze gcc compiler'
mb-gcc -Wall -O0 -g3 -c -fmessage-length=0 -MT"src/helloworld.o" -I../../again_bsp/microblaze_0/include -mlittle-endian -mcpu=v11.0 -mxl-soft-mul -Wl,--no-relax -ffunction-sections -fdata-sections -MMD -MP -MF"src/helloworld.d" -MT"src/helloworld.o" -o "src/helloworld.o" "../src/helloworld.c"
'Finished building: ../src/helloworld.c'
' '
'Building target: again.elf'
'Invoking: MicroBlaze gcc linker'
mb-gcc -Wl,-T -Wl,../src/lscript.ld -L../../again_bsp/microblaze_0/lib -mlittle-endian -mcpu=v11.0 -mxl-soft-mul -Wl,--no-relax -Wl,--gc-sections -o "again.elf"  ./src/helloworld.o ./src/platform.o   -Wl,--start-group,-lxil,-lgcc,-lc,--end-group
'Finished building target: again.elf'
' '
'Invoking: MicroBlaze Print Size'
mb-size again.elf  |tee "again.elf.size"
   text	   data	    bss	    dec	    hex	filename
  15484	    792	   3372	  19648	   4cc0	again.elf
'Finished building: again.elf.size'
' '
14:11:03 **** Incremental Build of configuration Debug for project again ****
make all 
make: Nothing to be done for 'all'.
14:16:19 **** Auto Build of configuration Debug for project again ****
make all 
'Building file: ../src/helloworld.c'
'Invoking: MicroBlaze gcc compiler'
mb-gcc -Wall -O0 -g3 -c -fmessage-length=0 -MT"src/helloworld.o" -I../../again_bsp/microblaze_0/include -mlittle-endian -mcpu=v11.0 -mxl-soft-mul -Wl,--no-relax -ffunction-sections -fdata-sections -MMD -MP -MF"src/helloworld.d" -MT"src/helloworld.o" -o "src/helloworld.o" "../src/helloworld.c"
../src/helloworld.c:57:10: fatal error: xintc_timer.h: No such file or directory
 #include "xintc_timer.h"
          ^~~~~~~~~~~~~~~
compilation terminated.
make: *** [src/subdir.mk:26: src/helloworld.o] Error 1
14:16:24 **** Auto Build of configuration Debug for project again ****
make all 
'Building file: ../src/helloworld.c'
'Invoking: MicroBlaze gcc compiler'
mb-gcc -Wall -O0 -g3 -c -fmessage-length=0 -MT"src/helloworld.o" -I../../again_bsp/microblaze_0/include -mlittle-endian -mcpu=v11.0 -mxl-soft-mul -Wl,--no-relax -ffunction-sections -fdata-sections -MMD -MP -MF"src/helloworld.d" -MT"src/helloworld.o" -o "src/helloworld.o" "../src/helloworld.c"
../src/helloworld.c:57:10: fatal error: xintc_timer.h: No such file or directory
 #include "xintc_timer.h"
          ^~~~~~~~~~~~~~~
compilation terminated.
make: *** [src/subdir.mk:26: src/helloworld.o] Error 1
14:16:37 **** Auto Build of configuration Debug for project again ****
make all 
'Building file: ../src/helloworld.c'
'Invoking: MicroBlaze gcc compiler'
mb-gcc -Wall -O0 -g3 -c -fmessage-length=0 -MT"src/helloworld.o" -I../../again_bsp/microblaze_0/include -mlittle-endian -mcpu=v11.0 -mxl-soft-mul -Wl,--no-relax -ffunction-sections -fdata-sections -MMD -MP -MF"src/helloworld.d" -MT"src/helloworld.o" -o "src/helloworld.o" "../src/helloworld.c"
../src/helloworld.c: In function 'init_interrupts':
../src/helloworld.c:140:6: error: redeclaration of 'Status' with no linkage
  int Status;
      ^~~~~~
../src/helloworld.c:128:6: note: previous declaration of 'Status' was here
  int Status;
      ^~~~~~
make: *** [src/subdir.mk:26: src/helloworld.o] Error 1
14:16:47 **** Auto Build of configuration Debug for project again ****
make all 
'Building file: ../src/helloworld.c'
'Invoking: MicroBlaze gcc compiler'
mb-gcc -Wall -O0 -g3 -c -fmessage-length=0 -MT"src/helloworld.o" -I../../again_bsp/microblaze_0/include -mlittle-endian -mcpu=v11.0 -mxl-soft-mul -Wl,--no-relax -ffunction-sections -fdata-sections -MMD -MP -MF"src/helloworld.d" -MT"src/helloworld.o" -o "src/helloworld.o" "../src/helloworld.c"
'Finished building: ../src/helloworld.c'
' '
'Building target: again.elf'
'Invoking: MicroBlaze gcc linker'
mb-gcc -Wl,-T -Wl,../src/lscript.ld -L../../again_bsp/microblaze_0/lib -mlittle-endian -mcpu=v11.0 -mxl-soft-mul -Wl,--no-relax -Wl,--gc-sections -o "again.elf"  ./src/helloworld.o ./src/platform.o   -Wl,--start-group,-lxil,-lgcc,-lc,--end-group
'Finished building target: again.elf'
' '
'Invoking: MicroBlaze Print Size'
mb-size again.elf  |tee "again.elf.size"
   text	   data	    bss	    dec	    hex	filename
  15712	    792	   3384	  19888	   4db0	again.elf
'Finished building: again.elf.size'
' '
14:17:08 **** Incremental Build of configuration Debug for project Test_IP ****
make all 
make: Nothing to be done for 'all'.
14:17:09 **** Incremental Build of configuration Debug for project Test_SEG7 ****
make all 
make: Nothing to be done for 'all'.
14:17:09 **** Incremental Build of configuration Debug for project again ****
make all 
make: Nothing to be done for 'all'.
14:17:10 **** Incremental Build of configuration Debug for project animer_hello ****
make all 
make: Nothing to be done for 'all'.
14:17:11 **** Incremental Build of configuration Debug for project test ****
make all 
make: Nothing to be done for 'all'.
14:17:12 **** Incremental Build of configuration Debug for project timer ****
make all 
Command canceled
14:17:32 **** Auto Build of configuration Debug for project again ****
make all 
'Building file: ../src/helloworld.c'
'Invoking: MicroBlaze gcc compiler'
mb-gcc -Wall -O0 -g3 -c -fmessage-length=0 -MT"src/helloworld.o" -I../../again_bsp/microblaze_0/include -mlittle-endian -mcpu=v11.0 -mxl-soft-mul -Wl,--no-relax -ffunction-sections -fdata-sections -MMD -MP -MF"src/helloworld.d" -MT"src/helloworld.o" -o "src/helloworld.o" "../src/helloworld.c"
'Finished building: ../src/helloworld.c'
' '
'Building target: again.elf'
'Invoking: MicroBlaze gcc linker'
mb-gcc -Wl,-T -Wl,../src/lscript.ld -L../../again_bsp/microblaze_0/lib -mlittle-endian -mcpu=v11.0 -mxl-soft-mul -Wl,--no-relax -Wl,--gc-sections -o "again.elf"  ./src/helloworld.o ./src/platform.o   -Wl,--start-group,-lxil,-lgcc,-lc,--end-group
'Finished building target: again.elf'
' '
'Invoking: MicroBlaze Print Size'
mb-size again.elf  |tee "again.elf.size"
   text	   data	    bss	    dec	    hex	filename
  15712	    792	   3384	  19888	   4db0	again.elf
'Finished building: again.elf.size'
' '
14:17:33 **** Build of configuration Debug for project timer ****
make all 
make: Nothing to be done for 'all'.
14:18:10 **** Auto Build of configuration Debug for project again ****
make all 
'Building file: ../src/helloworld.c'
'Invoking: MicroBlaze gcc compiler'
mb-gcc -Wall -O0 -g3 -c -fmessage-length=0 -MT"src/helloworld.o" -I../../again_bsp/microblaze_0/include -mlittle-endian -mcpu=v11.0 -mxl-soft-mul -Wl,--no-relax -ffunction-sections -fdata-sections -MMD -MP -MF"src/helloworld.d" -MT"src/helloworld.o" -o "src/helloworld.o" "../src/helloworld.c"
'Finished building: ../src/helloworld.c'
' '
'Building target: again.elf'
'Invoking: MicroBlaze gcc linker'
mb-gcc -Wl,-T -Wl,../src/lscript.ld -L../../again_bsp/microblaze_0/lib -mlittle-endian -mcpu=v11.0 -mxl-soft-mul -Wl,--no-relax -Wl,--gc-sections -o "again.elf"  ./src/helloworld.o ./src/platform.o   -Wl,--start-group,-lxil,-lgcc,-lc,--end-group
'Finished building target: again.elf'
' '
'Invoking: MicroBlaze Print Size'
mb-size again.elf  |tee "again.elf.size"
   text	   data	    bss	    dec	    hex	filename
  15720	    792	   3384	  19896	   4db8	again.elf
'Finished building: again.elf.size'
' '
14:28:15 **** Auto Build of configuration Debug for project again ****
make all 
'Building file: ../src/helloworld.c'
'Invoking: MicroBlaze gcc compiler'
mb-gcc -Wall -O0 -g3 -c -fmessage-length=0 -MT"src/helloworld.o" -I../../again_bsp/microblaze_0/include -mlittle-endian -mcpu=v11.0 -mxl-soft-mul -Wl,--no-relax -ffunction-sections -fdata-sections -MMD -MP -MF"src/helloworld.d" -MT"src/helloworld.o" -o "src/helloworld.o" "../src/helloworld.c"
'Finished building: ../src/helloworld.c'
' '
'Building target: again.elf'
'Invoking: MicroBlaze gcc linker'
mb-gcc -Wl,-T -Wl,../src/lscript.ld -L../../again_bsp/microblaze_0/lib -mlittle-endian -mcpu=v11.0 -mxl-soft-mul -Wl,--no-relax -Wl,--gc-sections -o "again.elf"  ./src/helloworld.o ./src/platform.o   -Wl,--start-group,-lxil,-lgcc,-lc,--end-group
'Finished building target: again.elf'
' '
'Invoking: MicroBlaze Print Size'
mb-size again.elf  |tee "again.elf.size"
   text	   data	    bss	    dec	    hex	filename
  15720	    792	   3384	  19896	   4db8	again.elf
'Finished building: again.elf.size'
' '
14:29:54 **** Auto Build of configuration Debug for project again ****
make all 
'Building file: ../src/helloworld.c'
'Invoking: MicroBlaze gcc compiler'
mb-gcc -Wall -O0 -g3 -c -fmessage-length=0 -MT"src/helloworld.o" -I../../again_bsp/microblaze_0/include -mlittle-endian -mcpu=v11.0 -mxl-soft-mul -Wl,--no-relax -ffunction-sections -fdata-sections -MMD -MP -MF"src/helloworld.d" -MT"src/helloworld.o" -o "src/helloworld.o" "../src/helloworld.c"
'Finished building: ../src/helloworld.c'
' '
'Building target: again.elf'
'Invoking: MicroBlaze gcc linker'
mb-gcc -Wl,-T -Wl,../src/lscript.ld -L../../again_bsp/microblaze_0/lib -mlittle-endian -mcpu=v11.0 -mxl-soft-mul -Wl,--no-relax -Wl,--gc-sections -o "again.elf"  ./src/helloworld.o ./src/platform.o   -Wl,--start-group,-lxil,-lgcc,-lc,--end-group
'Finished building target: again.elf'
' '
'Invoking: MicroBlaze Print Size'
mb-size again.elf  |tee "again.elf.size"
   text	   data	    bss	    dec	    hex	filename
  15720	    792	   3384	  19896	   4db8	again.elf
'Finished building: again.elf.size'
' '
14:34:17 **** Auto Build of configuration Debug for project again ****
make all 
'Building file: ../src/helloworld.c'
'Invoking: MicroBlaze gcc compiler'
mb-gcc -Wall -O0 -g3 -c -fmessage-length=0 -MT"src/helloworld.o" -I../../again_bsp/microblaze_0/include -mlittle-endian -mcpu=v11.0 -mxl-soft-mul -Wl,--no-relax -ffunction-sections -fdata-sections -MMD -MP -MF"src/helloworld.d" -MT"src/helloworld.o" -o "src/helloworld.o" "../src/helloworld.c"
'Finished building: ../src/helloworld.c'
' '
'Building target: again.elf'
'Invoking: MicroBlaze gcc linker'
mb-gcc -Wl,-T -Wl,../src/lscript.ld -L../../again_bsp/microblaze_0/lib -mlittle-endian -mcpu=v11.0 -mxl-soft-mul -Wl,--no-relax -Wl,--gc-sections -o "again.elf"  ./src/helloworld.o ./src/platform.o   -Wl,--start-group,-lxil,-lgcc,-lc,--end-group
'Finished building target: again.elf'
' '
'Invoking: MicroBlaze Print Size'
mb-size again.elf  |tee "again.elf.size"
   text	   data	    bss	    dec	    hex	filename
  15720	    792	   3384	  19896	   4db8	again.elf
'Finished building: again.elf.size'
' '
14:35:25 **** Auto Build of configuration Debug for project again ****
make all 
'Building file: ../src/helloworld.c'
'Invoking: MicroBlaze gcc compiler'
mb-gcc -Wall -O0 -g3 -c -fmessage-length=0 -MT"src/helloworld.o" -I../../again_bsp/microblaze_0/include -mlittle-endian -mcpu=v11.0 -mxl-soft-mul -Wl,--no-relax -ffunction-sections -fdata-sections -MMD -MP -MF"src/helloworld.d" -MT"src/helloworld.o" -o "src/helloworld.o" "../src/helloworld.c"
In file included from ../../again_bsp/microblaze_0/include/xgpio.h:133,
                 from ../src/helloworld.c:54:
../src/helloworld.c: In function 'initGPIO':
../../again_bsp/microblaze_0/include/xgpio_l.h:116:27: warning: statement with no effect [-Wunused-value]
 #define XGPIO_IR_CH1_MASK 0x1 /**< Mask for the 1st channel */
                           ^~~
../src/helloworld.c:112:2: note: in expansion of macro 'XGPIO_IR_CH1_MASK'
  XGPIO_IR_CH1_MASK
  ^~~~~~~~~~~~~~~~~
../src/helloworld.c:113:1: error: expected ';' before '}' token
 }
 ^
make: *** [src/subdir.mk:26: src/helloworld.o] Error 1
14:35:28 **** Auto Build of configuration Debug for project again ****
make all 
'Building file: ../src/helloworld.c'
'Invoking: MicroBlaze gcc compiler'
mb-gcc -Wall -O0 -g3 -c -fmessage-length=0 -MT"src/helloworld.o" -I../../again_bsp/microblaze_0/include -mlittle-endian -mcpu=v11.0 -mxl-soft-mul -Wl,--no-relax -ffunction-sections -fdata-sections -MMD -MP -MF"src/helloworld.d" -MT"src/helloworld.o" -o "src/helloworld.o" "../src/helloworld.c"
'Finished building: ../src/helloworld.c'
' '
'Building target: again.elf'
'Invoking: MicroBlaze gcc linker'
mb-gcc -Wl,-T -Wl,../src/lscript.ld -L../../again_bsp/microblaze_0/lib -mlittle-endian -mcpu=v11.0 -mxl-soft-mul -Wl,--no-relax -Wl,--gc-sections -o "again.elf"  ./src/helloworld.o ./src/platform.o   -Wl,--start-group,-lxil,-lgcc,-lc,--end-group
'Finished building target: again.elf'
' '
'Invoking: MicroBlaze Print Size'
mb-size again.elf  |tee "again.elf.size"
   text	   data	    bss	    dec	    hex	filename
  15720	    792	   3384	  19896	   4db8	again.elf
'Finished building: again.elf.size'
' '
14:39:49 **** Auto Build of configuration Debug for project again ****
make all 
'Building file: ../src/helloworld.c'
'Invoking: MicroBlaze gcc compiler'
mb-gcc -Wall -O0 -g3 -c -fmessage-length=0 -MT"src/helloworld.o" -I../../again_bsp/microblaze_0/include -mlittle-endian -mcpu=v11.0 -mxl-soft-mul -Wl,--no-relax -ffunction-sections -fdata-sections -MMD -MP -MF"src/helloworld.d" -MT"src/helloworld.o" -o "src/helloworld.o" "../src/helloworld.c"
../src/helloworld.c: In function 'init_interrupts':
../src/helloworld.c:144:82: error: 'Button_ISR_Handler' undeclared (first use in this function); did you mean 'Timer_ISR_Handler'?
   Status = XIntc_Connect(&xintc_buttons, TMRCTR_INTERRUPT_ID, (XInterruptHandler)Button_ISR_Handler,(void *)&buttons);
                                                                                  ^~~~~~~~~~~~~~~~~~
                                                                                  Timer_ISR_Handler
../src/helloworld.c:144:82: note: each undeclared identifier is reported only once for each function it appears in
make: *** [src/subdir.mk:26: src/helloworld.o] Error 1
14:40:02 **** Auto Build of configuration Debug for project again ****
make all 
'Building file: ../src/helloworld.c'
'Invoking: MicroBlaze gcc compiler'
mb-gcc -Wall -O0 -g3 -c -fmessage-length=0 -MT"src/helloworld.o" -I../../again_bsp/microblaze_0/include -mlittle-endian -mcpu=v11.0 -mxl-soft-mul -Wl,--no-relax -ffunction-sections -fdata-sections -MMD -MP -MF"src/helloworld.d" -MT"src/helloworld.o" -o "src/helloworld.o" "../src/helloworld.c"
'Finished building: ../src/helloworld.c'
' '
'Building target: again.elf'
'Invoking: MicroBlaze gcc linker'
mb-gcc -Wl,-T -Wl,../src/lscript.ld -L../../again_bsp/microblaze_0/lib -mlittle-endian -mcpu=v11.0 -mxl-soft-mul -Wl,--no-relax -Wl,--gc-sections -o "again.elf"  ./src/helloworld.o ./src/platform.o   -Wl,--start-group,-lxil,-lgcc,-lc,--end-group
'Finished building target: again.elf'
' '
'Invoking: MicroBlaze Print Size'
mb-size again.elf  |tee "again.elf.size"
   text	   data	    bss	    dec	    hex	filename
  15796	    792	   3388	  19976	   4e08	again.elf
'Finished building: again.elf.size'
' '
14:40:06 **** Auto Build of configuration Debug for project again ****
make all 
'Building file: ../src/helloworld.c'
'Invoking: MicroBlaze gcc compiler'
mb-gcc -Wall -O0 -g3 -c -fmessage-length=0 -MT"src/helloworld.o" -I../../again_bsp/microblaze_0/include -mlittle-endian -mcpu=v11.0 -mxl-soft-mul -Wl,--no-relax -ffunction-sections -fdata-sections -MMD -MP -MF"src/helloworld.d" -MT"src/helloworld.o" -o "src/helloworld.o" "../src/helloworld.c"
'Finished building: ../src/helloworld.c'
' '
'Building target: again.elf'
'Invoking: MicroBlaze gcc linker'
mb-gcc -Wl,-T -Wl,../src/lscript.ld -L../../again_bsp/microblaze_0/lib -mlittle-endian -mcpu=v11.0 -mxl-soft-mul -Wl,--no-relax -Wl,--gc-sections -o "again.elf"  ./src/helloworld.o ./src/platform.o   -Wl,--start-group,-lxil,-lgcc,-lc,--end-group
'Finished building target: again.elf'
' '
'Invoking: MicroBlaze Print Size'
mb-size again.elf  |tee "again.elf.size"
   text	   data	    bss	    dec	    hex	filename
  15796	    792	   3388	  19976	   4e08	again.elf
'Finished building: again.elf.size'
' '
14:40:11 **** Incremental Build of configuration Debug for project again ****
make all 
make: Nothing to be done for 'all'.
14:40:31 **** Auto Build of configuration Debug for project again ****
make all 
'Building file: ../src/helloworld.c'
'Invoking: MicroBlaze gcc compiler'
mb-gcc -Wall -O0 -g3 -c -fmessage-length=0 -MT"src/helloworld.o" -I../../again_bsp/microblaze_0/include -mlittle-endian -mcpu=v11.0 -mxl-soft-mul -Wl,--no-relax -ffunction-sections -fdata-sections -MMD -MP -MF"src/helloworld.d" -MT"src/helloworld.o" -o "src/helloworld.o" "../src/helloworld.c"
'Finished building: ../src/helloworld.c'
' '
'Building target: again.elf'
'Invoking: MicroBlaze gcc linker'
mb-gcc -Wl,-T -Wl,../src/lscript.ld -L../../again_bsp/microblaze_0/lib -mlittle-endian -mcpu=v11.0 -mxl-soft-mul -Wl,--no-relax -Wl,--gc-sections -o "again.elf"  ./src/helloworld.o ./src/platform.o   -Wl,--start-group,-lxil,-lgcc,-lc,--end-group
'Finished building target: again.elf'
' '
'Invoking: MicroBlaze Print Size'
mb-size again.elf  |tee "again.elf.size"
   text	   data	    bss	    dec	    hex	filename
  15832	    792	   3384	  20008	   4e28	again.elf
'Finished building: again.elf.size'
' '
14:40:39 **** Auto Build of configuration Debug for project again ****
make all 
'Building file: ../src/helloworld.c'
'Invoking: MicroBlaze gcc compiler'
mb-gcc -Wall -O0 -g3 -c -fmessage-length=0 -MT"src/helloworld.o" -I../../again_bsp/microblaze_0/include -mlittle-endian -mcpu=v11.0 -mxl-soft-mul -Wl,--no-relax -ffunction-sections -fdata-sections -MMD -MP -MF"src/helloworld.d" -MT"src/helloworld.o" -o "src/helloworld.o" "../src/helloworld.c"
'Finished building: ../src/helloworld.c'
' '
'Building target: again.elf'
'Invoking: MicroBlaze gcc linker'
mb-gcc -Wl,-T -Wl,../src/lscript.ld -L../../again_bsp/microblaze_0/lib -mlittle-endian -mcpu=v11.0 -mxl-soft-mul -Wl,--no-relax -Wl,--gc-sections -o "again.elf"  ./src/helloworld.o ./src/platform.o   -Wl,--start-group,-lxil,-lgcc,-lc,--end-group
'Finished building target: again.elf'
' '
'Invoking: MicroBlaze Print Size'
mb-size again.elf  |tee "again.elf.size"
   text	   data	    bss	    dec	    hex	filename
  15832	    792	   3384	  20008	   4e28	again.elf
'Finished building: again.elf.size'
' '
14:41:21 **** Auto Build of configuration Debug for project again ****
make all 
'Building file: ../src/helloworld.c'
'Invoking: MicroBlaze gcc compiler'
mb-gcc -Wall -O0 -g3 -c -fmessage-length=0 -MT"src/helloworld.o" -I../../again_bsp/microblaze_0/include -mlittle-endian -mcpu=v11.0 -mxl-soft-mul -Wl,--no-relax -ffunction-sections -fdata-sections -MMD -MP -MF"src/helloworld.d" -MT"src/helloworld.o" -o "src/helloworld.o" "../src/helloworld.c"
'Finished building: ../src/helloworld.c'
' '
'Building target: again.elf'
'Invoking: MicroBlaze gcc linker'
mb-gcc -Wl,-T -Wl,../src/lscript.ld -L../../again_bsp/microblaze_0/lib -mlittle-endian -mcpu=v11.0 -mxl-soft-mul -Wl,--no-relax -Wl,--gc-sections -o "again.elf"  ./src/helloworld.o ./src/platform.o   -Wl,--start-group,-lxil,-lgcc,-lc,--end-group
'Finished building target: again.elf'
' '
'Invoking: MicroBlaze Print Size'
mb-size again.elf  |tee "again.elf.size"
   text	   data	    bss	    dec	    hex	filename
  13036	    780	   3392	  17208	   4338	again.elf
'Finished building: again.elf.size'
' '
14:41:28 **** Incremental Build of configuration Debug for project again ****
make all 
make: Nothing to be done for 'all'.
14:41:57 **** Incremental Build of configuration Debug for project again ****
make all 
make: Nothing to be done for 'all'.
14:42:56 **** Auto Build of configuration Debug for project again ****
make all 
'Building file: ../src/helloworld.c'
'Invoking: MicroBlaze gcc compiler'
mb-gcc -Wall -O0 -g3 -c -fmessage-length=0 -MT"src/helloworld.o" -I../../again_bsp/microblaze_0/include -mlittle-endian -mcpu=v11.0 -mxl-soft-mul -Wl,--no-relax -ffunction-sections -fdata-sections -MMD -MP -MF"src/helloworld.d" -MT"src/helloworld.o" -o "src/helloworld.o" "../src/helloworld.c"
'Finished building: ../src/helloworld.c'
' '
'Building target: again.elf'
'Invoking: MicroBlaze gcc linker'
mb-gcc -Wl,-T -Wl,../src/lscript.ld -L../../again_bsp/microblaze_0/lib -mlittle-endian -mcpu=v11.0 -mxl-soft-mul -Wl,--no-relax -Wl,--gc-sections -o "again.elf"  ./src/helloworld.o ./src/platform.o   -Wl,--start-group,-lxil,-lgcc,-lc,--end-group
'Finished building target: again.elf'
' '
'Invoking: MicroBlaze Print Size'
mb-size again.elf  |tee "again.elf.size"
   text	   data	    bss	    dec	    hex	filename
  13036	    780	   3392	  17208	   4338	again.elf
'Finished building: again.elf.size'
' '
14:42:57 **** Incremental Build of configuration Debug for project again ****
make all 
make: Nothing to be done for 'all'.
14:43:03 **** Incremental Build of configuration Debug for project again ****
make all 
make: Nothing to be done for 'all'.
14:50:10 **** Auto Build of configuration Debug for project again ****
make all 
'Building file: ../src/helloworld.c'
'Invoking: MicroBlaze gcc compiler'
mb-gcc -Wall -O0 -g3 -c -fmessage-length=0 -MT"src/helloworld.o" -I../../again_bsp/microblaze_0/include -mlittle-endian -mcpu=v11.0 -mxl-soft-mul -Wl,--no-relax -ffunction-sections -fdata-sections -MMD -MP -MF"src/helloworld.d" -MT"src/helloworld.o" -o "src/helloworld.o" "../src/helloworld.c"
../src/helloworld.c: In function 'initGPIO':
../src/helloworld.c:112:29: error: expected declaration specifiers or '...' before '&' token
  void XGpio_InterruptEnable(&buttons, XGPIO_IR_CH1_MASK);
                             ^
In file included from ../../again_bsp/microblaze_0/include/xgpio.h:133,
                 from ../src/helloworld.c:54:
../../again_bsp/microblaze_0/include/xgpio_l.h:116:27: error: expected declaration specifiers or '...' before numeric constant
 #define XGPIO_IR_CH1_MASK 0x1 /**< Mask for the 1st channel */
                           ^~~
../src/helloworld.c:112:39: note: in expansion of macro 'XGPIO_IR_CH1_MASK'
  void XGpio_InterruptEnable(&buttons, XGPIO_IR_CH1_MASK);
                                       ^~~~~~~~~~~~~~~~~
../src/helloworld.c:113:35: error: expected declaration specifiers or '...' before '&' token
  void XGpio_InterruptGlobalEnable(&buttons);
                                   ^
make: *** [src/subdir.mk:26: src/helloworld.o] Error 1
14:50:20 **** Auto Build of configuration Debug for project again ****
make all 
'Building file: ../src/helloworld.c'
'Invoking: MicroBlaze gcc compiler'
mb-gcc -Wall -O0 -g3 -c -fmessage-length=0 -MT"src/helloworld.o" -I../../again_bsp/microblaze_0/include -mlittle-endian -mcpu=v11.0 -mxl-soft-mul -Wl,--no-relax -ffunction-sections -fdata-sections -MMD -MP -MF"src/helloworld.d" -MT"src/helloworld.o" -o "src/helloworld.o" "../src/helloworld.c"
'Finished building: ../src/helloworld.c'
' '
'Building target: again.elf'
'Invoking: MicroBlaze gcc linker'
mb-gcc -Wl,-T -Wl,../src/lscript.ld -L../../again_bsp/microblaze_0/lib -mlittle-endian -mcpu=v11.0 -mxl-soft-mul -Wl,--no-relax -Wl,--gc-sections -o "again.elf"  ./src/helloworld.o ./src/platform.o   -Wl,--start-group,-lxil,-lgcc,-lc,--end-group
'Finished building target: again.elf'
' '
'Invoking: MicroBlaze Print Size'
mb-size again.elf  |tee "again.elf.size"
   text	   data	    bss	    dec	    hex	filename
  13504	    780	   3388	  17672	   4508	again.elf
'Finished building: again.elf.size'
' '
14:50:36 **** Auto Build of configuration Debug for project again ****
make all 
'Building file: ../src/helloworld.c'
'Invoking: MicroBlaze gcc compiler'
mb-gcc -Wall -O0 -g3 -c -fmessage-length=0 -MT"src/helloworld.o" -I../../again_bsp/microblaze_0/include -mlittle-endian -mcpu=v11.0 -mxl-soft-mul -Wl,--no-relax -ffunction-sections -fdata-sections -MMD -MP -MF"src/helloworld.d" -MT"src/helloworld.o" -o "src/helloworld.o" "../src/helloworld.c"
'Finished building: ../src/helloworld.c'
' '
'Building target: again.elf'
'Invoking: MicroBlaze gcc linker'
mb-gcc -Wl,-T -Wl,../src/lscript.ld -L../../again_bsp/microblaze_0/lib -mlittle-endian -mcpu=v11.0 -mxl-soft-mul -Wl,--no-relax -Wl,--gc-sections -o "again.elf"  ./src/helloworld.o ./src/platform.o   -Wl,--start-group,-lxil,-lgcc,-lc,--end-group
'Finished building target: again.elf'
' '
'Invoking: MicroBlaze Print Size'
mb-size again.elf  |tee "again.elf.size"
   text	   data	    bss	    dec	    hex	filename
  13504	    780	   3388	  17672	   4508	again.elf
'Finished building: again.elf.size'
' '
14:50:55 **** Auto Build of configuration Debug for project again ****
make all 
'Building file: ../src/helloworld.c'
'Invoking: MicroBlaze gcc compiler'
mb-gcc -Wall -O0 -g3 -c -fmessage-length=0 -MT"src/helloworld.o" -I../../again_bsp/microblaze_0/include -mlittle-endian -mcpu=v11.0 -mxl-soft-mul -Wl,--no-relax -ffunction-sections -fdata-sections -MMD -MP -MF"src/helloworld.d" -MT"src/helloworld.o" -o "src/helloworld.o" "../src/helloworld.c"
'Finished building: ../src/helloworld.c'
' '
'Building target: again.elf'
'Invoking: MicroBlaze gcc linker'
mb-gcc -Wl,-T -Wl,../src/lscript.ld -L../../again_bsp/microblaze_0/lib -mlittle-endian -mcpu=v11.0 -mxl-soft-mul -Wl,--no-relax -Wl,--gc-sections -o "again.elf"  ./src/helloworld.o ./src/platform.o   -Wl,--start-group,-lxil,-lgcc,-lc,--end-group
'Finished building target: again.elf'
' '
'Invoking: MicroBlaze Print Size'
mb-size again.elf  |tee "again.elf.size"
   text	   data	    bss	    dec	    hex	filename
  13504	    780	   3388	  17672	   4508	again.elf
'Finished building: again.elf.size'
' '
14:51:00 **** Incremental Build of configuration Debug for project again ****
make all 
make: Nothing to be done for 'all'.
14:51:09 **** Incremental Build of configuration Debug for project again ****
make all 
make: Nothing to be done for 'all'.
14:51:46 **** Auto Build of configuration Debug for project again ****
make all 
'Building file: ../src/helloworld.c'
'Invoking: MicroBlaze gcc compiler'
mb-gcc -Wall -O0 -g3 -c -fmessage-length=0 -MT"src/helloworld.o" -I../../again_bsp/microblaze_0/include -mlittle-endian -mcpu=v11.0 -mxl-soft-mul -Wl,--no-relax -ffunction-sections -fdata-sections -MMD -MP -MF"src/helloworld.d" -MT"src/helloworld.o" -o "src/helloworld.o" "../src/helloworld.c"
'Finished building: ../src/helloworld.c'
' '
'Building target: again.elf'
'Invoking: MicroBlaze gcc linker'
mb-gcc -Wl,-T -Wl,../src/lscript.ld -L../../again_bsp/microblaze_0/lib -mlittle-endian -mcpu=v11.0 -mxl-soft-mul -Wl,--no-relax -Wl,--gc-sections -o "again.elf"  ./src/helloworld.o ./src/platform.o   -Wl,--start-group,-lxil,-lgcc,-lc,--end-group
'Finished building target: again.elf'
' '
'Invoking: MicroBlaze Print Size'
mb-size again.elf  |tee "again.elf.size"
   text	   data	    bss	    dec	    hex	filename
  13504	    780	   3388	  17672	   4508	again.elf
'Finished building: again.elf.size'
' '
14:51:54 **** Auto Build of configuration Debug for project again ****
make all 
'Building file: ../src/helloworld.c'
'Invoking: MicroBlaze gcc compiler'
mb-gcc -Wall -O0 -g3 -c -fmessage-length=0 -MT"src/helloworld.o" -I../../again_bsp/microblaze_0/include -mlittle-endian -mcpu=v11.0 -mxl-soft-mul -Wl,--no-relax -ffunction-sections -fdata-sections -MMD -MP -MF"src/helloworld.d" -MT"src/helloworld.o" -o "src/helloworld.o" "../src/helloworld.c"
'Finished building: ../src/helloworld.c'
' '
'Building target: again.elf'
'Invoking: MicroBlaze gcc linker'
mb-gcc -Wl,-T -Wl,../src/lscript.ld -L../../again_bsp/microblaze_0/lib -mlittle-endian -mcpu=v11.0 -mxl-soft-mul -Wl,--no-relax -Wl,--gc-sections -o "again.elf"  ./src/helloworld.o ./src/platform.o   -Wl,--start-group,-lxil,-lgcc,-lc,--end-group
'Finished building target: again.elf'
' '
'Invoking: MicroBlaze Print Size'
mb-size again.elf  |tee "again.elf.size"
   text	   data	    bss	    dec	    hex	filename
  13504	    780	   3388	  17672	   4508	again.elf
'Finished building: again.elf.size'
' '
14:51:57 **** Incremental Build of configuration Debug for project again ****
make all 
make: Nothing to be done for 'all'.
14:52:18 **** Auto Build of configuration Debug for project again ****
make all 
'Building file: ../src/helloworld.c'
'Invoking: MicroBlaze gcc compiler'
mb-gcc -Wall -O0 -g3 -c -fmessage-length=0 -MT"src/helloworld.o" -I../../again_bsp/microblaze_0/include -mlittle-endian -mcpu=v11.0 -mxl-soft-mul -Wl,--no-relax -ffunction-sections -fdata-sections -MMD -MP -MF"src/helloworld.d" -MT"src/helloworld.o" -o "src/helloworld.o" "../src/helloworld.c"
'Finished building: ../src/helloworld.c'
' '
'Building target: again.elf'
'Invoking: MicroBlaze gcc linker'
mb-gcc -Wl,-T -Wl,../src/lscript.ld -L../../again_bsp/microblaze_0/lib -mlittle-endian -mcpu=v11.0 -mxl-soft-mul -Wl,--no-relax -Wl,--gc-sections -o "again.elf"  ./src/helloworld.o ./src/platform.o   -Wl,--start-group,-lxil,-lgcc,-lc,--end-group
'Finished building target: again.elf'
' '
'Invoking: MicroBlaze Print Size'
mb-size again.elf  |tee "again.elf.size"
   text	   data	    bss	    dec	    hex	filename
  13036	    780	   3392	  17208	   4338	again.elf
'Finished building: again.elf.size'
' '
14:52:24 **** Incremental Build of configuration Debug for project again ****
make all 
make: Nothing to be done for 'all'.
14:52:54 **** Auto Build of configuration Debug for project again ****
make all 
'Building file: ../src/helloworld.c'
'Invoking: MicroBlaze gcc compiler'
mb-gcc -Wall -O0 -g3 -c -fmessage-length=0 -MT"src/helloworld.o" -I../../again_bsp/microblaze_0/include -mlittle-endian -mcpu=v11.0 -mxl-soft-mul -Wl,--no-relax -ffunction-sections -fdata-sections -MMD -MP -MF"src/helloworld.d" -MT"src/helloworld.o" -o "src/helloworld.o" "../src/helloworld.c"
'Finished building: ../src/helloworld.c'
' '
'Building target: again.elf'
'Invoking: MicroBlaze gcc linker'
mb-gcc -Wl,-T -Wl,../src/lscript.ld -L../../again_bsp/microblaze_0/lib -mlittle-endian -mcpu=v11.0 -mxl-soft-mul -Wl,--no-relax -Wl,--gc-sections -o "again.elf"  ./src/helloworld.o ./src/platform.o   -Wl,--start-group,-lxil,-lgcc,-lc,--end-group
'Finished building target: again.elf'
' '
'Invoking: MicroBlaze Print Size'
mb-size again.elf  |tee "again.elf.size"
   text	   data	    bss	    dec	    hex	filename
  13280	    780	   3388	  17448	   4428	again.elf
'Finished building: again.elf.size'
' '
14:52:56 **** Incremental Build of configuration Debug for project again ****
make all 
make: Nothing to be done for 'all'.
14:53:20 **** Auto Build of configuration Debug for project again ****
make all 
'Building file: ../src/helloworld.c'
'Invoking: MicroBlaze gcc compiler'
mb-gcc -Wall -O0 -g3 -c -fmessage-length=0 -MT"src/helloworld.o" -I../../again_bsp/microblaze_0/include -mlittle-endian -mcpu=v11.0 -mxl-soft-mul -Wl,--no-relax -ffunction-sections -fdata-sections -MMD -MP -MF"src/helloworld.d" -MT"src/helloworld.o" -o "src/helloworld.o" "../src/helloworld.c"
'Finished building: ../src/helloworld.c'
' '
'Building target: again.elf'
'Invoking: MicroBlaze gcc linker'
mb-gcc -Wl,-T -Wl,../src/lscript.ld -L../../again_bsp/microblaze_0/lib -mlittle-endian -mcpu=v11.0 -mxl-soft-mul -Wl,--no-relax -Wl,--gc-sections -o "again.elf"  ./src/helloworld.o ./src/platform.o   -Wl,--start-group,-lxil,-lgcc,-lc,--end-group
'Finished building target: again.elf'
' '
'Invoking: MicroBlaze Print Size'
mb-size again.elf  |tee "again.elf.size"
   text	   data	    bss	    dec	    hex	filename
  13276	    780	   3392	  17448	   4428	again.elf
'Finished building: again.elf.size'
' '
14:53:22 **** Incremental Build of configuration Debug for project again ****
make all 
make: Nothing to be done for 'all'.
14:53:36 **** Auto Build of configuration Debug for project again ****
make all 
'Building file: ../src/helloworld.c'
'Invoking: MicroBlaze gcc compiler'
mb-gcc -Wall -O0 -g3 -c -fmessage-length=0 -MT"src/helloworld.o" -I../../again_bsp/microblaze_0/include -mlittle-endian -mcpu=v11.0 -mxl-soft-mul -Wl,--no-relax -ffunction-sections -fdata-sections -MMD -MP -MF"src/helloworld.d" -MT"src/helloworld.o" -o "src/helloworld.o" "../src/helloworld.c"
'Finished building: ../src/helloworld.c'
' '
'Building target: again.elf'
'Invoking: MicroBlaze gcc linker'
mb-gcc -Wl,-T -Wl,../src/lscript.ld -L../../again_bsp/microblaze_0/lib -mlittle-endian -mcpu=v11.0 -mxl-soft-mul -Wl,--no-relax -Wl,--gc-sections -o "again.elf"  ./src/helloworld.o ./src/platform.o   -Wl,--start-group,-lxil,-lgcc,-lc,--end-group
'Finished building target: again.elf'
' '
'Invoking: MicroBlaze Print Size'
mb-size again.elf  |tee "again.elf.size"
   text	   data	    bss	    dec	    hex	filename
  13036	    780	   3392	  17208	   4338	again.elf
'Finished building: again.elf.size'
' '
14:58:08 **** Auto Build of configuration Debug for project again ****
make all 
'Building file: ../src/helloworld.c'
'Invoking: MicroBlaze gcc compiler'
mb-gcc -Wall -O0 -g3 -c -fmessage-length=0 -MT"src/helloworld.o" -I../../again_bsp/microblaze_0/include -mlittle-endian -mcpu=v11.0 -mxl-soft-mul -Wl,--no-relax -ffunction-sections -fdata-sections -MMD -MP -MF"src/helloworld.d" -MT"src/helloworld.o" -o "src/helloworld.o" "../src/helloworld.c"
'Finished building: ../src/helloworld.c'
' '
'Building target: again.elf'
'Invoking: MicroBlaze gcc linker'
mb-gcc -Wl,-T -Wl,../src/lscript.ld -L../../again_bsp/microblaze_0/lib -mlittle-endian -mcpu=v11.0 -mxl-soft-mul -Wl,--no-relax -Wl,--gc-sections -o "again.elf"  ./src/helloworld.o ./src/platform.o   -Wl,--start-group,-lxil,-lgcc,-lc,--end-group
'Finished building target: again.elf'
' '
'Invoking: MicroBlaze Print Size'
mb-size again.elf  |tee "again.elf.size"
   text	   data	    bss	    dec	    hex	filename
  13280	    780	   3388	  17448	   4428	again.elf
'Finished building: again.elf.size'
' '
14:58:11 **** Incremental Build of configuration Debug for project again ****
make all 
make: Nothing to be done for 'all'.
14:59:08 **** Auto Build of configuration Debug for project again ****
make all 
'Building file: ../src/helloworld.c'
'Invoking: MicroBlaze gcc compiler'
mb-gcc -Wall -O0 -g3 -c -fmessage-length=0 -MT"src/helloworld.o" -I../../again_bsp/microblaze_0/include -mlittle-endian -mcpu=v11.0 -mxl-soft-mul -Wl,--no-relax -ffunction-sections -fdata-sections -MMD -MP -MF"src/helloworld.d" -MT"src/helloworld.o" -o "src/helloworld.o" "../src/helloworld.c"
'Finished building: ../src/helloworld.c'
' '
'Building target: again.elf'
'Invoking: MicroBlaze gcc linker'
mb-gcc -Wl,-T -Wl,../src/lscript.ld -L../../again_bsp/microblaze_0/lib -mlittle-endian -mcpu=v11.0 -mxl-soft-mul -Wl,--no-relax -Wl,--gc-sections -o "again.elf"  ./src/helloworld.o ./src/platform.o   -Wl,--start-group,-lxil,-lgcc,-lc,--end-group
'Finished building target: again.elf'
' '
'Invoking: MicroBlaze Print Size'
mb-size again.elf  |tee "again.elf.size"
   text	   data	    bss	    dec	    hex	filename
  15796	    792	   3388	  19976	   4e08	again.elf
'Finished building: again.elf.size'
' '
14:59:09 **** Incremental Build of configuration Debug for project again ****
make all 
make: Nothing to be done for 'all'.
14:59:18 **** Incremental Build of configuration Debug for project again ****
make all 
make: Nothing to be done for 'all'.
15:00:31 **** Incremental Build of configuration Debug for project again ****
make all 
make: Nothing to be done for 'all'.
15:02:04 **** Auto Build of configuration Debug for project again ****
make all 
'Building file: ../src/helloworld.c'
'Invoking: MicroBlaze gcc compiler'
mb-gcc -Wall -O0 -g3 -c -fmessage-length=0 -MT"src/helloworld.o" -I../../again_bsp/microblaze_0/include -mlittle-endian -mcpu=v11.0 -mxl-soft-mul -Wl,--no-relax -ffunction-sections -fdata-sections -MMD -MP -MF"src/helloworld.d" -MT"src/helloworld.o" -o "src/helloworld.o" "../src/helloworld.c"
'Finished building: ../src/helloworld.c'
' '
'Building target: again.elf'
'Invoking: MicroBlaze gcc linker'
mb-gcc -Wl,-T -Wl,../src/lscript.ld -L../../again_bsp/microblaze_0/lib -mlittle-endian -mcpu=v11.0 -mxl-soft-mul -Wl,--no-relax -Wl,--gc-sections -o "again.elf"  ./src/helloworld.o ./src/platform.o   -Wl,--start-group,-lxil,-lgcc,-lc,--end-group
'Finished building target: again.elf'
' '
'Invoking: MicroBlaze Print Size'
mb-size again.elf  |tee "again.elf.size"
   text	   data	    bss	    dec	    hex	filename
  15328	    792	   3384	  19504	   4c30	again.elf
'Finished building: again.elf.size'
' '
15:02:07 **** Incremental Build of configuration Debug for project again ****
make all 
make: Nothing to be done for 'all'.
15:02:28 **** Auto Build of configuration Debug for project again ****
make all 
'Building file: ../src/helloworld.c'
'Invoking: MicroBlaze gcc compiler'
mb-gcc -Wall -O0 -g3 -c -fmessage-length=0 -MT"src/helloworld.o" -I../../again_bsp/microblaze_0/include -mlittle-endian -mcpu=v11.0 -mxl-soft-mul -Wl,--no-relax -ffunction-sections -fdata-sections -MMD -MP -MF"src/helloworld.d" -MT"src/helloworld.o" -o "src/helloworld.o" "../src/helloworld.c"
'Finished building: ../src/helloworld.c'
' '
'Building target: again.elf'
'Invoking: MicroBlaze gcc linker'
mb-gcc -Wl,-T -Wl,../src/lscript.ld -L../../again_bsp/microblaze_0/lib -mlittle-endian -mcpu=v11.0 -mxl-soft-mul -Wl,--no-relax -Wl,--gc-sections -o "again.elf"  ./src/helloworld.o ./src/platform.o   -Wl,--start-group,-lxil,-lgcc,-lc,--end-group
'Finished building target: again.elf'
' '
'Invoking: MicroBlaze Print Size'
mb-size again.elf  |tee "again.elf.size"
   text	   data	    bss	    dec	    hex	filename
  15528	    792	   3384	  19704	   4cf8	again.elf
'Finished building: again.elf.size'
' '
15:02:41 **** Auto Build of configuration Debug for project again ****
make all 
'Building file: ../src/helloworld.c'
'Invoking: MicroBlaze gcc compiler'
mb-gcc -Wall -O0 -g3 -c -fmessage-length=0 -MT"src/helloworld.o" -I../../again_bsp/microblaze_0/include -mlittle-endian -mcpu=v11.0 -mxl-soft-mul -Wl,--no-relax -ffunction-sections -fdata-sections -MMD -MP -MF"src/helloworld.d" -MT"src/helloworld.o" -o "src/helloworld.o" "../src/helloworld.c"
'Finished building: ../src/helloworld.c'
' '
'Building target: again.elf'
'Invoking: MicroBlaze gcc linker'
mb-gcc -Wl,-T -Wl,../src/lscript.ld -L../../again_bsp/microblaze_0/lib -mlittle-endian -mcpu=v11.0 -mxl-soft-mul -Wl,--no-relax -Wl,--gc-sections -o "again.elf"  ./src/helloworld.o ./src/platform.o   -Wl,--start-group,-lxil,-lgcc,-lc,--end-group
'Finished building target: again.elf'
' '
'Invoking: MicroBlaze Print Size'
mb-size again.elf  |tee "again.elf.size"
   text	   data	    bss	    dec	    hex	filename
  15480	    792	   3384	  19656	   4cc8	again.elf
'Finished building: again.elf.size'
' '
15:02:43 **** Incremental Build of configuration Debug for project again ****
make all 
make: Nothing to be done for 'all'.
15:03:26 **** Auto Build of configuration Debug for project again ****
make all 
'Building file: ../src/helloworld.c'
'Invoking: MicroBlaze gcc compiler'
mb-gcc -Wall -O0 -g3 -c -fmessage-length=0 -MT"src/helloworld.o" -I../../again_bsp/microblaze_0/include -mlittle-endian -mcpu=v11.0 -mxl-soft-mul -Wl,--no-relax -ffunction-sections -fdata-sections -MMD -MP -MF"src/helloworld.d" -MT"src/helloworld.o" -o "src/helloworld.o" "../src/helloworld.c"
'Finished building: ../src/helloworld.c'
' '
'Building target: again.elf'
'Invoking: MicroBlaze gcc linker'
mb-gcc -Wl,-T -Wl,../src/lscript.ld -L../../again_bsp/microblaze_0/lib -mlittle-endian -mcpu=v11.0 -mxl-soft-mul -Wl,--no-relax -Wl,--gc-sections -o "again.elf"  ./src/helloworld.o ./src/platform.o   -Wl,--start-group,-lxil,-lgcc,-lc,--end-group
'Finished building target: again.elf'
' '
'Invoking: MicroBlaze Print Size'
mb-size again.elf  |tee "again.elf.size"
   text	   data	    bss	    dec	    hex	filename
  15480	    792	   3384	  19656	   4cc8	again.elf
'Finished building: again.elf.size'
' '
15:03:58 **** Auto Build of configuration Debug for project again ****
make all 
'Building file: ../src/helloworld.c'
'Invoking: MicroBlaze gcc compiler'
mb-gcc -Wall -O0 -g3 -c -fmessage-length=0 -MT"src/helloworld.o" -I../../again_bsp/microblaze_0/include -mlittle-endian -mcpu=v11.0 -mxl-soft-mul -Wl,--no-relax -ffunction-sections -fdata-sections -MMD -MP -MF"src/helloworld.d" -MT"src/helloworld.o" -o "src/helloworld.o" "../src/helloworld.c"
'Finished building: ../src/helloworld.c'
' '
'Building target: again.elf'
'Invoking: MicroBlaze gcc linker'
mb-gcc -Wl,-T -Wl,../src/lscript.ld -L../../again_bsp/microblaze_0/lib -mlittle-endian -mcpu=v11.0 -mxl-soft-mul -Wl,--no-relax -Wl,--gc-sections -o "again.elf"  ./src/helloworld.o ./src/platform.o   -Wl,--start-group,-lxil,-lgcc,-lc,--end-group
'Finished building target: again.elf'
' '
'Invoking: MicroBlaze Print Size'
mb-size again.elf  |tee "again.elf.size"
   text	   data	    bss	    dec	    hex	filename
  16252	    792	   3388	  20432	   4fd0	again.elf
'Finished building: again.elf.size'
' '
15:04:01 **** Incremental Build of configuration Debug for project again ****
make all 
make: Nothing to be done for 'all'.
15:05:12 **** Auto Build of configuration Debug for project again ****
make all 
'Building file: ../src/helloworld.c'
'Invoking: MicroBlaze gcc compiler'
mb-gcc -Wall -O0 -g3 -c -fmessage-length=0 -MT"src/helloworld.o" -I../../again_bsp/microblaze_0/include -mlittle-endian -mcpu=v11.0 -mxl-soft-mul -Wl,--no-relax -ffunction-sections -fdata-sections -MMD -MP -MF"src/helloworld.d" -MT"src/helloworld.o" -o "src/helloworld.o" "../src/helloworld.c"
'Finished building: ../src/helloworld.c'
' '
'Building target: again.elf'
'Invoking: MicroBlaze gcc linker'
mb-gcc -Wl,-T -Wl,../src/lscript.ld -L../../again_bsp/microblaze_0/lib -mlittle-endian -mcpu=v11.0 -mxl-soft-mul -Wl,--no-relax -Wl,--gc-sections -o "again.elf"  ./src/helloworld.o ./src/platform.o   -Wl,--start-group,-lxil,-lgcc,-lc,--end-group
'Finished building target: again.elf'
' '
'Invoking: MicroBlaze Print Size'
mb-size again.elf  |tee "again.elf.size"
   text	   data	    bss	    dec	    hex	filename
  15784	    792	   3384	  19960	   4df8	again.elf
'Finished building: again.elf.size'
' '
15:05:14 **** Incremental Build of configuration Debug for project again ****
make all 
make: Nothing to be done for 'all'.
15:05:21 **** Incremental Build of configuration Debug for project again ****
make all 
make: Nothing to be done for 'all'.
15:06:36 **** Incremental Build of configuration Debug for project again ****
make all 
make: Nothing to be done for 'all'.
15:06:55 **** Auto Build of configuration Debug for project again ****
make all 
'Building file: ../src/helloworld.c'
'Invoking: MicroBlaze gcc compiler'
mb-gcc -Wall -O0 -g3 -c -fmessage-length=0 -MT"src/helloworld.o" -I../../again_bsp/microblaze_0/include -mlittle-endian -mcpu=v11.0 -mxl-soft-mul -Wl,--no-relax -ffunction-sections -fdata-sections -MMD -MP -MF"src/helloworld.d" -MT"src/helloworld.o" -o "src/helloworld.o" "../src/helloworld.c"
'Finished building: ../src/helloworld.c'
' '
'Building target: again.elf'
'Invoking: MicroBlaze gcc linker'
mb-gcc -Wl,-T -Wl,../src/lscript.ld -L../../again_bsp/microblaze_0/lib -mlittle-endian -mcpu=v11.0 -mxl-soft-mul -Wl,--no-relax -Wl,--gc-sections -o "again.elf"  ./src/helloworld.o ./src/platform.o   -Wl,--start-group,-lxil,-lgcc,-lc,--end-group
'Finished building target: again.elf'
' '
'Invoking: MicroBlaze Print Size'
mb-size again.elf  |tee "again.elf.size"
   text	   data	    bss	    dec	    hex	filename
  15480	    792	   3384	  19656	   4cc8	again.elf
'Finished building: again.elf.size'
' '
15:07:03 **** Incremental Build of configuration Debug for project again ****
make all 
make: Nothing to be done for 'all'.
15:10:41 **** Auto Build of configuration Debug for project again ****
make all 
'Building file: ../src/helloworld.c'
'Invoking: MicroBlaze gcc compiler'
mb-gcc -Wall -O0 -g3 -c -fmessage-length=0 -MT"src/helloworld.o" -I../../again_bsp/microblaze_0/include -mlittle-endian -mcpu=v11.0 -mxl-soft-mul -Wl,--no-relax -ffunction-sections -fdata-sections -MMD -MP -MF"src/helloworld.d" -MT"src/helloworld.o" -o "src/helloworld.o" "../src/helloworld.c"
'Finished building: ../src/helloworld.c'
' '
'Building target: again.elf'
'Invoking: MicroBlaze gcc linker'
mb-gcc -Wl,-T -Wl,../src/lscript.ld -L../../again_bsp/microblaze_0/lib -mlittle-endian -mcpu=v11.0 -mxl-soft-mul -Wl,--no-relax -Wl,--gc-sections -o "again.elf"  ./src/helloworld.o ./src/platform.o   -Wl,--start-group,-lxil,-lgcc,-lc,--end-group
'Finished building target: again.elf'
' '
'Invoking: MicroBlaze Print Size'
mb-size again.elf  |tee "again.elf.size"
   text	   data	    bss	    dec	    hex	filename
  15784	    792	   3384	  19960	   4df8	again.elf
'Finished building: again.elf.size'
' '
15:11:06 **** Auto Build of configuration Debug for project again ****
make all 
'Building file: ../src/helloworld.c'
'Invoking: MicroBlaze gcc compiler'
mb-gcc -Wall -O0 -g3 -c -fmessage-length=0 -MT"src/helloworld.o" -I../../again_bsp/microblaze_0/include -mlittle-endian -mcpu=v11.0 -mxl-soft-mul -Wl,--no-relax -ffunction-sections -fdata-sections -MMD -MP -MF"src/helloworld.d" -MT"src/helloworld.o" -o "src/helloworld.o" "../src/helloworld.c"
'Finished building: ../src/helloworld.c'
' '
'Building target: again.elf'
'Invoking: MicroBlaze gcc linker'
mb-gcc -Wl,-T -Wl,../src/lscript.ld -L../../again_bsp/microblaze_0/lib -mlittle-endian -mcpu=v11.0 -mxl-soft-mul -Wl,--no-relax -Wl,--gc-sections -o "again.elf"  ./src/helloworld.o ./src/platform.o   -Wl,--start-group,-lxil,-lgcc,-lc,--end-group
'Finished building target: again.elf'
' '
'Invoking: MicroBlaze Print Size'
mb-size again.elf  |tee "again.elf.size"
   text	   data	    bss	    dec	    hex	filename
  15812	    792	   3388	  19992	   4e18	again.elf
'Finished building: again.elf.size'
' '
15:11:10 **** Incremental Build of configuration Debug for project again ****
make all 
make: Nothing to be done for 'all'.
15:14:01 **** Auto Build of configuration Debug for project again ****
make all 
'Building file: ../src/helloworld.c'
'Invoking: MicroBlaze gcc compiler'
mb-gcc -Wall -O0 -g3 -c -fmessage-length=0 -MT"src/helloworld.o" -I../../again_bsp/microblaze_0/include -mlittle-endian -mcpu=v11.0 -mxl-soft-mul -Wl,--no-relax -ffunction-sections -fdata-sections -MMD -MP -MF"src/helloworld.d" -MT"src/helloworld.o" -o "src/helloworld.o" "../src/helloworld.c"
'Finished building: ../src/helloworld.c'
' '
'Building target: again.elf'
'Invoking: MicroBlaze gcc linker'
mb-gcc -Wl,-T -Wl,../src/lscript.ld -L../../again_bsp/microblaze_0/lib -mlittle-endian -mcpu=v11.0 -mxl-soft-mul -Wl,--no-relax -Wl,--gc-sections -o "again.elf"  ./src/helloworld.o ./src/platform.o   -Wl,--start-group,-lxil,-lgcc,-lc,--end-group
'Finished building target: again.elf'
' '
'Invoking: MicroBlaze Print Size'
mb-size again.elf  |tee "again.elf.size"
   text	   data	    bss	    dec	    hex	filename
  15480	    792	   3384	  19656	   4cc8	again.elf
'Finished building: again.elf.size'
' '
15:14:03 **** Incremental Build of configuration Debug for project again ****
make all 
make: Nothing to be done for 'all'.
15:15:57 **** Auto Build of configuration Debug for project again ****
make all 
'Building file: ../src/helloworld.c'
'Invoking: MicroBlaze gcc compiler'
mb-gcc -Wall -O0 -g3 -c -fmessage-length=0 -MT"src/helloworld.o" -I../../again_bsp/microblaze_0/include -mlittle-endian -mcpu=v11.0 -mxl-soft-mul -Wl,--no-relax -ffunction-sections -fdata-sections -MMD -MP -MF"src/helloworld.d" -MT"src/helloworld.o" -o "src/helloworld.o" "../src/helloworld.c"
../src/helloworld.c: In function 'init_interrupts':
../src/helloworld.c:141:29: error: 'xintc_timer' undeclared (first use in this function); did you mean 'init_timer'?
  Status = XIntc_Initialize(&xintc_timer, INTC_DEVICE_ID);
                             ^~~~~~~~~~~
                             init_timer
../src/helloworld.c:141:29: note: each undeclared identifier is reported only once for each function it appears in
make: *** [src/subdir.mk:26: src/helloworld.o] Error 1
15:16:24 **** Auto Build of configuration Debug for project again ****
make all 
'Building file: ../src/helloworld.c'
'Invoking: MicroBlaze gcc compiler'
mb-gcc -Wall -O0 -g3 -c -fmessage-length=0 -MT"src/helloworld.o" -I../../again_bsp/microblaze_0/include -mlittle-endian -mcpu=v11.0 -mxl-soft-mul -Wl,--no-relax -ffunction-sections -fdata-sections -MMD -MP -MF"src/helloworld.d" -MT"src/helloworld.o" -o "src/helloworld.o" "../src/helloworld.c"
'Finished building: ../src/helloworld.c'
' '
'Building target: again.elf'
'Invoking: MicroBlaze gcc linker'
mb-gcc -Wl,-T -Wl,../src/lscript.ld -L../../again_bsp/microblaze_0/lib -mlittle-endian -mcpu=v11.0 -mxl-soft-mul -Wl,--no-relax -Wl,--gc-sections -o "again.elf"  ./src/helloworld.o ./src/platform.o   -Wl,--start-group,-lxil,-lgcc,-lc,--end-group
'Finished building target: again.elf'
' '
'Invoking: MicroBlaze Print Size'
mb-size again.elf  |tee "again.elf.size"
   text	   data	    bss	    dec	    hex	filename
  15480	    792	   3368	  19640	   4cb8	again.elf
'Finished building: again.elf.size'
' '
15:16:33 **** Incremental Build of configuration Debug for project again ****
make all 
make: Nothing to be done for 'all'.
15:17:28 **** Auto Build of configuration Debug for project again ****
make all 
'Building file: ../src/helloworld.c'
'Invoking: MicroBlaze gcc compiler'
mb-gcc -Wall -O0 -g3 -c -fmessage-length=0 -MT"src/helloworld.o" -I../../again_bsp/microblaze_0/include -mlittle-endian -mcpu=v11.0 -mxl-soft-mul -Wl,--no-relax -ffunction-sections -fdata-sections -MMD -MP -MF"src/helloworld.d" -MT"src/helloworld.o" -o "src/helloworld.o" "../src/helloworld.c"
../src/helloworld.c: In function 'init_interrupts':
../src/helloworld.c:156:25: error: 'xintc_buttons' undeclared (first use in this function); did you mean 'buttons'?
   Status = XIntc_Start(&xintc_buttons, XIN_REAL_MODE);
                         ^~~~~~~~~~~~~
                         buttons
../src/helloworld.c:156:25: note: each undeclared identifier is reported only once for each function it appears in
make: *** [src/subdir.mk:26: src/helloworld.o] Error 1
15:17:54 **** Auto Build of configuration Debug for project again ****
make all 
'Building file: ../src/helloworld.c'
'Invoking: MicroBlaze gcc compiler'
mb-gcc -Wall -O0 -g3 -c -fmessage-length=0 -MT"src/helloworld.o" -I../../again_bsp/microblaze_0/include -mlittle-endian -mcpu=v11.0 -mxl-soft-mul -Wl,--no-relax -ffunction-sections -fdata-sections -MMD -MP -MF"src/helloworld.d" -MT"src/helloworld.o" -o "src/helloworld.o" "../src/helloworld.c"
../src/helloworld.c: In function 'init_interrupts':
../src/helloworld.c:159:101: error: 'xintc_buttons' undeclared (first use in this function); did you mean 'buttons'?
  Xil_ExceptionRegisterHandler(XIL_EXCEPTION_ID_INT, (Xil_ExceptionHandler) XIntc_InterruptHandler, &xintc_buttons);
                                                                                                     ^~~~~~~~~~~~~
                                                                                                     buttons
../src/helloworld.c:159:101: note: each undeclared identifier is reported only once for each function it appears in
make: *** [src/subdir.mk:26: src/helloworld.o] Error 1
15:18:17 **** Auto Build of configuration Debug for project again ****
make all 
'Building file: ../src/helloworld.c'
'Invoking: MicroBlaze gcc compiler'
mb-gcc -Wall -O0 -g3 -c -fmessage-length=0 -MT"src/helloworld.o" -I../../again_bsp/microblaze_0/include -mlittle-endian -mcpu=v11.0 -mxl-soft-mul -Wl,--no-relax -ffunction-sections -fdata-sections -MMD -MP -MF"src/helloworld.d" -MT"src/helloworld.o" -o "src/helloworld.o" "../src/helloworld.c"
'Finished building: ../src/helloworld.c'
' '
'Building target: again.elf'
'Invoking: MicroBlaze gcc linker'
mb-gcc -Wl,-T -Wl,../src/lscript.ld -L../../again_bsp/microblaze_0/lib -mlittle-endian -mcpu=v11.0 -mxl-soft-mul -Wl,--no-relax -Wl,--gc-sections -o "again.elf"  ./src/helloworld.o ./src/platform.o   -Wl,--start-group,-lxil,-lgcc,-lc,--end-group
'Finished building target: again.elf'
' '
'Invoking: MicroBlaze Print Size'
mb-size again.elf  |tee "again.elf.size"
   text	   data	    bss	    dec	    hex	filename
  15640	    792	   3368	  19800	   4d58	again.elf
'Finished building: again.elf.size'
' '
15:18:21 **** Incremental Build of configuration Debug for project again ****
make all 
make: Nothing to be done for 'all'.
15:18:40 **** Auto Build of configuration Debug for project again ****
make all 
'Building file: ../src/helloworld.c'
'Invoking: MicroBlaze gcc compiler'
mb-gcc -Wall -O0 -g3 -c -fmessage-length=0 -MT"src/helloworld.o" -I../../again_bsp/microblaze_0/include -mlittle-endian -mcpu=v11.0 -mxl-soft-mul -Wl,--no-relax -ffunction-sections -fdata-sections -MMD -MP -MF"src/helloworld.d" -MT"src/helloworld.o" -o "src/helloworld.o" "../src/helloworld.c"
'Finished building: ../src/helloworld.c'
' '
'Building target: again.elf'
'Invoking: MicroBlaze gcc linker'
mb-gcc -Wl,-T -Wl,../src/lscript.ld -L../../again_bsp/microblaze_0/lib -mlittle-endian -mcpu=v11.0 -mxl-soft-mul -Wl,--no-relax -Wl,--gc-sections -o "again.elf"  ./src/helloworld.o ./src/platform.o   -Wl,--start-group,-lxil,-lgcc,-lc,--end-group
'Finished building target: again.elf'
' '
'Invoking: MicroBlaze Print Size'
mb-size again.elf  |tee "again.elf.size"
   text	   data	    bss	    dec	    hex	filename
  15884	    792	   3372	  20048	   4e50	again.elf
'Finished building: again.elf.size'
' '
15:18:43 **** Incremental Build of configuration Debug for project again ****
make all 
make: Nothing to be done for 'all'.
15:18:56 **** Auto Build of configuration Debug for project again ****
make all 
'Building file: ../src/helloworld.c'
'Invoking: MicroBlaze gcc compiler'
mb-gcc -Wall -O0 -g3 -c -fmessage-length=0 -MT"src/helloworld.o" -I../../again_bsp/microblaze_0/include -mlittle-endian -mcpu=v11.0 -mxl-soft-mul -Wl,--no-relax -ffunction-sections -fdata-sections -MMD -MP -MF"src/helloworld.d" -MT"src/helloworld.o" -o "src/helloworld.o" "../src/helloworld.c"
'Finished building: ../src/helloworld.c'
' '
'Building target: again.elf'
'Invoking: MicroBlaze gcc linker'
mb-gcc -Wl,-T -Wl,../src/lscript.ld -L../../again_bsp/microblaze_0/lib -mlittle-endian -mcpu=v11.0 -mxl-soft-mul -Wl,--no-relax -Wl,--gc-sections -o "again.elf"  ./src/helloworld.o ./src/platform.o   -Wl,--start-group,-lxil,-lgcc,-lc,--end-group
'Finished building target: again.elf'
' '
'Invoking: MicroBlaze Print Size'
mb-size again.elf  |tee "again.elf.size"
   text	   data	    bss	    dec	    hex	filename
  16108	    792	   3372	  20272	   4f30	again.elf
'Finished building: again.elf.size'
' '
15:18:58 **** Incremental Build of configuration Debug for project again ****
make all 
make: Nothing to be done for 'all'.
15:19:39 **** Auto Build of configuration Debug for project again ****
make all 
'Building file: ../src/helloworld.c'
'Invoking: MicroBlaze gcc compiler'
mb-gcc -Wall -O0 -g3 -c -fmessage-length=0 -MT"src/helloworld.o" -I../../again_bsp/microblaze_0/include -mlittle-endian -mcpu=v11.0 -mxl-soft-mul -Wl,--no-relax -ffunction-sections -fdata-sections -MMD -MP -MF"src/helloworld.d" -MT"src/helloworld.o" -o "src/helloworld.o" "../src/helloworld.c"
../src/helloworld.c: In function 'initGPIO':
../src/helloworld.c:113:37: error: 'GPIO_IR_CH1_MASK' undeclared (first use in this function); did you mean 'XGPIO_IR_CH1_MASK'?
     XGpio_InterruptEnable(&buttons, GPIO_IR_CH1_MASK);
                                     ^~~~~~~~~~~~~~~~
                                     XGPIO_IR_CH1_MASK
../src/helloworld.c:113:37: note: each undeclared identifier is reported only once for each function it appears in
make: *** [src/subdir.mk:26: src/helloworld.o] Error 1
15:19:41 **** Auto Build of configuration Debug for project again ****
make all 
'Building file: ../src/helloworld.c'
'Invoking: MicroBlaze gcc compiler'
mb-gcc -Wall -O0 -g3 -c -fmessage-length=0 -MT"src/helloworld.o" -I../../again_bsp/microblaze_0/include -mlittle-endian -mcpu=v11.0 -mxl-soft-mul -Wl,--no-relax -ffunction-sections -fdata-sections -MMD -MP -MF"src/helloworld.d" -MT"src/helloworld.o" -o "src/helloworld.o" "../src/helloworld.c"
'Finished building: ../src/helloworld.c'
' '
'Building target: again.elf'
'Invoking: MicroBlaze gcc linker'
mb-gcc -Wl,-T -Wl,../src/lscript.ld -L../../again_bsp/microblaze_0/lib -mlittle-endian -mcpu=v11.0 -mxl-soft-mul -Wl,--no-relax -Wl,--gc-sections -o "again.elf"  ./src/helloworld.o ./src/platform.o   -Wl,--start-group,-lxil,-lgcc,-lc,--end-group
'Finished building target: again.elf'
' '
'Invoking: MicroBlaze Print Size'
mb-size again.elf  |tee "again.elf.size"
   text	   data	    bss	    dec	    hex	filename
  16108	    792	   3372	  20272	   4f30	again.elf
'Finished building: again.elf.size'
' '
15:19:44 **** Incremental Build of configuration Debug for project again ****
make all 
make: Nothing to be done for 'all'.
15:21:01 **** Auto Build of configuration Debug for project again ****
make all 
'Building file: ../src/helloworld.c'
'Invoking: MicroBlaze gcc compiler'
mb-gcc -Wall -O0 -g3 -c -fmessage-length=0 -MT"src/helloworld.o" -I../../again_bsp/microblaze_0/include -mlittle-endian -mcpu=v11.0 -mxl-soft-mul -Wl,--no-relax -ffunction-sections -fdata-sections -MMD -MP -MF"src/helloworld.d" -MT"src/helloworld.o" -o "src/helloworld.o" "../src/helloworld.c"
'Finished building: ../src/helloworld.c'
' '
'Building target: again.elf'
'Invoking: MicroBlaze gcc linker'
mb-gcc -Wl,-T -Wl,../src/lscript.ld -L../../again_bsp/microblaze_0/lib -mlittle-endian -mcpu=v11.0 -mxl-soft-mul -Wl,--no-relax -Wl,--gc-sections -o "again.elf"  ./src/helloworld.o ./src/platform.o   -Wl,--start-group,-lxil,-lgcc,-lc,--end-group
'Finished building target: again.elf'
' '
'Invoking: MicroBlaze Print Size'
mb-size again.elf  |tee "again.elf.size"
   text	   data	    bss	    dec	    hex	filename
  16336	    792	   3368	  20496	   5010	again.elf
'Finished building: again.elf.size'
' '
15:21:03 **** Incremental Build of configuration Debug for project again ****
make all 
make: Nothing to be done for 'all'.
15:22:06 **** Auto Build of configuration Debug for project again ****
make all 
'Building file: ../src/helloworld.c'
'Invoking: MicroBlaze gcc compiler'
mb-gcc -Wall -O0 -g3 -c -fmessage-length=0 -MT"src/helloworld.o" -I../../again_bsp/microblaze_0/include -mlittle-endian -mcpu=v11.0 -mxl-soft-mul -Wl,--no-relax -ffunction-sections -fdata-sections -MMD -MP -MF"src/helloworld.d" -MT"src/helloworld.o" -o "src/helloworld.o" "../src/helloworld.c"
../src/helloworld.c: In function 'Button_ISR_Handler':
../src/helloworld.c:135:40: error: expected expression before ')' token
   int i = XGpio_DiscreteRead(&buttons, )
                                        ^
../src/helloworld.c:135:7: warning: unused variable 'i' [-Wunused-variable]
   int i = XGpio_DiscreteRead(&buttons, )
       ^
make: *** [src/subdir.mk:26: src/helloworld.o] Error 1
15:23:11 **** Auto Build of configuration Debug for project again ****
make all 
'Building file: ../src/helloworld.c'
'Invoking: MicroBlaze gcc compiler'
mb-gcc -Wall -O0 -g3 -c -fmessage-length=0 -MT"src/helloworld.o" -I../../again_bsp/microblaze_0/include -mlittle-endian -mcpu=v11.0 -mxl-soft-mul -Wl,--no-relax -ffunction-sections -fdata-sections -MMD -MP -MF"src/helloworld.d" -MT"src/helloworld.o" -o "src/helloworld.o" "../src/helloworld.c"
../src/helloworld.c: In function 'Button_ISR_Handler':
../src/helloworld.c:135:7: warning: unused variable 'i' [-Wunused-variable]
   int i = XGpio_DiscreteRead(&buttons, 1);
       ^
'Finished building: ../src/helloworld.c'
' '
'Building target: again.elf'
'Invoking: MicroBlaze gcc linker'
mb-gcc -Wl,-T -Wl,../src/lscript.ld -L../../again_bsp/microblaze_0/lib -mlittle-endian -mcpu=v11.0 -mxl-soft-mul -Wl,--no-relax -Wl,--gc-sections -o "again.elf"  ./src/helloworld.o ./src/platform.o   -Wl,--start-group,-lxil,-lgcc,-lc,--end-group
'Finished building target: again.elf'
' '
'Invoking: MicroBlaze Print Size'
mb-size again.elf  |tee "again.elf.size"
   text	   data	    bss	    dec	    hex	filename
  16364	    792	   3372	  20528	   5030	again.elf
'Finished building: again.elf.size'
' '
15:23:47 **** Auto Build of configuration Debug for project again ****
make all 
'Building file: ../src/helloworld.c'
'Invoking: MicroBlaze gcc compiler'
mb-gcc -Wall -O0 -g3 -c -fmessage-length=0 -MT"src/helloworld.o" -I../../again_bsp/microblaze_0/include -mlittle-endian -mcpu=v11.0 -mxl-soft-mul -Wl,--no-relax -ffunction-sections -fdata-sections -MMD -MP -MF"src/helloworld.d" -MT"src/helloworld.o" -o "src/helloworld.o" "../src/helloworld.c"
'Finished building: ../src/helloworld.c'
' '
'Building target: again.elf'
'Invoking: MicroBlaze gcc linker'
mb-gcc -Wl,-T -Wl,../src/lscript.ld -L../../again_bsp/microblaze_0/lib -mlittle-endian -mcpu=v11.0 -mxl-soft-mul -Wl,--no-relax -Wl,--gc-sections -o "again.elf"  ./src/helloworld.o ./src/platform.o   -Wl,--start-group,-lxil,-lgcc,-lc,--end-group
'Finished building target: again.elf'
' '
'Invoking: MicroBlaze Print Size'
mb-size again.elf  |tee "again.elf.size"
   text	   data	    bss	    dec	    hex	filename
  16372	    792	   3372	  20536	   5038	again.elf
'Finished building: again.elf.size'
' '
15:23:51 **** Incremental Build of configuration Debug for project again ****
make all 
make: Nothing to be done for 'all'.
15:24:38 **** Auto Build of configuration Debug for project again ****
make all 
'Building file: ../src/helloworld.c'
'Invoking: MicroBlaze gcc compiler'
mb-gcc -Wall -O0 -g3 -c -fmessage-length=0 -MT"src/helloworld.o" -I../../again_bsp/microblaze_0/include -mlittle-endian -mcpu=v11.0 -mxl-soft-mul -Wl,--no-relax -ffunction-sections -fdata-sections -MMD -MP -MF"src/helloworld.d" -MT"src/helloworld.o" -o "src/helloworld.o" "../src/helloworld.c"
'Finished building: ../src/helloworld.c'
' '
'Building target: again.elf'
'Invoking: MicroBlaze gcc linker'
mb-gcc -Wl,-T -Wl,../src/lscript.ld -L../../again_bsp/microblaze_0/lib -mlittle-endian -mcpu=v11.0 -mxl-soft-mul -Wl,--no-relax -Wl,--gc-sections -o "again.elf"  ./src/helloworld.o ./src/platform.o   -Wl,--start-group,-lxil,-lgcc,-lc,--end-group
'Finished building target: again.elf'
' '
'Invoking: MicroBlaze Print Size'
mb-size again.elf  |tee "again.elf.size"
   text	   data	    bss	    dec	    hex	filename
  16344	    792	   3368	  20504	   5018	again.elf
'Finished building: again.elf.size'
' '
15:24:52 **** Auto Build of configuration Debug for project again ****
make all 
'Building file: ../src/helloworld.c'
'Invoking: MicroBlaze gcc compiler'
mb-gcc -Wall -O0 -g3 -c -fmessage-length=0 -MT"src/helloworld.o" -I../../again_bsp/microblaze_0/include -mlittle-endian -mcpu=v11.0 -mxl-soft-mul -Wl,--no-relax -ffunction-sections -fdata-sections -MMD -MP -MF"src/helloworld.d" -MT"src/helloworld.o" -o "src/helloworld.o" "../src/helloworld.c"
'Finished building: ../src/helloworld.c'
' '
'Building target: again.elf'
'Invoking: MicroBlaze gcc linker'
mb-gcc -Wl,-T -Wl,../src/lscript.ld -L../../again_bsp/microblaze_0/lib -mlittle-endian -mcpu=v11.0 -mxl-soft-mul -Wl,--no-relax -Wl,--gc-sections -o "again.elf"  ./src/helloworld.o ./src/platform.o   -Wl,--start-group,-lxil,-lgcc,-lc,--end-group
'Finished building target: again.elf'
' '
'Invoking: MicroBlaze Print Size'
mb-size again.elf  |tee "again.elf.size"
   text	   data	    bss	    dec	    hex	filename
  16368	    792	   3368	  20528	   5030	again.elf
'Finished building: again.elf.size'
' '
15:25:50 **** Incremental Build of configuration Debug for project again ****
make all 
make: Nothing to be done for 'all'.
15:26:07 **** Incremental Build of configuration Debug for project again ****
make all 
make: Nothing to be done for 'all'.
15:26:50 **** Auto Build of configuration Debug for project again ****
make all 
'Building file: ../src/helloworld.c'
'Invoking: MicroBlaze gcc compiler'
mb-gcc -Wall -O0 -g3 -c -fmessage-length=0 -MT"src/helloworld.o" -I../../again_bsp/microblaze_0/include -mlittle-endian -mcpu=v11.0 -mxl-soft-mul -Wl,--no-relax -ffunction-sections -fdata-sections -MMD -MP -MF"src/helloworld.d" -MT"src/helloworld.o" -o "src/helloworld.o" "../src/helloworld.c"
'Finished building: ../src/helloworld.c'
' '
'Building target: again.elf'
'Invoking: MicroBlaze gcc linker'
mb-gcc -Wl,-T -Wl,../src/lscript.ld -L../../again_bsp/microblaze_0/lib -mlittle-endian -mcpu=v11.0 -mxl-soft-mul -Wl,--no-relax -Wl,--gc-sections -o "again.elf"  ./src/helloworld.o ./src/platform.o   -Wl,--start-group,-lxil,-lgcc,-lc,--end-group
'Finished building target: again.elf'
' '
'Invoking: MicroBlaze Print Size'
mb-size again.elf  |tee "again.elf.size"
   text	   data	    bss	    dec	    hex	filename
  16200	    792	   3368	  20360	   4f88	again.elf
'Finished building: again.elf.size'
' '
15:26:53 **** Incremental Build of configuration Debug for project again ****
make all 
make: Nothing to be done for 'all'.
15:28:34 **** Auto Build of configuration Debug for project again ****
make all 
'Building file: ../src/helloworld.c'
'Invoking: MicroBlaze gcc compiler'
mb-gcc -Wall -O0 -g3 -c -fmessage-length=0 -MT"src/helloworld.o" -I../../again_bsp/microblaze_0/include -mlittle-endian -mcpu=v11.0 -mxl-soft-mul -Wl,--no-relax -ffunction-sections -fdata-sections -MMD -MP -MF"src/helloworld.d" -MT"src/helloworld.o" -o "src/helloworld.o" "../src/helloworld.c"
'Finished building: ../src/helloworld.c'
' '
'Building target: again.elf'
'Invoking: MicroBlaze gcc linker'
mb-gcc -Wl,-T -Wl,../src/lscript.ld -L../../again_bsp/microblaze_0/lib -mlittle-endian -mcpu=v11.0 -mxl-soft-mul -Wl,--no-relax -Wl,--gc-sections -o "again.elf"  ./src/helloworld.o ./src/platform.o   -Wl,--start-group,-lxil,-lgcc,-lc,--end-group
'Finished building target: again.elf'
' '
'Invoking: MicroBlaze Print Size'
mb-size again.elf  |tee "again.elf.size"
   text	   data	    bss	    dec	    hex	filename
  16240	    792	   3368	  20400	   4fb0	again.elf
'Finished building: again.elf.size'
' '
15:29:15 **** Auto Build of configuration Debug for project again ****
make all 
'Building file: ../src/helloworld.c'
'Invoking: MicroBlaze gcc compiler'
mb-gcc -Wall -O0 -g3 -c -fmessage-length=0 -MT"src/helloworld.o" -I../../again_bsp/microblaze_0/include -mlittle-endian -mcpu=v11.0 -mxl-soft-mul -Wl,--no-relax -ffunction-sections -fdata-sections -MMD -MP -MF"src/helloworld.d" -MT"src/helloworld.o" -o "src/helloworld.o" "../src/helloworld.c"
'Finished building: ../src/helloworld.c'
' '
'Building target: again.elf'
'Invoking: MicroBlaze gcc linker'
mb-gcc -Wl,-T -Wl,../src/lscript.ld -L../../again_bsp/microblaze_0/lib -mlittle-endian -mcpu=v11.0 -mxl-soft-mul -Wl,--no-relax -Wl,--gc-sections -o "again.elf"  ./src/helloworld.o ./src/platform.o   -Wl,--start-group,-lxil,-lgcc,-lc,--end-group
'Finished building target: again.elf'
' '
'Invoking: MicroBlaze Print Size'
mb-size again.elf  |tee "again.elf.size"
   text	   data	    bss	    dec	    hex	filename
  16240	    792	   3368	  20400	   4fb0	again.elf
'Finished building: again.elf.size'
' '
15:29:17 **** Incremental Build of configuration Debug for project again ****
make all 
make: Nothing to be done for 'all'.
15:30:02 **** Auto Build of configuration Debug for project again ****
make all 
'Building file: ../src/helloworld.c'
'Invoking: MicroBlaze gcc compiler'
mb-gcc -Wall -O0 -g3 -c -fmessage-length=0 -MT"src/helloworld.o" -I../../again_bsp/microblaze_0/include -mlittle-endian -mcpu=v11.0 -mxl-soft-mul -Wl,--no-relax -ffunction-sections -fdata-sections -MMD -MP -MF"src/helloworld.d" -MT"src/helloworld.o" -o "src/helloworld.o" "../src/helloworld.c"
'Finished building: ../src/helloworld.c'
' '
'Building target: again.elf'
'Invoking: MicroBlaze gcc linker'
mb-gcc -Wl,-T -Wl,../src/lscript.ld -L../../again_bsp/microblaze_0/lib -mlittle-endian -mcpu=v11.0 -mxl-soft-mul -Wl,--no-relax -Wl,--gc-sections -o "again.elf"  ./src/helloworld.o ./src/platform.o   -Wl,--start-group,-lxil,-lgcc,-lc,--end-group
'Finished building target: again.elf'
' '
'Invoking: MicroBlaze Print Size'
mb-size again.elf  |tee "again.elf.size"
   text	   data	    bss	    dec	    hex	filename
  16012	    792	   3372	  20176	   4ed0	again.elf
'Finished building: again.elf.size'
' '
15:30:05 **** Incremental Build of configuration Debug for project again ****
make all 
make: Nothing to be done for 'all'.
15:30:29 **** Auto Build of configuration Debug for project again ****
make all 
'Building file: ../src/helloworld.c'
'Invoking: MicroBlaze gcc compiler'
mb-gcc -Wall -O0 -g3 -c -fmessage-length=0 -MT"src/helloworld.o" -I../../again_bsp/microblaze_0/include -mlittle-endian -mcpu=v11.0 -mxl-soft-mul -Wl,--no-relax -ffunction-sections -fdata-sections -MMD -MP -MF"src/helloworld.d" -MT"src/helloworld.o" -o "src/helloworld.o" "../src/helloworld.c"
'Finished building: ../src/helloworld.c'
' '
'Building target: again.elf'
'Invoking: MicroBlaze gcc linker'
mb-gcc -Wl,-T -Wl,../src/lscript.ld -L../../again_bsp/microblaze_0/lib -mlittle-endian -mcpu=v11.0 -mxl-soft-mul -Wl,--no-relax -Wl,--gc-sections -o "again.elf"  ./src/helloworld.o ./src/platform.o   -Wl,--start-group,-lxil,-lgcc,-lc,--end-group
'Finished building target: again.elf'
' '
'Invoking: MicroBlaze Print Size'
mb-size again.elf  |tee "again.elf.size"
   text	   data	    bss	    dec	    hex	filename
  16240	    792	   3368	  20400	   4fb0	again.elf
'Finished building: again.elf.size'
' '
15:30:31 **** Incremental Build of configuration Debug for project again ****
make all 
make: Nothing to be done for 'all'.
15:30:40 **** Incremental Build of configuration Debug for project again ****
make all 
make: Nothing to be done for 'all'.
15:31:21 **** Auto Build of configuration Debug for project again ****
make all 
'Building file: ../src/helloworld.c'
'Invoking: MicroBlaze gcc compiler'
mb-gcc -Wall -O0 -g3 -c -fmessage-length=0 -MT"src/helloworld.o" -I../../again_bsp/microblaze_0/include -mlittle-endian -mcpu=v11.0 -mxl-soft-mul -Wl,--no-relax -ffunction-sections -fdata-sections -MMD -MP -MF"src/helloworld.d" -MT"src/helloworld.o" -o "src/helloworld.o" "../src/helloworld.c"
'Finished building: ../src/helloworld.c'
' '
'Building target: again.elf'
'Invoking: MicroBlaze gcc linker'
mb-gcc -Wl,-T -Wl,../src/lscript.ld -L../../again_bsp/microblaze_0/lib -mlittle-endian -mcpu=v11.0 -mxl-soft-mul -Wl,--no-relax -Wl,--gc-sections -o "again.elf"  ./src/helloworld.o ./src/platform.o   -Wl,--start-group,-lxil,-lgcc,-lc,--end-group
'Finished building target: again.elf'
' '
'Invoking: MicroBlaze Print Size'
mb-size again.elf  |tee "again.elf.size"
   text	   data	    bss	    dec	    hex	filename
  16408	    792	   3368	  20568	   5058	again.elf
'Finished building: again.elf.size'
' '
15:31:23 **** Incremental Build of configuration Debug for project again ****
make all 
make: Nothing to be done for 'all'.
15:32:20 **** Auto Build of configuration Debug for project again ****
make all 
'Building file: ../src/helloworld.c'
'Invoking: MicroBlaze gcc compiler'
mb-gcc -Wall -O0 -g3 -c -fmessage-length=0 -MT"src/helloworld.o" -I../../again_bsp/microblaze_0/include -mlittle-endian -mcpu=v11.0 -mxl-soft-mul -Wl,--no-relax -ffunction-sections -fdata-sections -MMD -MP -MF"src/helloworld.d" -MT"src/helloworld.o" -o "src/helloworld.o" "../src/helloworld.c"
'Finished building: ../src/helloworld.c'
' '
'Building target: again.elf'
'Invoking: MicroBlaze gcc linker'
mb-gcc -Wl,-T -Wl,../src/lscript.ld -L../../again_bsp/microblaze_0/lib -mlittle-endian -mcpu=v11.0 -mxl-soft-mul -Wl,--no-relax -Wl,--gc-sections -o "again.elf"  ./src/helloworld.o ./src/platform.o   -Wl,--start-group,-lxil,-lgcc,-lc,--end-group
'Finished building target: again.elf'
' '
'Invoking: MicroBlaze Print Size'
mb-size again.elf  |tee "again.elf.size"
   text	   data	    bss	    dec	    hex	filename
  16240	    792	   3368	  20400	   4fb0	again.elf
'Finished building: again.elf.size'
' '
15:32:23 **** Incremental Build of configuration Debug for project again ****
make all 
make: Nothing to be done for 'all'.
15:38:28 **** Clean-only build of configuration Debug for project SEG7_IP ****
make clean 
rm -rf  ./src/helloworld.o ./src/platform.o  ./src/helloworld.d ./src/platform.d  again.elf.size  again.elf
' '
15:38:29 **** Build of configuration Debug for project SEG7_IP ****
make all 
'Building file: ../src/helloworld.c'
'Invoking: MicroBlaze gcc compiler'
mb-gcc -Wall -O0 -g3 -c -fmessage-length=0 -MT"src/helloworld.o" -I../../again_bsp/microblaze_0/include -mlittle-endian -mcpu=v11.0 -mxl-soft-mul -Wl,--no-relax -ffunction-sections -fdata-sections -MMD -MP -MF"src/helloworld.d" -MT"src/helloworld.o" -o "src/helloworld.o" "../src/helloworld.c"
'Finished building: ../src/helloworld.c'
' '
'Building file: ../src/platform.c'
'Invoking: MicroBlaze gcc compiler'
mb-gcc -Wall -O0 -g3 -c -fmessage-length=0 -MT"src/platform.o" -I../../again_bsp/microblaze_0/include -mlittle-endian -mcpu=v11.0 -mxl-soft-mul -Wl,--no-relax -ffunction-sections -fdata-sections -MMD -MP -MF"src/platform.d" -MT"src/platform.o" -o "src/platform.o" "../src/platform.c"
'Finished building: ../src/platform.c'
' '
'Building target: SEG7_IP.elf'
'Invoking: MicroBlaze gcc linker'
mb-gcc -Wl,-T -Wl,../src/lscript.ld -L../../again_bsp/microblaze_0/lib -mlittle-endian -mcpu=v11.0 -mxl-soft-mul -Wl,--no-relax -Wl,--gc-sections -o "SEG7_IP.elf"  ./src/helloworld.o ./src/platform.o   -Wl,--start-group,-lxil,-lgcc,-lc,--end-group
'Finished building target: SEG7_IP.elf'
' '
'Invoking: MicroBlaze Print Size'
mb-size SEG7_IP.elf  |tee "SEG7_IP.elf.size"
   text	   data	    bss	    dec	    hex	filename
  16240	    792	   3368	  20400	   4fb0	SEG7_IP.elf
'Finished building: SEG7_IP.elf.size'
' '
15:38:51 **** Auto Build of configuration Debug for project SEG7_IP ****
make all 
make: Nothing to be done for 'all'.
15:38:52 **** Build of project SEG7_IP_bsp ****
make -k all 
"Running Make include in microblaze_0/libsrc/bram_v4_3/src"
make -C microblaze_0/libsrc/bram_v4_3/src -s include  "SHELL=CMD" "COMPILER=mb-gcc" "ARCHIVER=mb-ar" "COMPILER_FLAGS=  -O2 -c -mcpu=v11.0 -mlittle-endian -mxl-soft-mul" "EXTRA_COMPILER_FLAGS=-ffunction-sections -fdata-sections -Wall -Wextra"
"Running Make include in microblaze_0/libsrc/cpu_v2_9/src"
make -C microblaze_0/libsrc/cpu_v2_9/src -s include  "SHELL=CMD" "COMPILER=mb-gcc" "ARCHIVER=mb-ar" "COMPILER_FLAGS=  -O2 -c -mcpu=v11.0 -mlittle-endian -mxl-soft-mul" "EXTRA_COMPILER_FLAGS=-ffunction-sections -fdata-sections -Wall -Wextra"
"Running Make include in microblaze_0/libsrc/gpio_v4_4/src"
make -C microblaze_0/libsrc/gpio_v4_4/src -s include  "SHELL=CMD" "COMPILER=mb-gcc" "ARCHIVER=mb-ar" "COMPILER_FLAGS=  -O2 -c -mcpu=v11.0 -mlittle-endian -mxl-soft-mul" "EXTRA_COMPILER_FLAGS=-ffunction-sections -fdata-sections -Wall -Wextra"
"Running Make include in microblaze_0/libsrc/intc_v3_9/src"
make -C microblaze_0/libsrc/intc_v3_9/src -s include  "SHELL=CMD" "COMPILER=mb-gcc" "ARCHIVER=mb-ar" "COMPILER_FLAGS=  -O2 -c -mcpu=v11.0 -mlittle-endian -mxl-soft-mul" "EXTRA_COMPILER_FLAGS=-ffunction-sections -fdata-sections -Wall -Wextra"
"Running Make include in microblaze_0/libsrc/SEG7_IP_v1_0/src"
make -C microblaze_0/libsrc/SEG7_IP_v1_0/src -s include  "SHELL=CMD" "COMPILER=mb-gcc" "ARCHIVER=mb-ar" "COMPILER_FLAGS=  -O2 -c -mcpu=v11.0 -mlittle-endian -mxl-soft-mul" "EXTRA_COMPILER_FLAGS=-ffunction-sections -fdata-sections -Wall -Wextra"
"Running Make include in microblaze_0/libsrc/standalone_v7_0/src"
make -C microblaze_0/libsrc/standalone_v7_0/src -s include  "SHELL=CMD" "COMPILER=mb-gcc" "ARCHIVER=mb-ar" "COMPILER_FLAGS=  -O2 -c -mcpu=v11.0 -mlittle-endian -mxl-soft-mul" "EXTRA_COMPILER_FLAGS=-ffunction-sections -fdata-sections -Wall -Wextra"
"Running Make include in microblaze_0/libsrc/tmrctr_v4_5/src"
make -C microblaze_0/libsrc/tmrctr_v4_5/src -s include  "SHELL=CMD" "COMPILER=mb-gcc" "ARCHIVER=mb-ar" "COMPILER_FLAGS=  -O2 -c -mcpu=v11.0 -mlittle-endian -mxl-soft-mul" "EXTRA_COMPILER_FLAGS=-ffunction-sections -fdata-sections -Wall -Wextra"
"Running Make include in microblaze_0/libsrc/uartlite_v3_2/src"
make -C microblaze_0/libsrc/uartlite_v3_2/src -s include  "SHELL=CMD" "COMPILER=mb-gcc" "ARCHIVER=mb-ar" "COMPILER_FLAGS=  -O2 -c -mcpu=v11.0 -mlittle-endian -mxl-soft-mul" "EXTRA_COMPILER_FLAGS=-ffunction-sections -fdata-sections -Wall -Wextra"
"Running Make libs in microblaze_0/libsrc/bram_v4_3/src"
make -C microblaze_0/libsrc/bram_v4_3/src -s libs  "SHELL=CMD" "COMPILER=mb-gcc" "ARCHIVER=mb-ar" "COMPILER_FLAGS=  -O2 -c -mcpu=v11.0 -mlittle-endian -mxl-soft-mul" "EXTRA_COMPILER_FLAGS=-ffunction-sections -fdata-sections -Wall -Wextra"
"Compiling bram"
"Running Make libs in microblaze_0/libsrc/cpu_v2_9/src"
make -C microblaze_0/libsrc/cpu_v2_9/src -s libs  "SHELL=CMD" "COMPILER=mb-gcc" "ARCHIVER=mb-ar" "COMPILER_FLAGS=  -O2 -c -mcpu=v11.0 -mlittle-endian -mxl-soft-mul" "EXTRA_COMPILER_FLAGS=-ffunction-sections -fdata-sections -Wall -Wextra"
"Compiling cpu"
"Running Make libs in microblaze_0/libsrc/gpio_v4_4/src"
make -C microblaze_0/libsrc/gpio_v4_4/src -s libs  "SHELL=CMD" "COMPILER=mb-gcc" "ARCHIVER=mb-ar" "COMPILER_FLAGS=  -O2 -c -mcpu=v11.0 -mlittle-endian -mxl-soft-mul" "EXTRA_COMPILER_FLAGS=-ffunction-sections -fdata-sections -Wall -Wextra"
"Compiling gpio"
"Running Make libs in microblaze_0/libsrc/intc_v3_9/src"
make -C microblaze_0/libsrc/intc_v3_9/src -s libs  "SHELL=CMD" "COMPILER=mb-gcc" "ARCHIVER=mb-ar" "COMPILER_FLAGS=  -O2 -c -mcpu=v11.0 -mlittle-endian -mxl-soft-mul" "EXTRA_COMPILER_FLAGS=-ffunction-sections -fdata-sections -Wall -Wextra"
"Compiling intc"
"Running Make libs in microblaze_0/libsrc/SEG7_IP_v1_0/src"
make -C microblaze_0/libsrc/SEG7_IP_v1_0/src -s libs  "SHELL=CMD" "COMPILER=mb-gcc" "ARCHIVER=mb-ar" "COMPILER_FLAGS=  -O2 -c -mcpu=v11.0 -mlittle-endian -mxl-soft-mul" "EXTRA_COMPILER_FLAGS=-ffunction-sections -fdata-sections -Wall -Wextra"
"Compiling SEG7_IP..."
SEG7_IP_selftest.c: In function 'SEG7_IP_Reg_SelfTest':
SEG7_IP_selftest.c:52:56: warning: comparison of integer expressions of different signedness: 'u32' {aka 'long unsigned int'} and 'int' [-Wsign-compare]
    if ( SEG7_IP_mReadReg (baseaddr, read_loop_index*4) != (read_loop_index+1)*READ_WRITE_MUL_FACTOR){
                                                        ^~
SEG7_IP_selftest.c:36:6: warning: unused variable 'Index' [-Wunused-variable]
  int Index;
      ^~~~~
"Running Make libs in microblaze_0/libsrc/standalone_v7_0/src"
make -C microblaze_0/libsrc/standalone_v7_0/src -s libs  "SHELL=CMD" "COMPILER=mb-gcc" "ARCHIVER=mb-ar" "COMPILER_FLAGS=  -O2 -c -mcpu=v11.0 -mlittle-endian -mxl-soft-mul" "EXTRA_COMPILER_FLAGS=-ffunction-sections -fdata-sections -Wall -Wextra"
"Compiling standalone";
microblaze_sleep.c:77:9: note: #pragma message: For the sleep routines, assembly instructions are used
 #pragma message ("For the sleep routines, assembly instructions are used")
         ^~~~~~~
"Running Make libs in microblaze_0/libsrc/tmrctr_v4_5/src"
make -C microblaze_0/libsrc/tmrctr_v4_5/src -s libs  "SHELL=CMD" "COMPILER=mb-gcc" "ARCHIVER=mb-ar" "COMPILER_FLAGS=  -O2 -c -mcpu=v11.0 -mlittle-endian -mxl-soft-mul" "EXTRA_COMPILER_FLAGS=-ffunction-sections -fdata-sections -Wall -Wextra"
"Compiling tmrctr"
"Running Make libs in microblaze_0/libsrc/uartlite_v3_2/src"
make -C microblaze_0/libsrc/uartlite_v3_2/src -s libs  "SHELL=CMD" "COMPILER=mb-gcc" "ARCHIVER=mb-ar" "COMPILER_FLAGS=  -O2 -c -mcpu=v11.0 -mlittle-endian -mxl-soft-mul" "EXTRA_COMPILER_FLAGS=-ffunction-sections -fdata-sections -Wall -Wextra"
"Compiling uartlite"
'Finished building libraries'
15:41:18 **** Clean-only build of configuration Debug for project again ****
make clean 
rm -rf  ./src/helloworld.o ./src/platform.o  ./src/helloworld.d ./src/platform.d  SEG7_IP.elf.size  SEG7_IP.elf
' '
15:41:18 **** Build of configuration Debug for project again ****
make all 
'Building file: ../src/helloworld.c'
'Invoking: MicroBlaze gcc compiler'
mb-gcc -Wall -O0 -g3 -c -fmessage-length=0 -MT"src/helloworld.o" -I../../again_bsp/microblaze_0/include -mlittle-endian -mcpu=v11.0 -mxl-soft-mul -Wl,--no-relax -ffunction-sections -fdata-sections -MMD -MP -MF"src/helloworld.d" -MT"src/helloworld.o" -o "src/helloworld.o" "../src/helloworld.c"
../src/helloworld.c:50:10: fatal error: xil_printf.h: No such file or directory
 #include "xil_printf.h"
          ^~~~~~~~~~~~~~
compilation terminated.
make: *** [src/subdir.mk:26: src/helloworld.o] Error 1
15:41:34 **** Build of project again_bsp ****
make -k all 
"Running Make include in microblaze_0/libsrc/bram_v4_3/src"
make -C microblaze_0/libsrc/bram_v4_3/src -s include  "SHELL=CMD" "COMPILER=mb-gcc" "ARCHIVER=mb-ar" "COMPILER_FLAGS=  -O2 -c -mcpu=v11.0 -mlittle-endian -mxl-soft-mul" "EXTRA_COMPILER_FLAGS=-ffunction-sections -fdata-sections -Wall -Wextra"
"Running Make include in microblaze_0/libsrc/cpu_v2_9/src"
make -C microblaze_0/libsrc/cpu_v2_9/src -s include  "SHELL=CMD" "COMPILER=mb-gcc" "ARCHIVER=mb-ar" "COMPILER_FLAGS=  -O2 -c -mcpu=v11.0 -mlittle-endian -mxl-soft-mul" "EXTRA_COMPILER_FLAGS=-ffunction-sections -fdata-sections -Wall -Wextra"
"Running Make include in microblaze_0/libsrc/gpio_v4_4/src"
make -C microblaze_0/libsrc/gpio_v4_4/src -s include  "SHELL=CMD" "COMPILER=mb-gcc" "ARCHIVER=mb-ar" "COMPILER_FLAGS=  -O2 -c -mcpu=v11.0 -mlittle-endian -mxl-soft-mul" "EXTRA_COMPILER_FLAGS=-ffunction-sections -fdata-sections -Wall -Wextra"
"Running Make include in microblaze_0/libsrc/intc_v3_9/src"
make -C microblaze_0/libsrc/intc_v3_9/src -s include  "SHELL=CMD" "COMPILER=mb-gcc" "ARCHIVER=mb-ar" "COMPILER_FLAGS=  -O2 -c -mcpu=v11.0 -mlittle-endian -mxl-soft-mul" "EXTRA_COMPILER_FLAGS=-ffunction-sections -fdata-sections -Wall -Wextra"
"Running Make include in microblaze_0/libsrc/SEG7_IP_v1_0/src"
make -C microblaze_0/libsrc/SEG7_IP_v1_0/src -s include  "SHELL=CMD" "COMPILER=mb-gcc" "ARCHIVER=mb-ar" "COMPILER_FLAGS=  -O2 -c -mcpu=v11.0 -mlittle-endian -mxl-soft-mul" "EXTRA_COMPILER_FLAGS=-ffunction-sections -fdata-sections -Wall -Wextra"
"Running Make include in microblaze_0/libsrc/standalone_v7_0/src"
make -C microblaze_0/libsrc/standalone_v7_0/src -s include  "SHELL=CMD" "COMPILER=mb-gcc" "ARCHIVER=mb-ar" "COMPILER_FLAGS=  -O2 -c -mcpu=v11.0 -mlittle-endian -mxl-soft-mul" "EXTRA_COMPILER_FLAGS=-ffunction-sections -fdata-sections -Wall -Wextra"
"Running Make include in microblaze_0/libsrc/tmrctr_v4_5/src"
make -C microblaze_0/libsrc/tmrctr_v4_5/src -s include  "SHELL=CMD" "COMPILER=mb-gcc" "ARCHIVER=mb-ar" "COMPILER_FLAGS=  -O2 -c -mcpu=v11.0 -mlittle-endian -mxl-soft-mul" "EXTRA_COMPILER_FLAGS=-ffunction-sections -fdata-sections -Wall -Wextra"
"Running Make include in microblaze_0/libsrc/uartlite_v3_2/src"
make -C microblaze_0/libsrc/uartlite_v3_2/src -s include  "SHELL=CMD" "COMPILER=mb-gcc" "ARCHIVER=mb-ar" "COMPILER_FLAGS=  -O2 -c -mcpu=v11.0 -mlittle-endian -mxl-soft-mul" "EXTRA_COMPILER_FLAGS=-ffunction-sections -fdata-sections -Wall -Wextra"
"Running Make libs in microblaze_0/libsrc/bram_v4_3/src"
make -C microblaze_0/libsrc/bram_v4_3/src -s libs  "SHELL=CMD" "COMPILER=mb-gcc" "ARCHIVER=mb-ar" "COMPILER_FLAGS=  -O2 -c -mcpu=v11.0 -mlittle-endian -mxl-soft-mul" "EXTRA_COMPILER_FLAGS=-ffunction-sections -fdata-sections -Wall -Wextra"
"Compiling bram"
"Running Make libs in microblaze_0/libsrc/cpu_v2_9/src"
make -C microblaze_0/libsrc/cpu_v2_9/src -s libs  "SHELL=CMD" "COMPILER=mb-gcc" "ARCHIVER=mb-ar" "COMPILER_FLAGS=  -O2 -c -mcpu=v11.0 -mlittle-endian -mxl-soft-mul" "EXTRA_COMPILER_FLAGS=-ffunction-sections -fdata-sections -Wall -Wextra"
"Compiling cpu"
"Running Make libs in microblaze_0/libsrc/gpio_v4_4/src"
make -C microblaze_0/libsrc/gpio_v4_4/src -s libs  "SHELL=CMD" "COMPILER=mb-gcc" "ARCHIVER=mb-ar" "COMPILER_FLAGS=  -O2 -c -mcpu=v11.0 -mlittle-endian -mxl-soft-mul" "EXTRA_COMPILER_FLAGS=-ffunction-sections -fdata-sections -Wall -Wextra"
"Compiling gpio"
"Running Make libs in microblaze_0/libsrc/intc_v3_9/src"
make -C microblaze_0/libsrc/intc_v3_9/src -s libs  "SHELL=CMD" "COMPILER=mb-gcc" "ARCHIVER=mb-ar" "COMPILER_FLAGS=  -O2 -c -mcpu=v11.0 -mlittle-endian -mxl-soft-mul" "EXTRA_COMPILER_FLAGS=-ffunction-sections -fdata-sections -Wall -Wextra"
"Compiling intc"
"Running Make libs in microblaze_0/libsrc/SEG7_IP_v1_0/src"
make -C microblaze_0/libsrc/SEG7_IP_v1_0/src -s libs  "SHELL=CMD" "COMPILER=mb-gcc" "ARCHIVER=mb-ar" "COMPILER_FLAGS=  -O2 -c -mcpu=v11.0 -mlittle-endian -mxl-soft-mul" "EXTRA_COMPILER_FLAGS=-ffunction-sections -fdata-sections -Wall -Wextra"
"Compiling SEG7_IP..."
SEG7_IP_selftest.c: In function 'SEG7_IP_Reg_SelfTest':
SEG7_IP_selftest.c:52:56: warning: comparison of integer expressions of different signedness: 'u32' {aka 'long unsigned int'} and 'int' [-Wsign-compare]
    if ( SEG7_IP_mReadReg (baseaddr, read_loop_index*4) != (read_loop_index+1)*READ_WRITE_MUL_FACTOR){
                                                        ^~
SEG7_IP_selftest.c:36:6: warning: unused variable 'Index' [-Wunused-variable]
  int Index;
      ^~~~~
"Running Make libs in microblaze_0/libsrc/standalone_v7_0/src"
make -C microblaze_0/libsrc/standalone_v7_0/src -s libs  "SHELL=CMD" "COMPILER=mb-gcc" "ARCHIVER=mb-ar" "COMPILER_FLAGS=  -O2 -c -mcpu=v11.0 -mlittle-endian -mxl-soft-mul" "EXTRA_COMPILER_FLAGS=-ffunction-sections -fdata-sections -Wall -Wextra"
"Compiling standalone";
microblaze_sleep.c:77:9: note: #pragma message: For the sleep routines, assembly instructions are used
 #pragma message ("For the sleep routines, assembly instructions are used")
         ^~~~~~~
"Running Make libs in microblaze_0/libsrc/tmrctr_v4_5/src"
make -C microblaze_0/libsrc/tmrctr_v4_5/src -s libs  "SHELL=CMD" "COMPILER=mb-gcc" "ARCHIVER=mb-ar" "COMPILER_FLAGS=  -O2 -c -mcpu=v11.0 -mlittle-endian -mxl-soft-mul" "EXTRA_COMPILER_FLAGS=-ffunction-sections -fdata-sections -Wall -Wextra"
"Compiling tmrctr"
"Running Make libs in microblaze_0/libsrc/uartlite_v3_2/src"
make -C microblaze_0/libsrc/uartlite_v3_2/src -s libs  "SHELL=CMD" "COMPILER=mb-gcc" "ARCHIVER=mb-ar" "COMPILER_FLAGS=  -O2 -c -mcpu=v11.0 -mlittle-endian -mxl-soft-mul" "EXTRA_COMPILER_FLAGS=-ffunction-sections -fdata-sections -Wall -Wextra"
"Compiling uartlite"
'Finished building libraries'
15:41:46 **** Auto Build of configuration Debug for project again ****
make all 
'Building file: ../src/helloworld.c'
'Invoking: MicroBlaze gcc compiler'
mb-gcc -Wall -O0 -g3 -c -fmessage-length=0 -MT"src/helloworld.o" -I../../again_bsp/microblaze_0/include -mlittle-endian -mcpu=v11.0 -mxl-soft-mul -Wl,--no-relax -ffunction-sections -fdata-sections -MMD -MP -MF"src/helloworld.d" -MT"src/helloworld.o" -o "src/helloworld.o" "../src/helloworld.c"
'Finished building: ../src/helloworld.c'
' '
'Building file: ../src/platform.c'
'Invoking: MicroBlaze gcc compiler'
mb-gcc -Wall -O0 -g3 -c -fmessage-length=0 -MT"src/platform.o" -I../../again_bsp/microblaze_0/include -mlittle-endian -mcpu=v11.0 -mxl-soft-mul -Wl,--no-relax -ffunction-sections -fdata-sections -MMD -MP -MF"src/platform.d" -MT"src/platform.o" -o "src/platform.o" "../src/platform.c"
'Finished building: ../src/platform.c'
' '
'Building target: again.elf'
'Invoking: MicroBlaze gcc linker'
mb-gcc -Wl,-T -Wl,../src/lscript.ld -L../../again_bsp/microblaze_0/lib -mlittle-endian -mcpu=v11.0 -mxl-soft-mul -Wl,--no-relax -Wl,--gc-sections -o "again.elf"  ./src/helloworld.o ./src/platform.o   -Wl,--start-group,-lxil,-lgcc,-lc,--end-group
'Finished building target: again.elf'
' '
'Invoking: MicroBlaze Print Size'
mb-size again.elf  |tee "again.elf.size"
   text	   data	    bss	    dec	    hex	filename
  16240	    792	   3368	  20400	   4fb0	again.elf
'Finished building: again.elf.size'
' '
15:41:53 **** Incremental Build of configuration Debug for project again ****
make all 
make: Nothing to be done for 'all'.
15:42:25 **** Build of project SEG7_IP_bsp ****
make -k all 
"Running Make include in microblaze_0/libsrc/bram_v4_3/src"
make -C microblaze_0/libsrc/bram_v4_3/src -s include  "SHELL=CMD" "COMPILER=mb-gcc" "ARCHIVER=mb-ar" "COMPILER_FLAGS=  -O2 -c -mcpu=v11.0 -mlittle-endian -mxl-soft-mul" "EXTRA_COMPILER_FLAGS=-ffunction-sections -fdata-sections -Wall -Wextra"
"Running Make include in microblaze_0/libsrc/cpu_v2_9/src"
make -C microblaze_0/libsrc/cpu_v2_9/src -s include  "SHELL=CMD" "COMPILER=mb-gcc" "ARCHIVER=mb-ar" "COMPILER_FLAGS=  -O2 -c -mcpu=v11.0 -mlittle-endian -mxl-soft-mul" "EXTRA_COMPILER_FLAGS=-ffunction-sections -fdata-sections -Wall -Wextra"
"Running Make include in microblaze_0/libsrc/gpio_v4_4/src"
make -C microblaze_0/libsrc/gpio_v4_4/src -s include  "SHELL=CMD" "COMPILER=mb-gcc" "ARCHIVER=mb-ar" "COMPILER_FLAGS=  -O2 -c -mcpu=v11.0 -mlittle-endian -mxl-soft-mul" "EXTRA_COMPILER_FLAGS=-ffunction-sections -fdata-sections -Wall -Wextra"
"Running Make include in microblaze_0/libsrc/intc_v3_9/src"
make -C microblaze_0/libsrc/intc_v3_9/src -s include  "SHELL=CMD" "COMPILER=mb-gcc" "ARCHIVER=mb-ar" "COMPILER_FLAGS=  -O2 -c -mcpu=v11.0 -mlittle-endian -mxl-soft-mul" "EXTRA_COMPILER_FLAGS=-ffunction-sections -fdata-sections -Wall -Wextra"
"Running Make include in microblaze_0/libsrc/SEG7_IP_v1_0/src"
make -C microblaze_0/libsrc/SEG7_IP_v1_0/src -s include  "SHELL=CMD" "COMPILER=mb-gcc" "ARCHIVER=mb-ar" "COMPILER_FLAGS=  -O2 -c -mcpu=v11.0 -mlittle-endian -mxl-soft-mul" "EXTRA_COMPILER_FLAGS=-ffunction-sections -fdata-sections -Wall -Wextra"
"Running Make include in microblaze_0/libsrc/standalone_v7_0/src"
make -C microblaze_0/libsrc/standalone_v7_0/src -s include  "SHELL=CMD" "COMPILER=mb-gcc" "ARCHIVER=mb-ar" "COMPILER_FLAGS=  -O2 -c -mcpu=v11.0 -mlittle-endian -mxl-soft-mul" "EXTRA_COMPILER_FLAGS=-ffunction-sections -fdata-sections -Wall -Wextra"
"Running Make include in microblaze_0/libsrc/tmrctr_v4_5/src"
make -C microblaze_0/libsrc/tmrctr_v4_5/src -s include  "SHELL=CMD" "COMPILER=mb-gcc" "ARCHIVER=mb-ar" "COMPILER_FLAGS=  -O2 -c -mcpu=v11.0 -mlittle-endian -mxl-soft-mul" "EXTRA_COMPILER_FLAGS=-ffunction-sections -fdata-sections -Wall -Wextra"
"Running Make include in microblaze_0/libsrc/uartlite_v3_2/src"
make -C microblaze_0/libsrc/uartlite_v3_2/src -s include  "SHELL=CMD" "COMPILER=mb-gcc" "ARCHIVER=mb-ar" "COMPILER_FLAGS=  -O2 -c -mcpu=v11.0 -mlittle-endian -mxl-soft-mul" "EXTRA_COMPILER_FLAGS=-ffunction-sections -fdata-sections -Wall -Wextra"
"Running Make libs in microblaze_0/libsrc/bram_v4_3/src"
make -C microblaze_0/libsrc/bram_v4_3/src -s libs  "SHELL=CMD" "COMPILER=mb-gcc" "ARCHIVER=mb-ar" "COMPILER_FLAGS=  -O2 -c -mcpu=v11.0 -mlittle-endian -mxl-soft-mul" "EXTRA_COMPILER_FLAGS=-ffunction-sections -fdata-sections -Wall -Wextra"
"Compiling bram"
mb-ar: creating ../../../lib/libxil.a
"Running Make libs in microblaze_0/libsrc/cpu_v2_9/src"
make -C microblaze_0/libsrc/cpu_v2_9/src -s libs  "SHELL=CMD" "COMPILER=mb-gcc" "ARCHIVER=mb-ar" "COMPILER_FLAGS=  -O2 -c -mcpu=v11.0 -mlittle-endian -mxl-soft-mul" "EXTRA_COMPILER_FLAGS=-ffunction-sections -fdata-sections -Wall -Wextra"
"Compiling cpu"
"Running Make libs in microblaze_0/libsrc/gpio_v4_4/src"
make -C microblaze_0/libsrc/gpio_v4_4/src -s libs  "SHELL=CMD" "COMPILER=mb-gcc" "ARCHIVER=mb-ar" "COMPILER_FLAGS=  -O2 -c -mcpu=v11.0 -mlittle-endian -mxl-soft-mul" "EXTRA_COMPILER_FLAGS=-ffunction-sections -fdata-sections -Wall -Wextra"
"Compiling gpio"
"Running Make libs in microblaze_0/libsrc/intc_v3_9/src"
make -C microblaze_0/libsrc/intc_v3_9/src -s libs  "SHELL=CMD" "COMPILER=mb-gcc" "ARCHIVER=mb-ar" "COMPILER_FLAGS=  -O2 -c -mcpu=v11.0 -mlittle-endian -mxl-soft-mul" "EXTRA_COMPILER_FLAGS=-ffunction-sections -fdata-sections -Wall -Wextra"
"Compiling intc"
"Running Make libs in microblaze_0/libsrc/SEG7_IP_v1_0/src"
make -C microblaze_0/libsrc/SEG7_IP_v1_0/src -s libs  "SHELL=CMD" "COMPILER=mb-gcc" "ARCHIVER=mb-ar" "COMPILER_FLAGS=  -O2 -c -mcpu=v11.0 -mlittle-endian -mxl-soft-mul" "EXTRA_COMPILER_FLAGS=-ffunction-sections -fdata-sections -Wall -Wextra"
"Compiling SEG7_IP..."
SEG7_IP_selftest.c: In function 'SEG7_IP_Reg_SelfTest':
SEG7_IP_selftest.c:52:56: warning: comparison of integer expressions of different signedness: 'u32' {aka 'long unsigned int'} and 'int' [-Wsign-compare]
    if ( SEG7_IP_mReadReg (baseaddr, read_loop_index*4) != (read_loop_index+1)*READ_WRITE_MUL_FACTOR){
                                                        ^~
SEG7_IP_selftest.c:36:6: warning: unused variable 'Index' [-Wunused-variable]
  int Index;
      ^~~~~
"Running Make libs in microblaze_0/libsrc/standalone_v7_0/src"
make -C microblaze_0/libsrc/standalone_v7_0/src -s libs  "SHELL=CMD" "COMPILER=mb-gcc" "ARCHIVER=mb-ar" "COMPILER_FLAGS=  -O2 -c -mcpu=v11.0 -mlittle-endian -mxl-soft-mul" "EXTRA_COMPILER_FLAGS=-ffunction-sections -fdata-sections -Wall -Wextra"
"Compiling standalone";
microblaze_sleep.c:77:9: note: #pragma message: For the sleep routines, assembly instructions are used
 #pragma message ("For the sleep routines, assembly instructions are used")
         ^~~~~~~
"Running Make libs in microblaze_0/libsrc/tmrctr_v4_5/src"
make -C microblaze_0/libsrc/tmrctr_v4_5/src -s libs  "SHELL=CMD" "COMPILER=mb-gcc" "ARCHIVER=mb-ar" "COMPILER_FLAGS=  -O2 -c -mcpu=v11.0 -mlittle-endian -mxl-soft-mul" "EXTRA_COMPILER_FLAGS=-ffunction-sections -fdata-sections -Wall -Wextra"
"Compiling tmrctr"
"Running Make libs in microblaze_0/libsrc/uartlite_v3_2/src"
make -C microblaze_0/libsrc/uartlite_v3_2/src -s libs  "SHELL=CMD" "COMPILER=mb-gcc" "ARCHIVER=mb-ar" "COMPILER_FLAGS=  -O2 -c -mcpu=v11.0 -mlittle-endian -mxl-soft-mul" "EXTRA_COMPILER_FLAGS=-ffunction-sections -fdata-sections -Wall -Wextra"
"Compiling uartlite"
'Finished building libraries'
15:42:37 **** Build of configuration Debug for project SEG7_IP ****
make all 
'Building file: ../src/helloworld.c'
'Invoking: MicroBlaze gcc compiler'
mb-gcc -Wall -O0 -g3 -c -fmessage-length=0 -MT"src/helloworld.o" -I../../SEG7_IP_bsp/microblaze_0/include -mlittle-endian -mcpu=v11.0 -mxl-soft-mul -Wl,--no-relax -ffunction-sections -fdata-sections -MMD -MP -MF"src/helloworld.d" -MT"src/helloworld.o" -o "src/helloworld.o" "../src/helloworld.c"
'Finished building: ../src/helloworld.c'
' '
'Building file: ../src/platform.c'
'Invoking: MicroBlaze gcc compiler'
mb-gcc -Wall -O0 -g3 -c -fmessage-length=0 -MT"src/platform.o" -I../../SEG7_IP_bsp/microblaze_0/include -mlittle-endian -mcpu=v11.0 -mxl-soft-mul -Wl,--no-relax -ffunction-sections -fdata-sections -MMD -MP -MF"src/platform.d" -MT"src/platform.o" -o "src/platform.o" "../src/platform.c"
'Finished building: ../src/platform.c'
' '
'Building target: SEG7_IP.elf'
'Invoking: MicroBlaze gcc linker'
mb-gcc -Wl,-T -Wl,../src/lscript.ld -L../../SEG7_IP_bsp/microblaze_0/lib -mlittle-endian -mcpu=v11.0 -mxl-soft-mul -Wl,--no-relax -Wl,--gc-sections -o "SEG7_IP.elf"  ./src/helloworld.o ./src/platform.o   -Wl,--start-group,-lxil,-lgcc,-lc,--end-group
'Finished building target: SEG7_IP.elf'
' '
'Invoking: MicroBlaze Print Size'
mb-size SEG7_IP.elf  |tee "SEG7_IP.elf.size"
   text	   data	    bss	    dec	    hex	filename
   3124	    320	   3108	   6552	   1998	SEG7_IP.elf
'Finished building: SEG7_IP.elf.size'
' '
15:42:59 **** Auto Build of configuration Debug for project SEG7_IP ****
make all 
'Building file: ../src/helloworld.c'
'Invoking: MicroBlaze gcc compiler'
mb-gcc -Wall -O0 -g3 -c -fmessage-length=0 -MT"src/helloworld.o" -I../../SEG7_IP_bsp/microblaze_0/include -mlittle-endian -mcpu=v11.0 -mxl-soft-mul -Wl,--no-relax -ffunction-sections -fdata-sections -MMD -MP -MF"src/helloworld.d" -MT"src/helloworld.o" -o "src/helloworld.o" "../src/helloworld.c"
'Finished building: ../src/helloworld.c'
' '
'Building target: SEG7_IP.elf'
'Invoking: MicroBlaze gcc linker'
mb-gcc -Wl,-T -Wl,../src/lscript.ld -L../../SEG7_IP_bsp/microblaze_0/lib -mlittle-endian -mcpu=v11.0 -mxl-soft-mul -Wl,--no-relax -Wl,--gc-sections -o "SEG7_IP.elf"  ./src/helloworld.o ./src/platform.o   -Wl,--start-group,-lxil,-lgcc,-lc,--end-group
'Finished building target: SEG7_IP.elf'
' '
'Invoking: MicroBlaze Print Size'
mb-size SEG7_IP.elf  |tee "SEG7_IP.elf.size"
   text	   data	    bss	    dec	    hex	filename
  16240	    792	   3368	  20400	   4fb0	SEG7_IP.elf
'Finished building: SEG7_IP.elf.size'
' '
15:43:04 **** Incremental Build of configuration Debug for project SEG7_IP ****
make all 
make: Nothing to be done for 'all'.
15:48:26 **** Incremental Build of configuration Debug for project animer_hello ****
make all 
make: Nothing to be done for 'all'.
15:49:35 **** Build of project animer_hello_upgrade_bsp ****
make -k all 
"Running Make include in microblaze_0/libsrc/bram_v4_3/src"
make -C microblaze_0/libsrc/bram_v4_3/src -s include  "SHELL=CMD" "COMPILER=mb-gcc" "ARCHIVER=mb-ar" "COMPILER_FLAGS=  -O2 -c -mcpu=v11.0 -mlittle-endian -mxl-soft-mul" "EXTRA_COMPILER_FLAGS=-ffunction-sections -fdata-sections -Wall -Wextra"
"Running Make include in microblaze_0/libsrc/cpu_v2_9/src"
make -C microblaze_0/libsrc/cpu_v2_9/src -s include  "SHELL=CMD" "COMPILER=mb-gcc" "ARCHIVER=mb-ar" "COMPILER_FLAGS=  -O2 -c -mcpu=v11.0 -mlittle-endian -mxl-soft-mul" "EXTRA_COMPILER_FLAGS=-ffunction-sections -fdata-sections -Wall -Wextra"
"Running Make include in microblaze_0/libsrc/gpio_v4_4/src"
make -C microblaze_0/libsrc/gpio_v4_4/src -s include  "SHELL=CMD" "COMPILER=mb-gcc" "ARCHIVER=mb-ar" "COMPILER_FLAGS=  -O2 -c -mcpu=v11.0 -mlittle-endian -mxl-soft-mul" "EXTRA_COMPILER_FLAGS=-ffunction-sections -fdata-sections -Wall -Wextra"
"Running Make include in microblaze_0/libsrc/intc_v3_9/src"
make -C microblaze_0/libsrc/intc_v3_9/src -s include  "SHELL=CMD" "COMPILER=mb-gcc" "ARCHIVER=mb-ar" "COMPILER_FLAGS=  -O2 -c -mcpu=v11.0 -mlittle-endian -mxl-soft-mul" "EXTRA_COMPILER_FLAGS=-ffunction-sections -fdata-sections -Wall -Wextra"
"Running Make include in microblaze_0/libsrc/SEG7_IP_v1_0/src"
make -C microblaze_0/libsrc/SEG7_IP_v1_0/src -s include  "SHELL=CMD" "COMPILER=mb-gcc" "ARCHIVER=mb-ar" "COMPILER_FLAGS=  -O2 -c -mcpu=v11.0 -mlittle-endian -mxl-soft-mul" "EXTRA_COMPILER_FLAGS=-ffunction-sections -fdata-sections -Wall -Wextra"
"Running Make include in microblaze_0/libsrc/standalone_v7_0/src"
make -C microblaze_0/libsrc/standalone_v7_0/src -s include  "SHELL=CMD" "COMPILER=mb-gcc" "ARCHIVER=mb-ar" "COMPILER_FLAGS=  -O2 -c -mcpu=v11.0 -mlittle-endian -mxl-soft-mul" "EXTRA_COMPILER_FLAGS=-ffunction-sections -fdata-sections -Wall -Wextra"
"Running Make include in microblaze_0/libsrc/tmrctr_v4_5/src"
make -C microblaze_0/libsrc/tmrctr_v4_5/src -s include  "SHELL=CMD" "COMPILER=mb-gcc" "ARCHIVER=mb-ar" "COMPILER_FLAGS=  -O2 -c -mcpu=v11.0 -mlittle-endian -mxl-soft-mul" "EXTRA_COMPILER_FLAGS=-ffunction-sections -fdata-sections -Wall -Wextra"
"Running Make include in microblaze_0/libsrc/uartlite_v3_2/src"
make -C microblaze_0/libsrc/uartlite_v3_2/src -s include  "SHELL=CMD" "COMPILER=mb-gcc" "ARCHIVER=mb-ar" "COMPILER_FLAGS=  -O2 -c -mcpu=v11.0 -mlittle-endian -mxl-soft-mul" "EXTRA_COMPILER_FLAGS=-ffunction-sections -fdata-sections -Wall -Wextra"
"Running Make libs in microblaze_0/libsrc/bram_v4_3/src"
make -C microblaze_0/libsrc/bram_v4_3/src -s libs  "SHELL=CMD" "COMPILER=mb-gcc" "ARCHIVER=mb-ar" "COMPILER_FLAGS=  -O2 -c -mcpu=v11.0 -mlittle-endian -mxl-soft-mul" "EXTRA_COMPILER_FLAGS=-ffunction-sections -fdata-sections -Wall -Wextra"
"Compiling bram"
mb-ar: creating ../../../lib/libxil.a
"Running Make libs in microblaze_0/libsrc/cpu_v2_9/src"
make -C microblaze_0/libsrc/cpu_v2_9/src -s libs  "SHELL=CMD" "COMPILER=mb-gcc" "ARCHIVER=mb-ar" "COMPILER_FLAGS=  -O2 -c -mcpu=v11.0 -mlittle-endian -mxl-soft-mul" "EXTRA_COMPILER_FLAGS=-ffunction-sections -fdata-sections -Wall -Wextra"
"Compiling cpu"
"Running Make libs in microblaze_0/libsrc/gpio_v4_4/src"
make -C microblaze_0/libsrc/gpio_v4_4/src -s libs  "SHELL=CMD" "COMPILER=mb-gcc" "ARCHIVER=mb-ar" "COMPILER_FLAGS=  -O2 -c -mcpu=v11.0 -mlittle-endian -mxl-soft-mul" "EXTRA_COMPILER_FLAGS=-ffunction-sections -fdata-sections -Wall -Wextra"
"Compiling gpio"
"Running Make libs in microblaze_0/libsrc/intc_v3_9/src"
make -C microblaze_0/libsrc/intc_v3_9/src -s libs  "SHELL=CMD" "COMPILER=mb-gcc" "ARCHIVER=mb-ar" "COMPILER_FLAGS=  -O2 -c -mcpu=v11.0 -mlittle-endian -mxl-soft-mul" "EXTRA_COMPILER_FLAGS=-ffunction-sections -fdata-sections -Wall -Wextra"
"Compiling intc"
"Running Make libs in microblaze_0/libsrc/SEG7_IP_v1_0/src"
make -C microblaze_0/libsrc/SEG7_IP_v1_0/src -s libs  "SHELL=CMD" "COMPILER=mb-gcc" "ARCHIVER=mb-ar" "COMPILER_FLAGS=  -O2 -c -mcpu=v11.0 -mlittle-endian -mxl-soft-mul" "EXTRA_COMPILER_FLAGS=-ffunction-sections -fdata-sections -Wall -Wextra"
"Compiling SEG7_IP..."
SEG7_IP_selftest.c: In function 'SEG7_IP_Reg_SelfTest':
SEG7_IP_selftest.c:52:56: warning: comparison of integer expressions of different signedness: 'u32' {aka 'long unsigned int'} and 'int' [-Wsign-compare]
    if ( SEG7_IP_mReadReg (baseaddr, read_loop_index*4) != (read_loop_index+1)*READ_WRITE_MUL_FACTOR){
                                                        ^~
SEG7_IP_selftest.c:36:6: warning: unused variable 'Index' [-Wunused-variable]
  int Index;
      ^~~~~
"Running Make libs in microblaze_0/libsrc/standalone_v7_0/src"
make -C microblaze_0/libsrc/standalone_v7_0/src -s libs  "SHELL=CMD" "COMPILER=mb-gcc" "ARCHIVER=mb-ar" "COMPILER_FLAGS=  -O2 -c -mcpu=v11.0 -mlittle-endian -mxl-soft-mul" "EXTRA_COMPILER_FLAGS=-ffunction-sections -fdata-sections -Wall -Wextra"
"Compiling standalone";
microblaze_sleep.c:77:9: note: #pragma message: For the sleep routines, assembly instructions are used
 #pragma message ("For the sleep routines, assembly instructions are used")
         ^~~~~~~
"Running Make libs in microblaze_0/libsrc/tmrctr_v4_5/src"
make -C microblaze_0/libsrc/tmrctr_v4_5/src -s libs  "SHELL=CMD" "COMPILER=mb-gcc" "ARCHIVER=mb-ar" "COMPILER_FLAGS=  -O2 -c -mcpu=v11.0 -mlittle-endian -mxl-soft-mul" "EXTRA_COMPILER_FLAGS=-ffunction-sections -fdata-sections -Wall -Wextra"
"Compiling tmrctr"
"Running Make libs in microblaze_0/libsrc/uartlite_v3_2/src"
make -C microblaze_0/libsrc/uartlite_v3_2/src -s libs  "SHELL=CMD" "COMPILER=mb-gcc" "ARCHIVER=mb-ar" "COMPILER_FLAGS=  -O2 -c -mcpu=v11.0 -mlittle-endian -mxl-soft-mul" "EXTRA_COMPILER_FLAGS=-ffunction-sections -fdata-sections -Wall -Wextra"
"Compiling uartlite"
'Finished building libraries'
15:49:47 **** Build of configuration Debug for project animer_hello_upgrade ****
make all 
'Building file: ../src/helloworld.c'
'Invoking: MicroBlaze gcc compiler'
mb-gcc -Wall -O0 -g3 -c -fmessage-length=0 -MT"src/helloworld.o" -I../../animer_hello_upgrade_bsp/microblaze_0/include -mlittle-endian -mcpu=v11.0 -mxl-soft-mul -Wl,--no-relax -ffunction-sections -fdata-sections -MMD -MP -MF"src/helloworld.d" -MT"src/helloworld.o" -o "src/helloworld.o" "../src/helloworld.c"
'Finished building: ../src/helloworld.c'
' '
'Building file: ../src/platform.c'
'Invoking: MicroBlaze gcc compiler'
mb-gcc -Wall -O0 -g3 -c -fmessage-length=0 -MT"src/platform.o" -I../../animer_hello_upgrade_bsp/microblaze_0/include -mlittle-endian -mcpu=v11.0 -mxl-soft-mul -Wl,--no-relax -ffunction-sections -fdata-sections -MMD -MP -MF"src/platform.d" -MT"src/platform.o" -o "src/platform.o" "../src/platform.c"
'Finished building: ../src/platform.c'
' '
'Building target: animer_hello_upgrade.elf'
'Invoking: MicroBlaze gcc linker'
mb-gcc -Wl,-T -Wl,../src/lscript.ld -L../../animer_hello_upgrade_bsp/microblaze_0/lib -mlittle-endian -mcpu=v11.0 -mxl-soft-mul -Wl,--no-relax -Wl,--gc-sections -o "animer_hello_upgrade.elf"  ./src/helloworld.o ./src/platform.o   -Wl,--start-group,-lxil,-lgcc,-lc,--end-group
'Finished building target: animer_hello_upgrade.elf'
' '
'Invoking: MicroBlaze Print Size'
mb-size animer_hello_upgrade.elf  |tee "animer_hello_upgrade.elf.size"
   text	   data	    bss	    dec	    hex	filename
   3124	    320	   3108	   6552	   1998	animer_hello_upgrade.elf
'Finished building: animer_hello_upgrade.elf.size'
' '
15:49:57 **** Auto Build of configuration Debug for project animer_hello_upgrade ****
make all 
'Building file: ../src/helloworld.c'
'Invoking: MicroBlaze gcc compiler'
mb-gcc -Wall -O0 -g3 -c -fmessage-length=0 -MT"src/helloworld.o" -I../../animer_hello_upgrade_bsp/microblaze_0/include -mlittle-endian -mcpu=v11.0 -mxl-soft-mul -Wl,--no-relax -ffunction-sections -fdata-sections -MMD -MP -MF"src/helloworld.d" -MT"src/helloworld.o" -o "src/helloworld.o" "../src/helloworld.c"
../src/helloworld.c: In function 'initGPIO':
../src/helloworld.c:93:27: error: 'XPAR_AXI_GPIO_2_DEVICE_ID' undeclared (first use in this function); did you mean 'XPAR_AXI_GPIO_1_DEVICE_ID'?
  XGpio_Initialize(&seg_an,XPAR_AXI_GPIO_2_DEVICE_ID);
                           ^~~~~~~~~~~~~~~~~~~~~~~~~
                           XPAR_AXI_GPIO_1_DEVICE_ID
../src/helloworld.c:93:27: note: each undeclared identifier is reported only once for each function it appears in
make: *** [src/subdir.mk:26: src/helloworld.o] Error 1
15:50:28 **** Auto Build of configuration Debug for project animer_hello_upgrade ****
make all 
'Building file: ../src/helloworld.c'
'Invoking: MicroBlaze gcc compiler'
mb-gcc -Wall -O0 -g3 -c -fmessage-length=0 -MT"src/helloworld.o" -I../../animer_hello_upgrade_bsp/microblaze_0/include -mlittle-endian -mcpu=v11.0 -mxl-soft-mul -Wl,--no-relax -ffunction-sections -fdata-sections -MMD -MP -MF"src/helloworld.d" -MT"src/helloworld.o" -o "src/helloworld.o" "../src/helloworld.c"
../src/helloworld.c: In function 'initGPIO':
../src/helloworld.c:93:27: error: 'XPAR_AXI_GPIO_2_DEVICE_ID' undeclared (first use in this function); did you mean 'XPAR_AXI_GPIO_1_DEVICE_ID'?
  XGpio_Initialize(&seg_an,XPAR_AXI_GPIO_2_DEVICE_ID);
                           ^~~~~~~~~~~~~~~~~~~~~~~~~
                           XPAR_AXI_GPIO_1_DEVICE_ID
../src/helloworld.c:93:27: note: each undeclared identifier is reported only once for each function it appears in
make: *** [src/subdir.mk:26: src/helloworld.o] Error 1
15:51:42 **** Build of project animer_hello_upgrade_bsp ****
make -k all 
"Running Make include in microblaze_0/libsrc/bram_v4_3/src"
make -C microblaze_0/libsrc/bram_v4_3/src -s include  "SHELL=CMD" "COMPILER=mb-gcc" "ARCHIVER=mb-ar" "COMPILER_FLAGS=  -O2 -c -mcpu=v11.0 -mlittle-endian -mxl-soft-mul" "EXTRA_COMPILER_FLAGS=-ffunction-sections -fdata-sections -Wall -Wextra"
"Running Make include in microblaze_0/libsrc/cpu_v2_9/src"
make -C microblaze_0/libsrc/cpu_v2_9/src -s include  "SHELL=CMD" "COMPILER=mb-gcc" "ARCHIVER=mb-ar" "COMPILER_FLAGS=  -O2 -c -mcpu=v11.0 -mlittle-endian -mxl-soft-mul" "EXTRA_COMPILER_FLAGS=-ffunction-sections -fdata-sections -Wall -Wextra"
"Running Make include in microblaze_0/libsrc/gpio_v4_4/src"
make -C microblaze_0/libsrc/gpio_v4_4/src -s include  "SHELL=CMD" "COMPILER=mb-gcc" "ARCHIVER=mb-ar" "COMPILER_FLAGS=  -O2 -c -mcpu=v11.0 -mlittle-endian -mxl-soft-mul" "EXTRA_COMPILER_FLAGS=-ffunction-sections -fdata-sections -Wall -Wextra"
"Running Make include in microblaze_0/libsrc/intc_v3_9/src"
make -C microblaze_0/libsrc/intc_v3_9/src -s include  "SHELL=CMD" "COMPILER=mb-gcc" "ARCHIVER=mb-ar" "COMPILER_FLAGS=  -O2 -c -mcpu=v11.0 -mlittle-endian -mxl-soft-mul" "EXTRA_COMPILER_FLAGS=-ffunction-sections -fdata-sections -Wall -Wextra"
"Running Make include in microblaze_0/libsrc/standalone_v7_0/src"
make -C microblaze_0/libsrc/standalone_v7_0/src -s include  "SHELL=CMD" "COMPILER=mb-gcc" "ARCHIVER=mb-ar" "COMPILER_FLAGS=  -O2 -c -mcpu=v11.0 -mlittle-endian -mxl-soft-mul" "EXTRA_COMPILER_FLAGS=-ffunction-sections -fdata-sections -Wall -Wextra"
"Running Make include in microblaze_0/libsrc/tmrctr_v4_5/src"
make -C microblaze_0/libsrc/tmrctr_v4_5/src -s include  "SHELL=CMD" "COMPILER=mb-gcc" "ARCHIVER=mb-ar" "COMPILER_FLAGS=  -O2 -c -mcpu=v11.0 -mlittle-endian -mxl-soft-mul" "EXTRA_COMPILER_FLAGS=-ffunction-sections -fdata-sections -Wall -Wextra"
"Running Make include in microblaze_0/libsrc/uartlite_v3_2/src"
make -C microblaze_0/libsrc/uartlite_v3_2/src -s include  "SHELL=CMD" "COMPILER=mb-gcc" "ARCHIVER=mb-ar" "COMPILER_FLAGS=  -O2 -c -mcpu=v11.0 -mlittle-endian -mxl-soft-mul" "EXTRA_COMPILER_FLAGS=-ffunction-sections -fdata-sections -Wall -Wextra"
"Running Make libs in microblaze_0/libsrc/bram_v4_3/src"
make -C microblaze_0/libsrc/bram_v4_3/src -s libs  "SHELL=CMD" "COMPILER=mb-gcc" "ARCHIVER=mb-ar" "COMPILER_FLAGS=  -O2 -c -mcpu=v11.0 -mlittle-endian -mxl-soft-mul" "EXTRA_COMPILER_FLAGS=-ffunction-sections -fdata-sections -Wall -Wextra"
"Compiling bram"
mb-ar: creating ../../../lib/libxil.a
"Running Make libs in microblaze_0/libsrc/cpu_v2_9/src"
make -C microblaze_0/libsrc/cpu_v2_9/src -s libs  "SHELL=CMD" "COMPILER=mb-gcc" "ARCHIVER=mb-ar" "COMPILER_FLAGS=  -O2 -c -mcpu=v11.0 -mlittle-endian -mxl-soft-mul" "EXTRA_COMPILER_FLAGS=-ffunction-sections -fdata-sections -Wall -Wextra"
"Compiling cpu"
"Running Make libs in microblaze_0/libsrc/gpio_v4_4/src"
make -C microblaze_0/libsrc/gpio_v4_4/src -s libs  "SHELL=CMD" "COMPILER=mb-gcc" "ARCHIVER=mb-ar" "COMPILER_FLAGS=  -O2 -c -mcpu=v11.0 -mlittle-endian -mxl-soft-mul" "EXTRA_COMPILER_FLAGS=-ffunction-sections -fdata-sections -Wall -Wextra"
"Compiling gpio"
"Running Make libs in microblaze_0/libsrc/intc_v3_9/src"
make -C microblaze_0/libsrc/intc_v3_9/src -s libs  "SHELL=CMD" "COMPILER=mb-gcc" "ARCHIVER=mb-ar" "COMPILER_FLAGS=  -O2 -c -mcpu=v11.0 -mlittle-endian -mxl-soft-mul" "EXTRA_COMPILER_FLAGS=-ffunction-sections -fdata-sections -Wall -Wextra"
"Compiling intc"
"Running Make libs in microblaze_0/libsrc/standalone_v7_0/src"
make -C microblaze_0/libsrc/standalone_v7_0/src -s libs  "SHELL=CMD" "COMPILER=mb-gcc" "ARCHIVER=mb-ar" "COMPILER_FLAGS=  -O2 -c -mcpu=v11.0 -mlittle-endian -mxl-soft-mul" "EXTRA_COMPILER_FLAGS=-ffunction-sections -fdata-sections -Wall -Wextra"
"Compiling standalone";
microblaze_sleep.c:77:9: note: #pragma message: For the sleep routines, assembly instructions are used
 #pragma message ("For the sleep routines, assembly instructions are used")
         ^~~~~~~
"Running Make libs in microblaze_0/libsrc/tmrctr_v4_5/src"
make -C microblaze_0/libsrc/tmrctr_v4_5/src -s libs  "SHELL=CMD" "COMPILER=mb-gcc" "ARCHIVER=mb-ar" "COMPILER_FLAGS=  -O2 -c -mcpu=v11.0 -mlittle-endian -mxl-soft-mul" "EXTRA_COMPILER_FLAGS=-ffunction-sections -fdata-sections -Wall -Wextra"
"Compiling tmrctr"
"Running Make libs in microblaze_0/libsrc/uartlite_v3_2/src"
make -C microblaze_0/libsrc/uartlite_v3_2/src -s libs  "SHELL=CMD" "COMPILER=mb-gcc" "ARCHIVER=mb-ar" "COMPILER_FLAGS=  -O2 -c -mcpu=v11.0 -mlittle-endian -mxl-soft-mul" "EXTRA_COMPILER_FLAGS=-ffunction-sections -fdata-sections -Wall -Wextra"
"Compiling uartlite"
'Finished building libraries'
15:51:53 **** Build of configuration Debug for project animer_hello_upgrade ****
make all 
'Building file: ../src/helloworld.c'
'Invoking: MicroBlaze gcc compiler'
mb-gcc -Wall -O0 -g3 -c -fmessage-length=0 -MT"src/helloworld.o" -I../../animer_hello_upgrade_bsp/microblaze_0/include -mlittle-endian -mcpu=v11.0 -mxl-soft-mul -Wl,--no-relax -ffunction-sections -fdata-sections -MMD -MP -MF"src/helloworld.d" -MT"src/helloworld.o" -o "src/helloworld.o" "../src/helloworld.c"
'Finished building: ../src/helloworld.c'
' '
'Building file: ../src/platform.c'
'Invoking: MicroBlaze gcc compiler'
mb-gcc -Wall -O0 -g3 -c -fmessage-length=0 -MT"src/platform.o" -I../../animer_hello_upgrade_bsp/microblaze_0/include -mlittle-endian -mcpu=v11.0 -mxl-soft-mul -Wl,--no-relax -ffunction-sections -fdata-sections -MMD -MP -MF"src/platform.d" -MT"src/platform.o" -o "src/platform.o" "../src/platform.c"
'Finished building: ../src/platform.c'
' '
'Building target: animer_hello_upgrade.elf'
'Invoking: MicroBlaze gcc linker'
mb-gcc -Wl,-T -Wl,../src/lscript.ld -L../../animer_hello_upgrade_bsp/microblaze_0/lib -mlittle-endian -mcpu=v11.0 -mxl-soft-mul -Wl,--no-relax -Wl,--gc-sections -o "animer_hello_upgrade.elf"  ./src/helloworld.o ./src/platform.o   -Wl,--start-group,-lxil,-lgcc,-lc,--end-group
'Finished building target: animer_hello_upgrade.elf'
' '
'Invoking: MicroBlaze Print Size'
mb-size animer_hello_upgrade.elf  |tee "animer_hello_upgrade.elf.size"
   text	   data	    bss	    dec	    hex	filename
   3124	    320	   3108	   6552	   1998	animer_hello_upgrade.elf
'Finished building: animer_hello_upgrade.elf.size'
' '
15:51:58 **** Auto Build of configuration Debug for project animer_hello_upgrade ****
make all 
'Building file: ../src/helloworld.c'
'Invoking: MicroBlaze gcc compiler'
mb-gcc -Wall -O0 -g3 -c -fmessage-length=0 -MT"src/helloworld.o" -I../../animer_hello_upgrade_bsp/microblaze_0/include -mlittle-endian -mcpu=v11.0 -mxl-soft-mul -Wl,--no-relax -ffunction-sections -fdata-sections -MMD -MP -MF"src/helloworld.d" -MT"src/helloworld.o" -o "src/helloworld.o" "../src/helloworld.c"
'Finished building: ../src/helloworld.c'
' '
'Building target: animer_hello_upgrade.elf'
'Invoking: MicroBlaze gcc linker'
mb-gcc -Wl,-T -Wl,../src/lscript.ld -L../../animer_hello_upgrade_bsp/microblaze_0/lib -mlittle-endian -mcpu=v11.0 -mxl-soft-mul -Wl,--no-relax -Wl,--gc-sections -o "animer_hello_upgrade.elf"  ./src/helloworld.o ./src/platform.o   -Wl,--start-group,-lxil,-lgcc,-lc,--end-group
'Finished building target: animer_hello_upgrade.elf'
' '
'Invoking: MicroBlaze Print Size'
mb-size animer_hello_upgrade.elf  |tee "animer_hello_upgrade.elf.size"
   text	   data	    bss	    dec	    hex	filename
  15532	    808	   3404	  19744	   4d20	animer_hello_upgrade.elf
'Finished building: animer_hello_upgrade.elf.size'
' '
15:52:48 **** Incremental Build of configuration Debug for project animer_hello_upgrade ****
make all 
make: Nothing to be done for 'all'.
15:57:37 **** Incremental Build of configuration Debug for project Test_IP ****
make all 
make: Nothing to be done for 'all'.
16:01:20 **** Clean-only build of configuration Debug for project animer_hello_upgrade ****
make clean 
rm -rf  ./src/helloworld.o ./src/platform.o  ./src/helloworld.d ./src/platform.d  animer_hello_upgrade.elf.size  animer_hello_upgrade.elf
' '
16:01:21 **** Auto Build of configuration Debug for project animer_hello_upgrade ****
make all 
'Building file: ../src/main.c'
'Invoking: MicroBlaze gcc compiler'
mb-gcc -Wall -O0 -g3 -c -fmessage-length=0 -MT"src/main.o" -I../../animer_hello_upgrade_bsp/microblaze_0/include -mlittle-endian -mcpu=v11.0 -mxl-soft-mul -Wl,--no-relax -ffunction-sections -fdata-sections -MMD -MP -MF"src/main.d" -MT"src/main.o" -o "src/main.o" "../src/main.c"
'Finished building: ../src/main.c'
' '
'Building file: ../src/platform.c'
'Invoking: MicroBlaze gcc compiler'
mb-gcc -Wall -O0 -g3 -c -fmessage-length=0 -MT"src/platform.o" -I../../animer_hello_upgrade_bsp/microblaze_0/include -mlittle-endian -mcpu=v11.0 -mxl-soft-mul -Wl,--no-relax -ffunction-sections -fdata-sections -MMD -MP -MF"src/platform.d" -MT"src/platform.o" -o "src/platform.o" "../src/platform.c"
'Finished building: ../src/platform.c'
' '
'Building target: animer_hello_upgrade.elf'
'Invoking: MicroBlaze gcc linker'
mb-gcc -Wl,-T -Wl,../src/lscript.ld -L../../animer_hello_upgrade_bsp/microblaze_0/lib -mlittle-endian -mcpu=v11.0 -mxl-soft-mul -Wl,--no-relax -Wl,--gc-sections -o "animer_hello_upgrade.elf"  ./src/main.o ./src/platform.o   -Wl,--start-group,-lxil,-lgcc,-lc,--end-group
'Finished building target: animer_hello_upgrade.elf'
' '
'Invoking: MicroBlaze Print Size'
mb-size animer_hello_upgrade.elf  |tee "animer_hello_upgrade.elf.size"
   text	   data	    bss	    dec	    hex	filename
  15532	    808	   3404	  19744	   4d20	animer_hello_upgrade.elf
'Finished building: animer_hello_upgrade.elf.size'
' '
16:01:30 **** Clean-only build of configuration Debug for project SEG7_IP ****
make clean 
rm -rf  ./src/helloworld.o ./src/platform.o  ./src/helloworld.d ./src/platform.d  SEG7_IP.elf.size  SEG7_IP.elf
' '
16:01:30 **** Auto Build of configuration Debug for project SEG7_IP ****
make all 
'Building file: ../src/main.c'
'Invoking: MicroBlaze gcc compiler'
mb-gcc -Wall -O0 -g3 -c -fmessage-length=0 -MT"src/main.o" -I../../SEG7_IP_bsp/microblaze_0/include -mlittle-endian -mcpu=v11.0 -mxl-soft-mul -Wl,--no-relax -ffunction-sections -fdata-sections -MMD -MP -MF"src/main.d" -MT"src/main.o" -o "src/main.o" "../src/main.c"
'Finished building: ../src/main.c'
' '
'Building file: ../src/platform.c'
'Invoking: MicroBlaze gcc compiler'
mb-gcc -Wall -O0 -g3 -c -fmessage-length=0 -MT"src/platform.o" -I../../SEG7_IP_bsp/microblaze_0/include -mlittle-endian -mcpu=v11.0 -mxl-soft-mul -Wl,--no-relax -ffunction-sections -fdata-sections -MMD -MP -MF"src/platform.d" -MT"src/platform.o" -o "src/platform.o" "../src/platform.c"
'Finished building: ../src/platform.c'
' '
'Building target: SEG7_IP.elf'
'Invoking: MicroBlaze gcc linker'
mb-gcc -Wl,-T -Wl,../src/lscript.ld -L../../SEG7_IP_bsp/microblaze_0/lib -mlittle-endian -mcpu=v11.0 -mxl-soft-mul -Wl,--no-relax -Wl,--gc-sections -o "SEG7_IP.elf"  ./src/main.o ./src/platform.o   -Wl,--start-group,-lxil,-lgcc,-lc,--end-group
'Finished building target: SEG7_IP.elf'
' '
'Invoking: MicroBlaze Print Size'
mb-size SEG7_IP.elf  |tee "SEG7_IP.elf.size"
   text	   data	    bss	    dec	    hex	filename
  16240	    792	   3368	  20400	   4fb0	SEG7_IP.elf
'Finished building: SEG7_IP.elf.size'
' '
16:02:09 **** Auto Build of configuration Debug for project Test_IP ****
make all 
'Building file: ../src/main.c'
'Invoking: MicroBlaze gcc compiler'
mb-gcc -Wall -O0 -g3 -c -fmessage-length=0 -MT"src/main.o" -I../../Test_IP_bsp/microblaze_0/include -mlittle-endian -mcpu=v11.0 -mxl-soft-mul -Wl,--no-relax -ffunction-sections -fdata-sections -MMD -MP -MF"src/main.d" -MT"src/main.o" -o "src/main.o" "../src/main.c"
'Finished building: ../src/main.c'
' '
'Building target: Test_IP.elf'
'Invoking: MicroBlaze gcc linker'
mb-gcc -Wl,-T -Wl,../src/lscript.ld -L../../Test_IP_bsp/microblaze_0/lib -mlittle-endian -mcpu=v11.0 -mxl-soft-mul -Wl,--no-relax -Wl,--gc-sections -o "Test_IP.elf"  ./src/main.o ./src/platform.o   -Wl,--start-group,-lxil,-lgcc,-lc,--end-group
'Finished building target: Test_IP.elf'
' '
'Invoking: MicroBlaze Print Size'
mb-size Test_IP.elf  |tee "Test_IP.elf.size"
   text	   data	    bss	    dec	    hex	filename
   4596	    372	   3168	   8136	   1fc8	Test_IP.elf
'Finished building: Test_IP.elf.size'
' '
16:02:35 **** Auto Build of configuration Debug for project Test_SEG7 ****
make all 
'Building file: ../src/main.c'
'Invoking: MicroBlaze gcc compiler'
mb-gcc -Wall -O0 -g3 -c -fmessage-length=0 -MT"src/main.o" -I../../Test_SEG7_bsp/microblaze_0/include -mlittle-endian -mcpu=v11.0 -mxl-soft-mul -Wl,--no-relax -ffunction-sections -fdata-sections -MMD -MP -MF"src/main.d" -MT"src/main.o" -o "src/main.o" "../src/main.c"
'Finished building: ../src/main.c'
' '
'Building target: Test_SEG7.elf'
'Invoking: MicroBlaze gcc linker'
mb-gcc -Wl,-T -Wl,../src/lscript.ld -L../../Test_SEG7_bsp/microblaze_0/lib -mlittle-endian -mcpu=v11.0 -mxl-soft-mul -Wl,--no-relax -Wl,--gc-sections -o "Test_SEG7.elf"  ./src/main.o ./src/platform.o   -Wl,--start-group,-lxil,-lgcc,-lc,--end-group
'Finished building target: Test_SEG7.elf'
' '
'Invoking: MicroBlaze Print Size'
mb-size Test_SEG7.elf  |tee "Test_SEG7.elf.size"
   text	   data	    bss	    dec	    hex	filename
   4632	    436	   3196	   8264	   2048	Test_SEG7.elf
'Finished building: Test_SEG7.elf.size'
' '
16:02:43 **** Auto Build of configuration Debug for project Test_SEG7 ****
make all 
'Building file: ../src/main.c'
'Invoking: MicroBlaze gcc compiler'
mb-gcc -Wall -O0 -g3 -c -fmessage-length=0 -MT"src/main.o" -I../../Test_SEG7_bsp/microblaze_0/include -mlittle-endian -mcpu=v11.0 -mxl-soft-mul -Wl,--no-relax -ffunction-sections -fdata-sections -MMD -MP -MF"src/main.d" -MT"src/main.o" -o "src/main.o" "../src/main.c"
'Finished building: ../src/main.c'
' '
'Building target: Test_SEG7.elf'
'Invoking: MicroBlaze gcc linker'
mb-gcc -Wl,-T -Wl,../src/lscript.ld -L../../Test_SEG7_bsp/microblaze_0/lib -mlittle-endian -mcpu=v11.0 -mxl-soft-mul -Wl,--no-relax -Wl,--gc-sections -o "Test_SEG7.elf"  ./src/main.o ./src/platform.o   -Wl,--start-group,-lxil,-lgcc,-lc,--end-group
'Finished building target: Test_SEG7.elf'
' '
'Invoking: MicroBlaze Print Size'
mb-size Test_SEG7.elf  |tee "Test_SEG7.elf.size"
   text	   data	    bss	    dec	    hex	filename
   4632	    436	   3196	   8264	   2048	Test_SEG7.elf
'Finished building: Test_SEG7.elf.size'
' '
16:02:56 **** Auto Build of configuration Debug for project Test_SEG7 ****
make all 
'Building file: ../src/main.c'
'Invoking: MicroBlaze gcc compiler'
mb-gcc -Wall -O0 -g3 -c -fmessage-length=0 -MT"src/main.o" -I../../Test_SEG7_bsp/microblaze_0/include -mlittle-endian -mcpu=v11.0 -mxl-soft-mul -Wl,--no-relax -ffunction-sections -fdata-sections -MMD -MP -MF"src/main.d" -MT"src/main.o" -o "src/main.o" "../src/main.c"
'Finished building: ../src/main.c'
' '
'Building target: Test_SEG7.elf'
'Invoking: MicroBlaze gcc linker'
mb-gcc -Wl,-T -Wl,../src/lscript.ld -L../../Test_SEG7_bsp/microblaze_0/lib -mlittle-endian -mcpu=v11.0 -mxl-soft-mul -Wl,--no-relax -Wl,--gc-sections -o "Test_SEG7.elf"  ./src/main.o ./src/platform.o   -Wl,--start-group,-lxil,-lgcc,-lc,--end-group
'Finished building target: Test_SEG7.elf'
' '
'Invoking: MicroBlaze Print Size'
mb-size Test_SEG7.elf  |tee "Test_SEG7.elf.size"
   text	   data	    bss	    dec	    hex	filename
   4632	    436	   3196	   8264	   2048	Test_SEG7.elf
'Finished building: Test_SEG7.elf.size'
' '
16:03:15 **** Auto Build of configuration Debug for project Test_SEG7 ****
make all 
'Building file: ../src/main.c'
'Invoking: MicroBlaze gcc compiler'
mb-gcc -Wall -O0 -g3 -c -fmessage-length=0 -MT"src/main.o" -I../../Test_SEG7_bsp/microblaze_0/include -mlittle-endian -mcpu=v11.0 -mxl-soft-mul -Wl,--no-relax -ffunction-sections -fdata-sections -MMD -MP -MF"src/main.d" -MT"src/main.o" -o "src/main.o" "../src/main.c"
'Finished building: ../src/main.c'
' '
'Building target: Test_SEG7.elf'
'Invoking: MicroBlaze gcc linker'
mb-gcc -Wl,-T -Wl,../src/lscript.ld -L../../Test_SEG7_bsp/microblaze_0/lib -mlittle-endian -mcpu=v11.0 -mxl-soft-mul -Wl,--no-relax -Wl,--gc-sections -o "Test_SEG7.elf"  ./src/main.o ./src/platform.o   -Wl,--start-group,-lxil,-lgcc,-lc,--end-group
'Finished building target: Test_SEG7.elf'
' '
'Invoking: MicroBlaze Print Size'
mb-size Test_SEG7.elf  |tee "Test_SEG7.elf.size"
   text	   data	    bss	    dec	    hex	filename
   4632	    436	   3196	   8264	   2048	Test_SEG7.elf
'Finished building: Test_SEG7.elf.size'
' '
16:03:39 **** Auto Build of configuration Debug for project animer_hello ****
make all 
'Building file: ../src/main.c'
'Invoking: MicroBlaze gcc compiler'
mb-gcc -Wall -O0 -g3 -c -fmessage-length=0 -MT"src/main.o" -I../../animer_hello_bsp/microblaze_0/include -mlittle-endian -mcpu=v11.0 -mxl-soft-mul -Wl,--no-relax -ffunction-sections -fdata-sections -MMD -MP -MF"src/main.d" -MT"src/main.o" -o "src/main.o" "../src/main.c"
'Finished building: ../src/main.c'
' '
'Building target: animer_hello.elf'
'Invoking: MicroBlaze gcc linker'
mb-gcc -Wl,-T -Wl,../src/lscript.ld -L../../animer_hello_bsp/microblaze_0/lib -mlittle-endian -mcpu=v11.0 -mxl-soft-mul -Wl,--no-relax -Wl,--gc-sections -o "animer_hello.elf"  ./src/main.o ./src/platform.o   -Wl,--start-group,-lxil,-lgcc,-lc,--end-group
'Finished building target: animer_hello.elf'
' '
'Invoking: MicroBlaze Print Size'
mb-size animer_hello.elf  |tee "animer_hello.elf.size"
   text	   data	    bss	    dec	    hex	filename
   4644	    420	   3200	   8264	   2048	animer_hello.elf
'Finished building: animer_hello.elf.size'
' '
16:06:08 **** Auto Build of configuration Debug for project animer_hello ****
make all 
'Building file: ../src/main.c'
'Invoking: MicroBlaze gcc compiler'
mb-gcc -Wall -O0 -g3 -c -fmessage-length=0 -MT"src/main.o" -I../../animer_hello_bsp/microblaze_0/include -mlittle-endian -mcpu=v11.0 -mxl-soft-mul -Wl,--no-relax -ffunction-sections -fdata-sections -MMD -MP -MF"src/main.d" -MT"src/main.o" -o "src/main.o" "../src/main.c"
'Finished building: ../src/main.c'
' '
'Building target: animer_hello.elf'
'Invoking: MicroBlaze gcc linker'
mb-gcc -Wl,-T -Wl,../src/lscript.ld -L../../animer_hello_bsp/microblaze_0/lib -mlittle-endian -mcpu=v11.0 -mxl-soft-mul -Wl,--no-relax -Wl,--gc-sections -o "animer_hello.elf"  ./src/main.o ./src/platform.o   -Wl,--start-group,-lxil,-lgcc,-lc,--end-group
'Finished building target: animer_hello.elf'
' '
'Invoking: MicroBlaze Print Size'
mb-size animer_hello.elf  |tee "animer_hello.elf.size"
   text	   data	    bss	    dec	    hex	filename
   4620	    420	   3200	   8240	   2030	animer_hello.elf
'Finished building: animer_hello.elf.size'
' '
16:06:54 **** Auto Build of configuration Debug for project animer_hello ****
make all 
'Building file: ../src/main.c'
'Invoking: MicroBlaze gcc compiler'
mb-gcc -Wall -O0 -g3 -c -fmessage-length=0 -MT"src/main.o" -I../../animer_hello_bsp/microblaze_0/include -mlittle-endian -mcpu=v11.0 -mxl-soft-mul -Wl,--no-relax -ffunction-sections -fdata-sections -MMD -MP -MF"src/main.d" -MT"src/main.o" -o "src/main.o" "../src/main.c"
../src/main.c: In function 'main':
../src/main.c:86:30: error: 'dirction' undeclared (first use in this function); did you mean 'direction'?
      infinite_animer_message(dirction);
                              ^~~~~~~~
                              direction
../src/main.c:86:30: note: each undeclared identifier is reported only once for each function it appears in
make: *** [src/subdir.mk:26: src/main.o] Error 1
16:07:23 **** Auto Build of configuration Debug for project animer_hello ****
make all 
'Building file: ../src/main.c'
'Invoking: MicroBlaze gcc compiler'
mb-gcc -Wall -O0 -g3 -c -fmessage-length=0 -MT"src/main.o" -I../../animer_hello_bsp/microblaze_0/include -mlittle-endian -mcpu=v11.0 -mxl-soft-mul -Wl,--no-relax -ffunction-sections -fdata-sections -MMD -MP -MF"src/main.d" -MT"src/main.o" -o "src/main.o" "../src/main.c"
'Finished building: ../src/main.c'
' '
'Building target: animer_hello.elf'
'Invoking: MicroBlaze gcc linker'
mb-gcc -Wl,-T -Wl,../src/lscript.ld -L../../animer_hello_bsp/microblaze_0/lib -mlittle-endian -mcpu=v11.0 -mxl-soft-mul -Wl,--no-relax -Wl,--gc-sections -o "animer_hello.elf"  ./src/main.o ./src/platform.o   -Wl,--start-group,-lxil,-lgcc,-lc,--end-group
'Finished building target: animer_hello.elf'
' '
'Invoking: MicroBlaze Print Size'
mb-size animer_hello.elf  |tee "animer_hello.elf.size"
   text	   data	    bss	    dec	    hex	filename
   4984	    420	   3196	   8600	   2198	animer_hello.elf
'Finished building: animer_hello.elf.size'
' '
16:07:26 **** Auto Build of configuration Debug for project animer_hello ****
make all 
'Building file: ../src/main.c'
'Invoking: MicroBlaze gcc compiler'
mb-gcc -Wall -O0 -g3 -c -fmessage-length=0 -MT"src/main.o" -I../../animer_hello_bsp/microblaze_0/include -mlittle-endian -mcpu=v11.0 -mxl-soft-mul -Wl,--no-relax -ffunction-sections -fdata-sections -MMD -MP -MF"src/main.d" -MT"src/main.o" -o "src/main.o" "../src/main.c"
'Finished building: ../src/main.c'
' '
'Building target: animer_hello.elf'
'Invoking: MicroBlaze gcc linker'
mb-gcc -Wl,-T -Wl,../src/lscript.ld -L../../animer_hello_bsp/microblaze_0/lib -mlittle-endian -mcpu=v11.0 -mxl-soft-mul -Wl,--no-relax -Wl,--gc-sections -o "animer_hello.elf"  ./src/main.o ./src/platform.o   -Wl,--start-group,-lxil,-lgcc,-lc,--end-group
'Finished building target: animer_hello.elf'
' '
'Invoking: MicroBlaze Print Size'
mb-size animer_hello.elf  |tee "animer_hello.elf.size"
   text	   data	    bss	    dec	    hex	filename
   4816	    420	   3196	   8432	   20f0	animer_hello.elf
'Finished building: animer_hello.elf.size'
' '
16:07:41 **** Incremental Build of configuration Debug for project animer_hello ****
make all 
make: Nothing to be done for 'all'.
16:08:03 **** Auto Build of configuration Debug for project animer_hello ****
make all 
'Building file: ../src/main.c'
'Invoking: MicroBlaze gcc compiler'
mb-gcc -Wall -O0 -g3 -c -fmessage-length=0 -MT"src/main.o" -I../../animer_hello_bsp/microblaze_0/include -mlittle-endian -mcpu=v11.0 -mxl-soft-mul -Wl,--no-relax -ffunction-sections -fdata-sections -MMD -MP -MF"src/main.d" -MT"src/main.o" -o "src/main.o" "../src/main.c"
'Finished building: ../src/main.c'
' '
'Building target: animer_hello.elf'
'Invoking: MicroBlaze gcc linker'
mb-gcc -Wl,-T -Wl,../src/lscript.ld -L../../animer_hello_bsp/microblaze_0/lib -mlittle-endian -mcpu=v11.0 -mxl-soft-mul -Wl,--no-relax -Wl,--gc-sections -o "animer_hello.elf"  ./src/main.o ./src/platform.o   -Wl,--start-group,-lxil,-lgcc,-lc,--end-group
'Finished building target: animer_hello.elf'
' '
'Invoking: MicroBlaze Print Size'
mb-size animer_hello.elf  |tee "animer_hello.elf.size"
   text	   data	    bss	    dec	    hex	filename
   4824	    420	   3196	   8440	   20f8	animer_hello.elf
'Finished building: animer_hello.elf.size'
' '
16:08:16 **** Incremental Build of configuration Debug for project animer_hello ****
make all 
make: Nothing to be done for 'all'.
16:08:46 **** Auto Build of configuration Debug for project animer_hello_upgrade ****
make all 
'Building file: ../src/main.c'
'Invoking: MicroBlaze gcc compiler'
mb-gcc -Wall -O0 -g3 -c -fmessage-length=0 -MT"src/main.o" -I../../animer_hello_upgrade_bsp/microblaze_0/include -mlittle-endian -mcpu=v11.0 -mxl-soft-mul -Wl,--no-relax -ffunction-sections -fdata-sections -MMD -MP -MF"src/main.d" -MT"src/main.o" -o "src/main.o" "../src/main.c"
'Finished building: ../src/main.c'
' '
'Building target: animer_hello_upgrade.elf'
'Invoking: MicroBlaze gcc linker'
mb-gcc -Wl,-T -Wl,../src/lscript.ld -L../../animer_hello_upgrade_bsp/microblaze_0/lib -mlittle-endian -mcpu=v11.0 -mxl-soft-mul -Wl,--no-relax -Wl,--gc-sections -o "animer_hello_upgrade.elf"  ./src/main.o ./src/platform.o   -Wl,--start-group,-lxil,-lgcc,-lc,--end-group
'Finished building target: animer_hello_upgrade.elf'
' '
'Invoking: MicroBlaze Print Size'
mb-size animer_hello_upgrade.elf  |tee "animer_hello_upgrade.elf.size"
   text	   data	    bss	    dec	    hex	filename
  15532	    808	   3404	  19744	   4d20	animer_hello_upgrade.elf
'Finished building: animer_hello_upgrade.elf.size'
' '
16:09:30 **** Auto Build of configuration Debug for project SEG7_IP ****
make all 
'Building file: ../src/main.c'
'Invoking: MicroBlaze gcc compiler'
mb-gcc -Wall -O0 -g3 -c -fmessage-length=0 -MT"src/main.o" -I../../SEG7_IP_bsp/microblaze_0/include -mlittle-endian -mcpu=v11.0 -mxl-soft-mul -Wl,--no-relax -ffunction-sections -fdata-sections -MMD -MP -MF"src/main.d" -MT"src/main.o" -o "src/main.o" "../src/main.c"
'Finished building: ../src/main.c'
' '
'Building target: SEG7_IP.elf'
'Invoking: MicroBlaze gcc linker'
mb-gcc -Wl,-T -Wl,../src/lscript.ld -L../../SEG7_IP_bsp/microblaze_0/lib -mlittle-endian -mcpu=v11.0 -mxl-soft-mul -Wl,--no-relax -Wl,--gc-sections -o "SEG7_IP.elf"  ./src/main.o ./src/platform.o   -Wl,--start-group,-lxil,-lgcc,-lc,--end-group
'Finished building target: SEG7_IP.elf'
' '
'Invoking: MicroBlaze Print Size'
mb-size SEG7_IP.elf  |tee "SEG7_IP.elf.size"
   text	   data	    bss	    dec	    hex	filename
  16240	    792	   3368	  20400	   4fb0	SEG7_IP.elf
'Finished building: SEG7_IP.elf.size'
' '
16:09:35 **** Auto Build of configuration Debug for project SEG7_IP ****
make all 
'Building file: ../src/main.c'
'Invoking: MicroBlaze gcc compiler'
mb-gcc -Wall -O0 -g3 -c -fmessage-length=0 -MT"src/main.o" -I../../SEG7_IP_bsp/microblaze_0/include -mlittle-endian -mcpu=v11.0 -mxl-soft-mul -Wl,--no-relax -ffunction-sections -fdata-sections -MMD -MP -MF"src/main.d" -MT"src/main.o" -o "src/main.o" "../src/main.c"
'Finished building: ../src/main.c'
' '
'Building target: SEG7_IP.elf'
'Invoking: MicroBlaze gcc linker'
mb-gcc -Wl,-T -Wl,../src/lscript.ld -L../../SEG7_IP_bsp/microblaze_0/lib -mlittle-endian -mcpu=v11.0 -mxl-soft-mul -Wl,--no-relax -Wl,--gc-sections -o "SEG7_IP.elf"  ./src/main.o ./src/platform.o   -Wl,--start-group,-lxil,-lgcc,-lc,--end-group
'Finished building target: SEG7_IP.elf'
' '
'Invoking: MicroBlaze Print Size'
mb-size SEG7_IP.elf  |tee "SEG7_IP.elf.size"
   text	   data	    bss	    dec	    hex	filename
  16240	    792	   3368	  20400	   4fb0	SEG7_IP.elf
'Finished building: SEG7_IP.elf.size'
' '
16:09:42 **** Auto Build of configuration Debug for project animer_hello_upgrade ****
make all 
'Building file: ../src/main.c'
'Invoking: MicroBlaze gcc compiler'
mb-gcc -Wall -O0 -g3 -c -fmessage-length=0 -MT"src/main.o" -I../../animer_hello_upgrade_bsp/microblaze_0/include -mlittle-endian -mcpu=v11.0 -mxl-soft-mul -Wl,--no-relax -ffunction-sections -fdata-sections -MMD -MP -MF"src/main.d" -MT"src/main.o" -o "src/main.o" "../src/main.c"
'Finished building: ../src/main.c'
' '
'Building target: animer_hello_upgrade.elf'
'Invoking: MicroBlaze gcc linker'
mb-gcc -Wl,-T -Wl,../src/lscript.ld -L../../animer_hello_upgrade_bsp/microblaze_0/lib -mlittle-endian -mcpu=v11.0 -mxl-soft-mul -Wl,--no-relax -Wl,--gc-sections -o "animer_hello_upgrade.elf"  ./src/main.o ./src/platform.o   -Wl,--start-group,-lxil,-lgcc,-lc,--end-group
'Finished building target: animer_hello_upgrade.elf'
' '
'Invoking: MicroBlaze Print Size'
mb-size animer_hello_upgrade.elf  |tee "animer_hello_upgrade.elf.size"
   text	   data	    bss	    dec	    hex	filename
  15532	    808	   3404	  19744	   4d20	animer_hello_upgrade.elf
'Finished building: animer_hello_upgrade.elf.size'
' '
16:09:44 **** Auto Build of configuration Debug for project animer_hello_upgrade ****
make all 
'Building file: ../src/main.c'
'Invoking: MicroBlaze gcc compiler'
mb-gcc -Wall -O0 -g3 -c -fmessage-length=0 -MT"src/main.o" -I../../animer_hello_upgrade_bsp/microblaze_0/include -mlittle-endian -mcpu=v11.0 -mxl-soft-mul -Wl,--no-relax -ffunction-sections -fdata-sections -MMD -MP -MF"src/main.d" -MT"src/main.o" -o "src/main.o" "../src/main.c"
'Finished building: ../src/main.c'
' '
'Building target: animer_hello_upgrade.elf'
'Invoking: MicroBlaze gcc linker'
mb-gcc -Wl,-T -Wl,../src/lscript.ld -L../../animer_hello_upgrade_bsp/microblaze_0/lib -mlittle-endian -mcpu=v11.0 -mxl-soft-mul -Wl,--no-relax -Wl,--gc-sections -o "animer_hello_upgrade.elf"  ./src/main.o ./src/platform.o   -Wl,--start-group,-lxil,-lgcc,-lc,--end-group
'Finished building target: animer_hello_upgrade.elf'
' '
'Invoking: MicroBlaze Print Size'
mb-size animer_hello_upgrade.elf  |tee "animer_hello_upgrade.elf.size"
   text	   data	    bss	    dec	    hex	filename
  15532	    808	   3404	  19744	   4d20	animer_hello_upgrade.elf
'Finished building: animer_hello_upgrade.elf.size'
' '
16:11:14 **** Auto Build of configuration Debug for project SEG7_IP ****
make all 
'Building file: ../src/main.c'
'Invoking: MicroBlaze gcc compiler'
mb-gcc -Wall -O0 -g3 -c -fmessage-length=0 -MT"src/main.o" -I../../SEG7_IP_bsp/microblaze_0/include -mlittle-endian -mcpu=v11.0 -mxl-soft-mul -Wl,--no-relax -ffunction-sections -fdata-sections -MMD -MP -MF"src/main.d" -MT"src/main.o" -o "src/main.o" "../src/main.c"
'Finished building: ../src/main.c'
' '
'Building target: SEG7_IP.elf'
'Invoking: MicroBlaze gcc linker'
mb-gcc -Wl,-T -Wl,../src/lscript.ld -L../../SEG7_IP_bsp/microblaze_0/lib -mlittle-endian -mcpu=v11.0 -mxl-soft-mul -Wl,--no-relax -Wl,--gc-sections -o "SEG7_IP.elf"  ./src/main.o ./src/platform.o   -Wl,--start-group,-lxil,-lgcc,-lc,--end-group
'Finished building target: SEG7_IP.elf'
' '
'Invoking: MicroBlaze Print Size'
mb-size SEG7_IP.elf  |tee "SEG7_IP.elf.size"
   text	   data	    bss	    dec	    hex	filename
  16204	    792	   3372	  20368	   4f90	SEG7_IP.elf
'Finished building: SEG7_IP.elf.size'
' '
16:13:59 **** Auto Build of configuration Debug for project SEG7_IP ****
make all 
'Building file: ../src/main.c'
'Invoking: MicroBlaze gcc compiler'
mb-gcc -Wall -O0 -g3 -c -fmessage-length=0 -MT"src/main.o" -I../../SEG7_IP_bsp/microblaze_0/include -mlittle-endian -mcpu=v11.0 -mxl-soft-mul -Wl,--no-relax -ffunction-sections -fdata-sections -MMD -MP -MF"src/main.d" -MT"src/main.o" -o "src/main.o" "../src/main.c"
'Finished building: ../src/main.c'
' '
'Building target: SEG7_IP.elf'
'Invoking: MicroBlaze gcc linker'
mb-gcc -Wl,-T -Wl,../src/lscript.ld -L../../SEG7_IP_bsp/microblaze_0/lib -mlittle-endian -mcpu=v11.0 -mxl-soft-mul -Wl,--no-relax -Wl,--gc-sections -o "SEG7_IP.elf"  ./src/main.o ./src/platform.o   -Wl,--start-group,-lxil,-lgcc,-lc,--end-group
'Finished building target: SEG7_IP.elf'
' '
'Invoking: MicroBlaze Print Size'
mb-size SEG7_IP.elf  |tee "SEG7_IP.elf.size"
   text	   data	    bss	    dec	    hex	filename
  16168	    792	   3368	  20328	   4f68	SEG7_IP.elf
'Finished building: SEG7_IP.elf.size'
' '
16:14:24 **** Auto Build of configuration Debug for project SEG7_IP ****
make all 
'Building file: ../src/main.c'
'Invoking: MicroBlaze gcc compiler'
mb-gcc -Wall -O0 -g3 -c -fmessage-length=0 -MT"src/main.o" -I../../SEG7_IP_bsp/microblaze_0/include -mlittle-endian -mcpu=v11.0 -mxl-soft-mul -Wl,--no-relax -ffunction-sections -fdata-sections -MMD -MP -MF"src/main.d" -MT"src/main.o" -o "src/main.o" "../src/main.c"
'Finished building: ../src/main.c'
' '
'Building target: SEG7_IP.elf'
'Invoking: MicroBlaze gcc linker'
mb-gcc -Wl,-T -Wl,../src/lscript.ld -L../../SEG7_IP_bsp/microblaze_0/lib -mlittle-endian -mcpu=v11.0 -mxl-soft-mul -Wl,--no-relax -Wl,--gc-sections -o "SEG7_IP.elf"  ./src/main.o ./src/platform.o   -Wl,--start-group,-lxil,-lgcc,-lc,--end-group
'Finished building target: SEG7_IP.elf'
' '
'Invoking: MicroBlaze Print Size'
mb-size SEG7_IP.elf  |tee "SEG7_IP.elf.size"
   text	   data	    bss	    dec	    hex	filename
  16168	    792	   3368	  20328	   4f68	SEG7_IP.elf
'Finished building: SEG7_IP.elf.size'
' '
16:14:28 **** Auto Build of configuration Debug for project SEG7_IP ****
make all 
'Building file: ../src/main.c'
'Invoking: MicroBlaze gcc compiler'
mb-gcc -Wall -O0 -g3 -c -fmessage-length=0 -MT"src/main.o" -I../../SEG7_IP_bsp/microblaze_0/include -mlittle-endian -mcpu=v11.0 -mxl-soft-mul -Wl,--no-relax -ffunction-sections -fdata-sections -MMD -MP -MF"src/main.d" -MT"src/main.o" -o "src/main.o" "../src/main.c"
'Finished building: ../src/main.c'
' '
'Building target: SEG7_IP.elf'
'Invoking: MicroBlaze gcc linker'
mb-gcc -Wl,-T -Wl,../src/lscript.ld -L../../SEG7_IP_bsp/microblaze_0/lib -mlittle-endian -mcpu=v11.0 -mxl-soft-mul -Wl,--no-relax -Wl,--gc-sections -o "SEG7_IP.elf"  ./src/main.o ./src/platform.o   -Wl,--start-group,-lxil,-lgcc,-lc,--end-group
'Finished building target: SEG7_IP.elf'
' '
'Invoking: MicroBlaze Print Size'
mb-size SEG7_IP.elf  |tee "SEG7_IP.elf.size"
   text	   data	    bss	    dec	    hex	filename
  16168	    792	   3368	  20328	   4f68	SEG7_IP.elf
'Finished building: SEG7_IP.elf.size'
' '
