Copyright 1986-2019 Xilinx, Inc. All Rights Reserved.
-----------------------------------------------------------------------------------------------------------------------------------------------------------------------------------------------------------------------------------
| Tool Version : Vivado v.2019.1.2 (win64) Build 2615518 Fri Aug  9 15:55:25 MDT 2019
| Date         : Fri Nov 21 16:59:33 2025
| Host         : c306-pc1 running 64-bit major release  (build 9200)
| Command      : report_timing_summary -max_paths 10 -file SEG7_upgrade_wrapper_timing_summary_routed.rpt -pb SEG7_upgrade_wrapper_timing_summary_routed.pb -rpx SEG7_upgrade_wrapper_timing_summary_routed.rpx -warn_on_violation
| Design       : SEG7_upgrade_wrapper
| Device       : 7a35t-cpg236
| Speed File   : -1  PRODUCTION 1.23 2018-06-13
-----------------------------------------------------------------------------------------------------------------------------------------------------------------------------------------------------------------------------------

Timing Summary Report

------------------------------------------------------------------------------------------------
| Timer Settings
| --------------
------------------------------------------------------------------------------------------------

  Enable Multi Corner Analysis               :  Yes
  Enable Pessimism Removal                   :  Yes
  Pessimism Removal Resolution               :  Nearest Common Node
  Enable Input Delay Default Clock           :  No
  Enable Preset / Clear Arcs                 :  No
  Disable Flight Delays                      :  No
  Ignore I/O Paths                           :  No
  Timing Early Launch at Borrowing Latches   :  No
  Borrow Time for Max Delay Exceptions       :  Yes

  Corner  Analyze    Analyze    
  Name    Max Paths  Min Paths  
  ------  ---------  ---------  
  Slow    Yes        Yes        
  Fast    Yes        Yes        



check_timing report

Table of Contents
-----------------
1. checking no_clock
2. checking constant_clock
3. checking pulse_width_clock
4. checking unconstrained_internal_endpoints
5. checking no_input_delay
6. checking no_output_delay
7. checking multiple_clock
8. checking generated_clocks
9. checking loops
10. checking partial_input_delay
11. checking partial_output_delay
12. checking latch_loops

1. checking no_clock
--------------------
 There are 0 register/latch pins with no clock.


2. checking constant_clock
--------------------------
 There are 0 register/latch pins with constant_clock.


3. checking pulse_width_clock
-----------------------------
 There are 0 register/latch pins which need pulse_width check


4. checking unconstrained_internal_endpoints
--------------------------------------------
 There are 0 pins that are not constrained for maximum delay.

 There are 0 pins that are not constrained for maximum delay due to constant clock.


5. checking no_input_delay
--------------------------
 There are 38 input ports with no input delay specified. (HIGH)

 There are 0 input ports with no input delay but user has a false path constraint.


6. checking no_output_delay
---------------------------
 There are 29 ports with no output delay specified. (HIGH)

 There are 0 ports with no output delay but user has a false path constraint

 There are 0 ports with no output delay but with a timing clock defined on it or propagating through it


7. checking multiple_clock
--------------------------
 There are 0 register/latch pins with multiple clocks.


8. checking generated_clocks
----------------------------
 There are 0 generated clocks that are not connected to a clock source.


9. checking loops
-----------------
 There are 0 combinational loops in the design.


10. checking partial_input_delay
--------------------------------
 There are 0 input ports with partial input delay specified.


11. checking partial_output_delay
---------------------------------
 There are 0 ports with partial output delay specified.


12. checking latch_loops
------------------------
 There are 0 combinational latch loops in the design through latch input



------------------------------------------------------------------------------------------------
| Design Timing Summary
| ---------------------
------------------------------------------------------------------------------------------------

    WNS(ns)      TNS(ns)  TNS Failing Endpoints  TNS Total Endpoints      WHS(ns)      THS(ns)  THS Failing Endpoints  THS Total Endpoints     WPWS(ns)     TPWS(ns)  TPWS Failing Endpoints  TPWS Total Endpoints  
    -------      -------  ---------------------  -------------------      -------      -------  ---------------------  -------------------     --------     --------  ----------------------  --------------------  
      1.406        0.000                      0                 8036        0.029        0.000                      0                 8036        3.000        0.000                       0                  2856  


All user specified timing constraints are met.


------------------------------------------------------------------------------------------------
| Clock Summary
| -------------
------------------------------------------------------------------------------------------------

Clock                                                           Waveform(ns)       Period(ns)      Frequency(MHz)
-----                                                           ------------       ----------      --------------
SEG7_upgrade_i/mdm_1/U0/Use_E2.BSCAN_I/Use_E2.BSCANE2_I/DRCK    {0.000 16.666}     33.333          30.000          
SEG7_upgrade_i/mdm_1/U0/Use_E2.BSCAN_I/Use_E2.BSCANE2_I/UPDATE  {0.000 16.666}     33.333          30.000          
sys_clock                                                       {0.000 5.000}      10.000          100.000         
  clk_out1_SEG7_upgrade_clk_wiz_0_0                             {0.000 5.000}      10.000          100.000         
  clkfbout_SEG7_upgrade_clk_wiz_0_0                             {0.000 5.000}      10.000          100.000         


------------------------------------------------------------------------------------------------
| Intra Clock Table
| -----------------
------------------------------------------------------------------------------------------------

Clock                                                               WNS(ns)      TNS(ns)  TNS Failing Endpoints  TNS Total Endpoints      WHS(ns)      THS(ns)  THS Failing Endpoints  THS Total Endpoints     WPWS(ns)     TPWS(ns)  TPWS Failing Endpoints  TPWS Total Endpoints  
-----                                                               -------      -------  ---------------------  -------------------      -------      -------  ---------------------  -------------------     --------     --------  ----------------------  --------------------  
SEG7_upgrade_i/mdm_1/U0/Use_E2.BSCAN_I/Use_E2.BSCANE2_I/DRCK         12.581        0.000                      0                  222        0.064        0.000                      0                  222       15.686        0.000                       0                   233  
SEG7_upgrade_i/mdm_1/U0/Use_E2.BSCAN_I/Use_E2.BSCANE2_I/UPDATE        9.282        0.000                      0                   47        0.504        0.000                      0                   47       16.166        0.000                       0                    40  
sys_clock                                                                                                                                                                                                         3.000        0.000                       0                     1  
  clk_out1_SEG7_upgrade_clk_wiz_0_0                                   1.406        0.000                      0                 7767        0.029        0.000                      0                 7767        3.750        0.000                       0                  2579  
  clkfbout_SEG7_upgrade_clk_wiz_0_0                                                                                                                                                                               7.845        0.000                       0                     3  


------------------------------------------------------------------------------------------------
| Inter Clock Table
| -----------------
------------------------------------------------------------------------------------------------

From Clock    To Clock          WNS(ns)      TNS(ns)  TNS Failing Endpoints  TNS Total Endpoints      WHS(ns)      THS(ns)  THS Failing Endpoints  THS Total Endpoints  
----------    --------          -------      -------  ---------------------  -------------------      -------      -------  ---------------------  -------------------  


------------------------------------------------------------------------------------------------
| Other Path Groups Table
| -----------------------
------------------------------------------------------------------------------------------------

Path Group    From Clock    To Clock          WNS(ns)      TNS(ns)  TNS Failing Endpoints  TNS Total Endpoints      WHS(ns)      THS(ns)  THS Failing Endpoints  THS Total Endpoints  
----------    ----------    --------          -------      -------  ---------------------  -------------------      -------      -------  ---------------------  -------------------  


------------------------------------------------------------------------------------------------
| Timing Details
| --------------
------------------------------------------------------------------------------------------------


---------------------------------------------------------------------------------------------------
From Clock:  SEG7_upgrade_i/mdm_1/U0/Use_E2.BSCAN_I/Use_E2.BSCANE2_I/DRCK
  To Clock:  SEG7_upgrade_i/mdm_1/U0/Use_E2.BSCAN_I/Use_E2.BSCANE2_I/DRCK

Setup :            0  Failing Endpoints,  Worst Slack       12.581ns,  Total Violation        0.000ns
Hold  :            0  Failing Endpoints,  Worst Slack        0.064ns,  Total Violation        0.000ns
PW    :            0  Failing Endpoints,  Worst Slack       15.686ns,  Total Violation        0.000ns
---------------------------------------------------------------------------------------------------


Max Delay Paths
--------------------------------------------------------------------------------------
Slack (MET) :             12.581ns  (required time - arrival time)
  Source:                 SEG7_upgrade_i/mdm_1/U0/MDM_Core_I1/JTAG_CONTROL_I/Use_BSCAN.SYNC_FDRE/Using_FPGA.Native/C
                            (falling edge-triggered cell FDRE clocked by SEG7_upgrade_i/mdm_1/U0/Use_E2.BSCAN_I/Use_E2.BSCANE2_I/DRCK  {rise@0.000ns fall@16.667ns period=33.333ns})
  Destination:            SEG7_upgrade_i/microblaze_0/U0/MicroBlaze_Core_I/Performance.Core/Use_Debug_Logic.Master_Core.Debug_Perf/Serial_Dbg_Intf.shift_count_reg[3]/D
                            (rising edge-triggered cell FDCE clocked by SEG7_upgrade_i/mdm_1/U0/Use_E2.BSCAN_I/Use_E2.BSCANE2_I/DRCK  {rise@0.000ns fall@16.667ns period=33.333ns})
  Path Group:             SEG7_upgrade_i/mdm_1/U0/Use_E2.BSCAN_I/Use_E2.BSCANE2_I/DRCK
  Path Type:              Setup (Max at Slow Process Corner)
  Requirement:            16.667ns  (SEG7_upgrade_i/mdm_1/U0/Use_E2.BSCAN_I/Use_E2.BSCANE2_I/DRCK rise@33.333ns - SEG7_upgrade_i/mdm_1/U0/Use_E2.BSCAN_I/Use_E2.BSCANE2_I/DRCK fall@16.667ns)
  Data Path Delay:        3.751ns  (logic 0.798ns (21.274%)  route 2.953ns (78.726%))
  Logic Levels:           2  (LUT5=1 LUT6=1)
  Clock Path Skew:        -0.050ns (DCD - SCD + CPR)
    Destination Clock Delay (DCD):    3.136ns = ( 36.469 - 33.333 ) 
    Source Clock Delay      (SCD):    3.533ns = ( 20.199 - 16.667 ) 
    Clock Pessimism Removal (CPR):    0.347ns
  Clock Uncertainty:      0.035ns  ((TSJ^2 + TIJ^2)^1/2 + DJ) / 2 + PE
    Total System Jitter     (TSJ):    0.071ns
    Total Input Jitter      (TIJ):    0.000ns
    Discrete Jitter          (DJ):    0.000ns
    Phase Error              (PE):    0.000ns

    Location             Delay type                Incr(ns)  Path(ns)    Netlist Resource(s)
  -------------------------------------------------------------------    -------------------
                         (clock SEG7_upgrade_i/mdm_1/U0/Use_E2.BSCAN_I/Use_E2.BSCANE2_I/DRCK fall edge)
                                                     16.667    16.667 f  
    BSCAN_X0Y1           BSCANE2                      0.000    16.667 f  SEG7_upgrade_i/mdm_1/U0/Use_E2.BSCAN_I/Use_E2.BSCANE2_I/DRCK
                         net (fo=1, routed)           1.864    18.531    SEG7_upgrade_i/mdm_1/U0/No_Dbg_Reg_Access.BUFG_DRCK/DRCK
    BUFGCTRL_X0Y1        BUFG (Prop_bufg_I_O)         0.096    18.627 f  SEG7_upgrade_i/mdm_1/U0/No_Dbg_Reg_Access.BUFG_DRCK/Using_FPGA.Native/O
                         net (fo=232, routed)         1.572    20.199    SEG7_upgrade_i/mdm_1/U0/MDM_Core_I1/JTAG_CONTROL_I/Use_BSCAN.SYNC_FDRE/Using_FPGA.Native_0
    SLICE_X54Y47         FDRE                                         r  SEG7_upgrade_i/mdm_1/U0/MDM_Core_I1/JTAG_CONTROL_I/Use_BSCAN.SYNC_FDRE/Using_FPGA.Native/C  (IS_INVERTED)
  -------------------------------------------------------------------    -------------------
    SLICE_X54Y47         FDRE (Prop_fdre_C_Q)         0.524    20.723 r  SEG7_upgrade_i/mdm_1/U0/MDM_Core_I1/JTAG_CONTROL_I/Use_BSCAN.SYNC_FDRE/Using_FPGA.Native/Q
                         net (fo=4, routed)           0.840    21.563    SEG7_upgrade_i/mdm_1/U0/MDM_Core_I1/JTAG_CONTROL_I/Use_BSCAN.SYNC_FDRE/sync
    SLICE_X54Y47         LUT6 (Prop_lut6_I0_O)        0.124    21.687 r  SEG7_upgrade_i/mdm_1/U0/MDM_Core_I1/JTAG_CONTROL_I/Use_BSCAN.SYNC_FDRE/Dbg_Shift_31_INST_0/O
                         net (fo=8, routed)           1.731    23.418    SEG7_upgrade_i/microblaze_0/U0/MicroBlaze_Core_I/Performance.Core/Use_Debug_Logic.Master_Core.Debug_Perf/Dbg_Shift
    SLICE_X52Y31         LUT5 (Prop_lut5_I4_O)        0.150    23.568 r  SEG7_upgrade_i/microblaze_0/U0/MicroBlaze_Core_I/Performance.Core/Use_Debug_Logic.Master_Core.Debug_Perf/Serial_Dbg_Intf.shift_count[3]_i_1/O
                         net (fo=1, routed)           0.382    23.950    SEG7_upgrade_i/microblaze_0/U0/MicroBlaze_Core_I/Performance.Core/Use_Debug_Logic.Master_Core.Debug_Perf/p_0_in[3]
    SLICE_X52Y31         FDCE                                         r  SEG7_upgrade_i/microblaze_0/U0/MicroBlaze_Core_I/Performance.Core/Use_Debug_Logic.Master_Core.Debug_Perf/Serial_Dbg_Intf.shift_count_reg[3]/D
  -------------------------------------------------------------------    -------------------

                         (clock SEG7_upgrade_i/mdm_1/U0/Use_E2.BSCAN_I/Use_E2.BSCANE2_I/DRCK rise edge)
                                                     33.333    33.333 r  
    BSCAN_X0Y1           BSCANE2                      0.000    33.333 r  SEG7_upgrade_i/mdm_1/U0/Use_E2.BSCAN_I/Use_E2.BSCANE2_I/DRCK
                         net (fo=1, routed)           1.602    34.935    SEG7_upgrade_i/mdm_1/U0/No_Dbg_Reg_Access.BUFG_DRCK/DRCK
    BUFGCTRL_X0Y1        BUFG (Prop_bufg_I_O)         0.091    35.026 r  SEG7_upgrade_i/mdm_1/U0/No_Dbg_Reg_Access.BUFG_DRCK/Using_FPGA.Native/O
                         net (fo=232, routed)         1.442    36.469    SEG7_upgrade_i/microblaze_0/U0/MicroBlaze_Core_I/Performance.Core/Use_Debug_Logic.Master_Core.Debug_Perf/Dbg_Clk
    SLICE_X52Y31         FDCE                                         r  SEG7_upgrade_i/microblaze_0/U0/MicroBlaze_Core_I/Performance.Core/Use_Debug_Logic.Master_Core.Debug_Perf/Serial_Dbg_Intf.shift_count_reg[3]/C
                         clock pessimism              0.347    36.816    
                         clock uncertainty           -0.035    36.780    
    SLICE_X52Y31         FDCE (Setup_fdce_C_D)       -0.249    36.531    SEG7_upgrade_i/microblaze_0/U0/MicroBlaze_Core_I/Performance.Core/Use_Debug_Logic.Master_Core.Debug_Perf/Serial_Dbg_Intf.shift_count_reg[3]
  -------------------------------------------------------------------
                         required time                         36.531    
                         arrival time                         -23.950    
  -------------------------------------------------------------------
                         slack                                 12.581    

Slack (MET) :             12.629ns  (required time - arrival time)
  Source:                 SEG7_upgrade_i/mdm_1/U0/MDM_Core_I1/JTAG_CONTROL_I/Use_BSCAN.SYNC_FDRE/Using_FPGA.Native/C
                            (falling edge-triggered cell FDRE clocked by SEG7_upgrade_i/mdm_1/U0/Use_E2.BSCAN_I/Use_E2.BSCANE2_I/DRCK  {rise@0.000ns fall@16.667ns period=33.333ns})
  Destination:            SEG7_upgrade_i/microblaze_0/U0/MicroBlaze_Core_I/Performance.Core/Use_Debug_Logic.Master_Core.Debug_Perf/Serial_Dbg_Intf.shift_count_reg[2]/D
                            (rising edge-triggered cell FDCE clocked by SEG7_upgrade_i/mdm_1/U0/Use_E2.BSCAN_I/Use_E2.BSCANE2_I/DRCK  {rise@0.000ns fall@16.667ns period=33.333ns})
  Path Group:             SEG7_upgrade_i/mdm_1/U0/Use_E2.BSCAN_I/Use_E2.BSCANE2_I/DRCK
  Path Type:              Setup (Max at Slow Process Corner)
  Requirement:            16.667ns  (SEG7_upgrade_i/mdm_1/U0/Use_E2.BSCAN_I/Use_E2.BSCANE2_I/DRCK rise@33.333ns - SEG7_upgrade_i/mdm_1/U0/Use_E2.BSCAN_I/Use_E2.BSCANE2_I/DRCK fall@16.667ns)
  Data Path Delay:        3.697ns  (logic 0.800ns (21.641%)  route 2.897ns (78.359%))
  Logic Levels:           2  (LUT4=1 LUT6=1)
  Clock Path Skew:        -0.050ns (DCD - SCD + CPR)
    Destination Clock Delay (DCD):    3.136ns = ( 36.469 - 33.333 ) 
    Source Clock Delay      (SCD):    3.533ns = ( 20.199 - 16.667 ) 
    Clock Pessimism Removal (CPR):    0.347ns
  Clock Uncertainty:      0.035ns  ((TSJ^2 + TIJ^2)^1/2 + DJ) / 2 + PE
    Total System Jitter     (TSJ):    0.071ns
    Total Input Jitter      (TIJ):    0.000ns
    Discrete Jitter          (DJ):    0.000ns
    Phase Error              (PE):    0.000ns

    Location             Delay type                Incr(ns)  Path(ns)    Netlist Resource(s)
  -------------------------------------------------------------------    -------------------
                         (clock SEG7_upgrade_i/mdm_1/U0/Use_E2.BSCAN_I/Use_E2.BSCANE2_I/DRCK fall edge)
                                                     16.667    16.667 f  
    BSCAN_X0Y1           BSCANE2                      0.000    16.667 f  SEG7_upgrade_i/mdm_1/U0/Use_E2.BSCAN_I/Use_E2.BSCANE2_I/DRCK
                         net (fo=1, routed)           1.864    18.531    SEG7_upgrade_i/mdm_1/U0/No_Dbg_Reg_Access.BUFG_DRCK/DRCK
    BUFGCTRL_X0Y1        BUFG (Prop_bufg_I_O)         0.096    18.627 f  SEG7_upgrade_i/mdm_1/U0/No_Dbg_Reg_Access.BUFG_DRCK/Using_FPGA.Native/O
                         net (fo=232, routed)         1.572    20.199    SEG7_upgrade_i/mdm_1/U0/MDM_Core_I1/JTAG_CONTROL_I/Use_BSCAN.SYNC_FDRE/Using_FPGA.Native_0
    SLICE_X54Y47         FDRE                                         r  SEG7_upgrade_i/mdm_1/U0/MDM_Core_I1/JTAG_CONTROL_I/Use_BSCAN.SYNC_FDRE/Using_FPGA.Native/C  (IS_INVERTED)
  -------------------------------------------------------------------    -------------------
    SLICE_X54Y47         FDRE (Prop_fdre_C_Q)         0.524    20.723 r  SEG7_upgrade_i/mdm_1/U0/MDM_Core_I1/JTAG_CONTROL_I/Use_BSCAN.SYNC_FDRE/Using_FPGA.Native/Q
                         net (fo=4, routed)           0.840    21.563    SEG7_upgrade_i/mdm_1/U0/MDM_Core_I1/JTAG_CONTROL_I/Use_BSCAN.SYNC_FDRE/sync
    SLICE_X54Y47         LUT6 (Prop_lut6_I0_O)        0.124    21.687 r  SEG7_upgrade_i/mdm_1/U0/MDM_Core_I1/JTAG_CONTROL_I/Use_BSCAN.SYNC_FDRE/Dbg_Shift_31_INST_0/O
                         net (fo=8, routed)           1.721    23.408    SEG7_upgrade_i/microblaze_0/U0/MicroBlaze_Core_I/Performance.Core/Use_Debug_Logic.Master_Core.Debug_Perf/Dbg_Shift
    SLICE_X52Y31         LUT4 (Prop_lut4_I3_O)        0.152    23.560 r  SEG7_upgrade_i/microblaze_0/U0/MicroBlaze_Core_I/Performance.Core/Use_Debug_Logic.Master_Core.Debug_Perf/Serial_Dbg_Intf.shift_count[2]_i_1/O
                         net (fo=1, routed)           0.336    23.896    SEG7_upgrade_i/microblaze_0/U0/MicroBlaze_Core_I/Performance.Core/Use_Debug_Logic.Master_Core.Debug_Perf/p_0_in[2]
    SLICE_X52Y31         FDCE                                         r  SEG7_upgrade_i/microblaze_0/U0/MicroBlaze_Core_I/Performance.Core/Use_Debug_Logic.Master_Core.Debug_Perf/Serial_Dbg_Intf.shift_count_reg[2]/D
  -------------------------------------------------------------------    -------------------

                         (clock SEG7_upgrade_i/mdm_1/U0/Use_E2.BSCAN_I/Use_E2.BSCANE2_I/DRCK rise edge)
                                                     33.333    33.333 r  
    BSCAN_X0Y1           BSCANE2                      0.000    33.333 r  SEG7_upgrade_i/mdm_1/U0/Use_E2.BSCAN_I/Use_E2.BSCANE2_I/DRCK
                         net (fo=1, routed)           1.602    34.935    SEG7_upgrade_i/mdm_1/U0/No_Dbg_Reg_Access.BUFG_DRCK/DRCK
    BUFGCTRL_X0Y1        BUFG (Prop_bufg_I_O)         0.091    35.026 r  SEG7_upgrade_i/mdm_1/U0/No_Dbg_Reg_Access.BUFG_DRCK/Using_FPGA.Native/O
                         net (fo=232, routed)         1.442    36.469    SEG7_upgrade_i/microblaze_0/U0/MicroBlaze_Core_I/Performance.Core/Use_Debug_Logic.Master_Core.Debug_Perf/Dbg_Clk
    SLICE_X52Y31         FDCE                                         r  SEG7_upgrade_i/microblaze_0/U0/MicroBlaze_Core_I/Performance.Core/Use_Debug_Logic.Master_Core.Debug_Perf/Serial_Dbg_Intf.shift_count_reg[2]/C
                         clock pessimism              0.347    36.816    
                         clock uncertainty           -0.035    36.780    
    SLICE_X52Y31         FDCE (Setup_fdce_C_D)       -0.255    36.525    SEG7_upgrade_i/microblaze_0/U0/MicroBlaze_Core_I/Performance.Core/Use_Debug_Logic.Master_Core.Debug_Perf/Serial_Dbg_Intf.shift_count_reg[2]
  -------------------------------------------------------------------
                         required time                         36.525    
                         arrival time                         -23.896    
  -------------------------------------------------------------------
                         slack                                 12.629    

Slack (MET) :             13.627ns  (required time - arrival time)
  Source:                 SEG7_upgrade_i/mdm_1/U0/MDM_Core_I1/JTAG_CONTROL_I/tdi_shifter_reg[2]/C
                            (rising edge-triggered cell FDCE clocked by SEG7_upgrade_i/mdm_1/U0/Use_E2.BSCAN_I/Use_E2.BSCANE2_I/DRCK  {rise@0.000ns fall@16.667ns period=33.333ns})
  Destination:            SEG7_upgrade_i/mdm_1/U0/MDM_Core_I1/JTAG_CONTROL_I/Use_BSCAN.SYNC_FDRE/Using_FPGA.Native/CE
                            (falling edge-triggered cell FDRE clocked by SEG7_upgrade_i/mdm_1/U0/Use_E2.BSCAN_I/Use_E2.BSCANE2_I/DRCK  {rise@0.000ns fall@16.667ns period=33.333ns})
  Path Group:             SEG7_upgrade_i/mdm_1/U0/Use_E2.BSCAN_I/Use_E2.BSCANE2_I/DRCK
  Path Type:              Setup (Max at Slow Process Corner)
  Requirement:            16.667ns  (SEG7_upgrade_i/mdm_1/U0/Use_E2.BSCAN_I/Use_E2.BSCANE2_I/DRCK fall@16.667ns - SEG7_upgrade_i/mdm_1/U0/Use_E2.BSCAN_I/Use_E2.BSCANE2_I/DRCK rise@0.000ns)
  Data Path Delay:        2.802ns  (logic 0.704ns (25.125%)  route 2.098ns (74.875%))
  Logic Levels:           2  (LUT5=1 LUT6=1)
  Clock Path Skew:        -0.038ns (DCD - SCD + CPR)
    Destination Clock Delay (DCD):    3.147ns = ( 19.813 - 16.667 ) 
    Source Clock Delay      (SCD):    3.532ns
    Clock Pessimism Removal (CPR):    0.347ns
  Clock Uncertainty:      0.035ns  ((TSJ^2 + TIJ^2)^1/2 + DJ) / 2 + PE
    Total System Jitter     (TSJ):    0.071ns
    Total Input Jitter      (TIJ):    0.000ns
    Discrete Jitter          (DJ):    0.000ns
    Phase Error              (PE):    0.000ns

    Location             Delay type                Incr(ns)  Path(ns)    Netlist Resource(s)
  -------------------------------------------------------------------    -------------------
                         (clock SEG7_upgrade_i/mdm_1/U0/Use_E2.BSCAN_I/Use_E2.BSCANE2_I/DRCK rise edge)
                                                      0.000     0.000 r  
    BSCAN_X0Y1           BSCANE2                      0.000     0.000 r  SEG7_upgrade_i/mdm_1/U0/Use_E2.BSCAN_I/Use_E2.BSCANE2_I/DRCK
                         net (fo=1, routed)           1.864     1.864    SEG7_upgrade_i/mdm_1/U0/No_Dbg_Reg_Access.BUFG_DRCK/DRCK
    BUFGCTRL_X0Y1        BUFG (Prop_bufg_I_O)         0.096     1.960 r  SEG7_upgrade_i/mdm_1/U0/No_Dbg_Reg_Access.BUFG_DRCK/Using_FPGA.Native/O
                         net (fo=232, routed)         1.571     3.532    SEG7_upgrade_i/mdm_1/U0/MDM_Core_I1/JTAG_CONTROL_I/Using_FPGA.Native
    SLICE_X53Y46         FDCE                                         r  SEG7_upgrade_i/mdm_1/U0/MDM_Core_I1/JTAG_CONTROL_I/tdi_shifter_reg[2]/C
  -------------------------------------------------------------------    -------------------
    SLICE_X53Y46         FDCE (Prop_fdce_C_Q)         0.456     3.988 r  SEG7_upgrade_i/mdm_1/U0/MDM_Core_I1/JTAG_CONTROL_I/tdi_shifter_reg[2]/Q
                         net (fo=3, routed)           1.102     5.090    SEG7_upgrade_i/mdm_1/U0/MDM_Core_I1/JTAG_CONTROL_I/Use_BSCAN.FDC_I/Debug_Rst_i_reg[5]
    SLICE_X52Y46         LUT6 (Prop_lut6_I0_O)        0.124     5.214 r  SEG7_upgrade_i/mdm_1/U0/MDM_Core_I1/JTAG_CONTROL_I/Use_BSCAN.FDC_I/Using_FPGA.Native_i_2/O
                         net (fo=1, routed)           0.513     5.727    SEG7_upgrade_i/mdm_1/U0/MDM_Core_I1/JTAG_CONTROL_I/Use_BSCAN.FDC_I/Using_FPGA.Native_i_2_n_0
    SLICE_X53Y46         LUT5 (Prop_lut5_I0_O)        0.124     5.851 r  SEG7_upgrade_i/mdm_1/U0/MDM_Core_I1/JTAG_CONTROL_I/Use_BSCAN.FDC_I/Using_FPGA.Native_i_1/O
                         net (fo=1, routed)           0.482     6.334    SEG7_upgrade_i/mdm_1/U0/MDM_Core_I1/JTAG_CONTROL_I/Use_BSCAN.SYNC_FDRE/CE
    SLICE_X54Y47         FDRE                                         r  SEG7_upgrade_i/mdm_1/U0/MDM_Core_I1/JTAG_CONTROL_I/Use_BSCAN.SYNC_FDRE/Using_FPGA.Native/CE
  -------------------------------------------------------------------    -------------------

                         (clock SEG7_upgrade_i/mdm_1/U0/Use_E2.BSCAN_I/Use_E2.BSCANE2_I/DRCK fall edge)
                                                     16.667    16.667 f  
    BSCAN_X0Y1           BSCANE2                      0.000    16.667 f  SEG7_upgrade_i/mdm_1/U0/Use_E2.BSCAN_I/Use_E2.BSCANE2_I/DRCK
                         net (fo=1, routed)           1.602    18.269    SEG7_upgrade_i/mdm_1/U0/No_Dbg_Reg_Access.BUFG_DRCK/DRCK
    BUFGCTRL_X0Y1        BUFG (Prop_bufg_I_O)         0.091    18.360 f  SEG7_upgrade_i/mdm_1/U0/No_Dbg_Reg_Access.BUFG_DRCK/Using_FPGA.Native/O
                         net (fo=232, routed)         1.453    19.813    SEG7_upgrade_i/mdm_1/U0/MDM_Core_I1/JTAG_CONTROL_I/Use_BSCAN.SYNC_FDRE/Using_FPGA.Native_0
    SLICE_X54Y47         FDRE                                         r  SEG7_upgrade_i/mdm_1/U0/MDM_Core_I1/JTAG_CONTROL_I/Use_BSCAN.SYNC_FDRE/Using_FPGA.Native/C  (IS_INVERTED)
                         clock pessimism              0.347    20.160    
                         clock uncertainty           -0.035    20.125    
    SLICE_X54Y47         FDRE (Setup_fdre_C_CE)      -0.164    19.961    SEG7_upgrade_i/mdm_1/U0/MDM_Core_I1/JTAG_CONTROL_I/Use_BSCAN.SYNC_FDRE/Using_FPGA.Native
  -------------------------------------------------------------------
                         required time                         19.961    
                         arrival time                          -6.334    
  -------------------------------------------------------------------
                         slack                                 13.627    

Slack (MET) :             13.715ns  (required time - arrival time)
  Source:                 SEG7_upgrade_i/mdm_1/U0/MDM_Core_I1/JTAG_CONTROL_I/Use_BSCAN.SYNC_FDRE/Using_FPGA.Native/C
                            (falling edge-triggered cell FDRE clocked by SEG7_upgrade_i/mdm_1/U0/Use_E2.BSCAN_I/Use_E2.BSCANE2_I/DRCK  {rise@0.000ns fall@16.667ns period=33.333ns})
  Destination:            SEG7_upgrade_i/microblaze_0/U0/MicroBlaze_Core_I/Performance.Core/Use_Debug_Logic.Master_Core.Debug_Perf/Serial_Dbg_Intf.shift_count_reg[0]/D
                            (rising edge-triggered cell FDCE clocked by SEG7_upgrade_i/mdm_1/U0/Use_E2.BSCAN_I/Use_E2.BSCANE2_I/DRCK  {rise@0.000ns fall@16.667ns period=33.333ns})
  Path Group:             SEG7_upgrade_i/mdm_1/U0/Use_E2.BSCAN_I/Use_E2.BSCANE2_I/DRCK
  Path Type:              Setup (Max at Slow Process Corner)
  Requirement:            16.667ns  (SEG7_upgrade_i/mdm_1/U0/Use_E2.BSCAN_I/Use_E2.BSCANE2_I/DRCK rise@33.333ns - SEG7_upgrade_i/mdm_1/U0/Use_E2.BSCAN_I/Use_E2.BSCANE2_I/DRCK fall@16.667ns)
  Data Path Delay:        2.945ns  (logic 0.772ns (26.216%)  route 2.173ns (73.784%))
  Logic Levels:           2  (LUT2=1 LUT6=1)
  Clock Path Skew:        -0.050ns (DCD - SCD + CPR)
    Destination Clock Delay (DCD):    3.136ns = ( 36.469 - 33.333 ) 
    Source Clock Delay      (SCD):    3.533ns = ( 20.199 - 16.667 ) 
    Clock Pessimism Removal (CPR):    0.347ns
  Clock Uncertainty:      0.035ns  ((TSJ^2 + TIJ^2)^1/2 + DJ) / 2 + PE
    Total System Jitter     (TSJ):    0.071ns
    Total Input Jitter      (TIJ):    0.000ns
    Discrete Jitter          (DJ):    0.000ns
    Phase Error              (PE):    0.000ns

    Location             Delay type                Incr(ns)  Path(ns)    Netlist Resource(s)
  -------------------------------------------------------------------    -------------------
                         (clock SEG7_upgrade_i/mdm_1/U0/Use_E2.BSCAN_I/Use_E2.BSCANE2_I/DRCK fall edge)
                                                     16.667    16.667 f  
    BSCAN_X0Y1           BSCANE2                      0.000    16.667 f  SEG7_upgrade_i/mdm_1/U0/Use_E2.BSCAN_I/Use_E2.BSCANE2_I/DRCK
                         net (fo=1, routed)           1.864    18.531    SEG7_upgrade_i/mdm_1/U0/No_Dbg_Reg_Access.BUFG_DRCK/DRCK
    BUFGCTRL_X0Y1        BUFG (Prop_bufg_I_O)         0.096    18.627 f  SEG7_upgrade_i/mdm_1/U0/No_Dbg_Reg_Access.BUFG_DRCK/Using_FPGA.Native/O
                         net (fo=232, routed)         1.572    20.199    SEG7_upgrade_i/mdm_1/U0/MDM_Core_I1/JTAG_CONTROL_I/Use_BSCAN.SYNC_FDRE/Using_FPGA.Native_0
    SLICE_X54Y47         FDRE                                         r  SEG7_upgrade_i/mdm_1/U0/MDM_Core_I1/JTAG_CONTROL_I/Use_BSCAN.SYNC_FDRE/Using_FPGA.Native/C  (IS_INVERTED)
  -------------------------------------------------------------------    -------------------
    SLICE_X54Y47         FDRE (Prop_fdre_C_Q)         0.524    20.723 r  SEG7_upgrade_i/mdm_1/U0/MDM_Core_I1/JTAG_CONTROL_I/Use_BSCAN.SYNC_FDRE/Using_FPGA.Native/Q
                         net (fo=4, routed)           0.840    21.563    SEG7_upgrade_i/mdm_1/U0/MDM_Core_I1/JTAG_CONTROL_I/Use_BSCAN.SYNC_FDRE/sync
    SLICE_X54Y47         LUT6 (Prop_lut6_I0_O)        0.124    21.687 r  SEG7_upgrade_i/mdm_1/U0/MDM_Core_I1/JTAG_CONTROL_I/Use_BSCAN.SYNC_FDRE/Dbg_Shift_31_INST_0/O
                         net (fo=8, routed)           1.333    23.020    SEG7_upgrade_i/microblaze_0/U0/MicroBlaze_Core_I/Performance.Core/Use_Debug_Logic.Master_Core.Debug_Perf/Dbg_Shift
    SLICE_X52Y31         LUT2 (Prop_lut2_I0_O)        0.124    23.144 r  SEG7_upgrade_i/microblaze_0/U0/MicroBlaze_Core_I/Performance.Core/Use_Debug_Logic.Master_Core.Debug_Perf/Serial_Dbg_Intf.shift_count[0]_i_1/O
                         net (fo=1, routed)           0.000    23.144    SEG7_upgrade_i/microblaze_0/U0/MicroBlaze_Core_I/Performance.Core/Use_Debug_Logic.Master_Core.Debug_Perf/Serial_Dbg_Intf.shift_count[0]_i_1_n_0
    SLICE_X52Y31         FDCE                                         r  SEG7_upgrade_i/microblaze_0/U0/MicroBlaze_Core_I/Performance.Core/Use_Debug_Logic.Master_Core.Debug_Perf/Serial_Dbg_Intf.shift_count_reg[0]/D
  -------------------------------------------------------------------    -------------------

                         (clock SEG7_upgrade_i/mdm_1/U0/Use_E2.BSCAN_I/Use_E2.BSCANE2_I/DRCK rise edge)
                                                     33.333    33.333 r  
    BSCAN_X0Y1           BSCANE2                      0.000    33.333 r  SEG7_upgrade_i/mdm_1/U0/Use_E2.BSCAN_I/Use_E2.BSCANE2_I/DRCK
                         net (fo=1, routed)           1.602    34.935    SEG7_upgrade_i/mdm_1/U0/No_Dbg_Reg_Access.BUFG_DRCK/DRCK
    BUFGCTRL_X0Y1        BUFG (Prop_bufg_I_O)         0.091    35.026 r  SEG7_upgrade_i/mdm_1/U0/No_Dbg_Reg_Access.BUFG_DRCK/Using_FPGA.Native/O
                         net (fo=232, routed)         1.442    36.469    SEG7_upgrade_i/microblaze_0/U0/MicroBlaze_Core_I/Performance.Core/Use_Debug_Logic.Master_Core.Debug_Perf/Dbg_Clk
    SLICE_X52Y31         FDCE                                         r  SEG7_upgrade_i/microblaze_0/U0/MicroBlaze_Core_I/Performance.Core/Use_Debug_Logic.Master_Core.Debug_Perf/Serial_Dbg_Intf.shift_count_reg[0]/C
                         clock pessimism              0.347    36.816    
                         clock uncertainty           -0.035    36.780    
    SLICE_X52Y31         FDCE (Setup_fdce_C_D)        0.079    36.859    SEG7_upgrade_i/microblaze_0/U0/MicroBlaze_Core_I/Performance.Core/Use_Debug_Logic.Master_Core.Debug_Perf/Serial_Dbg_Intf.shift_count_reg[0]
  -------------------------------------------------------------------
                         required time                         36.859    
                         arrival time                         -23.144    
  -------------------------------------------------------------------
                         slack                                 13.715    

Slack (MET) :             13.761ns  (required time - arrival time)
  Source:                 SEG7_upgrade_i/mdm_1/U0/MDM_Core_I1/JTAG_CONTROL_I/Use_BSCAN.SYNC_FDRE/Using_FPGA.Native/C
                            (falling edge-triggered cell FDRE clocked by SEG7_upgrade_i/mdm_1/U0/Use_E2.BSCAN_I/Use_E2.BSCANE2_I/DRCK  {rise@0.000ns fall@16.667ns period=33.333ns})
  Destination:            SEG7_upgrade_i/microblaze_0/U0/MicroBlaze_Core_I/Performance.Core/Use_Debug_Logic.Master_Core.Debug_Perf/Serial_Dbg_Intf.shift_count_reg[1]/D
                            (rising edge-triggered cell FDCE clocked by SEG7_upgrade_i/mdm_1/U0/Use_E2.BSCAN_I/Use_E2.BSCANE2_I/DRCK  {rise@0.000ns fall@16.667ns period=33.333ns})
  Path Group:             SEG7_upgrade_i/mdm_1/U0/Use_E2.BSCAN_I/Use_E2.BSCANE2_I/DRCK
  Path Type:              Setup (Max at Slow Process Corner)
  Requirement:            16.667ns  (SEG7_upgrade_i/mdm_1/U0/Use_E2.BSCAN_I/Use_E2.BSCANE2_I/DRCK rise@33.333ns - SEG7_upgrade_i/mdm_1/U0/Use_E2.BSCAN_I/Use_E2.BSCANE2_I/DRCK fall@16.667ns)
  Data Path Delay:        2.938ns  (logic 0.765ns (26.040%)  route 2.173ns (73.960%))
  Logic Levels:           2  (LUT3=1 LUT6=1)
  Clock Path Skew:        -0.050ns (DCD - SCD + CPR)
    Destination Clock Delay (DCD):    3.136ns = ( 36.469 - 33.333 ) 
    Source Clock Delay      (SCD):    3.533ns = ( 20.199 - 16.667 ) 
    Clock Pessimism Removal (CPR):    0.347ns
  Clock Uncertainty:      0.035ns  ((TSJ^2 + TIJ^2)^1/2 + DJ) / 2 + PE
    Total System Jitter     (TSJ):    0.071ns
    Total Input Jitter      (TIJ):    0.000ns
    Discrete Jitter          (DJ):    0.000ns
    Phase Error              (PE):    0.000ns

    Location             Delay type                Incr(ns)  Path(ns)    Netlist Resource(s)
  -------------------------------------------------------------------    -------------------
                         (clock SEG7_upgrade_i/mdm_1/U0/Use_E2.BSCAN_I/Use_E2.BSCANE2_I/DRCK fall edge)
                                                     16.667    16.667 f  
    BSCAN_X0Y1           BSCANE2                      0.000    16.667 f  SEG7_upgrade_i/mdm_1/U0/Use_E2.BSCAN_I/Use_E2.BSCANE2_I/DRCK
                         net (fo=1, routed)           1.864    18.531    SEG7_upgrade_i/mdm_1/U0/No_Dbg_Reg_Access.BUFG_DRCK/DRCK
    BUFGCTRL_X0Y1        BUFG (Prop_bufg_I_O)         0.096    18.627 f  SEG7_upgrade_i/mdm_1/U0/No_Dbg_Reg_Access.BUFG_DRCK/Using_FPGA.Native/O
                         net (fo=232, routed)         1.572    20.199    SEG7_upgrade_i/mdm_1/U0/MDM_Core_I1/JTAG_CONTROL_I/Use_BSCAN.SYNC_FDRE/Using_FPGA.Native_0
    SLICE_X54Y47         FDRE                                         r  SEG7_upgrade_i/mdm_1/U0/MDM_Core_I1/JTAG_CONTROL_I/Use_BSCAN.SYNC_FDRE/Using_FPGA.Native/C  (IS_INVERTED)
  -------------------------------------------------------------------    -------------------
    SLICE_X54Y47         FDRE (Prop_fdre_C_Q)         0.524    20.723 r  SEG7_upgrade_i/mdm_1/U0/MDM_Core_I1/JTAG_CONTROL_I/Use_BSCAN.SYNC_FDRE/Using_FPGA.Native/Q
                         net (fo=4, routed)           0.840    21.563    SEG7_upgrade_i/mdm_1/U0/MDM_Core_I1/JTAG_CONTROL_I/Use_BSCAN.SYNC_FDRE/sync
    SLICE_X54Y47         LUT6 (Prop_lut6_I0_O)        0.124    21.687 r  SEG7_upgrade_i/mdm_1/U0/MDM_Core_I1/JTAG_CONTROL_I/Use_BSCAN.SYNC_FDRE/Dbg_Shift_31_INST_0/O
                         net (fo=8, routed)           1.333    23.020    SEG7_upgrade_i/microblaze_0/U0/MicroBlaze_Core_I/Performance.Core/Use_Debug_Logic.Master_Core.Debug_Perf/Dbg_Shift
    SLICE_X52Y31         LUT3 (Prop_lut3_I2_O)        0.117    23.137 r  SEG7_upgrade_i/microblaze_0/U0/MicroBlaze_Core_I/Performance.Core/Use_Debug_Logic.Master_Core.Debug_Perf/Serial_Dbg_Intf.shift_count[1]_i_1/O
                         net (fo=1, routed)           0.000    23.137    SEG7_upgrade_i/microblaze_0/U0/MicroBlaze_Core_I/Performance.Core/Use_Debug_Logic.Master_Core.Debug_Perf/p_0_in[1]
    SLICE_X52Y31         FDCE                                         r  SEG7_upgrade_i/microblaze_0/U0/MicroBlaze_Core_I/Performance.Core/Use_Debug_Logic.Master_Core.Debug_Perf/Serial_Dbg_Intf.shift_count_reg[1]/D
  -------------------------------------------------------------------    -------------------

                         (clock SEG7_upgrade_i/mdm_1/U0/Use_E2.BSCAN_I/Use_E2.BSCANE2_I/DRCK rise edge)
                                                     33.333    33.333 r  
    BSCAN_X0Y1           BSCANE2                      0.000    33.333 r  SEG7_upgrade_i/mdm_1/U0/Use_E2.BSCAN_I/Use_E2.BSCANE2_I/DRCK
                         net (fo=1, routed)           1.602    34.935    SEG7_upgrade_i/mdm_1/U0/No_Dbg_Reg_Access.BUFG_DRCK/DRCK
    BUFGCTRL_X0Y1        BUFG (Prop_bufg_I_O)         0.091    35.026 r  SEG7_upgrade_i/mdm_1/U0/No_Dbg_Reg_Access.BUFG_DRCK/Using_FPGA.Native/O
                         net (fo=232, routed)         1.442    36.469    SEG7_upgrade_i/microblaze_0/U0/MicroBlaze_Core_I/Performance.Core/Use_Debug_Logic.Master_Core.Debug_Perf/Dbg_Clk
    SLICE_X52Y31         FDCE                                         r  SEG7_upgrade_i/microblaze_0/U0/MicroBlaze_Core_I/Performance.Core/Use_Debug_Logic.Master_Core.Debug_Perf/Serial_Dbg_Intf.shift_count_reg[1]/C
                         clock pessimism              0.347    36.816    
                         clock uncertainty           -0.035    36.780    
    SLICE_X52Y31         FDCE (Setup_fdce_C_D)        0.118    36.898    SEG7_upgrade_i/microblaze_0/U0/MicroBlaze_Core_I/Performance.Core/Use_Debug_Logic.Master_Core.Debug_Perf/Serial_Dbg_Intf.shift_count_reg[1]
  -------------------------------------------------------------------
                         required time                         36.898    
                         arrival time                         -23.137    
  -------------------------------------------------------------------
                         slack                                 13.761    

Slack (MET) :             13.794ns  (required time - arrival time)
  Source:                 SEG7_upgrade_i/mdm_1/U0/MDM_Core_I1/JTAG_CONTROL_I/Use_BSCAN.SYNC_FDRE/Using_FPGA.Native/C
                            (falling edge-triggered cell FDRE clocked by SEG7_upgrade_i/mdm_1/U0/Use_E2.BSCAN_I/Use_E2.BSCANE2_I/DRCK  {rise@0.000ns fall@16.667ns period=33.333ns})
  Destination:            SEG7_upgrade_i/microblaze_0/U0/MicroBlaze_Core_I/Performance.Core/Use_Debug_Logic.Master_Core.Debug_Perf/Serial_Dbg_Intf.shift_count_reg[6]/D
                            (rising edge-triggered cell FDCE clocked by SEG7_upgrade_i/mdm_1/U0/Use_E2.BSCAN_I/Use_E2.BSCANE2_I/DRCK  {rise@0.000ns fall@16.667ns period=33.333ns})
  Path Group:             SEG7_upgrade_i/mdm_1/U0/Use_E2.BSCAN_I/Use_E2.BSCANE2_I/DRCK
  Path Type:              Setup (Max at Slow Process Corner)
  Requirement:            16.667ns  (SEG7_upgrade_i/mdm_1/U0/Use_E2.BSCAN_I/Use_E2.BSCANE2_I/DRCK rise@33.333ns - SEG7_upgrade_i/mdm_1/U0/Use_E2.BSCAN_I/Use_E2.BSCANE2_I/DRCK fall@16.667ns)
  Data Path Delay:        2.836ns  (logic 0.772ns (27.225%)  route 2.064ns (72.775%))
  Logic Levels:           2  (LUT3=1 LUT6=1)
  Clock Path Skew:        -0.033ns (DCD - SCD + CPR)
    Destination Clock Delay (DCD):    3.139ns = ( 36.472 - 33.333 ) 
    Source Clock Delay      (SCD):    3.533ns = ( 20.199 - 16.667 ) 
    Clock Pessimism Removal (CPR):    0.361ns
  Clock Uncertainty:      0.035ns  ((TSJ^2 + TIJ^2)^1/2 + DJ) / 2 + PE
    Total System Jitter     (TSJ):    0.071ns
    Total Input Jitter      (TIJ):    0.000ns
    Discrete Jitter          (DJ):    0.000ns
    Phase Error              (PE):    0.000ns

    Location             Delay type                Incr(ns)  Path(ns)    Netlist Resource(s)
  -------------------------------------------------------------------    -------------------
                         (clock SEG7_upgrade_i/mdm_1/U0/Use_E2.BSCAN_I/Use_E2.BSCANE2_I/DRCK fall edge)
                                                     16.667    16.667 f  
    BSCAN_X0Y1           BSCANE2                      0.000    16.667 f  SEG7_upgrade_i/mdm_1/U0/Use_E2.BSCAN_I/Use_E2.BSCANE2_I/DRCK
                         net (fo=1, routed)           1.864    18.531    SEG7_upgrade_i/mdm_1/U0/No_Dbg_Reg_Access.BUFG_DRCK/DRCK
    BUFGCTRL_X0Y1        BUFG (Prop_bufg_I_O)         0.096    18.627 f  SEG7_upgrade_i/mdm_1/U0/No_Dbg_Reg_Access.BUFG_DRCK/Using_FPGA.Native/O
                         net (fo=232, routed)         1.572    20.199    SEG7_upgrade_i/mdm_1/U0/MDM_Core_I1/JTAG_CONTROL_I/Use_BSCAN.SYNC_FDRE/Using_FPGA.Native_0
    SLICE_X54Y47         FDRE                                         r  SEG7_upgrade_i/mdm_1/U0/MDM_Core_I1/JTAG_CONTROL_I/Use_BSCAN.SYNC_FDRE/Using_FPGA.Native/C  (IS_INVERTED)
  -------------------------------------------------------------------    -------------------
    SLICE_X54Y47         FDRE (Prop_fdre_C_Q)         0.524    20.723 r  SEG7_upgrade_i/mdm_1/U0/MDM_Core_I1/JTAG_CONTROL_I/Use_BSCAN.SYNC_FDRE/Using_FPGA.Native/Q
                         net (fo=4, routed)           0.840    21.563    SEG7_upgrade_i/mdm_1/U0/MDM_Core_I1/JTAG_CONTROL_I/Use_BSCAN.SYNC_FDRE/sync
    SLICE_X54Y47         LUT6 (Prop_lut6_I0_O)        0.124    21.687 r  SEG7_upgrade_i/mdm_1/U0/MDM_Core_I1/JTAG_CONTROL_I/Use_BSCAN.SYNC_FDRE/Dbg_Shift_31_INST_0/O
                         net (fo=8, routed)           1.224    22.911    SEG7_upgrade_i/microblaze_0/U0/MicroBlaze_Core_I/Performance.Core/Use_Debug_Logic.Master_Core.Debug_Perf/Dbg_Shift
    SLICE_X55Y33         LUT3 (Prop_lut3_I2_O)        0.124    23.035 r  SEG7_upgrade_i/microblaze_0/U0/MicroBlaze_Core_I/Performance.Core/Use_Debug_Logic.Master_Core.Debug_Perf/Serial_Dbg_Intf.shift_count[6]_i_1/O
                         net (fo=1, routed)           0.000    23.035    SEG7_upgrade_i/microblaze_0/U0/MicroBlaze_Core_I/Performance.Core/Use_Debug_Logic.Master_Core.Debug_Perf/p_0_in[6]
    SLICE_X55Y33         FDCE                                         r  SEG7_upgrade_i/microblaze_0/U0/MicroBlaze_Core_I/Performance.Core/Use_Debug_Logic.Master_Core.Debug_Perf/Serial_Dbg_Intf.shift_count_reg[6]/D
  -------------------------------------------------------------------    -------------------

                         (clock SEG7_upgrade_i/mdm_1/U0/Use_E2.BSCAN_I/Use_E2.BSCANE2_I/DRCK rise edge)
                                                     33.333    33.333 r  
    BSCAN_X0Y1           BSCANE2                      0.000    33.333 r  SEG7_upgrade_i/mdm_1/U0/Use_E2.BSCAN_I/Use_E2.BSCANE2_I/DRCK
                         net (fo=1, routed)           1.602    34.935    SEG7_upgrade_i/mdm_1/U0/No_Dbg_Reg_Access.BUFG_DRCK/DRCK
    BUFGCTRL_X0Y1        BUFG (Prop_bufg_I_O)         0.091    35.026 r  SEG7_upgrade_i/mdm_1/U0/No_Dbg_Reg_Access.BUFG_DRCK/Using_FPGA.Native/O
                         net (fo=232, routed)         1.445    36.472    SEG7_upgrade_i/microblaze_0/U0/MicroBlaze_Core_I/Performance.Core/Use_Debug_Logic.Master_Core.Debug_Perf/Dbg_Clk
    SLICE_X55Y33         FDCE                                         r  SEG7_upgrade_i/microblaze_0/U0/MicroBlaze_Core_I/Performance.Core/Use_Debug_Logic.Master_Core.Debug_Perf/Serial_Dbg_Intf.shift_count_reg[6]/C
                         clock pessimism              0.361    36.833    
                         clock uncertainty           -0.035    36.797    
    SLICE_X55Y33         FDCE (Setup_fdce_C_D)        0.031    36.828    SEG7_upgrade_i/microblaze_0/U0/MicroBlaze_Core_I/Performance.Core/Use_Debug_Logic.Master_Core.Debug_Perf/Serial_Dbg_Intf.shift_count_reg[6]
  -------------------------------------------------------------------
                         required time                         36.828    
                         arrival time                         -23.035    
  -------------------------------------------------------------------
                         slack                                 13.794    

Slack (MET) :             13.809ns  (required time - arrival time)
  Source:                 SEG7_upgrade_i/mdm_1/U0/MDM_Core_I1/JTAG_CONTROL_I/Use_BSCAN.SYNC_FDRE/Using_FPGA.Native/C
                            (falling edge-triggered cell FDRE clocked by SEG7_upgrade_i/mdm_1/U0/Use_E2.BSCAN_I/Use_E2.BSCANE2_I/DRCK  {rise@0.000ns fall@16.667ns period=33.333ns})
  Destination:            SEG7_upgrade_i/microblaze_0/U0/MicroBlaze_Core_I/Performance.Core/Use_Debug_Logic.Master_Core.Debug_Perf/Serial_Dbg_Intf.shift_count_reg[7]/D
                            (rising edge-triggered cell FDCE clocked by SEG7_upgrade_i/mdm_1/U0/Use_E2.BSCAN_I/Use_E2.BSCANE2_I/DRCK  {rise@0.000ns fall@16.667ns period=33.333ns})
  Path Group:             SEG7_upgrade_i/mdm_1/U0/Use_E2.BSCAN_I/Use_E2.BSCANE2_I/DRCK
  Path Type:              Setup (Max at Slow Process Corner)
  Requirement:            16.667ns  (SEG7_upgrade_i/mdm_1/U0/Use_E2.BSCAN_I/Use_E2.BSCANE2_I/DRCK rise@33.333ns - SEG7_upgrade_i/mdm_1/U0/Use_E2.BSCAN_I/Use_E2.BSCANE2_I/DRCK fall@16.667ns)
  Data Path Delay:        2.865ns  (logic 0.801ns (27.962%)  route 2.064ns (72.038%))
  Logic Levels:           2  (LUT4=1 LUT6=1)
  Clock Path Skew:        -0.033ns (DCD - SCD + CPR)
    Destination Clock Delay (DCD):    3.139ns = ( 36.472 - 33.333 ) 
    Source Clock Delay      (SCD):    3.533ns = ( 20.199 - 16.667 ) 
    Clock Pessimism Removal (CPR):    0.361ns
  Clock Uncertainty:      0.035ns  ((TSJ^2 + TIJ^2)^1/2 + DJ) / 2 + PE
    Total System Jitter     (TSJ):    0.071ns
    Total Input Jitter      (TIJ):    0.000ns
    Discrete Jitter          (DJ):    0.000ns
    Phase Error              (PE):    0.000ns

    Location             Delay type                Incr(ns)  Path(ns)    Netlist Resource(s)
  -------------------------------------------------------------------    -------------------
                         (clock SEG7_upgrade_i/mdm_1/U0/Use_E2.BSCAN_I/Use_E2.BSCANE2_I/DRCK fall edge)
                                                     16.667    16.667 f  
    BSCAN_X0Y1           BSCANE2                      0.000    16.667 f  SEG7_upgrade_i/mdm_1/U0/Use_E2.BSCAN_I/Use_E2.BSCANE2_I/DRCK
                         net (fo=1, routed)           1.864    18.531    SEG7_upgrade_i/mdm_1/U0/No_Dbg_Reg_Access.BUFG_DRCK/DRCK
    BUFGCTRL_X0Y1        BUFG (Prop_bufg_I_O)         0.096    18.627 f  SEG7_upgrade_i/mdm_1/U0/No_Dbg_Reg_Access.BUFG_DRCK/Using_FPGA.Native/O
                         net (fo=232, routed)         1.572    20.199    SEG7_upgrade_i/mdm_1/U0/MDM_Core_I1/JTAG_CONTROL_I/Use_BSCAN.SYNC_FDRE/Using_FPGA.Native_0
    SLICE_X54Y47         FDRE                                         r  SEG7_upgrade_i/mdm_1/U0/MDM_Core_I1/JTAG_CONTROL_I/Use_BSCAN.SYNC_FDRE/Using_FPGA.Native/C  (IS_INVERTED)
  -------------------------------------------------------------------    -------------------
    SLICE_X54Y47         FDRE (Prop_fdre_C_Q)         0.524    20.723 r  SEG7_upgrade_i/mdm_1/U0/MDM_Core_I1/JTAG_CONTROL_I/Use_BSCAN.SYNC_FDRE/Using_FPGA.Native/Q
                         net (fo=4, routed)           0.840    21.563    SEG7_upgrade_i/mdm_1/U0/MDM_Core_I1/JTAG_CONTROL_I/Use_BSCAN.SYNC_FDRE/sync
    SLICE_X54Y47         LUT6 (Prop_lut6_I0_O)        0.124    21.687 r  SEG7_upgrade_i/mdm_1/U0/MDM_Core_I1/JTAG_CONTROL_I/Use_BSCAN.SYNC_FDRE/Dbg_Shift_31_INST_0/O
                         net (fo=8, routed)           1.224    22.911    SEG7_upgrade_i/microblaze_0/U0/MicroBlaze_Core_I/Performance.Core/Use_Debug_Logic.Master_Core.Debug_Perf/Dbg_Shift
    SLICE_X55Y33         LUT4 (Prop_lut4_I3_O)        0.153    23.064 r  SEG7_upgrade_i/microblaze_0/U0/MicroBlaze_Core_I/Performance.Core/Use_Debug_Logic.Master_Core.Debug_Perf/Serial_Dbg_Intf.shift_count[7]_i_1/O
                         net (fo=1, routed)           0.000    23.064    SEG7_upgrade_i/microblaze_0/U0/MicroBlaze_Core_I/Performance.Core/Use_Debug_Logic.Master_Core.Debug_Perf/p_0_in[7]
    SLICE_X55Y33         FDCE                                         r  SEG7_upgrade_i/microblaze_0/U0/MicroBlaze_Core_I/Performance.Core/Use_Debug_Logic.Master_Core.Debug_Perf/Serial_Dbg_Intf.shift_count_reg[7]/D
  -------------------------------------------------------------------    -------------------

                         (clock SEG7_upgrade_i/mdm_1/U0/Use_E2.BSCAN_I/Use_E2.BSCANE2_I/DRCK rise edge)
                                                     33.333    33.333 r  
    BSCAN_X0Y1           BSCANE2                      0.000    33.333 r  SEG7_upgrade_i/mdm_1/U0/Use_E2.BSCAN_I/Use_E2.BSCANE2_I/DRCK
                         net (fo=1, routed)           1.602    34.935    SEG7_upgrade_i/mdm_1/U0/No_Dbg_Reg_Access.BUFG_DRCK/DRCK
    BUFGCTRL_X0Y1        BUFG (Prop_bufg_I_O)         0.091    35.026 r  SEG7_upgrade_i/mdm_1/U0/No_Dbg_Reg_Access.BUFG_DRCK/Using_FPGA.Native/O
                         net (fo=232, routed)         1.445    36.472    SEG7_upgrade_i/microblaze_0/U0/MicroBlaze_Core_I/Performance.Core/Use_Debug_Logic.Master_Core.Debug_Perf/Dbg_Clk
    SLICE_X55Y33         FDCE                                         r  SEG7_upgrade_i/microblaze_0/U0/MicroBlaze_Core_I/Performance.Core/Use_Debug_Logic.Master_Core.Debug_Perf/Serial_Dbg_Intf.shift_count_reg[7]/C
                         clock pessimism              0.361    36.833    
                         clock uncertainty           -0.035    36.797    
    SLICE_X55Y33         FDCE (Setup_fdce_C_D)        0.075    36.872    SEG7_upgrade_i/microblaze_0/U0/MicroBlaze_Core_I/Performance.Core/Use_Debug_Logic.Master_Core.Debug_Perf/Serial_Dbg_Intf.shift_count_reg[7]
  -------------------------------------------------------------------
                         required time                         36.872    
                         arrival time                         -23.064    
  -------------------------------------------------------------------
                         slack                                 13.809    

Slack (MET) :             13.810ns  (required time - arrival time)
  Source:                 SEG7_upgrade_i/mdm_1/U0/MDM_Core_I1/JTAG_CONTROL_I/Use_BSCAN.SYNC_FDRE/Using_FPGA.Native/C
                            (falling edge-triggered cell FDRE clocked by SEG7_upgrade_i/mdm_1/U0/Use_E2.BSCAN_I/Use_E2.BSCANE2_I/DRCK  {rise@0.000ns fall@16.667ns period=33.333ns})
  Destination:            SEG7_upgrade_i/microblaze_0/U0/MicroBlaze_Core_I/Performance.Core/Use_Debug_Logic.Master_Core.Debug_Perf/Serial_Dbg_Intf.shift_count_reg[5]/D
                            (rising edge-triggered cell FDCE clocked by SEG7_upgrade_i/mdm_1/U0/Use_E2.BSCAN_I/Use_E2.BSCANE2_I/DRCK  {rise@0.000ns fall@16.667ns period=33.333ns})
  Path Group:             SEG7_upgrade_i/mdm_1/U0/Use_E2.BSCAN_I/Use_E2.BSCANE2_I/DRCK
  Path Type:              Setup (Max at Slow Process Corner)
  Requirement:            16.667ns  (SEG7_upgrade_i/mdm_1/U0/Use_E2.BSCAN_I/Use_E2.BSCANE2_I/DRCK rise@33.333ns - SEG7_upgrade_i/mdm_1/U0/Use_E2.BSCAN_I/Use_E2.BSCANE2_I/DRCK fall@16.667ns)
  Data Path Delay:        2.866ns  (logic 0.772ns (26.940%)  route 2.094ns (73.060%))
  Logic Levels:           2  (LUT3=1 LUT6=1)
  Clock Path Skew:        -0.032ns (DCD - SCD + CPR)
    Destination Clock Delay (DCD):    3.140ns = ( 36.473 - 33.333 ) 
    Source Clock Delay      (SCD):    3.533ns = ( 20.199 - 16.667 ) 
    Clock Pessimism Removal (CPR):    0.361ns
  Clock Uncertainty:      0.035ns  ((TSJ^2 + TIJ^2)^1/2 + DJ) / 2 + PE
    Total System Jitter     (TSJ):    0.071ns
    Total Input Jitter      (TIJ):    0.000ns
    Discrete Jitter          (DJ):    0.000ns
    Phase Error              (PE):    0.000ns

    Location             Delay type                Incr(ns)  Path(ns)    Netlist Resource(s)
  -------------------------------------------------------------------    -------------------
                         (clock SEG7_upgrade_i/mdm_1/U0/Use_E2.BSCAN_I/Use_E2.BSCANE2_I/DRCK fall edge)
                                                     16.667    16.667 f  
    BSCAN_X0Y1           BSCANE2                      0.000    16.667 f  SEG7_upgrade_i/mdm_1/U0/Use_E2.BSCAN_I/Use_E2.BSCANE2_I/DRCK
                         net (fo=1, routed)           1.864    18.531    SEG7_upgrade_i/mdm_1/U0/No_Dbg_Reg_Access.BUFG_DRCK/DRCK
    BUFGCTRL_X0Y1        BUFG (Prop_bufg_I_O)         0.096    18.627 f  SEG7_upgrade_i/mdm_1/U0/No_Dbg_Reg_Access.BUFG_DRCK/Using_FPGA.Native/O
                         net (fo=232, routed)         1.572    20.199    SEG7_upgrade_i/mdm_1/U0/MDM_Core_I1/JTAG_CONTROL_I/Use_BSCAN.SYNC_FDRE/Using_FPGA.Native_0
    SLICE_X54Y47         FDRE                                         r  SEG7_upgrade_i/mdm_1/U0/MDM_Core_I1/JTAG_CONTROL_I/Use_BSCAN.SYNC_FDRE/Using_FPGA.Native/C  (IS_INVERTED)
  -------------------------------------------------------------------    -------------------
    SLICE_X54Y47         FDRE (Prop_fdre_C_Q)         0.524    20.723 r  SEG7_upgrade_i/mdm_1/U0/MDM_Core_I1/JTAG_CONTROL_I/Use_BSCAN.SYNC_FDRE/Using_FPGA.Native/Q
                         net (fo=4, routed)           0.840    21.563    SEG7_upgrade_i/mdm_1/U0/MDM_Core_I1/JTAG_CONTROL_I/Use_BSCAN.SYNC_FDRE/sync
    SLICE_X54Y47         LUT6 (Prop_lut6_I0_O)        0.124    21.687 r  SEG7_upgrade_i/mdm_1/U0/MDM_Core_I1/JTAG_CONTROL_I/Use_BSCAN.SYNC_FDRE/Dbg_Shift_31_INST_0/O
                         net (fo=8, routed)           1.254    22.941    SEG7_upgrade_i/microblaze_0/U0/MicroBlaze_Core_I/Performance.Core/Use_Debug_Logic.Master_Core.Debug_Perf/Dbg_Shift
    SLICE_X54Y34         LUT3 (Prop_lut3_I2_O)        0.124    23.065 r  SEG7_upgrade_i/microblaze_0/U0/MicroBlaze_Core_I/Performance.Core/Use_Debug_Logic.Master_Core.Debug_Perf/Serial_Dbg_Intf.shift_count[5]_i_1/O
                         net (fo=1, routed)           0.000    23.065    SEG7_upgrade_i/microblaze_0/U0/MicroBlaze_Core_I/Performance.Core/Use_Debug_Logic.Master_Core.Debug_Perf/p_0_in[5]
    SLICE_X54Y34         FDCE                                         r  SEG7_upgrade_i/microblaze_0/U0/MicroBlaze_Core_I/Performance.Core/Use_Debug_Logic.Master_Core.Debug_Perf/Serial_Dbg_Intf.shift_count_reg[5]/D
  -------------------------------------------------------------------    -------------------

                         (clock SEG7_upgrade_i/mdm_1/U0/Use_E2.BSCAN_I/Use_E2.BSCANE2_I/DRCK rise edge)
                                                     33.333    33.333 r  
    BSCAN_X0Y1           BSCANE2                      0.000    33.333 r  SEG7_upgrade_i/mdm_1/U0/Use_E2.BSCAN_I/Use_E2.BSCANE2_I/DRCK
                         net (fo=1, routed)           1.602    34.935    SEG7_upgrade_i/mdm_1/U0/No_Dbg_Reg_Access.BUFG_DRCK/DRCK
    BUFGCTRL_X0Y1        BUFG (Prop_bufg_I_O)         0.091    35.026 r  SEG7_upgrade_i/mdm_1/U0/No_Dbg_Reg_Access.BUFG_DRCK/Using_FPGA.Native/O
                         net (fo=232, routed)         1.446    36.473    SEG7_upgrade_i/microblaze_0/U0/MicroBlaze_Core_I/Performance.Core/Use_Debug_Logic.Master_Core.Debug_Perf/Dbg_Clk
    SLICE_X54Y34         FDCE                                         r  SEG7_upgrade_i/microblaze_0/U0/MicroBlaze_Core_I/Performance.Core/Use_Debug_Logic.Master_Core.Debug_Perf/Serial_Dbg_Intf.shift_count_reg[5]/C
                         clock pessimism              0.361    36.834    
                         clock uncertainty           -0.035    36.798    
    SLICE_X54Y34         FDCE (Setup_fdce_C_D)        0.077    36.875    SEG7_upgrade_i/microblaze_0/U0/MicroBlaze_Core_I/Performance.Core/Use_Debug_Logic.Master_Core.Debug_Perf/Serial_Dbg_Intf.shift_count_reg[5]
  -------------------------------------------------------------------
                         required time                         36.875    
                         arrival time                         -23.065    
  -------------------------------------------------------------------
                         slack                                 13.810    

Slack (MET) :             14.043ns  (required time - arrival time)
  Source:                 SEG7_upgrade_i/mdm_1/U0/MDM_Core_I1/JTAG_CONTROL_I/Use_BSCAN.SYNC_FDRE/Using_FPGA.Native/C
                            (falling edge-triggered cell FDRE clocked by SEG7_upgrade_i/mdm_1/U0/Use_E2.BSCAN_I/Use_E2.BSCANE2_I/DRCK  {rise@0.000ns fall@16.667ns period=33.333ns})
  Destination:            SEG7_upgrade_i/microblaze_0/U0/MicroBlaze_Core_I/Performance.Core/Use_Debug_Logic.Master_Core.Debug_Perf/Serial_Dbg_Intf.shift_count_reg[4]/D
                            (rising edge-triggered cell FDCE clocked by SEG7_upgrade_i/mdm_1/U0/Use_E2.BSCAN_I/Use_E2.BSCANE2_I/DRCK  {rise@0.000ns fall@16.667ns period=33.333ns})
  Path Group:             SEG7_upgrade_i/mdm_1/U0/Use_E2.BSCAN_I/Use_E2.BSCANE2_I/DRCK
  Path Type:              Setup (Max at Slow Process Corner)
  Requirement:            16.667ns  (SEG7_upgrade_i/mdm_1/U0/Use_E2.BSCAN_I/Use_E2.BSCANE2_I/DRCK rise@33.333ns - SEG7_upgrade_i/mdm_1/U0/Use_E2.BSCAN_I/Use_E2.BSCANE2_I/DRCK fall@16.667ns)
  Data Path Delay:        2.586ns  (logic 0.772ns (29.854%)  route 1.814ns (70.146%))
  Logic Levels:           2  (LUT6=2)
  Clock Path Skew:        -0.033ns (DCD - SCD + CPR)
    Destination Clock Delay (DCD):    3.139ns = ( 36.472 - 33.333 ) 
    Source Clock Delay      (SCD):    3.533ns = ( 20.199 - 16.667 ) 
    Clock Pessimism Removal (CPR):    0.361ns
  Clock Uncertainty:      0.035ns  ((TSJ^2 + TIJ^2)^1/2 + DJ) / 2 + PE
    Total System Jitter     (TSJ):    0.071ns
    Total Input Jitter      (TIJ):    0.000ns
    Discrete Jitter          (DJ):    0.000ns
    Phase Error              (PE):    0.000ns

    Location             Delay type                Incr(ns)  Path(ns)    Netlist Resource(s)
  -------------------------------------------------------------------    -------------------
                         (clock SEG7_upgrade_i/mdm_1/U0/Use_E2.BSCAN_I/Use_E2.BSCANE2_I/DRCK fall edge)
                                                     16.667    16.667 f  
    BSCAN_X0Y1           BSCANE2                      0.000    16.667 f  SEG7_upgrade_i/mdm_1/U0/Use_E2.BSCAN_I/Use_E2.BSCANE2_I/DRCK
                         net (fo=1, routed)           1.864    18.531    SEG7_upgrade_i/mdm_1/U0/No_Dbg_Reg_Access.BUFG_DRCK/DRCK
    BUFGCTRL_X0Y1        BUFG (Prop_bufg_I_O)         0.096    18.627 f  SEG7_upgrade_i/mdm_1/U0/No_Dbg_Reg_Access.BUFG_DRCK/Using_FPGA.Native/O
                         net (fo=232, routed)         1.572    20.199    SEG7_upgrade_i/mdm_1/U0/MDM_Core_I1/JTAG_CONTROL_I/Use_BSCAN.SYNC_FDRE/Using_FPGA.Native_0
    SLICE_X54Y47         FDRE                                         r  SEG7_upgrade_i/mdm_1/U0/MDM_Core_I1/JTAG_CONTROL_I/Use_BSCAN.SYNC_FDRE/Using_FPGA.Native/C  (IS_INVERTED)
  -------------------------------------------------------------------    -------------------
    SLICE_X54Y47         FDRE (Prop_fdre_C_Q)         0.524    20.723 r  SEG7_upgrade_i/mdm_1/U0/MDM_Core_I1/JTAG_CONTROL_I/Use_BSCAN.SYNC_FDRE/Using_FPGA.Native/Q
                         net (fo=4, routed)           0.840    21.563    SEG7_upgrade_i/mdm_1/U0/MDM_Core_I1/JTAG_CONTROL_I/Use_BSCAN.SYNC_FDRE/sync
    SLICE_X54Y47         LUT6 (Prop_lut6_I0_O)        0.124    21.687 r  SEG7_upgrade_i/mdm_1/U0/MDM_Core_I1/JTAG_CONTROL_I/Use_BSCAN.SYNC_FDRE/Dbg_Shift_31_INST_0/O
                         net (fo=8, routed)           0.974    22.661    SEG7_upgrade_i/microblaze_0/U0/MicroBlaze_Core_I/Performance.Core/Use_Debug_Logic.Master_Core.Debug_Perf/Dbg_Shift
    SLICE_X55Y33         LUT6 (Prop_lut6_I5_O)        0.124    22.785 r  SEG7_upgrade_i/microblaze_0/U0/MicroBlaze_Core_I/Performance.Core/Use_Debug_Logic.Master_Core.Debug_Perf/Serial_Dbg_Intf.shift_count[4]_i_1/O
                         net (fo=1, routed)           0.000    22.785    SEG7_upgrade_i/microblaze_0/U0/MicroBlaze_Core_I/Performance.Core/Use_Debug_Logic.Master_Core.Debug_Perf/p_0_in[4]
    SLICE_X55Y33         FDCE                                         r  SEG7_upgrade_i/microblaze_0/U0/MicroBlaze_Core_I/Performance.Core/Use_Debug_Logic.Master_Core.Debug_Perf/Serial_Dbg_Intf.shift_count_reg[4]/D
  -------------------------------------------------------------------    -------------------

                         (clock SEG7_upgrade_i/mdm_1/U0/Use_E2.BSCAN_I/Use_E2.BSCANE2_I/DRCK rise edge)
                                                     33.333    33.333 r  
    BSCAN_X0Y1           BSCANE2                      0.000    33.333 r  SEG7_upgrade_i/mdm_1/U0/Use_E2.BSCAN_I/Use_E2.BSCANE2_I/DRCK
                         net (fo=1, routed)           1.602    34.935    SEG7_upgrade_i/mdm_1/U0/No_Dbg_Reg_Access.BUFG_DRCK/DRCK
    BUFGCTRL_X0Y1        BUFG (Prop_bufg_I_O)         0.091    35.026 r  SEG7_upgrade_i/mdm_1/U0/No_Dbg_Reg_Access.BUFG_DRCK/Using_FPGA.Native/O
                         net (fo=232, routed)         1.445    36.472    SEG7_upgrade_i/microblaze_0/U0/MicroBlaze_Core_I/Performance.Core/Use_Debug_Logic.Master_Core.Debug_Perf/Dbg_Clk
    SLICE_X55Y33         FDCE                                         r  SEG7_upgrade_i/microblaze_0/U0/MicroBlaze_Core_I/Performance.Core/Use_Debug_Logic.Master_Core.Debug_Perf/Serial_Dbg_Intf.shift_count_reg[4]/C
                         clock pessimism              0.361    36.833    
                         clock uncertainty           -0.035    36.797    
    SLICE_X55Y33         FDCE (Setup_fdce_C_D)        0.031    36.828    SEG7_upgrade_i/microblaze_0/U0/MicroBlaze_Core_I/Performance.Core/Use_Debug_Logic.Master_Core.Debug_Perf/Serial_Dbg_Intf.shift_count_reg[4]
  -------------------------------------------------------------------
                         required time                         36.828    
                         arrival time                         -22.785    
  -------------------------------------------------------------------
                         slack                                 14.043    

Slack (MET) :             14.750ns  (required time - arrival time)
  Source:                 SEG7_upgrade_i/mdm_1/U0/MDM_Core_I1/JTAG_CONTROL_I/Use_BSCAN.SYNC_FDRE/Using_FPGA.Native/C
                            (falling edge-triggered cell FDRE clocked by SEG7_upgrade_i/mdm_1/U0/Use_E2.BSCAN_I/Use_E2.BSCANE2_I/DRCK  {rise@0.000ns fall@16.667ns period=33.333ns})
  Destination:            SEG7_upgrade_i/mdm_1/U0/MDM_Core_I1/JTAG_CONTROL_I/Use_Serial_Unified_Completion.mb_instr_overrun_reg/D
                            (rising edge-triggered cell FDCE clocked by SEG7_upgrade_i/mdm_1/U0/Use_E2.BSCAN_I/Use_E2.BSCANE2_I/DRCK  {rise@0.000ns fall@16.667ns period=33.333ns})
  Path Group:             SEG7_upgrade_i/mdm_1/U0/Use_E2.BSCAN_I/Use_E2.BSCANE2_I/DRCK
  Path Type:              Setup (Max at Slow Process Corner)
  Requirement:            16.667ns  (SEG7_upgrade_i/mdm_1/U0/Use_E2.BSCAN_I/Use_E2.BSCANE2_I/DRCK rise@33.333ns - SEG7_upgrade_i/mdm_1/U0/Use_E2.BSCAN_I/Use_E2.BSCANE2_I/DRCK fall@16.667ns)
  Data Path Delay:        1.887ns  (logic 0.772ns (40.913%)  route 1.115ns (59.087%))
  Logic Levels:           2  (LUT6=2)
  Clock Path Skew:        -0.025ns (DCD - SCD + CPR)
    Destination Clock Delay (DCD):    3.147ns = ( 36.480 - 33.333 ) 
    Source Clock Delay      (SCD):    3.533ns = ( 20.199 - 16.667 ) 
    Clock Pessimism Removal (CPR):    0.361ns
  Clock Uncertainty:      0.035ns  ((TSJ^2 + TIJ^2)^1/2 + DJ) / 2 + PE
    Total System Jitter     (TSJ):    0.071ns
    Total Input Jitter      (TIJ):    0.000ns
    Discrete Jitter          (DJ):    0.000ns
    Phase Error              (PE):    0.000ns

    Location             Delay type                Incr(ns)  Path(ns)    Netlist Resource(s)
  -------------------------------------------------------------------    -------------------
                         (clock SEG7_upgrade_i/mdm_1/U0/Use_E2.BSCAN_I/Use_E2.BSCANE2_I/DRCK fall edge)
                                                     16.667    16.667 f  
    BSCAN_X0Y1           BSCANE2                      0.000    16.667 f  SEG7_upgrade_i/mdm_1/U0/Use_E2.BSCAN_I/Use_E2.BSCANE2_I/DRCK
                         net (fo=1, routed)           1.864    18.531    SEG7_upgrade_i/mdm_1/U0/No_Dbg_Reg_Access.BUFG_DRCK/DRCK
    BUFGCTRL_X0Y1        BUFG (Prop_bufg_I_O)         0.096    18.627 f  SEG7_upgrade_i/mdm_1/U0/No_Dbg_Reg_Access.BUFG_DRCK/Using_FPGA.Native/O
                         net (fo=232, routed)         1.572    20.199    SEG7_upgrade_i/mdm_1/U0/MDM_Core_I1/JTAG_CONTROL_I/Use_BSCAN.SYNC_FDRE/Using_FPGA.Native_0
    SLICE_X54Y47         FDRE                                         r  SEG7_upgrade_i/mdm_1/U0/MDM_Core_I1/JTAG_CONTROL_I/Use_BSCAN.SYNC_FDRE/Using_FPGA.Native/C  (IS_INVERTED)
  -------------------------------------------------------------------    -------------------
    SLICE_X54Y47         FDRE (Prop_fdre_C_Q)         0.524    20.723 r  SEG7_upgrade_i/mdm_1/U0/MDM_Core_I1/JTAG_CONTROL_I/Use_BSCAN.SYNC_FDRE/Using_FPGA.Native/Q
                         net (fo=4, routed)           0.701    21.424    SEG7_upgrade_i/mdm_1/U0/MDM_Core_I1/JTAG_CONTROL_I/Use_BSCAN.FDC_I/sync
    SLICE_X55Y47         LUT6 (Prop_lut6_I4_O)        0.124    21.548 r  SEG7_upgrade_i/mdm_1/U0/MDM_Core_I1/JTAG_CONTROL_I/Use_BSCAN.FDC_I/Use_Serial_Unified_Completion.mb_instr_overrun_i_3/O
                         net (fo=2, routed)           0.414    21.962    SEG7_upgrade_i/mdm_1/U0/MDM_Core_I1/JTAG_CONTROL_I/Use_BSCAN.FDC_I/p_25_out__0
    SLICE_X55Y48         LUT6 (Prop_lut6_I1_O)        0.124    22.086 r  SEG7_upgrade_i/mdm_1/U0/MDM_Core_I1/JTAG_CONTROL_I/Use_BSCAN.FDC_I/Use_Serial_Unified_Completion.mb_instr_overrun_i_1/O
                         net (fo=1, routed)           0.000    22.086    SEG7_upgrade_i/mdm_1/U0/MDM_Core_I1/JTAG_CONTROL_I/Use_BSCAN.FDC_I_n_30
    SLICE_X55Y48         FDCE                                         r  SEG7_upgrade_i/mdm_1/U0/MDM_Core_I1/JTAG_CONTROL_I/Use_Serial_Unified_Completion.mb_instr_overrun_reg/D
  -------------------------------------------------------------------    -------------------

                         (clock SEG7_upgrade_i/mdm_1/U0/Use_E2.BSCAN_I/Use_E2.BSCANE2_I/DRCK rise edge)
                                                     33.333    33.333 r  
    BSCAN_X0Y1           BSCANE2                      0.000    33.333 r  SEG7_upgrade_i/mdm_1/U0/Use_E2.BSCAN_I/Use_E2.BSCANE2_I/DRCK
                         net (fo=1, routed)           1.602    34.935    SEG7_upgrade_i/mdm_1/U0/No_Dbg_Reg_Access.BUFG_DRCK/DRCK
    BUFGCTRL_X0Y1        BUFG (Prop_bufg_I_O)         0.091    35.026 r  SEG7_upgrade_i/mdm_1/U0/No_Dbg_Reg_Access.BUFG_DRCK/Using_FPGA.Native/O
                         net (fo=232, routed)         1.453    36.480    SEG7_upgrade_i/mdm_1/U0/MDM_Core_I1/JTAG_CONTROL_I/Using_FPGA.Native
    SLICE_X55Y48         FDCE                                         r  SEG7_upgrade_i/mdm_1/U0/MDM_Core_I1/JTAG_CONTROL_I/Use_Serial_Unified_Completion.mb_instr_overrun_reg/C
                         clock pessimism              0.361    36.841    
                         clock uncertainty           -0.035    36.805    
    SLICE_X55Y48         FDCE (Setup_fdce_C_D)        0.031    36.836    SEG7_upgrade_i/mdm_1/U0/MDM_Core_I1/JTAG_CONTROL_I/Use_Serial_Unified_Completion.mb_instr_overrun_reg
  -------------------------------------------------------------------
                         required time                         36.836    
                         arrival time                         -22.086    
  -------------------------------------------------------------------
                         slack                                 14.750    





Min Delay Paths
--------------------------------------------------------------------------------------
Slack (MET) :             0.064ns  (arrival time - required time)
  Source:                 SEG7_upgrade_i/mdm_1/U0/MDM_Core_I1/JTAG_CONTROL_I/Use_Serial_Unified_Completion.mb_instr_overrun_reg/C
                            (rising edge-triggered cell FDCE clocked by SEG7_upgrade_i/mdm_1/U0/Use_E2.BSCAN_I/Use_E2.BSCANE2_I/DRCK  {rise@0.000ns fall@16.667ns period=33.333ns})
  Destination:            SEG7_upgrade_i/mdm_1/U0/MDM_Core_I1/JTAG_CONTROL_I/Use_Serial_Unified_Completion.sample_1_reg[10]/D
                            (rising edge-triggered cell FDCE clocked by SEG7_upgrade_i/mdm_1/U0/Use_E2.BSCAN_I/Use_E2.BSCANE2_I/DRCK  {rise@0.000ns fall@16.667ns period=33.333ns})
  Path Group:             SEG7_upgrade_i/mdm_1/U0/Use_E2.BSCAN_I/Use_E2.BSCANE2_I/DRCK
  Path Type:              Hold (Min at Fast Process Corner)
  Requirement:            0.000ns  (SEG7_upgrade_i/mdm_1/U0/Use_E2.BSCAN_I/Use_E2.BSCANE2_I/DRCK rise@0.000ns - SEG7_upgrade_i/mdm_1/U0/Use_E2.BSCAN_I/Use_E2.BSCANE2_I/DRCK rise@0.000ns)
  Data Path Delay:        0.379ns  (logic 0.141ns (37.223%)  route 0.238ns (62.777%))
  Logic Levels:           0  
  Clock Path Skew:        0.269ns (DCD - SCD - CPR)
    Destination Clock Delay (DCD):    1.733ns
    Source Clock Delay      (SCD):    1.344ns
    Clock Pessimism Removal (CPR):    0.120ns

    Location             Delay type                Incr(ns)  Path(ns)    Netlist Resource(s)
  -------------------------------------------------------------------    -------------------
                         (clock SEG7_upgrade_i/mdm_1/U0/Use_E2.BSCAN_I/Use_E2.BSCANE2_I/DRCK rise edge)
                                                      0.000     0.000 r  
    BSCAN_X0Y1           BSCANE2                      0.000     0.000 r  SEG7_upgrade_i/mdm_1/U0/Use_E2.BSCAN_I/Use_E2.BSCANE2_I/DRCK
                         net (fo=1, routed)           0.751     0.751    SEG7_upgrade_i/mdm_1/U0/No_Dbg_Reg_Access.BUFG_DRCK/DRCK
    BUFGCTRL_X0Y1        BUFG (Prop_bufg_I_O)         0.026     0.777 r  SEG7_upgrade_i/mdm_1/U0/No_Dbg_Reg_Access.BUFG_DRCK/Using_FPGA.Native/O
                         net (fo=232, routed)         0.567     1.344    SEG7_upgrade_i/mdm_1/U0/MDM_Core_I1/JTAG_CONTROL_I/Using_FPGA.Native
    SLICE_X55Y48         FDCE                                         r  SEG7_upgrade_i/mdm_1/U0/MDM_Core_I1/JTAG_CONTROL_I/Use_Serial_Unified_Completion.mb_instr_overrun_reg/C
  -------------------------------------------------------------------    -------------------
    SLICE_X55Y48         FDCE (Prop_fdce_C_Q)         0.141     1.485 r  SEG7_upgrade_i/mdm_1/U0/MDM_Core_I1/JTAG_CONTROL_I/Use_Serial_Unified_Completion.mb_instr_overrun_reg/Q
                         net (fo=3, routed)           0.238     1.723    SEG7_upgrade_i/mdm_1/U0/MDM_Core_I1/JTAG_CONTROL_I/mb_instr_overrun
    SLICE_X57Y50         FDCE                                         r  SEG7_upgrade_i/mdm_1/U0/MDM_Core_I1/JTAG_CONTROL_I/Use_Serial_Unified_Completion.sample_1_reg[10]/D
  -------------------------------------------------------------------    -------------------

                         (clock SEG7_upgrade_i/mdm_1/U0/Use_E2.BSCAN_I/Use_E2.BSCANE2_I/DRCK rise edge)
                                                      0.000     0.000 r  
    BSCAN_X0Y1           BSCANE2                      0.000     0.000 r  SEG7_upgrade_i/mdm_1/U0/Use_E2.BSCAN_I/Use_E2.BSCANE2_I/DRCK
                         net (fo=1, routed)           0.868     0.868    SEG7_upgrade_i/mdm_1/U0/No_Dbg_Reg_Access.BUFG_DRCK/DRCK
    BUFGCTRL_X0Y1        BUFG (Prop_bufg_I_O)         0.029     0.897 r  SEG7_upgrade_i/mdm_1/U0/No_Dbg_Reg_Access.BUFG_DRCK/Using_FPGA.Native/O
                         net (fo=232, routed)         0.835     1.733    SEG7_upgrade_i/mdm_1/U0/MDM_Core_I1/JTAG_CONTROL_I/Using_FPGA.Native
    SLICE_X57Y50         FDCE                                         r  SEG7_upgrade_i/mdm_1/U0/MDM_Core_I1/JTAG_CONTROL_I/Use_Serial_Unified_Completion.sample_1_reg[10]/C
                         clock pessimism             -0.120     1.613    
    SLICE_X57Y50         FDCE (Hold_fdce_C_D)         0.046     1.659    SEG7_upgrade_i/mdm_1/U0/MDM_Core_I1/JTAG_CONTROL_I/Use_Serial_Unified_Completion.sample_1_reg[10]
  -------------------------------------------------------------------
                         required time                         -1.659    
                         arrival time                           1.723    
  -------------------------------------------------------------------
                         slack                                  0.064    

Slack (MET) :             0.070ns  (arrival time - required time)
  Source:                 SEG7_upgrade_i/mdm_1/U0/MDM_Core_I1/JTAG_CONTROL_I/Use_Serial_Unified_Completion.mb_instr_error_reg/C
                            (rising edge-triggered cell FDCE clocked by SEG7_upgrade_i/mdm_1/U0/Use_E2.BSCAN_I/Use_E2.BSCANE2_I/DRCK  {rise@0.000ns fall@16.667ns period=33.333ns})
  Destination:            SEG7_upgrade_i/mdm_1/U0/MDM_Core_I1/JTAG_CONTROL_I/Use_Serial_Unified_Completion.sample_1_reg[11]/D
                            (rising edge-triggered cell FDCE clocked by SEG7_upgrade_i/mdm_1/U0/Use_E2.BSCAN_I/Use_E2.BSCANE2_I/DRCK  {rise@0.000ns fall@16.667ns period=33.333ns})
  Path Group:             SEG7_upgrade_i/mdm_1/U0/Use_E2.BSCAN_I/Use_E2.BSCANE2_I/DRCK
  Path Type:              Hold (Min at Fast Process Corner)
  Requirement:            0.000ns  (SEG7_upgrade_i/mdm_1/U0/Use_E2.BSCAN_I/Use_E2.BSCANE2_I/DRCK rise@0.000ns - SEG7_upgrade_i/mdm_1/U0/Use_E2.BSCAN_I/Use_E2.BSCANE2_I/DRCK rise@0.000ns)
  Data Path Delay:        0.386ns  (logic 0.141ns (36.550%)  route 0.245ns (63.450%))
  Logic Levels:           0  
  Clock Path Skew:        0.269ns (DCD - SCD - CPR)
    Destination Clock Delay (DCD):    1.733ns
    Source Clock Delay      (SCD):    1.344ns
    Clock Pessimism Removal (CPR):    0.120ns

    Location             Delay type                Incr(ns)  Path(ns)    Netlist Resource(s)
  -------------------------------------------------------------------    -------------------
                         (clock SEG7_upgrade_i/mdm_1/U0/Use_E2.BSCAN_I/Use_E2.BSCANE2_I/DRCK rise edge)
                                                      0.000     0.000 r  
    BSCAN_X0Y1           BSCANE2                      0.000     0.000 r  SEG7_upgrade_i/mdm_1/U0/Use_E2.BSCAN_I/Use_E2.BSCANE2_I/DRCK
                         net (fo=1, routed)           0.751     0.751    SEG7_upgrade_i/mdm_1/U0/No_Dbg_Reg_Access.BUFG_DRCK/DRCK
    BUFGCTRL_X0Y1        BUFG (Prop_bufg_I_O)         0.026     0.777 r  SEG7_upgrade_i/mdm_1/U0/No_Dbg_Reg_Access.BUFG_DRCK/Using_FPGA.Native/O
                         net (fo=232, routed)         0.567     1.344    SEG7_upgrade_i/mdm_1/U0/MDM_Core_I1/JTAG_CONTROL_I/Using_FPGA.Native
    SLICE_X55Y48         FDCE                                         r  SEG7_upgrade_i/mdm_1/U0/MDM_Core_I1/JTAG_CONTROL_I/Use_Serial_Unified_Completion.mb_instr_error_reg/C
  -------------------------------------------------------------------    -------------------
    SLICE_X55Y48         FDCE (Prop_fdce_C_Q)         0.141     1.485 r  SEG7_upgrade_i/mdm_1/U0/MDM_Core_I1/JTAG_CONTROL_I/Use_Serial_Unified_Completion.mb_instr_error_reg/Q
                         net (fo=3, routed)           0.245     1.730    SEG7_upgrade_i/mdm_1/U0/MDM_Core_I1/JTAG_CONTROL_I/Use_Serial_Unified_Completion.mb_instr_error_reg_n_0
    SLICE_X57Y50         FDCE                                         r  SEG7_upgrade_i/mdm_1/U0/MDM_Core_I1/JTAG_CONTROL_I/Use_Serial_Unified_Completion.sample_1_reg[11]/D
  -------------------------------------------------------------------    -------------------

                         (clock SEG7_upgrade_i/mdm_1/U0/Use_E2.BSCAN_I/Use_E2.BSCANE2_I/DRCK rise edge)
                                                      0.000     0.000 r  
    BSCAN_X0Y1           BSCANE2                      0.000     0.000 r  SEG7_upgrade_i/mdm_1/U0/Use_E2.BSCAN_I/Use_E2.BSCANE2_I/DRCK
                         net (fo=1, routed)           0.868     0.868    SEG7_upgrade_i/mdm_1/U0/No_Dbg_Reg_Access.BUFG_DRCK/DRCK
    BUFGCTRL_X0Y1        BUFG (Prop_bufg_I_O)         0.029     0.897 r  SEG7_upgrade_i/mdm_1/U0/No_Dbg_Reg_Access.BUFG_DRCK/Using_FPGA.Native/O
                         net (fo=232, routed)         0.835     1.733    SEG7_upgrade_i/mdm_1/U0/MDM_Core_I1/JTAG_CONTROL_I/Using_FPGA.Native
    SLICE_X57Y50         FDCE                                         r  SEG7_upgrade_i/mdm_1/U0/MDM_Core_I1/JTAG_CONTROL_I/Use_Serial_Unified_Completion.sample_1_reg[11]/C
                         clock pessimism             -0.120     1.613    
    SLICE_X57Y50         FDCE (Hold_fdce_C_D)         0.047     1.660    SEG7_upgrade_i/mdm_1/U0/MDM_Core_I1/JTAG_CONTROL_I/Use_Serial_Unified_Completion.sample_1_reg[11]
  -------------------------------------------------------------------
                         required time                         -1.660    
                         arrival time                           1.730    
  -------------------------------------------------------------------
                         slack                                  0.070    

Slack (MET) :             0.083ns  (arrival time - required time)
  Source:                 SEG7_upgrade_i/mdm_1/U0/MDM_Core_I1/JTAG_CONTROL_I/Use_Serial_Unified_Completion.mb_data_overrun_reg/C
                            (rising edge-triggered cell FDCE clocked by SEG7_upgrade_i/mdm_1/U0/Use_E2.BSCAN_I/Use_E2.BSCANE2_I/DRCK  {rise@0.000ns fall@16.667ns period=33.333ns})
  Destination:            SEG7_upgrade_i/mdm_1/U0/MDM_Core_I1/JTAG_CONTROL_I/Use_Serial_Unified_Completion.sample_1_reg[12]/D
                            (rising edge-triggered cell FDCE clocked by SEG7_upgrade_i/mdm_1/U0/Use_E2.BSCAN_I/Use_E2.BSCANE2_I/DRCK  {rise@0.000ns fall@16.667ns period=33.333ns})
  Path Group:             SEG7_upgrade_i/mdm_1/U0/Use_E2.BSCAN_I/Use_E2.BSCANE2_I/DRCK
  Path Type:              Hold (Min at Fast Process Corner)
  Requirement:            0.000ns  (SEG7_upgrade_i/mdm_1/U0/Use_E2.BSCAN_I/Use_E2.BSCANE2_I/DRCK rise@0.000ns - SEG7_upgrade_i/mdm_1/U0/Use_E2.BSCAN_I/Use_E2.BSCANE2_I/DRCK rise@0.000ns)
  Data Path Delay:        0.420ns  (logic 0.164ns (39.027%)  route 0.256ns (60.973%))
  Logic Levels:           0  
  Clock Path Skew:        0.267ns (DCD - SCD - CPR)
    Destination Clock Delay (DCD):    1.733ns
    Source Clock Delay      (SCD):    1.346ns
    Clock Pessimism Removal (CPR):    0.120ns

    Location             Delay type                Incr(ns)  Path(ns)    Netlist Resource(s)
  -------------------------------------------------------------------    -------------------
                         (clock SEG7_upgrade_i/mdm_1/U0/Use_E2.BSCAN_I/Use_E2.BSCANE2_I/DRCK rise edge)
                                                      0.000     0.000 r  
    BSCAN_X0Y1           BSCANE2                      0.000     0.000 r  SEG7_upgrade_i/mdm_1/U0/Use_E2.BSCAN_I/Use_E2.BSCANE2_I/DRCK
                         net (fo=1, routed)           0.751     0.751    SEG7_upgrade_i/mdm_1/U0/No_Dbg_Reg_Access.BUFG_DRCK/DRCK
    BUFGCTRL_X0Y1        BUFG (Prop_bufg_I_O)         0.026     0.777 r  SEG7_upgrade_i/mdm_1/U0/No_Dbg_Reg_Access.BUFG_DRCK/Using_FPGA.Native/O
                         net (fo=232, routed)         0.569     1.346    SEG7_upgrade_i/mdm_1/U0/MDM_Core_I1/JTAG_CONTROL_I/Using_FPGA.Native
    SLICE_X56Y49         FDCE                                         r  SEG7_upgrade_i/mdm_1/U0/MDM_Core_I1/JTAG_CONTROL_I/Use_Serial_Unified_Completion.mb_data_overrun_reg/C
  -------------------------------------------------------------------    -------------------
    SLICE_X56Y49         FDCE (Prop_fdce_C_Q)         0.164     1.510 r  SEG7_upgrade_i/mdm_1/U0/MDM_Core_I1/JTAG_CONTROL_I/Use_Serial_Unified_Completion.mb_data_overrun_reg/Q
                         net (fo=3, routed)           0.256     1.766    SEG7_upgrade_i/mdm_1/U0/MDM_Core_I1/JTAG_CONTROL_I/Use_Serial_Unified_Completion.mb_data_overrun_reg_n_0
    SLICE_X57Y50         FDCE                                         r  SEG7_upgrade_i/mdm_1/U0/MDM_Core_I1/JTAG_CONTROL_I/Use_Serial_Unified_Completion.sample_1_reg[12]/D
  -------------------------------------------------------------------    -------------------

                         (clock SEG7_upgrade_i/mdm_1/U0/Use_E2.BSCAN_I/Use_E2.BSCANE2_I/DRCK rise edge)
                                                      0.000     0.000 r  
    BSCAN_X0Y1           BSCANE2                      0.000     0.000 r  SEG7_upgrade_i/mdm_1/U0/Use_E2.BSCAN_I/Use_E2.BSCANE2_I/DRCK
                         net (fo=1, routed)           0.868     0.868    SEG7_upgrade_i/mdm_1/U0/No_Dbg_Reg_Access.BUFG_DRCK/DRCK
    BUFGCTRL_X0Y1        BUFG (Prop_bufg_I_O)         0.029     0.897 r  SEG7_upgrade_i/mdm_1/U0/No_Dbg_Reg_Access.BUFG_DRCK/Using_FPGA.Native/O
                         net (fo=232, routed)         0.835     1.733    SEG7_upgrade_i/mdm_1/U0/MDM_Core_I1/JTAG_CONTROL_I/Using_FPGA.Native
    SLICE_X57Y50         FDCE                                         r  SEG7_upgrade_i/mdm_1/U0/MDM_Core_I1/JTAG_CONTROL_I/Use_Serial_Unified_Completion.sample_1_reg[12]/C
                         clock pessimism             -0.120     1.613    
    SLICE_X57Y50         FDCE (Hold_fdce_C_D)         0.070     1.683    SEG7_upgrade_i/mdm_1/U0/MDM_Core_I1/JTAG_CONTROL_I/Use_Serial_Unified_Completion.sample_1_reg[12]
  -------------------------------------------------------------------
                         required time                         -1.683    
                         arrival time                           1.766    
  -------------------------------------------------------------------
                         slack                                  0.083    

Slack (MET) :             0.143ns  (arrival time - required time)
  Source:                 SEG7_upgrade_i/mdm_1/U0/MDM_Core_I1/Use_BSCAN.Config_Reg_reg[30]/C
                            (rising edge-triggered cell FDPE clocked by SEG7_upgrade_i/mdm_1/U0/Use_E2.BSCAN_I/Use_E2.BSCANE2_I/DRCK  {rise@0.000ns fall@16.667ns period=33.333ns})
  Destination:            SEG7_upgrade_i/mdm_1/U0/MDM_Core_I1/Use_BSCAN.Config_Reg_reg[28]_srl2_MDM_Core_I1_Use_BSCAN.Config_Reg_reg_c_0/D
                            (rising edge-triggered cell SRL16E clocked by SEG7_upgrade_i/mdm_1/U0/Use_E2.BSCAN_I/Use_E2.BSCANE2_I/DRCK  {rise@0.000ns fall@16.667ns period=33.333ns})
  Path Group:             SEG7_upgrade_i/mdm_1/U0/Use_E2.BSCAN_I/Use_E2.BSCANE2_I/DRCK
  Path Type:              Hold (Min at Fast Process Corner)
  Requirement:            0.000ns  (SEG7_upgrade_i/mdm_1/U0/Use_E2.BSCAN_I/Use_E2.BSCANE2_I/DRCK rise@0.000ns - SEG7_upgrade_i/mdm_1/U0/Use_E2.BSCAN_I/Use_E2.BSCANE2_I/DRCK rise@0.000ns)
  Data Path Delay:        0.274ns  (logic 0.164ns (59.853%)  route 0.110ns (40.147%))
  Logic Levels:           0  
  Clock Path Skew:        0.016ns (DCD - SCD - CPR)
    Destination Clock Delay (DCD):    1.761ns
    Source Clock Delay      (SCD):    1.371ns
    Clock Pessimism Removal (CPR):    0.374ns

    Location             Delay type                Incr(ns)  Path(ns)    Netlist Resource(s)
  -------------------------------------------------------------------    -------------------
                         (clock SEG7_upgrade_i/mdm_1/U0/Use_E2.BSCAN_I/Use_E2.BSCANE2_I/DRCK rise edge)
                                                      0.000     0.000 r  
    BSCAN_X0Y1           BSCANE2                      0.000     0.000 r  SEG7_upgrade_i/mdm_1/U0/Use_E2.BSCAN_I/Use_E2.BSCANE2_I/DRCK
                         net (fo=1, routed)           0.751     0.751    SEG7_upgrade_i/mdm_1/U0/No_Dbg_Reg_Access.BUFG_DRCK/DRCK
    BUFGCTRL_X0Y1        BUFG (Prop_bufg_I_O)         0.026     0.777 r  SEG7_upgrade_i/mdm_1/U0/No_Dbg_Reg_Access.BUFG_DRCK/Using_FPGA.Native/O
                         net (fo=232, routed)         0.594     1.371    SEG7_upgrade_i/mdm_1/U0/MDM_Core_I1/Using_FPGA.Native
    SLICE_X60Y46         FDPE                                         r  SEG7_upgrade_i/mdm_1/U0/MDM_Core_I1/Use_BSCAN.Config_Reg_reg[30]/C
  -------------------------------------------------------------------    -------------------
    SLICE_X60Y46         FDPE (Prop_fdpe_C_Q)         0.164     1.535 r  SEG7_upgrade_i/mdm_1/U0/MDM_Core_I1/Use_BSCAN.Config_Reg_reg[30]/Q
                         net (fo=1, routed)           0.110     1.645    SEG7_upgrade_i/mdm_1/U0/MDM_Core_I1/Use_BSCAN.Config_Reg_reg_n_0_[30]
    SLICE_X60Y45         SRL16E                                       r  SEG7_upgrade_i/mdm_1/U0/MDM_Core_I1/Use_BSCAN.Config_Reg_reg[28]_srl2_MDM_Core_I1_Use_BSCAN.Config_Reg_reg_c_0/D
  -------------------------------------------------------------------    -------------------

                         (clock SEG7_upgrade_i/mdm_1/U0/Use_E2.BSCAN_I/Use_E2.BSCANE2_I/DRCK rise edge)
                                                      0.000     0.000 r  
    BSCAN_X0Y1           BSCANE2                      0.000     0.000 r  SEG7_upgrade_i/mdm_1/U0/Use_E2.BSCAN_I/Use_E2.BSCANE2_I/DRCK
                         net (fo=1, routed)           0.868     0.868    SEG7_upgrade_i/mdm_1/U0/No_Dbg_Reg_Access.BUFG_DRCK/DRCK
    BUFGCTRL_X0Y1        BUFG (Prop_bufg_I_O)         0.029     0.897 r  SEG7_upgrade_i/mdm_1/U0/No_Dbg_Reg_Access.BUFG_DRCK/Using_FPGA.Native/O
                         net (fo=232, routed)         0.864     1.761    SEG7_upgrade_i/mdm_1/U0/MDM_Core_I1/Using_FPGA.Native
    SLICE_X60Y45         SRL16E                                       r  SEG7_upgrade_i/mdm_1/U0/MDM_Core_I1/Use_BSCAN.Config_Reg_reg[28]_srl2_MDM_Core_I1_Use_BSCAN.Config_Reg_reg_c_0/CLK
                         clock pessimism             -0.374     1.387    
    SLICE_X60Y45         SRL16E (Hold_srl16e_CLK_D)
                                                      0.115     1.502    SEG7_upgrade_i/mdm_1/U0/MDM_Core_I1/Use_BSCAN.Config_Reg_reg[28]_srl2_MDM_Core_I1_Use_BSCAN.Config_Reg_reg_c_0
  -------------------------------------------------------------------
                         required time                         -1.502    
                         arrival time                           1.645    
  -------------------------------------------------------------------
                         slack                                  0.143    

Slack (MET) :             0.155ns  (arrival time - required time)
  Source:                 SEG7_upgrade_i/mdm_1/U0/MDM_Core_I1/JTAG_CONTROL_I/Use_Serial_Unified_Completion.count_reg[4]/C
                            (rising edge-triggered cell FDCE clocked by SEG7_upgrade_i/mdm_1/U0/Use_E2.BSCAN_I/Use_E2.BSCANE2_I/DRCK  {rise@0.000ns fall@16.667ns period=33.333ns})
  Destination:            SEG7_upgrade_i/mdm_1/U0/MDM_Core_I1/JTAG_CONTROL_I/Use_Serial_Unified_Completion.count_reg[1]__0/D
                            (rising edge-triggered cell FDCE clocked by SEG7_upgrade_i/mdm_1/U0/Use_E2.BSCAN_I/Use_E2.BSCANE2_I/DRCK  {rise@0.000ns fall@16.667ns period=33.333ns})
  Path Group:             SEG7_upgrade_i/mdm_1/U0/Use_E2.BSCAN_I/Use_E2.BSCANE2_I/DRCK
  Path Type:              Hold (Min at Fast Process Corner)
  Requirement:            0.000ns  (SEG7_upgrade_i/mdm_1/U0/Use_E2.BSCAN_I/Use_E2.BSCANE2_I/DRCK rise@0.000ns - SEG7_upgrade_i/mdm_1/U0/Use_E2.BSCAN_I/Use_E2.BSCANE2_I/DRCK rise@0.000ns)
  Data Path Delay:        0.260ns  (logic 0.186ns (71.492%)  route 0.074ns (28.508%))
  Logic Levels:           1  (LUT6=1)
  Clock Path Skew:        0.013ns (DCD - SCD - CPR)
    Destination Clock Delay (DCD):    1.760ns
    Source Clock Delay      (SCD):    1.370ns
    Clock Pessimism Removal (CPR):    0.377ns

    Location             Delay type                Incr(ns)  Path(ns)    Netlist Resource(s)
  -------------------------------------------------------------------    -------------------
                         (clock SEG7_upgrade_i/mdm_1/U0/Use_E2.BSCAN_I/Use_E2.BSCANE2_I/DRCK rise edge)
                                                      0.000     0.000 r  
    BSCAN_X0Y1           BSCANE2                      0.000     0.000 r  SEG7_upgrade_i/mdm_1/U0/Use_E2.BSCAN_I/Use_E2.BSCANE2_I/DRCK
                         net (fo=1, routed)           0.751     0.751    SEG7_upgrade_i/mdm_1/U0/No_Dbg_Reg_Access.BUFG_DRCK/DRCK
    BUFGCTRL_X0Y1        BUFG (Prop_bufg_I_O)         0.026     0.777 r  SEG7_upgrade_i/mdm_1/U0/No_Dbg_Reg_Access.BUFG_DRCK/Using_FPGA.Native/O
                         net (fo=232, routed)         0.593     1.370    SEG7_upgrade_i/mdm_1/U0/MDM_Core_I1/JTAG_CONTROL_I/Using_FPGA.Native
    SLICE_X58Y50         FDCE                                         r  SEG7_upgrade_i/mdm_1/U0/MDM_Core_I1/JTAG_CONTROL_I/Use_Serial_Unified_Completion.count_reg[4]/C
  -------------------------------------------------------------------    -------------------
    SLICE_X58Y50         FDCE (Prop_fdce_C_Q)         0.141     1.511 r  SEG7_upgrade_i/mdm_1/U0/MDM_Core_I1/JTAG_CONTROL_I/Use_Serial_Unified_Completion.count_reg[4]/Q
                         net (fo=6, routed)           0.074     1.585    SEG7_upgrade_i/mdm_1/U0/MDM_Core_I1/JTAG_CONTROL_I/Use_Serial_Unified_Completion.count_reg[4]
    SLICE_X59Y50         LUT6 (Prop_lut6_I1_O)        0.045     1.630 r  SEG7_upgrade_i/mdm_1/U0/MDM_Core_I1/JTAG_CONTROL_I/Use_Serial_Unified_Completion.count[1]__0_i_1/O
                         net (fo=1, routed)           0.000     1.630    SEG7_upgrade_i/mdm_1/U0/MDM_Core_I1/JTAG_CONTROL_I/p_0_in[4]
    SLICE_X59Y50         FDCE                                         r  SEG7_upgrade_i/mdm_1/U0/MDM_Core_I1/JTAG_CONTROL_I/Use_Serial_Unified_Completion.count_reg[1]__0/D
  -------------------------------------------------------------------    -------------------

                         (clock SEG7_upgrade_i/mdm_1/U0/Use_E2.BSCAN_I/Use_E2.BSCANE2_I/DRCK rise edge)
                                                      0.000     0.000 r  
    BSCAN_X0Y1           BSCANE2                      0.000     0.000 r  SEG7_upgrade_i/mdm_1/U0/Use_E2.BSCAN_I/Use_E2.BSCANE2_I/DRCK
                         net (fo=1, routed)           0.868     0.868    SEG7_upgrade_i/mdm_1/U0/No_Dbg_Reg_Access.BUFG_DRCK/DRCK
    BUFGCTRL_X0Y1        BUFG (Prop_bufg_I_O)         0.029     0.897 r  SEG7_upgrade_i/mdm_1/U0/No_Dbg_Reg_Access.BUFG_DRCK/Using_FPGA.Native/O
                         net (fo=232, routed)         0.863     1.760    SEG7_upgrade_i/mdm_1/U0/MDM_Core_I1/JTAG_CONTROL_I/Using_FPGA.Native
    SLICE_X59Y50         FDCE                                         r  SEG7_upgrade_i/mdm_1/U0/MDM_Core_I1/JTAG_CONTROL_I/Use_Serial_Unified_Completion.count_reg[1]__0/C
                         clock pessimism             -0.377     1.383    
    SLICE_X59Y50         FDCE (Hold_fdce_C_D)         0.092     1.475    SEG7_upgrade_i/mdm_1/U0/MDM_Core_I1/JTAG_CONTROL_I/Use_Serial_Unified_Completion.count_reg[1]__0
  -------------------------------------------------------------------
                         required time                         -1.475    
                         arrival time                           1.630    
  -------------------------------------------------------------------
                         slack                                  0.155    

Slack (MET) :             0.160ns  (arrival time - required time)
  Source:                 SEG7_upgrade_i/mdm_1/U0/MDM_Core_I1/Use_BSCAN.Config_Reg_reg[26]/C
                            (rising edge-triggered cell FDCE clocked by SEG7_upgrade_i/mdm_1/U0/Use_E2.BSCAN_I/Use_E2.BSCANE2_I/DRCK  {rise@0.000ns fall@16.667ns period=33.333ns})
  Destination:            SEG7_upgrade_i/mdm_1/U0/MDM_Core_I1/Use_BSCAN.Config_Reg_reg[25]/D
                            (rising edge-triggered cell FDPE clocked by SEG7_upgrade_i/mdm_1/U0/Use_E2.BSCAN_I/Use_E2.BSCANE2_I/DRCK  {rise@0.000ns fall@16.667ns period=33.333ns})
  Path Group:             SEG7_upgrade_i/mdm_1/U0/Use_E2.BSCAN_I/Use_E2.BSCANE2_I/DRCK
  Path Type:              Hold (Min at Fast Process Corner)
  Requirement:            0.000ns  (SEG7_upgrade_i/mdm_1/U0/Use_E2.BSCAN_I/Use_E2.BSCANE2_I/DRCK rise@0.000ns - SEG7_upgrade_i/mdm_1/U0/Use_E2.BSCAN_I/Use_E2.BSCANE2_I/DRCK rise@0.000ns)
  Data Path Delay:        0.220ns  (logic 0.164ns (74.580%)  route 0.056ns (25.420%))
  Logic Levels:           0  
  Clock Path Skew:        0.000ns (DCD - SCD - CPR)
    Destination Clock Delay (DCD):    1.761ns
    Source Clock Delay      (SCD):    1.371ns
    Clock Pessimism Removal (CPR):    0.390ns

    Location             Delay type                Incr(ns)  Path(ns)    Netlist Resource(s)
  -------------------------------------------------------------------    -------------------
                         (clock SEG7_upgrade_i/mdm_1/U0/Use_E2.BSCAN_I/Use_E2.BSCANE2_I/DRCK rise edge)
                                                      0.000     0.000 r  
    BSCAN_X0Y1           BSCANE2                      0.000     0.000 r  SEG7_upgrade_i/mdm_1/U0/Use_E2.BSCAN_I/Use_E2.BSCANE2_I/DRCK
                         net (fo=1, routed)           0.751     0.751    SEG7_upgrade_i/mdm_1/U0/No_Dbg_Reg_Access.BUFG_DRCK/DRCK
    BUFGCTRL_X0Y1        BUFG (Prop_bufg_I_O)         0.026     0.777 r  SEG7_upgrade_i/mdm_1/U0/No_Dbg_Reg_Access.BUFG_DRCK/Using_FPGA.Native/O
                         net (fo=232, routed)         0.594     1.371    SEG7_upgrade_i/mdm_1/U0/MDM_Core_I1/Using_FPGA.Native
    SLICE_X60Y46         FDCE                                         r  SEG7_upgrade_i/mdm_1/U0/MDM_Core_I1/Use_BSCAN.Config_Reg_reg[26]/C
  -------------------------------------------------------------------    -------------------
    SLICE_X60Y46         FDCE (Prop_fdce_C_Q)         0.164     1.535 r  SEG7_upgrade_i/mdm_1/U0/MDM_Core_I1/Use_BSCAN.Config_Reg_reg[26]/Q
                         net (fo=1, routed)           0.056     1.591    SEG7_upgrade_i/mdm_1/U0/MDM_Core_I1/Use_BSCAN.Config_Reg_reg_n_0_[26]
    SLICE_X60Y46         FDPE                                         r  SEG7_upgrade_i/mdm_1/U0/MDM_Core_I1/Use_BSCAN.Config_Reg_reg[25]/D
  -------------------------------------------------------------------    -------------------

                         (clock SEG7_upgrade_i/mdm_1/U0/Use_E2.BSCAN_I/Use_E2.BSCANE2_I/DRCK rise edge)
                                                      0.000     0.000 r  
    BSCAN_X0Y1           BSCANE2                      0.000     0.000 r  SEG7_upgrade_i/mdm_1/U0/Use_E2.BSCAN_I/Use_E2.BSCANE2_I/DRCK
                         net (fo=1, routed)           0.868     0.868    SEG7_upgrade_i/mdm_1/U0/No_Dbg_Reg_Access.BUFG_DRCK/DRCK
    BUFGCTRL_X0Y1        BUFG (Prop_bufg_I_O)         0.029     0.897 r  SEG7_upgrade_i/mdm_1/U0/No_Dbg_Reg_Access.BUFG_DRCK/Using_FPGA.Native/O
                         net (fo=232, routed)         0.864     1.761    SEG7_upgrade_i/mdm_1/U0/MDM_Core_I1/Using_FPGA.Native
    SLICE_X60Y46         FDPE                                         r  SEG7_upgrade_i/mdm_1/U0/MDM_Core_I1/Use_BSCAN.Config_Reg_reg[25]/C
                         clock pessimism             -0.390     1.371    
    SLICE_X60Y46         FDPE (Hold_fdpe_C_D)         0.060     1.431    SEG7_upgrade_i/mdm_1/U0/MDM_Core_I1/Use_BSCAN.Config_Reg_reg[25]
  -------------------------------------------------------------------
                         required time                         -1.431    
                         arrival time                           1.591    
  -------------------------------------------------------------------
                         slack                                  0.160    

Slack (MET) :             0.167ns  (arrival time - required time)
  Source:                 SEG7_upgrade_i/mdm_1/U0/MDM_Core_I1/JTAG_CONTROL_I/Use_Serial_Unified_Completion.completion_status_reg[10]/C
                            (rising edge-triggered cell FDCE clocked by SEG7_upgrade_i/mdm_1/U0/Use_E2.BSCAN_I/Use_E2.BSCANE2_I/DRCK  {rise@0.000ns fall@16.667ns period=33.333ns})
  Destination:            SEG7_upgrade_i/mdm_1/U0/MDM_Core_I1/JTAG_CONTROL_I/Use_Serial_Unified_Completion.completion_status_reg[9]/D
                            (rising edge-triggered cell FDCE clocked by SEG7_upgrade_i/mdm_1/U0/Use_E2.BSCAN_I/Use_E2.BSCANE2_I/DRCK  {rise@0.000ns fall@16.667ns period=33.333ns})
  Path Group:             SEG7_upgrade_i/mdm_1/U0/Use_E2.BSCAN_I/Use_E2.BSCANE2_I/DRCK
  Path Type:              Hold (Min at Fast Process Corner)
  Requirement:            0.000ns  (SEG7_upgrade_i/mdm_1/U0/Use_E2.BSCAN_I/Use_E2.BSCANE2_I/DRCK rise@0.000ns - SEG7_upgrade_i/mdm_1/U0/Use_E2.BSCAN_I/Use_E2.BSCANE2_I/DRCK rise@0.000ns)
  Data Path Delay:        0.323ns  (logic 0.209ns (64.765%)  route 0.114ns (35.235%))
  Logic Levels:           1  (LUT6=1)
  Clock Path Skew:        0.035ns (DCD - SCD - CPR)
    Destination Clock Delay (DCD):    1.733ns
    Source Clock Delay      (SCD):    1.344ns
    Clock Pessimism Removal (CPR):    0.354ns

    Location             Delay type                Incr(ns)  Path(ns)    Netlist Resource(s)
  -------------------------------------------------------------------    -------------------
                         (clock SEG7_upgrade_i/mdm_1/U0/Use_E2.BSCAN_I/Use_E2.BSCANE2_I/DRCK rise edge)
                                                      0.000     0.000 r  
    BSCAN_X0Y1           BSCANE2                      0.000     0.000 r  SEG7_upgrade_i/mdm_1/U0/Use_E2.BSCAN_I/Use_E2.BSCANE2_I/DRCK
                         net (fo=1, routed)           0.751     0.751    SEG7_upgrade_i/mdm_1/U0/No_Dbg_Reg_Access.BUFG_DRCK/DRCK
    BUFGCTRL_X0Y1        BUFG (Prop_bufg_I_O)         0.026     0.777 r  SEG7_upgrade_i/mdm_1/U0/No_Dbg_Reg_Access.BUFG_DRCK/Using_FPGA.Native/O
                         net (fo=232, routed)         0.567     1.344    SEG7_upgrade_i/mdm_1/U0/MDM_Core_I1/JTAG_CONTROL_I/Using_FPGA.Native
    SLICE_X56Y51         FDCE                                         r  SEG7_upgrade_i/mdm_1/U0/MDM_Core_I1/JTAG_CONTROL_I/Use_Serial_Unified_Completion.completion_status_reg[10]/C
  -------------------------------------------------------------------    -------------------
    SLICE_X56Y51         FDCE (Prop_fdce_C_Q)         0.164     1.508 r  SEG7_upgrade_i/mdm_1/U0/MDM_Core_I1/JTAG_CONTROL_I/Use_Serial_Unified_Completion.completion_status_reg[10]/Q
                         net (fo=1, routed)           0.114     1.622    SEG7_upgrade_i/mdm_1/U0/MDM_Core_I1/JTAG_CONTROL_I/Use_BSCAN.FDC_I/Use_Serial_Unified_Completion.completion_status_reg[9][10]
    SLICE_X54Y51         LUT6 (Prop_lut6_I5_O)        0.045     1.667 r  SEG7_upgrade_i/mdm_1/U0/MDM_Core_I1/JTAG_CONTROL_I/Use_BSCAN.FDC_I/Use_Serial_Unified_Completion.completion_status[9]_i_2/O
                         net (fo=1, routed)           0.000     1.667    SEG7_upgrade_i/mdm_1/U0/MDM_Core_I1/JTAG_CONTROL_I/p_1_in[9]
    SLICE_X54Y51         FDCE                                         r  SEG7_upgrade_i/mdm_1/U0/MDM_Core_I1/JTAG_CONTROL_I/Use_Serial_Unified_Completion.completion_status_reg[9]/D
  -------------------------------------------------------------------    -------------------

                         (clock SEG7_upgrade_i/mdm_1/U0/Use_E2.BSCAN_I/Use_E2.BSCANE2_I/DRCK rise edge)
                                                      0.000     0.000 r  
    BSCAN_X0Y1           BSCANE2                      0.000     0.000 r  SEG7_upgrade_i/mdm_1/U0/Use_E2.BSCAN_I/Use_E2.BSCANE2_I/DRCK
                         net (fo=1, routed)           0.868     0.868    SEG7_upgrade_i/mdm_1/U0/No_Dbg_Reg_Access.BUFG_DRCK/DRCK
    BUFGCTRL_X0Y1        BUFG (Prop_bufg_I_O)         0.029     0.897 r  SEG7_upgrade_i/mdm_1/U0/No_Dbg_Reg_Access.BUFG_DRCK/Using_FPGA.Native/O
                         net (fo=232, routed)         0.835     1.733    SEG7_upgrade_i/mdm_1/U0/MDM_Core_I1/JTAG_CONTROL_I/Using_FPGA.Native
    SLICE_X54Y51         FDCE                                         r  SEG7_upgrade_i/mdm_1/U0/MDM_Core_I1/JTAG_CONTROL_I/Use_Serial_Unified_Completion.completion_status_reg[9]/C
                         clock pessimism             -0.354     1.379    
    SLICE_X54Y51         FDCE (Hold_fdce_C_D)         0.121     1.500    SEG7_upgrade_i/mdm_1/U0/MDM_Core_I1/JTAG_CONTROL_I/Use_Serial_Unified_Completion.completion_status_reg[9]
  -------------------------------------------------------------------
                         required time                         -1.500    
                         arrival time                           1.667    
  -------------------------------------------------------------------
                         slack                                  0.167    

Slack (MET) :             0.169ns  (arrival time - required time)
  Source:                 SEG7_upgrade_i/mdm_1/U0/MDM_Core_I1/Use_BSCAN.Config_Reg_reg_c_10/C
                            (rising edge-triggered cell FDCE clocked by SEG7_upgrade_i/mdm_1/U0/Use_E2.BSCAN_I/Use_E2.BSCANE2_I/DRCK  {rise@0.000ns fall@16.667ns period=33.333ns})
  Destination:            SEG7_upgrade_i/mdm_1/U0/MDM_Core_I1/Use_BSCAN.Config_Reg_reg_c_11/D
                            (rising edge-triggered cell FDCE clocked by SEG7_upgrade_i/mdm_1/U0/Use_E2.BSCAN_I/Use_E2.BSCANE2_I/DRCK  {rise@0.000ns fall@16.667ns period=33.333ns})
  Path Group:             SEG7_upgrade_i/mdm_1/U0/Use_E2.BSCAN_I/Use_E2.BSCANE2_I/DRCK
  Path Type:              Hold (Min at Fast Process Corner)
  Requirement:            0.000ns  (SEG7_upgrade_i/mdm_1/U0/Use_E2.BSCAN_I/Use_E2.BSCANE2_I/DRCK rise@0.000ns - SEG7_upgrade_i/mdm_1/U0/Use_E2.BSCAN_I/Use_E2.BSCANE2_I/DRCK rise@0.000ns)
  Data Path Delay:        0.257ns  (logic 0.141ns (54.895%)  route 0.116ns (45.105%))
  Logic Levels:           0  
  Clock Path Skew:        0.013ns (DCD - SCD - CPR)
    Destination Clock Delay (DCD):    1.761ns
    Source Clock Delay      (SCD):    1.371ns
    Clock Pessimism Removal (CPR):    0.377ns

    Location             Delay type                Incr(ns)  Path(ns)    Netlist Resource(s)
  -------------------------------------------------------------------    -------------------
                         (clock SEG7_upgrade_i/mdm_1/U0/Use_E2.BSCAN_I/Use_E2.BSCANE2_I/DRCK rise edge)
                                                      0.000     0.000 r  
    BSCAN_X0Y1           BSCANE2                      0.000     0.000 r  SEG7_upgrade_i/mdm_1/U0/Use_E2.BSCAN_I/Use_E2.BSCANE2_I/DRCK
                         net (fo=1, routed)           0.751     0.751    SEG7_upgrade_i/mdm_1/U0/No_Dbg_Reg_Access.BUFG_DRCK/DRCK
    BUFGCTRL_X0Y1        BUFG (Prop_bufg_I_O)         0.026     0.777 r  SEG7_upgrade_i/mdm_1/U0/No_Dbg_Reg_Access.BUFG_DRCK/Using_FPGA.Native/O
                         net (fo=232, routed)         0.594     1.371    SEG7_upgrade_i/mdm_1/U0/MDM_Core_I1/Using_FPGA.Native
    SLICE_X58Y46         FDCE                                         r  SEG7_upgrade_i/mdm_1/U0/MDM_Core_I1/Use_BSCAN.Config_Reg_reg_c_10/C
  -------------------------------------------------------------------    -------------------
    SLICE_X58Y46         FDCE (Prop_fdce_C_Q)         0.141     1.512 r  SEG7_upgrade_i/mdm_1/U0/MDM_Core_I1/Use_BSCAN.Config_Reg_reg_c_10/Q
                         net (fo=1, routed)           0.116     1.628    SEG7_upgrade_i/mdm_1/U0/MDM_Core_I1/Use_BSCAN.Config_Reg_reg_c_10_n_0
    SLICE_X59Y46         FDCE                                         r  SEG7_upgrade_i/mdm_1/U0/MDM_Core_I1/Use_BSCAN.Config_Reg_reg_c_11/D
  -------------------------------------------------------------------    -------------------

                         (clock SEG7_upgrade_i/mdm_1/U0/Use_E2.BSCAN_I/Use_E2.BSCANE2_I/DRCK rise edge)
                                                      0.000     0.000 r  
    BSCAN_X0Y1           BSCANE2                      0.000     0.000 r  SEG7_upgrade_i/mdm_1/U0/Use_E2.BSCAN_I/Use_E2.BSCANE2_I/DRCK
                         net (fo=1, routed)           0.868     0.868    SEG7_upgrade_i/mdm_1/U0/No_Dbg_Reg_Access.BUFG_DRCK/DRCK
    BUFGCTRL_X0Y1        BUFG (Prop_bufg_I_O)         0.029     0.897 r  SEG7_upgrade_i/mdm_1/U0/No_Dbg_Reg_Access.BUFG_DRCK/Using_FPGA.Native/O
                         net (fo=232, routed)         0.864     1.761    SEG7_upgrade_i/mdm_1/U0/MDM_Core_I1/Using_FPGA.Native
    SLICE_X59Y46         FDCE                                         r  SEG7_upgrade_i/mdm_1/U0/MDM_Core_I1/Use_BSCAN.Config_Reg_reg_c_11/C
                         clock pessimism             -0.377     1.384    
    SLICE_X59Y46         FDCE (Hold_fdce_C_D)         0.075     1.459    SEG7_upgrade_i/mdm_1/U0/MDM_Core_I1/Use_BSCAN.Config_Reg_reg_c_11
  -------------------------------------------------------------------
                         required time                         -1.459    
                         arrival time                           1.628    
  -------------------------------------------------------------------
                         slack                                  0.169    

Slack (MET) :             0.174ns  (arrival time - required time)
  Source:                 SEG7_upgrade_i/mdm_1/U0/MDM_Core_I1/Use_BSCAN.Config_Reg_reg[9]/C
                            (rising edge-triggered cell FDPE clocked by SEG7_upgrade_i/mdm_1/U0/Use_E2.BSCAN_I/Use_E2.BSCANE2_I/DRCK  {rise@0.000ns fall@16.667ns period=33.333ns})
  Destination:            SEG7_upgrade_i/mdm_1/U0/MDM_Core_I1/Use_BSCAN.Config_Reg_reg[5]_srl4_MDM_Core_I1_Use_BSCAN.Config_Reg_reg_c_2/D
                            (rising edge-triggered cell SRL16E clocked by SEG7_upgrade_i/mdm_1/U0/Use_E2.BSCAN_I/Use_E2.BSCANE2_I/DRCK  {rise@0.000ns fall@16.667ns period=33.333ns})
  Path Group:             SEG7_upgrade_i/mdm_1/U0/Use_E2.BSCAN_I/Use_E2.BSCANE2_I/DRCK
  Path Type:              Hold (Min at Fast Process Corner)
  Requirement:            0.000ns  (SEG7_upgrade_i/mdm_1/U0/Use_E2.BSCAN_I/Use_E2.BSCANE2_I/DRCK rise@0.000ns - SEG7_upgrade_i/mdm_1/U0/Use_E2.BSCAN_I/Use_E2.BSCANE2_I/DRCK rise@0.000ns)
  Data Path Delay:        0.299ns  (logic 0.141ns (47.204%)  route 0.158ns (52.797%))
  Logic Levels:           0  
  Clock Path Skew:        0.016ns (DCD - SCD - CPR)
    Destination Clock Delay (DCD):    1.761ns
    Source Clock Delay      (SCD):    1.371ns
    Clock Pessimism Removal (CPR):    0.374ns

    Location             Delay type                Incr(ns)  Path(ns)    Netlist Resource(s)
  -------------------------------------------------------------------    -------------------
                         (clock SEG7_upgrade_i/mdm_1/U0/Use_E2.BSCAN_I/Use_E2.BSCANE2_I/DRCK rise edge)
                                                      0.000     0.000 r  
    BSCAN_X0Y1           BSCANE2                      0.000     0.000 r  SEG7_upgrade_i/mdm_1/U0/Use_E2.BSCAN_I/Use_E2.BSCANE2_I/DRCK
                         net (fo=1, routed)           0.751     0.751    SEG7_upgrade_i/mdm_1/U0/No_Dbg_Reg_Access.BUFG_DRCK/DRCK
    BUFGCTRL_X0Y1        BUFG (Prop_bufg_I_O)         0.026     0.777 r  SEG7_upgrade_i/mdm_1/U0/No_Dbg_Reg_Access.BUFG_DRCK/Using_FPGA.Native/O
                         net (fo=232, routed)         0.594     1.371    SEG7_upgrade_i/mdm_1/U0/MDM_Core_I1/Using_FPGA.Native
    SLICE_X58Y46         FDPE                                         r  SEG7_upgrade_i/mdm_1/U0/MDM_Core_I1/Use_BSCAN.Config_Reg_reg[9]/C
  -------------------------------------------------------------------    -------------------
    SLICE_X58Y46         FDPE (Prop_fdpe_C_Q)         0.141     1.512 r  SEG7_upgrade_i/mdm_1/U0/MDM_Core_I1/Use_BSCAN.Config_Reg_reg[9]/Q
                         net (fo=1, routed)           0.158     1.669    SEG7_upgrade_i/mdm_1/U0/MDM_Core_I1/Use_BSCAN.Config_Reg_reg_n_0_[9]
    SLICE_X60Y45         SRL16E                                       r  SEG7_upgrade_i/mdm_1/U0/MDM_Core_I1/Use_BSCAN.Config_Reg_reg[5]_srl4_MDM_Core_I1_Use_BSCAN.Config_Reg_reg_c_2/D
  -------------------------------------------------------------------    -------------------

                         (clock SEG7_upgrade_i/mdm_1/U0/Use_E2.BSCAN_I/Use_E2.BSCANE2_I/DRCK rise edge)
                                                      0.000     0.000 r  
    BSCAN_X0Y1           BSCANE2                      0.000     0.000 r  SEG7_upgrade_i/mdm_1/U0/Use_E2.BSCAN_I/Use_E2.BSCANE2_I/DRCK
                         net (fo=1, routed)           0.868     0.868    SEG7_upgrade_i/mdm_1/U0/No_Dbg_Reg_Access.BUFG_DRCK/DRCK
    BUFGCTRL_X0Y1        BUFG (Prop_bufg_I_O)         0.029     0.897 r  SEG7_upgrade_i/mdm_1/U0/No_Dbg_Reg_Access.BUFG_DRCK/Using_FPGA.Native/O
                         net (fo=232, routed)         0.864     1.761    SEG7_upgrade_i/mdm_1/U0/MDM_Core_I1/Using_FPGA.Native
    SLICE_X60Y45         SRL16E                                       r  SEG7_upgrade_i/mdm_1/U0/MDM_Core_I1/Use_BSCAN.Config_Reg_reg[5]_srl4_MDM_Core_I1_Use_BSCAN.Config_Reg_reg_c_2/CLK
                         clock pessimism             -0.374     1.387    
    SLICE_X60Y45         SRL16E (Hold_srl16e_CLK_D)
                                                      0.109     1.496    SEG7_upgrade_i/mdm_1/U0/MDM_Core_I1/Use_BSCAN.Config_Reg_reg[5]_srl4_MDM_Core_I1_Use_BSCAN.Config_Reg_reg_c_2
  -------------------------------------------------------------------
                         required time                         -1.496    
                         arrival time                           1.669    
  -------------------------------------------------------------------
                         slack                                  0.174    

Slack (MET) :             0.174ns  (arrival time - required time)
  Source:                 SEG7_upgrade_i/microblaze_0/U0/MicroBlaze_Core_I/Performance.Core/Use_Debug_Logic.Master_Core.Debug_Perf/Serial_Dbg_Intf.shift_datain_reg[27]/C
                            (rising edge-triggered cell FDCE clocked by SEG7_upgrade_i/mdm_1/U0/Use_E2.BSCAN_I/Use_E2.BSCANE2_I/DRCK  {rise@0.000ns fall@16.667ns period=33.333ns})
  Destination:            SEG7_upgrade_i/microblaze_0/U0/MicroBlaze_Core_I/Performance.Core/Use_Debug_Logic.Master_Core.Debug_Perf/Serial_Dbg_Intf.New_Instr_Reg_TCK_reg[26]/D
                            (rising edge-triggered cell FDCE clocked by SEG7_upgrade_i/mdm_1/U0/Use_E2.BSCAN_I/Use_E2.BSCANE2_I/DRCK  {rise@0.000ns fall@16.667ns period=33.333ns})
  Path Group:             SEG7_upgrade_i/mdm_1/U0/Use_E2.BSCAN_I/Use_E2.BSCANE2_I/DRCK
  Path Type:              Hold (Min at Fast Process Corner)
  Requirement:            0.000ns  (SEG7_upgrade_i/mdm_1/U0/Use_E2.BSCAN_I/Use_E2.BSCANE2_I/DRCK rise@0.000ns - SEG7_upgrade_i/mdm_1/U0/Use_E2.BSCAN_I/Use_E2.BSCANE2_I/DRCK rise@0.000ns)
  Data Path Delay:        0.252ns  (logic 0.141ns (55.869%)  route 0.111ns (44.131%))
  Logic Levels:           0  
  Clock Path Skew:        0.015ns (DCD - SCD - CPR)
    Destination Clock Delay (DCD):    1.723ns
    Source Clock Delay      (SCD):    1.333ns
    Clock Pessimism Removal (CPR):    0.375ns

    Location             Delay type                Incr(ns)  Path(ns)    Netlist Resource(s)
  -------------------------------------------------------------------    -------------------
                         (clock SEG7_upgrade_i/mdm_1/U0/Use_E2.BSCAN_I/Use_E2.BSCANE2_I/DRCK rise edge)
                                                      0.000     0.000 r  
    BSCAN_X0Y1           BSCANE2                      0.000     0.000 r  SEG7_upgrade_i/mdm_1/U0/Use_E2.BSCAN_I/Use_E2.BSCANE2_I/DRCK
                         net (fo=1, routed)           0.751     0.751    SEG7_upgrade_i/mdm_1/U0/No_Dbg_Reg_Access.BUFG_DRCK/DRCK
    BUFGCTRL_X0Y1        BUFG (Prop_bufg_I_O)         0.026     0.777 r  SEG7_upgrade_i/mdm_1/U0/No_Dbg_Reg_Access.BUFG_DRCK/Using_FPGA.Native/O
                         net (fo=232, routed)         0.556     1.333    SEG7_upgrade_i/microblaze_0/U0/MicroBlaze_Core_I/Performance.Core/Use_Debug_Logic.Master_Core.Debug_Perf/Dbg_Clk
    SLICE_X53Y21         FDCE                                         r  SEG7_upgrade_i/microblaze_0/U0/MicroBlaze_Core_I/Performance.Core/Use_Debug_Logic.Master_Core.Debug_Perf/Serial_Dbg_Intf.shift_datain_reg[27]/C
  -------------------------------------------------------------------    -------------------
    SLICE_X53Y21         FDCE (Prop_fdce_C_Q)         0.141     1.474 r  SEG7_upgrade_i/microblaze_0/U0/MicroBlaze_Core_I/Performance.Core/Use_Debug_Logic.Master_Core.Debug_Perf/Serial_Dbg_Intf.shift_datain_reg[27]/Q
                         net (fo=3, routed)           0.111     1.585    SEG7_upgrade_i/microblaze_0/U0/MicroBlaze_Core_I/Performance.Core/Use_Debug_Logic.Master_Core.Debug_Perf/Serial_Dbg_Intf.shift_datain_reg_n_0_[27]
    SLICE_X50Y20         FDCE                                         r  SEG7_upgrade_i/microblaze_0/U0/MicroBlaze_Core_I/Performance.Core/Use_Debug_Logic.Master_Core.Debug_Perf/Serial_Dbg_Intf.New_Instr_Reg_TCK_reg[26]/D
  -------------------------------------------------------------------    -------------------

                         (clock SEG7_upgrade_i/mdm_1/U0/Use_E2.BSCAN_I/Use_E2.BSCANE2_I/DRCK rise edge)
                                                      0.000     0.000 r  
    BSCAN_X0Y1           BSCANE2                      0.000     0.000 r  SEG7_upgrade_i/mdm_1/U0/Use_E2.BSCAN_I/Use_E2.BSCANE2_I/DRCK
                         net (fo=1, routed)           0.868     0.868    SEG7_upgrade_i/mdm_1/U0/No_Dbg_Reg_Access.BUFG_DRCK/DRCK
    BUFGCTRL_X0Y1        BUFG (Prop_bufg_I_O)         0.029     0.897 r  SEG7_upgrade_i/mdm_1/U0/No_Dbg_Reg_Access.BUFG_DRCK/Using_FPGA.Native/O
                         net (fo=232, routed)         0.826     1.723    SEG7_upgrade_i/microblaze_0/U0/MicroBlaze_Core_I/Performance.Core/Use_Debug_Logic.Master_Core.Debug_Perf/Dbg_Clk
    SLICE_X50Y20         FDCE                                         r  SEG7_upgrade_i/microblaze_0/U0/MicroBlaze_Core_I/Performance.Core/Use_Debug_Logic.Master_Core.Debug_Perf/Serial_Dbg_Intf.New_Instr_Reg_TCK_reg[26]/C
                         clock pessimism             -0.375     1.348    
    SLICE_X50Y20         FDCE (Hold_fdce_C_D)         0.063     1.411    SEG7_upgrade_i/microblaze_0/U0/MicroBlaze_Core_I/Performance.Core/Use_Debug_Logic.Master_Core.Debug_Perf/Serial_Dbg_Intf.New_Instr_Reg_TCK_reg[26]
  -------------------------------------------------------------------
                         required time                         -1.411    
                         arrival time                           1.585    
  -------------------------------------------------------------------
                         slack                                  0.174    





Pulse Width Checks
--------------------------------------------------------------------------------------
Clock Name:         SEG7_upgrade_i/mdm_1/U0/Use_E2.BSCAN_I/Use_E2.BSCANE2_I/DRCK
Waveform(ns):       { 0.000 16.667 }
Period(ns):         33.333
Sources:            { SEG7_upgrade_i/mdm_1/U0/Use_E2.BSCAN_I/Use_E2.BSCANE2_I/DRCK }

Check Type        Corner  Lib Pin      Reference Pin  Required(ns)  Actual(ns)  Slack(ns)  Location       Pin
Min Period        n/a     BUFG/I       n/a            2.155         33.333      31.178     BUFGCTRL_X0Y1  SEG7_upgrade_i/mdm_1/U0/No_Dbg_Reg_Access.BUFG_DRCK/Using_FPGA.Native/I
Min Period        n/a     FDCE/C       n/a            1.000         33.333      32.333     SLICE_X54Y24   SEG7_upgrade_i/microblaze_0/U0/MicroBlaze_Core_I/Performance.Core/Use_Debug_Logic.Master_Core.Debug_Perf/Serial_Dbg_Intf.shift_datain_reg[20]/C
Min Period        n/a     FDCE/C       n/a            1.000         33.333      32.333     SLICE_X54Y24   SEG7_upgrade_i/microblaze_0/U0/MicroBlaze_Core_I/Performance.Core/Use_Debug_Logic.Master_Core.Debug_Perf/Serial_Dbg_Intf.shift_datain_reg[21]/C
Min Period        n/a     FDCE/C       n/a            1.000         33.333      32.333     SLICE_X54Y24   SEG7_upgrade_i/microblaze_0/U0/MicroBlaze_Core_I/Performance.Core/Use_Debug_Logic.Master_Core.Debug_Perf/Serial_Dbg_Intf.shift_datain_reg[22]/C
Min Period        n/a     FDCE/C       n/a            1.000         33.333      32.333     SLICE_X54Y24   SEG7_upgrade_i/microblaze_0/U0/MicroBlaze_Core_I/Performance.Core/Use_Debug_Logic.Master_Core.Debug_Perf/Serial_Dbg_Intf.shift_datain_reg[23]/C
Min Period        n/a     FDCE/C       n/a            1.000         33.333      32.333     SLICE_X54Y22   SEG7_upgrade_i/microblaze_0/U0/MicroBlaze_Core_I/Performance.Core/Use_Debug_Logic.Master_Core.Debug_Perf/Serial_Dbg_Intf.shift_datain_reg[24]/C
Min Period        n/a     FDCE/C       n/a            1.000         33.333      32.333     SLICE_X53Y21   SEG7_upgrade_i/microblaze_0/U0/MicroBlaze_Core_I/Performance.Core/Use_Debug_Logic.Master_Core.Debug_Perf/Serial_Dbg_Intf.shift_datain_reg[25]/C
Min Period        n/a     FDCE/C       n/a            1.000         33.333      32.333     SLICE_X53Y21   SEG7_upgrade_i/microblaze_0/U0/MicroBlaze_Core_I/Performance.Core/Use_Debug_Logic.Master_Core.Debug_Perf/Serial_Dbg_Intf.shift_datain_reg[26]/C
Min Period        n/a     FDCE/C       n/a            1.000         33.333      32.333     SLICE_X53Y21   SEG7_upgrade_i/microblaze_0/U0/MicroBlaze_Core_I/Performance.Core/Use_Debug_Logic.Master_Core.Debug_Perf/Serial_Dbg_Intf.shift_datain_reg[27]/C
Min Period        n/a     FDCE/C       n/a            1.000         33.333      32.333     SLICE_X53Y21   SEG7_upgrade_i/microblaze_0/U0/MicroBlaze_Core_I/Performance.Core/Use_Debug_Logic.Master_Core.Debug_Perf/Serial_Dbg_Intf.shift_datain_reg[28]/C
Low Pulse Width   Fast    SRL16E/CLK   n/a            0.980         16.666      15.686     SLICE_X52Y51   SEG7_upgrade_i/mdm_1/U0/MDM_Core_I1/JTAG_CONTROL_I/Use_Config_SRL16E.SRL16E_1/Use_unisim.MB_SRL16E_I1/CLK
Low Pulse Width   Fast    SRL16E/CLK   n/a            0.980         16.666      15.686     SLICE_X52Y51   SEG7_upgrade_i/mdm_1/U0/MDM_Core_I1/JTAG_CONTROL_I/Use_Config_SRL16E.SRL16E_2/Use_unisim.MB_SRL16E_I1/CLK
Low Pulse Width   Fast    SRL16E/CLK   n/a            0.980         16.666      15.686     SLICE_X52Y51   SEG7_upgrade_i/mdm_1/U0/MDM_Core_I1/JTAG_CONTROL_I/Use_ID_SRL16E.SRL16E_ID_1/Use_unisim.MB_SRL16E_I1/CLK
Low Pulse Width   Fast    SRL16E/CLK   n/a            0.980         16.666      15.686     SLICE_X52Y51   SEG7_upgrade_i/mdm_1/U0/MDM_Core_I1/JTAG_CONTROL_I/Use_ID_SRL16E.SRL16E_ID_2/Use_unisim.MB_SRL16E_I1/CLK
Low Pulse Width   Slow    SRLC16E/CLK  n/a            0.980         16.666      15.686     SLICE_X42Y24   SEG7_upgrade_i/microblaze_0/U0/MicroBlaze_Core_I/Performance.Core/Use_Debug_Logic.Master_Core.Debug_Perf/Using_PC_Breakpoints.All_PC_Brks[0].Serial_Interface_1.address_hit_I/Compare[4].SRLC16E_I/Use_unisim.MB_SRL16CE_I1/CLK
Low Pulse Width   Fast    SRLC16E/CLK  n/a            0.980         16.666      15.686     SLICE_X42Y24   SEG7_upgrade_i/microblaze_0/U0/MicroBlaze_Core_I/Performance.Core/Use_Debug_Logic.Master_Core.Debug_Perf/Using_PC_Breakpoints.All_PC_Brks[0].Serial_Interface_1.address_hit_I/Compare[4].SRLC16E_I/Use_unisim.MB_SRL16CE_I1/CLK
Low Pulse Width   Slow    SRLC16E/CLK  n/a            0.980         16.666      15.686     SLICE_X42Y25   SEG7_upgrade_i/microblaze_0/U0/MicroBlaze_Core_I/Performance.Core/Use_Debug_Logic.Master_Core.Debug_Perf/Using_PC_Breakpoints.All_PC_Brks[0].Serial_Interface_1.address_hit_I/Compare[5].SRLC16E_I/Use_unisim.MB_SRL16CE_I1/CLK
Low Pulse Width   Fast    SRLC16E/CLK  n/a            0.980         16.666      15.686     SLICE_X42Y25   SEG7_upgrade_i/microblaze_0/U0/MicroBlaze_Core_I/Performance.Core/Use_Debug_Logic.Master_Core.Debug_Perf/Using_PC_Breakpoints.All_PC_Brks[0].Serial_Interface_1.address_hit_I/Compare[5].SRLC16E_I/Use_unisim.MB_SRL16CE_I1/CLK
Low Pulse Width   Fast    SRL16E/CLK   n/a            0.980         16.666      15.686     SLICE_X60Y45   SEG7_upgrade_i/mdm_1/U0/MDM_Core_I1/Use_BSCAN.Config_Reg_reg[12]_srl13_MDM_Core_I1_Use_BSCAN.Config_Reg_reg_c_11/CLK
Low Pulse Width   Fast    SRL16E/CLK   n/a            0.980         16.666      15.686     SLICE_X60Y45   SEG7_upgrade_i/mdm_1/U0/MDM_Core_I1/Use_BSCAN.Config_Reg_reg[28]_srl2_MDM_Core_I1_Use_BSCAN.Config_Reg_reg_c_0/CLK
High Pulse Width  Slow    SRL16E/CLK   n/a            0.980         16.666      15.686     SLICE_X38Y19   SEG7_upgrade_i/microblaze_0/U0/MicroBlaze_Core_I/Performance.Core/Use_Debug_Logic.Master_Core.Debug_Perf/Using_PC_Breakpoints.All_PC_Brks[0].Serial_Interface_1.address_hit_I/Compare[0].SRLC16E_I/Use_unisim.MB_SRL16CE_I1/CLK
High Pulse Width  Slow    SRLC16E/CLK  n/a            0.980         16.666      15.686     SLICE_X38Y19   SEG7_upgrade_i/microblaze_0/U0/MicroBlaze_Core_I/Performance.Core/Use_Debug_Logic.Master_Core.Debug_Perf/Using_PC_Breakpoints.All_PC_Brks[0].Serial_Interface_1.address_hit_I/Compare[1].SRLC16E_I/Use_unisim.MB_SRL16CE_I1/CLK
High Pulse Width  Slow    SRLC16E/CLK  n/a            0.980         16.666      15.686     SLICE_X42Y19   SEG7_upgrade_i/microblaze_0/U0/MicroBlaze_Core_I/Performance.Core/Use_Debug_Logic.Master_Core.Debug_Perf/Using_PC_Breakpoints.All_PC_Brks[0].Serial_Interface_1.address_hit_I/Compare[2].SRLC16E_I/Use_unisim.MB_SRL16CE_I1/CLK
High Pulse Width  Slow    SRLC16E/CLK  n/a            0.980         16.667      15.686     SLICE_X42Y21   SEG7_upgrade_i/microblaze_0/U0/MicroBlaze_Core_I/Performance.Core/Use_Debug_Logic.Master_Core.Debug_Perf/Using_PC_Breakpoints.All_PC_Brks[0].Serial_Interface_1.address_hit_I/Compare[3].SRLC16E_I/Use_unisim.MB_SRL16CE_I1/CLK
High Pulse Width  Slow    SRLC16E/CLK  n/a            0.980         16.667      15.686     SLICE_X42Y24   SEG7_upgrade_i/microblaze_0/U0/MicroBlaze_Core_I/Performance.Core/Use_Debug_Logic.Master_Core.Debug_Perf/Using_PC_Breakpoints.All_PC_Brks[0].Serial_Interface_1.address_hit_I/Compare[4].SRLC16E_I/Use_unisim.MB_SRL16CE_I1/CLK
High Pulse Width  Slow    SRLC16E/CLK  n/a            0.980         16.667      15.686     SLICE_X42Y25   SEG7_upgrade_i/microblaze_0/U0/MicroBlaze_Core_I/Performance.Core/Use_Debug_Logic.Master_Core.Debug_Perf/Using_PC_Breakpoints.All_PC_Brks[0].Serial_Interface_1.address_hit_I/Compare[5].SRLC16E_I/Use_unisim.MB_SRL16CE_I1/CLK
High Pulse Width  Slow    SRLC16E/CLK  n/a            0.980         16.667      15.686     SLICE_X42Y27   SEG7_upgrade_i/microblaze_0/U0/MicroBlaze_Core_I/Performance.Core/Use_Debug_Logic.Master_Core.Debug_Perf/Using_PC_Breakpoints.All_PC_Brks[0].Serial_Interface_1.address_hit_I/Compare[6].SRLC16E_I/Use_unisim.MB_SRL16CE_I1/CLK
High Pulse Width  Slow    SRLC16E/CLK  n/a            0.980         16.667      15.686     SLICE_X42Y28   SEG7_upgrade_i/microblaze_0/U0/MicroBlaze_Core_I/Performance.Core/Use_Debug_Logic.Master_Core.Debug_Perf/Using_PC_Breakpoints.All_PC_Brks[0].Serial_Interface_1.address_hit_I/Compare[7].SRLC16E_I/Use_unisim.MB_SRL16CE_I1/CLK
High Pulse Width  Slow    SRL16E/CLK   n/a            0.980         16.667      15.686     SLICE_X52Y51   SEG7_upgrade_i/mdm_1/U0/MDM_Core_I1/JTAG_CONTROL_I/Use_Config_SRL16E.SRL16E_1/Use_unisim.MB_SRL16E_I1/CLK
High Pulse Width  Slow    SRL16E/CLK   n/a            0.980         16.667      15.686     SLICE_X52Y51   SEG7_upgrade_i/mdm_1/U0/MDM_Core_I1/JTAG_CONTROL_I/Use_Config_SRL16E.SRL16E_2/Use_unisim.MB_SRL16E_I1/CLK



---------------------------------------------------------------------------------------------------
From Clock:  SEG7_upgrade_i/mdm_1/U0/Use_E2.BSCAN_I/Use_E2.BSCANE2_I/UPDATE
  To Clock:  SEG7_upgrade_i/mdm_1/U0/Use_E2.BSCAN_I/Use_E2.BSCANE2_I/UPDATE

Setup :            0  Failing Endpoints,  Worst Slack        9.282ns,  Total Violation        0.000ns
Hold  :            0  Failing Endpoints,  Worst Slack        0.504ns,  Total Violation        0.000ns
PW    :            0  Failing Endpoints,  Worst Slack       16.166ns,  Total Violation        0.000ns
---------------------------------------------------------------------------------------------------


Max Delay Paths
--------------------------------------------------------------------------------------
Slack (MET) :             9.282ns  (required time - arrival time)
  Source:                 SEG7_upgrade_i/mdm_1/U0/MDM_Core_I1/JTAG_CONTROL_I/Use_BSCAN.command_reg[3]/C
                            (falling edge-triggered cell FDCE clocked by SEG7_upgrade_i/mdm_1/U0/Use_E2.BSCAN_I/Use_E2.BSCANE2_I/UPDATE  {rise@0.000ns fall@16.667ns period=33.333ns})
  Destination:            SEG7_upgrade_i/microblaze_0/U0/MicroBlaze_Core_I/Performance.Core/Use_Debug_Logic.Master_Core.Debug_Perf/Serial_Dbg_Intf.command_reg_reg[0]/CE
                            (rising edge-triggered cell FDCE clocked by SEG7_upgrade_i/mdm_1/U0/Use_E2.BSCAN_I/Use_E2.BSCANE2_I/UPDATE  {rise@0.000ns fall@16.667ns period=33.333ns})
  Path Group:             SEG7_upgrade_i/mdm_1/U0/Use_E2.BSCAN_I/Use_E2.BSCANE2_I/UPDATE
  Path Type:              Setup (Max at Slow Process Corner)
  Requirement:            16.667ns  (SEG7_upgrade_i/mdm_1/U0/Use_E2.BSCAN_I/Use_E2.BSCANE2_I/UPDATE rise@33.333ns - SEG7_upgrade_i/mdm_1/U0/Use_E2.BSCAN_I/Use_E2.BSCANE2_I/UPDATE fall@16.667ns)
  Data Path Delay:        4.772ns  (logic 0.962ns (20.159%)  route 3.810ns (79.841%))
  Logic Levels:           3  (LUT3=1 LUT4=1 LUT5=1)
  Clock Path Skew:        -2.279ns (DCD - SCD + CPR)
    Destination Clock Delay (DCD):    1.430ns = ( 34.763 - 33.333 ) 
    Source Clock Delay      (SCD):    3.859ns = ( 20.526 - 16.667 ) 
    Clock Pessimism Removal (CPR):    0.150ns
  Clock Uncertainty:      0.035ns  ((TSJ^2 + TIJ^2)^1/2 + DJ) / 2 + PE
    Total System Jitter     (TSJ):    0.071ns
    Total Input Jitter      (TIJ):    0.000ns
    Discrete Jitter          (DJ):    0.000ns
    Phase Error              (PE):    0.000ns

    Location             Delay type                Incr(ns)  Path(ns)    Netlist Resource(s)
  -------------------------------------------------------------------    -------------------
                         (clock SEG7_upgrade_i/mdm_1/U0/Use_E2.BSCAN_I/Use_E2.BSCANE2_I/UPDATE fall edge)
                                                     16.667    16.667 f  
    BSCAN_X0Y1           BSCANE2                      0.000    16.667 f  SEG7_upgrade_i/mdm_1/U0/Use_E2.BSCAN_I/Use_E2.BSCANE2_I/UPDATE
                         net (fo=40, routed)          3.859    20.526    SEG7_upgrade_i/mdm_1/U0/MDM_Core_I1/JTAG_CONTROL_I/CLK
    SLICE_X52Y47         FDCE                                         r  SEG7_upgrade_i/mdm_1/U0/MDM_Core_I1/JTAG_CONTROL_I/Use_BSCAN.command_reg[3]/C  (IS_INVERTED)
  -------------------------------------------------------------------    -------------------
    SLICE_X52Y47         FDCE (Prop_fdce_C_Q)         0.362    20.888 f  SEG7_upgrade_i/mdm_1/U0/MDM_Core_I1/JTAG_CONTROL_I/Use_BSCAN.command_reg[3]/Q
                         net (fo=6, routed)           0.860    21.747    SEG7_upgrade_i/mdm_1/U0/MDM_Core_I1/JTAG_CONTROL_I/Use_BSCAN.FDC_I/Q[4]
    SLICE_X54Y47         LUT3 (Prop_lut3_I2_O)        0.148    21.895 f  SEG7_upgrade_i/mdm_1/U0/MDM_Core_I1/JTAG_CONTROL_I/Use_BSCAN.FDC_I/Dbg_Reg_En_0[3]_INST_0/O
                         net (fo=4, routed)           0.605    22.500    SEG7_upgrade_i/microblaze_0/U0/MicroBlaze_Core_I/Performance.Core/Use_Debug_Logic.Master_Core.Debug_Perf/Dbg_Reg_En[3]
    SLICE_X55Y45         LUT4 (Prop_lut4_I2_O)        0.328    22.828 f  SEG7_upgrade_i/microblaze_0/U0/MicroBlaze_Core_I/Performance.Core/Use_Debug_Logic.Master_Core.Debug_Perf/Serial_Dbg_Intf.dbg_wakeup_i_i_3/O
                         net (fo=5, routed)           0.857    23.686    SEG7_upgrade_i/microblaze_0/U0/MicroBlaze_Core_I/Performance.Core/Use_Debug_Logic.Master_Core.Debug_Perf/Dbg_Reg_En_0_sn_1
    SLICE_X54Y44         LUT5 (Prop_lut5_I0_O)        0.124    23.810 r  SEG7_upgrade_i/microblaze_0/U0/MicroBlaze_Core_I/Performance.Core/Use_Debug_Logic.Master_Core.Debug_Perf/Serial_Dbg_Intf.command_reg[0]_i_1/O
                         net (fo=2, routed)           1.488    25.298    SEG7_upgrade_i/microblaze_0/U0/MicroBlaze_Core_I/Performance.Core/Use_Debug_Logic.Master_Core.Debug_Perf/Command_Reg_En
    SLICE_X53Y19         FDCE                                         r  SEG7_upgrade_i/microblaze_0/U0/MicroBlaze_Core_I/Performance.Core/Use_Debug_Logic.Master_Core.Debug_Perf/Serial_Dbg_Intf.command_reg_reg[0]/CE
  -------------------------------------------------------------------    -------------------

                         (clock SEG7_upgrade_i/mdm_1/U0/Use_E2.BSCAN_I/Use_E2.BSCANE2_I/UPDATE rise edge)
                                                     33.333    33.333 r  
    BSCAN_X0Y1           BSCANE2                      0.000    33.333 r  SEG7_upgrade_i/mdm_1/U0/Use_E2.BSCAN_I/Use_E2.BSCANE2_I/UPDATE
                         net (fo=40, routed)          1.430    34.763    SEG7_upgrade_i/microblaze_0/U0/MicroBlaze_Core_I/Performance.Core/Use_Debug_Logic.Master_Core.Debug_Perf/Dbg_Update
    SLICE_X53Y19         FDCE                                         r  SEG7_upgrade_i/microblaze_0/U0/MicroBlaze_Core_I/Performance.Core/Use_Debug_Logic.Master_Core.Debug_Perf/Serial_Dbg_Intf.command_reg_reg[0]/C
                         clock pessimism              0.150    34.913    
                         clock uncertainty           -0.035    34.877    
    SLICE_X53Y19         FDCE (Setup_fdce_C_CE)      -0.298    34.579    SEG7_upgrade_i/microblaze_0/U0/MicroBlaze_Core_I/Performance.Core/Use_Debug_Logic.Master_Core.Debug_Perf/Serial_Dbg_Intf.command_reg_reg[0]
  -------------------------------------------------------------------
                         required time                         34.579    
                         arrival time                         -25.298    
  -------------------------------------------------------------------
                         slack                                  9.282    

Slack (MET) :             9.282ns  (required time - arrival time)
  Source:                 SEG7_upgrade_i/mdm_1/U0/MDM_Core_I1/JTAG_CONTROL_I/Use_BSCAN.command_reg[3]/C
                            (falling edge-triggered cell FDCE clocked by SEG7_upgrade_i/mdm_1/U0/Use_E2.BSCAN_I/Use_E2.BSCANE2_I/UPDATE  {rise@0.000ns fall@16.667ns period=33.333ns})
  Destination:            SEG7_upgrade_i/microblaze_0/U0/MicroBlaze_Core_I/Performance.Core/Use_Debug_Logic.Master_Core.Debug_Perf/Serial_Dbg_Intf.command_reg_reg[1]/CE
                            (rising edge-triggered cell FDCE clocked by SEG7_upgrade_i/mdm_1/U0/Use_E2.BSCAN_I/Use_E2.BSCANE2_I/UPDATE  {rise@0.000ns fall@16.667ns period=33.333ns})
  Path Group:             SEG7_upgrade_i/mdm_1/U0/Use_E2.BSCAN_I/Use_E2.BSCANE2_I/UPDATE
  Path Type:              Setup (Max at Slow Process Corner)
  Requirement:            16.667ns  (SEG7_upgrade_i/mdm_1/U0/Use_E2.BSCAN_I/Use_E2.BSCANE2_I/UPDATE rise@33.333ns - SEG7_upgrade_i/mdm_1/U0/Use_E2.BSCAN_I/Use_E2.BSCANE2_I/UPDATE fall@16.667ns)
  Data Path Delay:        4.772ns  (logic 0.962ns (20.159%)  route 3.810ns (79.841%))
  Logic Levels:           3  (LUT3=1 LUT4=1 LUT5=1)
  Clock Path Skew:        -2.279ns (DCD - SCD + CPR)
    Destination Clock Delay (DCD):    1.430ns = ( 34.763 - 33.333 ) 
    Source Clock Delay      (SCD):    3.859ns = ( 20.526 - 16.667 ) 
    Clock Pessimism Removal (CPR):    0.150ns
  Clock Uncertainty:      0.035ns  ((TSJ^2 + TIJ^2)^1/2 + DJ) / 2 + PE
    Total System Jitter     (TSJ):    0.071ns
    Total Input Jitter      (TIJ):    0.000ns
    Discrete Jitter          (DJ):    0.000ns
    Phase Error              (PE):    0.000ns

    Location             Delay type                Incr(ns)  Path(ns)    Netlist Resource(s)
  -------------------------------------------------------------------    -------------------
                         (clock SEG7_upgrade_i/mdm_1/U0/Use_E2.BSCAN_I/Use_E2.BSCANE2_I/UPDATE fall edge)
                                                     16.667    16.667 f  
    BSCAN_X0Y1           BSCANE2                      0.000    16.667 f  SEG7_upgrade_i/mdm_1/U0/Use_E2.BSCAN_I/Use_E2.BSCANE2_I/UPDATE
                         net (fo=40, routed)          3.859    20.526    SEG7_upgrade_i/mdm_1/U0/MDM_Core_I1/JTAG_CONTROL_I/CLK
    SLICE_X52Y47         FDCE                                         r  SEG7_upgrade_i/mdm_1/U0/MDM_Core_I1/JTAG_CONTROL_I/Use_BSCAN.command_reg[3]/C  (IS_INVERTED)
  -------------------------------------------------------------------    -------------------
    SLICE_X52Y47         FDCE (Prop_fdce_C_Q)         0.362    20.888 f  SEG7_upgrade_i/mdm_1/U0/MDM_Core_I1/JTAG_CONTROL_I/Use_BSCAN.command_reg[3]/Q
                         net (fo=6, routed)           0.860    21.747    SEG7_upgrade_i/mdm_1/U0/MDM_Core_I1/JTAG_CONTROL_I/Use_BSCAN.FDC_I/Q[4]
    SLICE_X54Y47         LUT3 (Prop_lut3_I2_O)        0.148    21.895 f  SEG7_upgrade_i/mdm_1/U0/MDM_Core_I1/JTAG_CONTROL_I/Use_BSCAN.FDC_I/Dbg_Reg_En_0[3]_INST_0/O
                         net (fo=4, routed)           0.605    22.500    SEG7_upgrade_i/microblaze_0/U0/MicroBlaze_Core_I/Performance.Core/Use_Debug_Logic.Master_Core.Debug_Perf/Dbg_Reg_En[3]
    SLICE_X55Y45         LUT4 (Prop_lut4_I2_O)        0.328    22.828 f  SEG7_upgrade_i/microblaze_0/U0/MicroBlaze_Core_I/Performance.Core/Use_Debug_Logic.Master_Core.Debug_Perf/Serial_Dbg_Intf.dbg_wakeup_i_i_3/O
                         net (fo=5, routed)           0.857    23.686    SEG7_upgrade_i/microblaze_0/U0/MicroBlaze_Core_I/Performance.Core/Use_Debug_Logic.Master_Core.Debug_Perf/Dbg_Reg_En_0_sn_1
    SLICE_X54Y44         LUT5 (Prop_lut5_I0_O)        0.124    23.810 r  SEG7_upgrade_i/microblaze_0/U0/MicroBlaze_Core_I/Performance.Core/Use_Debug_Logic.Master_Core.Debug_Perf/Serial_Dbg_Intf.command_reg[0]_i_1/O
                         net (fo=2, routed)           1.488    25.298    SEG7_upgrade_i/microblaze_0/U0/MicroBlaze_Core_I/Performance.Core/Use_Debug_Logic.Master_Core.Debug_Perf/Command_Reg_En
    SLICE_X53Y19         FDCE                                         r  SEG7_upgrade_i/microblaze_0/U0/MicroBlaze_Core_I/Performance.Core/Use_Debug_Logic.Master_Core.Debug_Perf/Serial_Dbg_Intf.command_reg_reg[1]/CE
  -------------------------------------------------------------------    -------------------

                         (clock SEG7_upgrade_i/mdm_1/U0/Use_E2.BSCAN_I/Use_E2.BSCANE2_I/UPDATE rise edge)
                                                     33.333    33.333 r  
    BSCAN_X0Y1           BSCANE2                      0.000    33.333 r  SEG7_upgrade_i/mdm_1/U0/Use_E2.BSCAN_I/Use_E2.BSCANE2_I/UPDATE
                         net (fo=40, routed)          1.430    34.763    SEG7_upgrade_i/microblaze_0/U0/MicroBlaze_Core_I/Performance.Core/Use_Debug_Logic.Master_Core.Debug_Perf/Dbg_Update
    SLICE_X53Y19         FDCE                                         r  SEG7_upgrade_i/microblaze_0/U0/MicroBlaze_Core_I/Performance.Core/Use_Debug_Logic.Master_Core.Debug_Perf/Serial_Dbg_Intf.command_reg_reg[1]/C
                         clock pessimism              0.150    34.913    
                         clock uncertainty           -0.035    34.877    
    SLICE_X53Y19         FDCE (Setup_fdce_C_CE)      -0.298    34.579    SEG7_upgrade_i/microblaze_0/U0/MicroBlaze_Core_I/Performance.Core/Use_Debug_Logic.Master_Core.Debug_Perf/Serial_Dbg_Intf.command_reg_reg[1]
  -------------------------------------------------------------------
                         required time                         34.579    
                         arrival time                         -25.298    
  -------------------------------------------------------------------
                         slack                                  9.282    

Slack (MET) :             9.388ns  (required time - arrival time)
  Source:                 SEG7_upgrade_i/mdm_1/U0/MDM_Core_I1/JTAG_CONTROL_I/Use_BSCAN.command_reg[3]/C
                            (falling edge-triggered cell FDCE clocked by SEG7_upgrade_i/mdm_1/U0/Use_E2.BSCAN_I/Use_E2.BSCANE2_I/UPDATE  {rise@0.000ns fall@16.667ns period=33.333ns})
  Destination:            SEG7_upgrade_i/microblaze_0/U0/MicroBlaze_Core_I/Performance.Core/Use_Debug_Logic.Master_Core.Debug_Perf/Serial_Dbg_Intf.control_reg_reg[0]/CE
                            (rising edge-triggered cell FDCE clocked by SEG7_upgrade_i/mdm_1/U0/Use_E2.BSCAN_I/Use_E2.BSCANE2_I/UPDATE  {rise@0.000ns fall@16.667ns period=33.333ns})
  Path Group:             SEG7_upgrade_i/mdm_1/U0/Use_E2.BSCAN_I/Use_E2.BSCANE2_I/UPDATE
  Path Type:              Setup (Max at Slow Process Corner)
  Requirement:            16.667ns  (SEG7_upgrade_i/mdm_1/U0/Use_E2.BSCAN_I/Use_E2.BSCANE2_I/UPDATE rise@33.333ns - SEG7_upgrade_i/mdm_1/U0/Use_E2.BSCAN_I/Use_E2.BSCANE2_I/UPDATE fall@16.667ns)
  Data Path Delay:        4.935ns  (logic 0.962ns (19.494%)  route 3.973ns (80.506%))
  Logic Levels:           3  (LUT3=1 LUT4=1 LUT5=1)
  Clock Path Skew:        -2.014ns (DCD - SCD + CPR)
    Destination Clock Delay (DCD):    1.619ns = ( 34.952 - 33.333 ) 
    Source Clock Delay      (SCD):    3.859ns = ( 20.526 - 16.667 ) 
    Clock Pessimism Removal (CPR):    0.227ns
  Clock Uncertainty:      0.035ns  ((TSJ^2 + TIJ^2)^1/2 + DJ) / 2 + PE
    Total System Jitter     (TSJ):    0.071ns
    Total Input Jitter      (TIJ):    0.000ns
    Discrete Jitter          (DJ):    0.000ns
    Phase Error              (PE):    0.000ns

    Location             Delay type                Incr(ns)  Path(ns)    Netlist Resource(s)
  -------------------------------------------------------------------    -------------------
                         (clock SEG7_upgrade_i/mdm_1/U0/Use_E2.BSCAN_I/Use_E2.BSCANE2_I/UPDATE fall edge)
                                                     16.667    16.667 f  
    BSCAN_X0Y1           BSCANE2                      0.000    16.667 f  SEG7_upgrade_i/mdm_1/U0/Use_E2.BSCAN_I/Use_E2.BSCANE2_I/UPDATE
                         net (fo=40, routed)          3.859    20.526    SEG7_upgrade_i/mdm_1/U0/MDM_Core_I1/JTAG_CONTROL_I/CLK
    SLICE_X52Y47         FDCE                                         r  SEG7_upgrade_i/mdm_1/U0/MDM_Core_I1/JTAG_CONTROL_I/Use_BSCAN.command_reg[3]/C  (IS_INVERTED)
  -------------------------------------------------------------------    -------------------
    SLICE_X52Y47         FDCE (Prop_fdce_C_Q)         0.362    20.888 f  SEG7_upgrade_i/mdm_1/U0/MDM_Core_I1/JTAG_CONTROL_I/Use_BSCAN.command_reg[3]/Q
                         net (fo=6, routed)           0.860    21.747    SEG7_upgrade_i/mdm_1/U0/MDM_Core_I1/JTAG_CONTROL_I/Use_BSCAN.FDC_I/Q[4]
    SLICE_X54Y47         LUT3 (Prop_lut3_I2_O)        0.148    21.895 f  SEG7_upgrade_i/mdm_1/U0/MDM_Core_I1/JTAG_CONTROL_I/Use_BSCAN.FDC_I/Dbg_Reg_En_0[3]_INST_0/O
                         net (fo=4, routed)           0.605    22.500    SEG7_upgrade_i/microblaze_0/U0/MicroBlaze_Core_I/Performance.Core/Use_Debug_Logic.Master_Core.Debug_Perf/Dbg_Reg_En[3]
    SLICE_X55Y45         LUT4 (Prop_lut4_I2_O)        0.328    22.828 f  SEG7_upgrade_i/microblaze_0/U0/MicroBlaze_Core_I/Performance.Core/Use_Debug_Logic.Master_Core.Debug_Perf/Serial_Dbg_Intf.dbg_wakeup_i_i_3/O
                         net (fo=5, routed)           0.847    23.676    SEG7_upgrade_i/microblaze_0/U0/MicroBlaze_Core_I/Performance.Core/Use_Debug_Logic.Master_Core.Debug_Perf/Dbg_Reg_En_0_sn_1
    SLICE_X54Y44         LUT5 (Prop_lut5_I0_O)        0.124    23.800 r  SEG7_upgrade_i/microblaze_0/U0/MicroBlaze_Core_I/Performance.Core/Use_Debug_Logic.Master_Core.Debug_Perf/Serial_Dbg_Intf.dbg_wakeup_i_i_1/O
                         net (fo=9, routed)           1.661    25.460    SEG7_upgrade_i/microblaze_0/U0/MicroBlaze_Core_I/Performance.Core/Use_Debug_Logic.Master_Core.Debug_Perf/Control_Reg_En
    SLICE_X54Y21         FDCE                                         r  SEG7_upgrade_i/microblaze_0/U0/MicroBlaze_Core_I/Performance.Core/Use_Debug_Logic.Master_Core.Debug_Perf/Serial_Dbg_Intf.control_reg_reg[0]/CE
  -------------------------------------------------------------------    -------------------

                         (clock SEG7_upgrade_i/mdm_1/U0/Use_E2.BSCAN_I/Use_E2.BSCANE2_I/UPDATE rise edge)
                                                     33.333    33.333 r  
    BSCAN_X0Y1           BSCANE2                      0.000    33.333 r  SEG7_upgrade_i/mdm_1/U0/Use_E2.BSCAN_I/Use_E2.BSCANE2_I/UPDATE
                         net (fo=40, routed)          1.619    34.952    SEG7_upgrade_i/microblaze_0/U0/MicroBlaze_Core_I/Performance.Core/Use_Debug_Logic.Master_Core.Debug_Perf/Dbg_Update
    SLICE_X54Y21         FDCE                                         r  SEG7_upgrade_i/microblaze_0/U0/MicroBlaze_Core_I/Performance.Core/Use_Debug_Logic.Master_Core.Debug_Perf/Serial_Dbg_Intf.control_reg_reg[0]/C
                         clock pessimism              0.227    35.179    
                         clock uncertainty           -0.035    35.143    
    SLICE_X54Y21         FDCE (Setup_fdce_C_CE)      -0.295    34.848    SEG7_upgrade_i/microblaze_0/U0/MicroBlaze_Core_I/Performance.Core/Use_Debug_Logic.Master_Core.Debug_Perf/Serial_Dbg_Intf.control_reg_reg[0]
  -------------------------------------------------------------------
                         required time                         34.848    
                         arrival time                         -25.460    
  -------------------------------------------------------------------
                         slack                                  9.388    

Slack (MET) :             9.388ns  (required time - arrival time)
  Source:                 SEG7_upgrade_i/mdm_1/U0/MDM_Core_I1/JTAG_CONTROL_I/Use_BSCAN.command_reg[3]/C
                            (falling edge-triggered cell FDCE clocked by SEG7_upgrade_i/mdm_1/U0/Use_E2.BSCAN_I/Use_E2.BSCANE2_I/UPDATE  {rise@0.000ns fall@16.667ns period=33.333ns})
  Destination:            SEG7_upgrade_i/microblaze_0/U0/MicroBlaze_Core_I/Performance.Core/Use_Debug_Logic.Master_Core.Debug_Perf/Serial_Dbg_Intf.control_reg_reg[3]/CE
                            (rising edge-triggered cell FDCE clocked by SEG7_upgrade_i/mdm_1/U0/Use_E2.BSCAN_I/Use_E2.BSCANE2_I/UPDATE  {rise@0.000ns fall@16.667ns period=33.333ns})
  Path Group:             SEG7_upgrade_i/mdm_1/U0/Use_E2.BSCAN_I/Use_E2.BSCANE2_I/UPDATE
  Path Type:              Setup (Max at Slow Process Corner)
  Requirement:            16.667ns  (SEG7_upgrade_i/mdm_1/U0/Use_E2.BSCAN_I/Use_E2.BSCANE2_I/UPDATE rise@33.333ns - SEG7_upgrade_i/mdm_1/U0/Use_E2.BSCAN_I/Use_E2.BSCANE2_I/UPDATE fall@16.667ns)
  Data Path Delay:        4.935ns  (logic 0.962ns (19.494%)  route 3.973ns (80.506%))
  Logic Levels:           3  (LUT3=1 LUT4=1 LUT5=1)
  Clock Path Skew:        -2.014ns (DCD - SCD + CPR)
    Destination Clock Delay (DCD):    1.619ns = ( 34.952 - 33.333 ) 
    Source Clock Delay      (SCD):    3.859ns = ( 20.526 - 16.667 ) 
    Clock Pessimism Removal (CPR):    0.227ns
  Clock Uncertainty:      0.035ns  ((TSJ^2 + TIJ^2)^1/2 + DJ) / 2 + PE
    Total System Jitter     (TSJ):    0.071ns
    Total Input Jitter      (TIJ):    0.000ns
    Discrete Jitter          (DJ):    0.000ns
    Phase Error              (PE):    0.000ns

    Location             Delay type                Incr(ns)  Path(ns)    Netlist Resource(s)
  -------------------------------------------------------------------    -------------------
                         (clock SEG7_upgrade_i/mdm_1/U0/Use_E2.BSCAN_I/Use_E2.BSCANE2_I/UPDATE fall edge)
                                                     16.667    16.667 f  
    BSCAN_X0Y1           BSCANE2                      0.000    16.667 f  SEG7_upgrade_i/mdm_1/U0/Use_E2.BSCAN_I/Use_E2.BSCANE2_I/UPDATE
                         net (fo=40, routed)          3.859    20.526    SEG7_upgrade_i/mdm_1/U0/MDM_Core_I1/JTAG_CONTROL_I/CLK
    SLICE_X52Y47         FDCE                                         r  SEG7_upgrade_i/mdm_1/U0/MDM_Core_I1/JTAG_CONTROL_I/Use_BSCAN.command_reg[3]/C  (IS_INVERTED)
  -------------------------------------------------------------------    -------------------
    SLICE_X52Y47         FDCE (Prop_fdce_C_Q)         0.362    20.888 f  SEG7_upgrade_i/mdm_1/U0/MDM_Core_I1/JTAG_CONTROL_I/Use_BSCAN.command_reg[3]/Q
                         net (fo=6, routed)           0.860    21.747    SEG7_upgrade_i/mdm_1/U0/MDM_Core_I1/JTAG_CONTROL_I/Use_BSCAN.FDC_I/Q[4]
    SLICE_X54Y47         LUT3 (Prop_lut3_I2_O)        0.148    21.895 f  SEG7_upgrade_i/mdm_1/U0/MDM_Core_I1/JTAG_CONTROL_I/Use_BSCAN.FDC_I/Dbg_Reg_En_0[3]_INST_0/O
                         net (fo=4, routed)           0.605    22.500    SEG7_upgrade_i/microblaze_0/U0/MicroBlaze_Core_I/Performance.Core/Use_Debug_Logic.Master_Core.Debug_Perf/Dbg_Reg_En[3]
    SLICE_X55Y45         LUT4 (Prop_lut4_I2_O)        0.328    22.828 f  SEG7_upgrade_i/microblaze_0/U0/MicroBlaze_Core_I/Performance.Core/Use_Debug_Logic.Master_Core.Debug_Perf/Serial_Dbg_Intf.dbg_wakeup_i_i_3/O
                         net (fo=5, routed)           0.847    23.676    SEG7_upgrade_i/microblaze_0/U0/MicroBlaze_Core_I/Performance.Core/Use_Debug_Logic.Master_Core.Debug_Perf/Dbg_Reg_En_0_sn_1
    SLICE_X54Y44         LUT5 (Prop_lut5_I0_O)        0.124    23.800 r  SEG7_upgrade_i/microblaze_0/U0/MicroBlaze_Core_I/Performance.Core/Use_Debug_Logic.Master_Core.Debug_Perf/Serial_Dbg_Intf.dbg_wakeup_i_i_1/O
                         net (fo=9, routed)           1.661    25.460    SEG7_upgrade_i/microblaze_0/U0/MicroBlaze_Core_I/Performance.Core/Use_Debug_Logic.Master_Core.Debug_Perf/Control_Reg_En
    SLICE_X54Y21         FDCE                                         r  SEG7_upgrade_i/microblaze_0/U0/MicroBlaze_Core_I/Performance.Core/Use_Debug_Logic.Master_Core.Debug_Perf/Serial_Dbg_Intf.control_reg_reg[3]/CE
  -------------------------------------------------------------------    -------------------

                         (clock SEG7_upgrade_i/mdm_1/U0/Use_E2.BSCAN_I/Use_E2.BSCANE2_I/UPDATE rise edge)
                                                     33.333    33.333 r  
    BSCAN_X0Y1           BSCANE2                      0.000    33.333 r  SEG7_upgrade_i/mdm_1/U0/Use_E2.BSCAN_I/Use_E2.BSCANE2_I/UPDATE
                         net (fo=40, routed)          1.619    34.952    SEG7_upgrade_i/microblaze_0/U0/MicroBlaze_Core_I/Performance.Core/Use_Debug_Logic.Master_Core.Debug_Perf/Dbg_Update
    SLICE_X54Y21         FDCE                                         r  SEG7_upgrade_i/microblaze_0/U0/MicroBlaze_Core_I/Performance.Core/Use_Debug_Logic.Master_Core.Debug_Perf/Serial_Dbg_Intf.control_reg_reg[3]/C
                         clock pessimism              0.227    35.179    
                         clock uncertainty           -0.035    35.143    
    SLICE_X54Y21         FDCE (Setup_fdce_C_CE)      -0.295    34.848    SEG7_upgrade_i/microblaze_0/U0/MicroBlaze_Core_I/Performance.Core/Use_Debug_Logic.Master_Core.Debug_Perf/Serial_Dbg_Intf.control_reg_reg[3]
  -------------------------------------------------------------------
                         required time                         34.848    
                         arrival time                         -25.460    
  -------------------------------------------------------------------
                         slack                                  9.388    

Slack (MET) :             9.388ns  (required time - arrival time)
  Source:                 SEG7_upgrade_i/mdm_1/U0/MDM_Core_I1/JTAG_CONTROL_I/Use_BSCAN.command_reg[3]/C
                            (falling edge-triggered cell FDCE clocked by SEG7_upgrade_i/mdm_1/U0/Use_E2.BSCAN_I/Use_E2.BSCANE2_I/UPDATE  {rise@0.000ns fall@16.667ns period=33.333ns})
  Destination:            SEG7_upgrade_i/microblaze_0/U0/MicroBlaze_Core_I/Performance.Core/Use_Debug_Logic.Master_Core.Debug_Perf/Serial_Dbg_Intf.control_reg_reg[4]/CE
                            (rising edge-triggered cell FDCE clocked by SEG7_upgrade_i/mdm_1/U0/Use_E2.BSCAN_I/Use_E2.BSCANE2_I/UPDATE  {rise@0.000ns fall@16.667ns period=33.333ns})
  Path Group:             SEG7_upgrade_i/mdm_1/U0/Use_E2.BSCAN_I/Use_E2.BSCANE2_I/UPDATE
  Path Type:              Setup (Max at Slow Process Corner)
  Requirement:            16.667ns  (SEG7_upgrade_i/mdm_1/U0/Use_E2.BSCAN_I/Use_E2.BSCANE2_I/UPDATE rise@33.333ns - SEG7_upgrade_i/mdm_1/U0/Use_E2.BSCAN_I/Use_E2.BSCANE2_I/UPDATE fall@16.667ns)
  Data Path Delay:        4.935ns  (logic 0.962ns (19.494%)  route 3.973ns (80.506%))
  Logic Levels:           3  (LUT3=1 LUT4=1 LUT5=1)
  Clock Path Skew:        -2.014ns (DCD - SCD + CPR)
    Destination Clock Delay (DCD):    1.619ns = ( 34.952 - 33.333 ) 
    Source Clock Delay      (SCD):    3.859ns = ( 20.526 - 16.667 ) 
    Clock Pessimism Removal (CPR):    0.227ns
  Clock Uncertainty:      0.035ns  ((TSJ^2 + TIJ^2)^1/2 + DJ) / 2 + PE
    Total System Jitter     (TSJ):    0.071ns
    Total Input Jitter      (TIJ):    0.000ns
    Discrete Jitter          (DJ):    0.000ns
    Phase Error              (PE):    0.000ns

    Location             Delay type                Incr(ns)  Path(ns)    Netlist Resource(s)
  -------------------------------------------------------------------    -------------------
                         (clock SEG7_upgrade_i/mdm_1/U0/Use_E2.BSCAN_I/Use_E2.BSCANE2_I/UPDATE fall edge)
                                                     16.667    16.667 f  
    BSCAN_X0Y1           BSCANE2                      0.000    16.667 f  SEG7_upgrade_i/mdm_1/U0/Use_E2.BSCAN_I/Use_E2.BSCANE2_I/UPDATE
                         net (fo=40, routed)          3.859    20.526    SEG7_upgrade_i/mdm_1/U0/MDM_Core_I1/JTAG_CONTROL_I/CLK
    SLICE_X52Y47         FDCE                                         r  SEG7_upgrade_i/mdm_1/U0/MDM_Core_I1/JTAG_CONTROL_I/Use_BSCAN.command_reg[3]/C  (IS_INVERTED)
  -------------------------------------------------------------------    -------------------
    SLICE_X52Y47         FDCE (Prop_fdce_C_Q)         0.362    20.888 f  SEG7_upgrade_i/mdm_1/U0/MDM_Core_I1/JTAG_CONTROL_I/Use_BSCAN.command_reg[3]/Q
                         net (fo=6, routed)           0.860    21.747    SEG7_upgrade_i/mdm_1/U0/MDM_Core_I1/JTAG_CONTROL_I/Use_BSCAN.FDC_I/Q[4]
    SLICE_X54Y47         LUT3 (Prop_lut3_I2_O)        0.148    21.895 f  SEG7_upgrade_i/mdm_1/U0/MDM_Core_I1/JTAG_CONTROL_I/Use_BSCAN.FDC_I/Dbg_Reg_En_0[3]_INST_0/O
                         net (fo=4, routed)           0.605    22.500    SEG7_upgrade_i/microblaze_0/U0/MicroBlaze_Core_I/Performance.Core/Use_Debug_Logic.Master_Core.Debug_Perf/Dbg_Reg_En[3]
    SLICE_X55Y45         LUT4 (Prop_lut4_I2_O)        0.328    22.828 f  SEG7_upgrade_i/microblaze_0/U0/MicroBlaze_Core_I/Performance.Core/Use_Debug_Logic.Master_Core.Debug_Perf/Serial_Dbg_Intf.dbg_wakeup_i_i_3/O
                         net (fo=5, routed)           0.847    23.676    SEG7_upgrade_i/microblaze_0/U0/MicroBlaze_Core_I/Performance.Core/Use_Debug_Logic.Master_Core.Debug_Perf/Dbg_Reg_En_0_sn_1
    SLICE_X54Y44         LUT5 (Prop_lut5_I0_O)        0.124    23.800 r  SEG7_upgrade_i/microblaze_0/U0/MicroBlaze_Core_I/Performance.Core/Use_Debug_Logic.Master_Core.Debug_Perf/Serial_Dbg_Intf.dbg_wakeup_i_i_1/O
                         net (fo=9, routed)           1.661    25.460    SEG7_upgrade_i/microblaze_0/U0/MicroBlaze_Core_I/Performance.Core/Use_Debug_Logic.Master_Core.Debug_Perf/Control_Reg_En
    SLICE_X54Y21         FDCE                                         r  SEG7_upgrade_i/microblaze_0/U0/MicroBlaze_Core_I/Performance.Core/Use_Debug_Logic.Master_Core.Debug_Perf/Serial_Dbg_Intf.control_reg_reg[4]/CE
  -------------------------------------------------------------------    -------------------

                         (clock SEG7_upgrade_i/mdm_1/U0/Use_E2.BSCAN_I/Use_E2.BSCANE2_I/UPDATE rise edge)
                                                     33.333    33.333 r  
    BSCAN_X0Y1           BSCANE2                      0.000    33.333 r  SEG7_upgrade_i/mdm_1/U0/Use_E2.BSCAN_I/Use_E2.BSCANE2_I/UPDATE
                         net (fo=40, routed)          1.619    34.952    SEG7_upgrade_i/microblaze_0/U0/MicroBlaze_Core_I/Performance.Core/Use_Debug_Logic.Master_Core.Debug_Perf/Dbg_Update
    SLICE_X54Y21         FDCE                                         r  SEG7_upgrade_i/microblaze_0/U0/MicroBlaze_Core_I/Performance.Core/Use_Debug_Logic.Master_Core.Debug_Perf/Serial_Dbg_Intf.control_reg_reg[4]/C
                         clock pessimism              0.227    35.179    
                         clock uncertainty           -0.035    35.143    
    SLICE_X54Y21         FDCE (Setup_fdce_C_CE)      -0.295    34.848    SEG7_upgrade_i/microblaze_0/U0/MicroBlaze_Core_I/Performance.Core/Use_Debug_Logic.Master_Core.Debug_Perf/Serial_Dbg_Intf.control_reg_reg[4]
  -------------------------------------------------------------------
                         required time                         34.848    
                         arrival time                         -25.460    
  -------------------------------------------------------------------
                         slack                                  9.388    

Slack (MET) :             9.388ns  (required time - arrival time)
  Source:                 SEG7_upgrade_i/mdm_1/U0/MDM_Core_I1/JTAG_CONTROL_I/Use_BSCAN.command_reg[3]/C
                            (falling edge-triggered cell FDCE clocked by SEG7_upgrade_i/mdm_1/U0/Use_E2.BSCAN_I/Use_E2.BSCANE2_I/UPDATE  {rise@0.000ns fall@16.667ns period=33.333ns})
  Destination:            SEG7_upgrade_i/microblaze_0/U0/MicroBlaze_Core_I/Performance.Core/Use_Debug_Logic.Master_Core.Debug_Perf/Serial_Dbg_Intf.control_reg_reg[5]/CE
                            (rising edge-triggered cell FDCE clocked by SEG7_upgrade_i/mdm_1/U0/Use_E2.BSCAN_I/Use_E2.BSCANE2_I/UPDATE  {rise@0.000ns fall@16.667ns period=33.333ns})
  Path Group:             SEG7_upgrade_i/mdm_1/U0/Use_E2.BSCAN_I/Use_E2.BSCANE2_I/UPDATE
  Path Type:              Setup (Max at Slow Process Corner)
  Requirement:            16.667ns  (SEG7_upgrade_i/mdm_1/U0/Use_E2.BSCAN_I/Use_E2.BSCANE2_I/UPDATE rise@33.333ns - SEG7_upgrade_i/mdm_1/U0/Use_E2.BSCAN_I/Use_E2.BSCANE2_I/UPDATE fall@16.667ns)
  Data Path Delay:        4.935ns  (logic 0.962ns (19.494%)  route 3.973ns (80.506%))
  Logic Levels:           3  (LUT3=1 LUT4=1 LUT5=1)
  Clock Path Skew:        -2.014ns (DCD - SCD + CPR)
    Destination Clock Delay (DCD):    1.619ns = ( 34.952 - 33.333 ) 
    Source Clock Delay      (SCD):    3.859ns = ( 20.526 - 16.667 ) 
    Clock Pessimism Removal (CPR):    0.227ns
  Clock Uncertainty:      0.035ns  ((TSJ^2 + TIJ^2)^1/2 + DJ) / 2 + PE
    Total System Jitter     (TSJ):    0.071ns
    Total Input Jitter      (TIJ):    0.000ns
    Discrete Jitter          (DJ):    0.000ns
    Phase Error              (PE):    0.000ns

    Location             Delay type                Incr(ns)  Path(ns)    Netlist Resource(s)
  -------------------------------------------------------------------    -------------------
                         (clock SEG7_upgrade_i/mdm_1/U0/Use_E2.BSCAN_I/Use_E2.BSCANE2_I/UPDATE fall edge)
                                                     16.667    16.667 f  
    BSCAN_X0Y1           BSCANE2                      0.000    16.667 f  SEG7_upgrade_i/mdm_1/U0/Use_E2.BSCAN_I/Use_E2.BSCANE2_I/UPDATE
                         net (fo=40, routed)          3.859    20.526    SEG7_upgrade_i/mdm_1/U0/MDM_Core_I1/JTAG_CONTROL_I/CLK
    SLICE_X52Y47         FDCE                                         r  SEG7_upgrade_i/mdm_1/U0/MDM_Core_I1/JTAG_CONTROL_I/Use_BSCAN.command_reg[3]/C  (IS_INVERTED)
  -------------------------------------------------------------------    -------------------
    SLICE_X52Y47         FDCE (Prop_fdce_C_Q)         0.362    20.888 f  SEG7_upgrade_i/mdm_1/U0/MDM_Core_I1/JTAG_CONTROL_I/Use_BSCAN.command_reg[3]/Q
                         net (fo=6, routed)           0.860    21.747    SEG7_upgrade_i/mdm_1/U0/MDM_Core_I1/JTAG_CONTROL_I/Use_BSCAN.FDC_I/Q[4]
    SLICE_X54Y47         LUT3 (Prop_lut3_I2_O)        0.148    21.895 f  SEG7_upgrade_i/mdm_1/U0/MDM_Core_I1/JTAG_CONTROL_I/Use_BSCAN.FDC_I/Dbg_Reg_En_0[3]_INST_0/O
                         net (fo=4, routed)           0.605    22.500    SEG7_upgrade_i/microblaze_0/U0/MicroBlaze_Core_I/Performance.Core/Use_Debug_Logic.Master_Core.Debug_Perf/Dbg_Reg_En[3]
    SLICE_X55Y45         LUT4 (Prop_lut4_I2_O)        0.328    22.828 f  SEG7_upgrade_i/microblaze_0/U0/MicroBlaze_Core_I/Performance.Core/Use_Debug_Logic.Master_Core.Debug_Perf/Serial_Dbg_Intf.dbg_wakeup_i_i_3/O
                         net (fo=5, routed)           0.847    23.676    SEG7_upgrade_i/microblaze_0/U0/MicroBlaze_Core_I/Performance.Core/Use_Debug_Logic.Master_Core.Debug_Perf/Dbg_Reg_En_0_sn_1
    SLICE_X54Y44         LUT5 (Prop_lut5_I0_O)        0.124    23.800 r  SEG7_upgrade_i/microblaze_0/U0/MicroBlaze_Core_I/Performance.Core/Use_Debug_Logic.Master_Core.Debug_Perf/Serial_Dbg_Intf.dbg_wakeup_i_i_1/O
                         net (fo=9, routed)           1.661    25.460    SEG7_upgrade_i/microblaze_0/U0/MicroBlaze_Core_I/Performance.Core/Use_Debug_Logic.Master_Core.Debug_Perf/Control_Reg_En
    SLICE_X54Y21         FDCE                                         r  SEG7_upgrade_i/microblaze_0/U0/MicroBlaze_Core_I/Performance.Core/Use_Debug_Logic.Master_Core.Debug_Perf/Serial_Dbg_Intf.control_reg_reg[5]/CE
  -------------------------------------------------------------------    -------------------

                         (clock SEG7_upgrade_i/mdm_1/U0/Use_E2.BSCAN_I/Use_E2.BSCANE2_I/UPDATE rise edge)
                                                     33.333    33.333 r  
    BSCAN_X0Y1           BSCANE2                      0.000    33.333 r  SEG7_upgrade_i/mdm_1/U0/Use_E2.BSCAN_I/Use_E2.BSCANE2_I/UPDATE
                         net (fo=40, routed)          1.619    34.952    SEG7_upgrade_i/microblaze_0/U0/MicroBlaze_Core_I/Performance.Core/Use_Debug_Logic.Master_Core.Debug_Perf/Dbg_Update
    SLICE_X54Y21         FDCE                                         r  SEG7_upgrade_i/microblaze_0/U0/MicroBlaze_Core_I/Performance.Core/Use_Debug_Logic.Master_Core.Debug_Perf/Serial_Dbg_Intf.control_reg_reg[5]/C
                         clock pessimism              0.227    35.179    
                         clock uncertainty           -0.035    35.143    
    SLICE_X54Y21         FDCE (Setup_fdce_C_CE)      -0.295    34.848    SEG7_upgrade_i/microblaze_0/U0/MicroBlaze_Core_I/Performance.Core/Use_Debug_Logic.Master_Core.Debug_Perf/Serial_Dbg_Intf.control_reg_reg[5]
  -------------------------------------------------------------------
                         required time                         34.848    
                         arrival time                         -25.460    
  -------------------------------------------------------------------
                         slack                                  9.388    

Slack (MET) :             9.388ns  (required time - arrival time)
  Source:                 SEG7_upgrade_i/mdm_1/U0/MDM_Core_I1/JTAG_CONTROL_I/Use_BSCAN.command_reg[3]/C
                            (falling edge-triggered cell FDCE clocked by SEG7_upgrade_i/mdm_1/U0/Use_E2.BSCAN_I/Use_E2.BSCANE2_I/UPDATE  {rise@0.000ns fall@16.667ns period=33.333ns})
  Destination:            SEG7_upgrade_i/microblaze_0/U0/MicroBlaze_Core_I/Performance.Core/Use_Debug_Logic.Master_Core.Debug_Perf/Serial_Dbg_Intf.control_reg_reg[8]/CE
                            (rising edge-triggered cell FDCE clocked by SEG7_upgrade_i/mdm_1/U0/Use_E2.BSCAN_I/Use_E2.BSCANE2_I/UPDATE  {rise@0.000ns fall@16.667ns period=33.333ns})
  Path Group:             SEG7_upgrade_i/mdm_1/U0/Use_E2.BSCAN_I/Use_E2.BSCANE2_I/UPDATE
  Path Type:              Setup (Max at Slow Process Corner)
  Requirement:            16.667ns  (SEG7_upgrade_i/mdm_1/U0/Use_E2.BSCAN_I/Use_E2.BSCANE2_I/UPDATE rise@33.333ns - SEG7_upgrade_i/mdm_1/U0/Use_E2.BSCAN_I/Use_E2.BSCANE2_I/UPDATE fall@16.667ns)
  Data Path Delay:        4.935ns  (logic 0.962ns (19.494%)  route 3.973ns (80.506%))
  Logic Levels:           3  (LUT3=1 LUT4=1 LUT5=1)
  Clock Path Skew:        -2.014ns (DCD - SCD + CPR)
    Destination Clock Delay (DCD):    1.619ns = ( 34.952 - 33.333 ) 
    Source Clock Delay      (SCD):    3.859ns = ( 20.526 - 16.667 ) 
    Clock Pessimism Removal (CPR):    0.227ns
  Clock Uncertainty:      0.035ns  ((TSJ^2 + TIJ^2)^1/2 + DJ) / 2 + PE
    Total System Jitter     (TSJ):    0.071ns
    Total Input Jitter      (TIJ):    0.000ns
    Discrete Jitter          (DJ):    0.000ns
    Phase Error              (PE):    0.000ns

    Location             Delay type                Incr(ns)  Path(ns)    Netlist Resource(s)
  -------------------------------------------------------------------    -------------------
                         (clock SEG7_upgrade_i/mdm_1/U0/Use_E2.BSCAN_I/Use_E2.BSCANE2_I/UPDATE fall edge)
                                                     16.667    16.667 f  
    BSCAN_X0Y1           BSCANE2                      0.000    16.667 f  SEG7_upgrade_i/mdm_1/U0/Use_E2.BSCAN_I/Use_E2.BSCANE2_I/UPDATE
                         net (fo=40, routed)          3.859    20.526    SEG7_upgrade_i/mdm_1/U0/MDM_Core_I1/JTAG_CONTROL_I/CLK
    SLICE_X52Y47         FDCE                                         r  SEG7_upgrade_i/mdm_1/U0/MDM_Core_I1/JTAG_CONTROL_I/Use_BSCAN.command_reg[3]/C  (IS_INVERTED)
  -------------------------------------------------------------------    -------------------
    SLICE_X52Y47         FDCE (Prop_fdce_C_Q)         0.362    20.888 f  SEG7_upgrade_i/mdm_1/U0/MDM_Core_I1/JTAG_CONTROL_I/Use_BSCAN.command_reg[3]/Q
                         net (fo=6, routed)           0.860    21.747    SEG7_upgrade_i/mdm_1/U0/MDM_Core_I1/JTAG_CONTROL_I/Use_BSCAN.FDC_I/Q[4]
    SLICE_X54Y47         LUT3 (Prop_lut3_I2_O)        0.148    21.895 f  SEG7_upgrade_i/mdm_1/U0/MDM_Core_I1/JTAG_CONTROL_I/Use_BSCAN.FDC_I/Dbg_Reg_En_0[3]_INST_0/O
                         net (fo=4, routed)           0.605    22.500    SEG7_upgrade_i/microblaze_0/U0/MicroBlaze_Core_I/Performance.Core/Use_Debug_Logic.Master_Core.Debug_Perf/Dbg_Reg_En[3]
    SLICE_X55Y45         LUT4 (Prop_lut4_I2_O)        0.328    22.828 f  SEG7_upgrade_i/microblaze_0/U0/MicroBlaze_Core_I/Performance.Core/Use_Debug_Logic.Master_Core.Debug_Perf/Serial_Dbg_Intf.dbg_wakeup_i_i_3/O
                         net (fo=5, routed)           0.847    23.676    SEG7_upgrade_i/microblaze_0/U0/MicroBlaze_Core_I/Performance.Core/Use_Debug_Logic.Master_Core.Debug_Perf/Dbg_Reg_En_0_sn_1
    SLICE_X54Y44         LUT5 (Prop_lut5_I0_O)        0.124    23.800 r  SEG7_upgrade_i/microblaze_0/U0/MicroBlaze_Core_I/Performance.Core/Use_Debug_Logic.Master_Core.Debug_Perf/Serial_Dbg_Intf.dbg_wakeup_i_i_1/O
                         net (fo=9, routed)           1.661    25.460    SEG7_upgrade_i/microblaze_0/U0/MicroBlaze_Core_I/Performance.Core/Use_Debug_Logic.Master_Core.Debug_Perf/Control_Reg_En
    SLICE_X54Y21         FDCE                                         r  SEG7_upgrade_i/microblaze_0/U0/MicroBlaze_Core_I/Performance.Core/Use_Debug_Logic.Master_Core.Debug_Perf/Serial_Dbg_Intf.control_reg_reg[8]/CE
  -------------------------------------------------------------------    -------------------

                         (clock SEG7_upgrade_i/mdm_1/U0/Use_E2.BSCAN_I/Use_E2.BSCANE2_I/UPDATE rise edge)
                                                     33.333    33.333 r  
    BSCAN_X0Y1           BSCANE2                      0.000    33.333 r  SEG7_upgrade_i/mdm_1/U0/Use_E2.BSCAN_I/Use_E2.BSCANE2_I/UPDATE
                         net (fo=40, routed)          1.619    34.952    SEG7_upgrade_i/microblaze_0/U0/MicroBlaze_Core_I/Performance.Core/Use_Debug_Logic.Master_Core.Debug_Perf/Dbg_Update
    SLICE_X54Y21         FDCE                                         r  SEG7_upgrade_i/microblaze_0/U0/MicroBlaze_Core_I/Performance.Core/Use_Debug_Logic.Master_Core.Debug_Perf/Serial_Dbg_Intf.control_reg_reg[8]/C
                         clock pessimism              0.227    35.179    
                         clock uncertainty           -0.035    35.143    
    SLICE_X54Y21         FDCE (Setup_fdce_C_CE)      -0.295    34.848    SEG7_upgrade_i/microblaze_0/U0/MicroBlaze_Core_I/Performance.Core/Use_Debug_Logic.Master_Core.Debug_Perf/Serial_Dbg_Intf.control_reg_reg[8]
  -------------------------------------------------------------------
                         required time                         34.848    
                         arrival time                         -25.460    
  -------------------------------------------------------------------
                         slack                                  9.388    

Slack (MET) :             9.579ns  (required time - arrival time)
  Source:                 SEG7_upgrade_i/mdm_1/U0/MDM_Core_I1/JTAG_CONTROL_I/Use_BSCAN.command_reg[3]/C
                            (falling edge-triggered cell FDCE clocked by SEG7_upgrade_i/mdm_1/U0/Use_E2.BSCAN_I/Use_E2.BSCANE2_I/UPDATE  {rise@0.000ns fall@16.667ns period=33.333ns})
  Destination:            SEG7_upgrade_i/microblaze_0/U0/MicroBlaze_Core_I/Performance.Core/Use_Debug_Logic.Master_Core.Debug_Perf/Serial_Dbg_Intf.single_Step_TClk_reg/CE
                            (rising edge-triggered cell FDCE clocked by SEG7_upgrade_i/mdm_1/U0/Use_E2.BSCAN_I/Use_E2.BSCANE2_I/UPDATE  {rise@0.000ns fall@16.667ns period=33.333ns})
  Path Group:             SEG7_upgrade_i/mdm_1/U0/Use_E2.BSCAN_I/Use_E2.BSCANE2_I/UPDATE
  Path Type:              Setup (Max at Slow Process Corner)
  Requirement:            16.667ns  (SEG7_upgrade_i/mdm_1/U0/Use_E2.BSCAN_I/Use_E2.BSCANE2_I/UPDATE rise@33.333ns - SEG7_upgrade_i/mdm_1/U0/Use_E2.BSCAN_I/Use_E2.BSCANE2_I/UPDATE fall@16.667ns)
  Data Path Delay:        4.592ns  (logic 0.962ns (20.950%)  route 3.630ns (79.050%))
  Logic Levels:           3  (LUT3=1 LUT4=1 LUT5=1)
  Clock Path Skew:        -2.162ns (DCD - SCD + CPR)
    Destination Clock Delay (DCD):    1.516ns = ( 34.849 - 33.333 ) 
    Source Clock Delay      (SCD):    3.859ns = ( 20.526 - 16.667 ) 
    Clock Pessimism Removal (CPR):    0.181ns
  Clock Uncertainty:      0.035ns  ((TSJ^2 + TIJ^2)^1/2 + DJ) / 2 + PE
    Total System Jitter     (TSJ):    0.071ns
    Total Input Jitter      (TIJ):    0.000ns
    Discrete Jitter          (DJ):    0.000ns
    Phase Error              (PE):    0.000ns

    Location             Delay type                Incr(ns)  Path(ns)    Netlist Resource(s)
  -------------------------------------------------------------------    -------------------
                         (clock SEG7_upgrade_i/mdm_1/U0/Use_E2.BSCAN_I/Use_E2.BSCANE2_I/UPDATE fall edge)
                                                     16.667    16.667 f  
    BSCAN_X0Y1           BSCANE2                      0.000    16.667 f  SEG7_upgrade_i/mdm_1/U0/Use_E2.BSCAN_I/Use_E2.BSCANE2_I/UPDATE
                         net (fo=40, routed)          3.859    20.526    SEG7_upgrade_i/mdm_1/U0/MDM_Core_I1/JTAG_CONTROL_I/CLK
    SLICE_X52Y47         FDCE                                         r  SEG7_upgrade_i/mdm_1/U0/MDM_Core_I1/JTAG_CONTROL_I/Use_BSCAN.command_reg[3]/C  (IS_INVERTED)
  -------------------------------------------------------------------    -------------------
    SLICE_X52Y47         FDCE (Prop_fdce_C_Q)         0.362    20.888 f  SEG7_upgrade_i/mdm_1/U0/MDM_Core_I1/JTAG_CONTROL_I/Use_BSCAN.command_reg[3]/Q
                         net (fo=6, routed)           0.860    21.747    SEG7_upgrade_i/mdm_1/U0/MDM_Core_I1/JTAG_CONTROL_I/Use_BSCAN.FDC_I/Q[4]
    SLICE_X54Y47         LUT3 (Prop_lut3_I2_O)        0.148    21.895 f  SEG7_upgrade_i/mdm_1/U0/MDM_Core_I1/JTAG_CONTROL_I/Use_BSCAN.FDC_I/Dbg_Reg_En_0[3]_INST_0/O
                         net (fo=4, routed)           0.605    22.500    SEG7_upgrade_i/microblaze_0/U0/MicroBlaze_Core_I/Performance.Core/Use_Debug_Logic.Master_Core.Debug_Perf/Dbg_Reg_En[3]
    SLICE_X55Y45         LUT4 (Prop_lut4_I2_O)        0.328    22.828 f  SEG7_upgrade_i/microblaze_0/U0/MicroBlaze_Core_I/Performance.Core/Use_Debug_Logic.Master_Core.Debug_Perf/Serial_Dbg_Intf.dbg_wakeup_i_i_3/O
                         net (fo=5, routed)           0.847    23.676    SEG7_upgrade_i/microblaze_0/U0/MicroBlaze_Core_I/Performance.Core/Use_Debug_Logic.Master_Core.Debug_Perf/Dbg_Reg_En_0_sn_1
    SLICE_X54Y44         LUT5 (Prop_lut5_I0_O)        0.124    23.800 r  SEG7_upgrade_i/microblaze_0/U0/MicroBlaze_Core_I/Performance.Core/Use_Debug_Logic.Master_Core.Debug_Perf/Serial_Dbg_Intf.dbg_wakeup_i_i_1/O
                         net (fo=9, routed)           1.318    25.118    SEG7_upgrade_i/microblaze_0/U0/MicroBlaze_Core_I/Performance.Core/Use_Debug_Logic.Master_Core.Debug_Perf/Control_Reg_En
    SLICE_X55Y22         FDCE                                         r  SEG7_upgrade_i/microblaze_0/U0/MicroBlaze_Core_I/Performance.Core/Use_Debug_Logic.Master_Core.Debug_Perf/Serial_Dbg_Intf.single_Step_TClk_reg/CE
  -------------------------------------------------------------------    -------------------

                         (clock SEG7_upgrade_i/mdm_1/U0/Use_E2.BSCAN_I/Use_E2.BSCANE2_I/UPDATE rise edge)
                                                     33.333    33.333 r  
    BSCAN_X0Y1           BSCANE2                      0.000    33.333 r  SEG7_upgrade_i/mdm_1/U0/Use_E2.BSCAN_I/Use_E2.BSCANE2_I/UPDATE
                         net (fo=40, routed)          1.516    34.849    SEG7_upgrade_i/microblaze_0/U0/MicroBlaze_Core_I/Performance.Core/Use_Debug_Logic.Master_Core.Debug_Perf/Dbg_Update
    SLICE_X55Y22         FDCE                                         r  SEG7_upgrade_i/microblaze_0/U0/MicroBlaze_Core_I/Performance.Core/Use_Debug_Logic.Master_Core.Debug_Perf/Serial_Dbg_Intf.single_Step_TClk_reg/C
                         clock pessimism              0.181    35.030    
                         clock uncertainty           -0.035    34.994    
    SLICE_X55Y22         FDCE (Setup_fdce_C_CE)      -0.298    34.696    SEG7_upgrade_i/microblaze_0/U0/MicroBlaze_Core_I/Performance.Core/Use_Debug_Logic.Master_Core.Debug_Perf/Serial_Dbg_Intf.single_Step_TClk_reg
  -------------------------------------------------------------------
                         required time                         34.696    
                         arrival time                         -25.118    
  -------------------------------------------------------------------
                         slack                                  9.579    

Slack (MET) :             9.675ns  (required time - arrival time)
  Source:                 SEG7_upgrade_i/mdm_1/U0/MDM_Core_I1/JTAG_CONTROL_I/Use_BSCAN.command_reg[3]/C
                            (falling edge-triggered cell FDCE clocked by SEG7_upgrade_i/mdm_1/U0/Use_E2.BSCAN_I/Use_E2.BSCANE2_I/UPDATE  {rise@0.000ns fall@16.667ns period=33.333ns})
  Destination:            SEG7_upgrade_i/microblaze_0/U0/MicroBlaze_Core_I/Performance.Core/Use_Debug_Logic.Master_Core.Debug_Perf/Serial_Dbg_Intf.force_stop_TClk_reg/CE
                            (rising edge-triggered cell FDCE clocked by SEG7_upgrade_i/mdm_1/U0/Use_E2.BSCAN_I/Use_E2.BSCANE2_I/UPDATE  {rise@0.000ns fall@16.667ns period=33.333ns})
  Path Group:             SEG7_upgrade_i/mdm_1/U0/Use_E2.BSCAN_I/Use_E2.BSCANE2_I/UPDATE
  Path Type:              Setup (Max at Slow Process Corner)
  Requirement:            16.667ns  (SEG7_upgrade_i/mdm_1/U0/Use_E2.BSCAN_I/Use_E2.BSCANE2_I/UPDATE rise@33.333ns - SEG7_upgrade_i/mdm_1/U0/Use_E2.BSCAN_I/Use_E2.BSCANE2_I/UPDATE fall@16.667ns)
  Data Path Delay:        4.755ns  (logic 0.962ns (20.230%)  route 3.793ns (79.769%))
  Logic Levels:           3  (LUT3=1 LUT4=1 LUT5=1)
  Clock Path Skew:        -1.906ns (DCD - SCD + CPR)
    Destination Clock Delay (DCD):    1.727ns = ( 35.060 - 33.333 ) 
    Source Clock Delay      (SCD):    3.859ns = ( 20.526 - 16.667 ) 
    Clock Pessimism Removal (CPR):    0.227ns
  Clock Uncertainty:      0.035ns  ((TSJ^2 + TIJ^2)^1/2 + DJ) / 2 + PE
    Total System Jitter     (TSJ):    0.071ns
    Total Input Jitter      (TIJ):    0.000ns
    Discrete Jitter          (DJ):    0.000ns
    Phase Error              (PE):    0.000ns

    Location             Delay type                Incr(ns)  Path(ns)    Netlist Resource(s)
  -------------------------------------------------------------------    -------------------
                         (clock SEG7_upgrade_i/mdm_1/U0/Use_E2.BSCAN_I/Use_E2.BSCANE2_I/UPDATE fall edge)
                                                     16.667    16.667 f  
    BSCAN_X0Y1           BSCANE2                      0.000    16.667 f  SEG7_upgrade_i/mdm_1/U0/Use_E2.BSCAN_I/Use_E2.BSCANE2_I/UPDATE
                         net (fo=40, routed)          3.859    20.526    SEG7_upgrade_i/mdm_1/U0/MDM_Core_I1/JTAG_CONTROL_I/CLK
    SLICE_X52Y47         FDCE                                         r  SEG7_upgrade_i/mdm_1/U0/MDM_Core_I1/JTAG_CONTROL_I/Use_BSCAN.command_reg[3]/C  (IS_INVERTED)
  -------------------------------------------------------------------    -------------------
    SLICE_X52Y47         FDCE (Prop_fdce_C_Q)         0.362    20.888 f  SEG7_upgrade_i/mdm_1/U0/MDM_Core_I1/JTAG_CONTROL_I/Use_BSCAN.command_reg[3]/Q
                         net (fo=6, routed)           0.860    21.747    SEG7_upgrade_i/mdm_1/U0/MDM_Core_I1/JTAG_CONTROL_I/Use_BSCAN.FDC_I/Q[4]
    SLICE_X54Y47         LUT3 (Prop_lut3_I2_O)        0.148    21.895 f  SEG7_upgrade_i/mdm_1/U0/MDM_Core_I1/JTAG_CONTROL_I/Use_BSCAN.FDC_I/Dbg_Reg_En_0[3]_INST_0/O
                         net (fo=4, routed)           0.605    22.500    SEG7_upgrade_i/microblaze_0/U0/MicroBlaze_Core_I/Performance.Core/Use_Debug_Logic.Master_Core.Debug_Perf/Dbg_Reg_En[3]
    SLICE_X55Y45         LUT4 (Prop_lut4_I2_O)        0.328    22.828 f  SEG7_upgrade_i/microblaze_0/U0/MicroBlaze_Core_I/Performance.Core/Use_Debug_Logic.Master_Core.Debug_Perf/Serial_Dbg_Intf.dbg_wakeup_i_i_3/O
                         net (fo=5, routed)           0.847    23.676    SEG7_upgrade_i/microblaze_0/U0/MicroBlaze_Core_I/Performance.Core/Use_Debug_Logic.Master_Core.Debug_Perf/Dbg_Reg_En_0_sn_1
    SLICE_X54Y44         LUT5 (Prop_lut5_I0_O)        0.124    23.800 r  SEG7_upgrade_i/microblaze_0/U0/MicroBlaze_Core_I/Performance.Core/Use_Debug_Logic.Master_Core.Debug_Perf/Serial_Dbg_Intf.dbg_wakeup_i_i_1/O
                         net (fo=9, routed)           1.481    25.281    SEG7_upgrade_i/microblaze_0/U0/MicroBlaze_Core_I/Performance.Core/Use_Debug_Logic.Master_Core.Debug_Perf/Control_Reg_En
    SLICE_X54Y20         FDCE                                         r  SEG7_upgrade_i/microblaze_0/U0/MicroBlaze_Core_I/Performance.Core/Use_Debug_Logic.Master_Core.Debug_Perf/Serial_Dbg_Intf.force_stop_TClk_reg/CE
  -------------------------------------------------------------------    -------------------

                         (clock SEG7_upgrade_i/mdm_1/U0/Use_E2.BSCAN_I/Use_E2.BSCANE2_I/UPDATE rise edge)
                                                     33.333    33.333 r  
    BSCAN_X0Y1           BSCANE2                      0.000    33.333 r  SEG7_upgrade_i/mdm_1/U0/Use_E2.BSCAN_I/Use_E2.BSCANE2_I/UPDATE
                         net (fo=40, routed)          1.727    35.060    SEG7_upgrade_i/microblaze_0/U0/MicroBlaze_Core_I/Performance.Core/Use_Debug_Logic.Master_Core.Debug_Perf/Dbg_Update
    SLICE_X54Y20         FDCE                                         r  SEG7_upgrade_i/microblaze_0/U0/MicroBlaze_Core_I/Performance.Core/Use_Debug_Logic.Master_Core.Debug_Perf/Serial_Dbg_Intf.force_stop_TClk_reg/C
                         clock pessimism              0.227    35.287    
                         clock uncertainty           -0.035    35.251    
    SLICE_X54Y20         FDCE (Setup_fdce_C_CE)      -0.295    34.956    SEG7_upgrade_i/microblaze_0/U0/MicroBlaze_Core_I/Performance.Core/Use_Debug_Logic.Master_Core.Debug_Perf/Serial_Dbg_Intf.force_stop_TClk_reg
  -------------------------------------------------------------------
                         required time                         34.956    
                         arrival time                         -25.281    
  -------------------------------------------------------------------
                         slack                                  9.675    

Slack (MET) :             9.875ns  (required time - arrival time)
  Source:                 SEG7_upgrade_i/mdm_1/U0/MDM_Core_I1/JTAG_CONTROL_I/Use_BSCAN.command_reg[3]/C
                            (falling edge-triggered cell FDCE clocked by SEG7_upgrade_i/mdm_1/U0/Use_E2.BSCAN_I/Use_E2.BSCANE2_I/UPDATE  {rise@0.000ns fall@16.667ns period=33.333ns})
  Destination:            SEG7_upgrade_i/microblaze_0/U0/MicroBlaze_Core_I/Performance.Core/Use_Debug_Logic.Master_Core.Debug_Perf/Serial_Dbg_Intf.continue_from_brk_TClk_reg/CE
                            (rising edge-triggered cell FDCE clocked by SEG7_upgrade_i/mdm_1/U0/Use_E2.BSCAN_I/Use_E2.BSCANE2_I/UPDATE  {rise@0.000ns fall@16.667ns period=33.333ns})
  Path Group:             SEG7_upgrade_i/mdm_1/U0/Use_E2.BSCAN_I/Use_E2.BSCANE2_I/UPDATE
  Path Type:              Setup (Max at Slow Process Corner)
  Requirement:            16.667ns  (SEG7_upgrade_i/mdm_1/U0/Use_E2.BSCAN_I/Use_E2.BSCANE2_I/UPDATE rise@33.333ns - SEG7_upgrade_i/mdm_1/U0/Use_E2.BSCAN_I/Use_E2.BSCANE2_I/UPDATE fall@16.667ns)
  Data Path Delay:        4.435ns  (logic 0.962ns (21.691%)  route 3.473ns (78.309%))
  Logic Levels:           3  (LUT3=1 LUT4=1 LUT5=1)
  Clock Path Skew:        -2.023ns (DCD - SCD + CPR)
    Destination Clock Delay (DCD):    1.655ns = ( 34.988 - 33.333 ) 
    Source Clock Delay      (SCD):    3.859ns = ( 20.526 - 16.667 ) 
    Clock Pessimism Removal (CPR):    0.181ns
  Clock Uncertainty:      0.035ns  ((TSJ^2 + TIJ^2)^1/2 + DJ) / 2 + PE
    Total System Jitter     (TSJ):    0.071ns
    Total Input Jitter      (TIJ):    0.000ns
    Discrete Jitter          (DJ):    0.000ns
    Phase Error              (PE):    0.000ns

    Location             Delay type                Incr(ns)  Path(ns)    Netlist Resource(s)
  -------------------------------------------------------------------    -------------------
                         (clock SEG7_upgrade_i/mdm_1/U0/Use_E2.BSCAN_I/Use_E2.BSCANE2_I/UPDATE fall edge)
                                                     16.667    16.667 f  
    BSCAN_X0Y1           BSCANE2                      0.000    16.667 f  SEG7_upgrade_i/mdm_1/U0/Use_E2.BSCAN_I/Use_E2.BSCANE2_I/UPDATE
                         net (fo=40, routed)          3.859    20.526    SEG7_upgrade_i/mdm_1/U0/MDM_Core_I1/JTAG_CONTROL_I/CLK
    SLICE_X52Y47         FDCE                                         r  SEG7_upgrade_i/mdm_1/U0/MDM_Core_I1/JTAG_CONTROL_I/Use_BSCAN.command_reg[3]/C  (IS_INVERTED)
  -------------------------------------------------------------------    -------------------
    SLICE_X52Y47         FDCE (Prop_fdce_C_Q)         0.362    20.888 f  SEG7_upgrade_i/mdm_1/U0/MDM_Core_I1/JTAG_CONTROL_I/Use_BSCAN.command_reg[3]/Q
                         net (fo=6, routed)           0.860    21.747    SEG7_upgrade_i/mdm_1/U0/MDM_Core_I1/JTAG_CONTROL_I/Use_BSCAN.FDC_I/Q[4]
    SLICE_X54Y47         LUT3 (Prop_lut3_I2_O)        0.148    21.895 f  SEG7_upgrade_i/mdm_1/U0/MDM_Core_I1/JTAG_CONTROL_I/Use_BSCAN.FDC_I/Dbg_Reg_En_0[3]_INST_0/O
                         net (fo=4, routed)           0.605    22.500    SEG7_upgrade_i/microblaze_0/U0/MicroBlaze_Core_I/Performance.Core/Use_Debug_Logic.Master_Core.Debug_Perf/Dbg_Reg_En[3]
    SLICE_X55Y45         LUT4 (Prop_lut4_I2_O)        0.328    22.828 f  SEG7_upgrade_i/microblaze_0/U0/MicroBlaze_Core_I/Performance.Core/Use_Debug_Logic.Master_Core.Debug_Perf/Serial_Dbg_Intf.dbg_wakeup_i_i_3/O
                         net (fo=5, routed)           0.847    23.676    SEG7_upgrade_i/microblaze_0/U0/MicroBlaze_Core_I/Performance.Core/Use_Debug_Logic.Master_Core.Debug_Perf/Dbg_Reg_En_0_sn_1
    SLICE_X54Y44         LUT5 (Prop_lut5_I0_O)        0.124    23.800 r  SEG7_upgrade_i/microblaze_0/U0/MicroBlaze_Core_I/Performance.Core/Use_Debug_Logic.Master_Core.Debug_Perf/Serial_Dbg_Intf.dbg_wakeup_i_i_1/O
                         net (fo=9, routed)           1.161    24.961    SEG7_upgrade_i/microblaze_0/U0/MicroBlaze_Core_I/Performance.Core/Use_Debug_Logic.Master_Core.Debug_Perf/Control_Reg_En
    SLICE_X57Y23         FDCE                                         r  SEG7_upgrade_i/microblaze_0/U0/MicroBlaze_Core_I/Performance.Core/Use_Debug_Logic.Master_Core.Debug_Perf/Serial_Dbg_Intf.continue_from_brk_TClk_reg/CE
  -------------------------------------------------------------------    -------------------

                         (clock SEG7_upgrade_i/mdm_1/U0/Use_E2.BSCAN_I/Use_E2.BSCANE2_I/UPDATE rise edge)
                                                     33.333    33.333 r  
    BSCAN_X0Y1           BSCANE2                      0.000    33.333 r  SEG7_upgrade_i/mdm_1/U0/Use_E2.BSCAN_I/Use_E2.BSCANE2_I/UPDATE
                         net (fo=40, routed)          1.655    34.988    SEG7_upgrade_i/microblaze_0/U0/MicroBlaze_Core_I/Performance.Core/Use_Debug_Logic.Master_Core.Debug_Perf/Dbg_Update
    SLICE_X57Y23         FDCE                                         r  SEG7_upgrade_i/microblaze_0/U0/MicroBlaze_Core_I/Performance.Core/Use_Debug_Logic.Master_Core.Debug_Perf/Serial_Dbg_Intf.continue_from_brk_TClk_reg/C
                         clock pessimism              0.181    35.169    
                         clock uncertainty           -0.035    35.134    
    SLICE_X57Y23         FDCE (Setup_fdce_C_CE)      -0.298    34.836    SEG7_upgrade_i/microblaze_0/U0/MicroBlaze_Core_I/Performance.Core/Use_Debug_Logic.Master_Core.Debug_Perf/Serial_Dbg_Intf.continue_from_brk_TClk_reg
  -------------------------------------------------------------------
                         required time                         34.836    
                         arrival time                         -24.961    
  -------------------------------------------------------------------
                         slack                                  9.875    





Min Delay Paths
--------------------------------------------------------------------------------------
Slack (MET) :             0.504ns  (arrival time - required time)
  Source:                 SEG7_upgrade_i/mdm_1/U0/MDM_Core_I1/JTAG_CONTROL_I/completion_ctrl_reg[0]/C
                            (rising edge-triggered cell FDCE clocked by SEG7_upgrade_i/mdm_1/U0/Use_E2.BSCAN_I/Use_E2.BSCANE2_I/UPDATE  {rise@0.000ns fall@16.667ns period=33.333ns})
  Destination:            SEG7_upgrade_i/mdm_1/U0/MDM_Core_I1/JTAG_CONTROL_I/completion_ctrl_reg[0]/D
                            (rising edge-triggered cell FDCE clocked by SEG7_upgrade_i/mdm_1/U0/Use_E2.BSCAN_I/Use_E2.BSCANE2_I/UPDATE  {rise@0.000ns fall@16.667ns period=33.333ns})
  Path Group:             SEG7_upgrade_i/mdm_1/U0/Use_E2.BSCAN_I/Use_E2.BSCANE2_I/UPDATE
  Path Type:              Hold (Min at Fast Process Corner)
  Requirement:            0.000ns  (SEG7_upgrade_i/mdm_1/U0/Use_E2.BSCAN_I/Use_E2.BSCANE2_I/UPDATE rise@0.000ns - SEG7_upgrade_i/mdm_1/U0/Use_E2.BSCAN_I/Use_E2.BSCANE2_I/UPDATE rise@0.000ns)
  Data Path Delay:        0.578ns  (logic 0.199ns (34.458%)  route 0.379ns (65.542%))
  Logic Levels:           1  (LUT3=1)
  Clock Path Skew:        0.000ns (DCD - SCD - CPR)
    Destination Clock Delay (DCD):    1.616ns
    Source Clock Delay      (SCD):    1.400ns
    Clock Pessimism Removal (CPR):    0.216ns

    Location             Delay type                Incr(ns)  Path(ns)    Netlist Resource(s)
  -------------------------------------------------------------------    -------------------
                         (clock SEG7_upgrade_i/mdm_1/U0/Use_E2.BSCAN_I/Use_E2.BSCANE2_I/UPDATE rise edge)
                                                      0.000     0.000 r  
    BSCAN_X0Y1           BSCANE2                      0.000     0.000 r  SEG7_upgrade_i/mdm_1/U0/Use_E2.BSCAN_I/Use_E2.BSCANE2_I/UPDATE
                         net (fo=40, routed)          1.400     1.400    SEG7_upgrade_i/mdm_1/U0/MDM_Core_I1/JTAG_CONTROL_I/CLK
    SLICE_X54Y48         FDCE                                         r  SEG7_upgrade_i/mdm_1/U0/MDM_Core_I1/JTAG_CONTROL_I/completion_ctrl_reg[0]/C
  -------------------------------------------------------------------    -------------------
    SLICE_X54Y48         FDCE (Prop_fdce_C_Q)         0.102     1.502 r  SEG7_upgrade_i/mdm_1/U0/MDM_Core_I1/JTAG_CONTROL_I/completion_ctrl_reg[0]/Q
                         net (fo=2, routed)           0.379     1.881    SEG7_upgrade_i/mdm_1/U0/MDM_Core_I1/JTAG_CONTROL_I/Use_BSCAN.FDC_I/completion_ctrl
    SLICE_X54Y48         LUT3 (Prop_lut3_I2_O)        0.097     1.978 r  SEG7_upgrade_i/mdm_1/U0/MDM_Core_I1/JTAG_CONTROL_I/Use_BSCAN.FDC_I/completion_ctrl[0]_i_1/O
                         net (fo=1, routed)           0.000     1.978    SEG7_upgrade_i/mdm_1/U0/MDM_Core_I1/JTAG_CONTROL_I/Use_BSCAN.FDC_I_n_37
    SLICE_X54Y48         FDCE                                         r  SEG7_upgrade_i/mdm_1/U0/MDM_Core_I1/JTAG_CONTROL_I/completion_ctrl_reg[0]/D
  -------------------------------------------------------------------    -------------------

                         (clock SEG7_upgrade_i/mdm_1/U0/Use_E2.BSCAN_I/Use_E2.BSCANE2_I/UPDATE rise edge)
                                                      0.000     0.000 r  
    BSCAN_X0Y1           BSCANE2                      0.000     0.000 r  SEG7_upgrade_i/mdm_1/U0/Use_E2.BSCAN_I/Use_E2.BSCANE2_I/UPDATE
                         net (fo=40, routed)          1.616     1.616    SEG7_upgrade_i/mdm_1/U0/MDM_Core_I1/JTAG_CONTROL_I/CLK
    SLICE_X54Y48         FDCE                                         r  SEG7_upgrade_i/mdm_1/U0/MDM_Core_I1/JTAG_CONTROL_I/completion_ctrl_reg[0]/C
                         clock pessimism             -0.216     1.400    
    SLICE_X54Y48         FDCE (Hold_fdce_C_D)         0.074     1.474    SEG7_upgrade_i/mdm_1/U0/MDM_Core_I1/JTAG_CONTROL_I/completion_ctrl_reg[0]
  -------------------------------------------------------------------
                         required time                         -1.474    
                         arrival time                           1.978    
  -------------------------------------------------------------------
                         slack                                  0.504    

Slack (MET) :             0.525ns  (arrival time - required time)
  Source:                 SEG7_upgrade_i/mdm_1/U0/MDM_Core_I1/JTAG_CONTROL_I/Debug_Rst_i_reg/C
                            (rising edge-triggered cell FDCE clocked by SEG7_upgrade_i/mdm_1/U0/Use_E2.BSCAN_I/Use_E2.BSCANE2_I/UPDATE  {rise@0.000ns fall@16.667ns period=33.333ns})
  Destination:            SEG7_upgrade_i/mdm_1/U0/MDM_Core_I1/JTAG_CONTROL_I/Debug_Rst_i_reg/D
                            (rising edge-triggered cell FDCE clocked by SEG7_upgrade_i/mdm_1/U0/Use_E2.BSCAN_I/Use_E2.BSCANE2_I/UPDATE  {rise@0.000ns fall@16.667ns period=33.333ns})
  Path Group:             SEG7_upgrade_i/mdm_1/U0/Use_E2.BSCAN_I/Use_E2.BSCANE2_I/UPDATE
  Path Type:              Hold (Min at Fast Process Corner)
  Requirement:            0.000ns  (SEG7_upgrade_i/mdm_1/U0/Use_E2.BSCAN_I/Use_E2.BSCANE2_I/UPDATE rise@0.000ns - SEG7_upgrade_i/mdm_1/U0/Use_E2.BSCAN_I/Use_E2.BSCANE2_I/UPDATE rise@0.000ns)
  Data Path Delay:        0.588ns  (logic 0.163ns (27.706%)  route 0.425ns (72.294%))
  Logic Levels:           1  (LUT3=1)
  Clock Path Skew:        0.000ns (DCD - SCD - CPR)
    Destination Clock Delay (DCD):    1.616ns
    Source Clock Delay      (SCD):    1.400ns
    Clock Pessimism Removal (CPR):    0.216ns

    Location             Delay type                Incr(ns)  Path(ns)    Netlist Resource(s)
  -------------------------------------------------------------------    -------------------
                         (clock SEG7_upgrade_i/mdm_1/U0/Use_E2.BSCAN_I/Use_E2.BSCANE2_I/UPDATE rise edge)
                                                      0.000     0.000 r  
    BSCAN_X0Y1           BSCANE2                      0.000     0.000 r  SEG7_upgrade_i/mdm_1/U0/Use_E2.BSCAN_I/Use_E2.BSCANE2_I/UPDATE
                         net (fo=40, routed)          1.400     1.400    SEG7_upgrade_i/mdm_1/U0/MDM_Core_I1/JTAG_CONTROL_I/CLK
    SLICE_X54Y48         FDCE                                         r  SEG7_upgrade_i/mdm_1/U0/MDM_Core_I1/JTAG_CONTROL_I/Debug_Rst_i_reg/C
  -------------------------------------------------------------------    -------------------
    SLICE_X54Y48         FDCE (Prop_fdce_C_Q)         0.118     1.518 r  SEG7_upgrade_i/mdm_1/U0/MDM_Core_I1/JTAG_CONTROL_I/Debug_Rst_i_reg/Q
                         net (fo=2, routed)           0.425     1.944    SEG7_upgrade_i/mdm_1/U0/MDM_Core_I1/JTAG_CONTROL_I/Use_BSCAN.FDC_I/Dbg_Rst_0
    SLICE_X54Y48         LUT3 (Prop_lut3_I2_O)        0.045     1.989 r  SEG7_upgrade_i/mdm_1/U0/MDM_Core_I1/JTAG_CONTROL_I/Use_BSCAN.FDC_I/Debug_Rst_i_i_1/O
                         net (fo=1, routed)           0.000     1.989    SEG7_upgrade_i/mdm_1/U0/MDM_Core_I1/JTAG_CONTROL_I/Use_BSCAN.FDC_I_n_34
    SLICE_X54Y48         FDCE                                         r  SEG7_upgrade_i/mdm_1/U0/MDM_Core_I1/JTAG_CONTROL_I/Debug_Rst_i_reg/D
  -------------------------------------------------------------------    -------------------

                         (clock SEG7_upgrade_i/mdm_1/U0/Use_E2.BSCAN_I/Use_E2.BSCANE2_I/UPDATE rise edge)
                                                      0.000     0.000 r  
    BSCAN_X0Y1           BSCANE2                      0.000     0.000 r  SEG7_upgrade_i/mdm_1/U0/Use_E2.BSCAN_I/Use_E2.BSCANE2_I/UPDATE
                         net (fo=40, routed)          1.616     1.616    SEG7_upgrade_i/mdm_1/U0/MDM_Core_I1/JTAG_CONTROL_I/CLK
    SLICE_X54Y48         FDCE                                         r  SEG7_upgrade_i/mdm_1/U0/MDM_Core_I1/JTAG_CONTROL_I/Debug_Rst_i_reg/C
                         clock pessimism             -0.216     1.400    
    SLICE_X54Y48         FDCE (Hold_fdce_C_D)         0.063     1.463    SEG7_upgrade_i/mdm_1/U0/MDM_Core_I1/JTAG_CONTROL_I/Debug_Rst_i_reg
  -------------------------------------------------------------------
                         required time                         -1.463    
                         arrival time                           1.989    
  -------------------------------------------------------------------
                         slack                                  0.525    

Slack (MET) :             0.583ns  (arrival time - required time)
  Source:                 SEG7_upgrade_i/mdm_1/U0/MDM_Core_I1/Use_BSCAN.PORT_Selector_reg[0]/C
                            (falling edge-triggered cell FDCE clocked by SEG7_upgrade_i/mdm_1/U0/Use_E2.BSCAN_I/Use_E2.BSCANE2_I/UPDATE  {rise@0.000ns fall@16.667ns period=33.333ns})
  Destination:            SEG7_upgrade_i/mdm_1/U0/MDM_Core_I1/JTAG_CONTROL_I/Use_BSCAN.command_reg[0]/CE
                            (falling edge-triggered cell FDCE clocked by SEG7_upgrade_i/mdm_1/U0/Use_E2.BSCAN_I/Use_E2.BSCANE2_I/UPDATE  {rise@0.000ns fall@16.667ns period=33.333ns})
  Path Group:             SEG7_upgrade_i/mdm_1/U0/Use_E2.BSCAN_I/Use_E2.BSCANE2_I/UPDATE
  Path Type:              Hold (Min at Fast Process Corner)
  Requirement:            0.000ns  (SEG7_upgrade_i/mdm_1/U0/Use_E2.BSCAN_I/Use_E2.BSCANE2_I/UPDATE fall@16.667ns - SEG7_upgrade_i/mdm_1/U0/Use_E2.BSCAN_I/Use_E2.BSCANE2_I/UPDATE fall@16.667ns)
  Data Path Delay:        0.701ns  (logic 0.157ns (22.391%)  route 0.544ns (77.609%))
  Logic Levels:           1  (LUT5=1)
  Clock Path Skew:        0.191ns (DCD - SCD - CPR)
    Destination Clock Delay (DCD):    1.854ns = ( 18.521 - 16.667 ) 
    Source Clock Delay      (SCD):    1.493ns = ( 18.160 - 16.667 ) 
    Clock Pessimism Removal (CPR):    0.170ns

    Location             Delay type                Incr(ns)  Path(ns)    Netlist Resource(s)
  -------------------------------------------------------------------    -------------------
                         (clock SEG7_upgrade_i/mdm_1/U0/Use_E2.BSCAN_I/Use_E2.BSCANE2_I/UPDATE fall edge)
                                                     16.667    16.667 f  
    BSCAN_X0Y1           BSCANE2                      0.000    16.667 f  SEG7_upgrade_i/mdm_1/U0/Use_E2.BSCAN_I/Use_E2.BSCANE2_I/UPDATE
                         net (fo=40, routed)          1.493    18.160    SEG7_upgrade_i/mdm_1/U0/MDM_Core_I1/CLK
    SLICE_X59Y45         FDCE                                         r  SEG7_upgrade_i/mdm_1/U0/MDM_Core_I1/Use_BSCAN.PORT_Selector_reg[0]/C  (IS_INVERTED)
  -------------------------------------------------------------------    -------------------
    SLICE_X59Y45         FDCE (Prop_fdce_C_Q)         0.112    18.272 r  SEG7_upgrade_i/mdm_1/U0/MDM_Core_I1/Use_BSCAN.PORT_Selector_reg[0]/Q
                         net (fo=8, routed)           0.354    18.626    SEG7_upgrade_i/mdm_1/U0/MDM_Core_I1/JTAG_CONTROL_I/command_1_reg[7]_0[0]
    SLICE_X55Y46         LUT5 (Prop_lut5_I1_O)        0.045    18.671 r  SEG7_upgrade_i/mdm_1/U0/MDM_Core_I1/JTAG_CONTROL_I/Use_BSCAN.command[0]_i_1/O
                         net (fo=9, routed)           0.190    18.861    SEG7_upgrade_i/mdm_1/U0/MDM_Core_I1/JTAG_CONTROL_I/Use_BSCAN.command[0]_i_1_n_0
    SLICE_X52Y47         FDCE                                         r  SEG7_upgrade_i/mdm_1/U0/MDM_Core_I1/JTAG_CONTROL_I/Use_BSCAN.command_reg[0]/CE
  -------------------------------------------------------------------    -------------------

                         (clock SEG7_upgrade_i/mdm_1/U0/Use_E2.BSCAN_I/Use_E2.BSCANE2_I/UPDATE fall edge)
                                                     16.667    16.667 f  
    BSCAN_X0Y1           BSCANE2                      0.000    16.667 f  SEG7_upgrade_i/mdm_1/U0/Use_E2.BSCAN_I/Use_E2.BSCANE2_I/UPDATE
                         net (fo=40, routed)          1.854    18.521    SEG7_upgrade_i/mdm_1/U0/MDM_Core_I1/JTAG_CONTROL_I/CLK
    SLICE_X52Y47         FDCE                                         r  SEG7_upgrade_i/mdm_1/U0/MDM_Core_I1/JTAG_CONTROL_I/Use_BSCAN.command_reg[0]/C  (IS_INVERTED)
                         clock pessimism             -0.170    18.351    
    SLICE_X52Y47         FDCE (Hold_fdce_C_CE)       -0.073    18.278    SEG7_upgrade_i/mdm_1/U0/MDM_Core_I1/JTAG_CONTROL_I/Use_BSCAN.command_reg[0]
  -------------------------------------------------------------------
                         required time                        -18.278    
                         arrival time                          18.861    
  -------------------------------------------------------------------
                         slack                                  0.583    

Slack (MET) :             0.583ns  (arrival time - required time)
  Source:                 SEG7_upgrade_i/mdm_1/U0/MDM_Core_I1/Use_BSCAN.PORT_Selector_reg[0]/C
                            (falling edge-triggered cell FDCE clocked by SEG7_upgrade_i/mdm_1/U0/Use_E2.BSCAN_I/Use_E2.BSCANE2_I/UPDATE  {rise@0.000ns fall@16.667ns period=33.333ns})
  Destination:            SEG7_upgrade_i/mdm_1/U0/MDM_Core_I1/JTAG_CONTROL_I/Use_BSCAN.command_reg[2]/CE
                            (falling edge-triggered cell FDCE clocked by SEG7_upgrade_i/mdm_1/U0/Use_E2.BSCAN_I/Use_E2.BSCANE2_I/UPDATE  {rise@0.000ns fall@16.667ns period=33.333ns})
  Path Group:             SEG7_upgrade_i/mdm_1/U0/Use_E2.BSCAN_I/Use_E2.BSCANE2_I/UPDATE
  Path Type:              Hold (Min at Fast Process Corner)
  Requirement:            0.000ns  (SEG7_upgrade_i/mdm_1/U0/Use_E2.BSCAN_I/Use_E2.BSCANE2_I/UPDATE fall@16.667ns - SEG7_upgrade_i/mdm_1/U0/Use_E2.BSCAN_I/Use_E2.BSCANE2_I/UPDATE fall@16.667ns)
  Data Path Delay:        0.701ns  (logic 0.157ns (22.391%)  route 0.544ns (77.609%))
  Logic Levels:           1  (LUT5=1)
  Clock Path Skew:        0.191ns (DCD - SCD - CPR)
    Destination Clock Delay (DCD):    1.854ns = ( 18.521 - 16.667 ) 
    Source Clock Delay      (SCD):    1.493ns = ( 18.160 - 16.667 ) 
    Clock Pessimism Removal (CPR):    0.170ns

    Location             Delay type                Incr(ns)  Path(ns)    Netlist Resource(s)
  -------------------------------------------------------------------    -------------------
                         (clock SEG7_upgrade_i/mdm_1/U0/Use_E2.BSCAN_I/Use_E2.BSCANE2_I/UPDATE fall edge)
                                                     16.667    16.667 f  
    BSCAN_X0Y1           BSCANE2                      0.000    16.667 f  SEG7_upgrade_i/mdm_1/U0/Use_E2.BSCAN_I/Use_E2.BSCANE2_I/UPDATE
                         net (fo=40, routed)          1.493    18.160    SEG7_upgrade_i/mdm_1/U0/MDM_Core_I1/CLK
    SLICE_X59Y45         FDCE                                         r  SEG7_upgrade_i/mdm_1/U0/MDM_Core_I1/Use_BSCAN.PORT_Selector_reg[0]/C  (IS_INVERTED)
  -------------------------------------------------------------------    -------------------
    SLICE_X59Y45         FDCE (Prop_fdce_C_Q)         0.112    18.272 r  SEG7_upgrade_i/mdm_1/U0/MDM_Core_I1/Use_BSCAN.PORT_Selector_reg[0]/Q
                         net (fo=8, routed)           0.354    18.626    SEG7_upgrade_i/mdm_1/U0/MDM_Core_I1/JTAG_CONTROL_I/command_1_reg[7]_0[0]
    SLICE_X55Y46         LUT5 (Prop_lut5_I1_O)        0.045    18.671 r  SEG7_upgrade_i/mdm_1/U0/MDM_Core_I1/JTAG_CONTROL_I/Use_BSCAN.command[0]_i_1/O
                         net (fo=9, routed)           0.190    18.861    SEG7_upgrade_i/mdm_1/U0/MDM_Core_I1/JTAG_CONTROL_I/Use_BSCAN.command[0]_i_1_n_0
    SLICE_X52Y47         FDCE                                         r  SEG7_upgrade_i/mdm_1/U0/MDM_Core_I1/JTAG_CONTROL_I/Use_BSCAN.command_reg[2]/CE
  -------------------------------------------------------------------    -------------------

                         (clock SEG7_upgrade_i/mdm_1/U0/Use_E2.BSCAN_I/Use_E2.BSCANE2_I/UPDATE fall edge)
                                                     16.667    16.667 f  
    BSCAN_X0Y1           BSCANE2                      0.000    16.667 f  SEG7_upgrade_i/mdm_1/U0/Use_E2.BSCAN_I/Use_E2.BSCANE2_I/UPDATE
                         net (fo=40, routed)          1.854    18.521    SEG7_upgrade_i/mdm_1/U0/MDM_Core_I1/JTAG_CONTROL_I/CLK
    SLICE_X52Y47         FDCE                                         r  SEG7_upgrade_i/mdm_1/U0/MDM_Core_I1/JTAG_CONTROL_I/Use_BSCAN.command_reg[2]/C  (IS_INVERTED)
                         clock pessimism             -0.170    18.351    
    SLICE_X52Y47         FDCE (Hold_fdce_C_CE)       -0.073    18.278    SEG7_upgrade_i/mdm_1/U0/MDM_Core_I1/JTAG_CONTROL_I/Use_BSCAN.command_reg[2]
  -------------------------------------------------------------------
                         required time                        -18.278    
                         arrival time                          18.861    
  -------------------------------------------------------------------
                         slack                                  0.583    

Slack (MET) :             0.583ns  (arrival time - required time)
  Source:                 SEG7_upgrade_i/mdm_1/U0/MDM_Core_I1/Use_BSCAN.PORT_Selector_reg[0]/C
                            (falling edge-triggered cell FDCE clocked by SEG7_upgrade_i/mdm_1/U0/Use_E2.BSCAN_I/Use_E2.BSCANE2_I/UPDATE  {rise@0.000ns fall@16.667ns period=33.333ns})
  Destination:            SEG7_upgrade_i/mdm_1/U0/MDM_Core_I1/JTAG_CONTROL_I/Use_BSCAN.command_reg[3]/CE
                            (falling edge-triggered cell FDCE clocked by SEG7_upgrade_i/mdm_1/U0/Use_E2.BSCAN_I/Use_E2.BSCANE2_I/UPDATE  {rise@0.000ns fall@16.667ns period=33.333ns})
  Path Group:             SEG7_upgrade_i/mdm_1/U0/Use_E2.BSCAN_I/Use_E2.BSCANE2_I/UPDATE
  Path Type:              Hold (Min at Fast Process Corner)
  Requirement:            0.000ns  (SEG7_upgrade_i/mdm_1/U0/Use_E2.BSCAN_I/Use_E2.BSCANE2_I/UPDATE fall@16.667ns - SEG7_upgrade_i/mdm_1/U0/Use_E2.BSCAN_I/Use_E2.BSCANE2_I/UPDATE fall@16.667ns)
  Data Path Delay:        0.701ns  (logic 0.157ns (22.391%)  route 0.544ns (77.609%))
  Logic Levels:           1  (LUT5=1)
  Clock Path Skew:        0.191ns (DCD - SCD - CPR)
    Destination Clock Delay (DCD):    1.854ns = ( 18.521 - 16.667 ) 
    Source Clock Delay      (SCD):    1.493ns = ( 18.160 - 16.667 ) 
    Clock Pessimism Removal (CPR):    0.170ns

    Location             Delay type                Incr(ns)  Path(ns)    Netlist Resource(s)
  -------------------------------------------------------------------    -------------------
                         (clock SEG7_upgrade_i/mdm_1/U0/Use_E2.BSCAN_I/Use_E2.BSCANE2_I/UPDATE fall edge)
                                                     16.667    16.667 f  
    BSCAN_X0Y1           BSCANE2                      0.000    16.667 f  SEG7_upgrade_i/mdm_1/U0/Use_E2.BSCAN_I/Use_E2.BSCANE2_I/UPDATE
                         net (fo=40, routed)          1.493    18.160    SEG7_upgrade_i/mdm_1/U0/MDM_Core_I1/CLK
    SLICE_X59Y45         FDCE                                         r  SEG7_upgrade_i/mdm_1/U0/MDM_Core_I1/Use_BSCAN.PORT_Selector_reg[0]/C  (IS_INVERTED)
  -------------------------------------------------------------------    -------------------
    SLICE_X59Y45         FDCE (Prop_fdce_C_Q)         0.112    18.272 r  SEG7_upgrade_i/mdm_1/U0/MDM_Core_I1/Use_BSCAN.PORT_Selector_reg[0]/Q
                         net (fo=8, routed)           0.354    18.626    SEG7_upgrade_i/mdm_1/U0/MDM_Core_I1/JTAG_CONTROL_I/command_1_reg[7]_0[0]
    SLICE_X55Y46         LUT5 (Prop_lut5_I1_O)        0.045    18.671 r  SEG7_upgrade_i/mdm_1/U0/MDM_Core_I1/JTAG_CONTROL_I/Use_BSCAN.command[0]_i_1/O
                         net (fo=9, routed)           0.190    18.861    SEG7_upgrade_i/mdm_1/U0/MDM_Core_I1/JTAG_CONTROL_I/Use_BSCAN.command[0]_i_1_n_0
    SLICE_X52Y47         FDCE                                         r  SEG7_upgrade_i/mdm_1/U0/MDM_Core_I1/JTAG_CONTROL_I/Use_BSCAN.command_reg[3]/CE
  -------------------------------------------------------------------    -------------------

                         (clock SEG7_upgrade_i/mdm_1/U0/Use_E2.BSCAN_I/Use_E2.BSCANE2_I/UPDATE fall edge)
                                                     16.667    16.667 f  
    BSCAN_X0Y1           BSCANE2                      0.000    16.667 f  SEG7_upgrade_i/mdm_1/U0/Use_E2.BSCAN_I/Use_E2.BSCANE2_I/UPDATE
                         net (fo=40, routed)          1.854    18.521    SEG7_upgrade_i/mdm_1/U0/MDM_Core_I1/JTAG_CONTROL_I/CLK
    SLICE_X52Y47         FDCE                                         r  SEG7_upgrade_i/mdm_1/U0/MDM_Core_I1/JTAG_CONTROL_I/Use_BSCAN.command_reg[3]/C  (IS_INVERTED)
                         clock pessimism             -0.170    18.351    
    SLICE_X52Y47         FDCE (Hold_fdce_C_CE)       -0.073    18.278    SEG7_upgrade_i/mdm_1/U0/MDM_Core_I1/JTAG_CONTROL_I/Use_BSCAN.command_reg[3]
  -------------------------------------------------------------------
                         required time                        -18.278    
                         arrival time                          18.861    
  -------------------------------------------------------------------
                         slack                                  0.583    

Slack (MET) :             0.583ns  (arrival time - required time)
  Source:                 SEG7_upgrade_i/mdm_1/U0/MDM_Core_I1/Use_BSCAN.PORT_Selector_reg[0]/C
                            (falling edge-triggered cell FDCE clocked by SEG7_upgrade_i/mdm_1/U0/Use_E2.BSCAN_I/Use_E2.BSCANE2_I/UPDATE  {rise@0.000ns fall@16.667ns period=33.333ns})
  Destination:            SEG7_upgrade_i/mdm_1/U0/MDM_Core_I1/JTAG_CONTROL_I/Use_BSCAN.command_reg[4]/CE
                            (falling edge-triggered cell FDCE clocked by SEG7_upgrade_i/mdm_1/U0/Use_E2.BSCAN_I/Use_E2.BSCANE2_I/UPDATE  {rise@0.000ns fall@16.667ns period=33.333ns})
  Path Group:             SEG7_upgrade_i/mdm_1/U0/Use_E2.BSCAN_I/Use_E2.BSCANE2_I/UPDATE
  Path Type:              Hold (Min at Fast Process Corner)
  Requirement:            0.000ns  (SEG7_upgrade_i/mdm_1/U0/Use_E2.BSCAN_I/Use_E2.BSCANE2_I/UPDATE fall@16.667ns - SEG7_upgrade_i/mdm_1/U0/Use_E2.BSCAN_I/Use_E2.BSCANE2_I/UPDATE fall@16.667ns)
  Data Path Delay:        0.701ns  (logic 0.157ns (22.391%)  route 0.544ns (77.609%))
  Logic Levels:           1  (LUT5=1)
  Clock Path Skew:        0.191ns (DCD - SCD - CPR)
    Destination Clock Delay (DCD):    1.854ns = ( 18.521 - 16.667 ) 
    Source Clock Delay      (SCD):    1.493ns = ( 18.160 - 16.667 ) 
    Clock Pessimism Removal (CPR):    0.170ns

    Location             Delay type                Incr(ns)  Path(ns)    Netlist Resource(s)
  -------------------------------------------------------------------    -------------------
                         (clock SEG7_upgrade_i/mdm_1/U0/Use_E2.BSCAN_I/Use_E2.BSCANE2_I/UPDATE fall edge)
                                                     16.667    16.667 f  
    BSCAN_X0Y1           BSCANE2                      0.000    16.667 f  SEG7_upgrade_i/mdm_1/U0/Use_E2.BSCAN_I/Use_E2.BSCANE2_I/UPDATE
                         net (fo=40, routed)          1.493    18.160    SEG7_upgrade_i/mdm_1/U0/MDM_Core_I1/CLK
    SLICE_X59Y45         FDCE                                         r  SEG7_upgrade_i/mdm_1/U0/MDM_Core_I1/Use_BSCAN.PORT_Selector_reg[0]/C  (IS_INVERTED)
  -------------------------------------------------------------------    -------------------
    SLICE_X59Y45         FDCE (Prop_fdce_C_Q)         0.112    18.272 r  SEG7_upgrade_i/mdm_1/U0/MDM_Core_I1/Use_BSCAN.PORT_Selector_reg[0]/Q
                         net (fo=8, routed)           0.354    18.626    SEG7_upgrade_i/mdm_1/U0/MDM_Core_I1/JTAG_CONTROL_I/command_1_reg[7]_0[0]
    SLICE_X55Y46         LUT5 (Prop_lut5_I1_O)        0.045    18.671 r  SEG7_upgrade_i/mdm_1/U0/MDM_Core_I1/JTAG_CONTROL_I/Use_BSCAN.command[0]_i_1/O
                         net (fo=9, routed)           0.190    18.861    SEG7_upgrade_i/mdm_1/U0/MDM_Core_I1/JTAG_CONTROL_I/Use_BSCAN.command[0]_i_1_n_0
    SLICE_X52Y47         FDCE                                         r  SEG7_upgrade_i/mdm_1/U0/MDM_Core_I1/JTAG_CONTROL_I/Use_BSCAN.command_reg[4]/CE
  -------------------------------------------------------------------    -------------------

                         (clock SEG7_upgrade_i/mdm_1/U0/Use_E2.BSCAN_I/Use_E2.BSCANE2_I/UPDATE fall edge)
                                                     16.667    16.667 f  
    BSCAN_X0Y1           BSCANE2                      0.000    16.667 f  SEG7_upgrade_i/mdm_1/U0/Use_E2.BSCAN_I/Use_E2.BSCANE2_I/UPDATE
                         net (fo=40, routed)          1.854    18.521    SEG7_upgrade_i/mdm_1/U0/MDM_Core_I1/JTAG_CONTROL_I/CLK
    SLICE_X52Y47         FDCE                                         r  SEG7_upgrade_i/mdm_1/U0/MDM_Core_I1/JTAG_CONTROL_I/Use_BSCAN.command_reg[4]/C  (IS_INVERTED)
                         clock pessimism             -0.170    18.351    
    SLICE_X52Y47         FDCE (Hold_fdce_C_CE)       -0.073    18.278    SEG7_upgrade_i/mdm_1/U0/MDM_Core_I1/JTAG_CONTROL_I/Use_BSCAN.command_reg[4]
  -------------------------------------------------------------------
                         required time                        -18.278    
                         arrival time                          18.861    
  -------------------------------------------------------------------
                         slack                                  0.583    

Slack (MET) :             0.583ns  (arrival time - required time)
  Source:                 SEG7_upgrade_i/mdm_1/U0/MDM_Core_I1/Use_BSCAN.PORT_Selector_reg[0]/C
                            (falling edge-triggered cell FDCE clocked by SEG7_upgrade_i/mdm_1/U0/Use_E2.BSCAN_I/Use_E2.BSCANE2_I/UPDATE  {rise@0.000ns fall@16.667ns period=33.333ns})
  Destination:            SEG7_upgrade_i/mdm_1/U0/MDM_Core_I1/JTAG_CONTROL_I/Use_BSCAN.command_reg[6]/CE
                            (falling edge-triggered cell FDCE clocked by SEG7_upgrade_i/mdm_1/U0/Use_E2.BSCAN_I/Use_E2.BSCANE2_I/UPDATE  {rise@0.000ns fall@16.667ns period=33.333ns})
  Path Group:             SEG7_upgrade_i/mdm_1/U0/Use_E2.BSCAN_I/Use_E2.BSCANE2_I/UPDATE
  Path Type:              Hold (Min at Fast Process Corner)
  Requirement:            0.000ns  (SEG7_upgrade_i/mdm_1/U0/Use_E2.BSCAN_I/Use_E2.BSCANE2_I/UPDATE fall@16.667ns - SEG7_upgrade_i/mdm_1/U0/Use_E2.BSCAN_I/Use_E2.BSCANE2_I/UPDATE fall@16.667ns)
  Data Path Delay:        0.701ns  (logic 0.157ns (22.391%)  route 0.544ns (77.609%))
  Logic Levels:           1  (LUT5=1)
  Clock Path Skew:        0.191ns (DCD - SCD - CPR)
    Destination Clock Delay (DCD):    1.854ns = ( 18.521 - 16.667 ) 
    Source Clock Delay      (SCD):    1.493ns = ( 18.160 - 16.667 ) 
    Clock Pessimism Removal (CPR):    0.170ns

    Location             Delay type                Incr(ns)  Path(ns)    Netlist Resource(s)
  -------------------------------------------------------------------    -------------------
                         (clock SEG7_upgrade_i/mdm_1/U0/Use_E2.BSCAN_I/Use_E2.BSCANE2_I/UPDATE fall edge)
                                                     16.667    16.667 f  
    BSCAN_X0Y1           BSCANE2                      0.000    16.667 f  SEG7_upgrade_i/mdm_1/U0/Use_E2.BSCAN_I/Use_E2.BSCANE2_I/UPDATE
                         net (fo=40, routed)          1.493    18.160    SEG7_upgrade_i/mdm_1/U0/MDM_Core_I1/CLK
    SLICE_X59Y45         FDCE                                         r  SEG7_upgrade_i/mdm_1/U0/MDM_Core_I1/Use_BSCAN.PORT_Selector_reg[0]/C  (IS_INVERTED)
  -------------------------------------------------------------------    -------------------
    SLICE_X59Y45         FDCE (Prop_fdce_C_Q)         0.112    18.272 r  SEG7_upgrade_i/mdm_1/U0/MDM_Core_I1/Use_BSCAN.PORT_Selector_reg[0]/Q
                         net (fo=8, routed)           0.354    18.626    SEG7_upgrade_i/mdm_1/U0/MDM_Core_I1/JTAG_CONTROL_I/command_1_reg[7]_0[0]
    SLICE_X55Y46         LUT5 (Prop_lut5_I1_O)        0.045    18.671 r  SEG7_upgrade_i/mdm_1/U0/MDM_Core_I1/JTAG_CONTROL_I/Use_BSCAN.command[0]_i_1/O
                         net (fo=9, routed)           0.190    18.861    SEG7_upgrade_i/mdm_1/U0/MDM_Core_I1/JTAG_CONTROL_I/Use_BSCAN.command[0]_i_1_n_0
    SLICE_X52Y47         FDCE                                         r  SEG7_upgrade_i/mdm_1/U0/MDM_Core_I1/JTAG_CONTROL_I/Use_BSCAN.command_reg[6]/CE
  -------------------------------------------------------------------    -------------------

                         (clock SEG7_upgrade_i/mdm_1/U0/Use_E2.BSCAN_I/Use_E2.BSCANE2_I/UPDATE fall edge)
                                                     16.667    16.667 f  
    BSCAN_X0Y1           BSCANE2                      0.000    16.667 f  SEG7_upgrade_i/mdm_1/U0/Use_E2.BSCAN_I/Use_E2.BSCANE2_I/UPDATE
                         net (fo=40, routed)          1.854    18.521    SEG7_upgrade_i/mdm_1/U0/MDM_Core_I1/JTAG_CONTROL_I/CLK
    SLICE_X52Y47         FDCE                                         r  SEG7_upgrade_i/mdm_1/U0/MDM_Core_I1/JTAG_CONTROL_I/Use_BSCAN.command_reg[6]/C  (IS_INVERTED)
                         clock pessimism             -0.170    18.351    
    SLICE_X52Y47         FDCE (Hold_fdce_C_CE)       -0.073    18.278    SEG7_upgrade_i/mdm_1/U0/MDM_Core_I1/JTAG_CONTROL_I/Use_BSCAN.command_reg[6]
  -------------------------------------------------------------------
                         required time                        -18.278    
                         arrival time                          18.861    
  -------------------------------------------------------------------
                         slack                                  0.583    

Slack (MET) :             0.583ns  (arrival time - required time)
  Source:                 SEG7_upgrade_i/mdm_1/U0/MDM_Core_I1/Use_BSCAN.PORT_Selector_reg[0]/C
                            (falling edge-triggered cell FDCE clocked by SEG7_upgrade_i/mdm_1/U0/Use_E2.BSCAN_I/Use_E2.BSCANE2_I/UPDATE  {rise@0.000ns fall@16.667ns period=33.333ns})
  Destination:            SEG7_upgrade_i/mdm_1/U0/MDM_Core_I1/JTAG_CONTROL_I/Use_BSCAN.command_reg[7]/CE
                            (falling edge-triggered cell FDCE clocked by SEG7_upgrade_i/mdm_1/U0/Use_E2.BSCAN_I/Use_E2.BSCANE2_I/UPDATE  {rise@0.000ns fall@16.667ns period=33.333ns})
  Path Group:             SEG7_upgrade_i/mdm_1/U0/Use_E2.BSCAN_I/Use_E2.BSCANE2_I/UPDATE
  Path Type:              Hold (Min at Fast Process Corner)
  Requirement:            0.000ns  (SEG7_upgrade_i/mdm_1/U0/Use_E2.BSCAN_I/Use_E2.BSCANE2_I/UPDATE fall@16.667ns - SEG7_upgrade_i/mdm_1/U0/Use_E2.BSCAN_I/Use_E2.BSCANE2_I/UPDATE fall@16.667ns)
  Data Path Delay:        0.701ns  (logic 0.157ns (22.391%)  route 0.544ns (77.609%))
  Logic Levels:           1  (LUT5=1)
  Clock Path Skew:        0.191ns (DCD - SCD - CPR)
    Destination Clock Delay (DCD):    1.854ns = ( 18.521 - 16.667 ) 
    Source Clock Delay      (SCD):    1.493ns = ( 18.160 - 16.667 ) 
    Clock Pessimism Removal (CPR):    0.170ns

    Location             Delay type                Incr(ns)  Path(ns)    Netlist Resource(s)
  -------------------------------------------------------------------    -------------------
                         (clock SEG7_upgrade_i/mdm_1/U0/Use_E2.BSCAN_I/Use_E2.BSCANE2_I/UPDATE fall edge)
                                                     16.667    16.667 f  
    BSCAN_X0Y1           BSCANE2                      0.000    16.667 f  SEG7_upgrade_i/mdm_1/U0/Use_E2.BSCAN_I/Use_E2.BSCANE2_I/UPDATE
                         net (fo=40, routed)          1.493    18.160    SEG7_upgrade_i/mdm_1/U0/MDM_Core_I1/CLK
    SLICE_X59Y45         FDCE                                         r  SEG7_upgrade_i/mdm_1/U0/MDM_Core_I1/Use_BSCAN.PORT_Selector_reg[0]/C  (IS_INVERTED)
  -------------------------------------------------------------------    -------------------
    SLICE_X59Y45         FDCE (Prop_fdce_C_Q)         0.112    18.272 r  SEG7_upgrade_i/mdm_1/U0/MDM_Core_I1/Use_BSCAN.PORT_Selector_reg[0]/Q
                         net (fo=8, routed)           0.354    18.626    SEG7_upgrade_i/mdm_1/U0/MDM_Core_I1/JTAG_CONTROL_I/command_1_reg[7]_0[0]
    SLICE_X55Y46         LUT5 (Prop_lut5_I1_O)        0.045    18.671 r  SEG7_upgrade_i/mdm_1/U0/MDM_Core_I1/JTAG_CONTROL_I/Use_BSCAN.command[0]_i_1/O
                         net (fo=9, routed)           0.190    18.861    SEG7_upgrade_i/mdm_1/U0/MDM_Core_I1/JTAG_CONTROL_I/Use_BSCAN.command[0]_i_1_n_0
    SLICE_X52Y47         FDCE                                         r  SEG7_upgrade_i/mdm_1/U0/MDM_Core_I1/JTAG_CONTROL_I/Use_BSCAN.command_reg[7]/CE
  -------------------------------------------------------------------    -------------------

                         (clock SEG7_upgrade_i/mdm_1/U0/Use_E2.BSCAN_I/Use_E2.BSCANE2_I/UPDATE fall edge)
                                                     16.667    16.667 f  
    BSCAN_X0Y1           BSCANE2                      0.000    16.667 f  SEG7_upgrade_i/mdm_1/U0/Use_E2.BSCAN_I/Use_E2.BSCANE2_I/UPDATE
                         net (fo=40, routed)          1.854    18.521    SEG7_upgrade_i/mdm_1/U0/MDM_Core_I1/JTAG_CONTROL_I/CLK
    SLICE_X52Y47         FDCE                                         r  SEG7_upgrade_i/mdm_1/U0/MDM_Core_I1/JTAG_CONTROL_I/Use_BSCAN.command_reg[7]/C  (IS_INVERTED)
                         clock pessimism             -0.170    18.351    
    SLICE_X52Y47         FDCE (Hold_fdce_C_CE)       -0.073    18.278    SEG7_upgrade_i/mdm_1/U0/MDM_Core_I1/JTAG_CONTROL_I/Use_BSCAN.command_reg[7]
  -------------------------------------------------------------------
                         required time                        -18.278    
                         arrival time                          18.861    
  -------------------------------------------------------------------
                         slack                                  0.583    

Slack (MET) :             0.615ns  (arrival time - required time)
  Source:                 SEG7_upgrade_i/mdm_1/U0/MDM_Core_I1/JTAG_CONTROL_I/Debug_SYS_Rst_i_reg/C
                            (rising edge-triggered cell FDCE clocked by SEG7_upgrade_i/mdm_1/U0/Use_E2.BSCAN_I/Use_E2.BSCANE2_I/UPDATE  {rise@0.000ns fall@16.667ns period=33.333ns})
  Destination:            SEG7_upgrade_i/mdm_1/U0/MDM_Core_I1/JTAG_CONTROL_I/Debug_SYS_Rst_i_reg/D
                            (rising edge-triggered cell FDCE clocked by SEG7_upgrade_i/mdm_1/U0/Use_E2.BSCAN_I/Use_E2.BSCANE2_I/UPDATE  {rise@0.000ns fall@16.667ns period=33.333ns})
  Path Group:             SEG7_upgrade_i/mdm_1/U0/Use_E2.BSCAN_I/Use_E2.BSCANE2_I/UPDATE
  Path Type:              Hold (Min at Fast Process Corner)
  Requirement:            0.000ns  (SEG7_upgrade_i/mdm_1/U0/Use_E2.BSCAN_I/Use_E2.BSCANE2_I/UPDATE rise@0.000ns - SEG7_upgrade_i/mdm_1/U0/Use_E2.BSCAN_I/Use_E2.BSCANE2_I/UPDATE rise@0.000ns)
  Data Path Delay:        0.678ns  (logic 0.163ns (24.057%)  route 0.515ns (75.943%))
  Logic Levels:           1  (LUT3=1)
  Clock Path Skew:        0.000ns (DCD - SCD - CPR)
    Destination Clock Delay (DCD):    1.489ns
    Source Clock Delay      (SCD):    1.287ns
    Clock Pessimism Removal (CPR):    0.202ns

    Location             Delay type                Incr(ns)  Path(ns)    Netlist Resource(s)
  -------------------------------------------------------------------    -------------------
                         (clock SEG7_upgrade_i/mdm_1/U0/Use_E2.BSCAN_I/Use_E2.BSCANE2_I/UPDATE rise edge)
                                                      0.000     0.000 r  
    BSCAN_X0Y1           BSCANE2                      0.000     0.000 r  SEG7_upgrade_i/mdm_1/U0/Use_E2.BSCAN_I/Use_E2.BSCANE2_I/UPDATE
                         net (fo=40, routed)          1.287     1.287    SEG7_upgrade_i/mdm_1/U0/MDM_Core_I1/JTAG_CONTROL_I/CLK
    SLICE_X52Y46         FDCE                                         r  SEG7_upgrade_i/mdm_1/U0/MDM_Core_I1/JTAG_CONTROL_I/Debug_SYS_Rst_i_reg/C
  -------------------------------------------------------------------    -------------------
    SLICE_X52Y46         FDCE (Prop_fdce_C_Q)         0.118     1.405 r  SEG7_upgrade_i/mdm_1/U0/MDM_Core_I1/JTAG_CONTROL_I/Debug_SYS_Rst_i_reg/Q
                         net (fo=2, routed)           0.515     1.919    SEG7_upgrade_i/mdm_1/U0/MDM_Core_I1/JTAG_CONTROL_I/Use_BSCAN.FDC_I/Debug_SYS_Rst
    SLICE_X52Y46         LUT3 (Prop_lut3_I2_O)        0.045     1.964 r  SEG7_upgrade_i/mdm_1/U0/MDM_Core_I1/JTAG_CONTROL_I/Use_BSCAN.FDC_I/Debug_SYS_Rst_i_i_1/O
                         net (fo=1, routed)           0.000     1.964    SEG7_upgrade_i/mdm_1/U0/MDM_Core_I1/JTAG_CONTROL_I/Use_BSCAN.FDC_I_n_35
    SLICE_X52Y46         FDCE                                         r  SEG7_upgrade_i/mdm_1/U0/MDM_Core_I1/JTAG_CONTROL_I/Debug_SYS_Rst_i_reg/D
  -------------------------------------------------------------------    -------------------

                         (clock SEG7_upgrade_i/mdm_1/U0/Use_E2.BSCAN_I/Use_E2.BSCANE2_I/UPDATE rise edge)
                                                      0.000     0.000 r  
    BSCAN_X0Y1           BSCANE2                      0.000     0.000 r  SEG7_upgrade_i/mdm_1/U0/Use_E2.BSCAN_I/Use_E2.BSCANE2_I/UPDATE
                         net (fo=40, routed)          1.489     1.489    SEG7_upgrade_i/mdm_1/U0/MDM_Core_I1/JTAG_CONTROL_I/CLK
    SLICE_X52Y46         FDCE                                         r  SEG7_upgrade_i/mdm_1/U0/MDM_Core_I1/JTAG_CONTROL_I/Debug_SYS_Rst_i_reg/C
                         clock pessimism             -0.202     1.287    
    SLICE_X52Y46         FDCE (Hold_fdce_C_D)         0.063     1.350    SEG7_upgrade_i/mdm_1/U0/MDM_Core_I1/JTAG_CONTROL_I/Debug_SYS_Rst_i_reg
  -------------------------------------------------------------------
                         required time                         -1.350    
                         arrival time                           1.964    
  -------------------------------------------------------------------
                         slack                                  0.615    

Slack (MET) :             0.719ns  (arrival time - required time)
  Source:                 SEG7_upgrade_i/mdm_1/U0/MDM_Core_I1/JTAG_CONTROL_I/Use_BSCAN.FDC_I/Using_FPGA.Native/C
                            (falling edge-triggered cell FDCE clocked by SEG7_upgrade_i/mdm_1/U0/Use_E2.BSCAN_I/Use_E2.BSCANE2_I/UPDATE  {rise@0.000ns fall@16.667ns period=33.333ns})
  Destination:            SEG7_upgrade_i/mdm_1/U0/MDM_Core_I1/JTAG_CONTROL_I/Use_BSCAN.FDC_I/Using_FPGA.Native/D
                            (falling edge-triggered cell FDCE clocked by SEG7_upgrade_i/mdm_1/U0/Use_E2.BSCAN_I/Use_E2.BSCANE2_I/UPDATE  {rise@0.000ns fall@16.667ns period=33.333ns})
  Path Group:             SEG7_upgrade_i/mdm_1/U0/Use_E2.BSCAN_I/Use_E2.BSCANE2_I/UPDATE
  Path Type:              Hold (Min at Fast Process Corner)
  Requirement:            0.000ns  (SEG7_upgrade_i/mdm_1/U0/Use_E2.BSCAN_I/Use_E2.BSCANE2_I/UPDATE fall@16.667ns - SEG7_upgrade_i/mdm_1/U0/Use_E2.BSCAN_I/Use_E2.BSCANE2_I/UPDATE fall@16.667ns)
  Data Path Delay:        0.721ns  (logic 0.163ns (22.595%)  route 0.558ns (77.405%))
  Logic Levels:           1  (LUT1=1)
  Clock Path Skew:        0.000ns (DCD - SCD - CPR)
    Destination Clock Delay (DCD):    1.410ns = ( 18.077 - 16.667 ) 
    Source Clock Delay      (SCD):    1.219ns = ( 17.886 - 16.667 ) 
    Clock Pessimism Removal (CPR):    0.191ns

    Location             Delay type                Incr(ns)  Path(ns)    Netlist Resource(s)
  -------------------------------------------------------------------    -------------------
                         (clock SEG7_upgrade_i/mdm_1/U0/Use_E2.BSCAN_I/Use_E2.BSCANE2_I/UPDATE fall edge)
                                                     16.667    16.667 f  
    BSCAN_X0Y1           BSCANE2                      0.000    16.667 f  SEG7_upgrade_i/mdm_1/U0/Use_E2.BSCAN_I/Use_E2.BSCANE2_I/UPDATE
                         net (fo=40, routed)          1.219    17.886    SEG7_upgrade_i/mdm_1/U0/MDM_Core_I1/JTAG_CONTROL_I/Use_BSCAN.FDC_I/CLK
    SLICE_X54Y46         FDCE                                         r  SEG7_upgrade_i/mdm_1/U0/MDM_Core_I1/JTAG_CONTROL_I/Use_BSCAN.FDC_I/Using_FPGA.Native/C  (IS_INVERTED)
  -------------------------------------------------------------------    -------------------
    SLICE_X54Y46         FDCE (Prop_fdce_C_Q)         0.118    18.004 f  SEG7_upgrade_i/mdm_1/U0/MDM_Core_I1/JTAG_CONTROL_I/Use_BSCAN.FDC_I/Using_FPGA.Native/Q
                         net (fo=17, routed)          0.292    18.296    SEG7_upgrade_i/mdm_1/U0/MDM_Core_I1/JTAG_CONTROL_I/Use_BSCAN.FDC_I/Q_0
    SLICE_X54Y48         LUT1 (Prop_lut1_I0_O)        0.045    18.341 r  SEG7_upgrade_i/mdm_1/U0/MDM_Core_I1/JTAG_CONTROL_I/Use_BSCAN.FDC_I/Using_FPGA.Native_i_1__0/O
                         net (fo=2, routed)           0.266    18.607    SEG7_upgrade_i/mdm_1/U0/MDM_Core_I1/JTAG_CONTROL_I/Use_BSCAN.FDC_I/D_1
    SLICE_X54Y46         FDCE                                         r  SEG7_upgrade_i/mdm_1/U0/MDM_Core_I1/JTAG_CONTROL_I/Use_BSCAN.FDC_I/Using_FPGA.Native/D
  -------------------------------------------------------------------    -------------------

                         (clock SEG7_upgrade_i/mdm_1/U0/Use_E2.BSCAN_I/Use_E2.BSCANE2_I/UPDATE fall edge)
                                                     16.667    16.667 f  
    BSCAN_X0Y1           BSCANE2                      0.000    16.667 f  SEG7_upgrade_i/mdm_1/U0/Use_E2.BSCAN_I/Use_E2.BSCANE2_I/UPDATE
                         net (fo=40, routed)          1.410    18.077    SEG7_upgrade_i/mdm_1/U0/MDM_Core_I1/JTAG_CONTROL_I/Use_BSCAN.FDC_I/CLK
    SLICE_X54Y46         FDCE                                         r  SEG7_upgrade_i/mdm_1/U0/MDM_Core_I1/JTAG_CONTROL_I/Use_BSCAN.FDC_I/Using_FPGA.Native/C  (IS_INVERTED)
                         clock pessimism             -0.191    17.886    
    SLICE_X54Y46         FDCE (Hold_fdce_C_D)         0.002    17.888    SEG7_upgrade_i/mdm_1/U0/MDM_Core_I1/JTAG_CONTROL_I/Use_BSCAN.FDC_I/Using_FPGA.Native
  -------------------------------------------------------------------
                         required time                        -17.888    
                         arrival time                          18.607    
  -------------------------------------------------------------------
                         slack                                  0.719    





Pulse Width Checks
--------------------------------------------------------------------------------------
Clock Name:         SEG7_upgrade_i/mdm_1/U0/Use_E2.BSCAN_I/Use_E2.BSCANE2_I/UPDATE
Waveform(ns):       { 0.000 16.667 }
Period(ns):         33.333
Sources:            { SEG7_upgrade_i/mdm_1/U0/Use_E2.BSCAN_I/Use_E2.BSCANE2_I/UPDATE }

Check Type        Corner  Lib Pin   Reference Pin  Required(ns)  Actual(ns)  Slack(ns)  Location      Pin
Min Period        n/a     FDCE/C    n/a            1.000         33.333      32.333     SLICE_X55Y22  SEG7_upgrade_i/microblaze_0/U0/MicroBlaze_Core_I/Performance.Core/Use_Debug_Logic.Master_Core.Debug_Perf/Serial_Dbg_Intf.single_Step_TClk_reg/C
Min Period        n/a     FDCE/C    n/a            1.000         33.333      32.333     SLICE_X54Y48  SEG7_upgrade_i/mdm_1/U0/MDM_Core_I1/JTAG_CONTROL_I/Debug_Rst_i_reg/C
Min Period        n/a     FDCE/C    n/a            1.000         33.333      32.333     SLICE_X52Y46  SEG7_upgrade_i/mdm_1/U0/MDM_Core_I1/JTAG_CONTROL_I/Debug_SYS_Rst_i_reg/C
Min Period        n/a     FDCE/C    n/a            1.000         33.333      32.333     SLICE_X54Y46  SEG7_upgrade_i/mdm_1/U0/MDM_Core_I1/JTAG_CONTROL_I/Use_BSCAN.FDC_I/Using_FPGA.Native/C
Min Period        n/a     FDCE/C    n/a            1.000         33.333      32.333     SLICE_X52Y47  SEG7_upgrade_i/mdm_1/U0/MDM_Core_I1/JTAG_CONTROL_I/Use_BSCAN.command_reg[0]/C
Min Period        n/a     FDCE/C    n/a            1.000         33.333      32.333     SLICE_X53Y48  SEG7_upgrade_i/mdm_1/U0/MDM_Core_I1/JTAG_CONTROL_I/Use_BSCAN.command_reg[1]/C
Min Period        n/a     FDCE/C    n/a            1.000         33.333      32.333     SLICE_X52Y47  SEG7_upgrade_i/mdm_1/U0/MDM_Core_I1/JTAG_CONTROL_I/Use_BSCAN.command_reg[2]/C
Min Period        n/a     FDCE/C    n/a            1.000         33.333      32.333     SLICE_X52Y47  SEG7_upgrade_i/mdm_1/U0/MDM_Core_I1/JTAG_CONTROL_I/Use_BSCAN.command_reg[3]/C
Min Period        n/a     FDCE/C    n/a            1.000         33.333      32.333     SLICE_X52Y47  SEG7_upgrade_i/mdm_1/U0/MDM_Core_I1/JTAG_CONTROL_I/Use_BSCAN.command_reg[4]/C
Min Period        n/a     FDCE/C    n/a            1.000         33.333      32.333     SLICE_X53Y48  SEG7_upgrade_i/mdm_1/U0/MDM_Core_I1/JTAG_CONTROL_I/Use_BSCAN.command_reg[5]/C
Low Pulse Width   Slow    FDCE/C    n/a            0.500         16.666      16.166     SLICE_X55Y22  SEG7_upgrade_i/microblaze_0/U0/MicroBlaze_Core_I/Performance.Core/Use_Debug_Logic.Master_Core.Debug_Perf/Serial_Dbg_Intf.single_Step_TClk_reg/C
Low Pulse Width   Fast    FDCE/C    n/a            0.500         16.666      16.166     SLICE_X55Y22  SEG7_upgrade_i/microblaze_0/U0/MicroBlaze_Core_I/Performance.Core/Use_Debug_Logic.Master_Core.Debug_Perf/Serial_Dbg_Intf.single_Step_TClk_reg/C
Low Pulse Width   Slow    FDCE/C    n/a            0.500         16.666      16.166     SLICE_X52Y46  SEG7_upgrade_i/mdm_1/U0/MDM_Core_I1/JTAG_CONTROL_I/Debug_SYS_Rst_i_reg/C
Low Pulse Width   Fast    FDCE/C    n/a            0.500         16.666      16.166     SLICE_X57Y21  SEG7_upgrade_i/microblaze_0/U0/MicroBlaze_Core_I/Performance.Core/Use_Debug_Logic.Master_Core.Debug_Perf/Serial_Dbg_Intf.normal_stop_TClk_reg/C
Low Pulse Width   Slow    FDCE/C    n/a            0.500         16.667      16.167     SLICE_X54Y48  SEG7_upgrade_i/mdm_1/U0/MDM_Core_I1/JTAG_CONTROL_I/Debug_Rst_i_reg/C
Low Pulse Width   Fast    FDCE/C    n/a            0.500         16.667      16.167     SLICE_X54Y48  SEG7_upgrade_i/mdm_1/U0/MDM_Core_I1/JTAG_CONTROL_I/Debug_Rst_i_reg/C
Low Pulse Width   Slow    FDCE/C    n/a            0.500         16.667      16.167     SLICE_X54Y46  SEG7_upgrade_i/mdm_1/U0/MDM_Core_I1/JTAG_CONTROL_I/Use_BSCAN.FDC_I/Using_FPGA.Native/C
Low Pulse Width   Fast    FDCE/C    n/a            0.500         16.667      16.167     SLICE_X54Y46  SEG7_upgrade_i/mdm_1/U0/MDM_Core_I1/JTAG_CONTROL_I/Use_BSCAN.FDC_I/Using_FPGA.Native/C
Low Pulse Width   Slow    FDCE/C    n/a            0.500         16.667      16.167     SLICE_X52Y47  SEG7_upgrade_i/mdm_1/U0/MDM_Core_I1/JTAG_CONTROL_I/Use_BSCAN.command_reg[0]/C
Low Pulse Width   Fast    FDCE/C    n/a            0.500         16.667      16.167     SLICE_X52Y47  SEG7_upgrade_i/mdm_1/U0/MDM_Core_I1/JTAG_CONTROL_I/Use_BSCAN.command_reg[0]/C
High Pulse Width  Slow    FDCE/C    n/a            0.500         16.666      16.166     SLICE_X53Y48  SEG7_upgrade_i/mdm_1/U0/MDM_Core_I1/JTAG_CONTROL_I/Use_BSCAN.command_reg[1]/C
High Pulse Width  Slow    FDCE/C    n/a            0.500         16.666      16.166     SLICE_X53Y48  SEG7_upgrade_i/mdm_1/U0/MDM_Core_I1/JTAG_CONTROL_I/Use_BSCAN.command_reg[5]/C
High Pulse Width  Fast    FDPE/PRE  n/a            0.500         16.666      16.166     SLICE_X55Y46  SEG7_upgrade_i/mdm_1/U0/MDM_Core_I1/JTAG_CONTROL_I/sel_n_reg/PRE
High Pulse Width  Slow    FDCE/C    n/a            0.500         16.667      16.167     SLICE_X55Y22  SEG7_upgrade_i/microblaze_0/U0/MicroBlaze_Core_I/Performance.Core/Use_Debug_Logic.Master_Core.Debug_Perf/Serial_Dbg_Intf.single_Step_TClk_reg/C
High Pulse Width  Fast    FDCE/C    n/a            0.500         16.667      16.167     SLICE_X55Y22  SEG7_upgrade_i/microblaze_0/U0/MicroBlaze_Core_I/Performance.Core/Use_Debug_Logic.Master_Core.Debug_Perf/Serial_Dbg_Intf.single_Step_TClk_reg/C
High Pulse Width  Fast    FDCE/C    n/a            0.500         16.667      16.167     SLICE_X54Y48  SEG7_upgrade_i/mdm_1/U0/MDM_Core_I1/JTAG_CONTROL_I/Debug_Rst_i_reg/C
High Pulse Width  Fast    FDCE/C    n/a            0.500         16.667      16.167     SLICE_X52Y46  SEG7_upgrade_i/mdm_1/U0/MDM_Core_I1/JTAG_CONTROL_I/Debug_SYS_Rst_i_reg/C
High Pulse Width  Slow    FDCE/C    n/a            0.500         16.667      16.167     SLICE_X54Y46  SEG7_upgrade_i/mdm_1/U0/MDM_Core_I1/JTAG_CONTROL_I/Use_BSCAN.FDC_I/Using_FPGA.Native/C
High Pulse Width  Fast    FDCE/C    n/a            0.500         16.667      16.167     SLICE_X54Y46  SEG7_upgrade_i/mdm_1/U0/MDM_Core_I1/JTAG_CONTROL_I/Use_BSCAN.FDC_I/Using_FPGA.Native/C
High Pulse Width  Slow    FDCE/C    n/a            0.500         16.667      16.167     SLICE_X52Y47  SEG7_upgrade_i/mdm_1/U0/MDM_Core_I1/JTAG_CONTROL_I/Use_BSCAN.command_reg[0]/C



---------------------------------------------------------------------------------------------------
From Clock:  sys_clock
  To Clock:  sys_clock

Setup :           NA  Failing Endpoints,  Worst Slack           NA  ,  Total Violation           NA
Hold  :           NA  Failing Endpoints,  Worst Slack           NA  ,  Total Violation           NA
PW    :            0  Failing Endpoints,  Worst Slack        3.000ns,  Total Violation        0.000ns
---------------------------------------------------------------------------------------------------


Pulse Width Checks
--------------------------------------------------------------------------------------
Clock Name:         sys_clock
Waveform(ns):       { 0.000 5.000 }
Period(ns):         10.000
Sources:            { sys_clock }

Check Type        Corner  Lib Pin            Reference Pin  Required(ns)  Actual(ns)  Slack(ns)  Location         Pin
Min Period        n/a     MMCME2_ADV/CLKIN1  n/a            1.249         10.000      8.751      MMCME2_ADV_X1Y0  SEG7_upgrade_i/clk_wiz_0/inst/mmcm_adv_inst/CLKIN1
Max Period        n/a     MMCME2_ADV/CLKIN1  n/a            100.000       10.000      90.000     MMCME2_ADV_X1Y0  SEG7_upgrade_i/clk_wiz_0/inst/mmcm_adv_inst/CLKIN1
Low Pulse Width   Fast    MMCME2_ADV/CLKIN1  n/a            2.000         5.000       3.000      MMCME2_ADV_X1Y0  SEG7_upgrade_i/clk_wiz_0/inst/mmcm_adv_inst/CLKIN1
Low Pulse Width   Slow    MMCME2_ADV/CLKIN1  n/a            2.000         5.000       3.000      MMCME2_ADV_X1Y0  SEG7_upgrade_i/clk_wiz_0/inst/mmcm_adv_inst/CLKIN1
High Pulse Width  Slow    MMCME2_ADV/CLKIN1  n/a            2.000         5.000       3.000      MMCME2_ADV_X1Y0  SEG7_upgrade_i/clk_wiz_0/inst/mmcm_adv_inst/CLKIN1
High Pulse Width  Fast    MMCME2_ADV/CLKIN1  n/a            2.000         5.000       3.000      MMCME2_ADV_X1Y0  SEG7_upgrade_i/clk_wiz_0/inst/mmcm_adv_inst/CLKIN1



---------------------------------------------------------------------------------------------------
From Clock:  clk_out1_SEG7_upgrade_clk_wiz_0_0
  To Clock:  clk_out1_SEG7_upgrade_clk_wiz_0_0

Setup :            0  Failing Endpoints,  Worst Slack        1.406ns,  Total Violation        0.000ns
Hold  :            0  Failing Endpoints,  Worst Slack        0.029ns,  Total Violation        0.000ns
PW    :            0  Failing Endpoints,  Worst Slack        3.750ns,  Total Violation        0.000ns
---------------------------------------------------------------------------------------------------


Max Delay Paths
--------------------------------------------------------------------------------------
Slack (MET) :             1.406ns  (required time - arrival time)
  Source:                 SEG7_upgrade_i/microblaze_0/U0/MicroBlaze_Core_I/Performance.Core/Use_Debug_Logic.Master_Core.Debug_Perf/Performance_Debug_Control.dbg_stop_if_delay_i_reg/C
                            (rising edge-triggered cell FDRE clocked by clk_out1_SEG7_upgrade_clk_wiz_0_0  {rise@0.000ns fall@5.000ns period=10.000ns})
  Destination:            SEG7_upgrade_i/microblaze_0_local_memory/lmb_bram/U0/inst_blk_mem_gen/gnbram.gnative_mem_map_bmg.native_mem_map_blk_mem_gen/valid.cstr/ramloop[29].ram.r/prim_noinit.ram/DEVICE_7SERIES.WITH_BMM_INFO.TRUE_DP.SIMPLE_PRIM36.TDP_SP36_NO_ECC_ATTR.ram/ADDRBWRADDR[5]
                            (rising edge-triggered cell RAMB36E1 clocked by clk_out1_SEG7_upgrade_clk_wiz_0_0  {rise@0.000ns fall@5.000ns period=10.000ns})
  Path Group:             clk_out1_SEG7_upgrade_clk_wiz_0_0
  Path Type:              Setup (Max at Slow Process Corner)
  Requirement:            10.000ns  (clk_out1_SEG7_upgrade_clk_wiz_0_0 rise@10.000ns - clk_out1_SEG7_upgrade_clk_wiz_0_0 rise@0.000ns)
  Data Path Delay:        7.680ns  (logic 1.821ns (23.712%)  route 5.859ns (76.288%))
  Logic Levels:           4  (CARRY4=2 LUT3=1 LUT4=1)
  Clock Path Skew:        -0.066ns (DCD - SCD + CPR)
    Destination Clock Delay (DCD):    -1.510ns = ( 8.490 - 10.000 ) 
    Source Clock Delay      (SCD):    -0.961ns
    Clock Pessimism Removal (CPR):    0.484ns
  Clock Uncertainty:      0.074ns  ((TSJ^2 + DJ^2)^1/2) / 2 + PE
    Total System Jitter     (TSJ):    0.071ns
    Discrete Jitter          (DJ):    0.131ns
    Phase Error              (PE):    0.000ns

    Location             Delay type                Incr(ns)  Path(ns)    Netlist Resource(s)
  -------------------------------------------------------------------    -------------------
                         (clock clk_out1_SEG7_upgrade_clk_wiz_0_0 rise edge)
                                                      0.000     0.000 r  
    W5                                                0.000     0.000 r  sys_clock (IN)
                         net (fo=0)                   0.000     0.000    SEG7_upgrade_i/clk_wiz_0/inst/clk_in1
    W5                   IBUF (Prop_ibuf_I_O)         1.458     1.458 r  SEG7_upgrade_i/clk_wiz_0/inst/clkin1_ibufg/O
                         net (fo=1, routed)           1.233     2.691    SEG7_upgrade_i/clk_wiz_0/inst/clk_in1_SEG7_upgrade_clk_wiz_0_0
    MMCME2_ADV_X1Y0      MMCME2_ADV (Prop_mmcme2_adv_CLKIN1_CLKOUT0)
                                                     -6.961    -4.269 r  SEG7_upgrade_i/clk_wiz_0/inst/mmcm_adv_inst/CLKOUT0
                         net (fo=1, routed)           1.661    -2.608    SEG7_upgrade_i/clk_wiz_0/inst/clk_out1_SEG7_upgrade_clk_wiz_0_0
    BUFGCTRL_X0Y0        BUFG (Prop_bufg_I_O)         0.096    -2.512 r  SEG7_upgrade_i/clk_wiz_0/inst/clkout1_buf/O
                         net (fo=2577, routed)        1.551    -0.961    SEG7_upgrade_i/microblaze_0/U0/MicroBlaze_Core_I/Performance.Core/Use_Debug_Logic.Master_Core.Debug_Perf/Clk
    SLICE_X56Y24         FDRE                                         r  SEG7_upgrade_i/microblaze_0/U0/MicroBlaze_Core_I/Performance.Core/Use_Debug_Logic.Master_Core.Debug_Perf/Performance_Debug_Control.dbg_stop_if_delay_i_reg/C
  -------------------------------------------------------------------    -------------------
    SLICE_X56Y24         FDRE (Prop_fdre_C_Q)         0.518    -0.443 r  SEG7_upgrade_i/microblaze_0/U0/MicroBlaze_Core_I/Performance.Core/Use_Debug_Logic.Master_Core.Debug_Perf/Performance_Debug_Control.dbg_stop_if_delay_i_reg/Q
                         net (fo=14, routed)          1.480     1.037    SEG7_upgrade_i/microblaze_0/U0/MicroBlaze_Core_I/Performance.Core/Use_Debug_Logic.Master_Core.Debug_Perf/LOCKSTEP_Master_Out[32]
    SLICE_X46Y27         LUT4 (Prop_lut4_I0_O)        0.124     1.161 r  SEG7_upgrade_i/microblaze_0/U0/MicroBlaze_Core_I/Performance.Core/Use_Debug_Logic.Master_Core.Debug_Perf/Using_FPGA.Native_i_1__3/O
                         net (fo=1, routed)           0.000     1.161    SEG7_upgrade_i/microblaze_0/U0/MicroBlaze_Core_I/Performance.Core/Decode_I/jump_logic_I1/MUXCY_JUMP_CARRY2/lopt_3
    SLICE_X46Y27         CARRY4 (Prop_carry4_S[1]_CO[3])
                                                      0.533     1.694 r  SEG7_upgrade_i/microblaze_0/U0/MicroBlaze_Core_I/Performance.Core/Decode_I/jump_logic_I1/MUXCY_JUMP_CARRY2/Using_FPGA.Native_CARRY4/CO[3]
                         net (fo=1, routed)           0.000     1.694    SEG7_upgrade_i/microblaze_0/U0/MicroBlaze_Core_I/Performance.Core/Decode_I/jump_logic_I1/MUXCY_JUMP_CARRY6/jump_carry5
    SLICE_X46Y28         CARRY4 (Prop_carry4_CI_CO[0])
                                                      0.254     1.948 r  SEG7_upgrade_i/microblaze_0/U0/MicroBlaze_Core_I/Performance.Core/Decode_I/jump_logic_I1/MUXCY_JUMP_CARRY6/Using_FPGA.Native_CARRY4/CO[0]
                         net (fo=47, routed)          1.429     3.377    SEG7_upgrade_i/microblaze_0/U0/MicroBlaze_Core_I/Performance.Core/Decode_I/jump_logic_I1/MUXCY_JUMP_CARRY6/ex_mbar_stall_no_sleep_1_reg
    SLICE_X41Y21         LUT3 (Prop_lut3_I1_O)        0.392     3.769 r  SEG7_upgrade_i/microblaze_0/U0/MicroBlaze_Core_I/Performance.Core/Decode_I/jump_logic_I1/MUXCY_JUMP_CARRY6/Instr_Addr[24]_INST_0/O
                         net (fo=33, routed)          2.950     6.719    SEG7_upgrade_i/microblaze_0_local_memory/lmb_bram/U0/inst_blk_mem_gen/gnbram.gnative_mem_map_bmg.native_mem_map_blk_mem_gen/valid.cstr/ramloop[29].ram.r/prim_noinit.ram/addrb[5]
    RAMB36_X2Y11         RAMB36E1                                     r  SEG7_upgrade_i/microblaze_0_local_memory/lmb_bram/U0/inst_blk_mem_gen/gnbram.gnative_mem_map_bmg.native_mem_map_blk_mem_gen/valid.cstr/ramloop[29].ram.r/prim_noinit.ram/DEVICE_7SERIES.WITH_BMM_INFO.TRUE_DP.SIMPLE_PRIM36.TDP_SP36_NO_ECC_ATTR.ram/ADDRBWRADDR[5]
  -------------------------------------------------------------------    -------------------

                         (clock clk_out1_SEG7_upgrade_clk_wiz_0_0 rise edge)
                                                     10.000    10.000 r  
    W5                                                0.000    10.000 r  sys_clock (IN)
                         net (fo=0)                   0.000    10.000    SEG7_upgrade_i/clk_wiz_0/inst/clk_in1
    W5                   IBUF (Prop_ibuf_I_O)         1.388    11.388 r  SEG7_upgrade_i/clk_wiz_0/inst/clkin1_ibufg/O
                         net (fo=1, routed)           1.162    12.550    SEG7_upgrade_i/clk_wiz_0/inst/clk_in1_SEG7_upgrade_clk_wiz_0_0
    MMCME2_ADV_X1Y0      MMCME2_ADV (Prop_mmcme2_adv_CLKIN1_CLKOUT0)
                                                     -7.217     5.332 r  SEG7_upgrade_i/clk_wiz_0/inst/mmcm_adv_inst/CLKOUT0
                         net (fo=1, routed)           1.581     6.914    SEG7_upgrade_i/clk_wiz_0/inst/clk_out1_SEG7_upgrade_clk_wiz_0_0
    BUFGCTRL_X0Y0        BUFG (Prop_bufg_I_O)         0.091     7.005 r  SEG7_upgrade_i/clk_wiz_0/inst/clkout1_buf/O
                         net (fo=2577, routed)        1.485     8.490    SEG7_upgrade_i/microblaze_0_local_memory/lmb_bram/U0/inst_blk_mem_gen/gnbram.gnative_mem_map_bmg.native_mem_map_blk_mem_gen/valid.cstr/ramloop[29].ram.r/prim_noinit.ram/clkb
    RAMB36_X2Y11         RAMB36E1                                     r  SEG7_upgrade_i/microblaze_0_local_memory/lmb_bram/U0/inst_blk_mem_gen/gnbram.gnative_mem_map_bmg.native_mem_map_blk_mem_gen/valid.cstr/ramloop[29].ram.r/prim_noinit.ram/DEVICE_7SERIES.WITH_BMM_INFO.TRUE_DP.SIMPLE_PRIM36.TDP_SP36_NO_ECC_ATTR.ram/CLKBWRCLK
                         clock pessimism              0.484     8.973    
                         clock uncertainty           -0.074     8.899    
    RAMB36_X2Y11         RAMB36E1 (Setup_ramb36e1_CLKBWRCLK_ADDRBWRADDR[5])
                                                     -0.774     8.125    SEG7_upgrade_i/microblaze_0_local_memory/lmb_bram/U0/inst_blk_mem_gen/gnbram.gnative_mem_map_bmg.native_mem_map_blk_mem_gen/valid.cstr/ramloop[29].ram.r/prim_noinit.ram/DEVICE_7SERIES.WITH_BMM_INFO.TRUE_DP.SIMPLE_PRIM36.TDP_SP36_NO_ECC_ATTR.ram
  -------------------------------------------------------------------
                         required time                          8.125    
                         arrival time                          -6.719    
  -------------------------------------------------------------------
                         slack                                  1.406    

Slack (MET) :             1.604ns  (required time - arrival time)
  Source:                 SEG7_upgrade_i/microblaze_0/U0/MicroBlaze_Core_I/Performance.Core/Use_Debug_Logic.Master_Core.Debug_Perf/Performance_Debug_Control.dbg_stop_if_delay_i_reg/C
                            (rising edge-triggered cell FDRE clocked by clk_out1_SEG7_upgrade_clk_wiz_0_0  {rise@0.000ns fall@5.000ns period=10.000ns})
  Destination:            SEG7_upgrade_i/microblaze_0_local_memory/lmb_bram/U0/inst_blk_mem_gen/gnbram.gnative_mem_map_bmg.native_mem_map_blk_mem_gen/valid.cstr/ramloop[26].ram.r/prim_noinit.ram/DEVICE_7SERIES.WITH_BMM_INFO.TRUE_DP.SIMPLE_PRIM36.TDP_SP36_NO_ECC_ATTR.ram/ADDRBWRADDR[1]
                            (rising edge-triggered cell RAMB36E1 clocked by clk_out1_SEG7_upgrade_clk_wiz_0_0  {rise@0.000ns fall@5.000ns period=10.000ns})
  Path Group:             clk_out1_SEG7_upgrade_clk_wiz_0_0
  Path Type:              Setup (Max at Slow Process Corner)
  Requirement:            10.000ns  (clk_out1_SEG7_upgrade_clk_wiz_0_0 rise@10.000ns - clk_out1_SEG7_upgrade_clk_wiz_0_0 rise@0.000ns)
  Data Path Delay:        7.483ns  (logic 1.822ns (24.350%)  route 5.661ns (75.650%))
  Logic Levels:           4  (CARRY4=2 LUT3=1 LUT4=1)
  Clock Path Skew:        -0.065ns (DCD - SCD + CPR)
    Destination Clock Delay (DCD):    -1.509ns = ( 8.491 - 10.000 ) 
    Source Clock Delay      (SCD):    -0.961ns
    Clock Pessimism Removal (CPR):    0.484ns
  Clock Uncertainty:      0.074ns  ((TSJ^2 + DJ^2)^1/2) / 2 + PE
    Total System Jitter     (TSJ):    0.071ns
    Discrete Jitter          (DJ):    0.131ns
    Phase Error              (PE):    0.000ns

    Location             Delay type                Incr(ns)  Path(ns)    Netlist Resource(s)
  -------------------------------------------------------------------    -------------------
                         (clock clk_out1_SEG7_upgrade_clk_wiz_0_0 rise edge)
                                                      0.000     0.000 r  
    W5                                                0.000     0.000 r  sys_clock (IN)
                         net (fo=0)                   0.000     0.000    SEG7_upgrade_i/clk_wiz_0/inst/clk_in1
    W5                   IBUF (Prop_ibuf_I_O)         1.458     1.458 r  SEG7_upgrade_i/clk_wiz_0/inst/clkin1_ibufg/O
                         net (fo=1, routed)           1.233     2.691    SEG7_upgrade_i/clk_wiz_0/inst/clk_in1_SEG7_upgrade_clk_wiz_0_0
    MMCME2_ADV_X1Y0      MMCME2_ADV (Prop_mmcme2_adv_CLKIN1_CLKOUT0)
                                                     -6.961    -4.269 r  SEG7_upgrade_i/clk_wiz_0/inst/mmcm_adv_inst/CLKOUT0
                         net (fo=1, routed)           1.661    -2.608    SEG7_upgrade_i/clk_wiz_0/inst/clk_out1_SEG7_upgrade_clk_wiz_0_0
    BUFGCTRL_X0Y0        BUFG (Prop_bufg_I_O)         0.096    -2.512 r  SEG7_upgrade_i/clk_wiz_0/inst/clkout1_buf/O
                         net (fo=2577, routed)        1.551    -0.961    SEG7_upgrade_i/microblaze_0/U0/MicroBlaze_Core_I/Performance.Core/Use_Debug_Logic.Master_Core.Debug_Perf/Clk
    SLICE_X56Y24         FDRE                                         r  SEG7_upgrade_i/microblaze_0/U0/MicroBlaze_Core_I/Performance.Core/Use_Debug_Logic.Master_Core.Debug_Perf/Performance_Debug_Control.dbg_stop_if_delay_i_reg/C
  -------------------------------------------------------------------    -------------------
    SLICE_X56Y24         FDRE (Prop_fdre_C_Q)         0.518    -0.443 r  SEG7_upgrade_i/microblaze_0/U0/MicroBlaze_Core_I/Performance.Core/Use_Debug_Logic.Master_Core.Debug_Perf/Performance_Debug_Control.dbg_stop_if_delay_i_reg/Q
                         net (fo=14, routed)          1.480     1.037    SEG7_upgrade_i/microblaze_0/U0/MicroBlaze_Core_I/Performance.Core/Use_Debug_Logic.Master_Core.Debug_Perf/LOCKSTEP_Master_Out[32]
    SLICE_X46Y27         LUT4 (Prop_lut4_I0_O)        0.124     1.161 r  SEG7_upgrade_i/microblaze_0/U0/MicroBlaze_Core_I/Performance.Core/Use_Debug_Logic.Master_Core.Debug_Perf/Using_FPGA.Native_i_1__3/O
                         net (fo=1, routed)           0.000     1.161    SEG7_upgrade_i/microblaze_0/U0/MicroBlaze_Core_I/Performance.Core/Decode_I/jump_logic_I1/MUXCY_JUMP_CARRY2/lopt_3
    SLICE_X46Y27         CARRY4 (Prop_carry4_S[1]_CO[3])
                                                      0.533     1.694 r  SEG7_upgrade_i/microblaze_0/U0/MicroBlaze_Core_I/Performance.Core/Decode_I/jump_logic_I1/MUXCY_JUMP_CARRY2/Using_FPGA.Native_CARRY4/CO[3]
                         net (fo=1, routed)           0.000     1.694    SEG7_upgrade_i/microblaze_0/U0/MicroBlaze_Core_I/Performance.Core/Decode_I/jump_logic_I1/MUXCY_JUMP_CARRY6/jump_carry5
    SLICE_X46Y28         CARRY4 (Prop_carry4_CI_CO[0])
                                                      0.254     1.948 r  SEG7_upgrade_i/microblaze_0/U0/MicroBlaze_Core_I/Performance.Core/Decode_I/jump_logic_I1/MUXCY_JUMP_CARRY6/Using_FPGA.Native_CARRY4/CO[0]
                         net (fo=47, routed)          1.275     3.223    SEG7_upgrade_i/microblaze_0/U0/MicroBlaze_Core_I/Performance.Core/Decode_I/jump_logic_I1/MUXCY_JUMP_CARRY6/ex_mbar_stall_no_sleep_1_reg
    SLICE_X39Y19         LUT3 (Prop_lut3_I1_O)        0.393     3.616 r  SEG7_upgrade_i/microblaze_0/U0/MicroBlaze_Core_I/Performance.Core/Decode_I/jump_logic_I1/MUXCY_JUMP_CARRY6/Instr_Addr[28]_INST_0/O
                         net (fo=33, routed)          2.906     6.522    SEG7_upgrade_i/microblaze_0_local_memory/lmb_bram/U0/inst_blk_mem_gen/gnbram.gnative_mem_map_bmg.native_mem_map_blk_mem_gen/valid.cstr/ramloop[26].ram.r/prim_noinit.ram/addrb[1]
    RAMB36_X2Y10         RAMB36E1                                     r  SEG7_upgrade_i/microblaze_0_local_memory/lmb_bram/U0/inst_blk_mem_gen/gnbram.gnative_mem_map_bmg.native_mem_map_blk_mem_gen/valid.cstr/ramloop[26].ram.r/prim_noinit.ram/DEVICE_7SERIES.WITH_BMM_INFO.TRUE_DP.SIMPLE_PRIM36.TDP_SP36_NO_ECC_ATTR.ram/ADDRBWRADDR[1]
  -------------------------------------------------------------------    -------------------

                         (clock clk_out1_SEG7_upgrade_clk_wiz_0_0 rise edge)
                                                     10.000    10.000 r  
    W5                                                0.000    10.000 r  sys_clock (IN)
                         net (fo=0)                   0.000    10.000    SEG7_upgrade_i/clk_wiz_0/inst/clk_in1
    W5                   IBUF (Prop_ibuf_I_O)         1.388    11.388 r  SEG7_upgrade_i/clk_wiz_0/inst/clkin1_ibufg/O
                         net (fo=1, routed)           1.162    12.550    SEG7_upgrade_i/clk_wiz_0/inst/clk_in1_SEG7_upgrade_clk_wiz_0_0
    MMCME2_ADV_X1Y0      MMCME2_ADV (Prop_mmcme2_adv_CLKIN1_CLKOUT0)
                                                     -7.217     5.332 r  SEG7_upgrade_i/clk_wiz_0/inst/mmcm_adv_inst/CLKOUT0
                         net (fo=1, routed)           1.581     6.914    SEG7_upgrade_i/clk_wiz_0/inst/clk_out1_SEG7_upgrade_clk_wiz_0_0
    BUFGCTRL_X0Y0        BUFG (Prop_bufg_I_O)         0.091     7.005 r  SEG7_upgrade_i/clk_wiz_0/inst/clkout1_buf/O
                         net (fo=2577, routed)        1.486     8.491    SEG7_upgrade_i/microblaze_0_local_memory/lmb_bram/U0/inst_blk_mem_gen/gnbram.gnative_mem_map_bmg.native_mem_map_blk_mem_gen/valid.cstr/ramloop[26].ram.r/prim_noinit.ram/clkb
    RAMB36_X2Y10         RAMB36E1                                     r  SEG7_upgrade_i/microblaze_0_local_memory/lmb_bram/U0/inst_blk_mem_gen/gnbram.gnative_mem_map_bmg.native_mem_map_blk_mem_gen/valid.cstr/ramloop[26].ram.r/prim_noinit.ram/DEVICE_7SERIES.WITH_BMM_INFO.TRUE_DP.SIMPLE_PRIM36.TDP_SP36_NO_ECC_ATTR.ram/CLKBWRCLK
                         clock pessimism              0.484     8.974    
                         clock uncertainty           -0.074     8.900    
    RAMB36_X2Y10         RAMB36E1 (Setup_ramb36e1_CLKBWRCLK_ADDRBWRADDR[1])
                                                     -0.774     8.126    SEG7_upgrade_i/microblaze_0_local_memory/lmb_bram/U0/inst_blk_mem_gen/gnbram.gnative_mem_map_bmg.native_mem_map_blk_mem_gen/valid.cstr/ramloop[26].ram.r/prim_noinit.ram/DEVICE_7SERIES.WITH_BMM_INFO.TRUE_DP.SIMPLE_PRIM36.TDP_SP36_NO_ECC_ATTR.ram
  -------------------------------------------------------------------
                         required time                          8.126    
                         arrival time                          -6.522    
  -------------------------------------------------------------------
                         slack                                  1.604    

Slack (MET) :             1.690ns  (required time - arrival time)
  Source:                 SEG7_upgrade_i/microblaze_0/U0/MicroBlaze_Core_I/Performance.Core/Use_Debug_Logic.Master_Core.Debug_Perf/Performance_Debug_Control.dbg_stop_if_delay_i_reg/C
                            (rising edge-triggered cell FDRE clocked by clk_out1_SEG7_upgrade_clk_wiz_0_0  {rise@0.000ns fall@5.000ns period=10.000ns})
  Destination:            SEG7_upgrade_i/microblaze_0_local_memory/lmb_bram/U0/inst_blk_mem_gen/gnbram.gnative_mem_map_bmg.native_mem_map_blk_mem_gen/valid.cstr/ramloop[14].ram.r/prim_noinit.ram/DEVICE_7SERIES.WITH_BMM_INFO.TRUE_DP.SIMPLE_PRIM36.TDP_SP36_NO_ECC_ATTR.ram/ADDRBWRADDR[5]
                            (rising edge-triggered cell RAMB36E1 clocked by clk_out1_SEG7_upgrade_clk_wiz_0_0  {rise@0.000ns fall@5.000ns period=10.000ns})
  Path Group:             clk_out1_SEG7_upgrade_clk_wiz_0_0
  Path Type:              Setup (Max at Slow Process Corner)
  Requirement:            10.000ns  (clk_out1_SEG7_upgrade_clk_wiz_0_0 rise@10.000ns - clk_out1_SEG7_upgrade_clk_wiz_0_0 rise@0.000ns)
  Data Path Delay:        7.410ns  (logic 1.821ns (24.575%)  route 5.589ns (75.425%))
  Logic Levels:           4  (CARRY4=2 LUT3=1 LUT4=1)
  Clock Path Skew:        -0.052ns (DCD - SCD + CPR)
    Destination Clock Delay (DCD):    -1.504ns = ( 8.496 - 10.000 ) 
    Source Clock Delay      (SCD):    -0.961ns
    Clock Pessimism Removal (CPR):    0.492ns
  Clock Uncertainty:      0.074ns  ((TSJ^2 + DJ^2)^1/2) / 2 + PE
    Total System Jitter     (TSJ):    0.071ns
    Discrete Jitter          (DJ):    0.131ns
    Phase Error              (PE):    0.000ns

    Location             Delay type                Incr(ns)  Path(ns)    Netlist Resource(s)
  -------------------------------------------------------------------    -------------------
                         (clock clk_out1_SEG7_upgrade_clk_wiz_0_0 rise edge)
                                                      0.000     0.000 r  
    W5                                                0.000     0.000 r  sys_clock (IN)
                         net (fo=0)                   0.000     0.000    SEG7_upgrade_i/clk_wiz_0/inst/clk_in1
    W5                   IBUF (Prop_ibuf_I_O)         1.458     1.458 r  SEG7_upgrade_i/clk_wiz_0/inst/clkin1_ibufg/O
                         net (fo=1, routed)           1.233     2.691    SEG7_upgrade_i/clk_wiz_0/inst/clk_in1_SEG7_upgrade_clk_wiz_0_0
    MMCME2_ADV_X1Y0      MMCME2_ADV (Prop_mmcme2_adv_CLKIN1_CLKOUT0)
                                                     -6.961    -4.269 r  SEG7_upgrade_i/clk_wiz_0/inst/mmcm_adv_inst/CLKOUT0
                         net (fo=1, routed)           1.661    -2.608    SEG7_upgrade_i/clk_wiz_0/inst/clk_out1_SEG7_upgrade_clk_wiz_0_0
    BUFGCTRL_X0Y0        BUFG (Prop_bufg_I_O)         0.096    -2.512 r  SEG7_upgrade_i/clk_wiz_0/inst/clkout1_buf/O
                         net (fo=2577, routed)        1.551    -0.961    SEG7_upgrade_i/microblaze_0/U0/MicroBlaze_Core_I/Performance.Core/Use_Debug_Logic.Master_Core.Debug_Perf/Clk
    SLICE_X56Y24         FDRE                                         r  SEG7_upgrade_i/microblaze_0/U0/MicroBlaze_Core_I/Performance.Core/Use_Debug_Logic.Master_Core.Debug_Perf/Performance_Debug_Control.dbg_stop_if_delay_i_reg/C
  -------------------------------------------------------------------    -------------------
    SLICE_X56Y24         FDRE (Prop_fdre_C_Q)         0.518    -0.443 r  SEG7_upgrade_i/microblaze_0/U0/MicroBlaze_Core_I/Performance.Core/Use_Debug_Logic.Master_Core.Debug_Perf/Performance_Debug_Control.dbg_stop_if_delay_i_reg/Q
                         net (fo=14, routed)          1.480     1.037    SEG7_upgrade_i/microblaze_0/U0/MicroBlaze_Core_I/Performance.Core/Use_Debug_Logic.Master_Core.Debug_Perf/LOCKSTEP_Master_Out[32]
    SLICE_X46Y27         LUT4 (Prop_lut4_I0_O)        0.124     1.161 r  SEG7_upgrade_i/microblaze_0/U0/MicroBlaze_Core_I/Performance.Core/Use_Debug_Logic.Master_Core.Debug_Perf/Using_FPGA.Native_i_1__3/O
                         net (fo=1, routed)           0.000     1.161    SEG7_upgrade_i/microblaze_0/U0/MicroBlaze_Core_I/Performance.Core/Decode_I/jump_logic_I1/MUXCY_JUMP_CARRY2/lopt_3
    SLICE_X46Y27         CARRY4 (Prop_carry4_S[1]_CO[3])
                                                      0.533     1.694 r  SEG7_upgrade_i/microblaze_0/U0/MicroBlaze_Core_I/Performance.Core/Decode_I/jump_logic_I1/MUXCY_JUMP_CARRY2/Using_FPGA.Native_CARRY4/CO[3]
                         net (fo=1, routed)           0.000     1.694    SEG7_upgrade_i/microblaze_0/U0/MicroBlaze_Core_I/Performance.Core/Decode_I/jump_logic_I1/MUXCY_JUMP_CARRY6/jump_carry5
    SLICE_X46Y28         CARRY4 (Prop_carry4_CI_CO[0])
                                                      0.254     1.948 r  SEG7_upgrade_i/microblaze_0/U0/MicroBlaze_Core_I/Performance.Core/Decode_I/jump_logic_I1/MUXCY_JUMP_CARRY6/Using_FPGA.Native_CARRY4/CO[0]
                         net (fo=47, routed)          1.429     3.377    SEG7_upgrade_i/microblaze_0/U0/MicroBlaze_Core_I/Performance.Core/Decode_I/jump_logic_I1/MUXCY_JUMP_CARRY6/ex_mbar_stall_no_sleep_1_reg
    SLICE_X41Y21         LUT3 (Prop_lut3_I1_O)        0.392     3.769 r  SEG7_upgrade_i/microblaze_0/U0/MicroBlaze_Core_I/Performance.Core/Decode_I/jump_logic_I1/MUXCY_JUMP_CARRY6/Instr_Addr[24]_INST_0/O
                         net (fo=33, routed)          2.680     6.449    SEG7_upgrade_i/microblaze_0_local_memory/lmb_bram/U0/inst_blk_mem_gen/gnbram.gnative_mem_map_bmg.native_mem_map_blk_mem_gen/valid.cstr/ramloop[14].ram.r/prim_noinit.ram/addrb[5]
    RAMB36_X0Y8          RAMB36E1                                     r  SEG7_upgrade_i/microblaze_0_local_memory/lmb_bram/U0/inst_blk_mem_gen/gnbram.gnative_mem_map_bmg.native_mem_map_blk_mem_gen/valid.cstr/ramloop[14].ram.r/prim_noinit.ram/DEVICE_7SERIES.WITH_BMM_INFO.TRUE_DP.SIMPLE_PRIM36.TDP_SP36_NO_ECC_ATTR.ram/ADDRBWRADDR[5]
  -------------------------------------------------------------------    -------------------

                         (clock clk_out1_SEG7_upgrade_clk_wiz_0_0 rise edge)
                                                     10.000    10.000 r  
    W5                                                0.000    10.000 r  sys_clock (IN)
                         net (fo=0)                   0.000    10.000    SEG7_upgrade_i/clk_wiz_0/inst/clk_in1
    W5                   IBUF (Prop_ibuf_I_O)         1.388    11.388 r  SEG7_upgrade_i/clk_wiz_0/inst/clkin1_ibufg/O
                         net (fo=1, routed)           1.162    12.550    SEG7_upgrade_i/clk_wiz_0/inst/clk_in1_SEG7_upgrade_clk_wiz_0_0
    MMCME2_ADV_X1Y0      MMCME2_ADV (Prop_mmcme2_adv_CLKIN1_CLKOUT0)
                                                     -7.217     5.332 r  SEG7_upgrade_i/clk_wiz_0/inst/mmcm_adv_inst/CLKOUT0
                         net (fo=1, routed)           1.581     6.914    SEG7_upgrade_i/clk_wiz_0/inst/clk_out1_SEG7_upgrade_clk_wiz_0_0
    BUFGCTRL_X0Y0        BUFG (Prop_bufg_I_O)         0.091     7.005 r  SEG7_upgrade_i/clk_wiz_0/inst/clkout1_buf/O
                         net (fo=2577, routed)        1.492     8.496    SEG7_upgrade_i/microblaze_0_local_memory/lmb_bram/U0/inst_blk_mem_gen/gnbram.gnative_mem_map_bmg.native_mem_map_blk_mem_gen/valid.cstr/ramloop[14].ram.r/prim_noinit.ram/clkb
    RAMB36_X0Y8          RAMB36E1                                     r  SEG7_upgrade_i/microblaze_0_local_memory/lmb_bram/U0/inst_blk_mem_gen/gnbram.gnative_mem_map_bmg.native_mem_map_blk_mem_gen/valid.cstr/ramloop[14].ram.r/prim_noinit.ram/DEVICE_7SERIES.WITH_BMM_INFO.TRUE_DP.SIMPLE_PRIM36.TDP_SP36_NO_ECC_ATTR.ram/CLKBWRCLK
                         clock pessimism              0.492     8.988    
                         clock uncertainty           -0.074     8.914    
    RAMB36_X0Y8          RAMB36E1 (Setup_ramb36e1_CLKBWRCLK_ADDRBWRADDR[5])
                                                     -0.774     8.140    SEG7_upgrade_i/microblaze_0_local_memory/lmb_bram/U0/inst_blk_mem_gen/gnbram.gnative_mem_map_bmg.native_mem_map_blk_mem_gen/valid.cstr/ramloop[14].ram.r/prim_noinit.ram/DEVICE_7SERIES.WITH_BMM_INFO.TRUE_DP.SIMPLE_PRIM36.TDP_SP36_NO_ECC_ATTR.ram
  -------------------------------------------------------------------
                         required time                          8.140    
                         arrival time                          -6.449    
  -------------------------------------------------------------------
                         slack                                  1.690    

Slack (MET) :             1.720ns  (required time - arrival time)
  Source:                 SEG7_upgrade_i/microblaze_0/U0/MicroBlaze_Core_I/Performance.Core/Use_Debug_Logic.Master_Core.Debug_Perf/Performance_Debug_Control.dbg_stop_if_delay_i_reg/C
                            (rising edge-triggered cell FDRE clocked by clk_out1_SEG7_upgrade_clk_wiz_0_0  {rise@0.000ns fall@5.000ns period=10.000ns})
  Destination:            SEG7_upgrade_i/microblaze_0_local_memory/lmb_bram/U0/inst_blk_mem_gen/gnbram.gnative_mem_map_bmg.native_mem_map_blk_mem_gen/valid.cstr/ramloop[20].ram.r/prim_noinit.ram/DEVICE_7SERIES.WITH_BMM_INFO.TRUE_DP.SIMPLE_PRIM36.TDP_SP36_NO_ECC_ATTR.ram/ADDRBWRADDR[5]
                            (rising edge-triggered cell RAMB36E1 clocked by clk_out1_SEG7_upgrade_clk_wiz_0_0  {rise@0.000ns fall@5.000ns period=10.000ns})
  Path Group:             clk_out1_SEG7_upgrade_clk_wiz_0_0
  Path Type:              Setup (Max at Slow Process Corner)
  Requirement:            10.000ns  (clk_out1_SEG7_upgrade_clk_wiz_0_0 rise@10.000ns - clk_out1_SEG7_upgrade_clk_wiz_0_0 rise@0.000ns)
  Data Path Delay:        7.363ns  (logic 1.821ns (24.732%)  route 5.542ns (75.268%))
  Logic Levels:           4  (CARRY4=2 LUT3=1 LUT4=1)
  Clock Path Skew:        -0.068ns (DCD - SCD + CPR)
    Destination Clock Delay (DCD):    -1.512ns = ( 8.488 - 10.000 ) 
    Source Clock Delay      (SCD):    -0.961ns
    Clock Pessimism Removal (CPR):    0.484ns
  Clock Uncertainty:      0.074ns  ((TSJ^2 + DJ^2)^1/2) / 2 + PE
    Total System Jitter     (TSJ):    0.071ns
    Discrete Jitter          (DJ):    0.131ns
    Phase Error              (PE):    0.000ns

    Location             Delay type                Incr(ns)  Path(ns)    Netlist Resource(s)
  -------------------------------------------------------------------    -------------------
                         (clock clk_out1_SEG7_upgrade_clk_wiz_0_0 rise edge)
                                                      0.000     0.000 r  
    W5                                                0.000     0.000 r  sys_clock (IN)
                         net (fo=0)                   0.000     0.000    SEG7_upgrade_i/clk_wiz_0/inst/clk_in1
    W5                   IBUF (Prop_ibuf_I_O)         1.458     1.458 r  SEG7_upgrade_i/clk_wiz_0/inst/clkin1_ibufg/O
                         net (fo=1, routed)           1.233     2.691    SEG7_upgrade_i/clk_wiz_0/inst/clk_in1_SEG7_upgrade_clk_wiz_0_0
    MMCME2_ADV_X1Y0      MMCME2_ADV (Prop_mmcme2_adv_CLKIN1_CLKOUT0)
                                                     -6.961    -4.269 r  SEG7_upgrade_i/clk_wiz_0/inst/mmcm_adv_inst/CLKOUT0
                         net (fo=1, routed)           1.661    -2.608    SEG7_upgrade_i/clk_wiz_0/inst/clk_out1_SEG7_upgrade_clk_wiz_0_0
    BUFGCTRL_X0Y0        BUFG (Prop_bufg_I_O)         0.096    -2.512 r  SEG7_upgrade_i/clk_wiz_0/inst/clkout1_buf/O
                         net (fo=2577, routed)        1.551    -0.961    SEG7_upgrade_i/microblaze_0/U0/MicroBlaze_Core_I/Performance.Core/Use_Debug_Logic.Master_Core.Debug_Perf/Clk
    SLICE_X56Y24         FDRE                                         r  SEG7_upgrade_i/microblaze_0/U0/MicroBlaze_Core_I/Performance.Core/Use_Debug_Logic.Master_Core.Debug_Perf/Performance_Debug_Control.dbg_stop_if_delay_i_reg/C
  -------------------------------------------------------------------    -------------------
    SLICE_X56Y24         FDRE (Prop_fdre_C_Q)         0.518    -0.443 r  SEG7_upgrade_i/microblaze_0/U0/MicroBlaze_Core_I/Performance.Core/Use_Debug_Logic.Master_Core.Debug_Perf/Performance_Debug_Control.dbg_stop_if_delay_i_reg/Q
                         net (fo=14, routed)          1.480     1.037    SEG7_upgrade_i/microblaze_0/U0/MicroBlaze_Core_I/Performance.Core/Use_Debug_Logic.Master_Core.Debug_Perf/LOCKSTEP_Master_Out[32]
    SLICE_X46Y27         LUT4 (Prop_lut4_I0_O)        0.124     1.161 r  SEG7_upgrade_i/microblaze_0/U0/MicroBlaze_Core_I/Performance.Core/Use_Debug_Logic.Master_Core.Debug_Perf/Using_FPGA.Native_i_1__3/O
                         net (fo=1, routed)           0.000     1.161    SEG7_upgrade_i/microblaze_0/U0/MicroBlaze_Core_I/Performance.Core/Decode_I/jump_logic_I1/MUXCY_JUMP_CARRY2/lopt_3
    SLICE_X46Y27         CARRY4 (Prop_carry4_S[1]_CO[3])
                                                      0.533     1.694 r  SEG7_upgrade_i/microblaze_0/U0/MicroBlaze_Core_I/Performance.Core/Decode_I/jump_logic_I1/MUXCY_JUMP_CARRY2/Using_FPGA.Native_CARRY4/CO[3]
                         net (fo=1, routed)           0.000     1.694    SEG7_upgrade_i/microblaze_0/U0/MicroBlaze_Core_I/Performance.Core/Decode_I/jump_logic_I1/MUXCY_JUMP_CARRY6/jump_carry5
    SLICE_X46Y28         CARRY4 (Prop_carry4_CI_CO[0])
                                                      0.254     1.948 r  SEG7_upgrade_i/microblaze_0/U0/MicroBlaze_Core_I/Performance.Core/Decode_I/jump_logic_I1/MUXCY_JUMP_CARRY6/Using_FPGA.Native_CARRY4/CO[0]
                         net (fo=47, routed)          1.429     3.377    SEG7_upgrade_i/microblaze_0/U0/MicroBlaze_Core_I/Performance.Core/Decode_I/jump_logic_I1/MUXCY_JUMP_CARRY6/ex_mbar_stall_no_sleep_1_reg
    SLICE_X41Y21         LUT3 (Prop_lut3_I1_O)        0.392     3.769 r  SEG7_upgrade_i/microblaze_0/U0/MicroBlaze_Core_I/Performance.Core/Decode_I/jump_logic_I1/MUXCY_JUMP_CARRY6/Instr_Addr[24]_INST_0/O
                         net (fo=33, routed)          2.633     6.403    SEG7_upgrade_i/microblaze_0_local_memory/lmb_bram/U0/inst_blk_mem_gen/gnbram.gnative_mem_map_bmg.native_mem_map_blk_mem_gen/valid.cstr/ramloop[20].ram.r/prim_noinit.ram/addrb[5]
    RAMB36_X1Y11         RAMB36E1                                     r  SEG7_upgrade_i/microblaze_0_local_memory/lmb_bram/U0/inst_blk_mem_gen/gnbram.gnative_mem_map_bmg.native_mem_map_blk_mem_gen/valid.cstr/ramloop[20].ram.r/prim_noinit.ram/DEVICE_7SERIES.WITH_BMM_INFO.TRUE_DP.SIMPLE_PRIM36.TDP_SP36_NO_ECC_ATTR.ram/ADDRBWRADDR[5]
  -------------------------------------------------------------------    -------------------

                         (clock clk_out1_SEG7_upgrade_clk_wiz_0_0 rise edge)
                                                     10.000    10.000 r  
    W5                                                0.000    10.000 r  sys_clock (IN)
                         net (fo=0)                   0.000    10.000    SEG7_upgrade_i/clk_wiz_0/inst/clk_in1
    W5                   IBUF (Prop_ibuf_I_O)         1.388    11.388 r  SEG7_upgrade_i/clk_wiz_0/inst/clkin1_ibufg/O
                         net (fo=1, routed)           1.162    12.550    SEG7_upgrade_i/clk_wiz_0/inst/clk_in1_SEG7_upgrade_clk_wiz_0_0
    MMCME2_ADV_X1Y0      MMCME2_ADV (Prop_mmcme2_adv_CLKIN1_CLKOUT0)
                                                     -7.217     5.332 r  SEG7_upgrade_i/clk_wiz_0/inst/mmcm_adv_inst/CLKOUT0
                         net (fo=1, routed)           1.581     6.914    SEG7_upgrade_i/clk_wiz_0/inst/clk_out1_SEG7_upgrade_clk_wiz_0_0
    BUFGCTRL_X0Y0        BUFG (Prop_bufg_I_O)         0.091     7.005 r  SEG7_upgrade_i/clk_wiz_0/inst/clkout1_buf/O
                         net (fo=2577, routed)        1.483     8.488    SEG7_upgrade_i/microblaze_0_local_memory/lmb_bram/U0/inst_blk_mem_gen/gnbram.gnative_mem_map_bmg.native_mem_map_blk_mem_gen/valid.cstr/ramloop[20].ram.r/prim_noinit.ram/clkb
    RAMB36_X1Y11         RAMB36E1                                     r  SEG7_upgrade_i/microblaze_0_local_memory/lmb_bram/U0/inst_blk_mem_gen/gnbram.gnative_mem_map_bmg.native_mem_map_blk_mem_gen/valid.cstr/ramloop[20].ram.r/prim_noinit.ram/DEVICE_7SERIES.WITH_BMM_INFO.TRUE_DP.SIMPLE_PRIM36.TDP_SP36_NO_ECC_ATTR.ram/CLKBWRCLK
                         clock pessimism              0.484     8.971    
                         clock uncertainty           -0.074     8.897    
    RAMB36_X1Y11         RAMB36E1 (Setup_ramb36e1_CLKBWRCLK_ADDRBWRADDR[5])
                                                     -0.774     8.123    SEG7_upgrade_i/microblaze_0_local_memory/lmb_bram/U0/inst_blk_mem_gen/gnbram.gnative_mem_map_bmg.native_mem_map_blk_mem_gen/valid.cstr/ramloop[20].ram.r/prim_noinit.ram/DEVICE_7SERIES.WITH_BMM_INFO.TRUE_DP.SIMPLE_PRIM36.TDP_SP36_NO_ECC_ATTR.ram
  -------------------------------------------------------------------
                         required time                          8.123    
                         arrival time                          -6.403    
  -------------------------------------------------------------------
                         slack                                  1.720    

Slack (MET) :             1.745ns  (required time - arrival time)
  Source:                 SEG7_upgrade_i/microblaze_0/U0/MicroBlaze_Core_I/Performance.Core/Use_Debug_Logic.Master_Core.Debug_Perf/Performance_Debug_Control.dbg_stop_if_delay_i_reg/C
                            (rising edge-triggered cell FDRE clocked by clk_out1_SEG7_upgrade_clk_wiz_0_0  {rise@0.000ns fall@5.000ns period=10.000ns})
  Destination:            SEG7_upgrade_i/microblaze_0_local_memory/lmb_bram/U0/inst_blk_mem_gen/gnbram.gnative_mem_map_bmg.native_mem_map_blk_mem_gen/valid.cstr/ramloop[26].ram.r/prim_noinit.ram/DEVICE_7SERIES.WITH_BMM_INFO.TRUE_DP.SIMPLE_PRIM36.TDP_SP36_NO_ECC_ATTR.ram/ADDRBWRADDR[5]
                            (rising edge-triggered cell RAMB36E1 clocked by clk_out1_SEG7_upgrade_clk_wiz_0_0  {rise@0.000ns fall@5.000ns period=10.000ns})
  Path Group:             clk_out1_SEG7_upgrade_clk_wiz_0_0
  Path Type:              Setup (Max at Slow Process Corner)
  Requirement:            10.000ns  (clk_out1_SEG7_upgrade_clk_wiz_0_0 rise@10.000ns - clk_out1_SEG7_upgrade_clk_wiz_0_0 rise@0.000ns)
  Data Path Delay:        7.342ns  (logic 1.821ns (24.804%)  route 5.521ns (75.196%))
  Logic Levels:           4  (CARRY4=2 LUT3=1 LUT4=1)
  Clock Path Skew:        -0.065ns (DCD - SCD + CPR)
    Destination Clock Delay (DCD):    -1.509ns = ( 8.491 - 10.000 ) 
    Source Clock Delay      (SCD):    -0.961ns
    Clock Pessimism Removal (CPR):    0.484ns
  Clock Uncertainty:      0.074ns  ((TSJ^2 + DJ^2)^1/2) / 2 + PE
    Total System Jitter     (TSJ):    0.071ns
    Discrete Jitter          (DJ):    0.131ns
    Phase Error              (PE):    0.000ns

    Location             Delay type                Incr(ns)  Path(ns)    Netlist Resource(s)
  -------------------------------------------------------------------    -------------------
                         (clock clk_out1_SEG7_upgrade_clk_wiz_0_0 rise edge)
                                                      0.000     0.000 r  
    W5                                                0.000     0.000 r  sys_clock (IN)
                         net (fo=0)                   0.000     0.000    SEG7_upgrade_i/clk_wiz_0/inst/clk_in1
    W5                   IBUF (Prop_ibuf_I_O)         1.458     1.458 r  SEG7_upgrade_i/clk_wiz_0/inst/clkin1_ibufg/O
                         net (fo=1, routed)           1.233     2.691    SEG7_upgrade_i/clk_wiz_0/inst/clk_in1_SEG7_upgrade_clk_wiz_0_0
    MMCME2_ADV_X1Y0      MMCME2_ADV (Prop_mmcme2_adv_CLKIN1_CLKOUT0)
                                                     -6.961    -4.269 r  SEG7_upgrade_i/clk_wiz_0/inst/mmcm_adv_inst/CLKOUT0
                         net (fo=1, routed)           1.661    -2.608    SEG7_upgrade_i/clk_wiz_0/inst/clk_out1_SEG7_upgrade_clk_wiz_0_0
    BUFGCTRL_X0Y0        BUFG (Prop_bufg_I_O)         0.096    -2.512 r  SEG7_upgrade_i/clk_wiz_0/inst/clkout1_buf/O
                         net (fo=2577, routed)        1.551    -0.961    SEG7_upgrade_i/microblaze_0/U0/MicroBlaze_Core_I/Performance.Core/Use_Debug_Logic.Master_Core.Debug_Perf/Clk
    SLICE_X56Y24         FDRE                                         r  SEG7_upgrade_i/microblaze_0/U0/MicroBlaze_Core_I/Performance.Core/Use_Debug_Logic.Master_Core.Debug_Perf/Performance_Debug_Control.dbg_stop_if_delay_i_reg/C
  -------------------------------------------------------------------    -------------------
    SLICE_X56Y24         FDRE (Prop_fdre_C_Q)         0.518    -0.443 r  SEG7_upgrade_i/microblaze_0/U0/MicroBlaze_Core_I/Performance.Core/Use_Debug_Logic.Master_Core.Debug_Perf/Performance_Debug_Control.dbg_stop_if_delay_i_reg/Q
                         net (fo=14, routed)          1.480     1.037    SEG7_upgrade_i/microblaze_0/U0/MicroBlaze_Core_I/Performance.Core/Use_Debug_Logic.Master_Core.Debug_Perf/LOCKSTEP_Master_Out[32]
    SLICE_X46Y27         LUT4 (Prop_lut4_I0_O)        0.124     1.161 r  SEG7_upgrade_i/microblaze_0/U0/MicroBlaze_Core_I/Performance.Core/Use_Debug_Logic.Master_Core.Debug_Perf/Using_FPGA.Native_i_1__3/O
                         net (fo=1, routed)           0.000     1.161    SEG7_upgrade_i/microblaze_0/U0/MicroBlaze_Core_I/Performance.Core/Decode_I/jump_logic_I1/MUXCY_JUMP_CARRY2/lopt_3
    SLICE_X46Y27         CARRY4 (Prop_carry4_S[1]_CO[3])
                                                      0.533     1.694 r  SEG7_upgrade_i/microblaze_0/U0/MicroBlaze_Core_I/Performance.Core/Decode_I/jump_logic_I1/MUXCY_JUMP_CARRY2/Using_FPGA.Native_CARRY4/CO[3]
                         net (fo=1, routed)           0.000     1.694    SEG7_upgrade_i/microblaze_0/U0/MicroBlaze_Core_I/Performance.Core/Decode_I/jump_logic_I1/MUXCY_JUMP_CARRY6/jump_carry5
    SLICE_X46Y28         CARRY4 (Prop_carry4_CI_CO[0])
                                                      0.254     1.948 r  SEG7_upgrade_i/microblaze_0/U0/MicroBlaze_Core_I/Performance.Core/Decode_I/jump_logic_I1/MUXCY_JUMP_CARRY6/Using_FPGA.Native_CARRY4/CO[0]
                         net (fo=47, routed)          1.429     3.377    SEG7_upgrade_i/microblaze_0/U0/MicroBlaze_Core_I/Performance.Core/Decode_I/jump_logic_I1/MUXCY_JUMP_CARRY6/ex_mbar_stall_no_sleep_1_reg
    SLICE_X41Y21         LUT3 (Prop_lut3_I1_O)        0.392     3.769 r  SEG7_upgrade_i/microblaze_0/U0/MicroBlaze_Core_I/Performance.Core/Decode_I/jump_logic_I1/MUXCY_JUMP_CARRY6/Instr_Addr[24]_INST_0/O
                         net (fo=33, routed)          2.612     6.381    SEG7_upgrade_i/microblaze_0_local_memory/lmb_bram/U0/inst_blk_mem_gen/gnbram.gnative_mem_map_bmg.native_mem_map_blk_mem_gen/valid.cstr/ramloop[26].ram.r/prim_noinit.ram/addrb[5]
    RAMB36_X2Y10         RAMB36E1                                     r  SEG7_upgrade_i/microblaze_0_local_memory/lmb_bram/U0/inst_blk_mem_gen/gnbram.gnative_mem_map_bmg.native_mem_map_blk_mem_gen/valid.cstr/ramloop[26].ram.r/prim_noinit.ram/DEVICE_7SERIES.WITH_BMM_INFO.TRUE_DP.SIMPLE_PRIM36.TDP_SP36_NO_ECC_ATTR.ram/ADDRBWRADDR[5]
  -------------------------------------------------------------------    -------------------

                         (clock clk_out1_SEG7_upgrade_clk_wiz_0_0 rise edge)
                                                     10.000    10.000 r  
    W5                                                0.000    10.000 r  sys_clock (IN)
                         net (fo=0)                   0.000    10.000    SEG7_upgrade_i/clk_wiz_0/inst/clk_in1
    W5                   IBUF (Prop_ibuf_I_O)         1.388    11.388 r  SEG7_upgrade_i/clk_wiz_0/inst/clkin1_ibufg/O
                         net (fo=1, routed)           1.162    12.550    SEG7_upgrade_i/clk_wiz_0/inst/clk_in1_SEG7_upgrade_clk_wiz_0_0
    MMCME2_ADV_X1Y0      MMCME2_ADV (Prop_mmcme2_adv_CLKIN1_CLKOUT0)
                                                     -7.217     5.332 r  SEG7_upgrade_i/clk_wiz_0/inst/mmcm_adv_inst/CLKOUT0
                         net (fo=1, routed)           1.581     6.914    SEG7_upgrade_i/clk_wiz_0/inst/clk_out1_SEG7_upgrade_clk_wiz_0_0
    BUFGCTRL_X0Y0        BUFG (Prop_bufg_I_O)         0.091     7.005 r  SEG7_upgrade_i/clk_wiz_0/inst/clkout1_buf/O
                         net (fo=2577, routed)        1.486     8.491    SEG7_upgrade_i/microblaze_0_local_memory/lmb_bram/U0/inst_blk_mem_gen/gnbram.gnative_mem_map_bmg.native_mem_map_blk_mem_gen/valid.cstr/ramloop[26].ram.r/prim_noinit.ram/clkb
    RAMB36_X2Y10         RAMB36E1                                     r  SEG7_upgrade_i/microblaze_0_local_memory/lmb_bram/U0/inst_blk_mem_gen/gnbram.gnative_mem_map_bmg.native_mem_map_blk_mem_gen/valid.cstr/ramloop[26].ram.r/prim_noinit.ram/DEVICE_7SERIES.WITH_BMM_INFO.TRUE_DP.SIMPLE_PRIM36.TDP_SP36_NO_ECC_ATTR.ram/CLKBWRCLK
                         clock pessimism              0.484     8.974    
                         clock uncertainty           -0.074     8.900    
    RAMB36_X2Y10         RAMB36E1 (Setup_ramb36e1_CLKBWRCLK_ADDRBWRADDR[5])
                                                     -0.774     8.126    SEG7_upgrade_i/microblaze_0_local_memory/lmb_bram/U0/inst_blk_mem_gen/gnbram.gnative_mem_map_bmg.native_mem_map_blk_mem_gen/valid.cstr/ramloop[26].ram.r/prim_noinit.ram/DEVICE_7SERIES.WITH_BMM_INFO.TRUE_DP.SIMPLE_PRIM36.TDP_SP36_NO_ECC_ATTR.ram
  -------------------------------------------------------------------
                         required time                          8.126    
                         arrival time                          -6.381    
  -------------------------------------------------------------------
                         slack                                  1.745    

Slack (MET) :             1.942ns  (required time - arrival time)
  Source:                 SEG7_upgrade_i/microblaze_0/U0/MicroBlaze_Core_I/Performance.Core/Use_Debug_Logic.Master_Core.Debug_Perf/Performance_Debug_Control.ex_dbg_pc_hit_i_reg/C
                            (rising edge-triggered cell FDRE clocked by clk_out1_SEG7_upgrade_clk_wiz_0_0  {rise@0.000ns fall@5.000ns period=10.000ns})
  Destination:            SEG7_upgrade_i/microblaze_0_local_memory/lmb_bram/U0/inst_blk_mem_gen/gnbram.gnative_mem_map_bmg.native_mem_map_blk_mem_gen/valid.cstr/ramloop[14].ram.r/prim_noinit.ram/DEVICE_7SERIES.WITH_BMM_INFO.TRUE_DP.SIMPLE_PRIM36.TDP_SP36_NO_ECC_ATTR.ram/ENARDEN
                            (rising edge-triggered cell RAMB36E1 clocked by clk_out1_SEG7_upgrade_clk_wiz_0_0  {rise@0.000ns fall@5.000ns period=10.000ns})
  Path Group:             clk_out1_SEG7_upgrade_clk_wiz_0_0
  Path Type:              Setup (Max at Slow Process Corner)
  Requirement:            10.000ns  (clk_out1_SEG7_upgrade_clk_wiz_0_0 rise@10.000ns - clk_out1_SEG7_upgrade_clk_wiz_0_0 rise@0.000ns)
  Data Path Delay:        7.490ns  (logic 1.899ns (25.352%)  route 5.591ns (74.648%))
  Logic Levels:           5  (AND2B1L=1 LUT2=1 LUT3=1 LUT5=2)
  Clock Path Skew:        -0.051ns (DCD - SCD + CPR)
    Destination Clock Delay (DCD):    -1.503ns = ( 8.497 - 10.000 ) 
    Source Clock Delay      (SCD):    -0.961ns
    Clock Pessimism Removal (CPR):    0.492ns
  Clock Uncertainty:      0.074ns  ((TSJ^2 + DJ^2)^1/2) / 2 + PE
    Total System Jitter     (TSJ):    0.071ns
    Discrete Jitter          (DJ):    0.131ns
    Phase Error              (PE):    0.000ns

    Location             Delay type                Incr(ns)  Path(ns)    Netlist Resource(s)
  -------------------------------------------------------------------    -------------------
                         (clock clk_out1_SEG7_upgrade_clk_wiz_0_0 rise edge)
                                                      0.000     0.000 r  
    W5                                                0.000     0.000 r  sys_clock (IN)
                         net (fo=0)                   0.000     0.000    SEG7_upgrade_i/clk_wiz_0/inst/clk_in1
    W5                   IBUF (Prop_ibuf_I_O)         1.458     1.458 r  SEG7_upgrade_i/clk_wiz_0/inst/clkin1_ibufg/O
                         net (fo=1, routed)           1.233     2.691    SEG7_upgrade_i/clk_wiz_0/inst/clk_in1_SEG7_upgrade_clk_wiz_0_0
    MMCME2_ADV_X1Y0      MMCME2_ADV (Prop_mmcme2_adv_CLKIN1_CLKOUT0)
                                                     -6.961    -4.269 r  SEG7_upgrade_i/clk_wiz_0/inst/mmcm_adv_inst/CLKOUT0
                         net (fo=1, routed)           1.661    -2.608    SEG7_upgrade_i/clk_wiz_0/inst/clk_out1_SEG7_upgrade_clk_wiz_0_0
    BUFGCTRL_X0Y0        BUFG (Prop_bufg_I_O)         0.096    -2.512 r  SEG7_upgrade_i/clk_wiz_0/inst/clkout1_buf/O
                         net (fo=2577, routed)        1.551    -0.961    SEG7_upgrade_i/microblaze_0/U0/MicroBlaze_Core_I/Performance.Core/Use_Debug_Logic.Master_Core.Debug_Perf/Clk
    SLICE_X56Y25         FDRE                                         r  SEG7_upgrade_i/microblaze_0/U0/MicroBlaze_Core_I/Performance.Core/Use_Debug_Logic.Master_Core.Debug_Perf/Performance_Debug_Control.ex_dbg_pc_hit_i_reg/C
  -------------------------------------------------------------------    -------------------
    SLICE_X56Y25         FDRE (Prop_fdre_C_Q)         0.518    -0.443 f  SEG7_upgrade_i/microblaze_0/U0/MicroBlaze_Core_I/Performance.Core/Use_Debug_Logic.Master_Core.Debug_Perf/Performance_Debug_Control.ex_dbg_pc_hit_i_reg/Q
                         net (fo=14, routed)          1.178     0.735    SEG7_upgrade_i/microblaze_0/U0/MicroBlaze_Core_I/Performance.Core/Decode_I/ex_Interrupt_Brk_combo_reg_0[1]
    SLICE_X50Y26         LUT5 (Prop_lut5_I2_O)        0.124     0.859 r  SEG7_upgrade_i/microblaze_0/U0/MicroBlaze_Core_I/Performance.Core/Decode_I/Write_Strobe_INST_0_i_1/O
                         net (fo=3, routed)           0.416     1.275    SEG7_upgrade_i/microblaze_0/U0/MicroBlaze_Core_I/Performance.Core/Decode_I/Using_FPGA_2.ex_load_store_instr_Inst/p_240_in
    SLICE_X53Y25         LUT5 (Prop_lut5_I0_O)        0.124     1.399 r  SEG7_upgrade_i/microblaze_0/U0/MicroBlaze_Core_I/Performance.Core/Decode_I/Using_FPGA_2.ex_load_store_instr_Inst/Using_FPGA.Native_i_2__22/O
                         net (fo=4, routed)           0.550     1.949    SEG7_upgrade_i/microblaze_0/U0/MicroBlaze_Core_I/Performance.Core/Decode_I/Using_FPGA_2.ex_is_swx_instr_Inst/p_241_in
    SLICE_X52Y25         LUT3 (Prop_lut3_I2_O)        0.124     2.073 f  SEG7_upgrade_i/microblaze_0/U0/MicroBlaze_Core_I/Performance.Core/Decode_I/Using_FPGA_2.ex_is_swx_instr_Inst/Using_FPGA.Native_i_1__2/O
                         net (fo=1, routed)           0.528     2.601    SEG7_upgrade_i/microblaze_0/U0/MicroBlaze_Core_I/Performance.Core/Use_DLMB.Using_Latch_AS_Logic.AND2B1L_I1/SRI
    SLICE_X53Y26         AND2B1L (Prop_and2b1l_SRI_O)
                                                      0.885     3.486 r  SEG7_upgrade_i/microblaze_0/U0/MicroBlaze_Core_I/Performance.Core/Use_DLMB.Using_Latch_AS_Logic.AND2B1L_I1/Using_FPGA.Native/O
                         net (fo=5, routed)           0.582     4.068    SEG7_upgrade_i/microblaze_0_local_memory/lmb_bram/U0/inst_blk_mem_gen/gnbram.gnative_mem_map_bmg.native_mem_map_blk_mem_gen/valid.cstr/ramloop[31].ram.r/prim_noinit.ram/ena
    SLICE_X52Y18         LUT2 (Prop_lut2_I1_O)        0.124     4.192 r  SEG7_upgrade_i/microblaze_0_local_memory/lmb_bram/U0/inst_blk_mem_gen/gnbram.gnative_mem_map_bmg.native_mem_map_blk_mem_gen/valid.cstr/ramloop[31].ram.r/prim_noinit.ram/DEVICE_7SERIES.WITH_BMM_INFO.TRUE_DP.SIMPLE_PRIM36.TDP_SP36_NO_ECC_ATTR.ram_i_1__0/O
                         net (fo=10, routed)          2.338     6.530    SEG7_upgrade_i/microblaze_0_local_memory/lmb_bram/U0/inst_blk_mem_gen/gnbram.gnative_mem_map_bmg.native_mem_map_blk_mem_gen/valid.cstr/ramloop[14].ram.r/prim_noinit.ram/DEVICE_7SERIES.WITH_BMM_INFO.TRUE_DP.SIMPLE_PRIM36.TDP_SP36_NO_ECC_ATTR.ram_0
    RAMB36_X0Y8          RAMB36E1                                     r  SEG7_upgrade_i/microblaze_0_local_memory/lmb_bram/U0/inst_blk_mem_gen/gnbram.gnative_mem_map_bmg.native_mem_map_blk_mem_gen/valid.cstr/ramloop[14].ram.r/prim_noinit.ram/DEVICE_7SERIES.WITH_BMM_INFO.TRUE_DP.SIMPLE_PRIM36.TDP_SP36_NO_ECC_ATTR.ram/ENARDEN
  -------------------------------------------------------------------    -------------------

                         (clock clk_out1_SEG7_upgrade_clk_wiz_0_0 rise edge)
                                                     10.000    10.000 r  
    W5                                                0.000    10.000 r  sys_clock (IN)
                         net (fo=0)                   0.000    10.000    SEG7_upgrade_i/clk_wiz_0/inst/clk_in1
    W5                   IBUF (Prop_ibuf_I_O)         1.388    11.388 r  SEG7_upgrade_i/clk_wiz_0/inst/clkin1_ibufg/O
                         net (fo=1, routed)           1.162    12.550    SEG7_upgrade_i/clk_wiz_0/inst/clk_in1_SEG7_upgrade_clk_wiz_0_0
    MMCME2_ADV_X1Y0      MMCME2_ADV (Prop_mmcme2_adv_CLKIN1_CLKOUT0)
                                                     -7.217     5.332 r  SEG7_upgrade_i/clk_wiz_0/inst/mmcm_adv_inst/CLKOUT0
                         net (fo=1, routed)           1.581     6.914    SEG7_upgrade_i/clk_wiz_0/inst/clk_out1_SEG7_upgrade_clk_wiz_0_0
    BUFGCTRL_X0Y0        BUFG (Prop_bufg_I_O)         0.091     7.005 r  SEG7_upgrade_i/clk_wiz_0/inst/clkout1_buf/O
                         net (fo=2577, routed)        1.493     8.497    SEG7_upgrade_i/microblaze_0_local_memory/lmb_bram/U0/inst_blk_mem_gen/gnbram.gnative_mem_map_bmg.native_mem_map_blk_mem_gen/valid.cstr/ramloop[14].ram.r/prim_noinit.ram/clka
    RAMB36_X0Y8          RAMB36E1                                     r  SEG7_upgrade_i/microblaze_0_local_memory/lmb_bram/U0/inst_blk_mem_gen/gnbram.gnative_mem_map_bmg.native_mem_map_blk_mem_gen/valid.cstr/ramloop[14].ram.r/prim_noinit.ram/DEVICE_7SERIES.WITH_BMM_INFO.TRUE_DP.SIMPLE_PRIM36.TDP_SP36_NO_ECC_ATTR.ram/CLKARDCLK
                         clock pessimism              0.492     8.989    
                         clock uncertainty           -0.074     8.915    
    RAMB36_X0Y8          RAMB36E1 (Setup_ramb36e1_CLKARDCLK_ENARDEN)
                                                     -0.443     8.472    SEG7_upgrade_i/microblaze_0_local_memory/lmb_bram/U0/inst_blk_mem_gen/gnbram.gnative_mem_map_bmg.native_mem_map_blk_mem_gen/valid.cstr/ramloop[14].ram.r/prim_noinit.ram/DEVICE_7SERIES.WITH_BMM_INFO.TRUE_DP.SIMPLE_PRIM36.TDP_SP36_NO_ECC_ATTR.ram
  -------------------------------------------------------------------
                         required time                          8.472    
                         arrival time                          -6.530    
  -------------------------------------------------------------------
                         slack                                  1.942    

Slack (MET) :             1.989ns  (required time - arrival time)
  Source:                 SEG7_upgrade_i/microblaze_0/U0/MicroBlaze_Core_I/Performance.Core/Use_Debug_Logic.Master_Core.Debug_Perf/Performance_Debug_Control.dbg_stop_if_delay_i_reg/C
                            (rising edge-triggered cell FDRE clocked by clk_out1_SEG7_upgrade_clk_wiz_0_0  {rise@0.000ns fall@5.000ns period=10.000ns})
  Destination:            SEG7_upgrade_i/microblaze_0_local_memory/lmb_bram/U0/inst_blk_mem_gen/gnbram.gnative_mem_map_bmg.native_mem_map_blk_mem_gen/valid.cstr/ramloop[23].ram.r/prim_noinit.ram/DEVICE_7SERIES.WITH_BMM_INFO.TRUE_DP.SIMPLE_PRIM36.TDP_SP36_NO_ECC_ATTR.ram/ADDRBWRADDR[1]
                            (rising edge-triggered cell RAMB36E1 clocked by clk_out1_SEG7_upgrade_clk_wiz_0_0  {rise@0.000ns fall@5.000ns period=10.000ns})
  Path Group:             clk_out1_SEG7_upgrade_clk_wiz_0_0
  Path Type:              Setup (Max at Slow Process Corner)
  Requirement:            10.000ns  (clk_out1_SEG7_upgrade_clk_wiz_0_0 rise@10.000ns - clk_out1_SEG7_upgrade_clk_wiz_0_0 rise@0.000ns)
  Data Path Delay:        7.095ns  (logic 1.822ns (25.680%)  route 5.273ns (74.320%))
  Logic Levels:           4  (CARRY4=2 LUT3=1 LUT4=1)
  Clock Path Skew:        -0.067ns (DCD - SCD + CPR)
    Destination Clock Delay (DCD):    -1.511ns = ( 8.489 - 10.000 ) 
    Source Clock Delay      (SCD):    -0.961ns
    Clock Pessimism Removal (CPR):    0.484ns
  Clock Uncertainty:      0.074ns  ((TSJ^2 + DJ^2)^1/2) / 2 + PE
    Total System Jitter     (TSJ):    0.071ns
    Discrete Jitter          (DJ):    0.131ns
    Phase Error              (PE):    0.000ns

    Location             Delay type                Incr(ns)  Path(ns)    Netlist Resource(s)
  -------------------------------------------------------------------    -------------------
                         (clock clk_out1_SEG7_upgrade_clk_wiz_0_0 rise edge)
                                                      0.000     0.000 r  
    W5                                                0.000     0.000 r  sys_clock (IN)
                         net (fo=0)                   0.000     0.000    SEG7_upgrade_i/clk_wiz_0/inst/clk_in1
    W5                   IBUF (Prop_ibuf_I_O)         1.458     1.458 r  SEG7_upgrade_i/clk_wiz_0/inst/clkin1_ibufg/O
                         net (fo=1, routed)           1.233     2.691    SEG7_upgrade_i/clk_wiz_0/inst/clk_in1_SEG7_upgrade_clk_wiz_0_0
    MMCME2_ADV_X1Y0      MMCME2_ADV (Prop_mmcme2_adv_CLKIN1_CLKOUT0)
                                                     -6.961    -4.269 r  SEG7_upgrade_i/clk_wiz_0/inst/mmcm_adv_inst/CLKOUT0
                         net (fo=1, routed)           1.661    -2.608    SEG7_upgrade_i/clk_wiz_0/inst/clk_out1_SEG7_upgrade_clk_wiz_0_0
    BUFGCTRL_X0Y0        BUFG (Prop_bufg_I_O)         0.096    -2.512 r  SEG7_upgrade_i/clk_wiz_0/inst/clkout1_buf/O
                         net (fo=2577, routed)        1.551    -0.961    SEG7_upgrade_i/microblaze_0/U0/MicroBlaze_Core_I/Performance.Core/Use_Debug_Logic.Master_Core.Debug_Perf/Clk
    SLICE_X56Y24         FDRE                                         r  SEG7_upgrade_i/microblaze_0/U0/MicroBlaze_Core_I/Performance.Core/Use_Debug_Logic.Master_Core.Debug_Perf/Performance_Debug_Control.dbg_stop_if_delay_i_reg/C
  -------------------------------------------------------------------    -------------------
    SLICE_X56Y24         FDRE (Prop_fdre_C_Q)         0.518    -0.443 r  SEG7_upgrade_i/microblaze_0/U0/MicroBlaze_Core_I/Performance.Core/Use_Debug_Logic.Master_Core.Debug_Perf/Performance_Debug_Control.dbg_stop_if_delay_i_reg/Q
                         net (fo=14, routed)          1.480     1.037    SEG7_upgrade_i/microblaze_0/U0/MicroBlaze_Core_I/Performance.Core/Use_Debug_Logic.Master_Core.Debug_Perf/LOCKSTEP_Master_Out[32]
    SLICE_X46Y27         LUT4 (Prop_lut4_I0_O)        0.124     1.161 r  SEG7_upgrade_i/microblaze_0/U0/MicroBlaze_Core_I/Performance.Core/Use_Debug_Logic.Master_Core.Debug_Perf/Using_FPGA.Native_i_1__3/O
                         net (fo=1, routed)           0.000     1.161    SEG7_upgrade_i/microblaze_0/U0/MicroBlaze_Core_I/Performance.Core/Decode_I/jump_logic_I1/MUXCY_JUMP_CARRY2/lopt_3
    SLICE_X46Y27         CARRY4 (Prop_carry4_S[1]_CO[3])
                                                      0.533     1.694 r  SEG7_upgrade_i/microblaze_0/U0/MicroBlaze_Core_I/Performance.Core/Decode_I/jump_logic_I1/MUXCY_JUMP_CARRY2/Using_FPGA.Native_CARRY4/CO[3]
                         net (fo=1, routed)           0.000     1.694    SEG7_upgrade_i/microblaze_0/U0/MicroBlaze_Core_I/Performance.Core/Decode_I/jump_logic_I1/MUXCY_JUMP_CARRY6/jump_carry5
    SLICE_X46Y28         CARRY4 (Prop_carry4_CI_CO[0])
                                                      0.254     1.948 r  SEG7_upgrade_i/microblaze_0/U0/MicroBlaze_Core_I/Performance.Core/Decode_I/jump_logic_I1/MUXCY_JUMP_CARRY6/Using_FPGA.Native_CARRY4/CO[0]
                         net (fo=47, routed)          1.275     3.223    SEG7_upgrade_i/microblaze_0/U0/MicroBlaze_Core_I/Performance.Core/Decode_I/jump_logic_I1/MUXCY_JUMP_CARRY6/ex_mbar_stall_no_sleep_1_reg
    SLICE_X39Y19         LUT3 (Prop_lut3_I1_O)        0.393     3.616 r  SEG7_upgrade_i/microblaze_0/U0/MicroBlaze_Core_I/Performance.Core/Decode_I/jump_logic_I1/MUXCY_JUMP_CARRY6/Instr_Addr[28]_INST_0/O
                         net (fo=33, routed)          2.518     6.135    SEG7_upgrade_i/microblaze_0_local_memory/lmb_bram/U0/inst_blk_mem_gen/gnbram.gnative_mem_map_bmg.native_mem_map_blk_mem_gen/valid.cstr/ramloop[23].ram.r/prim_noinit.ram/addrb[1]
    RAMB36_X1Y10         RAMB36E1                                     r  SEG7_upgrade_i/microblaze_0_local_memory/lmb_bram/U0/inst_blk_mem_gen/gnbram.gnative_mem_map_bmg.native_mem_map_blk_mem_gen/valid.cstr/ramloop[23].ram.r/prim_noinit.ram/DEVICE_7SERIES.WITH_BMM_INFO.TRUE_DP.SIMPLE_PRIM36.TDP_SP36_NO_ECC_ATTR.ram/ADDRBWRADDR[1]
  -------------------------------------------------------------------    -------------------

                         (clock clk_out1_SEG7_upgrade_clk_wiz_0_0 rise edge)
                                                     10.000    10.000 r  
    W5                                                0.000    10.000 r  sys_clock (IN)
                         net (fo=0)                   0.000    10.000    SEG7_upgrade_i/clk_wiz_0/inst/clk_in1
    W5                   IBUF (Prop_ibuf_I_O)         1.388    11.388 r  SEG7_upgrade_i/clk_wiz_0/inst/clkin1_ibufg/O
                         net (fo=1, routed)           1.162    12.550    SEG7_upgrade_i/clk_wiz_0/inst/clk_in1_SEG7_upgrade_clk_wiz_0_0
    MMCME2_ADV_X1Y0      MMCME2_ADV (Prop_mmcme2_adv_CLKIN1_CLKOUT0)
                                                     -7.217     5.332 r  SEG7_upgrade_i/clk_wiz_0/inst/mmcm_adv_inst/CLKOUT0
                         net (fo=1, routed)           1.581     6.914    SEG7_upgrade_i/clk_wiz_0/inst/clk_out1_SEG7_upgrade_clk_wiz_0_0
    BUFGCTRL_X0Y0        BUFG (Prop_bufg_I_O)         0.091     7.005 r  SEG7_upgrade_i/clk_wiz_0/inst/clkout1_buf/O
                         net (fo=2577, routed)        1.484     8.489    SEG7_upgrade_i/microblaze_0_local_memory/lmb_bram/U0/inst_blk_mem_gen/gnbram.gnative_mem_map_bmg.native_mem_map_blk_mem_gen/valid.cstr/ramloop[23].ram.r/prim_noinit.ram/clkb
    RAMB36_X1Y10         RAMB36E1                                     r  SEG7_upgrade_i/microblaze_0_local_memory/lmb_bram/U0/inst_blk_mem_gen/gnbram.gnative_mem_map_bmg.native_mem_map_blk_mem_gen/valid.cstr/ramloop[23].ram.r/prim_noinit.ram/DEVICE_7SERIES.WITH_BMM_INFO.TRUE_DP.SIMPLE_PRIM36.TDP_SP36_NO_ECC_ATTR.ram/CLKBWRCLK
                         clock pessimism              0.484     8.972    
                         clock uncertainty           -0.074     8.898    
    RAMB36_X1Y10         RAMB36E1 (Setup_ramb36e1_CLKBWRCLK_ADDRBWRADDR[1])
                                                     -0.774     8.124    SEG7_upgrade_i/microblaze_0_local_memory/lmb_bram/U0/inst_blk_mem_gen/gnbram.gnative_mem_map_bmg.native_mem_map_blk_mem_gen/valid.cstr/ramloop[23].ram.r/prim_noinit.ram/DEVICE_7SERIES.WITH_BMM_INFO.TRUE_DP.SIMPLE_PRIM36.TDP_SP36_NO_ECC_ATTR.ram
  -------------------------------------------------------------------
                         required time                          8.124    
                         arrival time                          -6.135    
  -------------------------------------------------------------------
                         slack                                  1.989    

Slack (MET) :             2.008ns  (required time - arrival time)
  Source:                 SEG7_upgrade_i/microblaze_0/U0/MicroBlaze_Core_I/Performance.Core/Use_Debug_Logic.Master_Core.Debug_Perf/Performance_Debug_Control.dbg_stop_if_delay_i_reg/C
                            (rising edge-triggered cell FDRE clocked by clk_out1_SEG7_upgrade_clk_wiz_0_0  {rise@0.000ns fall@5.000ns period=10.000ns})
  Destination:            SEG7_upgrade_i/microblaze_0_local_memory/lmb_bram/U0/inst_blk_mem_gen/gnbram.gnative_mem_map_bmg.native_mem_map_blk_mem_gen/valid.cstr/ramloop[29].ram.r/prim_noinit.ram/DEVICE_7SERIES.WITH_BMM_INFO.TRUE_DP.SIMPLE_PRIM36.TDP_SP36_NO_ECC_ATTR.ram/ADDRBWRADDR[4]
                            (rising edge-triggered cell RAMB36E1 clocked by clk_out1_SEG7_upgrade_clk_wiz_0_0  {rise@0.000ns fall@5.000ns period=10.000ns})
  Path Group:             clk_out1_SEG7_upgrade_clk_wiz_0_0
  Path Type:              Setup (Max at Slow Process Corner)
  Requirement:            10.000ns  (clk_out1_SEG7_upgrade_clk_wiz_0_0 rise@10.000ns - clk_out1_SEG7_upgrade_clk_wiz_0_0 rise@0.000ns)
  Data Path Delay:        7.285ns  (logic 1.796ns (24.653%)  route 5.489ns (75.347%))
  Logic Levels:           4  (CARRY4=2 LUT3=1 LUT4=1)
  Clock Path Skew:        -0.066ns (DCD - SCD + CPR)
    Destination Clock Delay (DCD):    -1.510ns = ( 8.490 - 10.000 ) 
    Source Clock Delay      (SCD):    -0.961ns
    Clock Pessimism Removal (CPR):    0.484ns
  Clock Uncertainty:      0.074ns  ((TSJ^2 + DJ^2)^1/2) / 2 + PE
    Total System Jitter     (TSJ):    0.071ns
    Discrete Jitter          (DJ):    0.131ns
    Phase Error              (PE):    0.000ns

    Location             Delay type                Incr(ns)  Path(ns)    Netlist Resource(s)
  -------------------------------------------------------------------    -------------------
                         (clock clk_out1_SEG7_upgrade_clk_wiz_0_0 rise edge)
                                                      0.000     0.000 r  
    W5                                                0.000     0.000 r  sys_clock (IN)
                         net (fo=0)                   0.000     0.000    SEG7_upgrade_i/clk_wiz_0/inst/clk_in1
    W5                   IBUF (Prop_ibuf_I_O)         1.458     1.458 r  SEG7_upgrade_i/clk_wiz_0/inst/clkin1_ibufg/O
                         net (fo=1, routed)           1.233     2.691    SEG7_upgrade_i/clk_wiz_0/inst/clk_in1_SEG7_upgrade_clk_wiz_0_0
    MMCME2_ADV_X1Y0      MMCME2_ADV (Prop_mmcme2_adv_CLKIN1_CLKOUT0)
                                                     -6.961    -4.269 r  SEG7_upgrade_i/clk_wiz_0/inst/mmcm_adv_inst/CLKOUT0
                         net (fo=1, routed)           1.661    -2.608    SEG7_upgrade_i/clk_wiz_0/inst/clk_out1_SEG7_upgrade_clk_wiz_0_0
    BUFGCTRL_X0Y0        BUFG (Prop_bufg_I_O)         0.096    -2.512 r  SEG7_upgrade_i/clk_wiz_0/inst/clkout1_buf/O
                         net (fo=2577, routed)        1.551    -0.961    SEG7_upgrade_i/microblaze_0/U0/MicroBlaze_Core_I/Performance.Core/Use_Debug_Logic.Master_Core.Debug_Perf/Clk
    SLICE_X56Y24         FDRE                                         r  SEG7_upgrade_i/microblaze_0/U0/MicroBlaze_Core_I/Performance.Core/Use_Debug_Logic.Master_Core.Debug_Perf/Performance_Debug_Control.dbg_stop_if_delay_i_reg/C
  -------------------------------------------------------------------    -------------------
    SLICE_X56Y24         FDRE (Prop_fdre_C_Q)         0.518    -0.443 r  SEG7_upgrade_i/microblaze_0/U0/MicroBlaze_Core_I/Performance.Core/Use_Debug_Logic.Master_Core.Debug_Perf/Performance_Debug_Control.dbg_stop_if_delay_i_reg/Q
                         net (fo=14, routed)          1.480     1.037    SEG7_upgrade_i/microblaze_0/U0/MicroBlaze_Core_I/Performance.Core/Use_Debug_Logic.Master_Core.Debug_Perf/LOCKSTEP_Master_Out[32]
    SLICE_X46Y27         LUT4 (Prop_lut4_I0_O)        0.124     1.161 r  SEG7_upgrade_i/microblaze_0/U0/MicroBlaze_Core_I/Performance.Core/Use_Debug_Logic.Master_Core.Debug_Perf/Using_FPGA.Native_i_1__3/O
                         net (fo=1, routed)           0.000     1.161    SEG7_upgrade_i/microblaze_0/U0/MicroBlaze_Core_I/Performance.Core/Decode_I/jump_logic_I1/MUXCY_JUMP_CARRY2/lopt_3
    SLICE_X46Y27         CARRY4 (Prop_carry4_S[1]_CO[3])
                                                      0.533     1.694 r  SEG7_upgrade_i/microblaze_0/U0/MicroBlaze_Core_I/Performance.Core/Decode_I/jump_logic_I1/MUXCY_JUMP_CARRY2/Using_FPGA.Native_CARRY4/CO[3]
                         net (fo=1, routed)           0.000     1.694    SEG7_upgrade_i/microblaze_0/U0/MicroBlaze_Core_I/Performance.Core/Decode_I/jump_logic_I1/MUXCY_JUMP_CARRY6/jump_carry5
    SLICE_X46Y28         CARRY4 (Prop_carry4_CI_CO[0])
                                                      0.254     1.948 r  SEG7_upgrade_i/microblaze_0/U0/MicroBlaze_Core_I/Performance.Core/Decode_I/jump_logic_I1/MUXCY_JUMP_CARRY6/Using_FPGA.Native_CARRY4/CO[0]
                         net (fo=47, routed)          1.346     3.294    SEG7_upgrade_i/microblaze_0/U0/MicroBlaze_Core_I/Performance.Core/Decode_I/jump_logic_I1/MUXCY_JUMP_CARRY6/ex_mbar_stall_no_sleep_1_reg
    SLICE_X39Y19         LUT3 (Prop_lut3_I1_O)        0.367     3.661 r  SEG7_upgrade_i/microblaze_0/U0/MicroBlaze_Core_I/Performance.Core/Decode_I/jump_logic_I1/MUXCY_JUMP_CARRY6/Instr_Addr[25]_INST_0/O
                         net (fo=33, routed)          2.663     6.325    SEG7_upgrade_i/microblaze_0_local_memory/lmb_bram/U0/inst_blk_mem_gen/gnbram.gnative_mem_map_bmg.native_mem_map_blk_mem_gen/valid.cstr/ramloop[29].ram.r/prim_noinit.ram/addrb[4]
    RAMB36_X2Y11         RAMB36E1                                     r  SEG7_upgrade_i/microblaze_0_local_memory/lmb_bram/U0/inst_blk_mem_gen/gnbram.gnative_mem_map_bmg.native_mem_map_blk_mem_gen/valid.cstr/ramloop[29].ram.r/prim_noinit.ram/DEVICE_7SERIES.WITH_BMM_INFO.TRUE_DP.SIMPLE_PRIM36.TDP_SP36_NO_ECC_ATTR.ram/ADDRBWRADDR[4]
  -------------------------------------------------------------------    -------------------

                         (clock clk_out1_SEG7_upgrade_clk_wiz_0_0 rise edge)
                                                     10.000    10.000 r  
    W5                                                0.000    10.000 r  sys_clock (IN)
                         net (fo=0)                   0.000    10.000    SEG7_upgrade_i/clk_wiz_0/inst/clk_in1
    W5                   IBUF (Prop_ibuf_I_O)         1.388    11.388 r  SEG7_upgrade_i/clk_wiz_0/inst/clkin1_ibufg/O
                         net (fo=1, routed)           1.162    12.550    SEG7_upgrade_i/clk_wiz_0/inst/clk_in1_SEG7_upgrade_clk_wiz_0_0
    MMCME2_ADV_X1Y0      MMCME2_ADV (Prop_mmcme2_adv_CLKIN1_CLKOUT0)
                                                     -7.217     5.332 r  SEG7_upgrade_i/clk_wiz_0/inst/mmcm_adv_inst/CLKOUT0
                         net (fo=1, routed)           1.581     6.914    SEG7_upgrade_i/clk_wiz_0/inst/clk_out1_SEG7_upgrade_clk_wiz_0_0
    BUFGCTRL_X0Y0        BUFG (Prop_bufg_I_O)         0.091     7.005 r  SEG7_upgrade_i/clk_wiz_0/inst/clkout1_buf/O
                         net (fo=2577, routed)        1.485     8.490    SEG7_upgrade_i/microblaze_0_local_memory/lmb_bram/U0/inst_blk_mem_gen/gnbram.gnative_mem_map_bmg.native_mem_map_blk_mem_gen/valid.cstr/ramloop[29].ram.r/prim_noinit.ram/clkb
    RAMB36_X2Y11         RAMB36E1                                     r  SEG7_upgrade_i/microblaze_0_local_memory/lmb_bram/U0/inst_blk_mem_gen/gnbram.gnative_mem_map_bmg.native_mem_map_blk_mem_gen/valid.cstr/ramloop[29].ram.r/prim_noinit.ram/DEVICE_7SERIES.WITH_BMM_INFO.TRUE_DP.SIMPLE_PRIM36.TDP_SP36_NO_ECC_ATTR.ram/CLKBWRCLK
                         clock pessimism              0.484     8.973    
                         clock uncertainty           -0.074     8.899    
    RAMB36_X2Y11         RAMB36E1 (Setup_ramb36e1_CLKBWRCLK_ADDRBWRADDR[4])
                                                     -0.566     8.333    SEG7_upgrade_i/microblaze_0_local_memory/lmb_bram/U0/inst_blk_mem_gen/gnbram.gnative_mem_map_bmg.native_mem_map_blk_mem_gen/valid.cstr/ramloop[29].ram.r/prim_noinit.ram/DEVICE_7SERIES.WITH_BMM_INFO.TRUE_DP.SIMPLE_PRIM36.TDP_SP36_NO_ECC_ATTR.ram
  -------------------------------------------------------------------
                         required time                          8.333    
                         arrival time                          -6.325    
  -------------------------------------------------------------------
                         slack                                  2.008    

Slack (MET) :             2.014ns  (required time - arrival time)
  Source:                 SEG7_upgrade_i/microblaze_0/U0/MicroBlaze_Core_I/Performance.Core/Use_Debug_Logic.Master_Core.Debug_Perf/Performance_Debug_Control.ex_dbg_pc_hit_i_reg/C
                            (rising edge-triggered cell FDRE clocked by clk_out1_SEG7_upgrade_clk_wiz_0_0  {rise@0.000ns fall@5.000ns period=10.000ns})
  Destination:            SEG7_upgrade_i/microblaze_0_local_memory/lmb_bram/U0/inst_blk_mem_gen/gnbram.gnative_mem_map_bmg.native_mem_map_blk_mem_gen/valid.cstr/ramloop[9].ram.r/prim_noinit.ram/DEVICE_7SERIES.WITH_BMM_INFO.TRUE_DP.SIMPLE_PRIM36.TDP_SP36_NO_ECC_ATTR.ram/ENARDEN
                            (rising edge-triggered cell RAMB36E1 clocked by clk_out1_SEG7_upgrade_clk_wiz_0_0  {rise@0.000ns fall@5.000ns period=10.000ns})
  Path Group:             clk_out1_SEG7_upgrade_clk_wiz_0_0
  Path Type:              Setup (Max at Slow Process Corner)
  Requirement:            10.000ns  (clk_out1_SEG7_upgrade_clk_wiz_0_0 rise@10.000ns - clk_out1_SEG7_upgrade_clk_wiz_0_0 rise@0.000ns)
  Data Path Delay:        7.415ns  (logic 1.899ns (25.609%)  route 5.516ns (74.391%))
  Logic Levels:           5  (AND2B1L=1 LUT2=1 LUT3=1 LUT5=2)
  Clock Path Skew:        -0.054ns (DCD - SCD + CPR)
    Destination Clock Delay (DCD):    -1.506ns = ( 8.494 - 10.000 ) 
    Source Clock Delay      (SCD):    -0.961ns
    Clock Pessimism Removal (CPR):    0.492ns
  Clock Uncertainty:      0.074ns  ((TSJ^2 + DJ^2)^1/2) / 2 + PE
    Total System Jitter     (TSJ):    0.071ns
    Discrete Jitter          (DJ):    0.131ns
    Phase Error              (PE):    0.000ns

    Location             Delay type                Incr(ns)  Path(ns)    Netlist Resource(s)
  -------------------------------------------------------------------    -------------------
                         (clock clk_out1_SEG7_upgrade_clk_wiz_0_0 rise edge)
                                                      0.000     0.000 r  
    W5                                                0.000     0.000 r  sys_clock (IN)
                         net (fo=0)                   0.000     0.000    SEG7_upgrade_i/clk_wiz_0/inst/clk_in1
    W5                   IBUF (Prop_ibuf_I_O)         1.458     1.458 r  SEG7_upgrade_i/clk_wiz_0/inst/clkin1_ibufg/O
                         net (fo=1, routed)           1.233     2.691    SEG7_upgrade_i/clk_wiz_0/inst/clk_in1_SEG7_upgrade_clk_wiz_0_0
    MMCME2_ADV_X1Y0      MMCME2_ADV (Prop_mmcme2_adv_CLKIN1_CLKOUT0)
                                                     -6.961    -4.269 r  SEG7_upgrade_i/clk_wiz_0/inst/mmcm_adv_inst/CLKOUT0
                         net (fo=1, routed)           1.661    -2.608    SEG7_upgrade_i/clk_wiz_0/inst/clk_out1_SEG7_upgrade_clk_wiz_0_0
    BUFGCTRL_X0Y0        BUFG (Prop_bufg_I_O)         0.096    -2.512 r  SEG7_upgrade_i/clk_wiz_0/inst/clkout1_buf/O
                         net (fo=2577, routed)        1.551    -0.961    SEG7_upgrade_i/microblaze_0/U0/MicroBlaze_Core_I/Performance.Core/Use_Debug_Logic.Master_Core.Debug_Perf/Clk
    SLICE_X56Y25         FDRE                                         r  SEG7_upgrade_i/microblaze_0/U0/MicroBlaze_Core_I/Performance.Core/Use_Debug_Logic.Master_Core.Debug_Perf/Performance_Debug_Control.ex_dbg_pc_hit_i_reg/C
  -------------------------------------------------------------------    -------------------
    SLICE_X56Y25         FDRE (Prop_fdre_C_Q)         0.518    -0.443 f  SEG7_upgrade_i/microblaze_0/U0/MicroBlaze_Core_I/Performance.Core/Use_Debug_Logic.Master_Core.Debug_Perf/Performance_Debug_Control.ex_dbg_pc_hit_i_reg/Q
                         net (fo=14, routed)          1.178     0.735    SEG7_upgrade_i/microblaze_0/U0/MicroBlaze_Core_I/Performance.Core/Decode_I/ex_Interrupt_Brk_combo_reg_0[1]
    SLICE_X50Y26         LUT5 (Prop_lut5_I2_O)        0.124     0.859 r  SEG7_upgrade_i/microblaze_0/U0/MicroBlaze_Core_I/Performance.Core/Decode_I/Write_Strobe_INST_0_i_1/O
                         net (fo=3, routed)           0.416     1.275    SEG7_upgrade_i/microblaze_0/U0/MicroBlaze_Core_I/Performance.Core/Decode_I/Using_FPGA_2.ex_load_store_instr_Inst/p_240_in
    SLICE_X53Y25         LUT5 (Prop_lut5_I0_O)        0.124     1.399 r  SEG7_upgrade_i/microblaze_0/U0/MicroBlaze_Core_I/Performance.Core/Decode_I/Using_FPGA_2.ex_load_store_instr_Inst/Using_FPGA.Native_i_2__22/O
                         net (fo=4, routed)           0.550     1.949    SEG7_upgrade_i/microblaze_0/U0/MicroBlaze_Core_I/Performance.Core/Decode_I/Using_FPGA_2.ex_is_swx_instr_Inst/p_241_in
    SLICE_X52Y25         LUT3 (Prop_lut3_I2_O)        0.124     2.073 f  SEG7_upgrade_i/microblaze_0/U0/MicroBlaze_Core_I/Performance.Core/Decode_I/Using_FPGA_2.ex_is_swx_instr_Inst/Using_FPGA.Native_i_1__2/O
                         net (fo=1, routed)           0.528     2.601    SEG7_upgrade_i/microblaze_0/U0/MicroBlaze_Core_I/Performance.Core/Use_DLMB.Using_Latch_AS_Logic.AND2B1L_I1/SRI
    SLICE_X53Y26         AND2B1L (Prop_and2b1l_SRI_O)
                                                      0.885     3.486 r  SEG7_upgrade_i/microblaze_0/U0/MicroBlaze_Core_I/Performance.Core/Use_DLMB.Using_Latch_AS_Logic.AND2B1L_I1/Using_FPGA.Native/O
                         net (fo=5, routed)           0.585     4.071    SEG7_upgrade_i/microblaze_0_local_memory/lmb_bram/U0/inst_blk_mem_gen/gnbram.gnative_mem_map_bmg.native_mem_map_blk_mem_gen/valid.cstr/ramloop[31].ram.r/prim_noinit.ram/ena
    SLICE_X52Y18         LUT2 (Prop_lut2_I1_O)        0.124     4.195 r  SEG7_upgrade_i/microblaze_0_local_memory/lmb_bram/U0/inst_blk_mem_gen/gnbram.gnative_mem_map_bmg.native_mem_map_blk_mem_gen/valid.cstr/ramloop[31].ram.r/prim_noinit.ram/DEVICE_7SERIES.WITH_BMM_INFO.TRUE_DP.SIMPLE_PRIM36.TDP_SP36_NO_ECC_ATTR.ram_i_1/O
                         net (fo=10, routed)          2.260     6.455    SEG7_upgrade_i/microblaze_0_local_memory/lmb_bram/U0/inst_blk_mem_gen/gnbram.gnative_mem_map_bmg.native_mem_map_blk_mem_gen/valid.cstr/ramloop[9].ram.r/prim_noinit.ram/DEVICE_7SERIES.WITH_BMM_INFO.TRUE_DP.SIMPLE_PRIM36.TDP_SP36_NO_ECC_ATTR.ram_0
    RAMB36_X0Y7          RAMB36E1                                     r  SEG7_upgrade_i/microblaze_0_local_memory/lmb_bram/U0/inst_blk_mem_gen/gnbram.gnative_mem_map_bmg.native_mem_map_blk_mem_gen/valid.cstr/ramloop[9].ram.r/prim_noinit.ram/DEVICE_7SERIES.WITH_BMM_INFO.TRUE_DP.SIMPLE_PRIM36.TDP_SP36_NO_ECC_ATTR.ram/ENARDEN
  -------------------------------------------------------------------    -------------------

                         (clock clk_out1_SEG7_upgrade_clk_wiz_0_0 rise edge)
                                                     10.000    10.000 r  
    W5                                                0.000    10.000 r  sys_clock (IN)
                         net (fo=0)                   0.000    10.000    SEG7_upgrade_i/clk_wiz_0/inst/clk_in1
    W5                   IBUF (Prop_ibuf_I_O)         1.388    11.388 r  SEG7_upgrade_i/clk_wiz_0/inst/clkin1_ibufg/O
                         net (fo=1, routed)           1.162    12.550    SEG7_upgrade_i/clk_wiz_0/inst/clk_in1_SEG7_upgrade_clk_wiz_0_0
    MMCME2_ADV_X1Y0      MMCME2_ADV (Prop_mmcme2_adv_CLKIN1_CLKOUT0)
                                                     -7.217     5.332 r  SEG7_upgrade_i/clk_wiz_0/inst/mmcm_adv_inst/CLKOUT0
                         net (fo=1, routed)           1.581     6.914    SEG7_upgrade_i/clk_wiz_0/inst/clk_out1_SEG7_upgrade_clk_wiz_0_0
    BUFGCTRL_X0Y0        BUFG (Prop_bufg_I_O)         0.091     7.005 r  SEG7_upgrade_i/clk_wiz_0/inst/clkout1_buf/O
                         net (fo=2577, routed)        1.490     8.494    SEG7_upgrade_i/microblaze_0_local_memory/lmb_bram/U0/inst_blk_mem_gen/gnbram.gnative_mem_map_bmg.native_mem_map_blk_mem_gen/valid.cstr/ramloop[9].ram.r/prim_noinit.ram/clka
    RAMB36_X0Y7          RAMB36E1                                     r  SEG7_upgrade_i/microblaze_0_local_memory/lmb_bram/U0/inst_blk_mem_gen/gnbram.gnative_mem_map_bmg.native_mem_map_blk_mem_gen/valid.cstr/ramloop[9].ram.r/prim_noinit.ram/DEVICE_7SERIES.WITH_BMM_INFO.TRUE_DP.SIMPLE_PRIM36.TDP_SP36_NO_ECC_ATTR.ram/CLKARDCLK
                         clock pessimism              0.492     8.986    
                         clock uncertainty           -0.074     8.912    
    RAMB36_X0Y7          RAMB36E1 (Setup_ramb36e1_CLKARDCLK_ENARDEN)
                                                     -0.443     8.469    SEG7_upgrade_i/microblaze_0_local_memory/lmb_bram/U0/inst_blk_mem_gen/gnbram.gnative_mem_map_bmg.native_mem_map_blk_mem_gen/valid.cstr/ramloop[9].ram.r/prim_noinit.ram/DEVICE_7SERIES.WITH_BMM_INFO.TRUE_DP.SIMPLE_PRIM36.TDP_SP36_NO_ECC_ATTR.ram
  -------------------------------------------------------------------
                         required time                          8.469    
                         arrival time                          -6.455    
  -------------------------------------------------------------------
                         slack                                  2.014    

Slack (MET) :             2.014ns  (required time - arrival time)
  Source:                 SEG7_upgrade_i/microblaze_0/U0/MicroBlaze_Core_I/Performance.Core/Use_Debug_Logic.Master_Core.Debug_Perf/Performance_Debug_Control.dbg_stop_if_delay_i_reg/C
                            (rising edge-triggered cell FDRE clocked by clk_out1_SEG7_upgrade_clk_wiz_0_0  {rise@0.000ns fall@5.000ns period=10.000ns})
  Destination:            SEG7_upgrade_i/microblaze_0_local_memory/lmb_bram/U0/inst_blk_mem_gen/gnbram.gnative_mem_map_bmg.native_mem_map_blk_mem_gen/valid.cstr/ramloop[29].ram.r/prim_noinit.ram/DEVICE_7SERIES.WITH_BMM_INFO.TRUE_DP.SIMPLE_PRIM36.TDP_SP36_NO_ECC_ATTR.ram/ADDRBWRADDR[1]
                            (rising edge-triggered cell RAMB36E1 clocked by clk_out1_SEG7_upgrade_clk_wiz_0_0  {rise@0.000ns fall@5.000ns period=10.000ns})
  Path Group:             clk_out1_SEG7_upgrade_clk_wiz_0_0
  Path Type:              Setup (Max at Slow Process Corner)
  Requirement:            10.000ns  (clk_out1_SEG7_upgrade_clk_wiz_0_0 rise@10.000ns - clk_out1_SEG7_upgrade_clk_wiz_0_0 rise@0.000ns)
  Data Path Delay:        7.071ns  (logic 1.822ns (25.767%)  route 5.249ns (74.233%))
  Logic Levels:           4  (CARRY4=2 LUT3=1 LUT4=1)
  Clock Path Skew:        -0.066ns (DCD - SCD + CPR)
    Destination Clock Delay (DCD):    -1.510ns = ( 8.490 - 10.000 ) 
    Source Clock Delay      (SCD):    -0.961ns
    Clock Pessimism Removal (CPR):    0.484ns
  Clock Uncertainty:      0.074ns  ((TSJ^2 + DJ^2)^1/2) / 2 + PE
    Total System Jitter     (TSJ):    0.071ns
    Discrete Jitter          (DJ):    0.131ns
    Phase Error              (PE):    0.000ns

    Location             Delay type                Incr(ns)  Path(ns)    Netlist Resource(s)
  -------------------------------------------------------------------    -------------------
                         (clock clk_out1_SEG7_upgrade_clk_wiz_0_0 rise edge)
                                                      0.000     0.000 r  
    W5                                                0.000     0.000 r  sys_clock (IN)
                         net (fo=0)                   0.000     0.000    SEG7_upgrade_i/clk_wiz_0/inst/clk_in1
    W5                   IBUF (Prop_ibuf_I_O)         1.458     1.458 r  SEG7_upgrade_i/clk_wiz_0/inst/clkin1_ibufg/O
                         net (fo=1, routed)           1.233     2.691    SEG7_upgrade_i/clk_wiz_0/inst/clk_in1_SEG7_upgrade_clk_wiz_0_0
    MMCME2_ADV_X1Y0      MMCME2_ADV (Prop_mmcme2_adv_CLKIN1_CLKOUT0)
                                                     -6.961    -4.269 r  SEG7_upgrade_i/clk_wiz_0/inst/mmcm_adv_inst/CLKOUT0
                         net (fo=1, routed)           1.661    -2.608    SEG7_upgrade_i/clk_wiz_0/inst/clk_out1_SEG7_upgrade_clk_wiz_0_0
    BUFGCTRL_X0Y0        BUFG (Prop_bufg_I_O)         0.096    -2.512 r  SEG7_upgrade_i/clk_wiz_0/inst/clkout1_buf/O
                         net (fo=2577, routed)        1.551    -0.961    SEG7_upgrade_i/microblaze_0/U0/MicroBlaze_Core_I/Performance.Core/Use_Debug_Logic.Master_Core.Debug_Perf/Clk
    SLICE_X56Y24         FDRE                                         r  SEG7_upgrade_i/microblaze_0/U0/MicroBlaze_Core_I/Performance.Core/Use_Debug_Logic.Master_Core.Debug_Perf/Performance_Debug_Control.dbg_stop_if_delay_i_reg/C
  -------------------------------------------------------------------    -------------------
    SLICE_X56Y24         FDRE (Prop_fdre_C_Q)         0.518    -0.443 r  SEG7_upgrade_i/microblaze_0/U0/MicroBlaze_Core_I/Performance.Core/Use_Debug_Logic.Master_Core.Debug_Perf/Performance_Debug_Control.dbg_stop_if_delay_i_reg/Q
                         net (fo=14, routed)          1.480     1.037    SEG7_upgrade_i/microblaze_0/U0/MicroBlaze_Core_I/Performance.Core/Use_Debug_Logic.Master_Core.Debug_Perf/LOCKSTEP_Master_Out[32]
    SLICE_X46Y27         LUT4 (Prop_lut4_I0_O)        0.124     1.161 r  SEG7_upgrade_i/microblaze_0/U0/MicroBlaze_Core_I/Performance.Core/Use_Debug_Logic.Master_Core.Debug_Perf/Using_FPGA.Native_i_1__3/O
                         net (fo=1, routed)           0.000     1.161    SEG7_upgrade_i/microblaze_0/U0/MicroBlaze_Core_I/Performance.Core/Decode_I/jump_logic_I1/MUXCY_JUMP_CARRY2/lopt_3
    SLICE_X46Y27         CARRY4 (Prop_carry4_S[1]_CO[3])
                                                      0.533     1.694 r  SEG7_upgrade_i/microblaze_0/U0/MicroBlaze_Core_I/Performance.Core/Decode_I/jump_logic_I1/MUXCY_JUMP_CARRY2/Using_FPGA.Native_CARRY4/CO[3]
                         net (fo=1, routed)           0.000     1.694    SEG7_upgrade_i/microblaze_0/U0/MicroBlaze_Core_I/Performance.Core/Decode_I/jump_logic_I1/MUXCY_JUMP_CARRY6/jump_carry5
    SLICE_X46Y28         CARRY4 (Prop_carry4_CI_CO[0])
                                                      0.254     1.948 r  SEG7_upgrade_i/microblaze_0/U0/MicroBlaze_Core_I/Performance.Core/Decode_I/jump_logic_I1/MUXCY_JUMP_CARRY6/Using_FPGA.Native_CARRY4/CO[0]
                         net (fo=47, routed)          1.275     3.223    SEG7_upgrade_i/microblaze_0/U0/MicroBlaze_Core_I/Performance.Core/Decode_I/jump_logic_I1/MUXCY_JUMP_CARRY6/ex_mbar_stall_no_sleep_1_reg
    SLICE_X39Y19         LUT3 (Prop_lut3_I1_O)        0.393     3.616 r  SEG7_upgrade_i/microblaze_0/U0/MicroBlaze_Core_I/Performance.Core/Decode_I/jump_logic_I1/MUXCY_JUMP_CARRY6/Instr_Addr[28]_INST_0/O
                         net (fo=33, routed)          2.494     6.111    SEG7_upgrade_i/microblaze_0_local_memory/lmb_bram/U0/inst_blk_mem_gen/gnbram.gnative_mem_map_bmg.native_mem_map_blk_mem_gen/valid.cstr/ramloop[29].ram.r/prim_noinit.ram/addrb[1]
    RAMB36_X2Y11         RAMB36E1                                     r  SEG7_upgrade_i/microblaze_0_local_memory/lmb_bram/U0/inst_blk_mem_gen/gnbram.gnative_mem_map_bmg.native_mem_map_blk_mem_gen/valid.cstr/ramloop[29].ram.r/prim_noinit.ram/DEVICE_7SERIES.WITH_BMM_INFO.TRUE_DP.SIMPLE_PRIM36.TDP_SP36_NO_ECC_ATTR.ram/ADDRBWRADDR[1]
  -------------------------------------------------------------------    -------------------

                         (clock clk_out1_SEG7_upgrade_clk_wiz_0_0 rise edge)
                                                     10.000    10.000 r  
    W5                                                0.000    10.000 r  sys_clock (IN)
                         net (fo=0)                   0.000    10.000    SEG7_upgrade_i/clk_wiz_0/inst/clk_in1
    W5                   IBUF (Prop_ibuf_I_O)         1.388    11.388 r  SEG7_upgrade_i/clk_wiz_0/inst/clkin1_ibufg/O
                         net (fo=1, routed)           1.162    12.550    SEG7_upgrade_i/clk_wiz_0/inst/clk_in1_SEG7_upgrade_clk_wiz_0_0
    MMCME2_ADV_X1Y0      MMCME2_ADV (Prop_mmcme2_adv_CLKIN1_CLKOUT0)
                                                     -7.217     5.332 r  SEG7_upgrade_i/clk_wiz_0/inst/mmcm_adv_inst/CLKOUT0
                         net (fo=1, routed)           1.581     6.914    SEG7_upgrade_i/clk_wiz_0/inst/clk_out1_SEG7_upgrade_clk_wiz_0_0
    BUFGCTRL_X0Y0        BUFG (Prop_bufg_I_O)         0.091     7.005 r  SEG7_upgrade_i/clk_wiz_0/inst/clkout1_buf/O
                         net (fo=2577, routed)        1.485     8.490    SEG7_upgrade_i/microblaze_0_local_memory/lmb_bram/U0/inst_blk_mem_gen/gnbram.gnative_mem_map_bmg.native_mem_map_blk_mem_gen/valid.cstr/ramloop[29].ram.r/prim_noinit.ram/clkb
    RAMB36_X2Y11         RAMB36E1                                     r  SEG7_upgrade_i/microblaze_0_local_memory/lmb_bram/U0/inst_blk_mem_gen/gnbram.gnative_mem_map_bmg.native_mem_map_blk_mem_gen/valid.cstr/ramloop[29].ram.r/prim_noinit.ram/DEVICE_7SERIES.WITH_BMM_INFO.TRUE_DP.SIMPLE_PRIM36.TDP_SP36_NO_ECC_ATTR.ram/CLKBWRCLK
                         clock pessimism              0.484     8.973    
                         clock uncertainty           -0.074     8.899    
    RAMB36_X2Y11         RAMB36E1 (Setup_ramb36e1_CLKBWRCLK_ADDRBWRADDR[1])
                                                     -0.774     8.125    SEG7_upgrade_i/microblaze_0_local_memory/lmb_bram/U0/inst_blk_mem_gen/gnbram.gnative_mem_map_bmg.native_mem_map_blk_mem_gen/valid.cstr/ramloop[29].ram.r/prim_noinit.ram/DEVICE_7SERIES.WITH_BMM_INFO.TRUE_DP.SIMPLE_PRIM36.TDP_SP36_NO_ECC_ATTR.ram
  -------------------------------------------------------------------
                         required time                          8.125    
                         arrival time                          -6.111    
  -------------------------------------------------------------------
                         slack                                  2.014    





Min Delay Paths
--------------------------------------------------------------------------------------
Slack (MET) :             0.029ns  (arrival time - required time)
  Source:                 SEG7_upgrade_i/rst_clk_wiz_0_100M/U0/SEQ/SEQ_COUNTER/q_int_reg[0]/C
                            (rising edge-triggered cell FDRE clocked by clk_out1_SEG7_upgrade_clk_wiz_0_0  {rise@0.000ns fall@5.000ns period=10.000ns})
  Destination:            SEG7_upgrade_i/rst_clk_wiz_0_100M/U0/SEQ/core_dec_reg[1]/D
                            (rising edge-triggered cell FDRE clocked by clk_out1_SEG7_upgrade_clk_wiz_0_0  {rise@0.000ns fall@5.000ns period=10.000ns})
  Path Group:             clk_out1_SEG7_upgrade_clk_wiz_0_0
  Path Type:              Hold (Min at Fast Process Corner)
  Requirement:            0.000ns  (clk_out1_SEG7_upgrade_clk_wiz_0_0 rise@0.000ns - clk_out1_SEG7_upgrade_clk_wiz_0_0 rise@0.000ns)
  Data Path Delay:        0.393ns  (logic 0.186ns (47.282%)  route 0.207ns (52.718%))
  Logic Levels:           1  (LUT4=1)
  Clock Path Skew:        0.272ns (DCD - SCD - CPR)
    Destination Clock Delay (DCD):    -0.853ns
    Source Clock Delay      (SCD):    -0.616ns
    Clock Pessimism Removal (CPR):    -0.508ns

    Location             Delay type                Incr(ns)  Path(ns)    Netlist Resource(s)
  -------------------------------------------------------------------    -------------------
                         (clock clk_out1_SEG7_upgrade_clk_wiz_0_0 rise edge)
                                                      0.000     0.000 r  
    W5                                                0.000     0.000 r  sys_clock (IN)
                         net (fo=0)                   0.000     0.000    SEG7_upgrade_i/clk_wiz_0/inst/clk_in1
    W5                   IBUF (Prop_ibuf_I_O)         0.226     0.226 r  SEG7_upgrade_i/clk_wiz_0/inst/clkin1_ibufg/O
                         net (fo=1, routed)           0.440     0.667    SEG7_upgrade_i/clk_wiz_0/inst/clk_in1_SEG7_upgrade_clk_wiz_0_0
    MMCME2_ADV_X1Y0      MMCME2_ADV (Prop_mmcme2_adv_CLKIN1_CLKOUT0)
                                                     -2.360    -1.693 r  SEG7_upgrade_i/clk_wiz_0/inst/mmcm_adv_inst/CLKOUT0
                         net (fo=1, routed)           0.486    -1.207    SEG7_upgrade_i/clk_wiz_0/inst/clk_out1_SEG7_upgrade_clk_wiz_0_0
    BUFGCTRL_X0Y0        BUFG (Prop_bufg_I_O)         0.026    -1.181 r  SEG7_upgrade_i/clk_wiz_0/inst/clkout1_buf/O
                         net (fo=2577, routed)        0.565    -0.616    SEG7_upgrade_i/rst_clk_wiz_0_100M/U0/SEQ/SEQ_COUNTER/slowest_sync_clk
    SLICE_X48Y50         FDRE                                         r  SEG7_upgrade_i/rst_clk_wiz_0_100M/U0/SEQ/SEQ_COUNTER/q_int_reg[0]/C
  -------------------------------------------------------------------    -------------------
    SLICE_X48Y50         FDRE (Prop_fdre_C_Q)         0.141    -0.475 r  SEG7_upgrade_i/rst_clk_wiz_0_100M/U0/SEQ/SEQ_COUNTER/q_int_reg[0]/Q
                         net (fo=7, routed)           0.207    -0.268    SEG7_upgrade_i/rst_clk_wiz_0_100M/U0/SEQ/seq_cnt[0]
    SLICE_X48Y49         LUT4 (Prop_lut4_I1_O)        0.045    -0.223 r  SEG7_upgrade_i/rst_clk_wiz_0_100M/U0/SEQ/pr_dec0/O
                         net (fo=1, routed)           0.000    -0.223    SEG7_upgrade_i/rst_clk_wiz_0_100M/U0/SEQ/pr_dec0__0
    SLICE_X48Y49         FDRE                                         r  SEG7_upgrade_i/rst_clk_wiz_0_100M/U0/SEQ/core_dec_reg[1]/D
  -------------------------------------------------------------------    -------------------

                         (clock clk_out1_SEG7_upgrade_clk_wiz_0_0 rise edge)
                                                      0.000     0.000 r  
    W5                                                0.000     0.000 r  sys_clock (IN)
                         net (fo=0)                   0.000     0.000    SEG7_upgrade_i/clk_wiz_0/inst/clk_in1
    W5                   IBUF (Prop_ibuf_I_O)         0.414     0.414 r  SEG7_upgrade_i/clk_wiz_0/inst/clkin1_ibufg/O
                         net (fo=1, routed)           0.480     0.894    SEG7_upgrade_i/clk_wiz_0/inst/clk_in1_SEG7_upgrade_clk_wiz_0_0
    MMCME2_ADV_X1Y0      MMCME2_ADV (Prop_mmcme2_adv_CLKIN1_CLKOUT0)
                                                     -3.142    -2.248 r  SEG7_upgrade_i/clk_wiz_0/inst/mmcm_adv_inst/CLKOUT0
                         net (fo=1, routed)           0.530    -1.718    SEG7_upgrade_i/clk_wiz_0/inst/clk_out1_SEG7_upgrade_clk_wiz_0_0
    BUFGCTRL_X0Y0        BUFG (Prop_bufg_I_O)         0.029    -1.689 r  SEG7_upgrade_i/clk_wiz_0/inst/clkout1_buf/O
                         net (fo=2577, routed)        0.837    -0.853    SEG7_upgrade_i/rst_clk_wiz_0_100M/U0/SEQ/slowest_sync_clk
    SLICE_X48Y49         FDRE                                         r  SEG7_upgrade_i/rst_clk_wiz_0_100M/U0/SEQ/core_dec_reg[1]/C
                         clock pessimism              0.508    -0.344    
    SLICE_X48Y49         FDRE (Hold_fdre_C_D)         0.092    -0.252    SEG7_upgrade_i/rst_clk_wiz_0_100M/U0/SEQ/core_dec_reg[1]
  -------------------------------------------------------------------
                         required time                          0.252    
                         arrival time                          -0.223    
  -------------------------------------------------------------------
                         slack                                  0.029    

Slack (MET) :             0.041ns  (arrival time - required time)
  Source:                 SEG7_upgrade_i/axi_gpio_0/U0/gpio_core_1/Dual.INPUT_DOUBLE_REGS4/GENERATE_LEVEL_P_S_CDC.MULTI_BIT.FOR_CROSS_PLEVEL_IN2SCNDRY_bus_d4[3].CROSS2_PLEVEL_IN2SCNDRY_s_level_out_bus_d4/C
                            (rising edge-triggered cell FDRE clocked by clk_out1_SEG7_upgrade_clk_wiz_0_0  {rise@0.000ns fall@5.000ns period=10.000ns})
  Destination:            SEG7_upgrade_i/axi_gpio_0/U0/gpio_core_1/Dual.gpio_Data_In_reg[0]/D
                            (rising edge-triggered cell FDRE clocked by clk_out1_SEG7_upgrade_clk_wiz_0_0  {rise@0.000ns fall@5.000ns period=10.000ns})
  Path Group:             clk_out1_SEG7_upgrade_clk_wiz_0_0
  Path Type:              Hold (Min at Fast Process Corner)
  Requirement:            0.000ns  (clk_out1_SEG7_upgrade_clk_wiz_0_0 rise@0.000ns - clk_out1_SEG7_upgrade_clk_wiz_0_0 rise@0.000ns)
  Data Path Delay:        0.319ns  (logic 0.148ns (46.458%)  route 0.171ns (53.542%))
  Logic Levels:           0  
  Clock Path Skew:        0.266ns (DCD - SCD - CPR)
    Destination Clock Delay (DCD):    -0.857ns
    Source Clock Delay      (SCD):    -0.619ns
    Clock Pessimism Removal (CPR):    -0.503ns

    Location             Delay type                Incr(ns)  Path(ns)    Netlist Resource(s)
  -------------------------------------------------------------------    -------------------
                         (clock clk_out1_SEG7_upgrade_clk_wiz_0_0 rise edge)
                                                      0.000     0.000 r  
    W5                                                0.000     0.000 r  sys_clock (IN)
                         net (fo=0)                   0.000     0.000    SEG7_upgrade_i/clk_wiz_0/inst/clk_in1
    W5                   IBUF (Prop_ibuf_I_O)         0.226     0.226 r  SEG7_upgrade_i/clk_wiz_0/inst/clkin1_ibufg/O
                         net (fo=1, routed)           0.440     0.667    SEG7_upgrade_i/clk_wiz_0/inst/clk_in1_SEG7_upgrade_clk_wiz_0_0
    MMCME2_ADV_X1Y0      MMCME2_ADV (Prop_mmcme2_adv_CLKIN1_CLKOUT0)
                                                     -2.360    -1.693 r  SEG7_upgrade_i/clk_wiz_0/inst/mmcm_adv_inst/CLKOUT0
                         net (fo=1, routed)           0.486    -1.207    SEG7_upgrade_i/clk_wiz_0/inst/clk_out1_SEG7_upgrade_clk_wiz_0_0
    BUFGCTRL_X0Y0        BUFG (Prop_bufg_I_O)         0.026    -1.181 r  SEG7_upgrade_i/clk_wiz_0/inst/clkout1_buf/O
                         net (fo=2577, routed)        0.562    -0.619    SEG7_upgrade_i/axi_gpio_0/U0/gpio_core_1/Dual.INPUT_DOUBLE_REGS4/s_axi_aclk
    SLICE_X34Y46         FDRE                                         r  SEG7_upgrade_i/axi_gpio_0/U0/gpio_core_1/Dual.INPUT_DOUBLE_REGS4/GENERATE_LEVEL_P_S_CDC.MULTI_BIT.FOR_CROSS_PLEVEL_IN2SCNDRY_bus_d4[3].CROSS2_PLEVEL_IN2SCNDRY_s_level_out_bus_d4/C
  -------------------------------------------------------------------    -------------------
    SLICE_X34Y46         FDRE (Prop_fdre_C_Q)         0.148    -0.471 r  SEG7_upgrade_i/axi_gpio_0/U0/gpio_core_1/Dual.INPUT_DOUBLE_REGS4/GENERATE_LEVEL_P_S_CDC.MULTI_BIT.FOR_CROSS_PLEVEL_IN2SCNDRY_bus_d4[3].CROSS2_PLEVEL_IN2SCNDRY_s_level_out_bus_d4/Q
                         net (fo=2, routed)           0.171    -0.301    SEG7_upgrade_i/axi_gpio_0/U0/gpio_core_1/gpio_io_i_d2[0]
    SLICE_X36Y47         FDRE                                         r  SEG7_upgrade_i/axi_gpio_0/U0/gpio_core_1/Dual.gpio_Data_In_reg[0]/D
  -------------------------------------------------------------------    -------------------

                         (clock clk_out1_SEG7_upgrade_clk_wiz_0_0 rise edge)
                                                      0.000     0.000 r  
    W5                                                0.000     0.000 r  sys_clock (IN)
                         net (fo=0)                   0.000     0.000    SEG7_upgrade_i/clk_wiz_0/inst/clk_in1
    W5                   IBUF (Prop_ibuf_I_O)         0.414     0.414 r  SEG7_upgrade_i/clk_wiz_0/inst/clkin1_ibufg/O
                         net (fo=1, routed)           0.480     0.894    SEG7_upgrade_i/clk_wiz_0/inst/clk_in1_SEG7_upgrade_clk_wiz_0_0
    MMCME2_ADV_X1Y0      MMCME2_ADV (Prop_mmcme2_adv_CLKIN1_CLKOUT0)
                                                     -3.142    -2.248 r  SEG7_upgrade_i/clk_wiz_0/inst/mmcm_adv_inst/CLKOUT0
                         net (fo=1, routed)           0.530    -1.718    SEG7_upgrade_i/clk_wiz_0/inst/clk_out1_SEG7_upgrade_clk_wiz_0_0
    BUFGCTRL_X0Y0        BUFG (Prop_bufg_I_O)         0.029    -1.689 r  SEG7_upgrade_i/clk_wiz_0/inst/clkout1_buf/O
                         net (fo=2577, routed)        0.833    -0.857    SEG7_upgrade_i/axi_gpio_0/U0/gpio_core_1/s_axi_aclk
    SLICE_X36Y47         FDRE                                         r  SEG7_upgrade_i/axi_gpio_0/U0/gpio_core_1/Dual.gpio_Data_In_reg[0]/C
                         clock pessimism              0.503    -0.353    
    SLICE_X36Y47         FDRE (Hold_fdre_C_D)         0.012    -0.341    SEG7_upgrade_i/axi_gpio_0/U0/gpio_core_1/Dual.gpio_Data_In_reg[0]
  -------------------------------------------------------------------
                         required time                          0.341    
                         arrival time                          -0.301    
  -------------------------------------------------------------------
                         slack                                  0.041    

Slack (MET) :             0.041ns  (arrival time - required time)
  Source:                 SEG7_upgrade_i/microblaze_0_axi_periph/xbar/inst/gen_sasd.crossbar_sasd_0/reg_slice_r/m_payload_i_reg[10]/C
                            (rising edge-triggered cell FDRE clocked by clk_out1_SEG7_upgrade_clk_wiz_0_0  {rise@0.000ns fall@5.000ns period=10.000ns})
  Destination:            SEG7_upgrade_i/microblaze_0/U0/MicroBlaze_Core_I/Performance.Core/Use_DBUS.DAXI_Interface_I1/WB_DAXI_Read_Data_reg[24]/D
                            (rising edge-triggered cell FDRE clocked by clk_out1_SEG7_upgrade_clk_wiz_0_0  {rise@0.000ns fall@5.000ns period=10.000ns})
  Path Group:             clk_out1_SEG7_upgrade_clk_wiz_0_0
  Path Type:              Hold (Min at Fast Process Corner)
  Requirement:            0.000ns  (clk_out1_SEG7_upgrade_clk_wiz_0_0 rise@0.000ns - clk_out1_SEG7_upgrade_clk_wiz_0_0 rise@0.000ns)
  Data Path Delay:        0.370ns  (logic 0.141ns (38.106%)  route 0.229ns (61.894%))
  Logic Levels:           0  
  Clock Path Skew:        0.263ns (DCD - SCD - CPR)
    Destination Clock Delay (DCD):    -0.865ns
    Source Clock Delay      (SCD):    -0.624ns
    Clock Pessimism Removal (CPR):    -0.503ns

    Location             Delay type                Incr(ns)  Path(ns)    Netlist Resource(s)
  -------------------------------------------------------------------    -------------------
                         (clock clk_out1_SEG7_upgrade_clk_wiz_0_0 rise edge)
                                                      0.000     0.000 r  
    W5                                                0.000     0.000 r  sys_clock (IN)
                         net (fo=0)                   0.000     0.000    SEG7_upgrade_i/clk_wiz_0/inst/clk_in1
    W5                   IBUF (Prop_ibuf_I_O)         0.226     0.226 r  SEG7_upgrade_i/clk_wiz_0/inst/clkin1_ibufg/O
                         net (fo=1, routed)           0.440     0.667    SEG7_upgrade_i/clk_wiz_0/inst/clk_in1_SEG7_upgrade_clk_wiz_0_0
    MMCME2_ADV_X1Y0      MMCME2_ADV (Prop_mmcme2_adv_CLKIN1_CLKOUT0)
                                                     -2.360    -1.693 r  SEG7_upgrade_i/clk_wiz_0/inst/mmcm_adv_inst/CLKOUT0
                         net (fo=1, routed)           0.486    -1.207    SEG7_upgrade_i/clk_wiz_0/inst/clk_out1_SEG7_upgrade_clk_wiz_0_0
    BUFGCTRL_X0Y0        BUFG (Prop_bufg_I_O)         0.026    -1.181 r  SEG7_upgrade_i/clk_wiz_0/inst/clkout1_buf/O
                         net (fo=2577, routed)        0.557    -0.624    SEG7_upgrade_i/microblaze_0_axi_periph/xbar/inst/gen_sasd.crossbar_sasd_0/reg_slice_r/aclk
    SLICE_X35Y33         FDRE                                         r  SEG7_upgrade_i/microblaze_0_axi_periph/xbar/inst/gen_sasd.crossbar_sasd_0/reg_slice_r/m_payload_i_reg[10]/C
  -------------------------------------------------------------------    -------------------
    SLICE_X35Y33         FDRE (Prop_fdre_C_Q)         0.141    -0.483 r  SEG7_upgrade_i/microblaze_0_axi_periph/xbar/inst/gen_sasd.crossbar_sasd_0/reg_slice_r/m_payload_i_reg[10]/Q
                         net (fo=1, routed)           0.229    -0.254    SEG7_upgrade_i/microblaze_0/U0/MicroBlaze_Core_I/Performance.Core/Use_DBUS.DAXI_Interface_I1/M_AXI_DP_RDATA[7]
    SLICE_X43Y32         FDRE                                         r  SEG7_upgrade_i/microblaze_0/U0/MicroBlaze_Core_I/Performance.Core/Use_DBUS.DAXI_Interface_I1/WB_DAXI_Read_Data_reg[24]/D
  -------------------------------------------------------------------    -------------------

                         (clock clk_out1_SEG7_upgrade_clk_wiz_0_0 rise edge)
                                                      0.000     0.000 r  
    W5                                                0.000     0.000 r  sys_clock (IN)
                         net (fo=0)                   0.000     0.000    SEG7_upgrade_i/clk_wiz_0/inst/clk_in1
    W5                   IBUF (Prop_ibuf_I_O)         0.414     0.414 r  SEG7_upgrade_i/clk_wiz_0/inst/clkin1_ibufg/O
                         net (fo=1, routed)           0.480     0.894    SEG7_upgrade_i/clk_wiz_0/inst/clk_in1_SEG7_upgrade_clk_wiz_0_0
    MMCME2_ADV_X1Y0      MMCME2_ADV (Prop_mmcme2_adv_CLKIN1_CLKOUT0)
                                                     -3.142    -2.248 r  SEG7_upgrade_i/clk_wiz_0/inst/mmcm_adv_inst/CLKOUT0
                         net (fo=1, routed)           0.530    -1.718    SEG7_upgrade_i/clk_wiz_0/inst/clk_out1_SEG7_upgrade_clk_wiz_0_0
    BUFGCTRL_X0Y0        BUFG (Prop_bufg_I_O)         0.029    -1.689 r  SEG7_upgrade_i/clk_wiz_0/inst/clkout1_buf/O
                         net (fo=2577, routed)        0.825    -0.865    SEG7_upgrade_i/microblaze_0/U0/MicroBlaze_Core_I/Performance.Core/Use_DBUS.DAXI_Interface_I1/Clk
    SLICE_X43Y32         FDRE                                         r  SEG7_upgrade_i/microblaze_0/U0/MicroBlaze_Core_I/Performance.Core/Use_DBUS.DAXI_Interface_I1/WB_DAXI_Read_Data_reg[24]/C
                         clock pessimism              0.503    -0.361    
    SLICE_X43Y32         FDRE (Hold_fdre_C_D)         0.066    -0.295    SEG7_upgrade_i/microblaze_0/U0/MicroBlaze_Core_I/Performance.Core/Use_DBUS.DAXI_Interface_I1/WB_DAXI_Read_Data_reg[24]
  -------------------------------------------------------------------
                         required time                          0.295    
                         arrival time                          -0.254    
  -------------------------------------------------------------------
                         slack                                  0.041    

Slack (MET) :             0.054ns  (arrival time - required time)
  Source:                 SEG7_upgrade_i/microblaze_0/U0/MicroBlaze_Core_I/Performance.Core/Decode_I/PC_Module_I/ex_pc_i_reg[26]/C
                            (rising edge-triggered cell FDRE clocked by clk_out1_SEG7_upgrade_clk_wiz_0_0  {rise@0.000ns fall@5.000ns period=10.000ns})
  Destination:            SEG7_upgrade_i/microblaze_0/U0/MicroBlaze_Core_I/Performance.Core/Decode_I/PC_Module_I/mem_pc_i_reg[26]/D
                            (rising edge-triggered cell FDRE clocked by clk_out1_SEG7_upgrade_clk_wiz_0_0  {rise@0.000ns fall@5.000ns period=10.000ns})
  Path Group:             clk_out1_SEG7_upgrade_clk_wiz_0_0
  Path Type:              Hold (Min at Fast Process Corner)
  Requirement:            0.000ns  (clk_out1_SEG7_upgrade_clk_wiz_0_0 rise@0.000ns - clk_out1_SEG7_upgrade_clk_wiz_0_0 rise@0.000ns)
  Data Path Delay:        0.330ns  (logic 0.128ns (38.821%)  route 0.202ns (61.179%))
  Logic Levels:           0  
  Clock Path Skew:        0.259ns (DCD - SCD - CPR)
    Destination Clock Delay (DCD):    -0.871ns
    Source Clock Delay      (SCD):    -0.626ns
    Clock Pessimism Removal (CPR):    -0.503ns

    Location             Delay type                Incr(ns)  Path(ns)    Netlist Resource(s)
  -------------------------------------------------------------------    -------------------
                         (clock clk_out1_SEG7_upgrade_clk_wiz_0_0 rise edge)
                                                      0.000     0.000 r  
    W5                                                0.000     0.000 r  sys_clock (IN)
                         net (fo=0)                   0.000     0.000    SEG7_upgrade_i/clk_wiz_0/inst/clk_in1
    W5                   IBUF (Prop_ibuf_I_O)         0.226     0.226 r  SEG7_upgrade_i/clk_wiz_0/inst/clkin1_ibufg/O
                         net (fo=1, routed)           0.440     0.667    SEG7_upgrade_i/clk_wiz_0/inst/clk_in1_SEG7_upgrade_clk_wiz_0_0
    MMCME2_ADV_X1Y0      MMCME2_ADV (Prop_mmcme2_adv_CLKIN1_CLKOUT0)
                                                     -2.360    -1.693 r  SEG7_upgrade_i/clk_wiz_0/inst/mmcm_adv_inst/CLKOUT0
                         net (fo=1, routed)           0.486    -1.207    SEG7_upgrade_i/clk_wiz_0/inst/clk_out1_SEG7_upgrade_clk_wiz_0_0
    BUFGCTRL_X0Y0        BUFG (Prop_bufg_I_O)         0.026    -1.181 r  SEG7_upgrade_i/clk_wiz_0/inst/clkout1_buf/O
                         net (fo=2577, routed)        0.555    -0.626    SEG7_upgrade_i/microblaze_0/U0/MicroBlaze_Core_I/Performance.Core/Decode_I/PC_Module_I/Clk
    SLICE_X36Y19         FDRE                                         r  SEG7_upgrade_i/microblaze_0/U0/MicroBlaze_Core_I/Performance.Core/Decode_I/PC_Module_I/ex_pc_i_reg[26]/C
  -------------------------------------------------------------------    -------------------
    SLICE_X36Y19         FDRE (Prop_fdre_C_Q)         0.128    -0.498 r  SEG7_upgrade_i/microblaze_0/U0/MicroBlaze_Core_I/Performance.Core/Decode_I/PC_Module_I/ex_pc_i_reg[26]/Q
                         net (fo=1, routed)           0.202    -0.297    SEG7_upgrade_i/microblaze_0/U0/MicroBlaze_Core_I/Performance.Core/Decode_I/PC_Module_I/ex_pc[26]
    SLICE_X32Y22         FDRE                                         r  SEG7_upgrade_i/microblaze_0/U0/MicroBlaze_Core_I/Performance.Core/Decode_I/PC_Module_I/mem_pc_i_reg[26]/D
  -------------------------------------------------------------------    -------------------

                         (clock clk_out1_SEG7_upgrade_clk_wiz_0_0 rise edge)
                                                      0.000     0.000 r  
    W5                                                0.000     0.000 r  sys_clock (IN)
                         net (fo=0)                   0.000     0.000    SEG7_upgrade_i/clk_wiz_0/inst/clk_in1
    W5                   IBUF (Prop_ibuf_I_O)         0.414     0.414 r  SEG7_upgrade_i/clk_wiz_0/inst/clkin1_ibufg/O
                         net (fo=1, routed)           0.480     0.894    SEG7_upgrade_i/clk_wiz_0/inst/clk_in1_SEG7_upgrade_clk_wiz_0_0
    MMCME2_ADV_X1Y0      MMCME2_ADV (Prop_mmcme2_adv_CLKIN1_CLKOUT0)
                                                     -3.142    -2.248 r  SEG7_upgrade_i/clk_wiz_0/inst/mmcm_adv_inst/CLKOUT0
                         net (fo=1, routed)           0.530    -1.718    SEG7_upgrade_i/clk_wiz_0/inst/clk_out1_SEG7_upgrade_clk_wiz_0_0
    BUFGCTRL_X0Y0        BUFG (Prop_bufg_I_O)         0.029    -1.689 r  SEG7_upgrade_i/clk_wiz_0/inst/clkout1_buf/O
                         net (fo=2577, routed)        0.819    -0.871    SEG7_upgrade_i/microblaze_0/U0/MicroBlaze_Core_I/Performance.Core/Decode_I/PC_Module_I/Clk
    SLICE_X32Y22         FDRE                                         r  SEG7_upgrade_i/microblaze_0/U0/MicroBlaze_Core_I/Performance.Core/Decode_I/PC_Module_I/mem_pc_i_reg[26]/C
                         clock pessimism              0.503    -0.367    
    SLICE_X32Y22         FDRE (Hold_fdre_C_D)         0.017    -0.350    SEG7_upgrade_i/microblaze_0/U0/MicroBlaze_Core_I/Performance.Core/Decode_I/PC_Module_I/mem_pc_i_reg[26]
  -------------------------------------------------------------------
                         required time                          0.350    
                         arrival time                          -0.297    
  -------------------------------------------------------------------
                         slack                                  0.054    

Slack (MET) :             0.058ns  (arrival time - required time)
  Source:                 SEG7_upgrade_i/microblaze_0_axi_periph/xbar/inst/gen_sasd.crossbar_sasd_0/reg_slice_r/m_payload_i_reg[3]/C
                            (rising edge-triggered cell FDRE clocked by clk_out1_SEG7_upgrade_clk_wiz_0_0  {rise@0.000ns fall@5.000ns period=10.000ns})
  Destination:            SEG7_upgrade_i/microblaze_0/U0/MicroBlaze_Core_I/Performance.Core/Use_DBUS.DAXI_Interface_I1/WB_DAXI_Read_Data_reg[31]/D
                            (rising edge-triggered cell FDRE clocked by clk_out1_SEG7_upgrade_clk_wiz_0_0  {rise@0.000ns fall@5.000ns period=10.000ns})
  Path Group:             clk_out1_SEG7_upgrade_clk_wiz_0_0
  Path Type:              Hold (Min at Fast Process Corner)
  Requirement:            0.000ns  (clk_out1_SEG7_upgrade_clk_wiz_0_0 rise@0.000ns - clk_out1_SEG7_upgrade_clk_wiz_0_0 rise@0.000ns)
  Data Path Delay:        0.374ns  (logic 0.141ns (37.670%)  route 0.233ns (62.330%))
  Logic Levels:           0  
  Clock Path Skew:        0.261ns (DCD - SCD - CPR)
    Destination Clock Delay (DCD):    -0.864ns
    Source Clock Delay      (SCD):    -0.621ns
    Clock Pessimism Removal (CPR):    -0.503ns

    Location             Delay type                Incr(ns)  Path(ns)    Netlist Resource(s)
  -------------------------------------------------------------------    -------------------
                         (clock clk_out1_SEG7_upgrade_clk_wiz_0_0 rise edge)
                                                      0.000     0.000 r  
    W5                                                0.000     0.000 r  sys_clock (IN)
                         net (fo=0)                   0.000     0.000    SEG7_upgrade_i/clk_wiz_0/inst/clk_in1
    W5                   IBUF (Prop_ibuf_I_O)         0.226     0.226 r  SEG7_upgrade_i/clk_wiz_0/inst/clkin1_ibufg/O
                         net (fo=1, routed)           0.440     0.667    SEG7_upgrade_i/clk_wiz_0/inst/clk_in1_SEG7_upgrade_clk_wiz_0_0
    MMCME2_ADV_X1Y0      MMCME2_ADV (Prop_mmcme2_adv_CLKIN1_CLKOUT0)
                                                     -2.360    -1.693 r  SEG7_upgrade_i/clk_wiz_0/inst/mmcm_adv_inst/CLKOUT0
                         net (fo=1, routed)           0.486    -1.207    SEG7_upgrade_i/clk_wiz_0/inst/clk_out1_SEG7_upgrade_clk_wiz_0_0
    BUFGCTRL_X0Y0        BUFG (Prop_bufg_I_O)         0.026    -1.181 r  SEG7_upgrade_i/clk_wiz_0/inst/clkout1_buf/O
                         net (fo=2577, routed)        0.560    -0.621    SEG7_upgrade_i/microblaze_0_axi_periph/xbar/inst/gen_sasd.crossbar_sasd_0/reg_slice_r/aclk
    SLICE_X35Y39         FDRE                                         r  SEG7_upgrade_i/microblaze_0_axi_periph/xbar/inst/gen_sasd.crossbar_sasd_0/reg_slice_r/m_payload_i_reg[3]/C
  -------------------------------------------------------------------    -------------------
    SLICE_X35Y39         FDRE (Prop_fdre_C_Q)         0.141    -0.480 r  SEG7_upgrade_i/microblaze_0_axi_periph/xbar/inst/gen_sasd.crossbar_sasd_0/reg_slice_r/m_payload_i_reg[3]/Q
                         net (fo=1, routed)           0.233    -0.247    SEG7_upgrade_i/microblaze_0/U0/MicroBlaze_Core_I/Performance.Core/Use_DBUS.DAXI_Interface_I1/M_AXI_DP_RDATA[0]
    SLICE_X36Y34         FDRE                                         r  SEG7_upgrade_i/microblaze_0/U0/MicroBlaze_Core_I/Performance.Core/Use_DBUS.DAXI_Interface_I1/WB_DAXI_Read_Data_reg[31]/D
  -------------------------------------------------------------------    -------------------

                         (clock clk_out1_SEG7_upgrade_clk_wiz_0_0 rise edge)
                                                      0.000     0.000 r  
    W5                                                0.000     0.000 r  sys_clock (IN)
                         net (fo=0)                   0.000     0.000    SEG7_upgrade_i/clk_wiz_0/inst/clk_in1
    W5                   IBUF (Prop_ibuf_I_O)         0.414     0.414 r  SEG7_upgrade_i/clk_wiz_0/inst/clkin1_ibufg/O
                         net (fo=1, routed)           0.480     0.894    SEG7_upgrade_i/clk_wiz_0/inst/clk_in1_SEG7_upgrade_clk_wiz_0_0
    MMCME2_ADV_X1Y0      MMCME2_ADV (Prop_mmcme2_adv_CLKIN1_CLKOUT0)
                                                     -3.142    -2.248 r  SEG7_upgrade_i/clk_wiz_0/inst/mmcm_adv_inst/CLKOUT0
                         net (fo=1, routed)           0.530    -1.718    SEG7_upgrade_i/clk_wiz_0/inst/clk_out1_SEG7_upgrade_clk_wiz_0_0
    BUFGCTRL_X0Y0        BUFG (Prop_bufg_I_O)         0.029    -1.689 r  SEG7_upgrade_i/clk_wiz_0/inst/clkout1_buf/O
                         net (fo=2577, routed)        0.826    -0.864    SEG7_upgrade_i/microblaze_0/U0/MicroBlaze_Core_I/Performance.Core/Use_DBUS.DAXI_Interface_I1/Clk
    SLICE_X36Y34         FDRE                                         r  SEG7_upgrade_i/microblaze_0/U0/MicroBlaze_Core_I/Performance.Core/Use_DBUS.DAXI_Interface_I1/WB_DAXI_Read_Data_reg[31]/C
                         clock pessimism              0.503    -0.360    
    SLICE_X36Y34         FDRE (Hold_fdre_C_D)         0.055    -0.305    SEG7_upgrade_i/microblaze_0/U0/MicroBlaze_Core_I/Performance.Core/Use_DBUS.DAXI_Interface_I1/WB_DAXI_Read_Data_reg[31]
  -------------------------------------------------------------------
                         required time                          0.305    
                         arrival time                          -0.247    
  -------------------------------------------------------------------
                         slack                                  0.058    

Slack (MET) :             0.059ns  (arrival time - required time)
  Source:                 SEG7_upgrade_i/axi_gpio_0/U0/gpio_core_1/Dual.INPUT_DOUBLE_REGS4/GENERATE_LEVEL_P_S_CDC.MULTI_BIT.FOR_CROSS_PLEVEL_IN2SCNDRY_bus_d4[2].CROSS2_PLEVEL_IN2SCNDRY_s_level_out_bus_d4/C
                            (rising edge-triggered cell FDRE clocked by clk_out1_SEG7_upgrade_clk_wiz_0_0  {rise@0.000ns fall@5.000ns period=10.000ns})
  Destination:            SEG7_upgrade_i/axi_gpio_0/U0/gpio_core_1/Dual.gpio_Data_In_reg[1]/D
                            (rising edge-triggered cell FDRE clocked by clk_out1_SEG7_upgrade_clk_wiz_0_0  {rise@0.000ns fall@5.000ns period=10.000ns})
  Path Group:             clk_out1_SEG7_upgrade_clk_wiz_0_0
  Path Type:              Hold (Min at Fast Process Corner)
  Requirement:            0.000ns  (clk_out1_SEG7_upgrade_clk_wiz_0_0 rise@0.000ns - clk_out1_SEG7_upgrade_clk_wiz_0_0 rise@0.000ns)
  Data Path Delay:        0.340ns  (logic 0.148ns (43.552%)  route 0.192ns (56.448%))
  Logic Levels:           0  
  Clock Path Skew:        0.265ns (DCD - SCD - CPR)
    Destination Clock Delay (DCD):    -0.857ns
    Source Clock Delay      (SCD):    -0.618ns
    Clock Pessimism Removal (CPR):    -0.503ns

    Location             Delay type                Incr(ns)  Path(ns)    Netlist Resource(s)
  -------------------------------------------------------------------    -------------------
                         (clock clk_out1_SEG7_upgrade_clk_wiz_0_0 rise edge)
                                                      0.000     0.000 r  
    W5                                                0.000     0.000 r  sys_clock (IN)
                         net (fo=0)                   0.000     0.000    SEG7_upgrade_i/clk_wiz_0/inst/clk_in1
    W5                   IBUF (Prop_ibuf_I_O)         0.226     0.226 r  SEG7_upgrade_i/clk_wiz_0/inst/clkin1_ibufg/O
                         net (fo=1, routed)           0.440     0.667    SEG7_upgrade_i/clk_wiz_0/inst/clk_in1_SEG7_upgrade_clk_wiz_0_0
    MMCME2_ADV_X1Y0      MMCME2_ADV (Prop_mmcme2_adv_CLKIN1_CLKOUT0)
                                                     -2.360    -1.693 r  SEG7_upgrade_i/clk_wiz_0/inst/mmcm_adv_inst/CLKOUT0
                         net (fo=1, routed)           0.486    -1.207    SEG7_upgrade_i/clk_wiz_0/inst/clk_out1_SEG7_upgrade_clk_wiz_0_0
    BUFGCTRL_X0Y0        BUFG (Prop_bufg_I_O)         0.026    -1.181 r  SEG7_upgrade_i/clk_wiz_0/inst/clkout1_buf/O
                         net (fo=2577, routed)        0.563    -0.618    SEG7_upgrade_i/axi_gpio_0/U0/gpio_core_1/Dual.INPUT_DOUBLE_REGS4/s_axi_aclk
    SLICE_X34Y47         FDRE                                         r  SEG7_upgrade_i/axi_gpio_0/U0/gpio_core_1/Dual.INPUT_DOUBLE_REGS4/GENERATE_LEVEL_P_S_CDC.MULTI_BIT.FOR_CROSS_PLEVEL_IN2SCNDRY_bus_d4[2].CROSS2_PLEVEL_IN2SCNDRY_s_level_out_bus_d4/C
  -------------------------------------------------------------------    -------------------
    SLICE_X34Y47         FDRE (Prop_fdre_C_Q)         0.148    -0.470 r  SEG7_upgrade_i/axi_gpio_0/U0/gpio_core_1/Dual.INPUT_DOUBLE_REGS4/GENERATE_LEVEL_P_S_CDC.MULTI_BIT.FOR_CROSS_PLEVEL_IN2SCNDRY_bus_d4[2].CROSS2_PLEVEL_IN2SCNDRY_s_level_out_bus_d4/Q
                         net (fo=2, routed)           0.192    -0.279    SEG7_upgrade_i/axi_gpio_0/U0/gpio_core_1/gpio_io_i_d2[1]
    SLICE_X36Y47         FDRE                                         r  SEG7_upgrade_i/axi_gpio_0/U0/gpio_core_1/Dual.gpio_Data_In_reg[1]/D
  -------------------------------------------------------------------    -------------------

                         (clock clk_out1_SEG7_upgrade_clk_wiz_0_0 rise edge)
                                                      0.000     0.000 r  
    W5                                                0.000     0.000 r  sys_clock (IN)
                         net (fo=0)                   0.000     0.000    SEG7_upgrade_i/clk_wiz_0/inst/clk_in1
    W5                   IBUF (Prop_ibuf_I_O)         0.414     0.414 r  SEG7_upgrade_i/clk_wiz_0/inst/clkin1_ibufg/O
                         net (fo=1, routed)           0.480     0.894    SEG7_upgrade_i/clk_wiz_0/inst/clk_in1_SEG7_upgrade_clk_wiz_0_0
    MMCME2_ADV_X1Y0      MMCME2_ADV (Prop_mmcme2_adv_CLKIN1_CLKOUT0)
                                                     -3.142    -2.248 r  SEG7_upgrade_i/clk_wiz_0/inst/mmcm_adv_inst/CLKOUT0
                         net (fo=1, routed)           0.530    -1.718    SEG7_upgrade_i/clk_wiz_0/inst/clk_out1_SEG7_upgrade_clk_wiz_0_0
    BUFGCTRL_X0Y0        BUFG (Prop_bufg_I_O)         0.029    -1.689 r  SEG7_upgrade_i/clk_wiz_0/inst/clkout1_buf/O
                         net (fo=2577, routed)        0.833    -0.857    SEG7_upgrade_i/axi_gpio_0/U0/gpio_core_1/s_axi_aclk
    SLICE_X36Y47         FDRE                                         r  SEG7_upgrade_i/axi_gpio_0/U0/gpio_core_1/Dual.gpio_Data_In_reg[1]/C
                         clock pessimism              0.503    -0.353    
    SLICE_X36Y47         FDRE (Hold_fdre_C_D)         0.016    -0.337    SEG7_upgrade_i/axi_gpio_0/U0/gpio_core_1/Dual.gpio_Data_In_reg[1]
  -------------------------------------------------------------------
                         required time                          0.337    
                         arrival time                          -0.279    
  -------------------------------------------------------------------
                         slack                                  0.059    

Slack (MET) :             0.064ns  (arrival time - required time)
  Source:                 SEG7_upgrade_i/rst_clk_wiz_0_100M/U0/SEQ/SEQ_COUNTER/q_int_reg[3]/C
                            (rising edge-triggered cell FDRE clocked by clk_out1_SEG7_upgrade_clk_wiz_0_0  {rise@0.000ns fall@5.000ns period=10.000ns})
  Destination:            SEG7_upgrade_i/rst_clk_wiz_0_100M/U0/SEQ/pr_dec_reg[0]/D
                            (rising edge-triggered cell FDRE clocked by clk_out1_SEG7_upgrade_clk_wiz_0_0  {rise@0.000ns fall@5.000ns period=10.000ns})
  Path Group:             clk_out1_SEG7_upgrade_clk_wiz_0_0
  Path Type:              Hold (Min at Fast Process Corner)
  Requirement:            0.000ns  (clk_out1_SEG7_upgrade_clk_wiz_0_0 rise@0.000ns - clk_out1_SEG7_upgrade_clk_wiz_0_0 rise@0.000ns)
  Data Path Delay:        0.443ns  (logic 0.183ns (41.337%)  route 0.260ns (58.663%))
  Logic Levels:           1  (LUT4=1)
  Clock Path Skew:        0.272ns (DCD - SCD - CPR)
    Destination Clock Delay (DCD):    -0.853ns
    Source Clock Delay      (SCD):    -0.616ns
    Clock Pessimism Removal (CPR):    -0.508ns

    Location             Delay type                Incr(ns)  Path(ns)    Netlist Resource(s)
  -------------------------------------------------------------------    -------------------
                         (clock clk_out1_SEG7_upgrade_clk_wiz_0_0 rise edge)
                                                      0.000     0.000 r  
    W5                                                0.000     0.000 r  sys_clock (IN)
                         net (fo=0)                   0.000     0.000    SEG7_upgrade_i/clk_wiz_0/inst/clk_in1
    W5                   IBUF (Prop_ibuf_I_O)         0.226     0.226 r  SEG7_upgrade_i/clk_wiz_0/inst/clkin1_ibufg/O
                         net (fo=1, routed)           0.440     0.667    SEG7_upgrade_i/clk_wiz_0/inst/clk_in1_SEG7_upgrade_clk_wiz_0_0
    MMCME2_ADV_X1Y0      MMCME2_ADV (Prop_mmcme2_adv_CLKIN1_CLKOUT0)
                                                     -2.360    -1.693 r  SEG7_upgrade_i/clk_wiz_0/inst/mmcm_adv_inst/CLKOUT0
                         net (fo=1, routed)           0.486    -1.207    SEG7_upgrade_i/clk_wiz_0/inst/clk_out1_SEG7_upgrade_clk_wiz_0_0
    BUFGCTRL_X0Y0        BUFG (Prop_bufg_I_O)         0.026    -1.181 r  SEG7_upgrade_i/clk_wiz_0/inst/clkout1_buf/O
                         net (fo=2577, routed)        0.565    -0.616    SEG7_upgrade_i/rst_clk_wiz_0_100M/U0/SEQ/SEQ_COUNTER/slowest_sync_clk
    SLICE_X48Y50         FDRE                                         r  SEG7_upgrade_i/rst_clk_wiz_0_100M/U0/SEQ/SEQ_COUNTER/q_int_reg[3]/C
  -------------------------------------------------------------------    -------------------
    SLICE_X48Y50         FDRE (Prop_fdre_C_Q)         0.141    -0.475 r  SEG7_upgrade_i/rst_clk_wiz_0_100M/U0/SEQ/SEQ_COUNTER/q_int_reg[3]/Q
                         net (fo=6, routed)           0.260    -0.216    SEG7_upgrade_i/rst_clk_wiz_0_100M/U0/SEQ/seq_cnt[3]
    SLICE_X48Y49         LUT4 (Prop_lut4_I1_O)        0.042    -0.174 r  SEG7_upgrade_i/rst_clk_wiz_0_100M/U0/SEQ/pr_dec[0]_i_1/O
                         net (fo=1, routed)           0.000    -0.174    SEG7_upgrade_i/rst_clk_wiz_0_100M/U0/SEQ/p_3_out[0]
    SLICE_X48Y49         FDRE                                         r  SEG7_upgrade_i/rst_clk_wiz_0_100M/U0/SEQ/pr_dec_reg[0]/D
  -------------------------------------------------------------------    -------------------

                         (clock clk_out1_SEG7_upgrade_clk_wiz_0_0 rise edge)
                                                      0.000     0.000 r  
    W5                                                0.000     0.000 r  sys_clock (IN)
                         net (fo=0)                   0.000     0.000    SEG7_upgrade_i/clk_wiz_0/inst/clk_in1
    W5                   IBUF (Prop_ibuf_I_O)         0.414     0.414 r  SEG7_upgrade_i/clk_wiz_0/inst/clkin1_ibufg/O
                         net (fo=1, routed)           0.480     0.894    SEG7_upgrade_i/clk_wiz_0/inst/clk_in1_SEG7_upgrade_clk_wiz_0_0
    MMCME2_ADV_X1Y0      MMCME2_ADV (Prop_mmcme2_adv_CLKIN1_CLKOUT0)
                                                     -3.142    -2.248 r  SEG7_upgrade_i/clk_wiz_0/inst/mmcm_adv_inst/CLKOUT0
                         net (fo=1, routed)           0.530    -1.718    SEG7_upgrade_i/clk_wiz_0/inst/clk_out1_SEG7_upgrade_clk_wiz_0_0
    BUFGCTRL_X0Y0        BUFG (Prop_bufg_I_O)         0.029    -1.689 r  SEG7_upgrade_i/clk_wiz_0/inst/clkout1_buf/O
                         net (fo=2577, routed)        0.837    -0.853    SEG7_upgrade_i/rst_clk_wiz_0_100M/U0/SEQ/slowest_sync_clk
    SLICE_X48Y49         FDRE                                         r  SEG7_upgrade_i/rst_clk_wiz_0_100M/U0/SEQ/pr_dec_reg[0]/C
                         clock pessimism              0.508    -0.344    
    SLICE_X48Y49         FDRE (Hold_fdre_C_D)         0.107    -0.237    SEG7_upgrade_i/rst_clk_wiz_0_100M/U0/SEQ/pr_dec_reg[0]
  -------------------------------------------------------------------
                         required time                          0.237    
                         arrival time                          -0.174    
  -------------------------------------------------------------------
                         slack                                  0.064    

Slack (MET) :             0.064ns  (arrival time - required time)
  Source:                 SEG7_upgrade_i/axi_uartlite_0/U0/UARTLITE_CORE_I/UARTLITE_RX_I/INPUT_DOUBLE_REGS3/GENERATE_LEVEL_P_S_CDC.SINGLE_BIT.CROSS_PLEVEL_IN2SCNDRY_s_level_out_d4/C
                            (rising edge-triggered cell FDRE clocked by clk_out1_SEG7_upgrade_clk_wiz_0_0  {rise@0.000ns fall@5.000ns period=10.000ns})
  Destination:            SEG7_upgrade_i/axi_uartlite_0/U0/UARTLITE_CORE_I/status_reg_reg[1]/D
                            (rising edge-triggered cell FDRE clocked by clk_out1_SEG7_upgrade_clk_wiz_0_0  {rise@0.000ns fall@5.000ns period=10.000ns})
  Path Group:             clk_out1_SEG7_upgrade_clk_wiz_0_0
  Path Type:              Hold (Min at Fast Process Corner)
  Requirement:            0.000ns  (clk_out1_SEG7_upgrade_clk_wiz_0_0 rise@0.000ns - clk_out1_SEG7_upgrade_clk_wiz_0_0 rise@0.000ns)
  Data Path Delay:        0.455ns  (logic 0.186ns (40.891%)  route 0.269ns (59.109%))
  Logic Levels:           1  (LUT5=1)
  Clock Path Skew:        0.270ns (DCD - SCD - CPR)
    Destination Clock Delay (DCD):    -0.858ns
    Source Clock Delay      (SCD):    -0.619ns
    Clock Pessimism Removal (CPR):    -0.508ns

    Location             Delay type                Incr(ns)  Path(ns)    Netlist Resource(s)
  -------------------------------------------------------------------    -------------------
                         (clock clk_out1_SEG7_upgrade_clk_wiz_0_0 rise edge)
                                                      0.000     0.000 r  
    W5                                                0.000     0.000 r  sys_clock (IN)
                         net (fo=0)                   0.000     0.000    SEG7_upgrade_i/clk_wiz_0/inst/clk_in1
    W5                   IBUF (Prop_ibuf_I_O)         0.226     0.226 r  SEG7_upgrade_i/clk_wiz_0/inst/clkin1_ibufg/O
                         net (fo=1, routed)           0.440     0.667    SEG7_upgrade_i/clk_wiz_0/inst/clk_in1_SEG7_upgrade_clk_wiz_0_0
    MMCME2_ADV_X1Y0      MMCME2_ADV (Prop_mmcme2_adv_CLKIN1_CLKOUT0)
                                                     -2.360    -1.693 r  SEG7_upgrade_i/clk_wiz_0/inst/mmcm_adv_inst/CLKOUT0
                         net (fo=1, routed)           0.486    -1.207    SEG7_upgrade_i/clk_wiz_0/inst/clk_out1_SEG7_upgrade_clk_wiz_0_0
    BUFGCTRL_X0Y0        BUFG (Prop_bufg_I_O)         0.026    -1.181 r  SEG7_upgrade_i/clk_wiz_0/inst/clkout1_buf/O
                         net (fo=2577, routed)        0.562    -0.619    SEG7_upgrade_i/axi_uartlite_0/U0/UARTLITE_CORE_I/UARTLITE_RX_I/INPUT_DOUBLE_REGS3/s_axi_aclk
    SLICE_X28Y51         FDRE                                         r  SEG7_upgrade_i/axi_uartlite_0/U0/UARTLITE_CORE_I/UARTLITE_RX_I/INPUT_DOUBLE_REGS3/GENERATE_LEVEL_P_S_CDC.SINGLE_BIT.CROSS_PLEVEL_IN2SCNDRY_s_level_out_d4/C
  -------------------------------------------------------------------    -------------------
    SLICE_X28Y51         FDRE (Prop_fdre_C_Q)         0.141    -0.478 f  SEG7_upgrade_i/axi_uartlite_0/U0/UARTLITE_CORE_I/UARTLITE_RX_I/INPUT_DOUBLE_REGS3/GENERATE_LEVEL_P_S_CDC.SINGLE_BIT.CROSS_PLEVEL_IN2SCNDRY_s_level_out_d4/Q
                         net (fo=5, routed)           0.269    -0.209    SEG7_upgrade_i/axi_uartlite_0/U0/UARTLITE_CORE_I/UARTLITE_RX_I/INPUT_DOUBLE_REGS3/scndry_out
    SLICE_X30Y44         LUT5 (Prop_lut5_I2_O)        0.045    -0.164 r  SEG7_upgrade_i/axi_uartlite_0/U0/UARTLITE_CORE_I/UARTLITE_RX_I/INPUT_DOUBLE_REGS3/status_reg[1]_i_1/O
                         net (fo=1, routed)           0.000    -0.164    SEG7_upgrade_i/axi_uartlite_0/U0/UARTLITE_CORE_I/UARTLITE_RX_I_n_3
    SLICE_X30Y44         FDRE                                         r  SEG7_upgrade_i/axi_uartlite_0/U0/UARTLITE_CORE_I/status_reg_reg[1]/D
  -------------------------------------------------------------------    -------------------

                         (clock clk_out1_SEG7_upgrade_clk_wiz_0_0 rise edge)
                                                      0.000     0.000 r  
    W5                                                0.000     0.000 r  sys_clock (IN)
                         net (fo=0)                   0.000     0.000    SEG7_upgrade_i/clk_wiz_0/inst/clk_in1
    W5                   IBUF (Prop_ibuf_I_O)         0.414     0.414 r  SEG7_upgrade_i/clk_wiz_0/inst/clkin1_ibufg/O
                         net (fo=1, routed)           0.480     0.894    SEG7_upgrade_i/clk_wiz_0/inst/clk_in1_SEG7_upgrade_clk_wiz_0_0
    MMCME2_ADV_X1Y0      MMCME2_ADV (Prop_mmcme2_adv_CLKIN1_CLKOUT0)
                                                     -3.142    -2.248 r  SEG7_upgrade_i/clk_wiz_0/inst/mmcm_adv_inst/CLKOUT0
                         net (fo=1, routed)           0.530    -1.718    SEG7_upgrade_i/clk_wiz_0/inst/clk_out1_SEG7_upgrade_clk_wiz_0_0
    BUFGCTRL_X0Y0        BUFG (Prop_bufg_I_O)         0.029    -1.689 r  SEG7_upgrade_i/clk_wiz_0/inst/clkout1_buf/O
                         net (fo=2577, routed)        0.832    -0.858    SEG7_upgrade_i/axi_uartlite_0/U0/UARTLITE_CORE_I/s_axi_aclk
    SLICE_X30Y44         FDRE                                         r  SEG7_upgrade_i/axi_uartlite_0/U0/UARTLITE_CORE_I/status_reg_reg[1]/C
                         clock pessimism              0.508    -0.349    
    SLICE_X30Y44         FDRE (Hold_fdre_C_D)         0.121    -0.228    SEG7_upgrade_i/axi_uartlite_0/U0/UARTLITE_CORE_I/status_reg_reg[1]
  -------------------------------------------------------------------
                         required time                          0.228    
                         arrival time                          -0.164    
  -------------------------------------------------------------------
                         slack                                  0.064    

Slack (MET) :             0.066ns  (arrival time - required time)
  Source:                 SEG7_upgrade_i/axi_gpio_1/U0/gpio_core_1/Not_Dual.gpio_Data_In_reg[1]/C
                            (rising edge-triggered cell FDRE clocked by clk_out1_SEG7_upgrade_clk_wiz_0_0  {rise@0.000ns fall@5.000ns period=10.000ns})
  Destination:            SEG7_upgrade_i/axi_gpio_1/U0/gpio_core_1/Not_Dual.ALLOUT0_ND.READ_REG_GEN[1].reg1_reg[17]/D
                            (rising edge-triggered cell FDRE clocked by clk_out1_SEG7_upgrade_clk_wiz_0_0  {rise@0.000ns fall@5.000ns period=10.000ns})
  Path Group:             clk_out1_SEG7_upgrade_clk_wiz_0_0
  Path Type:              Hold (Min at Fast Process Corner)
  Requirement:            0.000ns  (clk_out1_SEG7_upgrade_clk_wiz_0_0 rise@0.000ns - clk_out1_SEG7_upgrade_clk_wiz_0_0 rise@0.000ns)
  Data Path Delay:        0.428ns  (logic 0.209ns (48.873%)  route 0.219ns (51.127%))
  Logic Levels:           1  (LUT5=1)
  Clock Path Skew:        0.271ns (DCD - SCD - CPR)
    Destination Clock Delay (DCD):    -0.854ns
    Source Clock Delay      (SCD):    -0.616ns
    Clock Pessimism Removal (CPR):    -0.508ns

    Location             Delay type                Incr(ns)  Path(ns)    Netlist Resource(s)
  -------------------------------------------------------------------    -------------------
                         (clock clk_out1_SEG7_upgrade_clk_wiz_0_0 rise edge)
                                                      0.000     0.000 r  
    W5                                                0.000     0.000 r  sys_clock (IN)
                         net (fo=0)                   0.000     0.000    SEG7_upgrade_i/clk_wiz_0/inst/clk_in1
    W5                   IBUF (Prop_ibuf_I_O)         0.226     0.226 r  SEG7_upgrade_i/clk_wiz_0/inst/clkin1_ibufg/O
                         net (fo=1, routed)           0.440     0.667    SEG7_upgrade_i/clk_wiz_0/inst/clk_in1_SEG7_upgrade_clk_wiz_0_0
    MMCME2_ADV_X1Y0      MMCME2_ADV (Prop_mmcme2_adv_CLKIN1_CLKOUT0)
                                                     -2.360    -1.693 r  SEG7_upgrade_i/clk_wiz_0/inst/mmcm_adv_inst/CLKOUT0
                         net (fo=1, routed)           0.486    -1.207    SEG7_upgrade_i/clk_wiz_0/inst/clk_out1_SEG7_upgrade_clk_wiz_0_0
    BUFGCTRL_X0Y0        BUFG (Prop_bufg_I_O)         0.026    -1.181 r  SEG7_upgrade_i/clk_wiz_0/inst/clkout1_buf/O
                         net (fo=2577, routed)        0.565    -0.616    SEG7_upgrade_i/axi_gpio_1/U0/gpio_core_1/s_axi_aclk
    SLICE_X50Y50         FDRE                                         r  SEG7_upgrade_i/axi_gpio_1/U0/gpio_core_1/Not_Dual.gpio_Data_In_reg[1]/C
  -------------------------------------------------------------------    -------------------
    SLICE_X50Y50         FDRE (Prop_fdre_C_Q)         0.164    -0.452 r  SEG7_upgrade_i/axi_gpio_1/U0/gpio_core_1/Not_Dual.gpio_Data_In_reg[1]/Q
                         net (fo=2, routed)           0.219    -0.234    SEG7_upgrade_i/axi_gpio_1/U0/gpio_core_1/gpio_Data_In[1]
    SLICE_X49Y45         LUT5 (Prop_lut5_I0_O)        0.045    -0.189 r  SEG7_upgrade_i/axi_gpio_1/U0/gpio_core_1/Not_Dual.ALLOUT0_ND.READ_REG_GEN[1].reg1[17]_i_1/O
                         net (fo=1, routed)           0.000    -0.189    SEG7_upgrade_i/axi_gpio_1/U0/gpio_core_1/Not_Dual.ALLOUT0_ND.READ_REG_GEN[1].reg1[17]_i_1_n_0
    SLICE_X49Y45         FDRE                                         r  SEG7_upgrade_i/axi_gpio_1/U0/gpio_core_1/Not_Dual.ALLOUT0_ND.READ_REG_GEN[1].reg1_reg[17]/D
  -------------------------------------------------------------------    -------------------

                         (clock clk_out1_SEG7_upgrade_clk_wiz_0_0 rise edge)
                                                      0.000     0.000 r  
    W5                                                0.000     0.000 r  sys_clock (IN)
                         net (fo=0)                   0.000     0.000    SEG7_upgrade_i/clk_wiz_0/inst/clk_in1
    W5                   IBUF (Prop_ibuf_I_O)         0.414     0.414 r  SEG7_upgrade_i/clk_wiz_0/inst/clkin1_ibufg/O
                         net (fo=1, routed)           0.480     0.894    SEG7_upgrade_i/clk_wiz_0/inst/clk_in1_SEG7_upgrade_clk_wiz_0_0
    MMCME2_ADV_X1Y0      MMCME2_ADV (Prop_mmcme2_adv_CLKIN1_CLKOUT0)
                                                     -3.142    -2.248 r  SEG7_upgrade_i/clk_wiz_0/inst/mmcm_adv_inst/CLKOUT0
                         net (fo=1, routed)           0.530    -1.718    SEG7_upgrade_i/clk_wiz_0/inst/clk_out1_SEG7_upgrade_clk_wiz_0_0
    BUFGCTRL_X0Y0        BUFG (Prop_bufg_I_O)         0.029    -1.689 r  SEG7_upgrade_i/clk_wiz_0/inst/clkout1_buf/O
                         net (fo=2577, routed)        0.836    -0.854    SEG7_upgrade_i/axi_gpio_1/U0/gpio_core_1/s_axi_aclk
    SLICE_X49Y45         FDRE                                         r  SEG7_upgrade_i/axi_gpio_1/U0/gpio_core_1/Not_Dual.ALLOUT0_ND.READ_REG_GEN[1].reg1_reg[17]/C
                         clock pessimism              0.508    -0.345    
    SLICE_X49Y45         FDRE (Hold_fdre_C_D)         0.091    -0.254    SEG7_upgrade_i/axi_gpio_1/U0/gpio_core_1/Not_Dual.ALLOUT0_ND.READ_REG_GEN[1].reg1_reg[17]
  -------------------------------------------------------------------
                         required time                          0.254    
                         arrival time                          -0.189    
  -------------------------------------------------------------------
                         slack                                  0.066    

Slack (MET) :             0.071ns  (arrival time - required time)
  Source:                 SEG7_upgrade_i/microblaze_0/U0/MicroBlaze_Core_I/Performance.Core/Decode_I/PC_Module_I/Instruction_Prefetch_Mux[31].Gen_Instr_DFF/Using_FPGA.Native/C
                            (rising edge-triggered cell FDRE clocked by clk_out1_SEG7_upgrade_clk_wiz_0_0  {rise@0.000ns fall@5.000ns period=10.000ns})
  Destination:            SEG7_upgrade_i/microblaze_0/U0/MicroBlaze_Core_I/Performance.Core/Decode_I/PC_Module_I/ex_pc_i_reg[31]/D
                            (rising edge-triggered cell FDRE clocked by clk_out1_SEG7_upgrade_clk_wiz_0_0  {rise@0.000ns fall@5.000ns period=10.000ns})
  Path Group:             clk_out1_SEG7_upgrade_clk_wiz_0_0
  Path Type:              Hold (Min at Fast Process Corner)
  Requirement:            0.000ns  (clk_out1_SEG7_upgrade_clk_wiz_0_0 rise@0.000ns - clk_out1_SEG7_upgrade_clk_wiz_0_0 rise@0.000ns)
  Data Path Delay:        0.384ns  (logic 0.141ns (36.677%)  route 0.243ns (63.323%))
  Logic Levels:           0  
  Clock Path Skew:        0.260ns (DCD - SCD - CPR)
    Destination Clock Delay (DCD):    -0.869ns
    Source Clock Delay      (SCD):    -0.625ns
    Clock Pessimism Removal (CPR):    -0.503ns

    Location             Delay type                Incr(ns)  Path(ns)    Netlist Resource(s)
  -------------------------------------------------------------------    -------------------
                         (clock clk_out1_SEG7_upgrade_clk_wiz_0_0 rise edge)
                                                      0.000     0.000 r  
    W5                                                0.000     0.000 r  sys_clock (IN)
                         net (fo=0)                   0.000     0.000    SEG7_upgrade_i/clk_wiz_0/inst/clk_in1
    W5                   IBUF (Prop_ibuf_I_O)         0.226     0.226 r  SEG7_upgrade_i/clk_wiz_0/inst/clkin1_ibufg/O
                         net (fo=1, routed)           0.440     0.667    SEG7_upgrade_i/clk_wiz_0/inst/clk_in1_SEG7_upgrade_clk_wiz_0_0
    MMCME2_ADV_X1Y0      MMCME2_ADV (Prop_mmcme2_adv_CLKIN1_CLKOUT0)
                                                     -2.360    -1.693 r  SEG7_upgrade_i/clk_wiz_0/inst/mmcm_adv_inst/CLKOUT0
                         net (fo=1, routed)           0.486    -1.207    SEG7_upgrade_i/clk_wiz_0/inst/clk_out1_SEG7_upgrade_clk_wiz_0_0
    BUFGCTRL_X0Y0        BUFG (Prop_bufg_I_O)         0.026    -1.181 r  SEG7_upgrade_i/clk_wiz_0/inst/clkout1_buf/O
                         net (fo=2577, routed)        0.556    -0.625    SEG7_upgrade_i/microblaze_0/U0/MicroBlaze_Core_I/Performance.Core/Decode_I/PC_Module_I/Instruction_Prefetch_Mux[31].Gen_Instr_DFF/Clk
    SLICE_X37Y18         FDRE                                         r  SEG7_upgrade_i/microblaze_0/U0/MicroBlaze_Core_I/Performance.Core/Decode_I/PC_Module_I/Instruction_Prefetch_Mux[31].Gen_Instr_DFF/Using_FPGA.Native/C
  -------------------------------------------------------------------    -------------------
    SLICE_X37Y18         FDRE (Prop_fdre_C_Q)         0.141    -0.484 r  SEG7_upgrade_i/microblaze_0/U0/MicroBlaze_Core_I/Performance.Core/Decode_I/PC_Module_I/Instruction_Prefetch_Mux[31].Gen_Instr_DFF/Using_FPGA.Native/Q
                         net (fo=4, routed)           0.243    -0.241    SEG7_upgrade_i/microblaze_0/U0/MicroBlaze_Core_I/Performance.Core/Decode_I/PC_Module_I/D[0]
    SLICE_X34Y19         FDRE                                         r  SEG7_upgrade_i/microblaze_0/U0/MicroBlaze_Core_I/Performance.Core/Decode_I/PC_Module_I/ex_pc_i_reg[31]/D
  -------------------------------------------------------------------    -------------------

                         (clock clk_out1_SEG7_upgrade_clk_wiz_0_0 rise edge)
                                                      0.000     0.000 r  
    W5                                                0.000     0.000 r  sys_clock (IN)
                         net (fo=0)                   0.000     0.000    SEG7_upgrade_i/clk_wiz_0/inst/clk_in1
    W5                   IBUF (Prop_ibuf_I_O)         0.414     0.414 r  SEG7_upgrade_i/clk_wiz_0/inst/clkin1_ibufg/O
                         net (fo=1, routed)           0.480     0.894    SEG7_upgrade_i/clk_wiz_0/inst/clk_in1_SEG7_upgrade_clk_wiz_0_0
    MMCME2_ADV_X1Y0      MMCME2_ADV (Prop_mmcme2_adv_CLKIN1_CLKOUT0)
                                                     -3.142    -2.248 r  SEG7_upgrade_i/clk_wiz_0/inst/mmcm_adv_inst/CLKOUT0
                         net (fo=1, routed)           0.530    -1.718    SEG7_upgrade_i/clk_wiz_0/inst/clk_out1_SEG7_upgrade_clk_wiz_0_0
    BUFGCTRL_X0Y0        BUFG (Prop_bufg_I_O)         0.029    -1.689 r  SEG7_upgrade_i/clk_wiz_0/inst/clkout1_buf/O
                         net (fo=2577, routed)        0.821    -0.869    SEG7_upgrade_i/microblaze_0/U0/MicroBlaze_Core_I/Performance.Core/Decode_I/PC_Module_I/Clk
    SLICE_X34Y19         FDRE                                         r  SEG7_upgrade_i/microblaze_0/U0/MicroBlaze_Core_I/Performance.Core/Decode_I/PC_Module_I/ex_pc_i_reg[31]/C
                         clock pessimism              0.503    -0.365    
    SLICE_X34Y19         FDRE (Hold_fdre_C_D)         0.053    -0.312    SEG7_upgrade_i/microblaze_0/U0/MicroBlaze_Core_I/Performance.Core/Decode_I/PC_Module_I/ex_pc_i_reg[31]
  -------------------------------------------------------------------
                         required time                          0.312    
                         arrival time                          -0.241    
  -------------------------------------------------------------------
                         slack                                  0.071    





Pulse Width Checks
--------------------------------------------------------------------------------------
Clock Name:         clk_out1_SEG7_upgrade_clk_wiz_0_0
Waveform(ns):       { 0.000 5.000 }
Period(ns):         10.000
Sources:            { SEG7_upgrade_i/clk_wiz_0/inst/mmcm_adv_inst/CLKOUT0 }

Check Type        Corner  Lib Pin             Reference Pin  Required(ns)  Actual(ns)  Slack(ns)  Location         Pin
Min Period        n/a     RAMB36E1/CLKARDCLK  n/a            2.576         10.000      7.424      RAMB36_X0Y4      SEG7_upgrade_i/microblaze_0_local_memory/lmb_bram/U0/inst_blk_mem_gen/gnbram.gnative_mem_map_bmg.native_mem_map_blk_mem_gen/valid.cstr/ramloop[10].ram.r/prim_noinit.ram/DEVICE_7SERIES.WITH_BMM_INFO.TRUE_DP.SIMPLE_PRIM36.TDP_SP36_NO_ECC_ATTR.ram/CLKARDCLK
Min Period        n/a     RAMB36E1/CLKBWRCLK  n/a            2.576         10.000      7.424      RAMB36_X0Y4      SEG7_upgrade_i/microblaze_0_local_memory/lmb_bram/U0/inst_blk_mem_gen/gnbram.gnative_mem_map_bmg.native_mem_map_blk_mem_gen/valid.cstr/ramloop[10].ram.r/prim_noinit.ram/DEVICE_7SERIES.WITH_BMM_INFO.TRUE_DP.SIMPLE_PRIM36.TDP_SP36_NO_ECC_ATTR.ram/CLKBWRCLK
Min Period        n/a     RAMB36E1/CLKARDCLK  n/a            2.576         10.000      7.424      RAMB36_X2Y6      SEG7_upgrade_i/microblaze_0_local_memory/lmb_bram/U0/inst_blk_mem_gen/gnbram.gnative_mem_map_bmg.native_mem_map_blk_mem_gen/valid.cstr/ramloop[13].ram.r/prim_noinit.ram/DEVICE_7SERIES.WITH_BMM_INFO.TRUE_DP.SIMPLE_PRIM36.TDP_SP36_NO_ECC_ATTR.ram/CLKARDCLK
Min Period        n/a     RAMB36E1/CLKBWRCLK  n/a            2.576         10.000      7.424      RAMB36_X2Y6      SEG7_upgrade_i/microblaze_0_local_memory/lmb_bram/U0/inst_blk_mem_gen/gnbram.gnative_mem_map_bmg.native_mem_map_blk_mem_gen/valid.cstr/ramloop[13].ram.r/prim_noinit.ram/DEVICE_7SERIES.WITH_BMM_INFO.TRUE_DP.SIMPLE_PRIM36.TDP_SP36_NO_ECC_ATTR.ram/CLKBWRCLK
Min Period        n/a     RAMB36E1/CLKARDCLK  n/a            2.576         10.000      7.424      RAMB36_X0Y2      SEG7_upgrade_i/microblaze_0_local_memory/lmb_bram/U0/inst_blk_mem_gen/gnbram.gnative_mem_map_bmg.native_mem_map_blk_mem_gen/valid.cstr/ramloop[16].ram.r/prim_noinit.ram/DEVICE_7SERIES.WITH_BMM_INFO.TRUE_DP.SIMPLE_PRIM36.TDP_SP36_NO_ECC_ATTR.ram/CLKARDCLK
Min Period        n/a     RAMB36E1/CLKBWRCLK  n/a            2.576         10.000      7.424      RAMB36_X0Y2      SEG7_upgrade_i/microblaze_0_local_memory/lmb_bram/U0/inst_blk_mem_gen/gnbram.gnative_mem_map_bmg.native_mem_map_blk_mem_gen/valid.cstr/ramloop[16].ram.r/prim_noinit.ram/DEVICE_7SERIES.WITH_BMM_INFO.TRUE_DP.SIMPLE_PRIM36.TDP_SP36_NO_ECC_ATTR.ram/CLKBWRCLK
Min Period        n/a     RAMB36E1/CLKARDCLK  n/a            2.576         10.000      7.424      RAMB36_X1Y2      SEG7_upgrade_i/microblaze_0_local_memory/lmb_bram/U0/inst_blk_mem_gen/gnbram.gnative_mem_map_bmg.native_mem_map_blk_mem_gen/valid.cstr/ramloop[19].ram.r/prim_noinit.ram/DEVICE_7SERIES.WITH_BMM_INFO.TRUE_DP.SIMPLE_PRIM36.TDP_SP36_NO_ECC_ATTR.ram/CLKARDCLK
Min Period        n/a     RAMB36E1/CLKBWRCLK  n/a            2.576         10.000      7.424      RAMB36_X1Y2      SEG7_upgrade_i/microblaze_0_local_memory/lmb_bram/U0/inst_blk_mem_gen/gnbram.gnative_mem_map_bmg.native_mem_map_blk_mem_gen/valid.cstr/ramloop[19].ram.r/prim_noinit.ram/DEVICE_7SERIES.WITH_BMM_INFO.TRUE_DP.SIMPLE_PRIM36.TDP_SP36_NO_ECC_ATTR.ram/CLKBWRCLK
Min Period        n/a     RAMB36E1/CLKARDCLK  n/a            2.576         10.000      7.424      RAMB36_X1Y4      SEG7_upgrade_i/microblaze_0_local_memory/lmb_bram/U0/inst_blk_mem_gen/gnbram.gnative_mem_map_bmg.native_mem_map_blk_mem_gen/valid.cstr/ramloop[21].ram.r/prim_noinit.ram/DEVICE_7SERIES.WITH_BMM_INFO.TRUE_DP.SIMPLE_PRIM36.TDP_SP36_NO_ECC_ATTR.ram/CLKARDCLK
Min Period        n/a     RAMB36E1/CLKBWRCLK  n/a            2.576         10.000      7.424      RAMB36_X1Y4      SEG7_upgrade_i/microblaze_0_local_memory/lmb_bram/U0/inst_blk_mem_gen/gnbram.gnative_mem_map_bmg.native_mem_map_blk_mem_gen/valid.cstr/ramloop[21].ram.r/prim_noinit.ram/DEVICE_7SERIES.WITH_BMM_INFO.TRUE_DP.SIMPLE_PRIM36.TDP_SP36_NO_ECC_ATTR.ram/CLKBWRCLK
Max Period        n/a     MMCME2_ADV/CLKOUT0  n/a            213.360       10.000      203.360    MMCME2_ADV_X1Y0  SEG7_upgrade_i/clk_wiz_0/inst/mmcm_adv_inst/CLKOUT0
Low Pulse Width   Slow    RAMD32/CLK          n/a            1.250         5.000       3.750      SLICE_X38Y27     SEG7_upgrade_i/microblaze_0/U0/MicroBlaze_Core_I/Performance.Core/Data_Flow_I/Register_File_I/Using_LUT6.All_RAM32M[0].ram32m_i/Using_FPGA.Native/RAMA/CLK
Low Pulse Width   Slow    RAMD32/CLK          n/a            1.250         5.000       3.750      SLICE_X38Y27     SEG7_upgrade_i/microblaze_0/U0/MicroBlaze_Core_I/Performance.Core/Data_Flow_I/Register_File_I/Using_LUT6.All_RAM32M[0].ram32m_i/Using_FPGA.Native/RAMA_D1/CLK
Low Pulse Width   Slow    RAMD32/CLK          n/a            1.250         5.000       3.750      SLICE_X38Y27     SEG7_upgrade_i/microblaze_0/U0/MicroBlaze_Core_I/Performance.Core/Data_Flow_I/Register_File_I/Using_LUT6.All_RAM32M[0].ram32m_i/Using_FPGA.Native/RAMB/CLK
Low Pulse Width   Slow    RAMD32/CLK          n/a            1.250         5.000       3.750      SLICE_X38Y27     SEG7_upgrade_i/microblaze_0/U0/MicroBlaze_Core_I/Performance.Core/Data_Flow_I/Register_File_I/Using_LUT6.All_RAM32M[0].ram32m_i/Using_FPGA.Native/RAMB_D1/CLK
Low Pulse Width   Slow    RAMD32/CLK          n/a            1.250         5.000       3.750      SLICE_X38Y27     SEG7_upgrade_i/microblaze_0/U0/MicroBlaze_Core_I/Performance.Core/Data_Flow_I/Register_File_I/Using_LUT6.All_RAM32M[0].ram32m_i/Using_FPGA.Native/RAMC/CLK
Low Pulse Width   Slow    RAMD32/CLK          n/a            1.250         5.000       3.750      SLICE_X38Y27     SEG7_upgrade_i/microblaze_0/U0/MicroBlaze_Core_I/Performance.Core/Data_Flow_I/Register_File_I/Using_LUT6.All_RAM32M[0].ram32m_i/Using_FPGA.Native/RAMC_D1/CLK
Low Pulse Width   Slow    RAMS32/CLK          n/a            1.250         5.000       3.750      SLICE_X38Y27     SEG7_upgrade_i/microblaze_0/U0/MicroBlaze_Core_I/Performance.Core/Data_Flow_I/Register_File_I/Using_LUT6.All_RAM32M[0].ram32m_i/Using_FPGA.Native/RAMD/CLK
Low Pulse Width   Slow    RAMS32/CLK          n/a            1.250         5.000       3.750      SLICE_X38Y27     SEG7_upgrade_i/microblaze_0/U0/MicroBlaze_Core_I/Performance.Core/Data_Flow_I/Register_File_I/Using_LUT6.All_RAM32M[0].ram32m_i/Using_FPGA.Native/RAMD_D1/CLK
Low Pulse Width   Slow    RAMD32/CLK          n/a            1.250         5.000       3.750      SLICE_X42Y35     SEG7_upgrade_i/microblaze_0_axi_intc/U0/INTC_CORE_I/IVAR_FAST_MODE_GEN.IVAR_REG_MEM_AXI_CLK_GEN.IVAR_REG_MEM_I/ram_i[0].ram_reg_0_15_17_17/DP/CLK
Low Pulse Width   Fast    RAMD32/CLK          n/a            1.250         5.000       3.750      SLICE_X42Y35     SEG7_upgrade_i/microblaze_0_axi_intc/U0/INTC_CORE_I/IVAR_FAST_MODE_GEN.IVAR_REG_MEM_AXI_CLK_GEN.IVAR_REG_MEM_I/ram_i[0].ram_reg_0_15_17_17/DP/CLK
High Pulse Width  Fast    RAMD32/CLK          n/a            1.250         5.000       3.750      SLICE_X38Y27     SEG7_upgrade_i/microblaze_0/U0/MicroBlaze_Core_I/Performance.Core/Data_Flow_I/Register_File_I/Using_LUT6.All_RAM32M[0].ram32m_i/Using_FPGA.Native/RAMA/CLK
High Pulse Width  Fast    RAMD32/CLK          n/a            1.250         5.000       3.750      SLICE_X38Y27     SEG7_upgrade_i/microblaze_0/U0/MicroBlaze_Core_I/Performance.Core/Data_Flow_I/Register_File_I/Using_LUT6.All_RAM32M[0].ram32m_i/Using_FPGA.Native/RAMA_D1/CLK
High Pulse Width  Fast    RAMD32/CLK          n/a            1.250         5.000       3.750      SLICE_X38Y27     SEG7_upgrade_i/microblaze_0/U0/MicroBlaze_Core_I/Performance.Core/Data_Flow_I/Register_File_I/Using_LUT6.All_RAM32M[0].ram32m_i/Using_FPGA.Native/RAMB/CLK
High Pulse Width  Fast    RAMD32/CLK          n/a            1.250         5.000       3.750      SLICE_X38Y27     SEG7_upgrade_i/microblaze_0/U0/MicroBlaze_Core_I/Performance.Core/Data_Flow_I/Register_File_I/Using_LUT6.All_RAM32M[0].ram32m_i/Using_FPGA.Native/RAMB_D1/CLK
High Pulse Width  Fast    RAMD32/CLK          n/a            1.250         5.000       3.750      SLICE_X38Y27     SEG7_upgrade_i/microblaze_0/U0/MicroBlaze_Core_I/Performance.Core/Data_Flow_I/Register_File_I/Using_LUT6.All_RAM32M[0].ram32m_i/Using_FPGA.Native/RAMC/CLK
High Pulse Width  Fast    RAMD32/CLK          n/a            1.250         5.000       3.750      SLICE_X38Y27     SEG7_upgrade_i/microblaze_0/U0/MicroBlaze_Core_I/Performance.Core/Data_Flow_I/Register_File_I/Using_LUT6.All_RAM32M[0].ram32m_i/Using_FPGA.Native/RAMC_D1/CLK
High Pulse Width  Fast    RAMS32/CLK          n/a            1.250         5.000       3.750      SLICE_X38Y27     SEG7_upgrade_i/microblaze_0/U0/MicroBlaze_Core_I/Performance.Core/Data_Flow_I/Register_File_I/Using_LUT6.All_RAM32M[0].ram32m_i/Using_FPGA.Native/RAMD/CLK
High Pulse Width  Fast    RAMS32/CLK          n/a            1.250         5.000       3.750      SLICE_X38Y27     SEG7_upgrade_i/microblaze_0/U0/MicroBlaze_Core_I/Performance.Core/Data_Flow_I/Register_File_I/Using_LUT6.All_RAM32M[0].ram32m_i/Using_FPGA.Native/RAMD_D1/CLK
High Pulse Width  Slow    RAMD32/CLK          n/a            1.250         5.000       3.750      SLICE_X34Y21     SEG7_upgrade_i/microblaze_0/U0/MicroBlaze_Core_I/Performance.Core/Data_Flow_I/Register_File_I/Using_LUT6.All_RAM32M[11].ram32m_i/Using_FPGA.Native/RAMA/CLK
High Pulse Width  Slow    RAMD32/CLK          n/a            1.250         5.000       3.750      SLICE_X34Y21     SEG7_upgrade_i/microblaze_0/U0/MicroBlaze_Core_I/Performance.Core/Data_Flow_I/Register_File_I/Using_LUT6.All_RAM32M[11].ram32m_i/Using_FPGA.Native/RAMA_D1/CLK



---------------------------------------------------------------------------------------------------
From Clock:  clkfbout_SEG7_upgrade_clk_wiz_0_0
  To Clock:  clkfbout_SEG7_upgrade_clk_wiz_0_0

Setup :           NA  Failing Endpoints,  Worst Slack           NA  ,  Total Violation           NA
Hold  :           NA  Failing Endpoints,  Worst Slack           NA  ,  Total Violation           NA
PW    :            0  Failing Endpoints,  Worst Slack        7.845ns,  Total Violation        0.000ns
---------------------------------------------------------------------------------------------------


Pulse Width Checks
--------------------------------------------------------------------------------------
Clock Name:         clkfbout_SEG7_upgrade_clk_wiz_0_0
Waveform(ns):       { 0.000 5.000 }
Period(ns):         10.000
Sources:            { SEG7_upgrade_i/clk_wiz_0/inst/mmcm_adv_inst/CLKFBOUT }

Check Type  Corner  Lib Pin              Reference Pin  Required(ns)  Actual(ns)  Slack(ns)  Location         Pin
Min Period  n/a     BUFG/I               n/a            2.155         10.000      7.845      BUFGCTRL_X0Y2    SEG7_upgrade_i/clk_wiz_0/inst/clkf_buf/I
Min Period  n/a     MMCME2_ADV/CLKFBOUT  n/a            1.249         10.000      8.751      MMCME2_ADV_X1Y0  SEG7_upgrade_i/clk_wiz_0/inst/mmcm_adv_inst/CLKFBOUT
Min Period  n/a     MMCME2_ADV/CLKFBIN   n/a            1.249         10.000      8.751      MMCME2_ADV_X1Y0  SEG7_upgrade_i/clk_wiz_0/inst/mmcm_adv_inst/CLKFBIN
Max Period  n/a     MMCME2_ADV/CLKFBIN   n/a            100.000       10.000      90.000     MMCME2_ADV_X1Y0  SEG7_upgrade_i/clk_wiz_0/inst/mmcm_adv_inst/CLKFBIN
Max Period  n/a     MMCME2_ADV/CLKFBOUT  n/a            213.360       10.000      203.360    MMCME2_ADV_X1Y0  SEG7_upgrade_i/clk_wiz_0/inst/mmcm_adv_inst/CLKFBOUT



