15:35:49 INFO  : Registering command handlers for SDK TCF services
15:35:49 INFO  : Launching XSCT server: xsct.bat -interactive U:\Documents\SoC\TP\TP_ublaze_3IS\TP_ublaze_3IS.sdk\temp_xsdb_launch_script.tcl
15:35:52 INFO  : XSCT server has started successfully.
15:35:52 INFO  : Successfully done setting XSCT server connection channel  
15:35:52 INFO  : Processing command line option -hwspec U:/Documents/SoC/TP/TP_ublaze_3IS/TP_ublaze_3IS.sdk/ublaze_system_wrapper.hdf.
15:35:52 INFO  : Successfully done setting SDK workspace  
15:38:06 INFO  : Connected to target on host '127.0.0.1' and port '3121'.
15:38:06 INFO  : 'targets -set -filter {jtag_cable_name =~ "Digilent Basys3 210183A4DA48A" && level==0} -index 0' command is executed.
15:38:07 INFO  : FPGA configured successfully with bitstream "U:/Documents/SoC/TP/TP_ublaze_3IS/TP_ublaze_3IS.sdk/ublaze_system_wrapper_hw_platform_0/download.bit"
15:38:19 INFO  : 'targets -set -filter {jtag_cable_name =~ "Digilent Basys3 210183A4DA48A" && level==0} -index 0' command is executed.
15:38:19 INFO  : 'fpga -state' command is executed.
15:38:19 INFO  : Connected to target on host '127.0.0.1' and port '3121'.
15:38:20 INFO  : Jtag cable 'Digilent Basys3 210183A4DA48A' is selected.
15:38:20 INFO  : 'jtag frequency' command is executed.
15:38:20 INFO  : 'configparams mdm-detect-bscan-mask 2' command is executed.
15:38:20 INFO  : Context for processor 'microblaze_0' is selected.
15:38:20 INFO  : Processor reset is completed for 'microblaze_0'.
15:38:20 INFO  : Context for processor 'microblaze_0' is selected.
15:38:20 INFO  : The application 'U:/Documents/SoC/TP/TP_ublaze_3IS/TP_ublaze_3IS.sdk/Test_IP/Debug/Test_IP.elf' is downloaded to processor 'microblaze_0'.
15:38:20 INFO  : ----------------XSDB Script----------------
connect -url tcp:127.0.0.1:3121
configparams mdm-detect-bscan-mask 2
targets -set -nocase -filter {name =~ "microblaze*#0" && bscan=="USER2"  && jtag_cable_name =~ "Digilent Basys3 210183A4DA48A"} -index 0
rst -processor
targets -set -nocase -filter {name =~ "microblaze*#0" && bscan=="USER2"  && jtag_cable_name =~ "Digilent Basys3 210183A4DA48A"} -index 0
dow U:/Documents/SoC/TP/TP_ublaze_3IS/TP_ublaze_3IS.sdk/Test_IP/Debug/Test_IP.elf
----------------End of Script----------------

15:38:20 INFO  : Memory regions updated for context PA
15:38:20 INFO  : Memory regions updated for context PA
15:38:20 INFO  : Context for processor 'microblaze_0' is selected.
15:38:20 INFO  : 'con' command is executed.
15:38:20 INFO  : ----------------XSDB Script (After Launch)----------------
targets -set -nocase -filter {name =~ "microblaze*#0" && bscan=="USER2"  && jtag_cable_name =~ "Digilent Basys3 210183A4DA48A"} -index 0
con
----------------End of Script----------------

15:38:20 INFO  : Launch script is exported to file 'U:\Documents\SoC\TP\TP_ublaze_3IS\TP_ublaze_3IS.sdk\.sdk\launch_scripts\xilinx_c-c++_application_(system_debugger)\system_debugger_using_debug_test_ip.elf_on_local.tcl'
15:43:07 INFO  : Disconnected from the channel tcfchan#1.
15:43:08 INFO  : 'targets -set -filter {jtag_cable_name =~ "Digilent Basys3 210183A4DA48A" && level==0} -index 0' command is executed.
15:43:08 INFO  : 'fpga -state' command is executed.
15:43:08 INFO  : Connected to target on host '127.0.0.1' and port '3121'.
15:43:08 INFO  : Jtag cable 'Digilent Basys3 210183A4DA48A' is selected.
15:43:08 INFO  : 'jtag frequency' command is executed.
15:43:08 INFO  : 'configparams mdm-detect-bscan-mask 2' command is executed.
15:43:08 INFO  : Context for processor 'microblaze_0' is selected.
15:43:08 INFO  : Processor reset is completed for 'microblaze_0'.
15:43:08 INFO  : Context for processor 'microblaze_0' is selected.
15:43:08 INFO  : The application 'U:/Documents/SoC/TP/TP_ublaze_3IS/TP_ublaze_3IS.sdk/Test_IP/Debug/Test_IP.elf' is downloaded to processor 'microblaze_0'.
15:43:08 INFO  : ----------------XSDB Script----------------
connect -url tcp:127.0.0.1:3121
configparams mdm-detect-bscan-mask 2
targets -set -nocase -filter {name =~ "microblaze*#0" && bscan=="USER2"  && jtag_cable_name =~ "Digilent Basys3 210183A4DA48A"} -index 0
rst -processor
targets -set -nocase -filter {name =~ "microblaze*#0" && bscan=="USER2"  && jtag_cable_name =~ "Digilent Basys3 210183A4DA48A"} -index 0
dow U:/Documents/SoC/TP/TP_ublaze_3IS/TP_ublaze_3IS.sdk/Test_IP/Debug/Test_IP.elf
----------------End of Script----------------

15:43:08 INFO  : Memory regions updated for context PA
15:43:08 INFO  : Memory regions updated for context PA
15:43:08 INFO  : Context for processor 'microblaze_0' is selected.
15:43:08 INFO  : 'con' command is executed.
15:43:08 INFO  : ----------------XSDB Script (After Launch)----------------
targets -set -nocase -filter {name =~ "microblaze*#0" && bscan=="USER2"  && jtag_cable_name =~ "Digilent Basys3 210183A4DA48A"} -index 0
con
----------------End of Script----------------

15:43:08 INFO  : Launch script is exported to file 'U:\Documents\SoC\TP\TP_ublaze_3IS\TP_ublaze_3IS.sdk\.sdk\launch_scripts\xilinx_c-c++_application_(system_debugger)\system_debugger_using_debug_test_ip.elf_on_local.tcl'
15:48:01 INFO  : Disconnected from the channel tcfchan#2.
15:48:02 INFO  : 'targets -set -filter {jtag_cable_name =~ "Digilent Basys3 210183A4DA48A" && level==0} -index 0' command is executed.
15:48:02 INFO  : 'fpga -state' command is executed.
15:48:02 INFO  : Connected to target on host '127.0.0.1' and port '3121'.
15:48:02 INFO  : Jtag cable 'Digilent Basys3 210183A4DA48A' is selected.
15:48:02 INFO  : 'jtag frequency' command is executed.
15:48:02 INFO  : 'configparams mdm-detect-bscan-mask 2' command is executed.
15:48:02 INFO  : Context for processor 'microblaze_0' is selected.
15:48:02 INFO  : Processor reset is completed for 'microblaze_0'.
15:48:02 INFO  : Context for processor 'microblaze_0' is selected.
15:48:02 INFO  : The application 'U:/Documents/SoC/TP/TP_ublaze_3IS/TP_ublaze_3IS.sdk/Test_IP/Debug/Test_IP.elf' is downloaded to processor 'microblaze_0'.
15:48:02 INFO  : ----------------XSDB Script----------------
connect -url tcp:127.0.0.1:3121
configparams mdm-detect-bscan-mask 2
targets -set -nocase -filter {name =~ "microblaze*#0" && bscan=="USER2"  && jtag_cable_name =~ "Digilent Basys3 210183A4DA48A"} -index 0
rst -processor
targets -set -nocase -filter {name =~ "microblaze*#0" && bscan=="USER2"  && jtag_cable_name =~ "Digilent Basys3 210183A4DA48A"} -index 0
dow U:/Documents/SoC/TP/TP_ublaze_3IS/TP_ublaze_3IS.sdk/Test_IP/Debug/Test_IP.elf
----------------End of Script----------------

15:48:02 INFO  : Memory regions updated for context PA
15:48:02 INFO  : Memory regions updated for context PA
15:48:02 INFO  : Context for processor 'microblaze_0' is selected.
15:48:02 INFO  : 'con' command is executed.
15:48:02 INFO  : ----------------XSDB Script (After Launch)----------------
targets -set -nocase -filter {name =~ "microblaze*#0" && bscan=="USER2"  && jtag_cable_name =~ "Digilent Basys3 210183A4DA48A"} -index 0
con
----------------End of Script----------------

15:48:02 INFO  : Launch script is exported to file 'U:\Documents\SoC\TP\TP_ublaze_3IS\TP_ublaze_3IS.sdk\.sdk\launch_scripts\xilinx_c-c++_application_(system_debugger)\system_debugger_using_debug_test_ip.elf_on_local.tcl'
15:51:54 INFO  : Disconnected from the channel tcfchan#3.
15:51:56 INFO  : 'targets -set -filter {jtag_cable_name =~ "Digilent Basys3 210183A4DA48A" && level==0} -index 0' command is executed.
15:51:56 INFO  : 'fpga -state' command is executed.
15:51:56 INFO  : Connected to target on host '127.0.0.1' and port '3121'.
15:51:56 INFO  : Jtag cable 'Digilent Basys3 210183A4DA48A' is selected.
15:51:56 INFO  : 'jtag frequency' command is executed.
15:51:56 INFO  : 'configparams mdm-detect-bscan-mask 2' command is executed.
15:51:56 INFO  : Context for processor 'microblaze_0' is selected.
15:51:56 INFO  : Processor reset is completed for 'microblaze_0'.
15:51:56 INFO  : Context for processor 'microblaze_0' is selected.
15:51:56 INFO  : The application 'U:/Documents/SoC/TP/TP_ublaze_3IS/TP_ublaze_3IS.sdk/Test_IP/Debug/Test_IP.elf' is downloaded to processor 'microblaze_0'.
15:51:56 INFO  : ----------------XSDB Script----------------
connect -url tcp:127.0.0.1:3121
configparams mdm-detect-bscan-mask 2
targets -set -nocase -filter {name =~ "microblaze*#0" && bscan=="USER2"  && jtag_cable_name =~ "Digilent Basys3 210183A4DA48A"} -index 0
rst -processor
targets -set -nocase -filter {name =~ "microblaze*#0" && bscan=="USER2"  && jtag_cable_name =~ "Digilent Basys3 210183A4DA48A"} -index 0
dow U:/Documents/SoC/TP/TP_ublaze_3IS/TP_ublaze_3IS.sdk/Test_IP/Debug/Test_IP.elf
----------------End of Script----------------

15:51:56 INFO  : Memory regions updated for context PA
15:51:56 INFO  : Memory regions updated for context PA
15:51:56 INFO  : Context for processor 'microblaze_0' is selected.
15:51:56 INFO  : 'con' command is executed.
15:51:56 INFO  : ----------------XSDB Script (After Launch)----------------
targets -set -nocase -filter {name =~ "microblaze*#0" && bscan=="USER2"  && jtag_cable_name =~ "Digilent Basys3 210183A4DA48A"} -index 0
con
----------------End of Script----------------

15:51:56 INFO  : Launch script is exported to file 'U:\Documents\SoC\TP\TP_ublaze_3IS\TP_ublaze_3IS.sdk\.sdk\launch_scripts\xilinx_c-c++_application_(system_debugger)\system_debugger_using_debug_test_ip.elf_on_local.tcl'
16:04:00 INFO  : Disconnected from the channel tcfchan#4.
16:04:01 INFO  : 'targets -set -filter {jtag_cable_name =~ "Digilent Basys3 210183A4DA48A" && level==0} -index 0' command is executed.
16:04:01 INFO  : 'fpga -state' command is executed.
16:04:01 INFO  : Connected to target on host '127.0.0.1' and port '3121'.
16:04:01 INFO  : Jtag cable 'Digilent Basys3 210183A4DA48A' is selected.
16:04:01 INFO  : 'jtag frequency' command is executed.
16:04:01 INFO  : 'configparams mdm-detect-bscan-mask 2' command is executed.
16:04:01 INFO  : Context for processor 'microblaze_0' is selected.
16:04:01 INFO  : Processor reset is completed for 'microblaze_0'.
16:04:01 INFO  : Context for processor 'microblaze_0' is selected.
16:04:01 INFO  : The application 'U:/Documents/SoC/TP/TP_ublaze_3IS/TP_ublaze_3IS.sdk/Test_IP/Debug/Test_IP.elf' is downloaded to processor 'microblaze_0'.
16:04:01 INFO  : ----------------XSDB Script----------------
connect -url tcp:127.0.0.1:3121
configparams mdm-detect-bscan-mask 2
targets -set -nocase -filter {name =~ "microblaze*#0" && bscan=="USER2"  && jtag_cable_name =~ "Digilent Basys3 210183A4DA48A"} -index 0
rst -processor
targets -set -nocase -filter {name =~ "microblaze*#0" && bscan=="USER2"  && jtag_cable_name =~ "Digilent Basys3 210183A4DA48A"} -index 0
dow U:/Documents/SoC/TP/TP_ublaze_3IS/TP_ublaze_3IS.sdk/Test_IP/Debug/Test_IP.elf
----------------End of Script----------------

16:04:01 INFO  : Memory regions updated for context PA
16:04:01 INFO  : Memory regions updated for context PA
16:04:01 INFO  : Context for processor 'microblaze_0' is selected.
16:04:01 INFO  : 'con' command is executed.
16:04:01 INFO  : ----------------XSDB Script (After Launch)----------------
targets -set -nocase -filter {name =~ "microblaze*#0" && bscan=="USER2"  && jtag_cable_name =~ "Digilent Basys3 210183A4DA48A"} -index 0
con
----------------End of Script----------------

16:04:01 INFO  : Launch script is exported to file 'U:\Documents\SoC\TP\TP_ublaze_3IS\TP_ublaze_3IS.sdk\.sdk\launch_scripts\xilinx_c-c++_application_(system_debugger)\system_debugger_using_debug_test_ip.elf_on_local.tcl'
16:04:51 INFO  : Disconnected from the channel tcfchan#5.
16:04:52 INFO  : 'targets -set -filter {jtag_cable_name =~ "Digilent Basys3 210183A4DA48A" && level==0} -index 0' command is executed.
16:04:52 INFO  : 'fpga -state' command is executed.
16:04:52 INFO  : Connected to target on host '127.0.0.1' and port '3121'.
16:04:52 INFO  : Jtag cable 'Digilent Basys3 210183A4DA48A' is selected.
16:04:52 INFO  : 'jtag frequency' command is executed.
16:04:52 INFO  : 'configparams mdm-detect-bscan-mask 2' command is executed.
16:04:52 INFO  : Context for processor 'microblaze_0' is selected.
16:04:52 INFO  : Processor reset is completed for 'microblaze_0'.
16:04:52 INFO  : Context for processor 'microblaze_0' is selected.
16:04:52 INFO  : The application 'U:/Documents/SoC/TP/TP_ublaze_3IS/TP_ublaze_3IS.sdk/Test_IP/Debug/Test_IP.elf' is downloaded to processor 'microblaze_0'.
16:04:52 INFO  : ----------------XSDB Script----------------
connect -url tcp:127.0.0.1:3121
configparams mdm-detect-bscan-mask 2
targets -set -nocase -filter {name =~ "microblaze*#0" && bscan=="USER2"  && jtag_cable_name =~ "Digilent Basys3 210183A4DA48A"} -index 0
rst -processor
targets -set -nocase -filter {name =~ "microblaze*#0" && bscan=="USER2"  && jtag_cable_name =~ "Digilent Basys3 210183A4DA48A"} -index 0
dow U:/Documents/SoC/TP/TP_ublaze_3IS/TP_ublaze_3IS.sdk/Test_IP/Debug/Test_IP.elf
----------------End of Script----------------

16:04:52 INFO  : Memory regions updated for context PA
16:04:52 INFO  : Memory regions updated for context PA
16:04:52 INFO  : Context for processor 'microblaze_0' is selected.
16:04:52 INFO  : 'con' command is executed.
16:04:52 INFO  : ----------------XSDB Script (After Launch)----------------
targets -set -nocase -filter {name =~ "microblaze*#0" && bscan=="USER2"  && jtag_cable_name =~ "Digilent Basys3 210183A4DA48A"} -index 0
con
----------------End of Script----------------

16:04:52 INFO  : Launch script is exported to file 'U:\Documents\SoC\TP\TP_ublaze_3IS\TP_ublaze_3IS.sdk\.sdk\launch_scripts\xilinx_c-c++_application_(system_debugger)\system_debugger_using_debug_test_ip.elf_on_local.tcl'
16:11:17 INFO  : Disconnected from the channel tcfchan#6.
16:11:18 INFO  : 'targets -set -filter {jtag_cable_name =~ "Digilent Basys3 210183A4DA48A" && level==0} -index 0' command is executed.
16:11:18 INFO  : 'fpga -state' command is executed.
16:11:18 INFO  : Connected to target on host '127.0.0.1' and port '3121'.
16:11:18 INFO  : Jtag cable 'Digilent Basys3 210183A4DA48A' is selected.
16:11:18 INFO  : 'jtag frequency' command is executed.
16:11:18 INFO  : 'configparams mdm-detect-bscan-mask 2' command is executed.
16:11:18 INFO  : Context for processor 'microblaze_0' is selected.
16:11:18 INFO  : Processor reset is completed for 'microblaze_0'.
16:11:19 INFO  : Context for processor 'microblaze_0' is selected.
16:11:19 INFO  : The application 'U:/Documents/SoC/TP/TP_ublaze_3IS/TP_ublaze_3IS.sdk/Test_IP/Debug/Test_IP.elf' is downloaded to processor 'microblaze_0'.
16:11:19 INFO  : ----------------XSDB Script----------------
connect -url tcp:127.0.0.1:3121
configparams mdm-detect-bscan-mask 2
targets -set -nocase -filter {name =~ "microblaze*#0" && bscan=="USER2"  && jtag_cable_name =~ "Digilent Basys3 210183A4DA48A"} -index 0
rst -processor
targets -set -nocase -filter {name =~ "microblaze*#0" && bscan=="USER2"  && jtag_cable_name =~ "Digilent Basys3 210183A4DA48A"} -index 0
dow U:/Documents/SoC/TP/TP_ublaze_3IS/TP_ublaze_3IS.sdk/Test_IP/Debug/Test_IP.elf
----------------End of Script----------------

16:11:19 INFO  : Memory regions updated for context PA
16:11:19 INFO  : Memory regions updated for context PA
16:11:19 INFO  : Context for processor 'microblaze_0' is selected.
16:11:19 INFO  : 'con' command is executed.
16:11:19 INFO  : ----------------XSDB Script (After Launch)----------------
targets -set -nocase -filter {name =~ "microblaze*#0" && bscan=="USER2"  && jtag_cable_name =~ "Digilent Basys3 210183A4DA48A"} -index 0
con
----------------End of Script----------------

16:11:19 INFO  : Launch script is exported to file 'U:\Documents\SoC\TP\TP_ublaze_3IS\TP_ublaze_3IS.sdk\.sdk\launch_scripts\xilinx_c-c++_application_(system_debugger)\system_debugger_using_debug_test_ip.elf_on_local.tcl'
16:12:33 INFO  : Disconnected from the channel tcfchan#7.
16:12:34 INFO  : 'targets -set -filter {jtag_cable_name =~ "Digilent Basys3 210183A4DA48A" && level==0} -index 0' command is executed.
16:12:35 INFO  : 'fpga -state' command is executed.
16:12:35 INFO  : Connected to target on host '127.0.0.1' and port '3121'.
16:12:35 INFO  : Jtag cable 'Digilent Basys3 210183A4DA48A' is selected.
16:12:35 INFO  : 'jtag frequency' command is executed.
16:12:35 INFO  : 'configparams mdm-detect-bscan-mask 2' command is executed.
16:12:35 INFO  : Context for processor 'microblaze_0' is selected.
16:12:35 INFO  : Processor reset is completed for 'microblaze_0'.
16:12:35 INFO  : Context for processor 'microblaze_0' is selected.
16:12:35 INFO  : The application 'U:/Documents/SoC/TP/TP_ublaze_3IS/TP_ublaze_3IS.sdk/Test_IP/Debug/Test_IP.elf' is downloaded to processor 'microblaze_0'.
16:12:35 INFO  : ----------------XSDB Script----------------
connect -url tcp:127.0.0.1:3121
configparams mdm-detect-bscan-mask 2
targets -set -nocase -filter {name =~ "microblaze*#0" && bscan=="USER2"  && jtag_cable_name =~ "Digilent Basys3 210183A4DA48A"} -index 0
rst -processor
targets -set -nocase -filter {name =~ "microblaze*#0" && bscan=="USER2"  && jtag_cable_name =~ "Digilent Basys3 210183A4DA48A"} -index 0
dow U:/Documents/SoC/TP/TP_ublaze_3IS/TP_ublaze_3IS.sdk/Test_IP/Debug/Test_IP.elf
----------------End of Script----------------

16:12:35 INFO  : Memory regions updated for context PA
16:12:35 INFO  : Memory regions updated for context PA
16:12:35 INFO  : Context for processor 'microblaze_0' is selected.
16:12:35 INFO  : 'con' command is executed.
16:12:35 INFO  : ----------------XSDB Script (After Launch)----------------
targets -set -nocase -filter {name =~ "microblaze*#0" && bscan=="USER2"  && jtag_cable_name =~ "Digilent Basys3 210183A4DA48A"} -index 0
con
----------------End of Script----------------

16:12:35 INFO  : Launch script is exported to file 'U:\Documents\SoC\TP\TP_ublaze_3IS\TP_ublaze_3IS.sdk\.sdk\launch_scripts\xilinx_c-c++_application_(system_debugger)\system_debugger_using_debug_test_ip.elf_on_local.tcl'
16:15:27 INFO  : Disconnected from the channel tcfchan#8.
16:17:21 INFO  : Connected to target on host '127.0.0.1' and port '3121'.
16:17:21 INFO  : 'targets -set -filter {jtag_cable_name =~ "Digilent Basys3 210183A4DA48A" && level==0} -index 0' command is executed.
16:17:22 INFO  : FPGA configured successfully with bitstream "U:/Documents/SoC/TP/TP_ublaze_3IS/TP_ublaze_3IS.sdk/ublaze_system_wrapper_hw_platform_0/download.bit"
16:18:11 INFO  : 'targets -set -filter {jtag_cable_name =~ "Digilent Basys3 210183A4DA48A" && level==0} -index 0' command is executed.
16:18:11 INFO  : 'fpga -state' command is executed.
16:18:11 INFO  : Connected to target on host '127.0.0.1' and port '3121'.
16:18:12 INFO  : Jtag cable 'Digilent Basys3 210183A4DA48A' is selected.
16:18:12 INFO  : 'jtag frequency' command is executed.
16:18:12 INFO  : 'configparams mdm-detect-bscan-mask 2' command is executed.
16:18:12 INFO  : Context for processor 'microblaze_0' is selected.
16:18:12 INFO  : Processor reset is completed for 'microblaze_0'.
16:18:12 INFO  : Context for processor 'microblaze_0' is selected.
16:18:12 INFO  : The application 'U:/Documents/SoC/TP/TP_ublaze_3IS/TP_ublaze_3IS.sdk/Test_IP/Debug/Test_IP.elf' is downloaded to processor 'microblaze_0'.
16:18:12 INFO  : ----------------XSDB Script----------------
connect -url tcp:127.0.0.1:3121
configparams mdm-detect-bscan-mask 2
targets -set -nocase -filter {name =~ "microblaze*#0" && bscan=="USER2"  && jtag_cable_name =~ "Digilent Basys3 210183A4DA48A"} -index 0
rst -processor
targets -set -nocase -filter {name =~ "microblaze*#0" && bscan=="USER2"  && jtag_cable_name =~ "Digilent Basys3 210183A4DA48A"} -index 0
dow U:/Documents/SoC/TP/TP_ublaze_3IS/TP_ublaze_3IS.sdk/Test_IP/Debug/Test_IP.elf
----------------End of Script----------------

16:18:12 INFO  : Memory regions updated for context PA
16:18:12 INFO  : Memory regions updated for context PA
16:18:12 INFO  : Context for processor 'microblaze_0' is selected.
16:18:12 INFO  : 'con' command is executed.
16:18:12 INFO  : ----------------XSDB Script (After Launch)----------------
targets -set -nocase -filter {name =~ "microblaze*#0" && bscan=="USER2"  && jtag_cable_name =~ "Digilent Basys3 210183A4DA48A"} -index 0
con
----------------End of Script----------------

16:18:12 INFO  : Launch script is exported to file 'U:\Documents\SoC\TP\TP_ublaze_3IS\TP_ublaze_3IS.sdk\.sdk\launch_scripts\xilinx_c-c++_application_(system_debugger)\system_debugger_using_debug_test_ip.elf_on_local.tcl'
16:26:15 INFO  : SDK has detected change in the last modified timestamps for source hardware specification file Source:1762529133546,  Project:1762526028458
16:26:15 INFO  : Project ublaze_system_wrapper_hw_platform_0's source hardware specification located at U:/Documents/SoC/TP/TP_ublaze_3IS/TP_ublaze_3IS.sdk/ublaze_system_wrapper.hdf is now different from the local copy.
		 The local copy will be replaced with the source specification and your workspace will be updated.
16:26:19 INFO  : Copied contents of U:/Documents/SoC/TP/TP_ublaze_3IS/TP_ublaze_3IS.sdk/ublaze_system_wrapper.hdf into \ublaze_system_wrapper_hw_platform_0\system.hdf.
16:26:20 INFO  : Synchronizing projects in the workspace with the hardware platform specification changes.
16:26:24 ERROR : (XSDB Server)ERROR: [Hsi 55-1433] Error boost::filesystem::copy_file: Le chemin d’accès spécifié est introuvable: "C:/PROGRAMS/Xilinx/SDK/2019.1/data\embeddedsw\lib\bsp\standalone_v7_0/src\profile\dummy.S", "U:\Documents\SoC\TP\TP_ublaze_3IS\TP_ublaze_3IS.sdk\Test_IP_bsp\microblaze_0/libsrc/standalone_v7_0/src\profile\dummy.S"

16:26:24 ERROR : (XSDB Server)ERROR: [Hsi 55-1433] Error boost::filesystem::create_directory: Le chemin d’accès spécifié est introuvable: "U:\Documents\SoC\TP\TP_ublaze_3IS\TP_ublaze_3IS.sdk\Test_IP_bsp\microblaze_0/libsrc/bram_v4_3/src"

16:26:24 ERROR : (XSDB Server)ERROR: [Hsi 55-1433] Error boost::filesystem::create_directory: Le chemin d’accès spécifié est introuvable: "U:\Documents\SoC\TP\TP_ublaze_3IS\TP_ublaze_3IS.sdk\Test_IP_bsp\microblaze_0/libsrc/gpio_v4_4/src"

16:26:24 ERROR : (XSDB Server)ERROR: [Hsi 55-1433] Error boost::filesystem::create_directory: Le chemin d’accès spécifié est introuvable: "U:\Documents\SoC\TP\TP_ublaze_3IS\TP_ublaze_3IS.sdk\Test_IP_bsp\microblaze_0/libsrc/intc_v3_9/src"
ERROR: [Hsi 55-1433] Error boost::filesystem::create_directory: Le chemin d’accès spécifié est introuvable: "U:\Documents\SoC\TP\TP_ublaze_3IS\TP_ublaze_3IS.sdk\Test_IP_bsp\microblaze_0/libsrc/tmrctr_v4_5/src"
ERROR: [Hsi 55-1433] Error boost::filesystem::create_directory: Le chemin d’accès spécifié est introuvable: "U:\Documents\SoC\TP\TP_ublaze_3IS\TP_ublaze_3IS.sdk\Test_IP_bsp\microblaze_0/libsrc/uartlite_v3_2/src"

16:26:24 ERROR : (XSDB Server)ERROR: [Hsi 55-1433] Error boost::filesystem::current_path: Nom de répertoire non valide: "U:\Documents\SoC\TP\TP_ublaze_3IS\TP_ublaze_3IS.sdk\Test_IP_bsp\microblaze_0/libsrc/intc_v3_9"
ERROR: [Hsi 55-1440] Error(s) while running DRCs.

16:26:24 ERROR : (XSDB Server)ERROR: [Hsi 55-1450] Error: running generate_bsp.

16:26:24 ERROR : Failed to call sync_sw_with_hw_change
Reason: ERROR: [Common 17-39] 'hsi::generate_bsp' failed due to earlier errors.

16:26:24 ERROR : Error updating BSP project MSS files.
16:26:25 INFO  : Updating hardware inferred compiler options for Test_IP.
16:26:26 INFO  : Updating hardware inferred compiler options for Test_SEG7.
16:26:26 INFO  : Clearing existing target manager status.
16:26:26 INFO  : Workspace synchronized with the new hardware specification file. Cleaning dependent projects...
16:26:29 WARN  : Linker script will not be updated automatically. Users need to update it manually.
16:28:02 ERROR : Failed to call write_mss 
Reason: ERROR: [Common 17-176] Overwrite of existing file isn't enabled.  Please specify -force to overwrite file  [U:/Documents/SoC/TP/TP_ublaze_3IS/TP_ublaze_3IS.sdk/Test_SEG7_bsp/system.mss]

16:29:11 ERROR : (XSDB Server)ERROR: [Hsi 61-13] No current software db available.

16:29:11 ERROR : Failed to call write_mss 
Reason: ERROR: [Common 17-39] 'hsi::write_mss' failed due to earlier errors.

16:29:13 ERROR : The Hardware Project referenced by this BSP (Test_SEG7_bsp) was not found in this workspace. As a result, this BSP will not build properly. To fix this error, please import the associated hardware project or recreate a new BSP targeting an existing hardware platform.
16:30:01 INFO  : Disconnected from the channel tcfchan#9.
16:30:21 INFO  : Registering command handlers for SDK TCF services
16:30:21 INFO  : Launching XSCT server: xsct.bat -interactive U:\Documents\SoC\TP\TP_ublaze_3IS\TP_ublaze_3IS.sdk\temp_xsdb_launch_script.tcl
16:30:23 INFO  : XSCT server has started successfully.
16:30:23 INFO  : Successfully done setting XSCT server connection channel  
16:30:23 INFO  : Processing command line option -hwspec U:/Documents/SoC/TP/TP_ublaze_3IS/TP_ublaze_3IS.sdk/ublaze_system_wrapper.hdf.
16:30:23 INFO  : Successfully done setting SDK workspace  
16:30:23 INFO  : Checking for hwspec changes in the project ublaze_system_wrapper_hw_platform_0.
16:31:04 INFO  : Connected to target on host '127.0.0.1' and port '3121'.
16:31:05 INFO  : 'targets -set -filter {jtag_cable_name =~ "Digilent Basys3 210183A4DA48A" && level==0} -index 0' command is executed.
16:31:06 INFO  : FPGA configured successfully with bitstream "U:/Documents/SoC/TP/TP_ublaze_3IS/TP_ublaze_3IS.sdk/ublaze_system_wrapper_hw_platform_0/download.bit"
16:31:21 ERROR : (XSDB Server)ERROR: [Hsi 55-1433] Error boost::filesystem::directory_iterator::construct: Erreur réseau inattendue: "U:\Documents\SoC\TP\TP_ublaze_3IS\TP_ublaze_3IS.sdk\Test_IP_bsp/microblaze_0/libsrc"

16:31:21 ERROR : (XSDB Server)ERROR: [Hsi 55-1450] Error: running generate_bsp.

16:31:21 ERROR : Error generating bsp sources: Failed in generating sources
16:32:25 INFO  : Registering command handlers for SDK TCF services
16:32:25 INFO  : Launching XSCT server: xsct.bat -interactive U:\Documents\SoC\TP\TP_ublaze_3IS\TP_ublaze_3IS.sdk\temp_xsdb_launch_script.tcl
16:32:27 INFO  : XSCT server has started successfully.
16:32:27 INFO  : Successfully done setting XSCT server connection channel  
16:32:27 INFO  : Processing command line option -hwspec U:/Documents/SoC/TP/TP_ublaze_3IS/TP_ublaze_3IS.sdk/ublaze_system_wrapper.hdf.
16:32:27 INFO  : Successfully done setting SDK workspace  
16:32:27 INFO  : Checking for hwspec changes in the project ublaze_system_wrapper_hw_platform_0.
16:32:53 INFO  : Connected to target on host '127.0.0.1' and port '3121'.
16:32:54 INFO  : 'targets -set -filter {jtag_cable_name =~ "Digilent Basys3 210183A4DA48A" && level==0} -index 0' command is executed.
16:32:55 INFO  : FPGA configured successfully with bitstream "U:/Documents/SoC/TP/TP_ublaze_3IS/TP_ublaze_3IS.sdk/ublaze_system_wrapper_hw_platform_0/download.bit"
16:34:13 INFO  : 'targets -set -filter {jtag_cable_name =~ "Digilent Basys3 210183A4DA48A" && level==0} -index 0' command is executed.
16:34:13 INFO  : 'fpga -state' command is executed.
16:34:13 INFO  : Connected to target on host '127.0.0.1' and port '3121'.
16:34:13 INFO  : Jtag cable 'Digilent Basys3 210183A4DA48A' is selected.
16:34:13 INFO  : 'jtag frequency' command is executed.
16:34:13 INFO  : 'configparams mdm-detect-bscan-mask 2' command is executed.
16:34:13 INFO  : Context for processor 'microblaze_0' is selected.
16:34:13 INFO  : Processor reset is completed for 'microblaze_0'.
16:34:13 INFO  : Context for processor 'microblaze_0' is selected.
16:34:13 INFO  : The application 'U:/Documents/SoC/TP/TP_ublaze_3IS/TP_ublaze_3IS.sdk/Test_IP/Debug/Test_IP.elf' is downloaded to processor 'microblaze_0'.
16:34:13 INFO  : ----------------XSDB Script----------------
connect -url tcp:127.0.0.1:3121
configparams mdm-detect-bscan-mask 2
targets -set -nocase -filter {name =~ "microblaze*#0" && bscan=="USER2"  && jtag_cable_name =~ "Digilent Basys3 210183A4DA48A"} -index 0
rst -processor
targets -set -nocase -filter {name =~ "microblaze*#0" && bscan=="USER2"  && jtag_cable_name =~ "Digilent Basys3 210183A4DA48A"} -index 0
dow U:/Documents/SoC/TP/TP_ublaze_3IS/TP_ublaze_3IS.sdk/Test_IP/Debug/Test_IP.elf
----------------End of Script----------------

16:34:13 INFO  : Memory regions updated for context PA
16:34:13 INFO  : Memory regions updated for context PA
16:34:13 INFO  : Context for processor 'microblaze_0' is selected.
16:34:13 INFO  : 'con' command is executed.
16:34:13 INFO  : ----------------XSDB Script (After Launch)----------------
targets -set -nocase -filter {name =~ "microblaze*#0" && bscan=="USER2"  && jtag_cable_name =~ "Digilent Basys3 210183A4DA48A"} -index 0
con
----------------End of Script----------------

16:34:13 INFO  : Launch script is exported to file 'U:\Documents\SoC\TP\TP_ublaze_3IS\TP_ublaze_3IS.sdk\.sdk\launch_scripts\xilinx_c-c++_application_(system_debugger)\system_debugger_using_debug_test_ip.elf_on_local.tcl'
16:45:05 INFO  : Disconnected from the channel tcfchan#1.
16:45:06 INFO  : 'targets -set -filter {jtag_cable_name =~ "Digilent Basys3 210183A4DA48A" && level==0} -index 0' command is executed.
16:45:06 INFO  : 'fpga -state' command is executed.
16:45:06 INFO  : Connected to target on host '127.0.0.1' and port '3121'.
16:45:06 INFO  : Jtag cable 'Digilent Basys3 210183A4DA48A' is selected.
16:45:06 INFO  : 'jtag frequency' command is executed.
16:45:06 INFO  : 'configparams mdm-detect-bscan-mask 2' command is executed.
16:45:07 INFO  : Context for processor 'microblaze_0' is selected.
16:45:07 INFO  : Processor reset is completed for 'microblaze_0'.
16:45:07 INFO  : Context for processor 'microblaze_0' is selected.
16:45:07 INFO  : The application 'U:/Documents/SoC/TP/TP_ublaze_3IS/TP_ublaze_3IS.sdk/Test_SEG7/Debug/Test_SEG7.elf' is downloaded to processor 'microblaze_0'.
16:45:07 INFO  : ----------------XSDB Script----------------
connect -url tcp:127.0.0.1:3121
configparams mdm-detect-bscan-mask 2
targets -set -nocase -filter {name =~ "microblaze*#0" && bscan=="USER2"  && jtag_cable_name =~ "Digilent Basys3 210183A4DA48A"} -index 0
rst -processor
targets -set -nocase -filter {name =~ "microblaze*#0" && bscan=="USER2"  && jtag_cable_name =~ "Digilent Basys3 210183A4DA48A"} -index 0
dow U:/Documents/SoC/TP/TP_ublaze_3IS/TP_ublaze_3IS.sdk/Test_SEG7/Debug/Test_SEG7.elf
----------------End of Script----------------

16:45:07 INFO  : Memory regions updated for context PA
16:45:07 INFO  : Memory regions updated for context PA
16:45:07 INFO  : Context for processor 'microblaze_0' is selected.
16:45:07 INFO  : 'con' command is executed.
16:45:07 INFO  : ----------------XSDB Script (After Launch)----------------
targets -set -nocase -filter {name =~ "microblaze*#0" && bscan=="USER2"  && jtag_cable_name =~ "Digilent Basys3 210183A4DA48A"} -index 0
con
----------------End of Script----------------

16:45:07 INFO  : Launch script is exported to file 'U:\Documents\SoC\TP\TP_ublaze_3IS\TP_ublaze_3IS.sdk\.sdk\launch_scripts\xilinx_c-c++_application_(system_debugger)\system_debugger_using_debug_test_seg7.elf_on_local.tcl'
16:45:26 INFO  : Disconnected from the channel tcfchan#2.
16:45:27 INFO  : 'targets -set -filter {jtag_cable_name =~ "Digilent Basys3 210183A4DA48A" && level==0} -index 0' command is executed.
16:45:27 INFO  : 'fpga -state' command is executed.
16:45:27 INFO  : Connected to target on host '127.0.0.1' and port '3121'.
16:45:27 INFO  : Jtag cable 'Digilent Basys3 210183A4DA48A' is selected.
16:45:27 INFO  : 'jtag frequency' command is executed.
16:45:27 INFO  : 'configparams mdm-detect-bscan-mask 2' command is executed.
16:45:27 INFO  : Context for processor 'microblaze_0' is selected.
16:45:27 INFO  : Processor reset is completed for 'microblaze_0'.
16:45:27 INFO  : Context for processor 'microblaze_0' is selected.
16:45:27 INFO  : The application 'U:/Documents/SoC/TP/TP_ublaze_3IS/TP_ublaze_3IS.sdk/Test_SEG7/Debug/Test_SEG7.elf' is downloaded to processor 'microblaze_0'.
16:45:27 INFO  : ----------------XSDB Script----------------
connect -url tcp:127.0.0.1:3121
configparams mdm-detect-bscan-mask 2
targets -set -nocase -filter {name =~ "microblaze*#0" && bscan=="USER2"  && jtag_cable_name =~ "Digilent Basys3 210183A4DA48A"} -index 0
rst -processor
targets -set -nocase -filter {name =~ "microblaze*#0" && bscan=="USER2"  && jtag_cable_name =~ "Digilent Basys3 210183A4DA48A"} -index 0
dow U:/Documents/SoC/TP/TP_ublaze_3IS/TP_ublaze_3IS.sdk/Test_SEG7/Debug/Test_SEG7.elf
----------------End of Script----------------

16:45:27 INFO  : Memory regions updated for context PA
16:45:27 INFO  : Memory regions updated for context PA
16:45:27 INFO  : Context for processor 'microblaze_0' is selected.
16:45:27 INFO  : 'con' command is executed.
16:45:27 INFO  : ----------------XSDB Script (After Launch)----------------
targets -set -nocase -filter {name =~ "microblaze*#0" && bscan=="USER2"  && jtag_cable_name =~ "Digilent Basys3 210183A4DA48A"} -index 0
con
----------------End of Script----------------

16:45:27 INFO  : Launch script is exported to file 'U:\Documents\SoC\TP\TP_ublaze_3IS\TP_ublaze_3IS.sdk\.sdk\launch_scripts\xilinx_c-c++_application_(system_debugger)\system_debugger_using_debug_test_seg7.elf_on_local.tcl'
16:47:09 INFO  : Disconnected from the channel tcfchan#3.
16:47:10 INFO  : 'targets -set -filter {jtag_cable_name =~ "Digilent Basys3 210183A4DA48A" && level==0} -index 0' command is executed.
16:47:10 INFO  : 'fpga -state' command is executed.
16:47:10 INFO  : Connected to target on host '127.0.0.1' and port '3121'.
16:47:10 INFO  : Jtag cable 'Digilent Basys3 210183A4DA48A' is selected.
16:47:10 INFO  : 'jtag frequency' command is executed.
16:47:10 INFO  : 'configparams mdm-detect-bscan-mask 2' command is executed.
16:47:10 INFO  : Context for processor 'microblaze_0' is selected.
16:47:10 INFO  : Processor reset is completed for 'microblaze_0'.
16:47:10 INFO  : Context for processor 'microblaze_0' is selected.
16:47:10 INFO  : The application 'U:/Documents/SoC/TP/TP_ublaze_3IS/TP_ublaze_3IS.sdk/Test_SEG7/Debug/Test_SEG7.elf' is downloaded to processor 'microblaze_0'.
16:47:10 INFO  : ----------------XSDB Script----------------
connect -url tcp:127.0.0.1:3121
configparams mdm-detect-bscan-mask 2
targets -set -nocase -filter {name =~ "microblaze*#0" && bscan=="USER2"  && jtag_cable_name =~ "Digilent Basys3 210183A4DA48A"} -index 0
rst -processor
targets -set -nocase -filter {name =~ "microblaze*#0" && bscan=="USER2"  && jtag_cable_name =~ "Digilent Basys3 210183A4DA48A"} -index 0
dow U:/Documents/SoC/TP/TP_ublaze_3IS/TP_ublaze_3IS.sdk/Test_SEG7/Debug/Test_SEG7.elf
----------------End of Script----------------

16:47:10 INFO  : Memory regions updated for context PA
16:47:10 INFO  : Memory regions updated for context PA
16:47:10 INFO  : Context for processor 'microblaze_0' is selected.
16:47:10 INFO  : 'con' command is executed.
16:47:10 INFO  : ----------------XSDB Script (After Launch)----------------
targets -set -nocase -filter {name =~ "microblaze*#0" && bscan=="USER2"  && jtag_cable_name =~ "Digilent Basys3 210183A4DA48A"} -index 0
con
----------------End of Script----------------

16:47:10 INFO  : Launch script is exported to file 'U:\Documents\SoC\TP\TP_ublaze_3IS\TP_ublaze_3IS.sdk\.sdk\launch_scripts\xilinx_c-c++_application_(system_debugger)\system_debugger_using_debug_test_seg7.elf_on_local.tcl'
16:47:33 INFO  : Disconnected from the channel tcfchan#4.
16:47:34 INFO  : 'targets -set -filter {jtag_cable_name =~ "Digilent Basys3 210183A4DA48A" && level==0} -index 0' command is executed.
16:47:34 INFO  : 'fpga -state' command is executed.
16:47:34 INFO  : Connected to target on host '127.0.0.1' and port '3121'.
16:47:34 INFO  : Jtag cable 'Digilent Basys3 210183A4DA48A' is selected.
16:47:34 INFO  : 'jtag frequency' command is executed.
16:47:34 INFO  : 'configparams mdm-detect-bscan-mask 2' command is executed.
16:47:34 INFO  : Context for processor 'microblaze_0' is selected.
16:47:34 INFO  : Processor reset is completed for 'microblaze_0'.
16:47:34 INFO  : Context for processor 'microblaze_0' is selected.
16:47:35 INFO  : The application 'U:/Documents/SoC/TP/TP_ublaze_3IS/TP_ublaze_3IS.sdk/Test_SEG7/Debug/Test_SEG7.elf' is downloaded to processor 'microblaze_0'.
16:47:35 INFO  : ----------------XSDB Script----------------
connect -url tcp:127.0.0.1:3121
configparams mdm-detect-bscan-mask 2
targets -set -nocase -filter {name =~ "microblaze*#0" && bscan=="USER2"  && jtag_cable_name =~ "Digilent Basys3 210183A4DA48A"} -index 0
rst -processor
targets -set -nocase -filter {name =~ "microblaze*#0" && bscan=="USER2"  && jtag_cable_name =~ "Digilent Basys3 210183A4DA48A"} -index 0
dow U:/Documents/SoC/TP/TP_ublaze_3IS/TP_ublaze_3IS.sdk/Test_SEG7/Debug/Test_SEG7.elf
----------------End of Script----------------

16:47:35 INFO  : Memory regions updated for context PA
16:47:35 INFO  : Memory regions updated for context PA
16:47:35 INFO  : Context for processor 'microblaze_0' is selected.
16:47:35 INFO  : 'con' command is executed.
16:47:35 INFO  : ----------------XSDB Script (After Launch)----------------
targets -set -nocase -filter {name =~ "microblaze*#0" && bscan=="USER2"  && jtag_cable_name =~ "Digilent Basys3 210183A4DA48A"} -index 0
con
----------------End of Script----------------

16:47:35 INFO  : Launch script is exported to file 'U:\Documents\SoC\TP\TP_ublaze_3IS\TP_ublaze_3IS.sdk\.sdk\launch_scripts\xilinx_c-c++_application_(system_debugger)\system_debugger_using_debug_test_seg7.elf_on_local.tcl'
16:48:55 INFO  : Disconnected from the channel tcfchan#5.
16:48:56 INFO  : 'targets -set -filter {jtag_cable_name =~ "Digilent Basys3 210183A4DA48A" && level==0} -index 0' command is executed.
16:48:56 INFO  : 'fpga -state' command is executed.
16:48:56 INFO  : Connected to target on host '127.0.0.1' and port '3121'.
16:48:56 INFO  : Jtag cable 'Digilent Basys3 210183A4DA48A' is selected.
16:48:56 INFO  : 'jtag frequency' command is executed.
16:48:56 INFO  : 'configparams mdm-detect-bscan-mask 2' command is executed.
16:48:56 INFO  : Context for processor 'microblaze_0' is selected.
16:48:56 INFO  : Processor reset is completed for 'microblaze_0'.
16:48:56 INFO  : Context for processor 'microblaze_0' is selected.
16:48:56 INFO  : The application 'U:/Documents/SoC/TP/TP_ublaze_3IS/TP_ublaze_3IS.sdk/Test_SEG7/Debug/Test_SEG7.elf' is downloaded to processor 'microblaze_0'.
16:48:56 INFO  : ----------------XSDB Script----------------
connect -url tcp:127.0.0.1:3121
configparams mdm-detect-bscan-mask 2
targets -set -nocase -filter {name =~ "microblaze*#0" && bscan=="USER2"  && jtag_cable_name =~ "Digilent Basys3 210183A4DA48A"} -index 0
rst -processor
targets -set -nocase -filter {name =~ "microblaze*#0" && bscan=="USER2"  && jtag_cable_name =~ "Digilent Basys3 210183A4DA48A"} -index 0
dow U:/Documents/SoC/TP/TP_ublaze_3IS/TP_ublaze_3IS.sdk/Test_SEG7/Debug/Test_SEG7.elf
----------------End of Script----------------

16:48:56 INFO  : Memory regions updated for context PA
16:48:56 INFO  : Memory regions updated for context PA
16:48:57 INFO  : Context for processor 'microblaze_0' is selected.
16:48:57 INFO  : 'con' command is executed.
16:48:57 INFO  : ----------------XSDB Script (After Launch)----------------
targets -set -nocase -filter {name =~ "microblaze*#0" && bscan=="USER2"  && jtag_cable_name =~ "Digilent Basys3 210183A4DA48A"} -index 0
con
----------------End of Script----------------

16:48:57 INFO  : Launch script is exported to file 'U:\Documents\SoC\TP\TP_ublaze_3IS\TP_ublaze_3IS.sdk\.sdk\launch_scripts\xilinx_c-c++_application_(system_debugger)\system_debugger_using_debug_test_seg7.elf_on_local.tcl'
16:50:35 INFO  : Disconnected from the channel tcfchan#6.
16:50:36 INFO  : 'targets -set -filter {jtag_cable_name =~ "Digilent Basys3 210183A4DA48A" && level==0} -index 0' command is executed.
16:50:36 INFO  : 'fpga -state' command is executed.
16:50:36 INFO  : Connected to target on host '127.0.0.1' and port '3121'.
16:50:37 INFO  : Jtag cable 'Digilent Basys3 210183A4DA48A' is selected.
16:50:37 INFO  : 'jtag frequency' command is executed.
16:50:37 INFO  : 'configparams mdm-detect-bscan-mask 2' command is executed.
16:50:37 INFO  : Context for processor 'microblaze_0' is selected.
16:50:37 INFO  : Processor reset is completed for 'microblaze_0'.
16:50:37 INFO  : Context for processor 'microblaze_0' is selected.
16:50:37 INFO  : The application 'U:/Documents/SoC/TP/TP_ublaze_3IS/TP_ublaze_3IS.sdk/Test_SEG7/Debug/Test_SEG7.elf' is downloaded to processor 'microblaze_0'.
16:50:37 INFO  : ----------------XSDB Script----------------
connect -url tcp:127.0.0.1:3121
configparams mdm-detect-bscan-mask 2
targets -set -nocase -filter {name =~ "microblaze*#0" && bscan=="USER2"  && jtag_cable_name =~ "Digilent Basys3 210183A4DA48A"} -index 0
rst -processor
targets -set -nocase -filter {name =~ "microblaze*#0" && bscan=="USER2"  && jtag_cable_name =~ "Digilent Basys3 210183A4DA48A"} -index 0
dow U:/Documents/SoC/TP/TP_ublaze_3IS/TP_ublaze_3IS.sdk/Test_SEG7/Debug/Test_SEG7.elf
----------------End of Script----------------

16:50:37 INFO  : Memory regions updated for context PA
16:50:37 INFO  : Memory regions updated for context PA
16:50:37 INFO  : Context for processor 'microblaze_0' is selected.
16:50:37 INFO  : 'con' command is executed.
16:50:37 INFO  : ----------------XSDB Script (After Launch)----------------
targets -set -nocase -filter {name =~ "microblaze*#0" && bscan=="USER2"  && jtag_cable_name =~ "Digilent Basys3 210183A4DA48A"} -index 0
con
----------------End of Script----------------

16:50:37 INFO  : Launch script is exported to file 'U:\Documents\SoC\TP\TP_ublaze_3IS\TP_ublaze_3IS.sdk\.sdk\launch_scripts\xilinx_c-c++_application_(system_debugger)\system_debugger_using_debug_test_seg7.elf_on_local.tcl'
16:51:00 INFO  : Disconnected from the channel tcfchan#7.
16:51:01 INFO  : 'targets -set -filter {jtag_cable_name =~ "Digilent Basys3 210183A4DA48A" && level==0} -index 0' command is executed.
16:51:01 INFO  : 'fpga -state' command is executed.
16:51:01 INFO  : Connected to target on host '127.0.0.1' and port '3121'.
16:51:02 INFO  : Jtag cable 'Digilent Basys3 210183A4DA48A' is selected.
16:51:02 INFO  : 'jtag frequency' command is executed.
16:51:02 INFO  : 'configparams mdm-detect-bscan-mask 2' command is executed.
16:51:02 INFO  : Context for processor 'microblaze_0' is selected.
16:51:02 INFO  : Processor reset is completed for 'microblaze_0'.
16:51:02 INFO  : Context for processor 'microblaze_0' is selected.
16:51:02 INFO  : The application 'U:/Documents/SoC/TP/TP_ublaze_3IS/TP_ublaze_3IS.sdk/Test_SEG7/Debug/Test_SEG7.elf' is downloaded to processor 'microblaze_0'.
16:51:02 INFO  : ----------------XSDB Script----------------
connect -url tcp:127.0.0.1:3121
configparams mdm-detect-bscan-mask 2
targets -set -nocase -filter {name =~ "microblaze*#0" && bscan=="USER2"  && jtag_cable_name =~ "Digilent Basys3 210183A4DA48A"} -index 0
rst -processor
targets -set -nocase -filter {name =~ "microblaze*#0" && bscan=="USER2"  && jtag_cable_name =~ "Digilent Basys3 210183A4DA48A"} -index 0
dow U:/Documents/SoC/TP/TP_ublaze_3IS/TP_ublaze_3IS.sdk/Test_SEG7/Debug/Test_SEG7.elf
----------------End of Script----------------

16:51:02 INFO  : Memory regions updated for context PA
16:51:02 INFO  : Memory regions updated for context PA
16:51:02 INFO  : Context for processor 'microblaze_0' is selected.
16:51:02 INFO  : 'con' command is executed.
16:51:02 INFO  : ----------------XSDB Script (After Launch)----------------
targets -set -nocase -filter {name =~ "microblaze*#0" && bscan=="USER2"  && jtag_cable_name =~ "Digilent Basys3 210183A4DA48A"} -index 0
con
----------------End of Script----------------

16:51:02 INFO  : Launch script is exported to file 'U:\Documents\SoC\TP\TP_ublaze_3IS\TP_ublaze_3IS.sdk\.sdk\launch_scripts\xilinx_c-c++_application_(system_debugger)\system_debugger_using_debug_test_seg7.elf_on_local.tcl'
16:51:50 INFO  : Disconnected from the channel tcfchan#8.
16:51:51 INFO  : 'targets -set -filter {jtag_cable_name =~ "Digilent Basys3 210183A4DA48A" && level==0} -index 0' command is executed.
16:51:51 INFO  : 'fpga -state' command is executed.
16:51:51 INFO  : Connected to target on host '127.0.0.1' and port '3121'.
16:51:51 INFO  : Jtag cable 'Digilent Basys3 210183A4DA48A' is selected.
16:51:51 INFO  : 'jtag frequency' command is executed.
16:51:51 INFO  : 'configparams mdm-detect-bscan-mask 2' command is executed.
16:51:51 INFO  : Context for processor 'microblaze_0' is selected.
16:51:51 INFO  : Processor reset is completed for 'microblaze_0'.
16:51:51 INFO  : Context for processor 'microblaze_0' is selected.
16:51:51 INFO  : The application 'U:/Documents/SoC/TP/TP_ublaze_3IS/TP_ublaze_3IS.sdk/Test_SEG7/Debug/Test_SEG7.elf' is downloaded to processor 'microblaze_0'.
16:51:51 INFO  : ----------------XSDB Script----------------
connect -url tcp:127.0.0.1:3121
configparams mdm-detect-bscan-mask 2
targets -set -nocase -filter {name =~ "microblaze*#0" && bscan=="USER2"  && jtag_cable_name =~ "Digilent Basys3 210183A4DA48A"} -index 0
rst -processor
targets -set -nocase -filter {name =~ "microblaze*#0" && bscan=="USER2"  && jtag_cable_name =~ "Digilent Basys3 210183A4DA48A"} -index 0
dow U:/Documents/SoC/TP/TP_ublaze_3IS/TP_ublaze_3IS.sdk/Test_SEG7/Debug/Test_SEG7.elf
----------------End of Script----------------

16:51:51 INFO  : Memory regions updated for context PA
16:51:51 INFO  : Memory regions updated for context PA
16:51:51 INFO  : Context for processor 'microblaze_0' is selected.
16:51:51 INFO  : 'con' command is executed.
16:51:51 INFO  : ----------------XSDB Script (After Launch)----------------
targets -set -nocase -filter {name =~ "microblaze*#0" && bscan=="USER2"  && jtag_cable_name =~ "Digilent Basys3 210183A4DA48A"} -index 0
con
----------------End of Script----------------

16:51:51 INFO  : Launch script is exported to file 'U:\Documents\SoC\TP\TP_ublaze_3IS\TP_ublaze_3IS.sdk\.sdk\launch_scripts\xilinx_c-c++_application_(system_debugger)\system_debugger_using_debug_test_seg7.elf_on_local.tcl'
16:52:52 INFO  : Disconnected from the channel tcfchan#9.
16:52:53 INFO  : 'targets -set -filter {jtag_cable_name =~ "Digilent Basys3 210183A4DA48A" && level==0} -index 0' command is executed.
16:52:54 INFO  : 'fpga -state' command is executed.
16:52:54 INFO  : Connected to target on host '127.0.0.1' and port '3121'.
16:52:54 INFO  : Jtag cable 'Digilent Basys3 210183A4DA48A' is selected.
16:52:54 INFO  : 'jtag frequency' command is executed.
16:52:54 INFO  : 'configparams mdm-detect-bscan-mask 2' command is executed.
16:52:54 INFO  : Context for processor 'microblaze_0' is selected.
16:52:54 INFO  : Processor reset is completed for 'microblaze_0'.
16:52:54 INFO  : Context for processor 'microblaze_0' is selected.
16:52:54 INFO  : The application 'U:/Documents/SoC/TP/TP_ublaze_3IS/TP_ublaze_3IS.sdk/Test_SEG7/Debug/Test_SEG7.elf' is downloaded to processor 'microblaze_0'.
16:52:54 INFO  : ----------------XSDB Script----------------
connect -url tcp:127.0.0.1:3121
configparams mdm-detect-bscan-mask 2
targets -set -nocase -filter {name =~ "microblaze*#0" && bscan=="USER2"  && jtag_cable_name =~ "Digilent Basys3 210183A4DA48A"} -index 0
rst -processor
targets -set -nocase -filter {name =~ "microblaze*#0" && bscan=="USER2"  && jtag_cable_name =~ "Digilent Basys3 210183A4DA48A"} -index 0
dow U:/Documents/SoC/TP/TP_ublaze_3IS/TP_ublaze_3IS.sdk/Test_SEG7/Debug/Test_SEG7.elf
----------------End of Script----------------

16:52:54 INFO  : Memory regions updated for context PA
16:52:54 INFO  : Memory regions updated for context PA
16:52:54 INFO  : Context for processor 'microblaze_0' is selected.
16:52:54 INFO  : 'con' command is executed.
16:52:54 INFO  : ----------------XSDB Script (After Launch)----------------
targets -set -nocase -filter {name =~ "microblaze*#0" && bscan=="USER2"  && jtag_cable_name =~ "Digilent Basys3 210183A4DA48A"} -index 0
con
----------------End of Script----------------

16:52:54 INFO  : Launch script is exported to file 'U:\Documents\SoC\TP\TP_ublaze_3IS\TP_ublaze_3IS.sdk\.sdk\launch_scripts\xilinx_c-c++_application_(system_debugger)\system_debugger_using_debug_test_seg7.elf_on_local.tcl'
16:53:26 INFO  : Disconnected from the channel tcfchan#10.
16:53:27 INFO  : 'targets -set -filter {jtag_cable_name =~ "Digilent Basys3 210183A4DA48A" && level==0} -index 0' command is executed.
16:53:27 INFO  : 'fpga -state' command is executed.
16:53:27 INFO  : Connected to target on host '127.0.0.1' and port '3121'.
16:53:27 INFO  : Jtag cable 'Digilent Basys3 210183A4DA48A' is selected.
16:53:27 INFO  : 'jtag frequency' command is executed.
16:53:27 INFO  : 'configparams mdm-detect-bscan-mask 2' command is executed.
16:53:27 INFO  : Context for processor 'microblaze_0' is selected.
16:53:27 INFO  : Processor reset is completed for 'microblaze_0'.
16:53:27 INFO  : Context for processor 'microblaze_0' is selected.
16:53:27 INFO  : The application 'U:/Documents/SoC/TP/TP_ublaze_3IS/TP_ublaze_3IS.sdk/Test_SEG7/Debug/Test_SEG7.elf' is downloaded to processor 'microblaze_0'.
16:53:27 INFO  : ----------------XSDB Script----------------
connect -url tcp:127.0.0.1:3121
configparams mdm-detect-bscan-mask 2
targets -set -nocase -filter {name =~ "microblaze*#0" && bscan=="USER2"  && jtag_cable_name =~ "Digilent Basys3 210183A4DA48A"} -index 0
rst -processor
targets -set -nocase -filter {name =~ "microblaze*#0" && bscan=="USER2"  && jtag_cable_name =~ "Digilent Basys3 210183A4DA48A"} -index 0
dow U:/Documents/SoC/TP/TP_ublaze_3IS/TP_ublaze_3IS.sdk/Test_SEG7/Debug/Test_SEG7.elf
----------------End of Script----------------

16:53:27 INFO  : Memory regions updated for context PA
16:53:27 INFO  : Memory regions updated for context PA
16:53:27 INFO  : Context for processor 'microblaze_0' is selected.
16:53:27 INFO  : 'con' command is executed.
16:53:27 INFO  : ----------------XSDB Script (After Launch)----------------
targets -set -nocase -filter {name =~ "microblaze*#0" && bscan=="USER2"  && jtag_cable_name =~ "Digilent Basys3 210183A4DA48A"} -index 0
con
----------------End of Script----------------

16:53:27 INFO  : Launch script is exported to file 'U:\Documents\SoC\TP\TP_ublaze_3IS\TP_ublaze_3IS.sdk\.sdk\launch_scripts\xilinx_c-c++_application_(system_debugger)\system_debugger_using_debug_test_seg7.elf_on_local.tcl'
16:53:40 INFO  : Disconnected from the channel tcfchan#11.
16:53:41 INFO  : 'targets -set -filter {jtag_cable_name =~ "Digilent Basys3 210183A4DA48A" && level==0} -index 0' command is executed.
16:53:41 INFO  : 'fpga -state' command is executed.
16:53:41 INFO  : Connected to target on host '127.0.0.1' and port '3121'.
16:53:41 INFO  : Jtag cable 'Digilent Basys3 210183A4DA48A' is selected.
16:53:41 INFO  : 'jtag frequency' command is executed.
16:53:41 INFO  : 'configparams mdm-detect-bscan-mask 2' command is executed.
16:53:41 INFO  : Context for processor 'microblaze_0' is selected.
16:53:41 INFO  : Processor reset is completed for 'microblaze_0'.
16:53:41 INFO  : Context for processor 'microblaze_0' is selected.
16:53:42 INFO  : The application 'U:/Documents/SoC/TP/TP_ublaze_3IS/TP_ublaze_3IS.sdk/Test_SEG7/Debug/Test_SEG7.elf' is downloaded to processor 'microblaze_0'.
16:53:42 INFO  : ----------------XSDB Script----------------
connect -url tcp:127.0.0.1:3121
configparams mdm-detect-bscan-mask 2
targets -set -nocase -filter {name =~ "microblaze*#0" && bscan=="USER2"  && jtag_cable_name =~ "Digilent Basys3 210183A4DA48A"} -index 0
rst -processor
targets -set -nocase -filter {name =~ "microblaze*#0" && bscan=="USER2"  && jtag_cable_name =~ "Digilent Basys3 210183A4DA48A"} -index 0
dow U:/Documents/SoC/TP/TP_ublaze_3IS/TP_ublaze_3IS.sdk/Test_SEG7/Debug/Test_SEG7.elf
----------------End of Script----------------

16:53:42 INFO  : Memory regions updated for context PA
16:53:42 INFO  : Memory regions updated for context PA
16:53:42 INFO  : Context for processor 'microblaze_0' is selected.
16:53:42 INFO  : 'con' command is executed.
16:53:42 INFO  : ----------------XSDB Script (After Launch)----------------
targets -set -nocase -filter {name =~ "microblaze*#0" && bscan=="USER2"  && jtag_cable_name =~ "Digilent Basys3 210183A4DA48A"} -index 0
con
----------------End of Script----------------

16:53:42 INFO  : Launch script is exported to file 'U:\Documents\SoC\TP\TP_ublaze_3IS\TP_ublaze_3IS.sdk\.sdk\launch_scripts\xilinx_c-c++_application_(system_debugger)\system_debugger_using_debug_test_seg7.elf_on_local.tcl'
16:58:56 INFO  : Disconnected from the channel tcfchan#12.
16:58:57 INFO  : 'targets -set -filter {jtag_cable_name =~ "Digilent Basys3 210183A4DA48A" && level==0} -index 0' command is executed.
16:58:57 INFO  : 'fpga -state' command is executed.
16:58:57 INFO  : Connected to target on host '127.0.0.1' and port '3121'.
16:58:57 INFO  : Jtag cable 'Digilent Basys3 210183A4DA48A' is selected.
16:58:57 INFO  : 'jtag frequency' command is executed.
16:58:57 INFO  : 'configparams mdm-detect-bscan-mask 2' command is executed.
16:58:57 INFO  : Context for processor 'microblaze_0' is selected.
16:58:57 INFO  : Processor reset is completed for 'microblaze_0'.
16:58:57 INFO  : Context for processor 'microblaze_0' is selected.
16:58:57 INFO  : The application 'U:/Documents/SoC/TP/TP_ublaze_3IS/TP_ublaze_3IS.sdk/Test_SEG7/Debug/Test_SEG7.elf' is downloaded to processor 'microblaze_0'.
16:58:57 INFO  : ----------------XSDB Script----------------
connect -url tcp:127.0.0.1:3121
configparams mdm-detect-bscan-mask 2
targets -set -nocase -filter {name =~ "microblaze*#0" && bscan=="USER2"  && jtag_cable_name =~ "Digilent Basys3 210183A4DA48A"} -index 0
rst -processor
targets -set -nocase -filter {name =~ "microblaze*#0" && bscan=="USER2"  && jtag_cable_name =~ "Digilent Basys3 210183A4DA48A"} -index 0
dow U:/Documents/SoC/TP/TP_ublaze_3IS/TP_ublaze_3IS.sdk/Test_SEG7/Debug/Test_SEG7.elf
----------------End of Script----------------

16:58:57 INFO  : Memory regions updated for context PA
16:58:57 INFO  : Memory regions updated for context PA
16:58:58 INFO  : Context for processor 'microblaze_0' is selected.
16:58:58 INFO  : 'con' command is executed.
16:58:58 INFO  : ----------------XSDB Script (After Launch)----------------
targets -set -nocase -filter {name =~ "microblaze*#0" && bscan=="USER2"  && jtag_cable_name =~ "Digilent Basys3 210183A4DA48A"} -index 0
con
----------------End of Script----------------

16:58:58 INFO  : Launch script is exported to file 'U:\Documents\SoC\TP\TP_ublaze_3IS\TP_ublaze_3IS.sdk\.sdk\launch_scripts\xilinx_c-c++_application_(system_debugger)\system_debugger_using_debug_test_seg7.elf_on_local.tcl'
16:59:12 INFO  : Disconnected from the channel tcfchan#13.
16:59:13 INFO  : 'targets -set -filter {jtag_cable_name =~ "Digilent Basys3 210183A4DA48A" && level==0} -index 0' command is executed.
16:59:13 INFO  : 'fpga -state' command is executed.
16:59:13 INFO  : Connected to target on host '127.0.0.1' and port '3121'.
16:59:13 INFO  : Jtag cable 'Digilent Basys3 210183A4DA48A' is selected.
16:59:13 INFO  : 'jtag frequency' command is executed.
16:59:13 INFO  : 'configparams mdm-detect-bscan-mask 2' command is executed.
16:59:13 INFO  : Context for processor 'microblaze_0' is selected.
16:59:13 INFO  : Processor reset is completed for 'microblaze_0'.
16:59:13 INFO  : Context for processor 'microblaze_0' is selected.
16:59:13 INFO  : The application 'U:/Documents/SoC/TP/TP_ublaze_3IS/TP_ublaze_3IS.sdk/Test_SEG7/Debug/Test_SEG7.elf' is downloaded to processor 'microblaze_0'.
16:59:13 INFO  : ----------------XSDB Script----------------
connect -url tcp:127.0.0.1:3121
configparams mdm-detect-bscan-mask 2
targets -set -nocase -filter {name =~ "microblaze*#0" && bscan=="USER2"  && jtag_cable_name =~ "Digilent Basys3 210183A4DA48A"} -index 0
rst -processor
targets -set -nocase -filter {name =~ "microblaze*#0" && bscan=="USER2"  && jtag_cable_name =~ "Digilent Basys3 210183A4DA48A"} -index 0
dow U:/Documents/SoC/TP/TP_ublaze_3IS/TP_ublaze_3IS.sdk/Test_SEG7/Debug/Test_SEG7.elf
----------------End of Script----------------

16:59:13 INFO  : Memory regions updated for context PA
16:59:13 INFO  : Memory regions updated for context PA
16:59:13 INFO  : Context for processor 'microblaze_0' is selected.
16:59:13 INFO  : 'con' command is executed.
16:59:13 INFO  : ----------------XSDB Script (After Launch)----------------
targets -set -nocase -filter {name =~ "microblaze*#0" && bscan=="USER2"  && jtag_cable_name =~ "Digilent Basys3 210183A4DA48A"} -index 0
con
----------------End of Script----------------

16:59:13 INFO  : Launch script is exported to file 'U:\Documents\SoC\TP\TP_ublaze_3IS\TP_ublaze_3IS.sdk\.sdk\launch_scripts\xilinx_c-c++_application_(system_debugger)\system_debugger_using_debug_test_seg7.elf_on_local.tcl'
16:59:51 INFO  : Disconnected from the channel tcfchan#14.
16:59:52 INFO  : 'targets -set -filter {jtag_cable_name =~ "Digilent Basys3 210183A4DA48A" && level==0} -index 0' command is executed.
16:59:52 INFO  : 'fpga -state' command is executed.
16:59:52 INFO  : Connected to target on host '127.0.0.1' and port '3121'.
16:59:52 INFO  : Jtag cable 'Digilent Basys3 210183A4DA48A' is selected.
16:59:52 INFO  : 'jtag frequency' command is executed.
16:59:52 INFO  : 'configparams mdm-detect-bscan-mask 2' command is executed.
16:59:52 INFO  : Context for processor 'microblaze_0' is selected.
16:59:52 INFO  : Processor reset is completed for 'microblaze_0'.
16:59:52 INFO  : Context for processor 'microblaze_0' is selected.
16:59:52 INFO  : The application 'U:/Documents/SoC/TP/TP_ublaze_3IS/TP_ublaze_3IS.sdk/Test_SEG7/Debug/Test_SEG7.elf' is downloaded to processor 'microblaze_0'.
16:59:52 INFO  : ----------------XSDB Script----------------
connect -url tcp:127.0.0.1:3121
configparams mdm-detect-bscan-mask 2
targets -set -nocase -filter {name =~ "microblaze*#0" && bscan=="USER2"  && jtag_cable_name =~ "Digilent Basys3 210183A4DA48A"} -index 0
rst -processor
targets -set -nocase -filter {name =~ "microblaze*#0" && bscan=="USER2"  && jtag_cable_name =~ "Digilent Basys3 210183A4DA48A"} -index 0
dow U:/Documents/SoC/TP/TP_ublaze_3IS/TP_ublaze_3IS.sdk/Test_SEG7/Debug/Test_SEG7.elf
----------------End of Script----------------

16:59:52 INFO  : Memory regions updated for context PA
16:59:52 INFO  : Memory regions updated for context PA
16:59:52 INFO  : Context for processor 'microblaze_0' is selected.
16:59:52 INFO  : 'con' command is executed.
16:59:52 INFO  : ----------------XSDB Script (After Launch)----------------
targets -set -nocase -filter {name =~ "microblaze*#0" && bscan=="USER2"  && jtag_cable_name =~ "Digilent Basys3 210183A4DA48A"} -index 0
con
----------------End of Script----------------

16:59:52 INFO  : Launch script is exported to file 'U:\Documents\SoC\TP\TP_ublaze_3IS\TP_ublaze_3IS.sdk\.sdk\launch_scripts\xilinx_c-c++_application_(system_debugger)\system_debugger_using_debug_test_seg7.elf_on_local.tcl'
17:00:43 INFO  : Disconnected from the channel tcfchan#15.
17:00:44 INFO  : 'targets -set -filter {jtag_cable_name =~ "Digilent Basys3 210183A4DA48A" && level==0} -index 0' command is executed.
17:00:44 INFO  : 'fpga -state' command is executed.
17:00:44 INFO  : Connected to target on host '127.0.0.1' and port '3121'.
17:00:44 INFO  : Jtag cable 'Digilent Basys3 210183A4DA48A' is selected.
17:00:44 INFO  : 'jtag frequency' command is executed.
17:00:44 INFO  : 'configparams mdm-detect-bscan-mask 2' command is executed.
17:00:44 INFO  : Context for processor 'microblaze_0' is selected.
17:00:44 INFO  : Processor reset is completed for 'microblaze_0'.
17:00:44 INFO  : Context for processor 'microblaze_0' is selected.
17:00:44 INFO  : The application 'U:/Documents/SoC/TP/TP_ublaze_3IS/TP_ublaze_3IS.sdk/Test_SEG7/Debug/Test_SEG7.elf' is downloaded to processor 'microblaze_0'.
17:00:44 INFO  : ----------------XSDB Script----------------
connect -url tcp:127.0.0.1:3121
configparams mdm-detect-bscan-mask 2
targets -set -nocase -filter {name =~ "microblaze*#0" && bscan=="USER2"  && jtag_cable_name =~ "Digilent Basys3 210183A4DA48A"} -index 0
rst -processor
targets -set -nocase -filter {name =~ "microblaze*#0" && bscan=="USER2"  && jtag_cable_name =~ "Digilent Basys3 210183A4DA48A"} -index 0
dow U:/Documents/SoC/TP/TP_ublaze_3IS/TP_ublaze_3IS.sdk/Test_SEG7/Debug/Test_SEG7.elf
----------------End of Script----------------

17:00:44 INFO  : Memory regions updated for context PA
17:00:44 INFO  : Memory regions updated for context PA
17:00:44 INFO  : Context for processor 'microblaze_0' is selected.
17:00:44 INFO  : 'con' command is executed.
17:00:44 INFO  : ----------------XSDB Script (After Launch)----------------
targets -set -nocase -filter {name =~ "microblaze*#0" && bscan=="USER2"  && jtag_cable_name =~ "Digilent Basys3 210183A4DA48A"} -index 0
con
----------------End of Script----------------

17:00:44 INFO  : Launch script is exported to file 'U:\Documents\SoC\TP\TP_ublaze_3IS\TP_ublaze_3IS.sdk\.sdk\launch_scripts\xilinx_c-c++_application_(system_debugger)\system_debugger_using_debug_test_seg7.elf_on_local.tcl'
17:01:09 INFO  : Disconnected from the channel tcfchan#16.
17:01:10 INFO  : 'targets -set -filter {jtag_cable_name =~ "Digilent Basys3 210183A4DA48A" && level==0} -index 0' command is executed.
17:01:10 INFO  : 'fpga -state' command is executed.
17:01:10 INFO  : Connected to target on host '127.0.0.1' and port '3121'.
17:01:10 INFO  : Jtag cable 'Digilent Basys3 210183A4DA48A' is selected.
17:01:10 INFO  : 'jtag frequency' command is executed.
17:01:10 INFO  : 'configparams mdm-detect-bscan-mask 2' command is executed.
17:01:10 INFO  : Context for processor 'microblaze_0' is selected.
17:01:10 INFO  : Processor reset is completed for 'microblaze_0'.
17:01:10 INFO  : Context for processor 'microblaze_0' is selected.
17:01:10 INFO  : The application 'U:/Documents/SoC/TP/TP_ublaze_3IS/TP_ublaze_3IS.sdk/Test_SEG7/Debug/Test_SEG7.elf' is downloaded to processor 'microblaze_0'.
17:01:10 INFO  : ----------------XSDB Script----------------
connect -url tcp:127.0.0.1:3121
configparams mdm-detect-bscan-mask 2
targets -set -nocase -filter {name =~ "microblaze*#0" && bscan=="USER2"  && jtag_cable_name =~ "Digilent Basys3 210183A4DA48A"} -index 0
rst -processor
targets -set -nocase -filter {name =~ "microblaze*#0" && bscan=="USER2"  && jtag_cable_name =~ "Digilent Basys3 210183A4DA48A"} -index 0
dow U:/Documents/SoC/TP/TP_ublaze_3IS/TP_ublaze_3IS.sdk/Test_SEG7/Debug/Test_SEG7.elf
----------------End of Script----------------

17:01:10 INFO  : Memory regions updated for context PA
17:01:10 INFO  : Memory regions updated for context PA
17:01:11 INFO  : Context for processor 'microblaze_0' is selected.
17:01:11 INFO  : 'con' command is executed.
17:01:11 INFO  : ----------------XSDB Script (After Launch)----------------
targets -set -nocase -filter {name =~ "microblaze*#0" && bscan=="USER2"  && jtag_cable_name =~ "Digilent Basys3 210183A4DA48A"} -index 0
con
----------------End of Script----------------

17:01:11 INFO  : Launch script is exported to file 'U:\Documents\SoC\TP\TP_ublaze_3IS\TP_ublaze_3IS.sdk\.sdk\launch_scripts\xilinx_c-c++_application_(system_debugger)\system_debugger_using_debug_test_seg7.elf_on_local.tcl'
17:01:26 INFO  : Disconnected from the channel tcfchan#17.
17:01:27 INFO  : 'targets -set -filter {jtag_cable_name =~ "Digilent Basys3 210183A4DA48A" && level==0} -index 0' command is executed.
17:01:27 INFO  : 'fpga -state' command is executed.
17:01:27 INFO  : Connected to target on host '127.0.0.1' and port '3121'.
17:01:28 INFO  : Jtag cable 'Digilent Basys3 210183A4DA48A' is selected.
17:01:28 INFO  : 'jtag frequency' command is executed.
17:01:28 INFO  : 'configparams mdm-detect-bscan-mask 2' command is executed.
17:01:28 INFO  : Context for processor 'microblaze_0' is selected.
17:01:28 INFO  : Processor reset is completed for 'microblaze_0'.
17:01:28 INFO  : Context for processor 'microblaze_0' is selected.
17:01:28 INFO  : The application 'U:/Documents/SoC/TP/TP_ublaze_3IS/TP_ublaze_3IS.sdk/Test_SEG7/Debug/Test_SEG7.elf' is downloaded to processor 'microblaze_0'.
17:01:28 INFO  : ----------------XSDB Script----------------
connect -url tcp:127.0.0.1:3121
configparams mdm-detect-bscan-mask 2
targets -set -nocase -filter {name =~ "microblaze*#0" && bscan=="USER2"  && jtag_cable_name =~ "Digilent Basys3 210183A4DA48A"} -index 0
rst -processor
targets -set -nocase -filter {name =~ "microblaze*#0" && bscan=="USER2"  && jtag_cable_name =~ "Digilent Basys3 210183A4DA48A"} -index 0
dow U:/Documents/SoC/TP/TP_ublaze_3IS/TP_ublaze_3IS.sdk/Test_SEG7/Debug/Test_SEG7.elf
----------------End of Script----------------

17:01:28 INFO  : Memory regions updated for context PA
17:01:28 INFO  : Memory regions updated for context PA
17:01:28 INFO  : Context for processor 'microblaze_0' is selected.
17:01:28 INFO  : 'con' command is executed.
17:01:28 INFO  : ----------------XSDB Script (After Launch)----------------
targets -set -nocase -filter {name =~ "microblaze*#0" && bscan=="USER2"  && jtag_cable_name =~ "Digilent Basys3 210183A4DA48A"} -index 0
con
----------------End of Script----------------

17:01:28 INFO  : Launch script is exported to file 'U:\Documents\SoC\TP\TP_ublaze_3IS\TP_ublaze_3IS.sdk\.sdk\launch_scripts\xilinx_c-c++_application_(system_debugger)\system_debugger_using_debug_test_seg7.elf_on_local.tcl'
17:01:48 INFO  : Disconnected from the channel tcfchan#18.
17:01:49 INFO  : 'targets -set -filter {jtag_cable_name =~ "Digilent Basys3 210183A4DA48A" && level==0} -index 0' command is executed.
17:01:49 INFO  : 'fpga -state' command is executed.
17:01:49 INFO  : Connected to target on host '127.0.0.1' and port '3121'.
17:01:49 INFO  : Jtag cable 'Digilent Basys3 210183A4DA48A' is selected.
17:01:49 INFO  : 'jtag frequency' command is executed.
17:01:49 INFO  : 'configparams mdm-detect-bscan-mask 2' command is executed.
17:01:49 INFO  : Context for processor 'microblaze_0' is selected.
17:01:49 INFO  : Processor reset is completed for 'microblaze_0'.
17:01:49 INFO  : Context for processor 'microblaze_0' is selected.
17:01:50 INFO  : The application 'U:/Documents/SoC/TP/TP_ublaze_3IS/TP_ublaze_3IS.sdk/Test_SEG7/Debug/Test_SEG7.elf' is downloaded to processor 'microblaze_0'.
17:01:50 INFO  : ----------------XSDB Script----------------
connect -url tcp:127.0.0.1:3121
configparams mdm-detect-bscan-mask 2
targets -set -nocase -filter {name =~ "microblaze*#0" && bscan=="USER2"  && jtag_cable_name =~ "Digilent Basys3 210183A4DA48A"} -index 0
rst -processor
targets -set -nocase -filter {name =~ "microblaze*#0" && bscan=="USER2"  && jtag_cable_name =~ "Digilent Basys3 210183A4DA48A"} -index 0
dow U:/Documents/SoC/TP/TP_ublaze_3IS/TP_ublaze_3IS.sdk/Test_SEG7/Debug/Test_SEG7.elf
----------------End of Script----------------

17:01:50 INFO  : Memory regions updated for context PA
17:01:50 INFO  : Memory regions updated for context PA
17:01:50 INFO  : Context for processor 'microblaze_0' is selected.
17:01:50 INFO  : 'con' command is executed.
17:01:50 INFO  : ----------------XSDB Script (After Launch)----------------
targets -set -nocase -filter {name =~ "microblaze*#0" && bscan=="USER2"  && jtag_cable_name =~ "Digilent Basys3 210183A4DA48A"} -index 0
con
----------------End of Script----------------

17:01:50 INFO  : Launch script is exported to file 'U:\Documents\SoC\TP\TP_ublaze_3IS\TP_ublaze_3IS.sdk\.sdk\launch_scripts\xilinx_c-c++_application_(system_debugger)\system_debugger_using_debug_test_seg7.elf_on_local.tcl'
17:02:12 INFO  : Disconnected from the channel tcfchan#19.
17:02:13 INFO  : 'targets -set -filter {jtag_cable_name =~ "Digilent Basys3 210183A4DA48A" && level==0} -index 0' command is executed.
17:02:13 INFO  : 'fpga -state' command is executed.
17:02:13 INFO  : Connected to target on host '127.0.0.1' and port '3121'.
17:02:13 INFO  : Jtag cable 'Digilent Basys3 210183A4DA48A' is selected.
17:02:13 INFO  : 'jtag frequency' command is executed.
17:02:13 INFO  : 'configparams mdm-detect-bscan-mask 2' command is executed.
17:02:13 INFO  : Context for processor 'microblaze_0' is selected.
17:02:13 INFO  : Processor reset is completed for 'microblaze_0'.
17:02:13 INFO  : Context for processor 'microblaze_0' is selected.
17:02:14 INFO  : The application 'U:/Documents/SoC/TP/TP_ublaze_3IS/TP_ublaze_3IS.sdk/Test_SEG7/Debug/Test_SEG7.elf' is downloaded to processor 'microblaze_0'.
17:02:14 INFO  : ----------------XSDB Script----------------
connect -url tcp:127.0.0.1:3121
configparams mdm-detect-bscan-mask 2
targets -set -nocase -filter {name =~ "microblaze*#0" && bscan=="USER2"  && jtag_cable_name =~ "Digilent Basys3 210183A4DA48A"} -index 0
rst -processor
targets -set -nocase -filter {name =~ "microblaze*#0" && bscan=="USER2"  && jtag_cable_name =~ "Digilent Basys3 210183A4DA48A"} -index 0
dow U:/Documents/SoC/TP/TP_ublaze_3IS/TP_ublaze_3IS.sdk/Test_SEG7/Debug/Test_SEG7.elf
----------------End of Script----------------

17:02:14 INFO  : Memory regions updated for context PA
17:02:14 INFO  : Memory regions updated for context PA
17:02:14 INFO  : Context for processor 'microblaze_0' is selected.
17:02:14 INFO  : 'con' command is executed.
17:02:14 INFO  : ----------------XSDB Script (After Launch)----------------
targets -set -nocase -filter {name =~ "microblaze*#0" && bscan=="USER2"  && jtag_cable_name =~ "Digilent Basys3 210183A4DA48A"} -index 0
con
----------------End of Script----------------

17:02:14 INFO  : Launch script is exported to file 'U:\Documents\SoC\TP\TP_ublaze_3IS\TP_ublaze_3IS.sdk\.sdk\launch_scripts\xilinx_c-c++_application_(system_debugger)\system_debugger_using_debug_test_seg7.elf_on_local.tcl'
17:02:28 INFO  : Disconnected from the channel tcfchan#20.
17:02:29 INFO  : 'targets -set -filter {jtag_cable_name =~ "Digilent Basys3 210183A4DA48A" && level==0} -index 0' command is executed.
17:02:29 INFO  : 'fpga -state' command is executed.
17:02:29 INFO  : Connected to target on host '127.0.0.1' and port '3121'.
17:02:29 INFO  : Jtag cable 'Digilent Basys3 210183A4DA48A' is selected.
17:02:29 INFO  : 'jtag frequency' command is executed.
17:02:29 INFO  : 'configparams mdm-detect-bscan-mask 2' command is executed.
17:02:29 INFO  : Context for processor 'microblaze_0' is selected.
17:02:29 INFO  : Processor reset is completed for 'microblaze_0'.
17:02:29 INFO  : Context for processor 'microblaze_0' is selected.
17:02:29 INFO  : The application 'U:/Documents/SoC/TP/TP_ublaze_3IS/TP_ublaze_3IS.sdk/Test_SEG7/Debug/Test_SEG7.elf' is downloaded to processor 'microblaze_0'.
17:02:29 INFO  : ----------------XSDB Script----------------
connect -url tcp:127.0.0.1:3121
configparams mdm-detect-bscan-mask 2
targets -set -nocase -filter {name =~ "microblaze*#0" && bscan=="USER2"  && jtag_cable_name =~ "Digilent Basys3 210183A4DA48A"} -index 0
rst -processor
targets -set -nocase -filter {name =~ "microblaze*#0" && bscan=="USER2"  && jtag_cable_name =~ "Digilent Basys3 210183A4DA48A"} -index 0
dow U:/Documents/SoC/TP/TP_ublaze_3IS/TP_ublaze_3IS.sdk/Test_SEG7/Debug/Test_SEG7.elf
----------------End of Script----------------

17:02:29 INFO  : Memory regions updated for context PA
17:02:29 INFO  : Memory regions updated for context PA
17:02:29 INFO  : Context for processor 'microblaze_0' is selected.
17:02:29 INFO  : 'con' command is executed.
17:02:29 INFO  : ----------------XSDB Script (After Launch)----------------
targets -set -nocase -filter {name =~ "microblaze*#0" && bscan=="USER2"  && jtag_cable_name =~ "Digilent Basys3 210183A4DA48A"} -index 0
con
----------------End of Script----------------

17:02:29 INFO  : Launch script is exported to file 'U:\Documents\SoC\TP\TP_ublaze_3IS\TP_ublaze_3IS.sdk\.sdk\launch_scripts\xilinx_c-c++_application_(system_debugger)\system_debugger_using_debug_test_seg7.elf_on_local.tcl'
17:16:07 INFO  : Disconnected from the channel tcfchan#21.
17:16:08 INFO  : 'targets -set -filter {jtag_cable_name =~ "Digilent Basys3 210183A4DA48A" && level==0} -index 0' command is executed.
17:16:08 INFO  : 'fpga -state' command is executed.
17:16:08 INFO  : Connected to target on host '127.0.0.1' and port '3121'.
17:16:08 INFO  : Jtag cable 'Digilent Basys3 210183A4DA48A' is selected.
17:16:08 INFO  : 'jtag frequency' command is executed.
17:16:08 INFO  : 'configparams mdm-detect-bscan-mask 2' command is executed.
17:16:08 INFO  : Context for processor 'microblaze_0' is selected.
17:16:08 INFO  : Processor reset is completed for 'microblaze_0'.
17:16:08 INFO  : Context for processor 'microblaze_0' is selected.
17:16:08 INFO  : The application 'U:/Documents/SoC/TP/TP_ublaze_3IS/TP_ublaze_3IS.sdk/Test_SEG7/Debug/Test_SEG7.elf' is downloaded to processor 'microblaze_0'.
17:16:08 INFO  : ----------------XSDB Script----------------
connect -url tcp:127.0.0.1:3121
configparams mdm-detect-bscan-mask 2
targets -set -nocase -filter {name =~ "microblaze*#0" && bscan=="USER2"  && jtag_cable_name =~ "Digilent Basys3 210183A4DA48A"} -index 0
rst -processor
targets -set -nocase -filter {name =~ "microblaze*#0" && bscan=="USER2"  && jtag_cable_name =~ "Digilent Basys3 210183A4DA48A"} -index 0
dow U:/Documents/SoC/TP/TP_ublaze_3IS/TP_ublaze_3IS.sdk/Test_SEG7/Debug/Test_SEG7.elf
----------------End of Script----------------

17:16:09 INFO  : Memory regions updated for context PA
17:16:09 INFO  : Memory regions updated for context PA
17:16:09 INFO  : Context for processor 'microblaze_0' is selected.
17:16:09 INFO  : 'con' command is executed.
17:16:09 INFO  : ----------------XSDB Script (After Launch)----------------
targets -set -nocase -filter {name =~ "microblaze*#0" && bscan=="USER2"  && jtag_cable_name =~ "Digilent Basys3 210183A4DA48A"} -index 0
con
----------------End of Script----------------

17:16:09 INFO  : Launch script is exported to file 'U:\Documents\SoC\TP\TP_ublaze_3IS\TP_ublaze_3IS.sdk\.sdk\launch_scripts\xilinx_c-c++_application_(system_debugger)\system_debugger_using_debug_test_seg7.elf_on_local.tcl'
17:16:39 INFO  : Disconnected from the channel tcfchan#22.
17:16:40 INFO  : 'targets -set -filter {jtag_cable_name =~ "Digilent Basys3 210183A4DA48A" && level==0} -index 0' command is executed.
17:16:40 INFO  : 'fpga -state' command is executed.
17:16:40 INFO  : Connected to target on host '127.0.0.1' and port '3121'.
17:16:40 INFO  : Jtag cable 'Digilent Basys3 210183A4DA48A' is selected.
17:16:40 INFO  : 'jtag frequency' command is executed.
17:16:40 INFO  : 'configparams mdm-detect-bscan-mask 2' command is executed.
17:16:40 INFO  : Context for processor 'microblaze_0' is selected.
17:16:40 INFO  : Processor reset is completed for 'microblaze_0'.
17:16:41 INFO  : Context for processor 'microblaze_0' is selected.
17:16:41 INFO  : The application 'U:/Documents/SoC/TP/TP_ublaze_3IS/TP_ublaze_3IS.sdk/Test_SEG7/Debug/Test_SEG7.elf' is downloaded to processor 'microblaze_0'.
17:16:41 INFO  : ----------------XSDB Script----------------
connect -url tcp:127.0.0.1:3121
configparams mdm-detect-bscan-mask 2
targets -set -nocase -filter {name =~ "microblaze*#0" && bscan=="USER2"  && jtag_cable_name =~ "Digilent Basys3 210183A4DA48A"} -index 0
rst -processor
targets -set -nocase -filter {name =~ "microblaze*#0" && bscan=="USER2"  && jtag_cable_name =~ "Digilent Basys3 210183A4DA48A"} -index 0
dow U:/Documents/SoC/TP/TP_ublaze_3IS/TP_ublaze_3IS.sdk/Test_SEG7/Debug/Test_SEG7.elf
----------------End of Script----------------

17:16:41 INFO  : Memory regions updated for context PA
17:16:41 INFO  : Memory regions updated for context PA
17:16:41 INFO  : Context for processor 'microblaze_0' is selected.
17:16:41 INFO  : 'con' command is executed.
17:16:41 INFO  : ----------------XSDB Script (After Launch)----------------
targets -set -nocase -filter {name =~ "microblaze*#0" && bscan=="USER2"  && jtag_cable_name =~ "Digilent Basys3 210183A4DA48A"} -index 0
con
----------------End of Script----------------

17:16:41 INFO  : Launch script is exported to file 'U:\Documents\SoC\TP\TP_ublaze_3IS\TP_ublaze_3IS.sdk\.sdk\launch_scripts\xilinx_c-c++_application_(system_debugger)\system_debugger_using_debug_test_seg7.elf_on_local.tcl'
17:16:48 INFO  : Disconnected from the channel tcfchan#23.
17:16:49 INFO  : 'targets -set -filter {jtag_cable_name =~ "Digilent Basys3 210183A4DA48A" && level==0} -index 0' command is executed.
17:16:50 INFO  : 'fpga -state' command is executed.
17:16:50 INFO  : Connected to target on host '127.0.0.1' and port '3121'.
17:16:50 INFO  : Jtag cable 'Digilent Basys3 210183A4DA48A' is selected.
17:16:50 INFO  : 'jtag frequency' command is executed.
17:16:50 INFO  : 'configparams mdm-detect-bscan-mask 2' command is executed.
17:16:50 INFO  : Context for processor 'microblaze_0' is selected.
17:16:50 INFO  : Processor reset is completed for 'microblaze_0'.
17:16:50 INFO  : Context for processor 'microblaze_0' is selected.
17:16:50 INFO  : The application 'U:/Documents/SoC/TP/TP_ublaze_3IS/TP_ublaze_3IS.sdk/Test_SEG7/Debug/Test_SEG7.elf' is downloaded to processor 'microblaze_0'.
17:16:50 INFO  : ----------------XSDB Script----------------
connect -url tcp:127.0.0.1:3121
configparams mdm-detect-bscan-mask 2
targets -set -nocase -filter {name =~ "microblaze*#0" && bscan=="USER2"  && jtag_cable_name =~ "Digilent Basys3 210183A4DA48A"} -index 0
rst -processor
targets -set -nocase -filter {name =~ "microblaze*#0" && bscan=="USER2"  && jtag_cable_name =~ "Digilent Basys3 210183A4DA48A"} -index 0
dow U:/Documents/SoC/TP/TP_ublaze_3IS/TP_ublaze_3IS.sdk/Test_SEG7/Debug/Test_SEG7.elf
----------------End of Script----------------

17:16:50 INFO  : Memory regions updated for context PA
17:16:50 INFO  : Memory regions updated for context PA
17:16:50 INFO  : Context for processor 'microblaze_0' is selected.
17:16:50 INFO  : 'con' command is executed.
17:16:50 INFO  : ----------------XSDB Script (After Launch)----------------
targets -set -nocase -filter {name =~ "microblaze*#0" && bscan=="USER2"  && jtag_cable_name =~ "Digilent Basys3 210183A4DA48A"} -index 0
con
----------------End of Script----------------

17:16:50 INFO  : Launch script is exported to file 'U:\Documents\SoC\TP\TP_ublaze_3IS\TP_ublaze_3IS.sdk\.sdk\launch_scripts\xilinx_c-c++_application_(system_debugger)\system_debugger_using_debug_test_seg7.elf_on_local.tcl'
17:17:01 INFO  : Disconnected from the channel tcfchan#24.
17:17:02 INFO  : 'targets -set -filter {jtag_cable_name =~ "Digilent Basys3 210183A4DA48A" && level==0} -index 0' command is executed.
17:17:02 INFO  : 'fpga -state' command is executed.
17:17:02 INFO  : Connected to target on host '127.0.0.1' and port '3121'.
17:17:02 INFO  : Jtag cable 'Digilent Basys3 210183A4DA48A' is selected.
17:17:02 INFO  : 'jtag frequency' command is executed.
17:17:02 INFO  : 'configparams mdm-detect-bscan-mask 2' command is executed.
17:17:02 INFO  : Context for processor 'microblaze_0' is selected.
17:17:02 INFO  : Processor reset is completed for 'microblaze_0'.
17:17:02 INFO  : Context for processor 'microblaze_0' is selected.
17:17:02 INFO  : The application 'U:/Documents/SoC/TP/TP_ublaze_3IS/TP_ublaze_3IS.sdk/Test_SEG7/Debug/Test_SEG7.elf' is downloaded to processor 'microblaze_0'.
17:17:02 INFO  : ----------------XSDB Script----------------
connect -url tcp:127.0.0.1:3121
configparams mdm-detect-bscan-mask 2
targets -set -nocase -filter {name =~ "microblaze*#0" && bscan=="USER2"  && jtag_cable_name =~ "Digilent Basys3 210183A4DA48A"} -index 0
rst -processor
targets -set -nocase -filter {name =~ "microblaze*#0" && bscan=="USER2"  && jtag_cable_name =~ "Digilent Basys3 210183A4DA48A"} -index 0
dow U:/Documents/SoC/TP/TP_ublaze_3IS/TP_ublaze_3IS.sdk/Test_SEG7/Debug/Test_SEG7.elf
----------------End of Script----------------

17:17:02 INFO  : Memory regions updated for context PA
17:17:02 INFO  : Memory regions updated for context PA
17:17:02 INFO  : Context for processor 'microblaze_0' is selected.
17:17:02 INFO  : 'con' command is executed.
17:17:02 INFO  : ----------------XSDB Script (After Launch)----------------
targets -set -nocase -filter {name =~ "microblaze*#0" && bscan=="USER2"  && jtag_cable_name =~ "Digilent Basys3 210183A4DA48A"} -index 0
con
----------------End of Script----------------

17:17:02 INFO  : Launch script is exported to file 'U:\Documents\SoC\TP\TP_ublaze_3IS\TP_ublaze_3IS.sdk\.sdk\launch_scripts\xilinx_c-c++_application_(system_debugger)\system_debugger_using_debug_test_seg7.elf_on_local.tcl'
17:18:13 INFO  : Disconnected from the channel tcfchan#25.
17:18:14 INFO  : 'targets -set -filter {jtag_cable_name =~ "Digilent Basys3 210183A4DA48A" && level==0} -index 0' command is executed.
17:18:14 INFO  : 'fpga -state' command is executed.
17:18:14 INFO  : Connected to target on host '127.0.0.1' and port '3121'.
17:18:15 INFO  : Jtag cable 'Digilent Basys3 210183A4DA48A' is selected.
17:18:15 INFO  : 'jtag frequency' command is executed.
17:18:15 INFO  : 'configparams mdm-detect-bscan-mask 2' command is executed.
17:18:15 INFO  : Context for processor 'microblaze_0' is selected.
17:18:15 INFO  : Processor reset is completed for 'microblaze_0'.
17:18:15 INFO  : Context for processor 'microblaze_0' is selected.
17:18:15 INFO  : The application 'U:/Documents/SoC/TP/TP_ublaze_3IS/TP_ublaze_3IS.sdk/Test_SEG7/Debug/Test_SEG7.elf' is downloaded to processor 'microblaze_0'.
17:18:15 INFO  : ----------------XSDB Script----------------
connect -url tcp:127.0.0.1:3121
configparams mdm-detect-bscan-mask 2
targets -set -nocase -filter {name =~ "microblaze*#0" && bscan=="USER2"  && jtag_cable_name =~ "Digilent Basys3 210183A4DA48A"} -index 0
rst -processor
targets -set -nocase -filter {name =~ "microblaze*#0" && bscan=="USER2"  && jtag_cable_name =~ "Digilent Basys3 210183A4DA48A"} -index 0
dow U:/Documents/SoC/TP/TP_ublaze_3IS/TP_ublaze_3IS.sdk/Test_SEG7/Debug/Test_SEG7.elf
----------------End of Script----------------

17:18:15 INFO  : Memory regions updated for context PA
17:18:15 INFO  : Memory regions updated for context PA
17:18:15 INFO  : Context for processor 'microblaze_0' is selected.
17:18:15 INFO  : 'con' command is executed.
17:18:15 INFO  : ----------------XSDB Script (After Launch)----------------
targets -set -nocase -filter {name =~ "microblaze*#0" && bscan=="USER2"  && jtag_cable_name =~ "Digilent Basys3 210183A4DA48A"} -index 0
con
----------------End of Script----------------

17:18:15 INFO  : Launch script is exported to file 'U:\Documents\SoC\TP\TP_ublaze_3IS\TP_ublaze_3IS.sdk\.sdk\launch_scripts\xilinx_c-c++_application_(system_debugger)\system_debugger_using_debug_test_seg7.elf_on_local.tcl'
17:19:39 INFO  : Disconnected from the channel tcfchan#26.
17:19:40 INFO  : 'targets -set -filter {jtag_cable_name =~ "Digilent Basys3 210183A4DA48A" && level==0} -index 0' command is executed.
17:19:40 INFO  : 'fpga -state' command is executed.
17:19:40 INFO  : Connected to target on host '127.0.0.1' and port '3121'.
17:19:40 INFO  : Jtag cable 'Digilent Basys3 210183A4DA48A' is selected.
17:19:40 INFO  : 'jtag frequency' command is executed.
17:19:40 INFO  : 'configparams mdm-detect-bscan-mask 2' command is executed.
17:19:40 INFO  : Context for processor 'microblaze_0' is selected.
17:19:41 INFO  : Processor reset is completed for 'microblaze_0'.
17:19:41 INFO  : Context for processor 'microblaze_0' is selected.
17:19:41 INFO  : The application 'U:/Documents/SoC/TP/TP_ublaze_3IS/TP_ublaze_3IS.sdk/Test_SEG7/Debug/Test_SEG7.elf' is downloaded to processor 'microblaze_0'.
17:19:41 INFO  : ----------------XSDB Script----------------
connect -url tcp:127.0.0.1:3121
configparams mdm-detect-bscan-mask 2
targets -set -nocase -filter {name =~ "microblaze*#0" && bscan=="USER2"  && jtag_cable_name =~ "Digilent Basys3 210183A4DA48A"} -index 0
rst -processor
targets -set -nocase -filter {name =~ "microblaze*#0" && bscan=="USER2"  && jtag_cable_name =~ "Digilent Basys3 210183A4DA48A"} -index 0
dow U:/Documents/SoC/TP/TP_ublaze_3IS/TP_ublaze_3IS.sdk/Test_SEG7/Debug/Test_SEG7.elf
----------------End of Script----------------

17:19:41 INFO  : Memory regions updated for context PA
17:19:41 INFO  : Memory regions updated for context PA
17:19:41 INFO  : Context for processor 'microblaze_0' is selected.
17:19:41 INFO  : 'con' command is executed.
17:19:41 INFO  : ----------------XSDB Script (After Launch)----------------
targets -set -nocase -filter {name =~ "microblaze*#0" && bscan=="USER2"  && jtag_cable_name =~ "Digilent Basys3 210183A4DA48A"} -index 0
con
----------------End of Script----------------

17:19:41 INFO  : Launch script is exported to file 'U:\Documents\SoC\TP\TP_ublaze_3IS\TP_ublaze_3IS.sdk\.sdk\launch_scripts\xilinx_c-c++_application_(system_debugger)\system_debugger_using_debug_test_seg7.elf_on_local.tcl'
17:20:17 INFO  : Disconnected from the channel tcfchan#27.
17:20:18 INFO  : 'targets -set -filter {jtag_cable_name =~ "Digilent Basys3 210183A4DA48A" && level==0} -index 0' command is executed.
17:20:18 INFO  : 'fpga -state' command is executed.
17:20:18 INFO  : Connected to target on host '127.0.0.1' and port '3121'.
17:20:18 INFO  : Jtag cable 'Digilent Basys3 210183A4DA48A' is selected.
17:20:18 INFO  : 'jtag frequency' command is executed.
17:20:18 INFO  : 'configparams mdm-detect-bscan-mask 2' command is executed.
17:20:18 INFO  : Context for processor 'microblaze_0' is selected.
17:20:18 INFO  : Processor reset is completed for 'microblaze_0'.
17:20:18 INFO  : Context for processor 'microblaze_0' is selected.
17:20:18 INFO  : The application 'U:/Documents/SoC/TP/TP_ublaze_3IS/TP_ublaze_3IS.sdk/Test_SEG7/Debug/Test_SEG7.elf' is downloaded to processor 'microblaze_0'.
17:20:18 INFO  : ----------------XSDB Script----------------
connect -url tcp:127.0.0.1:3121
configparams mdm-detect-bscan-mask 2
targets -set -nocase -filter {name =~ "microblaze*#0" && bscan=="USER2"  && jtag_cable_name =~ "Digilent Basys3 210183A4DA48A"} -index 0
rst -processor
targets -set -nocase -filter {name =~ "microblaze*#0" && bscan=="USER2"  && jtag_cable_name =~ "Digilent Basys3 210183A4DA48A"} -index 0
dow U:/Documents/SoC/TP/TP_ublaze_3IS/TP_ublaze_3IS.sdk/Test_SEG7/Debug/Test_SEG7.elf
----------------End of Script----------------

17:20:18 INFO  : Memory regions updated for context PA
17:20:18 INFO  : Memory regions updated for context PA
17:20:18 INFO  : Context for processor 'microblaze_0' is selected.
17:20:18 INFO  : 'con' command is executed.
17:20:18 INFO  : ----------------XSDB Script (After Launch)----------------
targets -set -nocase -filter {name =~ "microblaze*#0" && bscan=="USER2"  && jtag_cable_name =~ "Digilent Basys3 210183A4DA48A"} -index 0
con
----------------End of Script----------------

17:20:18 INFO  : Launch script is exported to file 'U:\Documents\SoC\TP\TP_ublaze_3IS\TP_ublaze_3IS.sdk\.sdk\launch_scripts\xilinx_c-c++_application_(system_debugger)\system_debugger_using_debug_test_seg7.elf_on_local.tcl'
17:22:45 INFO  : Disconnected from the channel tcfchan#28.
17:22:46 INFO  : 'targets -set -filter {jtag_cable_name =~ "Digilent Basys3 210183A4DA48A" && level==0} -index 0' command is executed.
17:22:46 INFO  : 'fpga -state' command is executed.
17:22:46 INFO  : Connected to target on host '127.0.0.1' and port '3121'.
17:22:47 INFO  : Jtag cable 'Digilent Basys3 210183A4DA48A' is selected.
17:22:47 INFO  : 'jtag frequency' command is executed.
17:22:47 INFO  : 'configparams mdm-detect-bscan-mask 2' command is executed.
17:22:47 INFO  : Context for processor 'microblaze_0' is selected.
17:22:47 INFO  : Processor reset is completed for 'microblaze_0'.
17:22:47 INFO  : Context for processor 'microblaze_0' is selected.
17:22:47 INFO  : The application 'U:/Documents/SoC/TP/TP_ublaze_3IS/TP_ublaze_3IS.sdk/Test_SEG7/Debug/Test_SEG7.elf' is downloaded to processor 'microblaze_0'.
17:22:47 INFO  : ----------------XSDB Script----------------
connect -url tcp:127.0.0.1:3121
configparams mdm-detect-bscan-mask 2
targets -set -nocase -filter {name =~ "microblaze*#0" && bscan=="USER2"  && jtag_cable_name =~ "Digilent Basys3 210183A4DA48A"} -index 0
rst -processor
targets -set -nocase -filter {name =~ "microblaze*#0" && bscan=="USER2"  && jtag_cable_name =~ "Digilent Basys3 210183A4DA48A"} -index 0
dow U:/Documents/SoC/TP/TP_ublaze_3IS/TP_ublaze_3IS.sdk/Test_SEG7/Debug/Test_SEG7.elf
----------------End of Script----------------

17:22:47 INFO  : Memory regions updated for context PA
17:22:47 INFO  : Memory regions updated for context PA
17:22:47 INFO  : Context for processor 'microblaze_0' is selected.
17:22:47 INFO  : 'con' command is executed.
17:22:47 INFO  : ----------------XSDB Script (After Launch)----------------
targets -set -nocase -filter {name =~ "microblaze*#0" && bscan=="USER2"  && jtag_cable_name =~ "Digilent Basys3 210183A4DA48A"} -index 0
con
----------------End of Script----------------

17:22:47 INFO  : Launch script is exported to file 'U:\Documents\SoC\TP\TP_ublaze_3IS\TP_ublaze_3IS.sdk\.sdk\launch_scripts\xilinx_c-c++_application_(system_debugger)\system_debugger_using_debug_test_seg7.elf_on_local.tcl'
17:24:24 INFO  : Disconnected from the channel tcfchan#29.
17:24:25 INFO  : 'targets -set -filter {jtag_cable_name =~ "Digilent Basys3 210183A4DA48A" && level==0} -index 0' command is executed.
17:24:25 INFO  : 'fpga -state' command is executed.
17:24:25 INFO  : Connected to target on host '127.0.0.1' and port '3121'.
17:24:26 INFO  : Jtag cable 'Digilent Basys3 210183A4DA48A' is selected.
17:24:26 INFO  : 'jtag frequency' command is executed.
17:24:26 INFO  : 'configparams mdm-detect-bscan-mask 2' command is executed.
17:24:26 INFO  : Context for processor 'microblaze_0' is selected.
17:24:26 INFO  : Processor reset is completed for 'microblaze_0'.
17:24:26 INFO  : Context for processor 'microblaze_0' is selected.
17:24:26 INFO  : The application 'U:/Documents/SoC/TP/TP_ublaze_3IS/TP_ublaze_3IS.sdk/Test_SEG7/Debug/Test_SEG7.elf' is downloaded to processor 'microblaze_0'.
17:24:26 INFO  : ----------------XSDB Script----------------
connect -url tcp:127.0.0.1:3121
configparams mdm-detect-bscan-mask 2
targets -set -nocase -filter {name =~ "microblaze*#0" && bscan=="USER2"  && jtag_cable_name =~ "Digilent Basys3 210183A4DA48A"} -index 0
rst -processor
targets -set -nocase -filter {name =~ "microblaze*#0" && bscan=="USER2"  && jtag_cable_name =~ "Digilent Basys3 210183A4DA48A"} -index 0
dow U:/Documents/SoC/TP/TP_ublaze_3IS/TP_ublaze_3IS.sdk/Test_SEG7/Debug/Test_SEG7.elf
----------------End of Script----------------

17:24:26 INFO  : Memory regions updated for context PA
17:24:26 INFO  : Memory regions updated for context PA
17:24:26 INFO  : Context for processor 'microblaze_0' is selected.
17:24:26 INFO  : 'con' command is executed.
17:24:26 INFO  : ----------------XSDB Script (After Launch)----------------
targets -set -nocase -filter {name =~ "microblaze*#0" && bscan=="USER2"  && jtag_cable_name =~ "Digilent Basys3 210183A4DA48A"} -index 0
con
----------------End of Script----------------

17:24:26 INFO  : Launch script is exported to file 'U:\Documents\SoC\TP\TP_ublaze_3IS\TP_ublaze_3IS.sdk\.sdk\launch_scripts\xilinx_c-c++_application_(system_debugger)\system_debugger_using_debug_test_seg7.elf_on_local.tcl'
17:25:22 INFO  : Disconnected from the channel tcfchan#30.
17:25:23 INFO  : 'targets -set -filter {jtag_cable_name =~ "Digilent Basys3 210183A4DA48A" && level==0} -index 0' command is executed.
17:25:23 INFO  : 'fpga -state' command is executed.
17:25:23 INFO  : Connected to target on host '127.0.0.1' and port '3121'.
17:25:24 INFO  : Jtag cable 'Digilent Basys3 210183A4DA48A' is selected.
17:25:24 INFO  : 'jtag frequency' command is executed.
17:25:24 INFO  : 'configparams mdm-detect-bscan-mask 2' command is executed.
17:25:24 INFO  : Context for processor 'microblaze_0' is selected.
17:25:24 INFO  : Processor reset is completed for 'microblaze_0'.
17:25:24 INFO  : Context for processor 'microblaze_0' is selected.
17:25:24 INFO  : The application 'U:/Documents/SoC/TP/TP_ublaze_3IS/TP_ublaze_3IS.sdk/Test_SEG7/Debug/Test_SEG7.elf' is downloaded to processor 'microblaze_0'.
17:25:24 INFO  : ----------------XSDB Script----------------
connect -url tcp:127.0.0.1:3121
configparams mdm-detect-bscan-mask 2
targets -set -nocase -filter {name =~ "microblaze*#0" && bscan=="USER2"  && jtag_cable_name =~ "Digilent Basys3 210183A4DA48A"} -index 0
rst -processor
targets -set -nocase -filter {name =~ "microblaze*#0" && bscan=="USER2"  && jtag_cable_name =~ "Digilent Basys3 210183A4DA48A"} -index 0
dow U:/Documents/SoC/TP/TP_ublaze_3IS/TP_ublaze_3IS.sdk/Test_SEG7/Debug/Test_SEG7.elf
----------------End of Script----------------

17:25:24 INFO  : Memory regions updated for context PA
17:25:24 INFO  : Memory regions updated for context PA
17:25:24 INFO  : Context for processor 'microblaze_0' is selected.
17:25:24 INFO  : 'con' command is executed.
17:25:24 INFO  : ----------------XSDB Script (After Launch)----------------
targets -set -nocase -filter {name =~ "microblaze*#0" && bscan=="USER2"  && jtag_cable_name =~ "Digilent Basys3 210183A4DA48A"} -index 0
con
----------------End of Script----------------

17:25:24 INFO  : Launch script is exported to file 'U:\Documents\SoC\TP\TP_ublaze_3IS\TP_ublaze_3IS.sdk\.sdk\launch_scripts\xilinx_c-c++_application_(system_debugger)\system_debugger_using_debug_test_seg7.elf_on_local.tcl'
17:32:46 INFO  : Disconnected from the channel tcfchan#31.
13:23:05 INFO  : Registering command handlers for SDK TCF services
13:23:06 INFO  : Launching XSCT server: xsct.bat -interactive U:\Documents\SoC\TP\TP_ublaze_3IS\TP_ublaze_3IS.sdk\temp_xsdb_launch_script.tcl
13:23:08 INFO  : XSCT server has started successfully.
13:23:08 INFO  : Successfully done setting XSCT server connection channel  
13:23:08 INFO  : Processing command line option -hwspec U:/Documents/SoC/TP/TP_ublaze_3IS/TP_ublaze_3IS.sdk/ublaze_system_wrapper.hdf.
13:23:08 INFO  : Successfully done setting SDK workspace  
13:23:08 INFO  : Checking for hwspec changes in the project ublaze_system_wrapper_hw_platform_0.
13:36:26 INFO  : Connected to target on host '127.0.0.1' and port '3121'.
13:36:26 INFO  : 'targets -set -filter {jtag_cable_name =~ "Digilent Basys3 210183A8A7EBA" && level==0} -index 0' command is executed.
13:36:27 INFO  : FPGA configured successfully with bitstream "U:/Documents/SoC/TP/TP_ublaze_3IS/TP_ublaze_3IS.sdk/ublaze_system_wrapper_hw_platform_0/download.bit"
13:36:37 INFO  : 'targets -set -filter {jtag_cable_name =~ "Digilent Basys3 210183A8A7EBA" && level==0} -index 0' command is executed.
13:36:37 INFO  : 'fpga -state' command is executed.
13:36:37 INFO  : Connected to target on host '127.0.0.1' and port '3121'.
13:36:38 INFO  : Jtag cable 'Digilent Basys3 210183A8A7EBA' is selected.
13:36:38 INFO  : 'jtag frequency' command is executed.
13:36:38 INFO  : 'configparams mdm-detect-bscan-mask 2' command is executed.
13:36:38 INFO  : Context for processor 'microblaze_0' is selected.
13:36:38 INFO  : Processor reset is completed for 'microblaze_0'.
13:36:38 INFO  : Context for processor 'microblaze_0' is selected.
13:36:38 INFO  : The application 'U:/Documents/SoC/TP/TP_ublaze_3IS/TP_ublaze_3IS.sdk/Test_SEG7/Debug/Test_SEG7.elf' is downloaded to processor 'microblaze_0'.
13:36:38 INFO  : ----------------XSDB Script----------------
connect -url tcp:127.0.0.1:3121
configparams mdm-detect-bscan-mask 2
targets -set -nocase -filter {name =~ "microblaze*#0" && bscan=="USER2"  && jtag_cable_name =~ "Digilent Basys3 210183A8A7EBA"} -index 0
rst -processor
targets -set -nocase -filter {name =~ "microblaze*#0" && bscan=="USER2"  && jtag_cable_name =~ "Digilent Basys3 210183A8A7EBA"} -index 0
dow U:/Documents/SoC/TP/TP_ublaze_3IS/TP_ublaze_3IS.sdk/Test_SEG7/Debug/Test_SEG7.elf
----------------End of Script----------------

13:36:38 INFO  : Memory regions updated for context PA
13:36:38 INFO  : Memory regions updated for context PA
13:36:38 INFO  : Context for processor 'microblaze_0' is selected.
13:36:38 INFO  : 'con' command is executed.
13:36:38 INFO  : ----------------XSDB Script (After Launch)----------------
targets -set -nocase -filter {name =~ "microblaze*#0" && bscan=="USER2"  && jtag_cable_name =~ "Digilent Basys3 210183A8A7EBA"} -index 0
con
----------------End of Script----------------

13:36:38 INFO  : Launch script is exported to file 'U:\Documents\SoC\TP\TP_ublaze_3IS\TP_ublaze_3IS.sdk\.sdk\launch_scripts\xilinx_c-c++_application_(system_debugger)\system_debugger_using_debug_test_seg7.elf_on_local.tcl'
13:37:27 INFO  : Disconnected from the channel tcfchan#1.
13:37:28 INFO  : 'targets -set -filter {jtag_cable_name =~ "Digilent Basys3 210183A8A7EBA" && level==0} -index 0' command is executed.
13:37:28 INFO  : 'fpga -state' command is executed.
13:37:28 INFO  : Connected to target on host '127.0.0.1' and port '3121'.
13:37:28 INFO  : Jtag cable 'Digilent Basys3 210183A8A7EBA' is selected.
13:37:28 INFO  : 'jtag frequency' command is executed.
13:37:28 INFO  : 'configparams mdm-detect-bscan-mask 2' command is executed.
13:37:28 INFO  : Context for processor 'microblaze_0' is selected.
13:37:28 INFO  : Processor reset is completed for 'microblaze_0'.
13:37:28 INFO  : Context for processor 'microblaze_0' is selected.
13:37:28 INFO  : The application 'U:/Documents/SoC/TP/TP_ublaze_3IS/TP_ublaze_3IS.sdk/Test_SEG7/Debug/Test_SEG7.elf' is downloaded to processor 'microblaze_0'.
13:37:28 INFO  : ----------------XSDB Script----------------
connect -url tcp:127.0.0.1:3121
configparams mdm-detect-bscan-mask 2
targets -set -nocase -filter {name =~ "microblaze*#0" && bscan=="USER2"  && jtag_cable_name =~ "Digilent Basys3 210183A8A7EBA"} -index 0
rst -processor
targets -set -nocase -filter {name =~ "microblaze*#0" && bscan=="USER2"  && jtag_cable_name =~ "Digilent Basys3 210183A8A7EBA"} -index 0
dow U:/Documents/SoC/TP/TP_ublaze_3IS/TP_ublaze_3IS.sdk/Test_SEG7/Debug/Test_SEG7.elf
----------------End of Script----------------

13:37:28 INFO  : Memory regions updated for context PA
13:37:28 INFO  : Memory regions updated for context PA
13:37:28 INFO  : Context for processor 'microblaze_0' is selected.
13:37:28 INFO  : 'con' command is executed.
13:37:28 INFO  : ----------------XSDB Script (After Launch)----------------
targets -set -nocase -filter {name =~ "microblaze*#0" && bscan=="USER2"  && jtag_cable_name =~ "Digilent Basys3 210183A8A7EBA"} -index 0
con
----------------End of Script----------------

13:37:28 INFO  : Launch script is exported to file 'U:\Documents\SoC\TP\TP_ublaze_3IS\TP_ublaze_3IS.sdk\.sdk\launch_scripts\xilinx_c-c++_application_(system_debugger)\system_debugger_using_debug_test_seg7.elf_on_local.tcl'
13:38:16 INFO  : Disconnected from the channel tcfchan#2.
13:38:18 INFO  : 'targets -set -filter {jtag_cable_name =~ "Digilent Basys3 210183A8A7EBA" && level==0} -index 0' command is executed.
13:38:18 INFO  : 'fpga -state' command is executed.
13:38:18 INFO  : Connected to target on host '127.0.0.1' and port '3121'.
13:38:18 INFO  : Jtag cable 'Digilent Basys3 210183A8A7EBA' is selected.
13:38:18 INFO  : 'jtag frequency' command is executed.
13:38:18 INFO  : 'configparams mdm-detect-bscan-mask 2' command is executed.
13:38:18 INFO  : Context for processor 'microblaze_0' is selected.
13:38:18 INFO  : Processor reset is completed for 'microblaze_0'.
13:38:18 INFO  : Context for processor 'microblaze_0' is selected.
13:38:18 INFO  : The application 'U:/Documents/SoC/TP/TP_ublaze_3IS/TP_ublaze_3IS.sdk/Test_SEG7/Debug/Test_SEG7.elf' is downloaded to processor 'microblaze_0'.
13:38:18 INFO  : ----------------XSDB Script----------------
connect -url tcp:127.0.0.1:3121
configparams mdm-detect-bscan-mask 2
targets -set -nocase -filter {name =~ "microblaze*#0" && bscan=="USER2"  && jtag_cable_name =~ "Digilent Basys3 210183A8A7EBA"} -index 0
rst -processor
targets -set -nocase -filter {name =~ "microblaze*#0" && bscan=="USER2"  && jtag_cable_name =~ "Digilent Basys3 210183A8A7EBA"} -index 0
dow U:/Documents/SoC/TP/TP_ublaze_3IS/TP_ublaze_3IS.sdk/Test_SEG7/Debug/Test_SEG7.elf
----------------End of Script----------------

13:38:18 INFO  : Memory regions updated for context PA
13:38:18 INFO  : Memory regions updated for context PA
13:38:18 INFO  : Context for processor 'microblaze_0' is selected.
13:38:18 INFO  : 'con' command is executed.
13:38:18 INFO  : ----------------XSDB Script (After Launch)----------------
targets -set -nocase -filter {name =~ "microblaze*#0" && bscan=="USER2"  && jtag_cable_name =~ "Digilent Basys3 210183A8A7EBA"} -index 0
con
----------------End of Script----------------

13:38:18 INFO  : Launch script is exported to file 'U:\Documents\SoC\TP\TP_ublaze_3IS\TP_ublaze_3IS.sdk\.sdk\launch_scripts\xilinx_c-c++_application_(system_debugger)\system_debugger_using_debug_test_seg7.elf_on_local.tcl'
13:51:52 INFO  : Disconnected from the channel tcfchan#3.
13:51:54 INFO  : 'targets -set -filter {jtag_cable_name =~ "Digilent Basys3 210183A8A7EBA" && level==0} -index 0' command is executed.
13:51:54 INFO  : 'fpga -state' command is executed.
13:51:54 INFO  : Connected to target on host '127.0.0.1' and port '3121'.
13:51:54 INFO  : Jtag cable 'Digilent Basys3 210183A8A7EBA' is selected.
13:51:54 INFO  : 'jtag frequency' command is executed.
13:51:54 INFO  : 'configparams mdm-detect-bscan-mask 2' command is executed.
13:51:54 INFO  : Context for processor 'microblaze_0' is selected.
13:51:54 INFO  : Processor reset is completed for 'microblaze_0'.
13:51:54 INFO  : Context for processor 'microblaze_0' is selected.
13:51:54 INFO  : The application 'U:/Documents/SoC/TP/TP_ublaze_3IS/TP_ublaze_3IS.sdk/Test_SEG7/Debug/Test_SEG7.elf' is downloaded to processor 'microblaze_0'.
13:51:54 INFO  : ----------------XSDB Script----------------
connect -url tcp:127.0.0.1:3121
configparams mdm-detect-bscan-mask 2
targets -set -nocase -filter {name =~ "microblaze*#0" && bscan=="USER2"  && jtag_cable_name =~ "Digilent Basys3 210183A8A7EBA"} -index 0
rst -processor
targets -set -nocase -filter {name =~ "microblaze*#0" && bscan=="USER2"  && jtag_cable_name =~ "Digilent Basys3 210183A8A7EBA"} -index 0
dow U:/Documents/SoC/TP/TP_ublaze_3IS/TP_ublaze_3IS.sdk/Test_SEG7/Debug/Test_SEG7.elf
----------------End of Script----------------

13:51:54 INFO  : Memory regions updated for context PA
13:51:54 INFO  : Memory regions updated for context PA
13:51:54 INFO  : Context for processor 'microblaze_0' is selected.
13:51:54 INFO  : 'con' command is executed.
13:51:54 INFO  : ----------------XSDB Script (After Launch)----------------
targets -set -nocase -filter {name =~ "microblaze*#0" && bscan=="USER2"  && jtag_cable_name =~ "Digilent Basys3 210183A8A7EBA"} -index 0
con
----------------End of Script----------------

13:51:54 INFO  : Launch script is exported to file 'U:\Documents\SoC\TP\TP_ublaze_3IS\TP_ublaze_3IS.sdk\.sdk\launch_scripts\xilinx_c-c++_application_(system_debugger)\system_debugger_using_debug_test_seg7.elf_on_local.tcl'
13:53:01 INFO  : Disconnected from the channel tcfchan#4.
13:53:02 INFO  : 'targets -set -filter {jtag_cable_name =~ "Digilent Basys3 210183A8A7EBA" && level==0} -index 0' command is executed.
13:53:02 INFO  : 'fpga -state' command is executed.
13:53:02 INFO  : Connected to target on host '127.0.0.1' and port '3121'.
13:53:02 INFO  : Jtag cable 'Digilent Basys3 210183A8A7EBA' is selected.
13:53:02 INFO  : 'jtag frequency' command is executed.
13:53:02 INFO  : 'configparams mdm-detect-bscan-mask 2' command is executed.
13:53:03 INFO  : Context for processor 'microblaze_0' is selected.
13:53:03 INFO  : Processor reset is completed for 'microblaze_0'.
13:53:03 INFO  : Context for processor 'microblaze_0' is selected.
13:53:03 INFO  : The application 'U:/Documents/SoC/TP/TP_ublaze_3IS/TP_ublaze_3IS.sdk/Test_SEG7/Debug/Test_SEG7.elf' is downloaded to processor 'microblaze_0'.
13:53:03 INFO  : ----------------XSDB Script----------------
connect -url tcp:127.0.0.1:3121
configparams mdm-detect-bscan-mask 2
targets -set -nocase -filter {name =~ "microblaze*#0" && bscan=="USER2"  && jtag_cable_name =~ "Digilent Basys3 210183A8A7EBA"} -index 0
rst -processor
targets -set -nocase -filter {name =~ "microblaze*#0" && bscan=="USER2"  && jtag_cable_name =~ "Digilent Basys3 210183A8A7EBA"} -index 0
dow U:/Documents/SoC/TP/TP_ublaze_3IS/TP_ublaze_3IS.sdk/Test_SEG7/Debug/Test_SEG7.elf
----------------End of Script----------------

13:53:03 INFO  : Memory regions updated for context PA
13:53:03 INFO  : Memory regions updated for context PA
13:53:03 INFO  : Context for processor 'microblaze_0' is selected.
13:53:03 INFO  : 'con' command is executed.
13:53:03 INFO  : ----------------XSDB Script (After Launch)----------------
targets -set -nocase -filter {name =~ "microblaze*#0" && bscan=="USER2"  && jtag_cable_name =~ "Digilent Basys3 210183A8A7EBA"} -index 0
con
----------------End of Script----------------

13:53:03 INFO  : Launch script is exported to file 'U:\Documents\SoC\TP\TP_ublaze_3IS\TP_ublaze_3IS.sdk\.sdk\launch_scripts\xilinx_c-c++_application_(system_debugger)\system_debugger_using_debug_test_seg7.elf_on_local.tcl'
13:54:18 INFO  : Disconnected from the channel tcfchan#5.
13:54:19 INFO  : 'targets -set -filter {jtag_cable_name =~ "Digilent Basys3 210183A8A7EBA" && level==0} -index 0' command is executed.
13:54:19 INFO  : 'fpga -state' command is executed.
13:54:19 INFO  : Connected to target on host '127.0.0.1' and port '3121'.
13:54:19 INFO  : Jtag cable 'Digilent Basys3 210183A8A7EBA' is selected.
13:54:19 INFO  : 'jtag frequency' command is executed.
13:54:19 INFO  : 'configparams mdm-detect-bscan-mask 2' command is executed.
13:54:19 INFO  : Context for processor 'microblaze_0' is selected.
13:54:19 INFO  : Processor reset is completed for 'microblaze_0'.
13:54:19 INFO  : Context for processor 'microblaze_0' is selected.
13:54:20 INFO  : The application 'U:/Documents/SoC/TP/TP_ublaze_3IS/TP_ublaze_3IS.sdk/Test_SEG7/Debug/Test_SEG7.elf' is downloaded to processor 'microblaze_0'.
13:54:20 INFO  : ----------------XSDB Script----------------
connect -url tcp:127.0.0.1:3121
configparams mdm-detect-bscan-mask 2
targets -set -nocase -filter {name =~ "microblaze*#0" && bscan=="USER2"  && jtag_cable_name =~ "Digilent Basys3 210183A8A7EBA"} -index 0
rst -processor
targets -set -nocase -filter {name =~ "microblaze*#0" && bscan=="USER2"  && jtag_cable_name =~ "Digilent Basys3 210183A8A7EBA"} -index 0
dow U:/Documents/SoC/TP/TP_ublaze_3IS/TP_ublaze_3IS.sdk/Test_SEG7/Debug/Test_SEG7.elf
----------------End of Script----------------

13:54:20 INFO  : Memory regions updated for context PA
13:54:20 INFO  : Memory regions updated for context PA
13:54:20 INFO  : Context for processor 'microblaze_0' is selected.
13:54:20 INFO  : 'con' command is executed.
13:54:20 INFO  : ----------------XSDB Script (After Launch)----------------
targets -set -nocase -filter {name =~ "microblaze*#0" && bscan=="USER2"  && jtag_cable_name =~ "Digilent Basys3 210183A8A7EBA"} -index 0
con
----------------End of Script----------------

13:54:20 INFO  : Launch script is exported to file 'U:\Documents\SoC\TP\TP_ublaze_3IS\TP_ublaze_3IS.sdk\.sdk\launch_scripts\xilinx_c-c++_application_(system_debugger)\system_debugger_using_debug_test_seg7.elf_on_local.tcl'
13:57:40 INFO  : Disconnected from the channel tcfchan#6.
13:57:41 INFO  : 'targets -set -filter {jtag_cable_name =~ "Digilent Basys3 210183A8A7EBA" && level==0} -index 0' command is executed.
13:57:41 INFO  : 'fpga -state' command is executed.
13:57:41 INFO  : Connected to target on host '127.0.0.1' and port '3121'.
13:57:41 INFO  : Jtag cable 'Digilent Basys3 210183A8A7EBA' is selected.
13:57:41 INFO  : 'jtag frequency' command is executed.
13:57:41 INFO  : 'configparams mdm-detect-bscan-mask 2' command is executed.
13:57:41 INFO  : Context for processor 'microblaze_0' is selected.
13:57:42 INFO  : Processor reset is completed for 'microblaze_0'.
13:57:42 INFO  : Context for processor 'microblaze_0' is selected.
13:57:42 INFO  : The application 'U:/Documents/SoC/TP/TP_ublaze_3IS/TP_ublaze_3IS.sdk/Test_SEG7/Debug/Test_SEG7.elf' is downloaded to processor 'microblaze_0'.
13:57:42 INFO  : ----------------XSDB Script----------------
connect -url tcp:127.0.0.1:3121
configparams mdm-detect-bscan-mask 2
targets -set -nocase -filter {name =~ "microblaze*#0" && bscan=="USER2"  && jtag_cable_name =~ "Digilent Basys3 210183A8A7EBA"} -index 0
rst -processor
targets -set -nocase -filter {name =~ "microblaze*#0" && bscan=="USER2"  && jtag_cable_name =~ "Digilent Basys3 210183A8A7EBA"} -index 0
dow U:/Documents/SoC/TP/TP_ublaze_3IS/TP_ublaze_3IS.sdk/Test_SEG7/Debug/Test_SEG7.elf
----------------End of Script----------------

13:57:42 INFO  : Memory regions updated for context PA
13:57:42 INFO  : Memory regions updated for context PA
13:57:42 INFO  : Context for processor 'microblaze_0' is selected.
13:57:42 INFO  : 'con' command is executed.
13:57:42 INFO  : ----------------XSDB Script (After Launch)----------------
targets -set -nocase -filter {name =~ "microblaze*#0" && bscan=="USER2"  && jtag_cable_name =~ "Digilent Basys3 210183A8A7EBA"} -index 0
con
----------------End of Script----------------

13:57:42 INFO  : Launch script is exported to file 'U:\Documents\SoC\TP\TP_ublaze_3IS\TP_ublaze_3IS.sdk\.sdk\launch_scripts\xilinx_c-c++_application_(system_debugger)\system_debugger_using_debug_test_seg7.elf_on_local.tcl'
13:58:50 INFO  : Disconnected from the channel tcfchan#7.
13:58:51 INFO  : 'targets -set -filter {jtag_cable_name =~ "Digilent Basys3 210183A8A7EBA" && level==0} -index 0' command is executed.
13:58:51 INFO  : 'fpga -state' command is executed.
13:58:51 INFO  : Connected to target on host '127.0.0.1' and port '3121'.
13:58:52 INFO  : Jtag cable 'Digilent Basys3 210183A8A7EBA' is selected.
13:58:52 INFO  : 'jtag frequency' command is executed.
13:58:52 INFO  : 'configparams mdm-detect-bscan-mask 2' command is executed.
13:58:52 INFO  : Context for processor 'microblaze_0' is selected.
13:58:52 INFO  : Processor reset is completed for 'microblaze_0'.
13:58:52 INFO  : Context for processor 'microblaze_0' is selected.
13:58:52 INFO  : The application 'U:/Documents/SoC/TP/TP_ublaze_3IS/TP_ublaze_3IS.sdk/Test_SEG7/Debug/Test_SEG7.elf' is downloaded to processor 'microblaze_0'.
13:58:52 INFO  : ----------------XSDB Script----------------
connect -url tcp:127.0.0.1:3121
configparams mdm-detect-bscan-mask 2
targets -set -nocase -filter {name =~ "microblaze*#0" && bscan=="USER2"  && jtag_cable_name =~ "Digilent Basys3 210183A8A7EBA"} -index 0
rst -processor
targets -set -nocase -filter {name =~ "microblaze*#0" && bscan=="USER2"  && jtag_cable_name =~ "Digilent Basys3 210183A8A7EBA"} -index 0
dow U:/Documents/SoC/TP/TP_ublaze_3IS/TP_ublaze_3IS.sdk/Test_SEG7/Debug/Test_SEG7.elf
----------------End of Script----------------

13:58:52 INFO  : Memory regions updated for context PA
13:58:52 INFO  : Memory regions updated for context PA
13:58:52 INFO  : Context for processor 'microblaze_0' is selected.
13:58:52 INFO  : 'con' command is executed.
13:58:52 INFO  : ----------------XSDB Script (After Launch)----------------
targets -set -nocase -filter {name =~ "microblaze*#0" && bscan=="USER2"  && jtag_cable_name =~ "Digilent Basys3 210183A8A7EBA"} -index 0
con
----------------End of Script----------------

13:58:52 INFO  : Launch script is exported to file 'U:\Documents\SoC\TP\TP_ublaze_3IS\TP_ublaze_3IS.sdk\.sdk\launch_scripts\xilinx_c-c++_application_(system_debugger)\system_debugger_using_debug_test_seg7.elf_on_local.tcl'
14:00:38 INFO  : Disconnected from the channel tcfchan#8.
14:00:40 INFO  : 'targets -set -filter {jtag_cable_name =~ "Digilent Basys3 210183A8A7EBA" && level==0} -index 0' command is executed.
14:00:40 INFO  : 'fpga -state' command is executed.
14:00:40 INFO  : Connected to target on host '127.0.0.1' and port '3121'.
14:00:40 INFO  : Jtag cable 'Digilent Basys3 210183A8A7EBA' is selected.
14:00:40 INFO  : 'jtag frequency' command is executed.
14:00:40 INFO  : 'configparams mdm-detect-bscan-mask 2' command is executed.
14:00:40 INFO  : Context for processor 'microblaze_0' is selected.
14:00:40 INFO  : Processor reset is completed for 'microblaze_0'.
14:00:40 INFO  : Context for processor 'microblaze_0' is selected.
14:00:40 INFO  : The application 'U:/Documents/SoC/TP/TP_ublaze_3IS/TP_ublaze_3IS.sdk/Test_SEG7/Debug/Test_SEG7.elf' is downloaded to processor 'microblaze_0'.
14:00:40 INFO  : ----------------XSDB Script----------------
connect -url tcp:127.0.0.1:3121
configparams mdm-detect-bscan-mask 2
targets -set -nocase -filter {name =~ "microblaze*#0" && bscan=="USER2"  && jtag_cable_name =~ "Digilent Basys3 210183A8A7EBA"} -index 0
rst -processor
targets -set -nocase -filter {name =~ "microblaze*#0" && bscan=="USER2"  && jtag_cable_name =~ "Digilent Basys3 210183A8A7EBA"} -index 0
dow U:/Documents/SoC/TP/TP_ublaze_3IS/TP_ublaze_3IS.sdk/Test_SEG7/Debug/Test_SEG7.elf
----------------End of Script----------------

14:00:40 INFO  : Memory regions updated for context PA
14:00:40 INFO  : Memory regions updated for context PA
14:00:40 INFO  : Context for processor 'microblaze_0' is selected.
14:00:40 INFO  : 'con' command is executed.
14:00:40 INFO  : ----------------XSDB Script (After Launch)----------------
targets -set -nocase -filter {name =~ "microblaze*#0" && bscan=="USER2"  && jtag_cable_name =~ "Digilent Basys3 210183A8A7EBA"} -index 0
con
----------------End of Script----------------

14:00:40 INFO  : Launch script is exported to file 'U:\Documents\SoC\TP\TP_ublaze_3IS\TP_ublaze_3IS.sdk\.sdk\launch_scripts\xilinx_c-c++_application_(system_debugger)\system_debugger_using_debug_test_seg7.elf_on_local.tcl'
14:01:37 INFO  : Disconnected from the channel tcfchan#9.
14:01:38 INFO  : 'targets -set -filter {jtag_cable_name =~ "Digilent Basys3 210183A8A7EBA" && level==0} -index 0' command is executed.
14:01:38 INFO  : 'fpga -state' command is executed.
14:01:38 INFO  : Connected to target on host '127.0.0.1' and port '3121'.
14:01:38 INFO  : Jtag cable 'Digilent Basys3 210183A8A7EBA' is selected.
14:01:38 INFO  : 'jtag frequency' command is executed.
14:01:38 INFO  : 'configparams mdm-detect-bscan-mask 2' command is executed.
14:01:38 INFO  : Context for processor 'microblaze_0' is selected.
14:01:38 INFO  : Processor reset is completed for 'microblaze_0'.
14:01:38 INFO  : Context for processor 'microblaze_0' is selected.
14:01:38 INFO  : The application 'U:/Documents/SoC/TP/TP_ublaze_3IS/TP_ublaze_3IS.sdk/Test_SEG7/Debug/Test_SEG7.elf' is downloaded to processor 'microblaze_0'.
14:01:38 INFO  : ----------------XSDB Script----------------
connect -url tcp:127.0.0.1:3121
configparams mdm-detect-bscan-mask 2
targets -set -nocase -filter {name =~ "microblaze*#0" && bscan=="USER2"  && jtag_cable_name =~ "Digilent Basys3 210183A8A7EBA"} -index 0
rst -processor
targets -set -nocase -filter {name =~ "microblaze*#0" && bscan=="USER2"  && jtag_cable_name =~ "Digilent Basys3 210183A8A7EBA"} -index 0
dow U:/Documents/SoC/TP/TP_ublaze_3IS/TP_ublaze_3IS.sdk/Test_SEG7/Debug/Test_SEG7.elf
----------------End of Script----------------

14:01:38 INFO  : Memory regions updated for context PA
14:01:38 INFO  : Memory regions updated for context PA
14:01:38 INFO  : Context for processor 'microblaze_0' is selected.
14:01:38 INFO  : 'con' command is executed.
14:01:38 INFO  : ----------------XSDB Script (After Launch)----------------
targets -set -nocase -filter {name =~ "microblaze*#0" && bscan=="USER2"  && jtag_cable_name =~ "Digilent Basys3 210183A8A7EBA"} -index 0
con
----------------End of Script----------------

14:01:38 INFO  : Launch script is exported to file 'U:\Documents\SoC\TP\TP_ublaze_3IS\TP_ublaze_3IS.sdk\.sdk\launch_scripts\xilinx_c-c++_application_(system_debugger)\system_debugger_using_debug_test_seg7.elf_on_local.tcl'
14:03:09 INFO  : Disconnected from the channel tcfchan#10.
14:03:10 INFO  : 'targets -set -filter {jtag_cable_name =~ "Digilent Basys3 210183A8A7EBA" && level==0} -index 0' command is executed.
14:03:10 INFO  : 'fpga -state' command is executed.
14:03:10 INFO  : Connected to target on host '127.0.0.1' and port '3121'.
14:03:11 INFO  : Jtag cable 'Digilent Basys3 210183A8A7EBA' is selected.
14:03:11 INFO  : 'jtag frequency' command is executed.
14:03:11 INFO  : 'configparams mdm-detect-bscan-mask 2' command is executed.
14:03:11 INFO  : Context for processor 'microblaze_0' is selected.
14:03:11 INFO  : Processor reset is completed for 'microblaze_0'.
14:03:11 INFO  : Context for processor 'microblaze_0' is selected.
14:03:11 INFO  : The application 'U:/Documents/SoC/TP/TP_ublaze_3IS/TP_ublaze_3IS.sdk/Test_SEG7/Debug/Test_SEG7.elf' is downloaded to processor 'microblaze_0'.
14:03:11 INFO  : ----------------XSDB Script----------------
connect -url tcp:127.0.0.1:3121
configparams mdm-detect-bscan-mask 2
targets -set -nocase -filter {name =~ "microblaze*#0" && bscan=="USER2"  && jtag_cable_name =~ "Digilent Basys3 210183A8A7EBA"} -index 0
rst -processor
targets -set -nocase -filter {name =~ "microblaze*#0" && bscan=="USER2"  && jtag_cable_name =~ "Digilent Basys3 210183A8A7EBA"} -index 0
dow U:/Documents/SoC/TP/TP_ublaze_3IS/TP_ublaze_3IS.sdk/Test_SEG7/Debug/Test_SEG7.elf
----------------End of Script----------------

14:03:11 INFO  : Memory regions updated for context PA
14:03:11 INFO  : Memory regions updated for context PA
14:03:11 INFO  : Context for processor 'microblaze_0' is selected.
14:03:11 INFO  : 'con' command is executed.
14:03:11 INFO  : ----------------XSDB Script (After Launch)----------------
targets -set -nocase -filter {name =~ "microblaze*#0" && bscan=="USER2"  && jtag_cable_name =~ "Digilent Basys3 210183A8A7EBA"} -index 0
con
----------------End of Script----------------

14:03:11 INFO  : Launch script is exported to file 'U:\Documents\SoC\TP\TP_ublaze_3IS\TP_ublaze_3IS.sdk\.sdk\launch_scripts\xilinx_c-c++_application_(system_debugger)\system_debugger_using_debug_test_seg7.elf_on_local.tcl'
14:04:52 INFO  : Disconnected from the channel tcfchan#11.
14:04:53 INFO  : 'targets -set -filter {jtag_cable_name =~ "Digilent Basys3 210183A8A7EBA" && level==0} -index 0' command is executed.
14:04:53 INFO  : 'fpga -state' command is executed.
14:04:53 INFO  : Connected to target on host '127.0.0.1' and port '3121'.
14:04:53 INFO  : Jtag cable 'Digilent Basys3 210183A8A7EBA' is selected.
14:04:53 INFO  : 'jtag frequency' command is executed.
14:04:53 INFO  : 'configparams mdm-detect-bscan-mask 2' command is executed.
14:04:53 INFO  : Context for processor 'microblaze_0' is selected.
14:04:53 INFO  : Processor reset is completed for 'microblaze_0'.
14:04:53 INFO  : Context for processor 'microblaze_0' is selected.
14:04:54 INFO  : The application 'U:/Documents/SoC/TP/TP_ublaze_3IS/TP_ublaze_3IS.sdk/Test_SEG7/Debug/Test_SEG7.elf' is downloaded to processor 'microblaze_0'.
14:04:54 INFO  : ----------------XSDB Script----------------
connect -url tcp:127.0.0.1:3121
configparams mdm-detect-bscan-mask 2
targets -set -nocase -filter {name =~ "microblaze*#0" && bscan=="USER2"  && jtag_cable_name =~ "Digilent Basys3 210183A8A7EBA"} -index 0
rst -processor
targets -set -nocase -filter {name =~ "microblaze*#0" && bscan=="USER2"  && jtag_cable_name =~ "Digilent Basys3 210183A8A7EBA"} -index 0
dow U:/Documents/SoC/TP/TP_ublaze_3IS/TP_ublaze_3IS.sdk/Test_SEG7/Debug/Test_SEG7.elf
----------------End of Script----------------

14:04:54 INFO  : Memory regions updated for context PA
14:04:54 INFO  : Memory regions updated for context PA
14:04:54 INFO  : Context for processor 'microblaze_0' is selected.
14:04:54 INFO  : 'con' command is executed.
14:04:54 INFO  : ----------------XSDB Script (After Launch)----------------
targets -set -nocase -filter {name =~ "microblaze*#0" && bscan=="USER2"  && jtag_cable_name =~ "Digilent Basys3 210183A8A7EBA"} -index 0
con
----------------End of Script----------------

14:04:54 INFO  : Launch script is exported to file 'U:\Documents\SoC\TP\TP_ublaze_3IS\TP_ublaze_3IS.sdk\.sdk\launch_scripts\xilinx_c-c++_application_(system_debugger)\system_debugger_using_debug_test_seg7.elf_on_local.tcl'
14:05:42 INFO  : Disconnected from the channel tcfchan#12.
14:05:43 INFO  : 'targets -set -filter {jtag_cable_name =~ "Digilent Basys3 210183A8A7EBA" && level==0} -index 0' command is executed.
14:05:43 INFO  : 'fpga -state' command is executed.
14:05:43 INFO  : Connected to target on host '127.0.0.1' and port '3121'.
14:05:43 INFO  : Jtag cable 'Digilent Basys3 210183A8A7EBA' is selected.
14:05:43 INFO  : 'jtag frequency' command is executed.
14:05:43 INFO  : 'configparams mdm-detect-bscan-mask 2' command is executed.
14:05:43 INFO  : Context for processor 'microblaze_0' is selected.
14:05:43 INFO  : Processor reset is completed for 'microblaze_0'.
14:05:43 INFO  : Context for processor 'microblaze_0' is selected.
14:05:44 INFO  : The application 'U:/Documents/SoC/TP/TP_ublaze_3IS/TP_ublaze_3IS.sdk/Test_SEG7/Debug/Test_SEG7.elf' is downloaded to processor 'microblaze_0'.
14:05:44 INFO  : ----------------XSDB Script----------------
connect -url tcp:127.0.0.1:3121
configparams mdm-detect-bscan-mask 2
targets -set -nocase -filter {name =~ "microblaze*#0" && bscan=="USER2"  && jtag_cable_name =~ "Digilent Basys3 210183A8A7EBA"} -index 0
rst -processor
targets -set -nocase -filter {name =~ "microblaze*#0" && bscan=="USER2"  && jtag_cable_name =~ "Digilent Basys3 210183A8A7EBA"} -index 0
dow U:/Documents/SoC/TP/TP_ublaze_3IS/TP_ublaze_3IS.sdk/Test_SEG7/Debug/Test_SEG7.elf
----------------End of Script----------------

14:05:44 INFO  : Memory regions updated for context PA
14:05:44 INFO  : Memory regions updated for context PA
14:05:44 INFO  : Context for processor 'microblaze_0' is selected.
14:05:44 INFO  : 'con' command is executed.
14:05:44 INFO  : ----------------XSDB Script (After Launch)----------------
targets -set -nocase -filter {name =~ "microblaze*#0" && bscan=="USER2"  && jtag_cable_name =~ "Digilent Basys3 210183A8A7EBA"} -index 0
con
----------------End of Script----------------

14:05:44 INFO  : Launch script is exported to file 'U:\Documents\SoC\TP\TP_ublaze_3IS\TP_ublaze_3IS.sdk\.sdk\launch_scripts\xilinx_c-c++_application_(system_debugger)\system_debugger_using_debug_test_seg7.elf_on_local.tcl'
14:07:41 INFO  : Disconnected from the channel tcfchan#13.
14:07:42 INFO  : 'targets -set -filter {jtag_cable_name =~ "Digilent Basys3 210183A8A7EBA" && level==0} -index 0' command is executed.
14:07:42 INFO  : 'fpga -state' command is executed.
14:07:42 INFO  : Connected to target on host '127.0.0.1' and port '3121'.
14:07:42 INFO  : Jtag cable 'Digilent Basys3 210183A8A7EBA' is selected.
14:07:42 INFO  : 'jtag frequency' command is executed.
14:07:42 INFO  : 'configparams mdm-detect-bscan-mask 2' command is executed.
14:07:42 INFO  : Context for processor 'microblaze_0' is selected.
14:07:42 INFO  : Processor reset is completed for 'microblaze_0'.
14:07:42 INFO  : Context for processor 'microblaze_0' is selected.
14:07:42 INFO  : The application 'U:/Documents/SoC/TP/TP_ublaze_3IS/TP_ublaze_3IS.sdk/Test_SEG7/Debug/Test_SEG7.elf' is downloaded to processor 'microblaze_0'.
14:07:42 INFO  : ----------------XSDB Script----------------
connect -url tcp:127.0.0.1:3121
configparams mdm-detect-bscan-mask 2
targets -set -nocase -filter {name =~ "microblaze*#0" && bscan=="USER2"  && jtag_cable_name =~ "Digilent Basys3 210183A8A7EBA"} -index 0
rst -processor
targets -set -nocase -filter {name =~ "microblaze*#0" && bscan=="USER2"  && jtag_cable_name =~ "Digilent Basys3 210183A8A7EBA"} -index 0
dow U:/Documents/SoC/TP/TP_ublaze_3IS/TP_ublaze_3IS.sdk/Test_SEG7/Debug/Test_SEG7.elf
----------------End of Script----------------

14:07:42 INFO  : Memory regions updated for context PA
14:07:42 INFO  : Memory regions updated for context PA
14:07:43 INFO  : Context for processor 'microblaze_0' is selected.
14:07:43 INFO  : 'con' command is executed.
14:07:43 INFO  : ----------------XSDB Script (After Launch)----------------
targets -set -nocase -filter {name =~ "microblaze*#0" && bscan=="USER2"  && jtag_cable_name =~ "Digilent Basys3 210183A8A7EBA"} -index 0
con
----------------End of Script----------------

14:07:43 INFO  : Launch script is exported to file 'U:\Documents\SoC\TP\TP_ublaze_3IS\TP_ublaze_3IS.sdk\.sdk\launch_scripts\xilinx_c-c++_application_(system_debugger)\system_debugger_using_debug_test_seg7.elf_on_local.tcl'
14:15:36 INFO  : Disconnected from the channel tcfchan#14.
14:15:37 INFO  : 'targets -set -filter {jtag_cable_name =~ "Digilent Basys3 210183A8A7EBA" && level==0} -index 0' command is executed.
14:15:37 INFO  : 'fpga -state' command is executed.
14:15:37 INFO  : Connected to target on host '127.0.0.1' and port '3121'.
14:15:37 INFO  : Jtag cable 'Digilent Basys3 210183A8A7EBA' is selected.
14:15:37 INFO  : 'jtag frequency' command is executed.
14:15:37 INFO  : 'configparams mdm-detect-bscan-mask 2' command is executed.
14:15:37 INFO  : Context for processor 'microblaze_0' is selected.
14:15:37 INFO  : Processor reset is completed for 'microblaze_0'.
14:15:37 INFO  : Context for processor 'microblaze_0' is selected.
14:15:37 INFO  : The application 'U:/Documents/SoC/TP/TP_ublaze_3IS/TP_ublaze_3IS.sdk/animer_hello/Debug/animer_hello.elf' is downloaded to processor 'microblaze_0'.
14:15:37 INFO  : ----------------XSDB Script----------------
connect -url tcp:127.0.0.1:3121
configparams mdm-detect-bscan-mask 2
targets -set -nocase -filter {name =~ "microblaze*#0" && bscan=="USER2"  && jtag_cable_name =~ "Digilent Basys3 210183A8A7EBA"} -index 0
rst -processor
targets -set -nocase -filter {name =~ "microblaze*#0" && bscan=="USER2"  && jtag_cable_name =~ "Digilent Basys3 210183A8A7EBA"} -index 0
dow U:/Documents/SoC/TP/TP_ublaze_3IS/TP_ublaze_3IS.sdk/animer_hello/Debug/animer_hello.elf
----------------End of Script----------------

14:15:37 INFO  : Memory regions updated for context PA
14:15:37 INFO  : Memory regions updated for context PA
14:15:37 INFO  : Context for processor 'microblaze_0' is selected.
14:15:37 INFO  : 'con' command is executed.
14:15:37 INFO  : ----------------XSDB Script (After Launch)----------------
targets -set -nocase -filter {name =~ "microblaze*#0" && bscan=="USER2"  && jtag_cable_name =~ "Digilent Basys3 210183A8A7EBA"} -index 0
con
----------------End of Script----------------

14:15:37 INFO  : Launch script is exported to file 'U:\Documents\SoC\TP\TP_ublaze_3IS\TP_ublaze_3IS.sdk\.sdk\launch_scripts\xilinx_c-c++_application_(system_debugger)\system_debugger_using_debug_animer_hello.elf_on_local.tcl'
14:16:03 INFO  : Disconnected from the channel tcfchan#15.
14:16:04 INFO  : 'targets -set -filter {jtag_cable_name =~ "Digilent Basys3 210183A8A7EBA" && level==0} -index 0' command is executed.
14:16:04 INFO  : 'fpga -state' command is executed.
14:16:04 INFO  : Connected to target on host '127.0.0.1' and port '3121'.
14:16:04 INFO  : Jtag cable 'Digilent Basys3 210183A8A7EBA' is selected.
14:16:04 INFO  : 'jtag frequency' command is executed.
14:16:04 INFO  : 'configparams mdm-detect-bscan-mask 2' command is executed.
14:16:04 INFO  : Context for processor 'microblaze_0' is selected.
14:16:04 INFO  : Processor reset is completed for 'microblaze_0'.
14:16:05 INFO  : Context for processor 'microblaze_0' is selected.
14:16:05 INFO  : The application 'U:/Documents/SoC/TP/TP_ublaze_3IS/TP_ublaze_3IS.sdk/animer_hello/Debug/animer_hello.elf' is downloaded to processor 'microblaze_0'.
14:16:05 INFO  : ----------------XSDB Script----------------
connect -url tcp:127.0.0.1:3121
configparams mdm-detect-bscan-mask 2
targets -set -nocase -filter {name =~ "microblaze*#0" && bscan=="USER2"  && jtag_cable_name =~ "Digilent Basys3 210183A8A7EBA"} -index 0
rst -processor
targets -set -nocase -filter {name =~ "microblaze*#0" && bscan=="USER2"  && jtag_cable_name =~ "Digilent Basys3 210183A8A7EBA"} -index 0
dow U:/Documents/SoC/TP/TP_ublaze_3IS/TP_ublaze_3IS.sdk/animer_hello/Debug/animer_hello.elf
----------------End of Script----------------

14:16:05 INFO  : Memory regions updated for context PA
14:16:05 INFO  : Memory regions updated for context PA
14:16:05 INFO  : Context for processor 'microblaze_0' is selected.
14:16:05 INFO  : 'con' command is executed.
14:16:05 INFO  : ----------------XSDB Script (After Launch)----------------
targets -set -nocase -filter {name =~ "microblaze*#0" && bscan=="USER2"  && jtag_cable_name =~ "Digilent Basys3 210183A8A7EBA"} -index 0
con
----------------End of Script----------------

14:16:05 INFO  : Launch script is exported to file 'U:\Documents\SoC\TP\TP_ublaze_3IS\TP_ublaze_3IS.sdk\.sdk\launch_scripts\xilinx_c-c++_application_(system_debugger)\system_debugger_using_debug_animer_hello.elf_on_local.tcl'
14:19:36 INFO  : Disconnected from the channel tcfchan#16.
14:19:37 INFO  : 'targets -set -filter {jtag_cable_name =~ "Digilent Basys3 210183A8A7EBA" && level==0} -index 0' command is executed.
14:19:37 INFO  : 'fpga -state' command is executed.
14:19:37 INFO  : Connected to target on host '127.0.0.1' and port '3121'.
14:19:37 INFO  : Jtag cable 'Digilent Basys3 210183A8A7EBA' is selected.
14:19:37 INFO  : 'jtag frequency' command is executed.
14:19:37 INFO  : 'configparams mdm-detect-bscan-mask 2' command is executed.
14:19:37 INFO  : Context for processor 'microblaze_0' is selected.
14:19:37 INFO  : Processor reset is completed for 'microblaze_0'.
14:19:37 INFO  : Context for processor 'microblaze_0' is selected.
14:19:37 INFO  : The application 'U:/Documents/SoC/TP/TP_ublaze_3IS/TP_ublaze_3IS.sdk/animer_hello/Debug/animer_hello.elf' is downloaded to processor 'microblaze_0'.
14:19:37 INFO  : ----------------XSDB Script----------------
connect -url tcp:127.0.0.1:3121
configparams mdm-detect-bscan-mask 2
targets -set -nocase -filter {name =~ "microblaze*#0" && bscan=="USER2"  && jtag_cable_name =~ "Digilent Basys3 210183A8A7EBA"} -index 0
rst -processor
targets -set -nocase -filter {name =~ "microblaze*#0" && bscan=="USER2"  && jtag_cable_name =~ "Digilent Basys3 210183A8A7EBA"} -index 0
dow U:/Documents/SoC/TP/TP_ublaze_3IS/TP_ublaze_3IS.sdk/animer_hello/Debug/animer_hello.elf
----------------End of Script----------------

14:19:37 INFO  : Memory regions updated for context PA
14:19:37 INFO  : Memory regions updated for context PA
14:19:37 INFO  : Context for processor 'microblaze_0' is selected.
14:19:37 INFO  : 'con' command is executed.
14:19:37 INFO  : ----------------XSDB Script (After Launch)----------------
targets -set -nocase -filter {name =~ "microblaze*#0" && bscan=="USER2"  && jtag_cable_name =~ "Digilent Basys3 210183A8A7EBA"} -index 0
con
----------------End of Script----------------

14:19:37 INFO  : Launch script is exported to file 'U:\Documents\SoC\TP\TP_ublaze_3IS\TP_ublaze_3IS.sdk\.sdk\launch_scripts\xilinx_c-c++_application_(system_debugger)\system_debugger_using_debug_animer_hello.elf_on_local.tcl'
14:20:53 INFO  : Disconnected from the channel tcfchan#17.
14:20:54 INFO  : 'targets -set -filter {jtag_cable_name =~ "Digilent Basys3 210183A8A7EBA" && level==0} -index 0' command is executed.
14:20:54 INFO  : 'fpga -state' command is executed.
14:20:54 INFO  : Connected to target on host '127.0.0.1' and port '3121'.
14:20:55 INFO  : Jtag cable 'Digilent Basys3 210183A8A7EBA' is selected.
14:20:55 INFO  : 'jtag frequency' command is executed.
14:20:55 INFO  : 'configparams mdm-detect-bscan-mask 2' command is executed.
14:20:55 INFO  : Context for processor 'microblaze_0' is selected.
14:20:55 INFO  : Processor reset is completed for 'microblaze_0'.
14:20:55 INFO  : Context for processor 'microblaze_0' is selected.
14:20:55 INFO  : The application 'U:/Documents/SoC/TP/TP_ublaze_3IS/TP_ublaze_3IS.sdk/animer_hello/Debug/animer_hello.elf' is downloaded to processor 'microblaze_0'.
14:20:55 INFO  : ----------------XSDB Script----------------
connect -url tcp:127.0.0.1:3121
configparams mdm-detect-bscan-mask 2
targets -set -nocase -filter {name =~ "microblaze*#0" && bscan=="USER2"  && jtag_cable_name =~ "Digilent Basys3 210183A8A7EBA"} -index 0
rst -processor
targets -set -nocase -filter {name =~ "microblaze*#0" && bscan=="USER2"  && jtag_cable_name =~ "Digilent Basys3 210183A8A7EBA"} -index 0
dow U:/Documents/SoC/TP/TP_ublaze_3IS/TP_ublaze_3IS.sdk/animer_hello/Debug/animer_hello.elf
----------------End of Script----------------

14:20:55 INFO  : Memory regions updated for context PA
14:20:55 INFO  : Memory regions updated for context PA
14:20:55 INFO  : Context for processor 'microblaze_0' is selected.
14:20:55 INFO  : 'con' command is executed.
14:20:55 INFO  : ----------------XSDB Script (After Launch)----------------
targets -set -nocase -filter {name =~ "microblaze*#0" && bscan=="USER2"  && jtag_cable_name =~ "Digilent Basys3 210183A8A7EBA"} -index 0
con
----------------End of Script----------------

14:20:55 INFO  : Launch script is exported to file 'U:\Documents\SoC\TP\TP_ublaze_3IS\TP_ublaze_3IS.sdk\.sdk\launch_scripts\xilinx_c-c++_application_(system_debugger)\system_debugger_using_debug_animer_hello.elf_on_local.tcl'
14:21:11 INFO  : Disconnected from the channel tcfchan#18.
14:21:12 INFO  : 'targets -set -filter {jtag_cable_name =~ "Digilent Basys3 210183A8A7EBA" && level==0} -index 0' command is executed.
14:21:12 INFO  : 'fpga -state' command is executed.
14:21:12 INFO  : Connected to target on host '127.0.0.1' and port '3121'.
14:21:12 INFO  : Jtag cable 'Digilent Basys3 210183A8A7EBA' is selected.
14:21:12 INFO  : 'jtag frequency' command is executed.
14:21:12 INFO  : 'configparams mdm-detect-bscan-mask 2' command is executed.
14:21:12 INFO  : Context for processor 'microblaze_0' is selected.
14:21:12 INFO  : Processor reset is completed for 'microblaze_0'.
14:21:12 INFO  : Context for processor 'microblaze_0' is selected.
14:21:12 INFO  : The application 'U:/Documents/SoC/TP/TP_ublaze_3IS/TP_ublaze_3IS.sdk/animer_hello/Debug/animer_hello.elf' is downloaded to processor 'microblaze_0'.
14:21:12 INFO  : ----------------XSDB Script----------------
connect -url tcp:127.0.0.1:3121
configparams mdm-detect-bscan-mask 2
targets -set -nocase -filter {name =~ "microblaze*#0" && bscan=="USER2"  && jtag_cable_name =~ "Digilent Basys3 210183A8A7EBA"} -index 0
rst -processor
targets -set -nocase -filter {name =~ "microblaze*#0" && bscan=="USER2"  && jtag_cable_name =~ "Digilent Basys3 210183A8A7EBA"} -index 0
dow U:/Documents/SoC/TP/TP_ublaze_3IS/TP_ublaze_3IS.sdk/animer_hello/Debug/animer_hello.elf
----------------End of Script----------------

14:21:12 INFO  : Memory regions updated for context PA
14:21:12 INFO  : Memory regions updated for context PA
14:21:12 INFO  : Context for processor 'microblaze_0' is selected.
14:21:12 INFO  : 'con' command is executed.
14:21:12 INFO  : ----------------XSDB Script (After Launch)----------------
targets -set -nocase -filter {name =~ "microblaze*#0" && bscan=="USER2"  && jtag_cable_name =~ "Digilent Basys3 210183A8A7EBA"} -index 0
con
----------------End of Script----------------

14:21:12 INFO  : Launch script is exported to file 'U:\Documents\SoC\TP\TP_ublaze_3IS\TP_ublaze_3IS.sdk\.sdk\launch_scripts\xilinx_c-c++_application_(system_debugger)\system_debugger_using_debug_animer_hello.elf_on_local.tcl'
14:21:37 INFO  : Disconnected from the channel tcfchan#19.
14:21:38 INFO  : 'targets -set -filter {jtag_cable_name =~ "Digilent Basys3 210183A8A7EBA" && level==0} -index 0' command is executed.
14:21:38 INFO  : 'fpga -state' command is executed.
14:21:38 INFO  : Connected to target on host '127.0.0.1' and port '3121'.
14:21:38 INFO  : Jtag cable 'Digilent Basys3 210183A8A7EBA' is selected.
14:21:38 INFO  : 'jtag frequency' command is executed.
14:21:38 INFO  : 'configparams mdm-detect-bscan-mask 2' command is executed.
14:21:38 INFO  : Context for processor 'microblaze_0' is selected.
14:21:38 INFO  : Processor reset is completed for 'microblaze_0'.
14:21:38 INFO  : Context for processor 'microblaze_0' is selected.
14:21:39 INFO  : The application 'U:/Documents/SoC/TP/TP_ublaze_3IS/TP_ublaze_3IS.sdk/animer_hello/Debug/animer_hello.elf' is downloaded to processor 'microblaze_0'.
14:21:39 INFO  : ----------------XSDB Script----------------
connect -url tcp:127.0.0.1:3121
configparams mdm-detect-bscan-mask 2
targets -set -nocase -filter {name =~ "microblaze*#0" && bscan=="USER2"  && jtag_cable_name =~ "Digilent Basys3 210183A8A7EBA"} -index 0
rst -processor
targets -set -nocase -filter {name =~ "microblaze*#0" && bscan=="USER2"  && jtag_cable_name =~ "Digilent Basys3 210183A8A7EBA"} -index 0
dow U:/Documents/SoC/TP/TP_ublaze_3IS/TP_ublaze_3IS.sdk/animer_hello/Debug/animer_hello.elf
----------------End of Script----------------

14:21:39 INFO  : Memory regions updated for context PA
14:21:39 INFO  : Memory regions updated for context PA
14:21:39 INFO  : Context for processor 'microblaze_0' is selected.
14:21:39 INFO  : 'con' command is executed.
14:21:39 INFO  : ----------------XSDB Script (After Launch)----------------
targets -set -nocase -filter {name =~ "microblaze*#0" && bscan=="USER2"  && jtag_cable_name =~ "Digilent Basys3 210183A8A7EBA"} -index 0
con
----------------End of Script----------------

14:21:39 INFO  : Launch script is exported to file 'U:\Documents\SoC\TP\TP_ublaze_3IS\TP_ublaze_3IS.sdk\.sdk\launch_scripts\xilinx_c-c++_application_(system_debugger)\system_debugger_using_debug_animer_hello.elf_on_local.tcl'
14:22:00 INFO  : Disconnected from the channel tcfchan#20.
14:22:02 INFO  : 'targets -set -filter {jtag_cable_name =~ "Digilent Basys3 210183A8A7EBA" && level==0} -index 0' command is executed.
14:22:02 INFO  : 'fpga -state' command is executed.
14:22:02 INFO  : Connected to target on host '127.0.0.1' and port '3121'.
14:22:02 INFO  : Jtag cable 'Digilent Basys3 210183A8A7EBA' is selected.
14:22:02 INFO  : 'jtag frequency' command is executed.
14:22:02 INFO  : 'configparams mdm-detect-bscan-mask 2' command is executed.
14:22:02 INFO  : Context for processor 'microblaze_0' is selected.
14:22:02 INFO  : Processor reset is completed for 'microblaze_0'.
14:22:02 INFO  : Context for processor 'microblaze_0' is selected.
14:22:02 INFO  : The application 'U:/Documents/SoC/TP/TP_ublaze_3IS/TP_ublaze_3IS.sdk/animer_hello/Debug/animer_hello.elf' is downloaded to processor 'microblaze_0'.
14:22:02 INFO  : ----------------XSDB Script----------------
connect -url tcp:127.0.0.1:3121
configparams mdm-detect-bscan-mask 2
targets -set -nocase -filter {name =~ "microblaze*#0" && bscan=="USER2"  && jtag_cable_name =~ "Digilent Basys3 210183A8A7EBA"} -index 0
rst -processor
targets -set -nocase -filter {name =~ "microblaze*#0" && bscan=="USER2"  && jtag_cable_name =~ "Digilent Basys3 210183A8A7EBA"} -index 0
dow U:/Documents/SoC/TP/TP_ublaze_3IS/TP_ublaze_3IS.sdk/animer_hello/Debug/animer_hello.elf
----------------End of Script----------------

14:22:02 INFO  : Memory regions updated for context PA
14:22:02 INFO  : Memory regions updated for context PA
14:22:02 INFO  : Context for processor 'microblaze_0' is selected.
14:22:02 INFO  : 'con' command is executed.
14:22:02 INFO  : ----------------XSDB Script (After Launch)----------------
targets -set -nocase -filter {name =~ "microblaze*#0" && bscan=="USER2"  && jtag_cable_name =~ "Digilent Basys3 210183A8A7EBA"} -index 0
con
----------------End of Script----------------

14:22:02 INFO  : Launch script is exported to file 'U:\Documents\SoC\TP\TP_ublaze_3IS\TP_ublaze_3IS.sdk\.sdk\launch_scripts\xilinx_c-c++_application_(system_debugger)\system_debugger_using_debug_animer_hello.elf_on_local.tcl'
14:22:34 INFO  : Disconnected from the channel tcfchan#21.
14:22:35 INFO  : 'targets -set -filter {jtag_cable_name =~ "Digilent Basys3 210183A8A7EBA" && level==0} -index 0' command is executed.
14:22:35 INFO  : 'fpga -state' command is executed.
14:22:35 INFO  : Connected to target on host '127.0.0.1' and port '3121'.
14:22:35 INFO  : Jtag cable 'Digilent Basys3 210183A8A7EBA' is selected.
14:22:35 INFO  : 'jtag frequency' command is executed.
14:22:35 INFO  : 'configparams mdm-detect-bscan-mask 2' command is executed.
14:22:35 INFO  : Context for processor 'microblaze_0' is selected.
14:22:35 INFO  : Processor reset is completed for 'microblaze_0'.
14:22:35 INFO  : Context for processor 'microblaze_0' is selected.
14:22:35 INFO  : The application 'U:/Documents/SoC/TP/TP_ublaze_3IS/TP_ublaze_3IS.sdk/animer_hello/Debug/animer_hello.elf' is downloaded to processor 'microblaze_0'.
14:22:35 INFO  : ----------------XSDB Script----------------
connect -url tcp:127.0.0.1:3121
configparams mdm-detect-bscan-mask 2
targets -set -nocase -filter {name =~ "microblaze*#0" && bscan=="USER2"  && jtag_cable_name =~ "Digilent Basys3 210183A8A7EBA"} -index 0
rst -processor
targets -set -nocase -filter {name =~ "microblaze*#0" && bscan=="USER2"  && jtag_cable_name =~ "Digilent Basys3 210183A8A7EBA"} -index 0
dow U:/Documents/SoC/TP/TP_ublaze_3IS/TP_ublaze_3IS.sdk/animer_hello/Debug/animer_hello.elf
----------------End of Script----------------

14:22:35 INFO  : Memory regions updated for context PA
14:22:35 INFO  : Memory regions updated for context PA
14:22:35 INFO  : Context for processor 'microblaze_0' is selected.
14:22:35 INFO  : 'con' command is executed.
14:22:35 INFO  : ----------------XSDB Script (After Launch)----------------
targets -set -nocase -filter {name =~ "microblaze*#0" && bscan=="USER2"  && jtag_cable_name =~ "Digilent Basys3 210183A8A7EBA"} -index 0
con
----------------End of Script----------------

14:22:35 INFO  : Launch script is exported to file 'U:\Documents\SoC\TP\TP_ublaze_3IS\TP_ublaze_3IS.sdk\.sdk\launch_scripts\xilinx_c-c++_application_(system_debugger)\system_debugger_using_debug_animer_hello.elf_on_local.tcl'
14:22:44 INFO  : Disconnected from the channel tcfchan#22.
14:22:45 INFO  : 'targets -set -filter {jtag_cable_name =~ "Digilent Basys3 210183A8A7EBA" && level==0} -index 0' command is executed.
14:22:45 INFO  : 'fpga -state' command is executed.
14:22:45 INFO  : Connected to target on host '127.0.0.1' and port '3121'.
14:22:45 INFO  : Jtag cable 'Digilent Basys3 210183A8A7EBA' is selected.
14:22:45 INFO  : 'jtag frequency' command is executed.
14:22:45 INFO  : 'configparams mdm-detect-bscan-mask 2' command is executed.
14:22:45 INFO  : Context for processor 'microblaze_0' is selected.
14:22:45 INFO  : Processor reset is completed for 'microblaze_0'.
14:22:45 INFO  : Context for processor 'microblaze_0' is selected.
14:22:45 INFO  : The application 'U:/Documents/SoC/TP/TP_ublaze_3IS/TP_ublaze_3IS.sdk/animer_hello/Debug/animer_hello.elf' is downloaded to processor 'microblaze_0'.
14:22:45 INFO  : ----------------XSDB Script----------------
connect -url tcp:127.0.0.1:3121
configparams mdm-detect-bscan-mask 2
targets -set -nocase -filter {name =~ "microblaze*#0" && bscan=="USER2"  && jtag_cable_name =~ "Digilent Basys3 210183A8A7EBA"} -index 0
rst -processor
targets -set -nocase -filter {name =~ "microblaze*#0" && bscan=="USER2"  && jtag_cable_name =~ "Digilent Basys3 210183A8A7EBA"} -index 0
dow U:/Documents/SoC/TP/TP_ublaze_3IS/TP_ublaze_3IS.sdk/animer_hello/Debug/animer_hello.elf
----------------End of Script----------------

14:22:45 INFO  : Memory regions updated for context PA
14:22:45 INFO  : Memory regions updated for context PA
14:22:45 INFO  : Context for processor 'microblaze_0' is selected.
14:22:45 INFO  : 'con' command is executed.
14:22:45 INFO  : ----------------XSDB Script (After Launch)----------------
targets -set -nocase -filter {name =~ "microblaze*#0" && bscan=="USER2"  && jtag_cable_name =~ "Digilent Basys3 210183A8A7EBA"} -index 0
con
----------------End of Script----------------

14:22:45 INFO  : Launch script is exported to file 'U:\Documents\SoC\TP\TP_ublaze_3IS\TP_ublaze_3IS.sdk\.sdk\launch_scripts\xilinx_c-c++_application_(system_debugger)\system_debugger_using_debug_animer_hello.elf_on_local.tcl'
14:23:18 INFO  : Disconnected from the channel tcfchan#23.
14:23:19 INFO  : 'targets -set -filter {jtag_cable_name =~ "Digilent Basys3 210183A8A7EBA" && level==0} -index 0' command is executed.
14:23:19 INFO  : 'fpga -state' command is executed.
14:23:19 INFO  : Connected to target on host '127.0.0.1' and port '3121'.
14:23:19 INFO  : Jtag cable 'Digilent Basys3 210183A8A7EBA' is selected.
14:23:19 INFO  : 'jtag frequency' command is executed.
14:23:20 INFO  : 'configparams mdm-detect-bscan-mask 2' command is executed.
14:23:20 INFO  : Context for processor 'microblaze_0' is selected.
14:23:20 INFO  : Processor reset is completed for 'microblaze_0'.
14:23:20 INFO  : Context for processor 'microblaze_0' is selected.
14:23:20 INFO  : The application 'U:/Documents/SoC/TP/TP_ublaze_3IS/TP_ublaze_3IS.sdk/animer_hello/Debug/animer_hello.elf' is downloaded to processor 'microblaze_0'.
14:23:20 INFO  : ----------------XSDB Script----------------
connect -url tcp:127.0.0.1:3121
configparams mdm-detect-bscan-mask 2
targets -set -nocase -filter {name =~ "microblaze*#0" && bscan=="USER2"  && jtag_cable_name =~ "Digilent Basys3 210183A8A7EBA"} -index 0
rst -processor
targets -set -nocase -filter {name =~ "microblaze*#0" && bscan=="USER2"  && jtag_cable_name =~ "Digilent Basys3 210183A8A7EBA"} -index 0
dow U:/Documents/SoC/TP/TP_ublaze_3IS/TP_ublaze_3IS.sdk/animer_hello/Debug/animer_hello.elf
----------------End of Script----------------

14:23:20 INFO  : Memory regions updated for context PA
14:23:20 INFO  : Memory regions updated for context PA
14:23:20 INFO  : Context for processor 'microblaze_0' is selected.
14:23:20 INFO  : 'con' command is executed.
14:23:20 INFO  : ----------------XSDB Script (After Launch)----------------
targets -set -nocase -filter {name =~ "microblaze*#0" && bscan=="USER2"  && jtag_cable_name =~ "Digilent Basys3 210183A8A7EBA"} -index 0
con
----------------End of Script----------------

14:23:20 INFO  : Launch script is exported to file 'U:\Documents\SoC\TP\TP_ublaze_3IS\TP_ublaze_3IS.sdk\.sdk\launch_scripts\xilinx_c-c++_application_(system_debugger)\system_debugger_using_debug_animer_hello.elf_on_local.tcl'
14:24:31 INFO  : Disconnected from the channel tcfchan#24.
14:24:32 INFO  : 'targets -set -filter {jtag_cable_name =~ "Digilent Basys3 210183A8A7EBA" && level==0} -index 0' command is executed.
14:24:32 INFO  : 'fpga -state' command is executed.
14:24:32 INFO  : Connected to target on host '127.0.0.1' and port '3121'.
14:24:32 INFO  : Jtag cable 'Digilent Basys3 210183A8A7EBA' is selected.
14:24:32 INFO  : 'jtag frequency' command is executed.
14:24:32 INFO  : 'configparams mdm-detect-bscan-mask 2' command is executed.
14:24:32 INFO  : Context for processor 'microblaze_0' is selected.
14:24:33 INFO  : Processor reset is completed for 'microblaze_0'.
14:24:33 INFO  : Context for processor 'microblaze_0' is selected.
14:24:33 INFO  : The application 'U:/Documents/SoC/TP/TP_ublaze_3IS/TP_ublaze_3IS.sdk/animer_hello/Debug/animer_hello.elf' is downloaded to processor 'microblaze_0'.
14:24:33 INFO  : ----------------XSDB Script----------------
connect -url tcp:127.0.0.1:3121
configparams mdm-detect-bscan-mask 2
targets -set -nocase -filter {name =~ "microblaze*#0" && bscan=="USER2"  && jtag_cable_name =~ "Digilent Basys3 210183A8A7EBA"} -index 0
rst -processor
targets -set -nocase -filter {name =~ "microblaze*#0" && bscan=="USER2"  && jtag_cable_name =~ "Digilent Basys3 210183A8A7EBA"} -index 0
dow U:/Documents/SoC/TP/TP_ublaze_3IS/TP_ublaze_3IS.sdk/animer_hello/Debug/animer_hello.elf
----------------End of Script----------------

14:24:33 INFO  : Memory regions updated for context PA
14:24:33 INFO  : Memory regions updated for context PA
14:24:33 INFO  : Context for processor 'microblaze_0' is selected.
14:24:33 INFO  : 'con' command is executed.
14:24:33 INFO  : ----------------XSDB Script (After Launch)----------------
targets -set -nocase -filter {name =~ "microblaze*#0" && bscan=="USER2"  && jtag_cable_name =~ "Digilent Basys3 210183A8A7EBA"} -index 0
con
----------------End of Script----------------

14:24:33 INFO  : Launch script is exported to file 'U:\Documents\SoC\TP\TP_ublaze_3IS\TP_ublaze_3IS.sdk\.sdk\launch_scripts\xilinx_c-c++_application_(system_debugger)\system_debugger_using_debug_animer_hello.elf_on_local.tcl'
14:29:31 INFO  : Disconnected from the channel tcfchan#25.
14:29:32 INFO  : 'targets -set -filter {jtag_cable_name =~ "Digilent Basys3 210183A8A7EBA" && level==0} -index 0' command is executed.
14:29:32 INFO  : 'fpga -state' command is executed.
14:29:32 INFO  : Connected to target on host '127.0.0.1' and port '3121'.
14:29:32 INFO  : Jtag cable 'Digilent Basys3 210183A8A7EBA' is selected.
14:29:32 INFO  : 'jtag frequency' command is executed.
14:29:32 INFO  : 'configparams mdm-detect-bscan-mask 2' command is executed.
14:29:32 INFO  : Context for processor 'microblaze_0' is selected.
14:29:32 INFO  : Processor reset is completed for 'microblaze_0'.
14:29:32 INFO  : Context for processor 'microblaze_0' is selected.
14:29:32 INFO  : The application 'U:/Documents/SoC/TP/TP_ublaze_3IS/TP_ublaze_3IS.sdk/animer_hello/Debug/animer_hello.elf' is downloaded to processor 'microblaze_0'.
14:29:32 INFO  : ----------------XSDB Script----------------
connect -url tcp:127.0.0.1:3121
configparams mdm-detect-bscan-mask 2
targets -set -nocase -filter {name =~ "microblaze*#0" && bscan=="USER2"  && jtag_cable_name =~ "Digilent Basys3 210183A8A7EBA"} -index 0
rst -processor
targets -set -nocase -filter {name =~ "microblaze*#0" && bscan=="USER2"  && jtag_cable_name =~ "Digilent Basys3 210183A8A7EBA"} -index 0
dow U:/Documents/SoC/TP/TP_ublaze_3IS/TP_ublaze_3IS.sdk/animer_hello/Debug/animer_hello.elf
----------------End of Script----------------

14:29:32 INFO  : Memory regions updated for context PA
14:29:32 INFO  : Memory regions updated for context PA
14:29:32 INFO  : Context for processor 'microblaze_0' is selected.
14:29:32 INFO  : 'con' command is executed.
14:29:32 INFO  : ----------------XSDB Script (After Launch)----------------
targets -set -nocase -filter {name =~ "microblaze*#0" && bscan=="USER2"  && jtag_cable_name =~ "Digilent Basys3 210183A8A7EBA"} -index 0
con
----------------End of Script----------------

14:29:32 INFO  : Launch script is exported to file 'U:\Documents\SoC\TP\TP_ublaze_3IS\TP_ublaze_3IS.sdk\.sdk\launch_scripts\xilinx_c-c++_application_(system_debugger)\system_debugger_using_debug_animer_hello.elf_on_local.tcl'
14:32:47 INFO  : Disconnected from the channel tcfchan#26.
14:32:49 INFO  : 'targets -set -filter {jtag_cable_name =~ "Digilent Basys3 210183A8A7EBA" && level==0} -index 0' command is executed.
14:32:49 INFO  : 'fpga -state' command is executed.
14:32:49 INFO  : Connected to target on host '127.0.0.1' and port '3121'.
14:32:49 INFO  : Jtag cable 'Digilent Basys3 210183A8A7EBA' is selected.
14:32:49 INFO  : 'jtag frequency' command is executed.
14:32:49 INFO  : 'configparams mdm-detect-bscan-mask 2' command is executed.
14:32:49 INFO  : Context for processor 'microblaze_0' is selected.
14:32:49 INFO  : Processor reset is completed for 'microblaze_0'.
14:32:49 INFO  : Context for processor 'microblaze_0' is selected.
14:32:49 INFO  : The application 'U:/Documents/SoC/TP/TP_ublaze_3IS/TP_ublaze_3IS.sdk/animer_hello/Debug/animer_hello.elf' is downloaded to processor 'microblaze_0'.
14:32:49 INFO  : ----------------XSDB Script----------------
connect -url tcp:127.0.0.1:3121
configparams mdm-detect-bscan-mask 2
targets -set -nocase -filter {name =~ "microblaze*#0" && bscan=="USER2"  && jtag_cable_name =~ "Digilent Basys3 210183A8A7EBA"} -index 0
rst -processor
targets -set -nocase -filter {name =~ "microblaze*#0" && bscan=="USER2"  && jtag_cable_name =~ "Digilent Basys3 210183A8A7EBA"} -index 0
dow U:/Documents/SoC/TP/TP_ublaze_3IS/TP_ublaze_3IS.sdk/animer_hello/Debug/animer_hello.elf
----------------End of Script----------------

14:32:49 INFO  : Memory regions updated for context PA
14:32:49 INFO  : Memory regions updated for context PA
14:32:49 INFO  : Context for processor 'microblaze_0' is selected.
14:32:49 INFO  : 'con' command is executed.
14:32:49 INFO  : ----------------XSDB Script (After Launch)----------------
targets -set -nocase -filter {name =~ "microblaze*#0" && bscan=="USER2"  && jtag_cable_name =~ "Digilent Basys3 210183A8A7EBA"} -index 0
con
----------------End of Script----------------

14:32:49 INFO  : Launch script is exported to file 'U:\Documents\SoC\TP\TP_ublaze_3IS\TP_ublaze_3IS.sdk\.sdk\launch_scripts\xilinx_c-c++_application_(system_debugger)\system_debugger_using_debug_animer_hello.elf_on_local.tcl'
14:34:42 INFO  : Disconnected from the channel tcfchan#27.
14:34:43 INFO  : 'targets -set -filter {jtag_cable_name =~ "Digilent Basys3 210183A8A7EBA" && level==0} -index 0' command is executed.
14:34:43 INFO  : 'fpga -state' command is executed.
14:34:43 INFO  : Connected to target on host '127.0.0.1' and port '3121'.
14:34:43 INFO  : Jtag cable 'Digilent Basys3 210183A8A7EBA' is selected.
14:34:43 INFO  : 'jtag frequency' command is executed.
14:34:43 INFO  : 'configparams mdm-detect-bscan-mask 2' command is executed.
14:34:43 INFO  : Context for processor 'microblaze_0' is selected.
14:34:43 INFO  : Processor reset is completed for 'microblaze_0'.
14:34:43 INFO  : Context for processor 'microblaze_0' is selected.
14:34:43 INFO  : The application 'U:/Documents/SoC/TP/TP_ublaze_3IS/TP_ublaze_3IS.sdk/animer_hello/Debug/animer_hello.elf' is downloaded to processor 'microblaze_0'.
14:34:43 INFO  : ----------------XSDB Script----------------
connect -url tcp:127.0.0.1:3121
configparams mdm-detect-bscan-mask 2
targets -set -nocase -filter {name =~ "microblaze*#0" && bscan=="USER2"  && jtag_cable_name =~ "Digilent Basys3 210183A8A7EBA"} -index 0
rst -processor
targets -set -nocase -filter {name =~ "microblaze*#0" && bscan=="USER2"  && jtag_cable_name =~ "Digilent Basys3 210183A8A7EBA"} -index 0
dow U:/Documents/SoC/TP/TP_ublaze_3IS/TP_ublaze_3IS.sdk/animer_hello/Debug/animer_hello.elf
----------------End of Script----------------

14:34:43 INFO  : Memory regions updated for context PA
14:34:43 INFO  : Memory regions updated for context PA
14:34:43 INFO  : Context for processor 'microblaze_0' is selected.
14:34:43 INFO  : 'con' command is executed.
14:34:43 INFO  : ----------------XSDB Script (After Launch)----------------
targets -set -nocase -filter {name =~ "microblaze*#0" && bscan=="USER2"  && jtag_cable_name =~ "Digilent Basys3 210183A8A7EBA"} -index 0
con
----------------End of Script----------------

14:34:43 INFO  : Launch script is exported to file 'U:\Documents\SoC\TP\TP_ublaze_3IS\TP_ublaze_3IS.sdk\.sdk\launch_scripts\xilinx_c-c++_application_(system_debugger)\system_debugger_using_debug_animer_hello.elf_on_local.tcl'
14:35:16 INFO  : Disconnected from the channel tcfchan#28.
14:35:17 INFO  : 'targets -set -filter {jtag_cable_name =~ "Digilent Basys3 210183A8A7EBA" && level==0} -index 0' command is executed.
14:35:17 INFO  : 'fpga -state' command is executed.
14:35:17 INFO  : Connected to target on host '127.0.0.1' and port '3121'.
14:35:17 INFO  : Jtag cable 'Digilent Basys3 210183A8A7EBA' is selected.
14:35:17 INFO  : 'jtag frequency' command is executed.
14:35:17 INFO  : 'configparams mdm-detect-bscan-mask 2' command is executed.
14:35:17 INFO  : Context for processor 'microblaze_0' is selected.
14:35:18 INFO  : Processor reset is completed for 'microblaze_0'.
14:35:18 INFO  : Context for processor 'microblaze_0' is selected.
14:35:18 INFO  : The application 'U:/Documents/SoC/TP/TP_ublaze_3IS/TP_ublaze_3IS.sdk/animer_hello/Debug/animer_hello.elf' is downloaded to processor 'microblaze_0'.
14:35:18 INFO  : ----------------XSDB Script----------------
connect -url tcp:127.0.0.1:3121
configparams mdm-detect-bscan-mask 2
targets -set -nocase -filter {name =~ "microblaze*#0" && bscan=="USER2"  && jtag_cable_name =~ "Digilent Basys3 210183A8A7EBA"} -index 0
rst -processor
targets -set -nocase -filter {name =~ "microblaze*#0" && bscan=="USER2"  && jtag_cable_name =~ "Digilent Basys3 210183A8A7EBA"} -index 0
dow U:/Documents/SoC/TP/TP_ublaze_3IS/TP_ublaze_3IS.sdk/animer_hello/Debug/animer_hello.elf
----------------End of Script----------------

14:35:18 INFO  : Memory regions updated for context PA
14:35:18 INFO  : Memory regions updated for context PA
14:35:18 INFO  : Context for processor 'microblaze_0' is selected.
14:35:18 INFO  : 'con' command is executed.
14:35:18 INFO  : ----------------XSDB Script (After Launch)----------------
targets -set -nocase -filter {name =~ "microblaze*#0" && bscan=="USER2"  && jtag_cable_name =~ "Digilent Basys3 210183A8A7EBA"} -index 0
con
----------------End of Script----------------

14:35:18 INFO  : Launch script is exported to file 'U:\Documents\SoC\TP\TP_ublaze_3IS\TP_ublaze_3IS.sdk\.sdk\launch_scripts\xilinx_c-c++_application_(system_debugger)\system_debugger_using_debug_animer_hello.elf_on_local.tcl'
14:36:55 INFO  : Disconnected from the channel tcfchan#29.
14:36:57 INFO  : 'targets -set -filter {jtag_cable_name =~ "Digilent Basys3 210183A8A7EBA" && level==0} -index 0' command is executed.
14:36:57 INFO  : 'fpga -state' command is executed.
14:36:57 INFO  : Connected to target on host '127.0.0.1' and port '3121'.
14:36:57 INFO  : Jtag cable 'Digilent Basys3 210183A8A7EBA' is selected.
14:36:57 INFO  : 'jtag frequency' command is executed.
14:36:57 INFO  : 'configparams mdm-detect-bscan-mask 2' command is executed.
14:36:57 INFO  : Context for processor 'microblaze_0' is selected.
14:36:57 INFO  : Processor reset is completed for 'microblaze_0'.
14:36:57 INFO  : Context for processor 'microblaze_0' is selected.
14:36:57 INFO  : The application 'U:/Documents/SoC/TP/TP_ublaze_3IS/TP_ublaze_3IS.sdk/animer_hello/Debug/animer_hello.elf' is downloaded to processor 'microblaze_0'.
14:36:57 INFO  : ----------------XSDB Script----------------
connect -url tcp:127.0.0.1:3121
configparams mdm-detect-bscan-mask 2
targets -set -nocase -filter {name =~ "microblaze*#0" && bscan=="USER2"  && jtag_cable_name =~ "Digilent Basys3 210183A8A7EBA"} -index 0
rst -processor
targets -set -nocase -filter {name =~ "microblaze*#0" && bscan=="USER2"  && jtag_cable_name =~ "Digilent Basys3 210183A8A7EBA"} -index 0
dow U:/Documents/SoC/TP/TP_ublaze_3IS/TP_ublaze_3IS.sdk/animer_hello/Debug/animer_hello.elf
----------------End of Script----------------

14:36:57 INFO  : Memory regions updated for context PA
14:36:57 INFO  : Memory regions updated for context PA
14:36:57 INFO  : Context for processor 'microblaze_0' is selected.
14:36:57 INFO  : 'con' command is executed.
14:36:57 INFO  : ----------------XSDB Script (After Launch)----------------
targets -set -nocase -filter {name =~ "microblaze*#0" && bscan=="USER2"  && jtag_cable_name =~ "Digilent Basys3 210183A8A7EBA"} -index 0
con
----------------End of Script----------------

14:36:57 INFO  : Launch script is exported to file 'U:\Documents\SoC\TP\TP_ublaze_3IS\TP_ublaze_3IS.sdk\.sdk\launch_scripts\xilinx_c-c++_application_(system_debugger)\system_debugger_using_debug_animer_hello.elf_on_local.tcl'
14:37:53 INFO  : Disconnected from the channel tcfchan#30.
14:37:54 INFO  : 'targets -set -filter {jtag_cable_name =~ "Digilent Basys3 210183A8A7EBA" && level==0} -index 0' command is executed.
14:37:54 INFO  : 'fpga -state' command is executed.
14:37:54 INFO  : Connected to target on host '127.0.0.1' and port '3121'.
14:37:54 INFO  : Jtag cable 'Digilent Basys3 210183A8A7EBA' is selected.
14:37:54 INFO  : 'jtag frequency' command is executed.
14:37:54 INFO  : 'configparams mdm-detect-bscan-mask 2' command is executed.
14:37:54 INFO  : Context for processor 'microblaze_0' is selected.
14:37:54 INFO  : Processor reset is completed for 'microblaze_0'.
14:37:54 INFO  : Context for processor 'microblaze_0' is selected.
14:37:54 INFO  : The application 'U:/Documents/SoC/TP/TP_ublaze_3IS/TP_ublaze_3IS.sdk/animer_hello/Debug/animer_hello.elf' is downloaded to processor 'microblaze_0'.
14:37:54 INFO  : ----------------XSDB Script----------------
connect -url tcp:127.0.0.1:3121
configparams mdm-detect-bscan-mask 2
targets -set -nocase -filter {name =~ "microblaze*#0" && bscan=="USER2"  && jtag_cable_name =~ "Digilent Basys3 210183A8A7EBA"} -index 0
rst -processor
targets -set -nocase -filter {name =~ "microblaze*#0" && bscan=="USER2"  && jtag_cable_name =~ "Digilent Basys3 210183A8A7EBA"} -index 0
dow U:/Documents/SoC/TP/TP_ublaze_3IS/TP_ublaze_3IS.sdk/animer_hello/Debug/animer_hello.elf
----------------End of Script----------------

14:37:54 INFO  : Memory regions updated for context PA
14:37:54 INFO  : Memory regions updated for context PA
14:37:54 INFO  : Context for processor 'microblaze_0' is selected.
14:37:54 INFO  : 'con' command is executed.
14:37:54 INFO  : ----------------XSDB Script (After Launch)----------------
targets -set -nocase -filter {name =~ "microblaze*#0" && bscan=="USER2"  && jtag_cable_name =~ "Digilent Basys3 210183A8A7EBA"} -index 0
con
----------------End of Script----------------

14:37:54 INFO  : Launch script is exported to file 'U:\Documents\SoC\TP\TP_ublaze_3IS\TP_ublaze_3IS.sdk\.sdk\launch_scripts\xilinx_c-c++_application_(system_debugger)\system_debugger_using_debug_animer_hello.elf_on_local.tcl'
14:39:04 INFO  : Disconnected from the channel tcfchan#31.
14:39:05 INFO  : 'targets -set -filter {jtag_cable_name =~ "Digilent Basys3 210183A8A7EBA" && level==0} -index 0' command is executed.
14:39:05 INFO  : 'fpga -state' command is executed.
14:39:05 INFO  : Connected to target on host '127.0.0.1' and port '3121'.
14:39:05 INFO  : Jtag cable 'Digilent Basys3 210183A8A7EBA' is selected.
14:39:05 INFO  : 'jtag frequency' command is executed.
14:39:05 INFO  : 'configparams mdm-detect-bscan-mask 2' command is executed.
14:39:05 INFO  : Context for processor 'microblaze_0' is selected.
14:39:05 INFO  : Processor reset is completed for 'microblaze_0'.
14:39:05 INFO  : Context for processor 'microblaze_0' is selected.
14:39:05 INFO  : The application 'U:/Documents/SoC/TP/TP_ublaze_3IS/TP_ublaze_3IS.sdk/animer_hello/Debug/animer_hello.elf' is downloaded to processor 'microblaze_0'.
14:39:05 INFO  : ----------------XSDB Script----------------
connect -url tcp:127.0.0.1:3121
configparams mdm-detect-bscan-mask 2
targets -set -nocase -filter {name =~ "microblaze*#0" && bscan=="USER2"  && jtag_cable_name =~ "Digilent Basys3 210183A8A7EBA"} -index 0
rst -processor
targets -set -nocase -filter {name =~ "microblaze*#0" && bscan=="USER2"  && jtag_cable_name =~ "Digilent Basys3 210183A8A7EBA"} -index 0
dow U:/Documents/SoC/TP/TP_ublaze_3IS/TP_ublaze_3IS.sdk/animer_hello/Debug/animer_hello.elf
----------------End of Script----------------

14:39:05 INFO  : Memory regions updated for context PA
14:39:05 INFO  : Memory regions updated for context PA
14:39:05 INFO  : Context for processor 'microblaze_0' is selected.
14:39:05 INFO  : 'con' command is executed.
14:39:05 INFO  : ----------------XSDB Script (After Launch)----------------
targets -set -nocase -filter {name =~ "microblaze*#0" && bscan=="USER2"  && jtag_cable_name =~ "Digilent Basys3 210183A8A7EBA"} -index 0
con
----------------End of Script----------------

14:39:05 INFO  : Launch script is exported to file 'U:\Documents\SoC\TP\TP_ublaze_3IS\TP_ublaze_3IS.sdk\.sdk\launch_scripts\xilinx_c-c++_application_(system_debugger)\system_debugger_using_debug_animer_hello.elf_on_local.tcl'
14:39:42 INFO  : Disconnected from the channel tcfchan#32.
14:39:44 INFO  : 'targets -set -filter {jtag_cable_name =~ "Digilent Basys3 210183A8A7EBA" && level==0} -index 0' command is executed.
14:39:44 INFO  : 'fpga -state' command is executed.
14:39:44 INFO  : Connected to target on host '127.0.0.1' and port '3121'.
14:39:44 INFO  : Jtag cable 'Digilent Basys3 210183A8A7EBA' is selected.
14:39:44 INFO  : 'jtag frequency' command is executed.
14:39:44 INFO  : 'configparams mdm-detect-bscan-mask 2' command is executed.
14:39:44 INFO  : Context for processor 'microblaze_0' is selected.
14:39:44 INFO  : Processor reset is completed for 'microblaze_0'.
14:39:44 INFO  : Context for processor 'microblaze_0' is selected.
14:39:44 INFO  : The application 'U:/Documents/SoC/TP/TP_ublaze_3IS/TP_ublaze_3IS.sdk/animer_hello/Debug/animer_hello.elf' is downloaded to processor 'microblaze_0'.
14:39:44 INFO  : ----------------XSDB Script----------------
connect -url tcp:127.0.0.1:3121
configparams mdm-detect-bscan-mask 2
targets -set -nocase -filter {name =~ "microblaze*#0" && bscan=="USER2"  && jtag_cable_name =~ "Digilent Basys3 210183A8A7EBA"} -index 0
rst -processor
targets -set -nocase -filter {name =~ "microblaze*#0" && bscan=="USER2"  && jtag_cable_name =~ "Digilent Basys3 210183A8A7EBA"} -index 0
dow U:/Documents/SoC/TP/TP_ublaze_3IS/TP_ublaze_3IS.sdk/animer_hello/Debug/animer_hello.elf
----------------End of Script----------------

14:39:44 INFO  : Memory regions updated for context PA
14:39:44 INFO  : Memory regions updated for context PA
14:39:44 INFO  : Context for processor 'microblaze_0' is selected.
14:39:44 INFO  : 'con' command is executed.
14:39:44 INFO  : ----------------XSDB Script (After Launch)----------------
targets -set -nocase -filter {name =~ "microblaze*#0" && bscan=="USER2"  && jtag_cable_name =~ "Digilent Basys3 210183A8A7EBA"} -index 0
con
----------------End of Script----------------

14:39:44 INFO  : Launch script is exported to file 'U:\Documents\SoC\TP\TP_ublaze_3IS\TP_ublaze_3IS.sdk\.sdk\launch_scripts\xilinx_c-c++_application_(system_debugger)\system_debugger_using_debug_animer_hello.elf_on_local.tcl'
14:40:26 INFO  : Disconnected from the channel tcfchan#33.
14:40:27 INFO  : 'targets -set -filter {jtag_cable_name =~ "Digilent Basys3 210183A8A7EBA" && level==0} -index 0' command is executed.
14:40:27 INFO  : 'fpga -state' command is executed.
14:40:27 INFO  : Connected to target on host '127.0.0.1' and port '3121'.
14:40:27 INFO  : Jtag cable 'Digilent Basys3 210183A8A7EBA' is selected.
14:40:27 INFO  : 'jtag frequency' command is executed.
14:40:27 INFO  : 'configparams mdm-detect-bscan-mask 2' command is executed.
14:40:27 INFO  : Context for processor 'microblaze_0' is selected.
14:40:27 INFO  : Processor reset is completed for 'microblaze_0'.
14:40:27 INFO  : Context for processor 'microblaze_0' is selected.
14:40:27 INFO  : The application 'U:/Documents/SoC/TP/TP_ublaze_3IS/TP_ublaze_3IS.sdk/animer_hello/Debug/animer_hello.elf' is downloaded to processor 'microblaze_0'.
14:40:27 INFO  : ----------------XSDB Script----------------
connect -url tcp:127.0.0.1:3121
configparams mdm-detect-bscan-mask 2
targets -set -nocase -filter {name =~ "microblaze*#0" && bscan=="USER2"  && jtag_cable_name =~ "Digilent Basys3 210183A8A7EBA"} -index 0
rst -processor
targets -set -nocase -filter {name =~ "microblaze*#0" && bscan=="USER2"  && jtag_cable_name =~ "Digilent Basys3 210183A8A7EBA"} -index 0
dow U:/Documents/SoC/TP/TP_ublaze_3IS/TP_ublaze_3IS.sdk/animer_hello/Debug/animer_hello.elf
----------------End of Script----------------

14:40:27 INFO  : Memory regions updated for context PA
14:40:27 INFO  : Memory regions updated for context PA
14:40:27 INFO  : Context for processor 'microblaze_0' is selected.
14:40:27 INFO  : 'con' command is executed.
14:40:27 INFO  : ----------------XSDB Script (After Launch)----------------
targets -set -nocase -filter {name =~ "microblaze*#0" && bscan=="USER2"  && jtag_cable_name =~ "Digilent Basys3 210183A8A7EBA"} -index 0
con
----------------End of Script----------------

14:40:27 INFO  : Launch script is exported to file 'U:\Documents\SoC\TP\TP_ublaze_3IS\TP_ublaze_3IS.sdk\.sdk\launch_scripts\xilinx_c-c++_application_(system_debugger)\system_debugger_using_debug_animer_hello.elf_on_local.tcl'
15:01:54 INFO  : Disconnected from the channel tcfchan#34.
15:01:55 INFO  : 'targets -set -filter {jtag_cable_name =~ "Digilent Basys3 210183A8A7EBA" && level==0} -index 0' command is executed.
15:01:55 INFO  : 'fpga -state' command is executed.
15:01:55 INFO  : Connected to target on host '127.0.0.1' and port '3121'.
15:01:55 INFO  : Jtag cable 'Digilent Basys3 210183A8A7EBA' is selected.
15:01:55 INFO  : 'jtag frequency' command is executed.
15:01:55 INFO  : 'configparams mdm-detect-bscan-mask 2' command is executed.
15:01:55 INFO  : Context for processor 'microblaze_0' is selected.
15:01:55 INFO  : Processor reset is completed for 'microblaze_0'.
15:01:55 INFO  : Context for processor 'microblaze_0' is selected.
15:01:55 INFO  : The application 'U:/Documents/SoC/TP/TP_ublaze_3IS/TP_ublaze_3IS.sdk/upgrade_animer_hello/Debug/upgrade_animer_hello.elf' is downloaded to processor 'microblaze_0'.
15:01:55 INFO  : ----------------XSDB Script----------------
connect -url tcp:127.0.0.1:3121
configparams mdm-detect-bscan-mask 2
targets -set -nocase -filter {name =~ "microblaze*#0" && bscan=="USER2"  && jtag_cable_name =~ "Digilent Basys3 210183A8A7EBA"} -index 0
rst -processor
targets -set -nocase -filter {name =~ "microblaze*#0" && bscan=="USER2"  && jtag_cable_name =~ "Digilent Basys3 210183A8A7EBA"} -index 0
dow U:/Documents/SoC/TP/TP_ublaze_3IS/TP_ublaze_3IS.sdk/upgrade_animer_hello/Debug/upgrade_animer_hello.elf
----------------End of Script----------------

15:01:55 INFO  : Memory regions updated for context PA
15:01:55 INFO  : Memory regions updated for context PA
15:01:55 INFO  : Context for processor 'microblaze_0' is selected.
15:01:55 INFO  : 'con' command is executed.
15:01:55 INFO  : ----------------XSDB Script (After Launch)----------------
targets -set -nocase -filter {name =~ "microblaze*#0" && bscan=="USER2"  && jtag_cable_name =~ "Digilent Basys3 210183A8A7EBA"} -index 0
con
----------------End of Script----------------

15:01:55 INFO  : Launch script is exported to file 'U:\Documents\SoC\TP\TP_ublaze_3IS\TP_ublaze_3IS.sdk\.sdk\launch_scripts\xilinx_c-c++_application_(system_debugger)\system_debugger_using_debug_upgrade_animer_hello.elf_on_local.tcl'
15:03:09 INFO  : Disconnected from the channel tcfchan#35.
15:03:10 INFO  : 'targets -set -filter {jtag_cable_name =~ "Digilent Basys3 210183A8A7EBA" && level==0} -index 0' command is executed.
15:03:10 INFO  : 'fpga -state' command is executed.
15:03:10 INFO  : Connected to target on host '127.0.0.1' and port '3121'.
15:03:10 INFO  : Jtag cable 'Digilent Basys3 210183A8A7EBA' is selected.
15:03:10 INFO  : 'jtag frequency' command is executed.
15:03:10 INFO  : 'configparams mdm-detect-bscan-mask 2' command is executed.
15:03:10 INFO  : Context for processor 'microblaze_0' is selected.
15:03:10 INFO  : Processor reset is completed for 'microblaze_0'.
15:03:10 INFO  : Context for processor 'microblaze_0' is selected.
15:03:10 INFO  : The application 'U:/Documents/SoC/TP/TP_ublaze_3IS/TP_ublaze_3IS.sdk/upgrade_animer_hello/Debug/upgrade_animer_hello.elf' is downloaded to processor 'microblaze_0'.
15:03:10 INFO  : ----------------XSDB Script----------------
connect -url tcp:127.0.0.1:3121
configparams mdm-detect-bscan-mask 2
targets -set -nocase -filter {name =~ "microblaze*#0" && bscan=="USER2"  && jtag_cable_name =~ "Digilent Basys3 210183A8A7EBA"} -index 0
rst -processor
targets -set -nocase -filter {name =~ "microblaze*#0" && bscan=="USER2"  && jtag_cable_name =~ "Digilent Basys3 210183A8A7EBA"} -index 0
dow U:/Documents/SoC/TP/TP_ublaze_3IS/TP_ublaze_3IS.sdk/upgrade_animer_hello/Debug/upgrade_animer_hello.elf
----------------End of Script----------------

15:03:10 INFO  : Memory regions updated for context PA
15:03:10 INFO  : Memory regions updated for context PA
15:03:11 INFO  : Context for processor 'microblaze_0' is selected.
15:03:11 INFO  : 'con' command is executed.
15:03:11 INFO  : ----------------XSDB Script (After Launch)----------------
targets -set -nocase -filter {name =~ "microblaze*#0" && bscan=="USER2"  && jtag_cable_name =~ "Digilent Basys3 210183A8A7EBA"} -index 0
con
----------------End of Script----------------

15:03:11 INFO  : Launch script is exported to file 'U:\Documents\SoC\TP\TP_ublaze_3IS\TP_ublaze_3IS.sdk\.sdk\launch_scripts\xilinx_c-c++_application_(system_debugger)\system_debugger_using_debug_upgrade_animer_hello.elf_on_local.tcl'
15:14:32 INFO  : Disconnected from the channel tcfchan#36.
15:14:33 INFO  : 'targets -set -filter {jtag_cable_name =~ "Digilent Basys3 210183A8A7EBA" && level==0} -index 0' command is executed.
15:14:33 INFO  : 'fpga -state' command is executed.
15:14:33 INFO  : Connected to target on host '127.0.0.1' and port '3121'.
15:14:33 INFO  : Jtag cable 'Digilent Basys3 210183A8A7EBA' is selected.
15:14:33 INFO  : 'jtag frequency' command is executed.
15:14:33 INFO  : 'configparams mdm-detect-bscan-mask 2' command is executed.
15:14:33 INFO  : Context for processor 'microblaze_0' is selected.
15:14:33 INFO  : Processor reset is completed for 'microblaze_0'.
15:14:34 INFO  : Context for processor 'microblaze_0' is selected.
15:14:34 INFO  : The application 'U:/Documents/SoC/TP/TP_ublaze_3IS/TP_ublaze_3IS.sdk/upgrade_animer_hello/Debug/upgrade_animer_hello.elf' is downloaded to processor 'microblaze_0'.
15:14:34 INFO  : ----------------XSDB Script----------------
connect -url tcp:127.0.0.1:3121
configparams mdm-detect-bscan-mask 2
targets -set -nocase -filter {name =~ "microblaze*#0" && bscan=="USER2"  && jtag_cable_name =~ "Digilent Basys3 210183A8A7EBA"} -index 0
rst -processor
targets -set -nocase -filter {name =~ "microblaze*#0" && bscan=="USER2"  && jtag_cable_name =~ "Digilent Basys3 210183A8A7EBA"} -index 0
dow U:/Documents/SoC/TP/TP_ublaze_3IS/TP_ublaze_3IS.sdk/upgrade_animer_hello/Debug/upgrade_animer_hello.elf
----------------End of Script----------------

15:14:34 INFO  : Memory regions updated for context PA
15:14:34 INFO  : Memory regions updated for context PA
15:14:34 INFO  : Context for processor 'microblaze_0' is selected.
15:14:34 INFO  : 'con' command is executed.
15:14:34 INFO  : ----------------XSDB Script (After Launch)----------------
targets -set -nocase -filter {name =~ "microblaze*#0" && bscan=="USER2"  && jtag_cable_name =~ "Digilent Basys3 210183A8A7EBA"} -index 0
con
----------------End of Script----------------

15:14:34 INFO  : Launch script is exported to file 'U:\Documents\SoC\TP\TP_ublaze_3IS\TP_ublaze_3IS.sdk\.sdk\launch_scripts\xilinx_c-c++_application_(system_debugger)\system_debugger_using_debug_upgrade_animer_hello.elf_on_local.tcl'
15:15:31 INFO  : Disconnected from the channel tcfchan#37.
15:15:32 INFO  : 'targets -set -filter {jtag_cable_name =~ "Digilent Basys3 210183A8A7EBA" && level==0} -index 0' command is executed.
15:15:32 INFO  : 'fpga -state' command is executed.
15:15:32 INFO  : Connected to target on host '127.0.0.1' and port '3121'.
15:15:33 INFO  : Jtag cable 'Digilent Basys3 210183A8A7EBA' is selected.
15:15:33 INFO  : 'jtag frequency' command is executed.
15:15:33 INFO  : 'configparams mdm-detect-bscan-mask 2' command is executed.
15:15:33 INFO  : Context for processor 'microblaze_0' is selected.
15:15:33 INFO  : Processor reset is completed for 'microblaze_0'.
15:15:33 INFO  : Context for processor 'microblaze_0' is selected.
15:15:33 INFO  : The application 'U:/Documents/SoC/TP/TP_ublaze_3IS/TP_ublaze_3IS.sdk/upgrade_animer_hello/Debug/upgrade_animer_hello.elf' is downloaded to processor 'microblaze_0'.
15:15:33 INFO  : ----------------XSDB Script----------------
connect -url tcp:127.0.0.1:3121
configparams mdm-detect-bscan-mask 2
targets -set -nocase -filter {name =~ "microblaze*#0" && bscan=="USER2"  && jtag_cable_name =~ "Digilent Basys3 210183A8A7EBA"} -index 0
rst -processor
targets -set -nocase -filter {name =~ "microblaze*#0" && bscan=="USER2"  && jtag_cable_name =~ "Digilent Basys3 210183A8A7EBA"} -index 0
dow U:/Documents/SoC/TP/TP_ublaze_3IS/TP_ublaze_3IS.sdk/upgrade_animer_hello/Debug/upgrade_animer_hello.elf
----------------End of Script----------------

15:15:33 INFO  : Memory regions updated for context PA
15:15:33 INFO  : Memory regions updated for context PA
15:15:33 INFO  : Context for processor 'microblaze_0' is selected.
15:15:33 INFO  : 'con' command is executed.
15:15:33 INFO  : ----------------XSDB Script (After Launch)----------------
targets -set -nocase -filter {name =~ "microblaze*#0" && bscan=="USER2"  && jtag_cable_name =~ "Digilent Basys3 210183A8A7EBA"} -index 0
con
----------------End of Script----------------

15:15:33 INFO  : Launch script is exported to file 'U:\Documents\SoC\TP\TP_ublaze_3IS\TP_ublaze_3IS.sdk\.sdk\launch_scripts\xilinx_c-c++_application_(system_debugger)\system_debugger_using_debug_upgrade_animer_hello.elf_on_local.tcl'
15:28:22 INFO  : Disconnected from the channel tcfchan#38.
15:28:23 INFO  : 'targets -set -filter {jtag_cable_name =~ "Digilent Basys3 210183A8A7EBA" && level==0} -index 0' command is executed.
15:28:23 INFO  : 'fpga -state' command is executed.
15:28:23 INFO  : Connected to target on host '127.0.0.1' and port '3121'.
15:28:23 INFO  : Jtag cable 'Digilent Basys3 210183A8A7EBA' is selected.
15:28:23 INFO  : 'jtag frequency' command is executed.
15:28:23 INFO  : 'configparams mdm-detect-bscan-mask 2' command is executed.
15:28:23 INFO  : Context for processor 'microblaze_0' is selected.
15:28:23 INFO  : Processor reset is completed for 'microblaze_0'.
15:28:23 INFO  : Context for processor 'microblaze_0' is selected.
15:28:23 INFO  : The application 'U:/Documents/SoC/TP/TP_ublaze_3IS/TP_ublaze_3IS.sdk/upgrade_animer_hello/Debug/upgrade_animer_hello.elf' is downloaded to processor 'microblaze_0'.
15:28:23 INFO  : ----------------XSDB Script----------------
connect -url tcp:127.0.0.1:3121
configparams mdm-detect-bscan-mask 2
targets -set -nocase -filter {name =~ "microblaze*#0" && bscan=="USER2"  && jtag_cable_name =~ "Digilent Basys3 210183A8A7EBA"} -index 0
rst -processor
targets -set -nocase -filter {name =~ "microblaze*#0" && bscan=="USER2"  && jtag_cable_name =~ "Digilent Basys3 210183A8A7EBA"} -index 0
dow U:/Documents/SoC/TP/TP_ublaze_3IS/TP_ublaze_3IS.sdk/upgrade_animer_hello/Debug/upgrade_animer_hello.elf
----------------End of Script----------------

15:28:23 INFO  : Memory regions updated for context PA
15:28:23 INFO  : Memory regions updated for context PA
15:28:23 INFO  : Context for processor 'microblaze_0' is selected.
15:28:23 INFO  : 'con' command is executed.
15:28:23 INFO  : ----------------XSDB Script (After Launch)----------------
targets -set -nocase -filter {name =~ "microblaze*#0" && bscan=="USER2"  && jtag_cable_name =~ "Digilent Basys3 210183A8A7EBA"} -index 0
con
----------------End of Script----------------

15:28:23 INFO  : Launch script is exported to file 'U:\Documents\SoC\TP\TP_ublaze_3IS\TP_ublaze_3IS.sdk\.sdk\launch_scripts\xilinx_c-c++_application_(system_debugger)\system_debugger_using_debug_upgrade_animer_hello.elf_on_local.tcl'
15:31:46 INFO  : Disconnected from the channel tcfchan#39.
15:31:47 INFO  : 'targets -set -filter {jtag_cable_name =~ "Digilent Basys3 210183A8A7EBA" && level==0} -index 0' command is executed.
15:31:47 INFO  : 'fpga -state' command is executed.
15:31:47 INFO  : Connected to target on host '127.0.0.1' and port '3121'.
15:31:47 INFO  : Jtag cable 'Digilent Basys3 210183A8A7EBA' is selected.
15:31:47 INFO  : 'jtag frequency' command is executed.
15:31:47 INFO  : 'configparams mdm-detect-bscan-mask 2' command is executed.
15:31:47 INFO  : Context for processor 'microblaze_0' is selected.
15:31:47 INFO  : Processor reset is completed for 'microblaze_0'.
15:31:47 INFO  : Context for processor 'microblaze_0' is selected.
15:31:47 INFO  : The application 'U:/Documents/SoC/TP/TP_ublaze_3IS/TP_ublaze_3IS.sdk/upgrade_animer_hello/Debug/upgrade_animer_hello.elf' is downloaded to processor 'microblaze_0'.
15:31:47 INFO  : ----------------XSDB Script----------------
connect -url tcp:127.0.0.1:3121
configparams mdm-detect-bscan-mask 2
targets -set -nocase -filter {name =~ "microblaze*#0" && bscan=="USER2"  && jtag_cable_name =~ "Digilent Basys3 210183A8A7EBA"} -index 0
rst -processor
targets -set -nocase -filter {name =~ "microblaze*#0" && bscan=="USER2"  && jtag_cable_name =~ "Digilent Basys3 210183A8A7EBA"} -index 0
dow U:/Documents/SoC/TP/TP_ublaze_3IS/TP_ublaze_3IS.sdk/upgrade_animer_hello/Debug/upgrade_animer_hello.elf
----------------End of Script----------------

15:31:47 INFO  : Memory regions updated for context PA
15:31:47 INFO  : Memory regions updated for context PA
15:31:47 INFO  : Context for processor 'microblaze_0' is selected.
15:31:47 INFO  : 'con' command is executed.
15:31:47 INFO  : ----------------XSDB Script (After Launch)----------------
targets -set -nocase -filter {name =~ "microblaze*#0" && bscan=="USER2"  && jtag_cable_name =~ "Digilent Basys3 210183A8A7EBA"} -index 0
con
----------------End of Script----------------

15:31:47 INFO  : Launch script is exported to file 'U:\Documents\SoC\TP\TP_ublaze_3IS\TP_ublaze_3IS.sdk\.sdk\launch_scripts\xilinx_c-c++_application_(system_debugger)\system_debugger_using_debug_upgrade_animer_hello.elf_on_local.tcl'
15:34:18 INFO  : Disconnected from the channel tcfchan#40.
15:34:19 INFO  : 'targets -set -filter {jtag_cable_name =~ "Digilent Basys3 210183A8A7EBA" && level==0} -index 0' command is executed.
15:34:19 INFO  : 'fpga -state' command is executed.
15:34:19 INFO  : Connected to target on host '127.0.0.1' and port '3121'.
15:34:20 INFO  : Jtag cable 'Digilent Basys3 210183A8A7EBA' is selected.
15:34:20 INFO  : 'jtag frequency' command is executed.
15:34:20 INFO  : 'configparams mdm-detect-bscan-mask 2' command is executed.
15:34:20 INFO  : Context for processor 'microblaze_0' is selected.
15:34:20 INFO  : Processor reset is completed for 'microblaze_0'.
15:34:20 INFO  : Context for processor 'microblaze_0' is selected.
15:34:20 INFO  : The application 'U:/Documents/SoC/TP/TP_ublaze_3IS/TP_ublaze_3IS.sdk/timer/Debug/timer.elf' is downloaded to processor 'microblaze_0'.
15:34:20 INFO  : ----------------XSDB Script----------------
connect -url tcp:127.0.0.1:3121
configparams mdm-detect-bscan-mask 2
targets -set -nocase -filter {name =~ "microblaze*#0" && bscan=="USER2"  && jtag_cable_name =~ "Digilent Basys3 210183A8A7EBA"} -index 0
rst -processor
targets -set -nocase -filter {name =~ "microblaze*#0" && bscan=="USER2"  && jtag_cable_name =~ "Digilent Basys3 210183A8A7EBA"} -index 0
dow U:/Documents/SoC/TP/TP_ublaze_3IS/TP_ublaze_3IS.sdk/timer/Debug/timer.elf
----------------End of Script----------------

15:34:20 INFO  : Memory regions updated for context PA
15:34:20 INFO  : Memory regions updated for context PA
15:34:20 INFO  : Context for processor 'microblaze_0' is selected.
15:34:20 INFO  : 'con' command is executed.
15:34:20 INFO  : ----------------XSDB Script (After Launch)----------------
targets -set -nocase -filter {name =~ "microblaze*#0" && bscan=="USER2"  && jtag_cable_name =~ "Digilent Basys3 210183A8A7EBA"} -index 0
con
----------------End of Script----------------

15:34:20 INFO  : Launch script is exported to file 'U:\Documents\SoC\TP\TP_ublaze_3IS\TP_ublaze_3IS.sdk\.sdk\launch_scripts\xilinx_c-c++_application_(system_debugger)\system_debugger_using_debug_timer.elf_on_local.tcl'
15:36:02 INFO  : Disconnected from the channel tcfchan#41.
15:36:03 INFO  : 'targets -set -filter {jtag_cable_name =~ "Digilent Basys3 210183A8A7EBA" && level==0} -index 0' command is executed.
15:36:03 INFO  : 'fpga -state' command is executed.
15:36:03 INFO  : Connected to target on host '127.0.0.1' and port '3121'.
15:36:03 INFO  : Jtag cable 'Digilent Basys3 210183A8A7EBA' is selected.
15:36:03 INFO  : 'jtag frequency' command is executed.
15:36:03 INFO  : 'configparams mdm-detect-bscan-mask 2' command is executed.
15:36:03 INFO  : Context for processor 'microblaze_0' is selected.
15:36:03 INFO  : Processor reset is completed for 'microblaze_0'.
15:36:03 INFO  : Context for processor 'microblaze_0' is selected.
15:36:03 INFO  : The application 'U:/Documents/SoC/TP/TP_ublaze_3IS/TP_ublaze_3IS.sdk/timer/Debug/timer.elf' is downloaded to processor 'microblaze_0'.
15:36:03 INFO  : ----------------XSDB Script----------------
connect -url tcp:127.0.0.1:3121
configparams mdm-detect-bscan-mask 2
targets -set -nocase -filter {name =~ "microblaze*#0" && bscan=="USER2"  && jtag_cable_name =~ "Digilent Basys3 210183A8A7EBA"} -index 0
rst -processor
targets -set -nocase -filter {name =~ "microblaze*#0" && bscan=="USER2"  && jtag_cable_name =~ "Digilent Basys3 210183A8A7EBA"} -index 0
dow U:/Documents/SoC/TP/TP_ublaze_3IS/TP_ublaze_3IS.sdk/timer/Debug/timer.elf
----------------End of Script----------------

15:36:04 INFO  : Memory regions updated for context PA
15:36:04 INFO  : Memory regions updated for context PA
15:36:04 INFO  : Context for processor 'microblaze_0' is selected.
15:36:04 INFO  : 'con' command is executed.
15:36:04 INFO  : ----------------XSDB Script (After Launch)----------------
targets -set -nocase -filter {name =~ "microblaze*#0" && bscan=="USER2"  && jtag_cable_name =~ "Digilent Basys3 210183A8A7EBA"} -index 0
con
----------------End of Script----------------

15:36:04 INFO  : Launch script is exported to file 'U:\Documents\SoC\TP\TP_ublaze_3IS\TP_ublaze_3IS.sdk\.sdk\launch_scripts\xilinx_c-c++_application_(system_debugger)\system_debugger_using_debug_timer.elf_on_local.tcl'
15:40:46 INFO  : Disconnected from the channel tcfchan#42.
15:40:47 INFO  : 'targets -set -filter {jtag_cable_name =~ "Digilent Basys3 210183A8A7EBA" && level==0} -index 0' command is executed.
15:40:47 INFO  : 'fpga -state' command is executed.
15:40:47 INFO  : Connected to target on host '127.0.0.1' and port '3121'.
15:40:48 INFO  : Jtag cable 'Digilent Basys3 210183A8A7EBA' is selected.
15:40:48 INFO  : 'jtag frequency' command is executed.
15:40:48 INFO  : 'configparams mdm-detect-bscan-mask 2' command is executed.
15:40:48 INFO  : Context for processor 'microblaze_0' is selected.
15:40:48 INFO  : Processor reset is completed for 'microblaze_0'.
15:40:48 INFO  : Context for processor 'microblaze_0' is selected.
15:40:48 INFO  : The application 'U:/Documents/SoC/TP/TP_ublaze_3IS/TP_ublaze_3IS.sdk/upgrade_animer_hello/Debug/upgrade_animer_hello.elf' is downloaded to processor 'microblaze_0'.
15:40:48 INFO  : ----------------XSDB Script----------------
connect -url tcp:127.0.0.1:3121
configparams mdm-detect-bscan-mask 2
targets -set -nocase -filter {name =~ "microblaze*#0" && bscan=="USER2"  && jtag_cable_name =~ "Digilent Basys3 210183A8A7EBA"} -index 0
rst -processor
targets -set -nocase -filter {name =~ "microblaze*#0" && bscan=="USER2"  && jtag_cable_name =~ "Digilent Basys3 210183A8A7EBA"} -index 0
dow U:/Documents/SoC/TP/TP_ublaze_3IS/TP_ublaze_3IS.sdk/upgrade_animer_hello/Debug/upgrade_animer_hello.elf
----------------End of Script----------------

15:40:48 INFO  : Memory regions updated for context PA
15:40:48 INFO  : Memory regions updated for context PA
15:40:48 INFO  : Context for processor 'microblaze_0' is selected.
15:40:48 INFO  : 'con' command is executed.
15:40:48 INFO  : ----------------XSDB Script (After Launch)----------------
targets -set -nocase -filter {name =~ "microblaze*#0" && bscan=="USER2"  && jtag_cable_name =~ "Digilent Basys3 210183A8A7EBA"} -index 0
con
----------------End of Script----------------

15:40:48 INFO  : Launch script is exported to file 'U:\Documents\SoC\TP\TP_ublaze_3IS\TP_ublaze_3IS.sdk\.sdk\launch_scripts\xilinx_c-c++_application_(system_debugger)\system_debugger_using_debug_upgrade_animer_hello.elf_on_local.tcl'
15:45:12 INFO  : Disconnected from the channel tcfchan#43.
15:45:13 INFO  : 'targets -set -filter {jtag_cable_name =~ "Digilent Basys3 210183A8A7EBA" && level==0} -index 0' command is executed.
15:45:13 INFO  : 'fpga -state' command is executed.
15:45:13 INFO  : Connected to target on host '127.0.0.1' and port '3121'.
15:45:13 INFO  : Jtag cable 'Digilent Basys3 210183A8A7EBA' is selected.
15:45:13 INFO  : 'jtag frequency' command is executed.
15:45:13 INFO  : 'configparams mdm-detect-bscan-mask 2' command is executed.
15:45:13 INFO  : Context for processor 'microblaze_0' is selected.
15:45:14 INFO  : Processor reset is completed for 'microblaze_0'.
15:45:14 INFO  : Context for processor 'microblaze_0' is selected.
15:45:14 INFO  : The application 'U:/Documents/SoC/TP/TP_ublaze_3IS/TP_ublaze_3IS.sdk/upgrade_animer_hello/Debug/upgrade_animer_hello.elf' is downloaded to processor 'microblaze_0'.
15:45:14 INFO  : ----------------XSDB Script----------------
connect -url tcp:127.0.0.1:3121
configparams mdm-detect-bscan-mask 2
targets -set -nocase -filter {name =~ "microblaze*#0" && bscan=="USER2"  && jtag_cable_name =~ "Digilent Basys3 210183A8A7EBA"} -index 0
rst -processor
targets -set -nocase -filter {name =~ "microblaze*#0" && bscan=="USER2"  && jtag_cable_name =~ "Digilent Basys3 210183A8A7EBA"} -index 0
dow U:/Documents/SoC/TP/TP_ublaze_3IS/TP_ublaze_3IS.sdk/upgrade_animer_hello/Debug/upgrade_animer_hello.elf
----------------End of Script----------------

15:45:14 INFO  : Memory regions updated for context PA
15:45:14 INFO  : Memory regions updated for context PA
15:45:14 INFO  : Context for processor 'microblaze_0' is selected.
15:45:14 INFO  : 'con' command is executed.
15:45:14 INFO  : ----------------XSDB Script (After Launch)----------------
targets -set -nocase -filter {name =~ "microblaze*#0" && bscan=="USER2"  && jtag_cable_name =~ "Digilent Basys3 210183A8A7EBA"} -index 0
con
----------------End of Script----------------

15:45:14 INFO  : Launch script is exported to file 'U:\Documents\SoC\TP\TP_ublaze_3IS\TP_ublaze_3IS.sdk\.sdk\launch_scripts\xilinx_c-c++_application_(system_debugger)\system_debugger_using_debug_upgrade_animer_hello.elf_on_local.tcl'
15:46:10 INFO  : Disconnected from the channel tcfchan#44.
15:46:12 INFO  : 'targets -set -filter {jtag_cable_name =~ "Digilent Basys3 210183A8A7EBA" && level==0} -index 0' command is executed.
15:46:12 INFO  : 'fpga -state' command is executed.
15:46:12 INFO  : Connected to target on host '127.0.0.1' and port '3121'.
15:46:12 INFO  : Jtag cable 'Digilent Basys3 210183A8A7EBA' is selected.
15:46:12 INFO  : 'jtag frequency' command is executed.
15:46:12 INFO  : 'configparams mdm-detect-bscan-mask 2' command is executed.
15:46:12 INFO  : Context for processor 'microblaze_0' is selected.
15:46:12 INFO  : Processor reset is completed for 'microblaze_0'.
15:46:12 INFO  : Context for processor 'microblaze_0' is selected.
15:46:12 INFO  : The application 'U:/Documents/SoC/TP/TP_ublaze_3IS/TP_ublaze_3IS.sdk/upgrade_animer_hello/Debug/upgrade_animer_hello.elf' is downloaded to processor 'microblaze_0'.
15:46:12 INFO  : ----------------XSDB Script----------------
connect -url tcp:127.0.0.1:3121
configparams mdm-detect-bscan-mask 2
targets -set -nocase -filter {name =~ "microblaze*#0" && bscan=="USER2"  && jtag_cable_name =~ "Digilent Basys3 210183A8A7EBA"} -index 0
rst -processor
targets -set -nocase -filter {name =~ "microblaze*#0" && bscan=="USER2"  && jtag_cable_name =~ "Digilent Basys3 210183A8A7EBA"} -index 0
dow U:/Documents/SoC/TP/TP_ublaze_3IS/TP_ublaze_3IS.sdk/upgrade_animer_hello/Debug/upgrade_animer_hello.elf
----------------End of Script----------------

15:46:12 INFO  : Memory regions updated for context PA
15:46:12 INFO  : Memory regions updated for context PA
15:46:12 INFO  : Context for processor 'microblaze_0' is selected.
15:46:12 INFO  : 'con' command is executed.
15:46:12 INFO  : ----------------XSDB Script (After Launch)----------------
targets -set -nocase -filter {name =~ "microblaze*#0" && bscan=="USER2"  && jtag_cable_name =~ "Digilent Basys3 210183A8A7EBA"} -index 0
con
----------------End of Script----------------

15:46:12 INFO  : Launch script is exported to file 'U:\Documents\SoC\TP\TP_ublaze_3IS\TP_ublaze_3IS.sdk\.sdk\launch_scripts\xilinx_c-c++_application_(system_debugger)\system_debugger_using_debug_upgrade_animer_hello.elf_on_local.tcl'
15:53:27 INFO  : Disconnected from the channel tcfchan#45.
15:53:28 INFO  : 'targets -set -filter {jtag_cable_name =~ "Digilent Basys3 210183A8A7EBA" && level==0} -index 0' command is executed.
15:53:28 INFO  : 'fpga -state' command is executed.
15:53:28 INFO  : Connected to target on host '127.0.0.1' and port '3121'.
15:53:28 INFO  : Jtag cable 'Digilent Basys3 210183A8A7EBA' is selected.
15:53:28 INFO  : 'jtag frequency' command is executed.
15:53:28 INFO  : 'configparams mdm-detect-bscan-mask 2' command is executed.
15:53:28 INFO  : Context for processor 'microblaze_0' is selected.
15:53:28 INFO  : Processor reset is completed for 'microblaze_0'.
15:53:28 INFO  : Context for processor 'microblaze_0' is selected.
15:53:28 INFO  : The application 'U:/Documents/SoC/TP/TP_ublaze_3IS/TP_ublaze_3IS.sdk/upgrade_animer_hello/Debug/upgrade_animer_hello.elf' is downloaded to processor 'microblaze_0'.
15:53:28 INFO  : ----------------XSDB Script----------------
connect -url tcp:127.0.0.1:3121
configparams mdm-detect-bscan-mask 2
targets -set -nocase -filter {name =~ "microblaze*#0" && bscan=="USER2"  && jtag_cable_name =~ "Digilent Basys3 210183A8A7EBA"} -index 0
rst -processor
targets -set -nocase -filter {name =~ "microblaze*#0" && bscan=="USER2"  && jtag_cable_name =~ "Digilent Basys3 210183A8A7EBA"} -index 0
dow U:/Documents/SoC/TP/TP_ublaze_3IS/TP_ublaze_3IS.sdk/upgrade_animer_hello/Debug/upgrade_animer_hello.elf
----------------End of Script----------------

15:53:28 INFO  : Memory regions updated for context PA
15:53:28 INFO  : Memory regions updated for context PA
15:53:28 INFO  : Context for processor 'microblaze_0' is selected.
15:53:28 INFO  : 'con' command is executed.
15:53:28 INFO  : ----------------XSDB Script (After Launch)----------------
targets -set -nocase -filter {name =~ "microblaze*#0" && bscan=="USER2"  && jtag_cable_name =~ "Digilent Basys3 210183A8A7EBA"} -index 0
con
----------------End of Script----------------

15:53:28 INFO  : Launch script is exported to file 'U:\Documents\SoC\TP\TP_ublaze_3IS\TP_ublaze_3IS.sdk\.sdk\launch_scripts\xilinx_c-c++_application_(system_debugger)\system_debugger_using_debug_upgrade_animer_hello.elf_on_local.tcl'
15:53:57 INFO  : Disconnected from the channel tcfchan#46.
15:53:58 INFO  : 'targets -set -filter {jtag_cable_name =~ "Digilent Basys3 210183A8A7EBA" && level==0} -index 0' command is executed.
15:53:58 INFO  : 'fpga -state' command is executed.
15:53:58 INFO  : Connected to target on host '127.0.0.1' and port '3121'.
15:53:58 INFO  : Jtag cable 'Digilent Basys3 210183A8A7EBA' is selected.
15:53:58 INFO  : 'jtag frequency' command is executed.
15:53:58 INFO  : 'configparams mdm-detect-bscan-mask 2' command is executed.
15:53:58 INFO  : Context for processor 'microblaze_0' is selected.
15:53:58 INFO  : Processor reset is completed for 'microblaze_0'.
15:53:58 INFO  : Context for processor 'microblaze_0' is selected.
15:53:59 INFO  : The application 'U:/Documents/SoC/TP/TP_ublaze_3IS/TP_ublaze_3IS.sdk/upgrade_animer_hello/Debug/upgrade_animer_hello.elf' is downloaded to processor 'microblaze_0'.
15:53:59 INFO  : ----------------XSDB Script----------------
connect -url tcp:127.0.0.1:3121
configparams mdm-detect-bscan-mask 2
targets -set -nocase -filter {name =~ "microblaze*#0" && bscan=="USER2"  && jtag_cable_name =~ "Digilent Basys3 210183A8A7EBA"} -index 0
rst -processor
targets -set -nocase -filter {name =~ "microblaze*#0" && bscan=="USER2"  && jtag_cable_name =~ "Digilent Basys3 210183A8A7EBA"} -index 0
dow U:/Documents/SoC/TP/TP_ublaze_3IS/TP_ublaze_3IS.sdk/upgrade_animer_hello/Debug/upgrade_animer_hello.elf
----------------End of Script----------------

15:53:59 INFO  : Memory regions updated for context PA
15:53:59 INFO  : Memory regions updated for context PA
15:53:59 INFO  : Context for processor 'microblaze_0' is selected.
15:53:59 INFO  : 'con' command is executed.
15:53:59 INFO  : ----------------XSDB Script (After Launch)----------------
targets -set -nocase -filter {name =~ "microblaze*#0" && bscan=="USER2"  && jtag_cable_name =~ "Digilent Basys3 210183A8A7EBA"} -index 0
con
----------------End of Script----------------

15:53:59 INFO  : Launch script is exported to file 'U:\Documents\SoC\TP\TP_ublaze_3IS\TP_ublaze_3IS.sdk\.sdk\launch_scripts\xilinx_c-c++_application_(system_debugger)\system_debugger_using_debug_upgrade_animer_hello.elf_on_local.tcl'
15:57:29 INFO  : Disconnected from the channel tcfchan#47.
15:57:30 INFO  : 'targets -set -filter {jtag_cable_name =~ "Digilent Basys3 210183A8A7EBA" && level==0} -index 0' command is executed.
15:57:30 INFO  : 'fpga -state' command is executed.
15:57:30 INFO  : Connected to target on host '127.0.0.1' and port '3121'.
15:57:30 INFO  : Jtag cable 'Digilent Basys3 210183A8A7EBA' is selected.
15:57:30 INFO  : 'jtag frequency' command is executed.
15:57:30 INFO  : 'configparams mdm-detect-bscan-mask 2' command is executed.
15:57:30 INFO  : Context for processor 'microblaze_0' is selected.
15:57:30 INFO  : Processor reset is completed for 'microblaze_0'.
15:57:30 INFO  : Context for processor 'microblaze_0' is selected.
15:57:30 INFO  : The application 'U:/Documents/SoC/TP/TP_ublaze_3IS/TP_ublaze_3IS.sdk/upgrade_animer_hello/Debug/upgrade_animer_hello.elf' is downloaded to processor 'microblaze_0'.
15:57:30 INFO  : ----------------XSDB Script----------------
connect -url tcp:127.0.0.1:3121
configparams mdm-detect-bscan-mask 2
targets -set -nocase -filter {name =~ "microblaze*#0" && bscan=="USER2"  && jtag_cable_name =~ "Digilent Basys3 210183A8A7EBA"} -index 0
rst -processor
targets -set -nocase -filter {name =~ "microblaze*#0" && bscan=="USER2"  && jtag_cable_name =~ "Digilent Basys3 210183A8A7EBA"} -index 0
dow U:/Documents/SoC/TP/TP_ublaze_3IS/TP_ublaze_3IS.sdk/upgrade_animer_hello/Debug/upgrade_animer_hello.elf
----------------End of Script----------------

15:57:30 INFO  : Memory regions updated for context PA
15:57:30 INFO  : Memory regions updated for context PA
15:57:30 INFO  : Context for processor 'microblaze_0' is selected.
15:57:30 INFO  : 'con' command is executed.
15:57:30 INFO  : ----------------XSDB Script (After Launch)----------------
targets -set -nocase -filter {name =~ "microblaze*#0" && bscan=="USER2"  && jtag_cable_name =~ "Digilent Basys3 210183A8A7EBA"} -index 0
con
----------------End of Script----------------

15:57:30 INFO  : Launch script is exported to file 'U:\Documents\SoC\TP\TP_ublaze_3IS\TP_ublaze_3IS.sdk\.sdk\launch_scripts\xilinx_c-c++_application_(system_debugger)\system_debugger_using_debug_upgrade_animer_hello.elf_on_local.tcl'
15:59:01 INFO  : Disconnected from the channel tcfchan#48.
15:59:02 INFO  : 'targets -set -filter {jtag_cable_name =~ "Digilent Basys3 210183A8A7EBA" && level==0} -index 0' command is executed.
15:59:02 INFO  : 'fpga -state' command is executed.
15:59:02 INFO  : Connected to target on host '127.0.0.1' and port '3121'.
15:59:02 INFO  : Jtag cable 'Digilent Basys3 210183A8A7EBA' is selected.
15:59:02 INFO  : 'jtag frequency' command is executed.
15:59:02 INFO  : 'configparams mdm-detect-bscan-mask 2' command is executed.
15:59:02 INFO  : Context for processor 'microblaze_0' is selected.
15:59:02 INFO  : Processor reset is completed for 'microblaze_0'.
15:59:02 INFO  : Context for processor 'microblaze_0' is selected.
15:59:02 INFO  : The application 'U:/Documents/SoC/TP/TP_ublaze_3IS/TP_ublaze_3IS.sdk/upgrade_animer_hello/Debug/upgrade_animer_hello.elf' is downloaded to processor 'microblaze_0'.
15:59:02 INFO  : ----------------XSDB Script----------------
connect -url tcp:127.0.0.1:3121
configparams mdm-detect-bscan-mask 2
targets -set -nocase -filter {name =~ "microblaze*#0" && bscan=="USER2"  && jtag_cable_name =~ "Digilent Basys3 210183A8A7EBA"} -index 0
rst -processor
targets -set -nocase -filter {name =~ "microblaze*#0" && bscan=="USER2"  && jtag_cable_name =~ "Digilent Basys3 210183A8A7EBA"} -index 0
dow U:/Documents/SoC/TP/TP_ublaze_3IS/TP_ublaze_3IS.sdk/upgrade_animer_hello/Debug/upgrade_animer_hello.elf
----------------End of Script----------------

15:59:02 INFO  : Memory regions updated for context PA
15:59:02 INFO  : Memory regions updated for context PA
15:59:02 INFO  : Context for processor 'microblaze_0' is selected.
15:59:02 INFO  : 'con' command is executed.
15:59:02 INFO  : ----------------XSDB Script (After Launch)----------------
targets -set -nocase -filter {name =~ "microblaze*#0" && bscan=="USER2"  && jtag_cable_name =~ "Digilent Basys3 210183A8A7EBA"} -index 0
con
----------------End of Script----------------

15:59:02 INFO  : Launch script is exported to file 'U:\Documents\SoC\TP\TP_ublaze_3IS\TP_ublaze_3IS.sdk\.sdk\launch_scripts\xilinx_c-c++_application_(system_debugger)\system_debugger_using_debug_upgrade_animer_hello.elf_on_local.tcl'
15:59:17 INFO  : Disconnected from the channel tcfchan#49.
15:59:18 INFO  : 'targets -set -filter {jtag_cable_name =~ "Digilent Basys3 210183A8A7EBA" && level==0} -index 0' command is executed.
15:59:18 INFO  : 'fpga -state' command is executed.
15:59:18 INFO  : Connected to target on host '127.0.0.1' and port '3121'.
15:59:18 INFO  : Jtag cable 'Digilent Basys3 210183A8A7EBA' is selected.
15:59:18 INFO  : 'jtag frequency' command is executed.
15:59:18 INFO  : 'configparams mdm-detect-bscan-mask 2' command is executed.
15:59:18 INFO  : Context for processor 'microblaze_0' is selected.
15:59:18 INFO  : Processor reset is completed for 'microblaze_0'.
15:59:18 INFO  : Context for processor 'microblaze_0' is selected.
15:59:19 INFO  : The application 'U:/Documents/SoC/TP/TP_ublaze_3IS/TP_ublaze_3IS.sdk/upgrade_animer_hello/Debug/upgrade_animer_hello.elf' is downloaded to processor 'microblaze_0'.
15:59:19 INFO  : ----------------XSDB Script----------------
connect -url tcp:127.0.0.1:3121
configparams mdm-detect-bscan-mask 2
targets -set -nocase -filter {name =~ "microblaze*#0" && bscan=="USER2"  && jtag_cable_name =~ "Digilent Basys3 210183A8A7EBA"} -index 0
rst -processor
targets -set -nocase -filter {name =~ "microblaze*#0" && bscan=="USER2"  && jtag_cable_name =~ "Digilent Basys3 210183A8A7EBA"} -index 0
dow U:/Documents/SoC/TP/TP_ublaze_3IS/TP_ublaze_3IS.sdk/upgrade_animer_hello/Debug/upgrade_animer_hello.elf
----------------End of Script----------------

15:59:19 INFO  : Memory regions updated for context PA
15:59:19 INFO  : Memory regions updated for context PA
15:59:19 INFO  : Context for processor 'microblaze_0' is selected.
15:59:19 INFO  : 'con' command is executed.
15:59:19 INFO  : ----------------XSDB Script (After Launch)----------------
targets -set -nocase -filter {name =~ "microblaze*#0" && bscan=="USER2"  && jtag_cable_name =~ "Digilent Basys3 210183A8A7EBA"} -index 0
con
----------------End of Script----------------

15:59:19 INFO  : Launch script is exported to file 'U:\Documents\SoC\TP\TP_ublaze_3IS\TP_ublaze_3IS.sdk\.sdk\launch_scripts\xilinx_c-c++_application_(system_debugger)\system_debugger_using_debug_upgrade_animer_hello.elf_on_local.tcl'
16:00:30 INFO  : Disconnected from the channel tcfchan#50.
16:00:31 INFO  : 'targets -set -filter {jtag_cable_name =~ "Digilent Basys3 210183A8A7EBA" && level==0} -index 0' command is executed.
16:00:31 INFO  : 'fpga -state' command is executed.
16:00:31 INFO  : Connected to target on host '127.0.0.1' and port '3121'.
16:00:31 INFO  : Jtag cable 'Digilent Basys3 210183A8A7EBA' is selected.
16:00:31 INFO  : 'jtag frequency' command is executed.
16:00:31 INFO  : 'configparams mdm-detect-bscan-mask 2' command is executed.
16:00:31 INFO  : Context for processor 'microblaze_0' is selected.
16:00:31 INFO  : Processor reset is completed for 'microblaze_0'.
16:00:31 INFO  : Context for processor 'microblaze_0' is selected.
16:00:31 INFO  : The application 'U:/Documents/SoC/TP/TP_ublaze_3IS/TP_ublaze_3IS.sdk/upgrade_animer_hello/Debug/upgrade_animer_hello.elf' is downloaded to processor 'microblaze_0'.
16:00:31 INFO  : ----------------XSDB Script----------------
connect -url tcp:127.0.0.1:3121
configparams mdm-detect-bscan-mask 2
targets -set -nocase -filter {name =~ "microblaze*#0" && bscan=="USER2"  && jtag_cable_name =~ "Digilent Basys3 210183A8A7EBA"} -index 0
rst -processor
targets -set -nocase -filter {name =~ "microblaze*#0" && bscan=="USER2"  && jtag_cable_name =~ "Digilent Basys3 210183A8A7EBA"} -index 0
dow U:/Documents/SoC/TP/TP_ublaze_3IS/TP_ublaze_3IS.sdk/upgrade_animer_hello/Debug/upgrade_animer_hello.elf
----------------End of Script----------------

16:00:31 INFO  : Memory regions updated for context PA
16:00:31 INFO  : Memory regions updated for context PA
16:00:31 INFO  : Context for processor 'microblaze_0' is selected.
16:00:31 INFO  : 'con' command is executed.
16:00:31 INFO  : ----------------XSDB Script (After Launch)----------------
targets -set -nocase -filter {name =~ "microblaze*#0" && bscan=="USER2"  && jtag_cable_name =~ "Digilent Basys3 210183A8A7EBA"} -index 0
con
----------------End of Script----------------

16:00:31 INFO  : Launch script is exported to file 'U:\Documents\SoC\TP\TP_ublaze_3IS\TP_ublaze_3IS.sdk\.sdk\launch_scripts\xilinx_c-c++_application_(system_debugger)\system_debugger_using_debug_upgrade_animer_hello.elf_on_local.tcl'
16:10:47 INFO  : Disconnected from the channel tcfchan#51.
16:10:48 INFO  : 'targets -set -filter {jtag_cable_name =~ "Digilent Basys3 210183A8A7EBA" && level==0} -index 0' command is executed.
16:10:48 INFO  : 'fpga -state' command is executed.
16:10:48 INFO  : Connected to target on host '127.0.0.1' and port '3121'.
16:10:49 INFO  : Jtag cable 'Digilent Basys3 210183A8A7EBA' is selected.
16:10:49 INFO  : 'jtag frequency' command is executed.
16:10:49 INFO  : 'configparams mdm-detect-bscan-mask 2' command is executed.
16:10:49 INFO  : Context for processor 'microblaze_0' is selected.
16:10:49 INFO  : Processor reset is completed for 'microblaze_0'.
16:10:49 INFO  : Context for processor 'microblaze_0' is selected.
16:10:49 INFO  : The application 'U:/Documents/SoC/TP/TP_ublaze_3IS/TP_ublaze_3IS.sdk/upgrade_animer_hello/Debug/upgrade_animer_hello.elf' is downloaded to processor 'microblaze_0'.
16:10:49 INFO  : ----------------XSDB Script----------------
connect -url tcp:127.0.0.1:3121
configparams mdm-detect-bscan-mask 2
targets -set -nocase -filter {name =~ "microblaze*#0" && bscan=="USER2"  && jtag_cable_name =~ "Digilent Basys3 210183A8A7EBA"} -index 0
rst -processor
targets -set -nocase -filter {name =~ "microblaze*#0" && bscan=="USER2"  && jtag_cable_name =~ "Digilent Basys3 210183A8A7EBA"} -index 0
dow U:/Documents/SoC/TP/TP_ublaze_3IS/TP_ublaze_3IS.sdk/upgrade_animer_hello/Debug/upgrade_animer_hello.elf
----------------End of Script----------------

16:10:49 INFO  : Memory regions updated for context PA
16:10:49 INFO  : Memory regions updated for context PA
16:10:49 INFO  : Context for processor 'microblaze_0' is selected.
16:10:49 INFO  : 'con' command is executed.
16:10:49 INFO  : ----------------XSDB Script (After Launch)----------------
targets -set -nocase -filter {name =~ "microblaze*#0" && bscan=="USER2"  && jtag_cable_name =~ "Digilent Basys3 210183A8A7EBA"} -index 0
con
----------------End of Script----------------

16:10:49 INFO  : Launch script is exported to file 'U:\Documents\SoC\TP\TP_ublaze_3IS\TP_ublaze_3IS.sdk\.sdk\launch_scripts\xilinx_c-c++_application_(system_debugger)\system_debugger_using_debug_upgrade_animer_hello.elf_on_local.tcl'
16:16:04 INFO  : Disconnected from the channel tcfchan#52.
16:16:05 INFO  : 'targets -set -filter {jtag_cable_name =~ "Digilent Basys3 210183A8A7EBA" && level==0} -index 0' command is executed.
16:16:05 INFO  : 'fpga -state' command is executed.
16:16:05 INFO  : Connected to target on host '127.0.0.1' and port '3121'.
16:16:05 INFO  : Jtag cable 'Digilent Basys3 210183A8A7EBA' is selected.
16:16:05 INFO  : 'jtag frequency' command is executed.
16:16:05 INFO  : 'configparams mdm-detect-bscan-mask 2' command is executed.
16:16:05 INFO  : Context for processor 'microblaze_0' is selected.
16:16:05 INFO  : Processor reset is completed for 'microblaze_0'.
16:16:05 INFO  : Context for processor 'microblaze_0' is selected.
16:16:06 INFO  : The application 'U:/Documents/SoC/TP/TP_ublaze_3IS/TP_ublaze_3IS.sdk/upgrade_animer_hello/Debug/upgrade_animer_hello.elf' is downloaded to processor 'microblaze_0'.
16:16:06 INFO  : ----------------XSDB Script----------------
connect -url tcp:127.0.0.1:3121
configparams mdm-detect-bscan-mask 2
targets -set -nocase -filter {name =~ "microblaze*#0" && bscan=="USER2"  && jtag_cable_name =~ "Digilent Basys3 210183A8A7EBA"} -index 0
rst -processor
targets -set -nocase -filter {name =~ "microblaze*#0" && bscan=="USER2"  && jtag_cable_name =~ "Digilent Basys3 210183A8A7EBA"} -index 0
dow U:/Documents/SoC/TP/TP_ublaze_3IS/TP_ublaze_3IS.sdk/upgrade_animer_hello/Debug/upgrade_animer_hello.elf
----------------End of Script----------------

16:16:06 INFO  : Memory regions updated for context PA
16:16:06 INFO  : Memory regions updated for context PA
16:16:06 INFO  : Context for processor 'microblaze_0' is selected.
16:16:06 INFO  : 'con' command is executed.
16:16:06 INFO  : ----------------XSDB Script (After Launch)----------------
targets -set -nocase -filter {name =~ "microblaze*#0" && bscan=="USER2"  && jtag_cable_name =~ "Digilent Basys3 210183A8A7EBA"} -index 0
con
----------------End of Script----------------

16:16:06 INFO  : Launch script is exported to file 'U:\Documents\SoC\TP\TP_ublaze_3IS\TP_ublaze_3IS.sdk\.sdk\launch_scripts\xilinx_c-c++_application_(system_debugger)\system_debugger_using_debug_upgrade_animer_hello.elf_on_local.tcl'
16:16:34 INFO  : Disconnected from the channel tcfchan#53.
16:16:35 INFO  : 'targets -set -filter {jtag_cable_name =~ "Digilent Basys3 210183A8A7EBA" && level==0} -index 0' command is executed.
16:16:35 INFO  : 'fpga -state' command is executed.
16:16:35 INFO  : Connected to target on host '127.0.0.1' and port '3121'.
16:16:35 INFO  : Jtag cable 'Digilent Basys3 210183A8A7EBA' is selected.
16:16:35 INFO  : 'jtag frequency' command is executed.
16:16:35 INFO  : 'configparams mdm-detect-bscan-mask 2' command is executed.
16:16:35 INFO  : Context for processor 'microblaze_0' is selected.
16:16:35 INFO  : Processor reset is completed for 'microblaze_0'.
16:16:35 INFO  : Context for processor 'microblaze_0' is selected.
16:16:35 INFO  : The application 'U:/Documents/SoC/TP/TP_ublaze_3IS/TP_ublaze_3IS.sdk/upgrade_animer_hello/Debug/upgrade_animer_hello.elf' is downloaded to processor 'microblaze_0'.
16:16:35 INFO  : ----------------XSDB Script----------------
connect -url tcp:127.0.0.1:3121
configparams mdm-detect-bscan-mask 2
targets -set -nocase -filter {name =~ "microblaze*#0" && bscan=="USER2"  && jtag_cable_name =~ "Digilent Basys3 210183A8A7EBA"} -index 0
rst -processor
targets -set -nocase -filter {name =~ "microblaze*#0" && bscan=="USER2"  && jtag_cable_name =~ "Digilent Basys3 210183A8A7EBA"} -index 0
dow U:/Documents/SoC/TP/TP_ublaze_3IS/TP_ublaze_3IS.sdk/upgrade_animer_hello/Debug/upgrade_animer_hello.elf
----------------End of Script----------------

16:16:35 INFO  : Memory regions updated for context PA
16:16:35 INFO  : Memory regions updated for context PA
16:16:35 INFO  : Context for processor 'microblaze_0' is selected.
16:16:35 INFO  : 'con' command is executed.
16:16:35 INFO  : ----------------XSDB Script (After Launch)----------------
targets -set -nocase -filter {name =~ "microblaze*#0" && bscan=="USER2"  && jtag_cable_name =~ "Digilent Basys3 210183A8A7EBA"} -index 0
con
----------------End of Script----------------

16:16:35 INFO  : Launch script is exported to file 'U:\Documents\SoC\TP\TP_ublaze_3IS\TP_ublaze_3IS.sdk\.sdk\launch_scripts\xilinx_c-c++_application_(system_debugger)\system_debugger_using_debug_upgrade_animer_hello.elf_on_local.tcl'
16:19:21 INFO  : Disconnected from the channel tcfchan#54.
16:19:22 INFO  : 'targets -set -filter {jtag_cable_name =~ "Digilent Basys3 210183A8A7EBA" && level==0} -index 0' command is executed.
16:19:22 INFO  : 'fpga -state' command is executed.
16:19:22 INFO  : Connected to target on host '127.0.0.1' and port '3121'.
16:19:22 INFO  : Jtag cable 'Digilent Basys3 210183A8A7EBA' is selected.
16:19:22 INFO  : 'jtag frequency' command is executed.
16:19:22 INFO  : 'configparams mdm-detect-bscan-mask 2' command is executed.
16:19:22 INFO  : Context for processor 'microblaze_0' is selected.
16:19:22 INFO  : Processor reset is completed for 'microblaze_0'.
16:19:22 INFO  : Context for processor 'microblaze_0' is selected.
16:19:23 INFO  : The application 'U:/Documents/SoC/TP/TP_ublaze_3IS/TP_ublaze_3IS.sdk/upgrade_animer_hello/Debug/upgrade_animer_hello.elf' is downloaded to processor 'microblaze_0'.
16:19:23 INFO  : ----------------XSDB Script----------------
connect -url tcp:127.0.0.1:3121
configparams mdm-detect-bscan-mask 2
targets -set -nocase -filter {name =~ "microblaze*#0" && bscan=="USER2"  && jtag_cable_name =~ "Digilent Basys3 210183A8A7EBA"} -index 0
rst -processor
targets -set -nocase -filter {name =~ "microblaze*#0" && bscan=="USER2"  && jtag_cable_name =~ "Digilent Basys3 210183A8A7EBA"} -index 0
dow U:/Documents/SoC/TP/TP_ublaze_3IS/TP_ublaze_3IS.sdk/upgrade_animer_hello/Debug/upgrade_animer_hello.elf
----------------End of Script----------------

16:19:23 INFO  : Memory regions updated for context PA
16:19:23 INFO  : Memory regions updated for context PA
16:19:23 INFO  : Context for processor 'microblaze_0' is selected.
16:19:23 INFO  : 'con' command is executed.
16:19:23 INFO  : ----------------XSDB Script (After Launch)----------------
targets -set -nocase -filter {name =~ "microblaze*#0" && bscan=="USER2"  && jtag_cable_name =~ "Digilent Basys3 210183A8A7EBA"} -index 0
con
----------------End of Script----------------

16:19:23 INFO  : Launch script is exported to file 'U:\Documents\SoC\TP\TP_ublaze_3IS\TP_ublaze_3IS.sdk\.sdk\launch_scripts\xilinx_c-c++_application_(system_debugger)\system_debugger_using_debug_upgrade_animer_hello.elf_on_local.tcl'
16:39:46 INFO  : Disconnected from the channel tcfchan#55.
16:39:47 INFO  : 'targets -set -filter {jtag_cable_name =~ "Digilent Basys3 210183A8A7EBA" && level==0} -index 0' command is executed.
16:39:47 INFO  : 'fpga -state' command is executed.
16:39:47 INFO  : Connected to target on host '127.0.0.1' and port '3121'.
16:39:47 INFO  : Jtag cable 'Digilent Basys3 210183A8A7EBA' is selected.
16:39:47 INFO  : 'jtag frequency' command is executed.
16:39:47 INFO  : 'configparams mdm-detect-bscan-mask 2' command is executed.
16:39:47 INFO  : Context for processor 'microblaze_0' is selected.
16:39:47 INFO  : Processor reset is completed for 'microblaze_0'.
16:39:47 INFO  : Context for processor 'microblaze_0' is selected.
16:39:48 INFO  : The application 'U:/Documents/SoC/TP/TP_ublaze_3IS/TP_ublaze_3IS.sdk/upgrade_animer_hello/Debug/upgrade_animer_hello.elf' is downloaded to processor 'microblaze_0'.
16:39:48 INFO  : ----------------XSDB Script----------------
connect -url tcp:127.0.0.1:3121
configparams mdm-detect-bscan-mask 2
targets -set -nocase -filter {name =~ "microblaze*#0" && bscan=="USER2"  && jtag_cable_name =~ "Digilent Basys3 210183A8A7EBA"} -index 0
rst -processor
targets -set -nocase -filter {name =~ "microblaze*#0" && bscan=="USER2"  && jtag_cable_name =~ "Digilent Basys3 210183A8A7EBA"} -index 0
dow U:/Documents/SoC/TP/TP_ublaze_3IS/TP_ublaze_3IS.sdk/upgrade_animer_hello/Debug/upgrade_animer_hello.elf
----------------End of Script----------------

16:39:48 INFO  : Memory regions updated for context PA
16:39:48 INFO  : Memory regions updated for context PA
16:39:48 INFO  : Context for processor 'microblaze_0' is selected.
16:39:48 INFO  : 'con' command is executed.
16:39:48 INFO  : ----------------XSDB Script (After Launch)----------------
targets -set -nocase -filter {name =~ "microblaze*#0" && bscan=="USER2"  && jtag_cable_name =~ "Digilent Basys3 210183A8A7EBA"} -index 0
con
----------------End of Script----------------

16:39:48 INFO  : Launch script is exported to file 'U:\Documents\SoC\TP\TP_ublaze_3IS\TP_ublaze_3IS.sdk\.sdk\launch_scripts\xilinx_c-c++_application_(system_debugger)\system_debugger_using_debug_upgrade_animer_hello.elf_on_local.tcl'
17:34:01 INFO  : Disconnected from the channel tcfchan#56.
13:36:47 INFO  : Registering command handlers for SDK TCF services
13:36:48 INFO  : Launching XSCT server: xsct.bat -interactive U:\Documents\SoC\TP\TP_ublaze_3IS\TP_ublaze_3IS.sdk\temp_xsdb_launch_script.tcl
13:36:51 INFO  : XSCT server has started successfully.
13:36:51 INFO  : Successfully done setting XSCT server connection channel  
13:36:51 INFO  : Processing command line option -hwspec U:/Documents/SoC/TP/TP_ublaze_3IS/TP_ublaze_3IS.sdk/ublaze_system_wrapper.hdf.
13:36:51 INFO  : Successfully done setting SDK workspace  
13:36:51 INFO  : Checking for hwspec changes in the project ublaze_system_wrapper_hw_platform_0.
13:39:49 INFO  : Connected to target on host '127.0.0.1' and port '3121'.
13:39:49 INFO  : 'targets -set -filter {jtag_cable_name =~ "Digilent Basys3 210183A8A54BA" && level==0} -index 0' command is executed.
13:39:51 INFO  : FPGA configured successfully with bitstream "U:/Documents/SoC/TP/TP_ublaze_3IS/TP_ublaze_3IS.sdk/ublaze_system_wrapper_hw_platform_0/download.bit"
13:39:59 INFO  : 'targets -set -filter {jtag_cable_name =~ "Digilent Basys3 210183A8A54BA" && level==0} -index 0' command is executed.
13:39:59 INFO  : 'fpga -state' command is executed.
13:39:59 INFO  : Connected to target on host '127.0.0.1' and port '3121'.
13:40:00 INFO  : Jtag cable 'Digilent Basys3 210183A8A54BA' is selected.
13:40:00 INFO  : 'jtag frequency' command is executed.
13:40:00 INFO  : 'configparams mdm-detect-bscan-mask 2' command is executed.
13:40:00 INFO  : Context for processor 'microblaze_0' is selected.
13:40:00 INFO  : Processor reset is completed for 'microblaze_0'.
13:40:00 INFO  : Context for processor 'microblaze_0' is selected.
13:40:00 INFO  : The application 'U:/Documents/SoC/TP/TP_ublaze_3IS/TP_ublaze_3IS.sdk/upgrade_animer_hello/Debug/upgrade_animer_hello.elf' is downloaded to processor 'microblaze_0'.
13:40:00 INFO  : ----------------XSDB Script----------------
connect -url tcp:127.0.0.1:3121
configparams mdm-detect-bscan-mask 2
targets -set -nocase -filter {name =~ "microblaze*#0" && bscan=="USER2"  && jtag_cable_name =~ "Digilent Basys3 210183A8A54BA"} -index 0
rst -processor
targets -set -nocase -filter {name =~ "microblaze*#0" && bscan=="USER2"  && jtag_cable_name =~ "Digilent Basys3 210183A8A54BA"} -index 0
dow U:/Documents/SoC/TP/TP_ublaze_3IS/TP_ublaze_3IS.sdk/upgrade_animer_hello/Debug/upgrade_animer_hello.elf
----------------End of Script----------------

13:40:00 INFO  : Memory regions updated for context MicroBlaze #0
13:40:00 INFO  : Memory regions updated for context MicroBlaze #0
13:40:00 INFO  : Context for processor 'microblaze_0' is selected.
13:40:00 INFO  : 'con' command is executed.
13:40:00 INFO  : ----------------XSDB Script (After Launch)----------------
targets -set -nocase -filter {name =~ "microblaze*#0" && bscan=="USER2"  && jtag_cable_name =~ "Digilent Basys3 210183A8A54BA"} -index 0
con
----------------End of Script----------------

13:40:00 INFO  : Launch script is exported to file 'U:\Documents\SoC\TP\TP_ublaze_3IS\TP_ublaze_3IS.sdk\.sdk\launch_scripts\xilinx_c-c++_application_(system_debugger)\system_debugger_using_debug_upgrade_animer_hello.elf_on_local.tcl'
14:25:50 INFO  : Disconnected from the channel tcfchan#1.
14:26:19 INFO  : Registering command handlers for SDK TCF services
14:26:20 INFO  : Launching XSCT server: xsct.bat -interactive U:\Documents\SoC\TP\TP_ublaze_3IS\TP_ublaze_3IS.sdk\temp_xsdb_launch_script.tcl
14:26:22 INFO  : XSCT server has started successfully.
14:26:22 INFO  : Successfully done setting XSCT server connection channel  
14:26:22 INFO  : Processing command line option -hwspec U:/Documents/SoC/TP/TP_ublaze_3IS/TP_ublaze_3IS.sdk/SEG7_upgrade_wrapper.hdf.
14:26:22 INFO  : Successfully done setting SDK workspace  
14:31:20 INFO  : Connected to target on host '127.0.0.1' and port '3121'.
14:31:20 INFO  : 'targets -set -filter {jtag_cable_name =~ "Digilent Basys3 210183A8A54BA" && level==0} -index 0' command is executed.
14:31:21 INFO  : FPGA configured successfully with bitstream "U:/Documents/SoC/TP/TP_ublaze_3IS/TP_ublaze_3IS.sdk/SEG7_upgrade_wrapper_hw_platform_0/download.bit"
14:31:36 INFO  : 'targets -set -filter {jtag_cable_name =~ "Digilent Basys3 210183A8A54BA" && level==0} -index 0' command is executed.
14:31:36 INFO  : 'fpga -state' command is executed.
14:31:36 INFO  : Connected to target on host '127.0.0.1' and port '3121'.
14:31:36 INFO  : Jtag cable 'Digilent Basys3 210183A8A54BA' is selected.
14:31:36 INFO  : 'jtag frequency' command is executed.
14:31:36 INFO  : 'configparams mdm-detect-bscan-mask 2' command is executed.
14:31:36 INFO  : Context for processor 'microblaze_0' is selected.
14:31:36 INFO  : Processor reset is completed for 'microblaze_0'.
14:31:36 INFO  : Context for processor 'microblaze_0' is selected.
14:31:36 INFO  : The application 'U:/Documents/SoC/TP/TP_ublaze_3IS/TP_ublaze_3IS.sdk/SEG7_upgrade/Debug/SEG7_upgrade.elf' is downloaded to processor 'microblaze_0'.
14:31:36 INFO  : ----------------XSDB Script----------------
connect -url tcp:127.0.0.1:3121
configparams mdm-detect-bscan-mask 2
targets -set -nocase -filter {name =~ "microblaze*#0" && bscan=="USER2"  && jtag_cable_name =~ "Digilent Basys3 210183A8A54BA"} -index 0
rst -processor
targets -set -nocase -filter {name =~ "microblaze*#0" && bscan=="USER2"  && jtag_cable_name =~ "Digilent Basys3 210183A8A54BA"} -index 0
dow U:/Documents/SoC/TP/TP_ublaze_3IS/TP_ublaze_3IS.sdk/SEG7_upgrade/Debug/SEG7_upgrade.elf
----------------End of Script----------------

14:31:36 INFO  : Memory regions updated for context MicroBlaze #0
14:31:36 INFO  : Memory regions updated for context MicroBlaze #0
14:31:36 INFO  : Context for processor 'microblaze_0' is selected.
14:31:36 INFO  : 'con' command is executed.
14:31:36 INFO  : ----------------XSDB Script (After Launch)----------------
targets -set -nocase -filter {name =~ "microblaze*#0" && bscan=="USER2"  && jtag_cable_name =~ "Digilent Basys3 210183A8A54BA"} -index 0
con
----------------End of Script----------------

14:31:36 INFO  : Launch script is exported to file 'U:\Documents\SoC\TP\TP_ublaze_3IS\TP_ublaze_3IS.sdk\.sdk\launch_scripts\xilinx_c-c++_application_(system_debugger)\system_debugger_using_debug_seg7_upgrade.elf_on_local.tcl'
14:33:53 INFO  : Disconnected from the channel tcfchan#1.
14:33:54 INFO  : 'targets -set -filter {jtag_cable_name =~ "Digilent Basys3 210183A8A54BA" && level==0} -index 0' command is executed.
14:33:55 INFO  : 'fpga -state' command is executed.
14:33:55 INFO  : Connected to target on host '127.0.0.1' and port '3121'.
14:33:55 INFO  : Jtag cable 'Digilent Basys3 210183A8A54BA' is selected.
14:33:55 INFO  : 'jtag frequency' command is executed.
14:33:55 INFO  : 'configparams mdm-detect-bscan-mask 2' command is executed.
14:33:55 INFO  : Context for processor 'microblaze_0' is selected.
14:33:55 INFO  : Processor reset is completed for 'microblaze_0'.
14:33:55 INFO  : Context for processor 'microblaze_0' is selected.
14:33:55 INFO  : The application 'U:/Documents/SoC/TP/TP_ublaze_3IS/TP_ublaze_3IS.sdk/SEG7_upgrade/Debug/SEG7_upgrade.elf' is downloaded to processor 'microblaze_0'.
14:33:55 INFO  : ----------------XSDB Script----------------
connect -url tcp:127.0.0.1:3121
configparams mdm-detect-bscan-mask 2
targets -set -nocase -filter {name =~ "microblaze*#0" && bscan=="USER2"  && jtag_cable_name =~ "Digilent Basys3 210183A8A54BA"} -index 0
rst -processor
targets -set -nocase -filter {name =~ "microblaze*#0" && bscan=="USER2"  && jtag_cable_name =~ "Digilent Basys3 210183A8A54BA"} -index 0
dow U:/Documents/SoC/TP/TP_ublaze_3IS/TP_ublaze_3IS.sdk/SEG7_upgrade/Debug/SEG7_upgrade.elf
----------------End of Script----------------

14:33:55 INFO  : Memory regions updated for context MicroBlaze #0
14:33:55 INFO  : Memory regions updated for context MicroBlaze #0
14:33:55 INFO  : Context for processor 'microblaze_0' is selected.
14:33:55 INFO  : 'con' command is executed.
14:33:55 INFO  : ----------------XSDB Script (After Launch)----------------
targets -set -nocase -filter {name =~ "microblaze*#0" && bscan=="USER2"  && jtag_cable_name =~ "Digilent Basys3 210183A8A54BA"} -index 0
con
----------------End of Script----------------

14:33:55 INFO  : Launch script is exported to file 'U:\Documents\SoC\TP\TP_ublaze_3IS\TP_ublaze_3IS.sdk\.sdk\launch_scripts\xilinx_c-c++_application_(system_debugger)\system_debugger_using_debug_seg7_upgrade.elf_on_local.tcl'
14:43:19 INFO  : Disconnected from the channel tcfchan#2.
14:43:21 INFO  : 'targets -set -filter {jtag_cable_name =~ "Digilent Basys3 210183A8A54BA" && level==0} -index 0' command is executed.
14:43:21 INFO  : 'fpga -state' command is executed.
14:43:21 INFO  : Connected to target on host '127.0.0.1' and port '3121'.
14:43:21 INFO  : Jtag cable 'Digilent Basys3 210183A8A54BA' is selected.
14:43:21 INFO  : 'jtag frequency' command is executed.
14:43:21 INFO  : 'configparams mdm-detect-bscan-mask 2' command is executed.
14:43:21 INFO  : Context for processor 'microblaze_0' is selected.
14:43:21 INFO  : Processor reset is completed for 'microblaze_0'.
14:43:21 INFO  : Context for processor 'microblaze_0' is selected.
14:43:21 INFO  : The application 'U:/Documents/SoC/TP/TP_ublaze_3IS/TP_ublaze_3IS.sdk/SEG7_upgrade/Debug/SEG7_upgrade.elf' is downloaded to processor 'microblaze_0'.
14:43:21 INFO  : ----------------XSDB Script----------------
connect -url tcp:127.0.0.1:3121
configparams mdm-detect-bscan-mask 2
targets -set -nocase -filter {name =~ "microblaze*#0" && bscan=="USER2"  && jtag_cable_name =~ "Digilent Basys3 210183A8A54BA"} -index 0
rst -processor
targets -set -nocase -filter {name =~ "microblaze*#0" && bscan=="USER2"  && jtag_cable_name =~ "Digilent Basys3 210183A8A54BA"} -index 0
dow U:/Documents/SoC/TP/TP_ublaze_3IS/TP_ublaze_3IS.sdk/SEG7_upgrade/Debug/SEG7_upgrade.elf
----------------End of Script----------------

14:43:21 INFO  : Memory regions updated for context MicroBlaze #0
14:43:21 INFO  : Memory regions updated for context MicroBlaze #0
14:43:21 INFO  : Context for processor 'microblaze_0' is selected.
14:43:21 INFO  : 'con' command is executed.
14:43:21 INFO  : ----------------XSDB Script (After Launch)----------------
targets -set -nocase -filter {name =~ "microblaze*#0" && bscan=="USER2"  && jtag_cable_name =~ "Digilent Basys3 210183A8A54BA"} -index 0
con
----------------End of Script----------------

14:43:21 INFO  : Launch script is exported to file 'U:\Documents\SoC\TP\TP_ublaze_3IS\TP_ublaze_3IS.sdk\.sdk\launch_scripts\xilinx_c-c++_application_(system_debugger)\system_debugger_using_debug_seg7_upgrade.elf_on_local.tcl'
14:43:56 INFO  : Disconnected from the channel tcfchan#3.
14:43:57 INFO  : 'targets -set -filter {jtag_cable_name =~ "Digilent Basys3 210183A8A54BA" && level==0} -index 0' command is executed.
14:43:57 INFO  : 'fpga -state' command is executed.
14:43:57 INFO  : Connected to target on host '127.0.0.1' and port '3121'.
14:43:58 INFO  : Jtag cable 'Digilent Basys3 210183A8A54BA' is selected.
14:43:58 INFO  : 'jtag frequency' command is executed.
14:43:58 INFO  : 'configparams mdm-detect-bscan-mask 2' command is executed.
14:43:58 INFO  : Context for processor 'microblaze_0' is selected.
14:43:58 INFO  : Processor reset is completed for 'microblaze_0'.
14:43:58 INFO  : Context for processor 'microblaze_0' is selected.
14:43:58 INFO  : The application 'U:/Documents/SoC/TP/TP_ublaze_3IS/TP_ublaze_3IS.sdk/SEG7_upgrade/Debug/SEG7_upgrade.elf' is downloaded to processor 'microblaze_0'.
14:43:58 INFO  : ----------------XSDB Script----------------
connect -url tcp:127.0.0.1:3121
configparams mdm-detect-bscan-mask 2
targets -set -nocase -filter {name =~ "microblaze*#0" && bscan=="USER2"  && jtag_cable_name =~ "Digilent Basys3 210183A8A54BA"} -index 0
rst -processor
targets -set -nocase -filter {name =~ "microblaze*#0" && bscan=="USER2"  && jtag_cable_name =~ "Digilent Basys3 210183A8A54BA"} -index 0
dow U:/Documents/SoC/TP/TP_ublaze_3IS/TP_ublaze_3IS.sdk/SEG7_upgrade/Debug/SEG7_upgrade.elf
----------------End of Script----------------

14:43:58 INFO  : Memory regions updated for context MicroBlaze #0
14:43:58 INFO  : Memory regions updated for context MicroBlaze #0
14:43:58 INFO  : Context for processor 'microblaze_0' is selected.
14:43:58 INFO  : 'con' command is executed.
14:43:58 INFO  : ----------------XSDB Script (After Launch)----------------
targets -set -nocase -filter {name =~ "microblaze*#0" && bscan=="USER2"  && jtag_cable_name =~ "Digilent Basys3 210183A8A54BA"} -index 0
con
----------------End of Script----------------

14:43:58 INFO  : Launch script is exported to file 'U:\Documents\SoC\TP\TP_ublaze_3IS\TP_ublaze_3IS.sdk\.sdk\launch_scripts\xilinx_c-c++_application_(system_debugger)\system_debugger_using_debug_seg7_upgrade.elf_on_local.tcl'
14:44:40 INFO  : Disconnected from the channel tcfchan#4.
14:44:41 INFO  : 'targets -set -filter {jtag_cable_name =~ "Digilent Basys3 210183A8A54BA" && level==0} -index 0' command is executed.
14:44:41 INFO  : 'fpga -state' command is executed.
14:44:41 INFO  : Connected to target on host '127.0.0.1' and port '3121'.
14:44:41 INFO  : Jtag cable 'Digilent Basys3 210183A8A54BA' is selected.
14:44:41 INFO  : 'jtag frequency' command is executed.
14:44:41 INFO  : 'configparams mdm-detect-bscan-mask 2' command is executed.
14:44:41 INFO  : Context for processor 'microblaze_0' is selected.
14:44:41 INFO  : Processor reset is completed for 'microblaze_0'.
14:44:41 INFO  : Context for processor 'microblaze_0' is selected.
14:44:41 INFO  : The application 'U:/Documents/SoC/TP/TP_ublaze_3IS/TP_ublaze_3IS.sdk/SEG7_upgrade/Debug/SEG7_upgrade.elf' is downloaded to processor 'microblaze_0'.
14:44:41 INFO  : ----------------XSDB Script----------------
connect -url tcp:127.0.0.1:3121
configparams mdm-detect-bscan-mask 2
targets -set -nocase -filter {name =~ "microblaze*#0" && bscan=="USER2"  && jtag_cable_name =~ "Digilent Basys3 210183A8A54BA"} -index 0
rst -processor
targets -set -nocase -filter {name =~ "microblaze*#0" && bscan=="USER2"  && jtag_cable_name =~ "Digilent Basys3 210183A8A54BA"} -index 0
dow U:/Documents/SoC/TP/TP_ublaze_3IS/TP_ublaze_3IS.sdk/SEG7_upgrade/Debug/SEG7_upgrade.elf
----------------End of Script----------------

14:44:41 INFO  : Memory regions updated for context MicroBlaze #0
14:44:41 INFO  : Memory regions updated for context MicroBlaze #0
14:44:41 INFO  : Context for processor 'microblaze_0' is selected.
14:44:41 INFO  : 'con' command is executed.
14:44:41 INFO  : ----------------XSDB Script (After Launch)----------------
targets -set -nocase -filter {name =~ "microblaze*#0" && bscan=="USER2"  && jtag_cable_name =~ "Digilent Basys3 210183A8A54BA"} -index 0
con
----------------End of Script----------------

14:44:41 INFO  : Launch script is exported to file 'U:\Documents\SoC\TP\TP_ublaze_3IS\TP_ublaze_3IS.sdk\.sdk\launch_scripts\xilinx_c-c++_application_(system_debugger)\system_debugger_using_debug_seg7_upgrade.elf_on_local.tcl'
14:47:10 INFO  : Disconnected from the channel tcfchan#5.
14:47:11 INFO  : 'targets -set -filter {jtag_cable_name =~ "Digilent Basys3 210183A8A54BA" && level==0} -index 0' command is executed.
14:47:11 INFO  : 'fpga -state' command is executed.
14:47:11 INFO  : Connected to target on host '127.0.0.1' and port '3121'.
14:47:12 INFO  : Jtag cable 'Digilent Basys3 210183A8A54BA' is selected.
14:47:12 INFO  : 'jtag frequency' command is executed.
14:47:12 INFO  : 'configparams mdm-detect-bscan-mask 2' command is executed.
14:47:12 INFO  : Context for processor 'microblaze_0' is selected.
14:47:12 INFO  : Processor reset is completed for 'microblaze_0'.
14:47:12 INFO  : Context for processor 'microblaze_0' is selected.
14:47:12 INFO  : The application 'U:/Documents/SoC/TP/TP_ublaze_3IS/TP_ublaze_3IS.sdk/SEG7_upgrade/Debug/SEG7_upgrade.elf' is downloaded to processor 'microblaze_0'.
14:47:12 INFO  : ----------------XSDB Script----------------
connect -url tcp:127.0.0.1:3121
configparams mdm-detect-bscan-mask 2
targets -set -nocase -filter {name =~ "microblaze*#0" && bscan=="USER2"  && jtag_cable_name =~ "Digilent Basys3 210183A8A54BA"} -index 0
rst -processor
targets -set -nocase -filter {name =~ "microblaze*#0" && bscan=="USER2"  && jtag_cable_name =~ "Digilent Basys3 210183A8A54BA"} -index 0
dow U:/Documents/SoC/TP/TP_ublaze_3IS/TP_ublaze_3IS.sdk/SEG7_upgrade/Debug/SEG7_upgrade.elf
----------------End of Script----------------

14:47:12 INFO  : Memory regions updated for context MicroBlaze #0
14:47:12 INFO  : Memory regions updated for context MicroBlaze #0
14:47:12 INFO  : Context for processor 'microblaze_0' is selected.
14:47:12 INFO  : 'con' command is executed.
14:47:12 INFO  : ----------------XSDB Script (After Launch)----------------
targets -set -nocase -filter {name =~ "microblaze*#0" && bscan=="USER2"  && jtag_cable_name =~ "Digilent Basys3 210183A8A54BA"} -index 0
con
----------------End of Script----------------

14:47:12 INFO  : Launch script is exported to file 'U:\Documents\SoC\TP\TP_ublaze_3IS\TP_ublaze_3IS.sdk\.sdk\launch_scripts\xilinx_c-c++_application_(system_debugger)\system_debugger_using_debug_seg7_upgrade.elf_on_local.tcl'
17:01:28 INFO  : SDK has detected change in the last modified timestamps for source hardware specification file Source:1763740859042,  Project:1763731501709
17:01:28 INFO  : Project SEG7_upgrade_wrapper_hw_platform_0's source hardware specification located at U:/Documents/SoC/TP/TP_ublaze_3IS/TP_ublaze_3IS.sdk/SEG7_upgrade_wrapper.hdf is now different from the local copy.
		 The local copy will be replaced with the source specification and your workspace will be updated.
17:01:29 INFO  : Copied contents of U:/Documents/SoC/TP/TP_ublaze_3IS/TP_ublaze_3IS.sdk/SEG7_upgrade_wrapper.hdf into \SEG7_upgrade_wrapper_hw_platform_0\system.hdf.
17:01:30 INFO  : Synchronizing projects in the workspace with the hardware platform specification changes.
17:01:36 ERROR : (XSDB Server)ERROR: [Hsi 55-1433] Error boost::filesystem::copy_file: Le chemin d’accès spécifié est introuvable: "C:/PROGRAMS/Xilinx/SDK/2019.1/data\embeddedsw\lib\bsp\standalone_v7_0/src\profile\dummy.S", "U:\Documents\SoC\TP\TP_ublaze_3IS\TP_ublaze_3IS.sdk\SEG7_upgrade_bsp\microblaze_0/libsrc/standalone_v7_0/src\profile\dummy.S"

17:01:36 ERROR : (XSDB Server)ERROR: [Hsi 55-1433] Error boost::filesystem::create_directory: Le chemin d’accès spécifié est introuvable: "U:\Documents\SoC\TP\TP_ublaze_3IS\TP_ublaze_3IS.sdk\SEG7_upgrade_bsp\microblaze_0/libsrc/SEG7_IP_v1_0/src"

17:01:36 ERROR : (XSDB Server)ERROR: [Hsi 55-1433] Error boost::filesystem::create_directory: Le chemin d’accès spécifié est introuvable: "U:\Documents\SoC\TP\TP_ublaze_3IS\TP_ublaze_3IS.sdk\SEG7_upgrade_bsp\microblaze_0/libsrc/bram_v4_3/src"

17:01:36 ERROR : (XSDB Server)ERROR: [Hsi 55-1433] Error boost::filesystem::create_directory: Le chemin d’accès spécifié est introuvable: "U:\Documents\SoC\TP\TP_ublaze_3IS\TP_ublaze_3IS.sdk\SEG7_upgrade_bsp\microblaze_0/libsrc/gpio_v4_4/src"

17:01:36 ERROR : (XSDB Server)ERROR: [Hsi 55-1433] Error boost::filesystem::create_directory: Le chemin d’accès spécifié est introuvable: "U:\Documents\SoC\TP\TP_ublaze_3IS\TP_ublaze_3IS.sdk\SEG7_upgrade_bsp\microblaze_0/libsrc/intc_v3_9/src"

17:01:36 ERROR : (XSDB Server)ERROR: [Hsi 55-1433] Error boost::filesystem::create_directory: Le chemin d’accès spécifié est introuvable: "U:\Documents\SoC\TP\TP_ublaze_3IS\TP_ublaze_3IS.sdk\SEG7_upgrade_bsp\microblaze_0/libsrc/uartlite_v3_2/src"

17:01:36 ERROR : (XSDB Server)ERROR: [Hsi 55-1433] Error boost::filesystem::current_path: Nom de répertoire non valide: "U:\Documents\SoC\TP\TP_ublaze_3IS\TP_ublaze_3IS.sdk\SEG7_upgrade_bsp\microblaze_0/libsrc/intc_v3_9"
ERROR: [Hsi 55-1440] Error(s) while running DRCs.

17:01:36 ERROR : (XSDB Server)ERROR: [Hsi 55-1450] Error: running generate_bsp.

17:01:36 ERROR : Failed to call sync_sw_with_hw_change
Reason: ERROR: [Common 17-39] 'hsi::generate_bsp' failed due to earlier errors.

17:01:36 ERROR : Error updating BSP project MSS files.
17:01:37 INFO  : Updating hardware inferred compiler options for SEG7_upgrade.
17:01:37 INFO  : Clearing existing target manager status.
17:01:37 INFO  : Closing and re-opening the MSS file of ther project SEG7_upgrade_bsp
17:01:37 INFO  : Closing and re-opening the MSS file of ther project SEG7_upgrade_bsp
17:01:38 INFO  : Workspace synchronized with the new hardware specification file. Cleaning dependent projects...
17:01:39 WARN  : Linker script will not be updated automatically. Users need to update it manually.
17:01:43 INFO  : Disconnected from the channel tcfchan#6.
17:02:15 INFO  : Registering command handlers for SDK TCF services
17:02:15 INFO  : Launching XSCT server: xsct.bat -interactive U:\Documents\SoC\TP\TP_ublaze_3IS\TP_ublaze_3IS.sdk\temp_xsdb_launch_script.tcl
17:02:17 INFO  : XSCT server has started successfully.
17:02:17 INFO  : Successfully done setting XSCT server connection channel  
17:02:17 INFO  : Successfully done setting SDK workspace  
17:02:17 INFO  : Processing command line option -hwspec U:/Documents/SoC/TP/TP_ublaze_3IS/TP_ublaze_3IS.sdk/SEG7_upgrade_wrapper.hdf.
17:02:18 INFO  : Checking for hwspec changes in the project SEG7_upgrade_wrapper_hw_platform_0.
17:03:52 INFO  : Registering command handlers for SDK TCF services
17:03:52 INFO  : Launching XSCT server: xsct.bat -interactive U:\Documents\SoC\TP\TP_ublaze_3IS\TP_ublaze_3IS.sdk\temp_xsdb_launch_script.tcl
17:03:54 INFO  : XSCT server has started successfully.
17:03:55 INFO  : Successfully done setting XSCT server connection channel  
17:03:55 INFO  : Processing command line option -hwspec U:/Documents/SoC/TP/TP_ublaze_3IS/TP_ublaze_3IS.sdk/SEG7_upgrade_wrapper.hdf.
17:03:55 INFO  : Successfully done setting SDK workspace  
17:03:55 INFO  : Checking for hwspec changes in the project SEG7_upgrade_wrapper_hw_platform_0.
17:05:10 INFO  : Connected to target on host '127.0.0.1' and port '3121'.
17:05:10 INFO  : 'targets -set -filter {jtag_cable_name =~ "Digilent Basys3 210183A8A54BA" && level==0} -index 0' command is executed.
17:05:11 INFO  : FPGA configured successfully with bitstream "U:/Documents/SoC/TP/TP_ublaze_3IS/TP_ublaze_3IS.sdk/SEG7_upgrade_wrapper_hw_platform_0/download.bit"
17:06:49 INFO  : 'targets -set -filter {jtag_cable_name =~ "Digilent Basys3 210183A8A54BA" && level==0} -index 0' command is executed.
17:06:49 INFO  : 'fpga -state' command is executed.
17:06:49 INFO  : Connected to target on host '127.0.0.1' and port '3121'.
17:06:49 INFO  : Jtag cable 'Digilent Basys3 210183A8A54BA' is selected.
17:06:49 INFO  : 'jtag frequency' command is executed.
17:06:49 INFO  : 'configparams mdm-detect-bscan-mask 2' command is executed.
17:06:49 INFO  : Context for processor 'microblaze_0' is selected.
17:06:49 INFO  : Processor reset is completed for 'microblaze_0'.
17:06:49 INFO  : Context for processor 'microblaze_0' is selected.
17:06:49 INFO  : The application 'U:/Documents/SoC/TP/TP_ublaze_3IS/TP_ublaze_3IS.sdk/test/Debug/test.elf' is downloaded to processor 'microblaze_0'.
17:06:49 INFO  : ----------------XSDB Script----------------
connect -url tcp:127.0.0.1:3121
configparams mdm-detect-bscan-mask 2
targets -set -nocase -filter {name =~ "microblaze*#0" && bscan=="USER2"  && jtag_cable_name =~ "Digilent Basys3 210183A8A54BA"} -index 0
rst -processor
targets -set -nocase -filter {name =~ "microblaze*#0" && bscan=="USER2"  && jtag_cable_name =~ "Digilent Basys3 210183A8A54BA"} -index 0
dow U:/Documents/SoC/TP/TP_ublaze_3IS/TP_ublaze_3IS.sdk/test/Debug/test.elf
----------------End of Script----------------

17:06:49 INFO  : Memory regions updated for context MicroBlaze #0
17:06:49 INFO  : Memory regions updated for context MicroBlaze #0
17:06:49 INFO  : Context for processor 'microblaze_0' is selected.
17:06:49 INFO  : 'con' command is executed.
17:06:49 INFO  : ----------------XSDB Script (After Launch)----------------
targets -set -nocase -filter {name =~ "microblaze*#0" && bscan=="USER2"  && jtag_cable_name =~ "Digilent Basys3 210183A8A54BA"} -index 0
con
----------------End of Script----------------

17:06:49 INFO  : Launch script is exported to file 'U:\Documents\SoC\TP\TP_ublaze_3IS\TP_ublaze_3IS.sdk\.sdk\launch_scripts\xilinx_c-c++_application_(system_debugger)\system_debugger_using_debug_test.elf_on_local.tcl'
17:08:29 INFO  : Disconnected from the channel tcfchan#1.
17:08:30 INFO  : 'targets -set -filter {jtag_cable_name =~ "Digilent Basys3 210183A8A54BA" && level==0} -index 0' command is executed.
17:08:30 INFO  : 'fpga -state' command is executed.
17:08:30 INFO  : Connected to target on host '127.0.0.1' and port '3121'.
17:08:31 INFO  : Jtag cable 'Digilent Basys3 210183A8A54BA' is selected.
17:08:31 INFO  : 'jtag frequency' command is executed.
17:08:31 INFO  : 'configparams mdm-detect-bscan-mask 2' command is executed.
17:08:31 INFO  : Context for processor 'microblaze_0' is selected.
17:08:31 INFO  : Processor reset is completed for 'microblaze_0'.
17:08:31 INFO  : Context for processor 'microblaze_0' is selected.
17:08:31 INFO  : The application 'U:/Documents/SoC/TP/TP_ublaze_3IS/TP_ublaze_3IS.sdk/test/Debug/test.elf' is downloaded to processor 'microblaze_0'.
17:08:31 INFO  : ----------------XSDB Script----------------
connect -url tcp:127.0.0.1:3121
configparams mdm-detect-bscan-mask 2
targets -set -nocase -filter {name =~ "microblaze*#0" && bscan=="USER2"  && jtag_cable_name =~ "Digilent Basys3 210183A8A54BA"} -index 0
rst -processor
targets -set -nocase -filter {name =~ "microblaze*#0" && bscan=="USER2"  && jtag_cable_name =~ "Digilent Basys3 210183A8A54BA"} -index 0
dow U:/Documents/SoC/TP/TP_ublaze_3IS/TP_ublaze_3IS.sdk/test/Debug/test.elf
----------------End of Script----------------

17:08:31 INFO  : Memory regions updated for context MicroBlaze #0
17:08:31 INFO  : Memory regions updated for context MicroBlaze #0
17:08:31 INFO  : Context for processor 'microblaze_0' is selected.
17:08:31 INFO  : 'con' command is executed.
17:08:31 INFO  : ----------------XSDB Script (After Launch)----------------
targets -set -nocase -filter {name =~ "microblaze*#0" && bscan=="USER2"  && jtag_cable_name =~ "Digilent Basys3 210183A8A54BA"} -index 0
con
----------------End of Script----------------

17:08:31 INFO  : Launch script is exported to file 'U:\Documents\SoC\TP\TP_ublaze_3IS\TP_ublaze_3IS.sdk\.sdk\launch_scripts\xilinx_c-c++_application_(system_debugger)\system_debugger_using_debug_test.elf_on_local.tcl'
17:11:09 INFO  : Disconnected from the channel tcfchan#2.
17:11:10 INFO  : 'targets -set -filter {jtag_cable_name =~ "Digilent Basys3 210183A8A54BA" && level==0} -index 0' command is executed.
17:11:10 INFO  : 'fpga -state' command is executed.
17:11:10 INFO  : Connected to target on host '127.0.0.1' and port '3121'.
17:11:10 INFO  : Jtag cable 'Digilent Basys3 210183A8A54BA' is selected.
17:11:10 INFO  : 'jtag frequency' command is executed.
17:11:11 INFO  : 'configparams mdm-detect-bscan-mask 2' command is executed.
17:11:11 INFO  : Context for processor 'microblaze_0' is selected.
17:11:11 INFO  : Processor reset is completed for 'microblaze_0'.
17:11:11 INFO  : Context for processor 'microblaze_0' is selected.
17:11:11 INFO  : The application 'U:/Documents/SoC/TP/TP_ublaze_3IS/TP_ublaze_3IS.sdk/test/Debug/test.elf' is downloaded to processor 'microblaze_0'.
17:11:11 INFO  : ----------------XSDB Script----------------
connect -url tcp:127.0.0.1:3121
configparams mdm-detect-bscan-mask 2
targets -set -nocase -filter {name =~ "microblaze*#0" && bscan=="USER2"  && jtag_cable_name =~ "Digilent Basys3 210183A8A54BA"} -index 0
rst -processor
targets -set -nocase -filter {name =~ "microblaze*#0" && bscan=="USER2"  && jtag_cable_name =~ "Digilent Basys3 210183A8A54BA"} -index 0
dow U:/Documents/SoC/TP/TP_ublaze_3IS/TP_ublaze_3IS.sdk/test/Debug/test.elf
----------------End of Script----------------

17:11:11 INFO  : Memory regions updated for context MicroBlaze #0
17:11:11 INFO  : Memory regions updated for context MicroBlaze #0
17:11:11 INFO  : Context for processor 'microblaze_0' is selected.
17:11:11 INFO  : 'con' command is executed.
17:11:11 INFO  : ----------------XSDB Script (After Launch)----------------
targets -set -nocase -filter {name =~ "microblaze*#0" && bscan=="USER2"  && jtag_cable_name =~ "Digilent Basys3 210183A8A54BA"} -index 0
con
----------------End of Script----------------

17:11:11 INFO  : Launch script is exported to file 'U:\Documents\SoC\TP\TP_ublaze_3IS\TP_ublaze_3IS.sdk\.sdk\launch_scripts\xilinx_c-c++_application_(system_debugger)\system_debugger_using_debug_test.elf_on_local.tcl'
17:16:04 INFO  : Disconnected from the channel tcfchan#3.
17:16:05 INFO  : 'targets -set -filter {jtag_cable_name =~ "Digilent Basys3 210183A8A54BA" && level==0} -index 0' command is executed.
17:16:05 INFO  : 'fpga -state' command is executed.
17:16:05 INFO  : Connected to target on host '127.0.0.1' and port '3121'.
17:16:05 INFO  : Jtag cable 'Digilent Basys3 210183A8A54BA' is selected.
17:16:05 INFO  : 'jtag frequency' command is executed.
17:16:05 INFO  : 'configparams mdm-detect-bscan-mask 2' command is executed.
17:16:05 INFO  : Context for processor 'microblaze_0' is selected.
17:16:05 INFO  : Processor reset is completed for 'microblaze_0'.
17:16:05 INFO  : Context for processor 'microblaze_0' is selected.
17:16:06 INFO  : The application 'U:/Documents/SoC/TP/TP_ublaze_3IS/TP_ublaze_3IS.sdk/test/Debug/test.elf' is downloaded to processor 'microblaze_0'.
17:16:06 INFO  : ----------------XSDB Script----------------
connect -url tcp:127.0.0.1:3121
configparams mdm-detect-bscan-mask 2
targets -set -nocase -filter {name =~ "microblaze*#0" && bscan=="USER2"  && jtag_cable_name =~ "Digilent Basys3 210183A8A54BA"} -index 0
rst -processor
targets -set -nocase -filter {name =~ "microblaze*#0" && bscan=="USER2"  && jtag_cable_name =~ "Digilent Basys3 210183A8A54BA"} -index 0
dow U:/Documents/SoC/TP/TP_ublaze_3IS/TP_ublaze_3IS.sdk/test/Debug/test.elf
----------------End of Script----------------

17:16:06 INFO  : Memory regions updated for context MicroBlaze #0
17:16:06 INFO  : Memory regions updated for context MicroBlaze #0
17:16:06 INFO  : Context for processor 'microblaze_0' is selected.
17:16:06 INFO  : 'con' command is executed.
17:16:06 INFO  : ----------------XSDB Script (After Launch)----------------
targets -set -nocase -filter {name =~ "microblaze*#0" && bscan=="USER2"  && jtag_cable_name =~ "Digilent Basys3 210183A8A54BA"} -index 0
con
----------------End of Script----------------

17:16:06 INFO  : Launch script is exported to file 'U:\Documents\SoC\TP\TP_ublaze_3IS\TP_ublaze_3IS.sdk\.sdk\launch_scripts\xilinx_c-c++_application_(system_debugger)\system_debugger_using_debug_test.elf_on_local.tcl'
17:30:04 INFO  : Disconnected from the channel tcfchan#4.
13:41:58 INFO  : Registering command handlers for SDK TCF services
13:41:59 INFO  : Launching XSCT server: xsct.bat -interactive U:\Documents\SoC\TP\TP_ublaze_3IS\TP_ublaze_3IS.sdk\temp_xsdb_launch_script.tcl
13:42:02 INFO  : XSCT server has started successfully.
13:42:02 INFO  : Successfully done setting XSCT server connection channel  
13:42:02 INFO  : Processing command line option -hwspec U:/Documents/SoC/TP/TP_ublaze_3IS/TP_ublaze_3IS.sdk/SEG7_upgrade_wrapper.hdf.
13:42:02 INFO  : Successfully done setting SDK workspace  
13:42:02 INFO  : Checking for hwspec changes in the project SEG7_upgrade_wrapper_hw_platform_0.
13:42:29 INFO  : Connected to target on host '127.0.0.1' and port '3121'.
13:42:30 INFO  : 'targets -set -filter {jtag_cable_name =~ "Digilent Basys3 210183A4DA48A" && level==0} -index 0' command is executed.
13:42:31 INFO  : FPGA configured successfully with bitstream "U:/Documents/SoC/TP/TP_ublaze_3IS/TP_ublaze_3IS.sdk/SEG7_upgrade_wrapper_hw_platform_0/download.bit"
13:43:01 INFO  : 'targets -set -filter {jtag_cable_name =~ "Digilent Basys3 210183A4DA48A" && level==0} -index 0' command is executed.
13:43:01 INFO  : 'fpga -state' command is executed.
13:43:01 INFO  : Connected to target on host '127.0.0.1' and port '3121'.
13:43:01 INFO  : Jtag cable 'Digilent Basys3 210183A4DA48A' is selected.
13:43:01 INFO  : 'jtag frequency' command is executed.
13:43:01 INFO  : 'configparams mdm-detect-bscan-mask 2' command is executed.
13:43:01 INFO  : Context for processor 'microblaze_0' is selected.
13:43:01 INFO  : Processor reset is completed for 'microblaze_0'.
13:43:01 INFO  : Context for processor 'microblaze_0' is selected.
13:43:02 INFO  : The application 'U:/Documents/SoC/TP/TP_ublaze_3IS/TP_ublaze_3IS.sdk/test/Debug/test.elf' is downloaded to processor 'microblaze_0'.
13:43:02 INFO  : ----------------XSDB Script----------------
connect -url tcp:127.0.0.1:3121
configparams mdm-detect-bscan-mask 2
targets -set -nocase -filter {name =~ "microblaze*#0" && bscan=="USER2"  && jtag_cable_name =~ "Digilent Basys3 210183A4DA48A"} -index 0
rst -processor
targets -set -nocase -filter {name =~ "microblaze*#0" && bscan=="USER2"  && jtag_cable_name =~ "Digilent Basys3 210183A4DA48A"} -index 0
dow U:/Documents/SoC/TP/TP_ublaze_3IS/TP_ublaze_3IS.sdk/test/Debug/test.elf
----------------End of Script----------------

13:43:02 INFO  : Memory regions updated for context PA
13:43:02 INFO  : Memory regions updated for context PA
13:43:02 INFO  : Context for processor 'microblaze_0' is selected.
13:43:02 INFO  : 'con' command is executed.
13:43:02 INFO  : ----------------XSDB Script (After Launch)----------------
targets -set -nocase -filter {name =~ "microblaze*#0" && bscan=="USER2"  && jtag_cable_name =~ "Digilent Basys3 210183A4DA48A"} -index 0
con
----------------End of Script----------------

13:43:02 INFO  : Launch script is exported to file 'U:\Documents\SoC\TP\TP_ublaze_3IS\TP_ublaze_3IS.sdk\.sdk\launch_scripts\xilinx_c-c++_application_(system_debugger)\system_debugger_using_debug_test.elf_on_local.tcl'
13:55:00 INFO  : Disconnected from the channel tcfchan#1.
13:55:01 INFO  : 'targets -set -filter {jtag_cable_name =~ "Digilent Basys3 210183A4DA48A" && level==0} -index 0' command is executed.
13:55:01 INFO  : 'fpga -state' command is executed.
13:55:01 INFO  : Connected to target on host '127.0.0.1' and port '3121'.
13:55:02 INFO  : Jtag cable 'Digilent Basys3 210183A4DA48A' is selected.
13:55:02 INFO  : 'jtag frequency' command is executed.
13:55:02 INFO  : 'configparams mdm-detect-bscan-mask 2' command is executed.
13:55:02 INFO  : Context for processor 'microblaze_0' is selected.
13:55:02 INFO  : Processor reset is completed for 'microblaze_0'.
13:55:02 INFO  : Context for processor 'microblaze_0' is selected.
13:55:02 INFO  : The application 'U:/Documents/SoC/TP/TP_ublaze_3IS/TP_ublaze_3IS.sdk/again/Debug/again.elf' is downloaded to processor 'microblaze_0'.
13:55:02 INFO  : ----------------XSDB Script----------------
connect -url tcp:127.0.0.1:3121
configparams mdm-detect-bscan-mask 2
targets -set -nocase -filter {name =~ "microblaze*#0" && bscan=="USER2"  && jtag_cable_name =~ "Digilent Basys3 210183A4DA48A"} -index 0
rst -processor
targets -set -nocase -filter {name =~ "microblaze*#0" && bscan=="USER2"  && jtag_cable_name =~ "Digilent Basys3 210183A4DA48A"} -index 0
dow U:/Documents/SoC/TP/TP_ublaze_3IS/TP_ublaze_3IS.sdk/again/Debug/again.elf
----------------End of Script----------------

13:55:02 INFO  : Memory regions updated for context PA
13:55:02 INFO  : Memory regions updated for context PA
13:55:02 INFO  : Context for processor 'microblaze_0' is selected.
13:55:02 INFO  : 'con' command is executed.
13:55:02 INFO  : ----------------XSDB Script (After Launch)----------------
targets -set -nocase -filter {name =~ "microblaze*#0" && bscan=="USER2"  && jtag_cable_name =~ "Digilent Basys3 210183A4DA48A"} -index 0
con
----------------End of Script----------------

13:55:02 INFO  : Launch script is exported to file 'U:\Documents\SoC\TP\TP_ublaze_3IS\TP_ublaze_3IS.sdk\.sdk\launch_scripts\xilinx_c-c++_application_(system_debugger)\system_debugger_using_debug_again.elf_on_local.tcl'
13:56:05 INFO  : Disconnected from the channel tcfchan#2.
13:56:06 INFO  : 'targets -set -filter {jtag_cable_name =~ "Digilent Basys3 210183A4DA48A" && level==0} -index 0' command is executed.
13:56:06 INFO  : 'fpga -state' command is executed.
13:56:06 INFO  : Connected to target on host '127.0.0.1' and port '3121'.
13:56:06 INFO  : Jtag cable 'Digilent Basys3 210183A4DA48A' is selected.
13:56:06 INFO  : 'jtag frequency' command is executed.
13:56:06 INFO  : 'configparams mdm-detect-bscan-mask 2' command is executed.
13:56:06 INFO  : Context for processor 'microblaze_0' is selected.
13:56:06 INFO  : Processor reset is completed for 'microblaze_0'.
13:56:06 INFO  : Context for processor 'microblaze_0' is selected.
13:56:06 INFO  : The application 'U:/Documents/SoC/TP/TP_ublaze_3IS/TP_ublaze_3IS.sdk/again/Debug/again.elf' is downloaded to processor 'microblaze_0'.
13:56:06 INFO  : ----------------XSDB Script----------------
connect -url tcp:127.0.0.1:3121
configparams mdm-detect-bscan-mask 2
targets -set -nocase -filter {name =~ "microblaze*#0" && bscan=="USER2"  && jtag_cable_name =~ "Digilent Basys3 210183A4DA48A"} -index 0
rst -processor
targets -set -nocase -filter {name =~ "microblaze*#0" && bscan=="USER2"  && jtag_cable_name =~ "Digilent Basys3 210183A4DA48A"} -index 0
dow U:/Documents/SoC/TP/TP_ublaze_3IS/TP_ublaze_3IS.sdk/again/Debug/again.elf
----------------End of Script----------------

13:56:06 INFO  : Memory regions updated for context PA
13:56:06 INFO  : Memory regions updated for context PA
13:56:06 INFO  : Context for processor 'microblaze_0' is selected.
13:56:06 INFO  : 'con' command is executed.
13:56:06 INFO  : ----------------XSDB Script (After Launch)----------------
targets -set -nocase -filter {name =~ "microblaze*#0" && bscan=="USER2"  && jtag_cable_name =~ "Digilent Basys3 210183A4DA48A"} -index 0
con
----------------End of Script----------------

13:56:06 INFO  : Launch script is exported to file 'U:\Documents\SoC\TP\TP_ublaze_3IS\TP_ublaze_3IS.sdk\.sdk\launch_scripts\xilinx_c-c++_application_(system_debugger)\system_debugger_using_debug_again.elf_on_local.tcl'
13:56:48 INFO  : Disconnected from the channel tcfchan#3.
13:56:49 INFO  : 'targets -set -filter {jtag_cable_name =~ "Digilent Basys3 210183A4DA48A" && level==0} -index 0' command is executed.
13:56:49 INFO  : 'fpga -state' command is executed.
13:56:49 INFO  : Connected to target on host '127.0.0.1' and port '3121'.
13:56:49 INFO  : Jtag cable 'Digilent Basys3 210183A4DA48A' is selected.
13:56:49 INFO  : 'jtag frequency' command is executed.
13:56:49 INFO  : 'configparams mdm-detect-bscan-mask 2' command is executed.
13:56:49 INFO  : Context for processor 'microblaze_0' is selected.
13:56:49 INFO  : Processor reset is completed for 'microblaze_0'.
13:56:49 INFO  : Context for processor 'microblaze_0' is selected.
13:56:49 INFO  : The application 'U:/Documents/SoC/TP/TP_ublaze_3IS/TP_ublaze_3IS.sdk/again/Debug/again.elf' is downloaded to processor 'microblaze_0'.
13:56:49 INFO  : ----------------XSDB Script----------------
connect -url tcp:127.0.0.1:3121
configparams mdm-detect-bscan-mask 2
targets -set -nocase -filter {name =~ "microblaze*#0" && bscan=="USER2"  && jtag_cable_name =~ "Digilent Basys3 210183A4DA48A"} -index 0
rst -processor
targets -set -nocase -filter {name =~ "microblaze*#0" && bscan=="USER2"  && jtag_cable_name =~ "Digilent Basys3 210183A4DA48A"} -index 0
dow U:/Documents/SoC/TP/TP_ublaze_3IS/TP_ublaze_3IS.sdk/again/Debug/again.elf
----------------End of Script----------------

13:56:49 INFO  : Memory regions updated for context PA
13:56:49 INFO  : Memory regions updated for context PA
13:56:49 INFO  : Context for processor 'microblaze_0' is selected.
13:56:49 INFO  : 'con' command is executed.
13:56:49 INFO  : ----------------XSDB Script (After Launch)----------------
targets -set -nocase -filter {name =~ "microblaze*#0" && bscan=="USER2"  && jtag_cable_name =~ "Digilent Basys3 210183A4DA48A"} -index 0
con
----------------End of Script----------------

13:56:49 INFO  : Launch script is exported to file 'U:\Documents\SoC\TP\TP_ublaze_3IS\TP_ublaze_3IS.sdk\.sdk\launch_scripts\xilinx_c-c++_application_(system_debugger)\system_debugger_using_debug_again.elf_on_local.tcl'
13:56:57 INFO  : Disconnected from the channel tcfchan#4.
13:56:58 INFO  : 'targets -set -filter {jtag_cable_name =~ "Digilent Basys3 210183A4DA48A" && level==0} -index 0' command is executed.
13:56:58 INFO  : 'fpga -state' command is executed.
13:56:58 INFO  : Connected to target on host '127.0.0.1' and port '3121'.
13:56:59 INFO  : Jtag cable 'Digilent Basys3 210183A4DA48A' is selected.
13:56:59 INFO  : 'jtag frequency' command is executed.
13:56:59 INFO  : 'configparams mdm-detect-bscan-mask 2' command is executed.
13:56:59 INFO  : Context for processor 'microblaze_0' is selected.
13:56:59 INFO  : Processor reset is completed for 'microblaze_0'.
13:56:59 INFO  : Context for processor 'microblaze_0' is selected.
13:56:59 INFO  : The application 'U:/Documents/SoC/TP/TP_ublaze_3IS/TP_ublaze_3IS.sdk/again/Debug/again.elf' is downloaded to processor 'microblaze_0'.
13:56:59 INFO  : ----------------XSDB Script----------------
connect -url tcp:127.0.0.1:3121
configparams mdm-detect-bscan-mask 2
targets -set -nocase -filter {name =~ "microblaze*#0" && bscan=="USER2"  && jtag_cable_name =~ "Digilent Basys3 210183A4DA48A"} -index 0
rst -processor
targets -set -nocase -filter {name =~ "microblaze*#0" && bscan=="USER2"  && jtag_cable_name =~ "Digilent Basys3 210183A4DA48A"} -index 0
dow U:/Documents/SoC/TP/TP_ublaze_3IS/TP_ublaze_3IS.sdk/again/Debug/again.elf
----------------End of Script----------------

13:56:59 INFO  : Memory regions updated for context PA
13:56:59 INFO  : Memory regions updated for context PA
13:56:59 INFO  : Context for processor 'microblaze_0' is selected.
13:56:59 INFO  : 'con' command is executed.
13:56:59 INFO  : ----------------XSDB Script (After Launch)----------------
targets -set -nocase -filter {name =~ "microblaze*#0" && bscan=="USER2"  && jtag_cable_name =~ "Digilent Basys3 210183A4DA48A"} -index 0
con
----------------End of Script----------------

13:56:59 INFO  : Launch script is exported to file 'U:\Documents\SoC\TP\TP_ublaze_3IS\TP_ublaze_3IS.sdk\.sdk\launch_scripts\xilinx_c-c++_application_(system_debugger)\system_debugger_using_debug_again.elf_on_local.tcl'
13:57:09 INFO  : Disconnected from the channel tcfchan#5.
13:57:10 INFO  : 'targets -set -filter {jtag_cable_name =~ "Digilent Basys3 210183A4DA48A" && level==0} -index 0' command is executed.
13:57:10 INFO  : 'fpga -state' command is executed.
13:57:10 INFO  : Connected to target on host '127.0.0.1' and port '3121'.
13:57:11 INFO  : Jtag cable 'Digilent Basys3 210183A4DA48A' is selected.
13:57:11 INFO  : 'jtag frequency' command is executed.
13:57:11 INFO  : 'configparams mdm-detect-bscan-mask 2' command is executed.
13:57:11 INFO  : Context for processor 'microblaze_0' is selected.
13:57:11 INFO  : Processor reset is completed for 'microblaze_0'.
13:57:11 INFO  : Context for processor 'microblaze_0' is selected.
13:57:11 INFO  : The application 'U:/Documents/SoC/TP/TP_ublaze_3IS/TP_ublaze_3IS.sdk/again/Debug/again.elf' is downloaded to processor 'microblaze_0'.
13:57:11 INFO  : ----------------XSDB Script----------------
connect -url tcp:127.0.0.1:3121
configparams mdm-detect-bscan-mask 2
targets -set -nocase -filter {name =~ "microblaze*#0" && bscan=="USER2"  && jtag_cable_name =~ "Digilent Basys3 210183A4DA48A"} -index 0
rst -processor
targets -set -nocase -filter {name =~ "microblaze*#0" && bscan=="USER2"  && jtag_cable_name =~ "Digilent Basys3 210183A4DA48A"} -index 0
dow U:/Documents/SoC/TP/TP_ublaze_3IS/TP_ublaze_3IS.sdk/again/Debug/again.elf
----------------End of Script----------------

13:57:11 INFO  : Memory regions updated for context PA
13:57:11 INFO  : Memory regions updated for context PA
13:57:11 INFO  : Context for processor 'microblaze_0' is selected.
13:57:11 INFO  : 'con' command is executed.
13:57:11 INFO  : ----------------XSDB Script (After Launch)----------------
targets -set -nocase -filter {name =~ "microblaze*#0" && bscan=="USER2"  && jtag_cable_name =~ "Digilent Basys3 210183A4DA48A"} -index 0
con
----------------End of Script----------------

13:57:11 INFO  : Launch script is exported to file 'U:\Documents\SoC\TP\TP_ublaze_3IS\TP_ublaze_3IS.sdk\.sdk\launch_scripts\xilinx_c-c++_application_(system_debugger)\system_debugger_using_debug_again.elf_on_local.tcl'
13:58:01 INFO  : Disconnected from the channel tcfchan#6.
13:58:02 INFO  : 'targets -set -filter {jtag_cable_name =~ "Digilent Basys3 210183A4DA48A" && level==0} -index 0' command is executed.
13:58:02 INFO  : 'fpga -state' command is executed.
13:58:02 INFO  : Connected to target on host '127.0.0.1' and port '3121'.
13:58:03 INFO  : Jtag cable 'Digilent Basys3 210183A4DA48A' is selected.
13:58:03 INFO  : 'jtag frequency' command is executed.
13:58:03 INFO  : 'configparams mdm-detect-bscan-mask 2' command is executed.
13:58:03 INFO  : Context for processor 'microblaze_0' is selected.
13:58:03 INFO  : Processor reset is completed for 'microblaze_0'.
13:58:03 INFO  : Context for processor 'microblaze_0' is selected.
13:58:03 INFO  : The application 'U:/Documents/SoC/TP/TP_ublaze_3IS/TP_ublaze_3IS.sdk/again/Debug/again.elf' is downloaded to processor 'microblaze_0'.
13:58:03 INFO  : ----------------XSDB Script----------------
connect -url tcp:127.0.0.1:3121
configparams mdm-detect-bscan-mask 2
targets -set -nocase -filter {name =~ "microblaze*#0" && bscan=="USER2"  && jtag_cable_name =~ "Digilent Basys3 210183A4DA48A"} -index 0
rst -processor
targets -set -nocase -filter {name =~ "microblaze*#0" && bscan=="USER2"  && jtag_cable_name =~ "Digilent Basys3 210183A4DA48A"} -index 0
dow U:/Documents/SoC/TP/TP_ublaze_3IS/TP_ublaze_3IS.sdk/again/Debug/again.elf
----------------End of Script----------------

13:58:03 INFO  : Memory regions updated for context PA
13:58:03 INFO  : Memory regions updated for context PA
13:58:03 INFO  : Context for processor 'microblaze_0' is selected.
13:58:03 INFO  : 'con' command is executed.
13:58:03 INFO  : ----------------XSDB Script (After Launch)----------------
targets -set -nocase -filter {name =~ "microblaze*#0" && bscan=="USER2"  && jtag_cable_name =~ "Digilent Basys3 210183A4DA48A"} -index 0
con
----------------End of Script----------------

13:58:03 INFO  : Launch script is exported to file 'U:\Documents\SoC\TP\TP_ublaze_3IS\TP_ublaze_3IS.sdk\.sdk\launch_scripts\xilinx_c-c++_application_(system_debugger)\system_debugger_using_debug_again.elf_on_local.tcl'
13:58:08 INFO  : Disconnected from the channel tcfchan#7.
13:58:09 INFO  : 'targets -set -filter {jtag_cable_name =~ "Digilent Basys3 210183A4DA48A" && level==0} -index 0' command is executed.
13:58:09 INFO  : 'fpga -state' command is executed.
13:58:09 INFO  : Connected to target on host '127.0.0.1' and port '3121'.
13:58:09 INFO  : Jtag cable 'Digilent Basys3 210183A4DA48A' is selected.
13:58:09 INFO  : 'jtag frequency' command is executed.
13:58:09 INFO  : 'configparams mdm-detect-bscan-mask 2' command is executed.
13:58:09 INFO  : Context for processor 'microblaze_0' is selected.
13:58:09 INFO  : Processor reset is completed for 'microblaze_0'.
13:58:09 INFO  : Context for processor 'microblaze_0' is selected.
13:58:09 INFO  : The application 'U:/Documents/SoC/TP/TP_ublaze_3IS/TP_ublaze_3IS.sdk/again/Debug/again.elf' is downloaded to processor 'microblaze_0'.
13:58:09 INFO  : ----------------XSDB Script----------------
connect -url tcp:127.0.0.1:3121
configparams mdm-detect-bscan-mask 2
targets -set -nocase -filter {name =~ "microblaze*#0" && bscan=="USER2"  && jtag_cable_name =~ "Digilent Basys3 210183A4DA48A"} -index 0
rst -processor
targets -set -nocase -filter {name =~ "microblaze*#0" && bscan=="USER2"  && jtag_cable_name =~ "Digilent Basys3 210183A4DA48A"} -index 0
dow U:/Documents/SoC/TP/TP_ublaze_3IS/TP_ublaze_3IS.sdk/again/Debug/again.elf
----------------End of Script----------------

13:58:09 INFO  : Memory regions updated for context PA
13:58:09 INFO  : Memory regions updated for context PA
13:58:10 INFO  : Context for processor 'microblaze_0' is selected.
13:58:10 INFO  : 'con' command is executed.
13:58:10 INFO  : ----------------XSDB Script (After Launch)----------------
targets -set -nocase -filter {name =~ "microblaze*#0" && bscan=="USER2"  && jtag_cable_name =~ "Digilent Basys3 210183A4DA48A"} -index 0
con
----------------End of Script----------------

13:58:10 INFO  : Launch script is exported to file 'U:\Documents\SoC\TP\TP_ublaze_3IS\TP_ublaze_3IS.sdk\.sdk\launch_scripts\xilinx_c-c++_application_(system_debugger)\system_debugger_using_debug_again.elf_on_local.tcl'
14:09:01 INFO  : Disconnected from the channel tcfchan#8.
14:09:02 INFO  : 'targets -set -filter {jtag_cable_name =~ "Digilent Basys3 210183A4DA48A" && level==0} -index 0' command is executed.
14:09:02 INFO  : 'fpga -state' command is executed.
14:09:02 INFO  : Connected to target on host '127.0.0.1' and port '3121'.
14:09:02 INFO  : Jtag cable 'Digilent Basys3 210183A4DA48A' is selected.
14:09:02 INFO  : 'jtag frequency' command is executed.
14:09:02 INFO  : 'configparams mdm-detect-bscan-mask 2' command is executed.
14:09:02 INFO  : Context for processor 'microblaze_0' is selected.
14:09:02 INFO  : Processor reset is completed for 'microblaze_0'.
14:09:02 INFO  : Context for processor 'microblaze_0' is selected.
14:09:02 INFO  : The application 'U:/Documents/SoC/TP/TP_ublaze_3IS/TP_ublaze_3IS.sdk/again/Debug/again.elf' is downloaded to processor 'microblaze_0'.
14:09:02 INFO  : ----------------XSDB Script----------------
connect -url tcp:127.0.0.1:3121
configparams mdm-detect-bscan-mask 2
targets -set -nocase -filter {name =~ "microblaze*#0" && bscan=="USER2"  && jtag_cable_name =~ "Digilent Basys3 210183A4DA48A"} -index 0
rst -processor
targets -set -nocase -filter {name =~ "microblaze*#0" && bscan=="USER2"  && jtag_cable_name =~ "Digilent Basys3 210183A4DA48A"} -index 0
dow U:/Documents/SoC/TP/TP_ublaze_3IS/TP_ublaze_3IS.sdk/again/Debug/again.elf
----------------End of Script----------------

14:09:02 INFO  : Memory regions updated for context PA
14:09:02 INFO  : Memory regions updated for context PA
14:09:02 INFO  : Context for processor 'microblaze_0' is selected.
14:09:02 INFO  : 'con' command is executed.
14:09:02 INFO  : ----------------XSDB Script (After Launch)----------------
targets -set -nocase -filter {name =~ "microblaze*#0" && bscan=="USER2"  && jtag_cable_name =~ "Digilent Basys3 210183A4DA48A"} -index 0
con
----------------End of Script----------------

14:09:02 INFO  : Launch script is exported to file 'U:\Documents\SoC\TP\TP_ublaze_3IS\TP_ublaze_3IS.sdk\.sdk\launch_scripts\xilinx_c-c++_application_(system_debugger)\system_debugger_using_debug_again.elf_on_local.tcl'
14:10:11 INFO  : Disconnected from the channel tcfchan#9.
14:10:12 INFO  : 'targets -set -filter {jtag_cable_name =~ "Digilent Basys3 210183A4DA48A" && level==0} -index 0' command is executed.
14:10:12 INFO  : 'fpga -state' command is executed.
14:10:12 INFO  : Connected to target on host '127.0.0.1' and port '3121'.
14:10:12 INFO  : Jtag cable 'Digilent Basys3 210183A4DA48A' is selected.
14:10:12 INFO  : 'jtag frequency' command is executed.
14:10:12 INFO  : 'configparams mdm-detect-bscan-mask 2' command is executed.
14:10:12 INFO  : Context for processor 'microblaze_0' is selected.
14:10:12 INFO  : Processor reset is completed for 'microblaze_0'.
14:10:13 INFO  : Context for processor 'microblaze_0' is selected.
14:10:13 INFO  : The application 'U:/Documents/SoC/TP/TP_ublaze_3IS/TP_ublaze_3IS.sdk/again/Debug/again.elf' is downloaded to processor 'microblaze_0'.
14:10:13 INFO  : ----------------XSDB Script----------------
connect -url tcp:127.0.0.1:3121
configparams mdm-detect-bscan-mask 2
targets -set -nocase -filter {name =~ "microblaze*#0" && bscan=="USER2"  && jtag_cable_name =~ "Digilent Basys3 210183A4DA48A"} -index 0
rst -processor
targets -set -nocase -filter {name =~ "microblaze*#0" && bscan=="USER2"  && jtag_cable_name =~ "Digilent Basys3 210183A4DA48A"} -index 0
dow U:/Documents/SoC/TP/TP_ublaze_3IS/TP_ublaze_3IS.sdk/again/Debug/again.elf
----------------End of Script----------------

14:10:13 INFO  : Memory regions updated for context PA
14:10:13 INFO  : Memory regions updated for context PA
14:10:13 INFO  : Context for processor 'microblaze_0' is selected.
14:10:13 INFO  : 'con' command is executed.
14:10:13 INFO  : ----------------XSDB Script (After Launch)----------------
targets -set -nocase -filter {name =~ "microblaze*#0" && bscan=="USER2"  && jtag_cable_name =~ "Digilent Basys3 210183A4DA48A"} -index 0
con
----------------End of Script----------------

14:10:13 INFO  : Launch script is exported to file 'U:\Documents\SoC\TP\TP_ublaze_3IS\TP_ublaze_3IS.sdk\.sdk\launch_scripts\xilinx_c-c++_application_(system_debugger)\system_debugger_using_debug_again.elf_on_local.tcl'
14:11:04 INFO  : Disconnected from the channel tcfchan#10.
14:11:05 INFO  : 'targets -set -filter {jtag_cable_name =~ "Digilent Basys3 210183A4DA48A" && level==0} -index 0' command is executed.
14:11:05 INFO  : 'fpga -state' command is executed.
14:11:05 INFO  : Connected to target on host '127.0.0.1' and port '3121'.
14:11:05 INFO  : Jtag cable 'Digilent Basys3 210183A4DA48A' is selected.
14:11:05 INFO  : 'jtag frequency' command is executed.
14:11:05 INFO  : 'configparams mdm-detect-bscan-mask 2' command is executed.
14:11:05 INFO  : Context for processor 'microblaze_0' is selected.
14:11:05 INFO  : Processor reset is completed for 'microblaze_0'.
14:11:05 INFO  : Context for processor 'microblaze_0' is selected.
14:11:05 INFO  : The application 'U:/Documents/SoC/TP/TP_ublaze_3IS/TP_ublaze_3IS.sdk/again/Debug/again.elf' is downloaded to processor 'microblaze_0'.
14:11:05 INFO  : ----------------XSDB Script----------------
connect -url tcp:127.0.0.1:3121
configparams mdm-detect-bscan-mask 2
targets -set -nocase -filter {name =~ "microblaze*#0" && bscan=="USER2"  && jtag_cable_name =~ "Digilent Basys3 210183A4DA48A"} -index 0
rst -processor
targets -set -nocase -filter {name =~ "microblaze*#0" && bscan=="USER2"  && jtag_cable_name =~ "Digilent Basys3 210183A4DA48A"} -index 0
dow U:/Documents/SoC/TP/TP_ublaze_3IS/TP_ublaze_3IS.sdk/again/Debug/again.elf
----------------End of Script----------------

14:11:05 INFO  : Memory regions updated for context PA
14:11:05 INFO  : Memory regions updated for context PA
14:11:05 INFO  : Context for processor 'microblaze_0' is selected.
14:11:05 INFO  : 'con' command is executed.
14:11:05 INFO  : ----------------XSDB Script (After Launch)----------------
targets -set -nocase -filter {name =~ "microblaze*#0" && bscan=="USER2"  && jtag_cable_name =~ "Digilent Basys3 210183A4DA48A"} -index 0
con
----------------End of Script----------------

14:11:05 INFO  : Launch script is exported to file 'U:\Documents\SoC\TP\TP_ublaze_3IS\TP_ublaze_3IS.sdk\.sdk\launch_scripts\xilinx_c-c++_application_(system_debugger)\system_debugger_using_debug_again.elf_on_local.tcl'
14:40:12 INFO  : Disconnected from the channel tcfchan#11.
14:40:13 INFO  : 'targets -set -filter {jtag_cable_name =~ "Digilent Basys3 210183A4DA48A" && level==0} -index 0' command is executed.
14:40:13 INFO  : 'fpga -state' command is executed.
14:40:13 INFO  : Connected to target on host '127.0.0.1' and port '3121'.
14:40:13 INFO  : Jtag cable 'Digilent Basys3 210183A4DA48A' is selected.
14:40:13 INFO  : 'jtag frequency' command is executed.
14:40:13 INFO  : 'configparams mdm-detect-bscan-mask 2' command is executed.
14:40:13 INFO  : Context for processor 'microblaze_0' is selected.
14:40:13 INFO  : Processor reset is completed for 'microblaze_0'.
14:40:13 INFO  : Context for processor 'microblaze_0' is selected.
14:40:13 INFO  : The application 'U:/Documents/SoC/TP/TP_ublaze_3IS/TP_ublaze_3IS.sdk/again/Debug/again.elf' is downloaded to processor 'microblaze_0'.
14:40:13 INFO  : ----------------XSDB Script----------------
connect -url tcp:127.0.0.1:3121
configparams mdm-detect-bscan-mask 2
targets -set -nocase -filter {name =~ "microblaze*#0" && bscan=="USER2"  && jtag_cable_name =~ "Digilent Basys3 210183A4DA48A"} -index 0
rst -processor
targets -set -nocase -filter {name =~ "microblaze*#0" && bscan=="USER2"  && jtag_cable_name =~ "Digilent Basys3 210183A4DA48A"} -index 0
dow U:/Documents/SoC/TP/TP_ublaze_3IS/TP_ublaze_3IS.sdk/again/Debug/again.elf
----------------End of Script----------------

14:40:13 INFO  : Memory regions updated for context PA
14:40:13 INFO  : Memory regions updated for context PA
14:40:13 INFO  : Context for processor 'microblaze_0' is selected.
14:40:13 INFO  : 'con' command is executed.
14:40:13 INFO  : ----------------XSDB Script (After Launch)----------------
targets -set -nocase -filter {name =~ "microblaze*#0" && bscan=="USER2"  && jtag_cable_name =~ "Digilent Basys3 210183A4DA48A"} -index 0
con
----------------End of Script----------------

14:40:13 INFO  : Launch script is exported to file 'U:\Documents\SoC\TP\TP_ublaze_3IS\TP_ublaze_3IS.sdk\.sdk\launch_scripts\xilinx_c-c++_application_(system_debugger)\system_debugger_using_debug_again.elf_on_local.tcl'
14:41:28 INFO  : Disconnected from the channel tcfchan#12.
14:41:30 INFO  : 'targets -set -filter {jtag_cable_name =~ "Digilent Basys3 210183A4DA48A" && level==0} -index 0' command is executed.
14:41:30 INFO  : 'fpga -state' command is executed.
14:41:30 INFO  : Connected to target on host '127.0.0.1' and port '3121'.
14:41:30 INFO  : Jtag cable 'Digilent Basys3 210183A4DA48A' is selected.
14:41:30 INFO  : 'jtag frequency' command is executed.
14:41:30 INFO  : 'configparams mdm-detect-bscan-mask 2' command is executed.
14:41:30 INFO  : Context for processor 'microblaze_0' is selected.
14:41:30 INFO  : Processor reset is completed for 'microblaze_0'.
14:41:30 INFO  : Context for processor 'microblaze_0' is selected.
14:41:30 INFO  : The application 'U:/Documents/SoC/TP/TP_ublaze_3IS/TP_ublaze_3IS.sdk/again/Debug/again.elf' is downloaded to processor 'microblaze_0'.
14:41:30 INFO  : ----------------XSDB Script----------------
connect -url tcp:127.0.0.1:3121
configparams mdm-detect-bscan-mask 2
targets -set -nocase -filter {name =~ "microblaze*#0" && bscan=="USER2"  && jtag_cable_name =~ "Digilent Basys3 210183A4DA48A"} -index 0
rst -processor
targets -set -nocase -filter {name =~ "microblaze*#0" && bscan=="USER2"  && jtag_cable_name =~ "Digilent Basys3 210183A4DA48A"} -index 0
dow U:/Documents/SoC/TP/TP_ublaze_3IS/TP_ublaze_3IS.sdk/again/Debug/again.elf
----------------End of Script----------------

14:41:30 INFO  : Memory regions updated for context PA
14:41:30 INFO  : Memory regions updated for context PA
14:41:30 INFO  : Context for processor 'microblaze_0' is selected.
14:41:30 INFO  : 'con' command is executed.
14:41:30 INFO  : ----------------XSDB Script (After Launch)----------------
targets -set -nocase -filter {name =~ "microblaze*#0" && bscan=="USER2"  && jtag_cable_name =~ "Digilent Basys3 210183A4DA48A"} -index 0
con
----------------End of Script----------------

14:41:30 INFO  : Launch script is exported to file 'U:\Documents\SoC\TP\TP_ublaze_3IS\TP_ublaze_3IS.sdk\.sdk\launch_scripts\xilinx_c-c++_application_(system_debugger)\system_debugger_using_debug_again.elf_on_local.tcl'
14:41:58 INFO  : Disconnected from the channel tcfchan#13.
14:41:59 INFO  : 'targets -set -filter {jtag_cable_name =~ "Digilent Basys3 210183A4DA48A" && level==0} -index 0' command is executed.
14:41:59 INFO  : 'fpga -state' command is executed.
14:41:59 INFO  : Connected to target on host '127.0.0.1' and port '3121'.
14:41:59 INFO  : Jtag cable 'Digilent Basys3 210183A4DA48A' is selected.
14:41:59 INFO  : 'jtag frequency' command is executed.
14:41:59 INFO  : 'configparams mdm-detect-bscan-mask 2' command is executed.
14:41:59 INFO  : Context for processor 'microblaze_0' is selected.
14:41:59 INFO  : Processor reset is completed for 'microblaze_0'.
14:41:59 INFO  : Context for processor 'microblaze_0' is selected.
14:41:59 INFO  : The application 'U:/Documents/SoC/TP/TP_ublaze_3IS/TP_ublaze_3IS.sdk/again/Debug/again.elf' is downloaded to processor 'microblaze_0'.
14:41:59 INFO  : ----------------XSDB Script----------------
connect -url tcp:127.0.0.1:3121
configparams mdm-detect-bscan-mask 2
targets -set -nocase -filter {name =~ "microblaze*#0" && bscan=="USER2"  && jtag_cable_name =~ "Digilent Basys3 210183A4DA48A"} -index 0
rst -processor
targets -set -nocase -filter {name =~ "microblaze*#0" && bscan=="USER2"  && jtag_cable_name =~ "Digilent Basys3 210183A4DA48A"} -index 0
dow U:/Documents/SoC/TP/TP_ublaze_3IS/TP_ublaze_3IS.sdk/again/Debug/again.elf
----------------End of Script----------------

14:41:59 INFO  : Memory regions updated for context PA
14:41:59 INFO  : Memory regions updated for context PA
14:41:59 INFO  : Context for processor 'microblaze_0' is selected.
14:41:59 INFO  : 'con' command is executed.
14:41:59 INFO  : ----------------XSDB Script (After Launch)----------------
targets -set -nocase -filter {name =~ "microblaze*#0" && bscan=="USER2"  && jtag_cable_name =~ "Digilent Basys3 210183A4DA48A"} -index 0
con
----------------End of Script----------------

14:41:59 INFO  : Launch script is exported to file 'U:\Documents\SoC\TP\TP_ublaze_3IS\TP_ublaze_3IS.sdk\.sdk\launch_scripts\xilinx_c-c++_application_(system_debugger)\system_debugger_using_debug_again.elf_on_local.tcl'
14:42:58 INFO  : Disconnected from the channel tcfchan#14.
14:42:59 INFO  : 'targets -set -filter {jtag_cable_name =~ "Digilent Basys3 210183A4DA48A" && level==0} -index 0' command is executed.
14:42:59 INFO  : 'fpga -state' command is executed.
14:42:59 INFO  : Connected to target on host '127.0.0.1' and port '3121'.
14:42:59 INFO  : Jtag cable 'Digilent Basys3 210183A4DA48A' is selected.
14:42:59 INFO  : 'jtag frequency' command is executed.
14:42:59 INFO  : 'configparams mdm-detect-bscan-mask 2' command is executed.
14:42:59 INFO  : Context for processor 'microblaze_0' is selected.
14:42:59 INFO  : Processor reset is completed for 'microblaze_0'.
14:42:59 INFO  : Context for processor 'microblaze_0' is selected.
14:42:59 INFO  : The application 'U:/Documents/SoC/TP/TP_ublaze_3IS/TP_ublaze_3IS.sdk/again/Debug/again.elf' is downloaded to processor 'microblaze_0'.
14:42:59 INFO  : ----------------XSDB Script----------------
connect -url tcp:127.0.0.1:3121
configparams mdm-detect-bscan-mask 2
targets -set -nocase -filter {name =~ "microblaze*#0" && bscan=="USER2"  && jtag_cable_name =~ "Digilent Basys3 210183A4DA48A"} -index 0
rst -processor
targets -set -nocase -filter {name =~ "microblaze*#0" && bscan=="USER2"  && jtag_cable_name =~ "Digilent Basys3 210183A4DA48A"} -index 0
dow U:/Documents/SoC/TP/TP_ublaze_3IS/TP_ublaze_3IS.sdk/again/Debug/again.elf
----------------End of Script----------------

14:42:59 INFO  : Memory regions updated for context PA
14:42:59 INFO  : Memory regions updated for context PA
14:42:59 INFO  : Context for processor 'microblaze_0' is selected.
14:42:59 INFO  : 'con' command is executed.
14:42:59 INFO  : ----------------XSDB Script (After Launch)----------------
targets -set -nocase -filter {name =~ "microblaze*#0" && bscan=="USER2"  && jtag_cable_name =~ "Digilent Basys3 210183A4DA48A"} -index 0
con
----------------End of Script----------------

14:42:59 INFO  : Launch script is exported to file 'U:\Documents\SoC\TP\TP_ublaze_3IS\TP_ublaze_3IS.sdk\.sdk\launch_scripts\xilinx_c-c++_application_(system_debugger)\system_debugger_using_debug_again.elf_on_local.tcl'
14:43:04 INFO  : Disconnected from the channel tcfchan#15.
14:43:05 INFO  : 'targets -set -filter {jtag_cable_name =~ "Digilent Basys3 210183A4DA48A" && level==0} -index 0' command is executed.
14:43:05 INFO  : 'fpga -state' command is executed.
14:43:05 INFO  : Connected to target on host '127.0.0.1' and port '3121'.
14:43:05 INFO  : Jtag cable 'Digilent Basys3 210183A4DA48A' is selected.
14:43:05 INFO  : 'jtag frequency' command is executed.
14:43:05 INFO  : 'configparams mdm-detect-bscan-mask 2' command is executed.
14:43:05 INFO  : Context for processor 'microblaze_0' is selected.
14:43:05 INFO  : Processor reset is completed for 'microblaze_0'.
14:43:05 INFO  : Context for processor 'microblaze_0' is selected.
14:43:05 INFO  : The application 'U:/Documents/SoC/TP/TP_ublaze_3IS/TP_ublaze_3IS.sdk/again/Debug/again.elf' is downloaded to processor 'microblaze_0'.
14:43:05 INFO  : ----------------XSDB Script----------------
connect -url tcp:127.0.0.1:3121
configparams mdm-detect-bscan-mask 2
targets -set -nocase -filter {name =~ "microblaze*#0" && bscan=="USER2"  && jtag_cable_name =~ "Digilent Basys3 210183A4DA48A"} -index 0
rst -processor
targets -set -nocase -filter {name =~ "microblaze*#0" && bscan=="USER2"  && jtag_cable_name =~ "Digilent Basys3 210183A4DA48A"} -index 0
dow U:/Documents/SoC/TP/TP_ublaze_3IS/TP_ublaze_3IS.sdk/again/Debug/again.elf
----------------End of Script----------------

14:43:05 INFO  : Memory regions updated for context PA
14:43:05 INFO  : Memory regions updated for context PA
14:43:05 INFO  : Context for processor 'microblaze_0' is selected.
14:43:05 INFO  : 'con' command is executed.
14:43:05 INFO  : ----------------XSDB Script (After Launch)----------------
targets -set -nocase -filter {name =~ "microblaze*#0" && bscan=="USER2"  && jtag_cable_name =~ "Digilent Basys3 210183A4DA48A"} -index 0
con
----------------End of Script----------------

14:43:05 INFO  : Launch script is exported to file 'U:\Documents\SoC\TP\TP_ublaze_3IS\TP_ublaze_3IS.sdk\.sdk\launch_scripts\xilinx_c-c++_application_(system_debugger)\system_debugger_using_debug_again.elf_on_local.tcl'
14:51:01 INFO  : Disconnected from the channel tcfchan#16.
14:51:02 INFO  : 'targets -set -filter {jtag_cable_name =~ "Digilent Basys3 210183A4DA48A" && level==0} -index 0' command is executed.
14:51:02 INFO  : 'fpga -state' command is executed.
14:51:02 INFO  : Connected to target on host '127.0.0.1' and port '3121'.
14:51:02 INFO  : Jtag cable 'Digilent Basys3 210183A4DA48A' is selected.
14:51:02 INFO  : 'jtag frequency' command is executed.
14:51:02 INFO  : 'configparams mdm-detect-bscan-mask 2' command is executed.
14:51:02 INFO  : Context for processor 'microblaze_0' is selected.
14:51:02 INFO  : Processor reset is completed for 'microblaze_0'.
14:51:02 INFO  : Context for processor 'microblaze_0' is selected.
14:51:02 INFO  : The application 'U:/Documents/SoC/TP/TP_ublaze_3IS/TP_ublaze_3IS.sdk/again/Debug/again.elf' is downloaded to processor 'microblaze_0'.
14:51:02 INFO  : ----------------XSDB Script----------------
connect -url tcp:127.0.0.1:3121
configparams mdm-detect-bscan-mask 2
targets -set -nocase -filter {name =~ "microblaze*#0" && bscan=="USER2"  && jtag_cable_name =~ "Digilent Basys3 210183A4DA48A"} -index 0
rst -processor
targets -set -nocase -filter {name =~ "microblaze*#0" && bscan=="USER2"  && jtag_cable_name =~ "Digilent Basys3 210183A4DA48A"} -index 0
dow U:/Documents/SoC/TP/TP_ublaze_3IS/TP_ublaze_3IS.sdk/again/Debug/again.elf
----------------End of Script----------------

14:51:02 INFO  : Memory regions updated for context PA
14:51:02 INFO  : Memory regions updated for context PA
14:51:02 INFO  : Context for processor 'microblaze_0' is selected.
14:51:02 INFO  : 'con' command is executed.
14:51:02 INFO  : ----------------XSDB Script (After Launch)----------------
targets -set -nocase -filter {name =~ "microblaze*#0" && bscan=="USER2"  && jtag_cable_name =~ "Digilent Basys3 210183A4DA48A"} -index 0
con
----------------End of Script----------------

14:51:02 INFO  : Launch script is exported to file 'U:\Documents\SoC\TP\TP_ublaze_3IS\TP_ublaze_3IS.sdk\.sdk\launch_scripts\xilinx_c-c++_application_(system_debugger)\system_debugger_using_debug_again.elf_on_local.tcl'
14:51:09 INFO  : Disconnected from the channel tcfchan#17.
14:51:10 INFO  : 'targets -set -filter {jtag_cable_name =~ "Digilent Basys3 210183A4DA48A" && level==0} -index 0' command is executed.
14:51:10 INFO  : 'fpga -state' command is executed.
14:51:10 INFO  : Connected to target on host '127.0.0.1' and port '3121'.
14:51:11 INFO  : Jtag cable 'Digilent Basys3 210183A4DA48A' is selected.
14:51:11 INFO  : 'jtag frequency' command is executed.
14:51:11 INFO  : 'configparams mdm-detect-bscan-mask 2' command is executed.
14:51:11 INFO  : Context for processor 'microblaze_0' is selected.
14:51:11 INFO  : Processor reset is completed for 'microblaze_0'.
14:51:11 INFO  : Context for processor 'microblaze_0' is selected.
14:51:11 INFO  : The application 'U:/Documents/SoC/TP/TP_ublaze_3IS/TP_ublaze_3IS.sdk/again/Debug/again.elf' is downloaded to processor 'microblaze_0'.
14:51:11 INFO  : ----------------XSDB Script----------------
connect -url tcp:127.0.0.1:3121
configparams mdm-detect-bscan-mask 2
targets -set -nocase -filter {name =~ "microblaze*#0" && bscan=="USER2"  && jtag_cable_name =~ "Digilent Basys3 210183A4DA48A"} -index 0
rst -processor
targets -set -nocase -filter {name =~ "microblaze*#0" && bscan=="USER2"  && jtag_cable_name =~ "Digilent Basys3 210183A4DA48A"} -index 0
dow U:/Documents/SoC/TP/TP_ublaze_3IS/TP_ublaze_3IS.sdk/again/Debug/again.elf
----------------End of Script----------------

14:51:11 INFO  : Memory regions updated for context PA
14:51:11 INFO  : Memory regions updated for context PA
14:51:11 INFO  : Context for processor 'microblaze_0' is selected.
14:51:11 INFO  : 'con' command is executed.
14:51:11 INFO  : ----------------XSDB Script (After Launch)----------------
targets -set -nocase -filter {name =~ "microblaze*#0" && bscan=="USER2"  && jtag_cable_name =~ "Digilent Basys3 210183A4DA48A"} -index 0
con
----------------End of Script----------------

14:51:11 INFO  : Launch script is exported to file 'U:\Documents\SoC\TP\TP_ublaze_3IS\TP_ublaze_3IS.sdk\.sdk\launch_scripts\xilinx_c-c++_application_(system_debugger)\system_debugger_using_debug_again.elf_on_local.tcl'
14:51:58 INFO  : Disconnected from the channel tcfchan#18.
14:51:59 INFO  : 'targets -set -filter {jtag_cable_name =~ "Digilent Basys3 210183A4DA48A" && level==0} -index 0' command is executed.
14:51:59 INFO  : 'fpga -state' command is executed.
14:51:59 INFO  : Connected to target on host '127.0.0.1' and port '3121'.
14:51:59 INFO  : Jtag cable 'Digilent Basys3 210183A4DA48A' is selected.
14:51:59 INFO  : 'jtag frequency' command is executed.
14:51:59 INFO  : 'configparams mdm-detect-bscan-mask 2' command is executed.
14:51:59 INFO  : Context for processor 'microblaze_0' is selected.
14:51:59 INFO  : Processor reset is completed for 'microblaze_0'.
14:51:59 INFO  : Context for processor 'microblaze_0' is selected.
14:51:59 INFO  : The application 'U:/Documents/SoC/TP/TP_ublaze_3IS/TP_ublaze_3IS.sdk/again/Debug/again.elf' is downloaded to processor 'microblaze_0'.
14:51:59 INFO  : ----------------XSDB Script----------------
connect -url tcp:127.0.0.1:3121
configparams mdm-detect-bscan-mask 2
targets -set -nocase -filter {name =~ "microblaze*#0" && bscan=="USER2"  && jtag_cable_name =~ "Digilent Basys3 210183A4DA48A"} -index 0
rst -processor
targets -set -nocase -filter {name =~ "microblaze*#0" && bscan=="USER2"  && jtag_cable_name =~ "Digilent Basys3 210183A4DA48A"} -index 0
dow U:/Documents/SoC/TP/TP_ublaze_3IS/TP_ublaze_3IS.sdk/again/Debug/again.elf
----------------End of Script----------------

14:52:00 INFO  : Memory regions updated for context PA
14:52:00 INFO  : Memory regions updated for context PA
14:52:00 INFO  : Context for processor 'microblaze_0' is selected.
14:52:00 INFO  : 'con' command is executed.
14:52:00 INFO  : ----------------XSDB Script (After Launch)----------------
targets -set -nocase -filter {name =~ "microblaze*#0" && bscan=="USER2"  && jtag_cable_name =~ "Digilent Basys3 210183A4DA48A"} -index 0
con
----------------End of Script----------------

14:52:00 INFO  : Launch script is exported to file 'U:\Documents\SoC\TP\TP_ublaze_3IS\TP_ublaze_3IS.sdk\.sdk\launch_scripts\xilinx_c-c++_application_(system_debugger)\system_debugger_using_debug_again.elf_on_local.tcl'
14:52:24 INFO  : Disconnected from the channel tcfchan#19.
14:52:26 INFO  : 'targets -set -filter {jtag_cable_name =~ "Digilent Basys3 210183A4DA48A" && level==0} -index 0' command is executed.
14:52:26 INFO  : 'fpga -state' command is executed.
14:52:26 INFO  : Connected to target on host '127.0.0.1' and port '3121'.
14:52:26 INFO  : Jtag cable 'Digilent Basys3 210183A4DA48A' is selected.
14:52:26 INFO  : 'jtag frequency' command is executed.
14:52:26 INFO  : 'configparams mdm-detect-bscan-mask 2' command is executed.
14:52:26 INFO  : Context for processor 'microblaze_0' is selected.
14:52:26 INFO  : Processor reset is completed for 'microblaze_0'.
14:52:26 INFO  : Context for processor 'microblaze_0' is selected.
14:52:26 INFO  : The application 'U:/Documents/SoC/TP/TP_ublaze_3IS/TP_ublaze_3IS.sdk/again/Debug/again.elf' is downloaded to processor 'microblaze_0'.
14:52:26 INFO  : ----------------XSDB Script----------------
connect -url tcp:127.0.0.1:3121
configparams mdm-detect-bscan-mask 2
targets -set -nocase -filter {name =~ "microblaze*#0" && bscan=="USER2"  && jtag_cable_name =~ "Digilent Basys3 210183A4DA48A"} -index 0
rst -processor
targets -set -nocase -filter {name =~ "microblaze*#0" && bscan=="USER2"  && jtag_cable_name =~ "Digilent Basys3 210183A4DA48A"} -index 0
dow U:/Documents/SoC/TP/TP_ublaze_3IS/TP_ublaze_3IS.sdk/again/Debug/again.elf
----------------End of Script----------------

14:52:26 INFO  : Memory regions updated for context PA
14:52:26 INFO  : Memory regions updated for context PA
14:52:26 INFO  : Context for processor 'microblaze_0' is selected.
14:52:26 INFO  : 'con' command is executed.
14:52:26 INFO  : ----------------XSDB Script (After Launch)----------------
targets -set -nocase -filter {name =~ "microblaze*#0" && bscan=="USER2"  && jtag_cable_name =~ "Digilent Basys3 210183A4DA48A"} -index 0
con
----------------End of Script----------------

14:52:26 INFO  : Launch script is exported to file 'U:\Documents\SoC\TP\TP_ublaze_3IS\TP_ublaze_3IS.sdk\.sdk\launch_scripts\xilinx_c-c++_application_(system_debugger)\system_debugger_using_debug_again.elf_on_local.tcl'
14:52:57 INFO  : Disconnected from the channel tcfchan#20.
14:52:58 INFO  : 'targets -set -filter {jtag_cable_name =~ "Digilent Basys3 210183A4DA48A" && level==0} -index 0' command is executed.
14:52:58 INFO  : 'fpga -state' command is executed.
14:52:58 INFO  : Connected to target on host '127.0.0.1' and port '3121'.
14:52:58 INFO  : Jtag cable 'Digilent Basys3 210183A4DA48A' is selected.
14:52:58 INFO  : 'jtag frequency' command is executed.
14:52:58 INFO  : 'configparams mdm-detect-bscan-mask 2' command is executed.
14:52:58 INFO  : Context for processor 'microblaze_0' is selected.
14:52:58 INFO  : Processor reset is completed for 'microblaze_0'.
14:52:58 INFO  : Context for processor 'microblaze_0' is selected.
14:52:58 INFO  : The application 'U:/Documents/SoC/TP/TP_ublaze_3IS/TP_ublaze_3IS.sdk/again/Debug/again.elf' is downloaded to processor 'microblaze_0'.
14:52:58 INFO  : ----------------XSDB Script----------------
connect -url tcp:127.0.0.1:3121
configparams mdm-detect-bscan-mask 2
targets -set -nocase -filter {name =~ "microblaze*#0" && bscan=="USER2"  && jtag_cable_name =~ "Digilent Basys3 210183A4DA48A"} -index 0
rst -processor
targets -set -nocase -filter {name =~ "microblaze*#0" && bscan=="USER2"  && jtag_cable_name =~ "Digilent Basys3 210183A4DA48A"} -index 0
dow U:/Documents/SoC/TP/TP_ublaze_3IS/TP_ublaze_3IS.sdk/again/Debug/again.elf
----------------End of Script----------------

14:52:58 INFO  : Memory regions updated for context PA
14:52:58 INFO  : Memory regions updated for context PA
14:52:58 INFO  : Context for processor 'microblaze_0' is selected.
14:52:58 INFO  : 'con' command is executed.
14:52:58 INFO  : ----------------XSDB Script (After Launch)----------------
targets -set -nocase -filter {name =~ "microblaze*#0" && bscan=="USER2"  && jtag_cable_name =~ "Digilent Basys3 210183A4DA48A"} -index 0
con
----------------End of Script----------------

14:52:58 INFO  : Launch script is exported to file 'U:\Documents\SoC\TP\TP_ublaze_3IS\TP_ublaze_3IS.sdk\.sdk\launch_scripts\xilinx_c-c++_application_(system_debugger)\system_debugger_using_debug_again.elf_on_local.tcl'
14:53:23 INFO  : Disconnected from the channel tcfchan#21.
14:53:24 INFO  : 'targets -set -filter {jtag_cable_name =~ "Digilent Basys3 210183A4DA48A" && level==0} -index 0' command is executed.
14:53:24 INFO  : 'fpga -state' command is executed.
14:53:24 INFO  : Connected to target on host '127.0.0.1' and port '3121'.
14:53:24 INFO  : Jtag cable 'Digilent Basys3 210183A4DA48A' is selected.
14:53:24 INFO  : 'jtag frequency' command is executed.
14:53:24 INFO  : 'configparams mdm-detect-bscan-mask 2' command is executed.
14:53:24 INFO  : Context for processor 'microblaze_0' is selected.
14:53:25 INFO  : Processor reset is completed for 'microblaze_0'.
14:53:25 INFO  : Context for processor 'microblaze_0' is selected.
14:53:25 INFO  : The application 'U:/Documents/SoC/TP/TP_ublaze_3IS/TP_ublaze_3IS.sdk/again/Debug/again.elf' is downloaded to processor 'microblaze_0'.
14:53:25 INFO  : ----------------XSDB Script----------------
connect -url tcp:127.0.0.1:3121
configparams mdm-detect-bscan-mask 2
targets -set -nocase -filter {name =~ "microblaze*#0" && bscan=="USER2"  && jtag_cable_name =~ "Digilent Basys3 210183A4DA48A"} -index 0
rst -processor
targets -set -nocase -filter {name =~ "microblaze*#0" && bscan=="USER2"  && jtag_cable_name =~ "Digilent Basys3 210183A4DA48A"} -index 0
dow U:/Documents/SoC/TP/TP_ublaze_3IS/TP_ublaze_3IS.sdk/again/Debug/again.elf
----------------End of Script----------------

14:53:25 INFO  : Memory regions updated for context PA
14:53:25 INFO  : Memory regions updated for context PA
14:53:25 INFO  : Context for processor 'microblaze_0' is selected.
14:53:25 INFO  : 'con' command is executed.
14:53:25 INFO  : ----------------XSDB Script (After Launch)----------------
targets -set -nocase -filter {name =~ "microblaze*#0" && bscan=="USER2"  && jtag_cable_name =~ "Digilent Basys3 210183A4DA48A"} -index 0
con
----------------End of Script----------------

14:53:25 INFO  : Launch script is exported to file 'U:\Documents\SoC\TP\TP_ublaze_3IS\TP_ublaze_3IS.sdk\.sdk\launch_scripts\xilinx_c-c++_application_(system_debugger)\system_debugger_using_debug_again.elf_on_local.tcl'
14:58:12 INFO  : Disconnected from the channel tcfchan#22.
14:58:13 INFO  : 'targets -set -filter {jtag_cable_name =~ "Digilent Basys3 210183A4DA48A" && level==0} -index 0' command is executed.
14:58:13 INFO  : 'fpga -state' command is executed.
14:58:13 INFO  : Connected to target on host '127.0.0.1' and port '3121'.
14:58:13 INFO  : Jtag cable 'Digilent Basys3 210183A4DA48A' is selected.
14:58:13 INFO  : 'jtag frequency' command is executed.
14:58:14 INFO  : 'configparams mdm-detect-bscan-mask 2' command is executed.
14:58:14 INFO  : Context for processor 'microblaze_0' is selected.
14:58:14 INFO  : Processor reset is completed for 'microblaze_0'.
14:58:14 INFO  : Context for processor 'microblaze_0' is selected.
14:58:14 INFO  : The application 'U:/Documents/SoC/TP/TP_ublaze_3IS/TP_ublaze_3IS.sdk/again/Debug/again.elf' is downloaded to processor 'microblaze_0'.
14:58:14 INFO  : ----------------XSDB Script----------------
connect -url tcp:127.0.0.1:3121
configparams mdm-detect-bscan-mask 2
targets -set -nocase -filter {name =~ "microblaze*#0" && bscan=="USER2"  && jtag_cable_name =~ "Digilent Basys3 210183A4DA48A"} -index 0
rst -processor
targets -set -nocase -filter {name =~ "microblaze*#0" && bscan=="USER2"  && jtag_cable_name =~ "Digilent Basys3 210183A4DA48A"} -index 0
dow U:/Documents/SoC/TP/TP_ublaze_3IS/TP_ublaze_3IS.sdk/again/Debug/again.elf
----------------End of Script----------------

14:58:14 INFO  : Memory regions updated for context PA
14:58:14 INFO  : Memory regions updated for context PA
14:58:14 INFO  : Context for processor 'microblaze_0' is selected.
14:58:14 INFO  : 'con' command is executed.
14:58:14 INFO  : ----------------XSDB Script (After Launch)----------------
targets -set -nocase -filter {name =~ "microblaze*#0" && bscan=="USER2"  && jtag_cable_name =~ "Digilent Basys3 210183A4DA48A"} -index 0
con
----------------End of Script----------------

14:58:14 INFO  : Launch script is exported to file 'U:\Documents\SoC\TP\TP_ublaze_3IS\TP_ublaze_3IS.sdk\.sdk\launch_scripts\xilinx_c-c++_application_(system_debugger)\system_debugger_using_debug_again.elf_on_local.tcl'
14:59:10 INFO  : Disconnected from the channel tcfchan#23.
14:59:11 INFO  : 'targets -set -filter {jtag_cable_name =~ "Digilent Basys3 210183A4DA48A" && level==0} -index 0' command is executed.
14:59:11 INFO  : 'fpga -state' command is executed.
14:59:11 INFO  : Connected to target on host '127.0.0.1' and port '3121'.
14:59:12 INFO  : Jtag cable 'Digilent Basys3 210183A4DA48A' is selected.
14:59:12 INFO  : 'jtag frequency' command is executed.
14:59:12 ERROR : 'configparams mdm-detect-bscan-mask 2' is cancelled.
14:59:12 INFO  : ----------------XSDB Script----------------
connect -url tcp:127.0.0.1:3121
configparams mdm-detect-bscan-mask 2
----------------End of Script----------------

14:59:12 INFO  : Issued abort command to xsdb.
14:59:56 ERROR : Failed to connect to hardware server on host '127.0.0.1' and port '3121'.
Reason: abort
15:00:23 ERROR : Failed to connect to hardware server on host '127.0.0.1' and port '3121'.
Reason: abort
15:00:57 ERROR : Failed to connect to hardware server on host '127.0.0.1' and port '3121'.
Reason: abort
15:01:31 INFO  : Registering command handlers for SDK TCF services
15:01:31 INFO  : Launching XSCT server: xsct.bat -interactive U:\Documents\SoC\TP\TP_ublaze_3IS\TP_ublaze_3IS.sdk\temp_xsdb_launch_script.tcl
15:01:33 INFO  : XSCT server has started successfully.
15:01:33 INFO  : Successfully done setting XSCT server connection channel  
15:01:34 INFO  : Processing command line option -hwspec U:/Documents/SoC/TP/TP_ublaze_3IS/TP_ublaze_3IS.sdk/SEG7_upgrade_wrapper.hdf.
15:01:34 INFO  : Successfully done setting SDK workspace  
15:01:34 INFO  : Checking for hwspec changes in the project SEG7_upgrade_wrapper_hw_platform_0.
15:01:51 INFO  : Connected to target on host '127.0.0.1' and port '3121'.
15:01:51 INFO  : 'targets -set -filter {jtag_cable_name =~ "Digilent Basys3 210183A4DA48A" && level==0} -index 0' command is executed.
15:01:53 INFO  : FPGA configured successfully with bitstream "U:/Documents/SoC/TP/TP_ublaze_3IS/TP_ublaze_3IS.sdk/SEG7_upgrade_wrapper_hw_platform_0/download.bit"
15:02:08 INFO  : 'targets -set -filter {jtag_cable_name =~ "Digilent Basys3 210183A4DA48A" && level==0} -index 0' command is executed.
15:02:08 INFO  : 'fpga -state' command is executed.
15:02:08 INFO  : Connected to target on host '127.0.0.1' and port '3121'.
15:02:08 INFO  : Jtag cable 'Digilent Basys3 210183A4DA48A' is selected.
15:02:08 INFO  : 'jtag frequency' command is executed.
15:02:08 INFO  : 'configparams mdm-detect-bscan-mask 2' command is executed.
15:02:08 INFO  : Context for processor 'microblaze_0' is selected.
15:02:08 INFO  : Processor reset is completed for 'microblaze_0'.
15:02:08 INFO  : Context for processor 'microblaze_0' is selected.
15:02:08 INFO  : The application 'U:/Documents/SoC/TP/TP_ublaze_3IS/TP_ublaze_3IS.sdk/again/Debug/again.elf' is downloaded to processor 'microblaze_0'.
15:02:08 INFO  : ----------------XSDB Script----------------
connect -url tcp:127.0.0.1:3121
configparams mdm-detect-bscan-mask 2
targets -set -nocase -filter {name =~ "microblaze*#0" && bscan=="USER2"  && jtag_cable_name =~ "Digilent Basys3 210183A4DA48A"} -index 0
rst -processor
targets -set -nocase -filter {name =~ "microblaze*#0" && bscan=="USER2"  && jtag_cable_name =~ "Digilent Basys3 210183A4DA48A"} -index 0
dow U:/Documents/SoC/TP/TP_ublaze_3IS/TP_ublaze_3IS.sdk/again/Debug/again.elf
----------------End of Script----------------

15:02:08 INFO  : Memory regions updated for context PA
15:02:08 INFO  : Memory regions updated for context PA
15:02:08 INFO  : Context for processor 'microblaze_0' is selected.
15:02:08 INFO  : 'con' command is executed.
15:02:08 INFO  : ----------------XSDB Script (After Launch)----------------
targets -set -nocase -filter {name =~ "microblaze*#0" && bscan=="USER2"  && jtag_cable_name =~ "Digilent Basys3 210183A4DA48A"} -index 0
con
----------------End of Script----------------

15:02:08 INFO  : Launch script is exported to file 'U:\Documents\SoC\TP\TP_ublaze_3IS\TP_ublaze_3IS.sdk\.sdk\launch_scripts\xilinx_c-c++_application_(system_debugger)\system_debugger_using_debug_again.elf_on_local.tcl'
15:02:44 INFO  : Disconnected from the channel tcfchan#1.
15:02:45 INFO  : 'targets -set -filter {jtag_cable_name =~ "Digilent Basys3 210183A4DA48A" && level==0} -index 0' command is executed.
15:02:45 INFO  : 'fpga -state' command is executed.
15:02:45 INFO  : Connected to target on host '127.0.0.1' and port '3121'.
15:02:45 INFO  : Jtag cable 'Digilent Basys3 210183A4DA48A' is selected.
15:02:45 INFO  : 'jtag frequency' command is executed.
15:02:45 INFO  : 'configparams mdm-detect-bscan-mask 2' command is executed.
15:02:45 INFO  : Context for processor 'microblaze_0' is selected.
15:02:45 INFO  : Processor reset is completed for 'microblaze_0'.
15:02:45 INFO  : Context for processor 'microblaze_0' is selected.
15:02:45 INFO  : The application 'U:/Documents/SoC/TP/TP_ublaze_3IS/TP_ublaze_3IS.sdk/again/Debug/again.elf' is downloaded to processor 'microblaze_0'.
15:02:45 INFO  : ----------------XSDB Script----------------
connect -url tcp:127.0.0.1:3121
configparams mdm-detect-bscan-mask 2
targets -set -nocase -filter {name =~ "microblaze*#0" && bscan=="USER2"  && jtag_cable_name =~ "Digilent Basys3 210183A4DA48A"} -index 0
rst -processor
targets -set -nocase -filter {name =~ "microblaze*#0" && bscan=="USER2"  && jtag_cable_name =~ "Digilent Basys3 210183A4DA48A"} -index 0
dow U:/Documents/SoC/TP/TP_ublaze_3IS/TP_ublaze_3IS.sdk/again/Debug/again.elf
----------------End of Script----------------

15:02:45 INFO  : Memory regions updated for context PA
15:02:45 INFO  : Memory regions updated for context PA
15:02:46 INFO  : Context for processor 'microblaze_0' is selected.
15:02:46 INFO  : 'con' command is executed.
15:02:46 INFO  : ----------------XSDB Script (After Launch)----------------
targets -set -nocase -filter {name =~ "microblaze*#0" && bscan=="USER2"  && jtag_cable_name =~ "Digilent Basys3 210183A4DA48A"} -index 0
con
----------------End of Script----------------

15:02:46 INFO  : Launch script is exported to file 'U:\Documents\SoC\TP\TP_ublaze_3IS\TP_ublaze_3IS.sdk\.sdk\launch_scripts\xilinx_c-c++_application_(system_debugger)\system_debugger_using_debug_again.elf_on_local.tcl'
15:04:02 INFO  : Disconnected from the channel tcfchan#2.
15:04:03 INFO  : 'targets -set -filter {jtag_cable_name =~ "Digilent Basys3 210183A4DA48A" && level==0} -index 0' command is executed.
15:04:03 INFO  : 'fpga -state' command is executed.
15:04:03 INFO  : Connected to target on host '127.0.0.1' and port '3121'.
15:04:03 INFO  : Jtag cable 'Digilent Basys3 210183A4DA48A' is selected.
15:04:03 INFO  : 'jtag frequency' command is executed.
15:04:03 INFO  : 'configparams mdm-detect-bscan-mask 2' command is executed.
15:04:03 INFO  : Context for processor 'microblaze_0' is selected.
15:04:03 INFO  : Processor reset is completed for 'microblaze_0'.
15:04:03 INFO  : Context for processor 'microblaze_0' is selected.
15:04:03 INFO  : The application 'U:/Documents/SoC/TP/TP_ublaze_3IS/TP_ublaze_3IS.sdk/again/Debug/again.elf' is downloaded to processor 'microblaze_0'.
15:04:03 INFO  : ----------------XSDB Script----------------
connect -url tcp:127.0.0.1:3121
configparams mdm-detect-bscan-mask 2
targets -set -nocase -filter {name =~ "microblaze*#0" && bscan=="USER2"  && jtag_cable_name =~ "Digilent Basys3 210183A4DA48A"} -index 0
rst -processor
targets -set -nocase -filter {name =~ "microblaze*#0" && bscan=="USER2"  && jtag_cable_name =~ "Digilent Basys3 210183A4DA48A"} -index 0
dow U:/Documents/SoC/TP/TP_ublaze_3IS/TP_ublaze_3IS.sdk/again/Debug/again.elf
----------------End of Script----------------

15:04:03 INFO  : Memory regions updated for context PA
15:04:03 INFO  : Memory regions updated for context PA
15:04:04 INFO  : Context for processor 'microblaze_0' is selected.
15:04:04 INFO  : 'con' command is executed.
15:04:04 INFO  : ----------------XSDB Script (After Launch)----------------
targets -set -nocase -filter {name =~ "microblaze*#0" && bscan=="USER2"  && jtag_cable_name =~ "Digilent Basys3 210183A4DA48A"} -index 0
con
----------------End of Script----------------

15:04:04 INFO  : Launch script is exported to file 'U:\Documents\SoC\TP\TP_ublaze_3IS\TP_ublaze_3IS.sdk\.sdk\launch_scripts\xilinx_c-c++_application_(system_debugger)\system_debugger_using_debug_again.elf_on_local.tcl'
15:05:15 INFO  : Disconnected from the channel tcfchan#3.
15:05:16 INFO  : 'targets -set -filter {jtag_cable_name =~ "Digilent Basys3 210183A4DA48A" && level==0} -index 0' command is executed.
15:05:16 INFO  : 'fpga -state' command is executed.
15:05:16 ERROR : Failed to connect to hardware server on host '127.0.0.1' and port '3121'.
Reason: 'connect -url tcp:127.0.0.1:3121' is cancelled.
15:05:16 INFO  : ----------------XSDB Script----------------
connect -url tcp:127.0.0.1:3121
----------------End of Script----------------

15:05:16 INFO  : Issued abort command to xsdb.
15:06:03 INFO  : Registering command handlers for SDK TCF services
15:06:03 INFO  : Launching XSCT server: xsct.bat -interactive U:\Documents\SoC\TP\TP_ublaze_3IS\TP_ublaze_3IS.sdk\temp_xsdb_launch_script.tcl
15:06:05 INFO  : XSCT server has started successfully.
15:06:05 INFO  : Successfully done setting XSCT server connection channel  
15:06:05 INFO  : Processing command line option -hwspec U:/Documents/SoC/TP/TP_ublaze_3IS/TP_ublaze_3IS.sdk/SEG7_upgrade_wrapper.hdf.
15:06:05 INFO  : Successfully done setting SDK workspace  
15:06:05 INFO  : Checking for hwspec changes in the project SEG7_upgrade_wrapper_hw_platform_0.
15:06:26 INFO  : Connected to target on host '127.0.0.1' and port '3121'.
15:06:27 INFO  : 'targets -set -filter {jtag_cable_name =~ "Digilent Basys3 210183A4DA48A" && level==0} -index 0' command is executed.
15:06:28 INFO  : FPGA configured successfully with bitstream "U:/Documents/SoC/TP/TP_ublaze_3IS/TP_ublaze_3IS.sdk/SEG7_upgrade_wrapper_hw_platform_0/download.bit"
15:06:38 INFO  : 'targets -set -filter {jtag_cable_name =~ "Digilent Basys3 210183A4DA48A" && level==0} -index 0' command is executed.
15:06:38 INFO  : 'fpga -state' command is executed.
15:06:38 INFO  : Connected to target on host '127.0.0.1' and port '3121'.
15:06:38 INFO  : Jtag cable 'Digilent Basys3 210183A4DA48A' is selected.
15:06:38 INFO  : 'jtag frequency' command is executed.
15:06:38 INFO  : 'configparams mdm-detect-bscan-mask 2' command is executed.
15:06:38 INFO  : Context for processor 'microblaze_0' is selected.
15:06:38 INFO  : Processor reset is completed for 'microblaze_0'.
15:06:38 INFO  : Context for processor 'microblaze_0' is selected.
15:06:38 INFO  : The application 'U:/Documents/SoC/TP/TP_ublaze_3IS/TP_ublaze_3IS.sdk/again/Debug/again.elf' is downloaded to processor 'microblaze_0'.
15:06:38 INFO  : ----------------XSDB Script----------------
connect -url tcp:127.0.0.1:3121
configparams mdm-detect-bscan-mask 2
targets -set -nocase -filter {name =~ "microblaze*#0" && bscan=="USER2"  && jtag_cable_name =~ "Digilent Basys3 210183A4DA48A"} -index 0
rst -processor
targets -set -nocase -filter {name =~ "microblaze*#0" && bscan=="USER2"  && jtag_cable_name =~ "Digilent Basys3 210183A4DA48A"} -index 0
dow U:/Documents/SoC/TP/TP_ublaze_3IS/TP_ublaze_3IS.sdk/again/Debug/again.elf
----------------End of Script----------------

15:06:38 INFO  : Memory regions updated for context PA
15:06:38 INFO  : Memory regions updated for context PA
15:06:38 INFO  : Context for processor 'microblaze_0' is selected.
15:06:38 INFO  : 'con' command is executed.
15:06:38 INFO  : ----------------XSDB Script (After Launch)----------------
targets -set -nocase -filter {name =~ "microblaze*#0" && bscan=="USER2"  && jtag_cable_name =~ "Digilent Basys3 210183A4DA48A"} -index 0
con
----------------End of Script----------------

15:06:38 INFO  : Launch script is exported to file 'U:\Documents\SoC\TP\TP_ublaze_3IS\TP_ublaze_3IS.sdk\.sdk\launch_scripts\xilinx_c-c++_application_(system_debugger)\system_debugger_using_debug_again.elf_on_local.tcl'
15:07:04 INFO  : Disconnected from the channel tcfchan#1.
15:07:05 INFO  : 'targets -set -filter {jtag_cable_name =~ "Digilent Basys3 210183A4DA48A" && level==0} -index 0' command is executed.
15:07:05 INFO  : 'fpga -state' command is executed.
15:07:05 INFO  : Connected to target on host '127.0.0.1' and port '3121'.
15:07:05 INFO  : Jtag cable 'Digilent Basys3 210183A4DA48A' is selected.
15:07:05 INFO  : 'jtag frequency' command is executed.
15:07:05 INFO  : 'configparams mdm-detect-bscan-mask 2' command is executed.
15:07:05 INFO  : Context for processor 'microblaze_0' is selected.
15:07:05 INFO  : Processor reset is completed for 'microblaze_0'.
15:07:05 INFO  : Context for processor 'microblaze_0' is selected.
15:07:05 INFO  : The application 'U:/Documents/SoC/TP/TP_ublaze_3IS/TP_ublaze_3IS.sdk/again/Debug/again.elf' is downloaded to processor 'microblaze_0'.
15:07:05 INFO  : ----------------XSDB Script----------------
connect -url tcp:127.0.0.1:3121
configparams mdm-detect-bscan-mask 2
targets -set -nocase -filter {name =~ "microblaze*#0" && bscan=="USER2"  && jtag_cable_name =~ "Digilent Basys3 210183A4DA48A"} -index 0
rst -processor
targets -set -nocase -filter {name =~ "microblaze*#0" && bscan=="USER2"  && jtag_cable_name =~ "Digilent Basys3 210183A4DA48A"} -index 0
dow U:/Documents/SoC/TP/TP_ublaze_3IS/TP_ublaze_3IS.sdk/again/Debug/again.elf
----------------End of Script----------------

15:07:05 INFO  : Memory regions updated for context PA
15:07:05 INFO  : Memory regions updated for context PA
15:07:05 INFO  : Context for processor 'microblaze_0' is selected.
15:07:05 INFO  : 'con' command is executed.
15:07:05 INFO  : ----------------XSDB Script (After Launch)----------------
targets -set -nocase -filter {name =~ "microblaze*#0" && bscan=="USER2"  && jtag_cable_name =~ "Digilent Basys3 210183A4DA48A"} -index 0
con
----------------End of Script----------------

15:07:05 INFO  : Launch script is exported to file 'U:\Documents\SoC\TP\TP_ublaze_3IS\TP_ublaze_3IS.sdk\.sdk\launch_scripts\xilinx_c-c++_application_(system_debugger)\system_debugger_using_debug_again.elf_on_local.tcl'
15:11:11 INFO  : Disconnected from the channel tcfchan#2.
15:11:12 INFO  : 'targets -set -filter {jtag_cable_name =~ "Digilent Basys3 210183A4DA48A" && level==0} -index 0' command is executed.
15:11:12 INFO  : 'fpga -state' command is executed.
15:11:12 INFO  : Connected to target on host '127.0.0.1' and port '3121'.
15:11:12 INFO  : Jtag cable 'Digilent Basys3 210183A4DA48A' is selected.
15:11:12 INFO  : 'jtag frequency' command is executed.
15:11:12 INFO  : 'configparams mdm-detect-bscan-mask 2' command is executed.
15:11:12 INFO  : Context for processor 'microblaze_0' is selected.
15:11:12 INFO  : Processor reset is completed for 'microblaze_0'.
15:11:12 INFO  : Context for processor 'microblaze_0' is selected.
15:11:12 INFO  : The application 'U:/Documents/SoC/TP/TP_ublaze_3IS/TP_ublaze_3IS.sdk/again/Debug/again.elf' is downloaded to processor 'microblaze_0'.
15:11:12 INFO  : ----------------XSDB Script----------------
connect -url tcp:127.0.0.1:3121
configparams mdm-detect-bscan-mask 2
targets -set -nocase -filter {name =~ "microblaze*#0" && bscan=="USER2"  && jtag_cable_name =~ "Digilent Basys3 210183A4DA48A"} -index 0
rst -processor
targets -set -nocase -filter {name =~ "microblaze*#0" && bscan=="USER2"  && jtag_cable_name =~ "Digilent Basys3 210183A4DA48A"} -index 0
dow U:/Documents/SoC/TP/TP_ublaze_3IS/TP_ublaze_3IS.sdk/again/Debug/again.elf
----------------End of Script----------------

15:11:13 INFO  : Memory regions updated for context PA
15:11:13 INFO  : Memory regions updated for context PA
15:11:13 INFO  : Context for processor 'microblaze_0' is selected.
15:11:13 INFO  : 'con' command is executed.
15:11:13 INFO  : ----------------XSDB Script (After Launch)----------------
targets -set -nocase -filter {name =~ "microblaze*#0" && bscan=="USER2"  && jtag_cable_name =~ "Digilent Basys3 210183A4DA48A"} -index 0
con
----------------End of Script----------------

15:11:13 INFO  : Launch script is exported to file 'U:\Documents\SoC\TP\TP_ublaze_3IS\TP_ublaze_3IS.sdk\.sdk\launch_scripts\xilinx_c-c++_application_(system_debugger)\system_debugger_using_debug_again.elf_on_local.tcl'
15:14:03 INFO  : Disconnected from the channel tcfchan#3.
15:14:05 INFO  : 'targets -set -filter {jtag_cable_name =~ "Digilent Basys3 210183A4DA48A" && level==0} -index 0' command is executed.
15:14:05 INFO  : 'fpga -state' command is executed.
15:14:05 INFO  : Connected to target on host '127.0.0.1' and port '3121'.
15:14:05 INFO  : Jtag cable 'Digilent Basys3 210183A4DA48A' is selected.
15:14:05 INFO  : 'jtag frequency' command is executed.
15:14:05 INFO  : 'configparams mdm-detect-bscan-mask 2' command is executed.
15:14:05 INFO  : Context for processor 'microblaze_0' is selected.
15:14:05 INFO  : Processor reset is completed for 'microblaze_0'.
15:14:05 INFO  : Context for processor 'microblaze_0' is selected.
15:14:05 INFO  : The application 'U:/Documents/SoC/TP/TP_ublaze_3IS/TP_ublaze_3IS.sdk/again/Debug/again.elf' is downloaded to processor 'microblaze_0'.
15:14:05 INFO  : ----------------XSDB Script----------------
connect -url tcp:127.0.0.1:3121
configparams mdm-detect-bscan-mask 2
targets -set -nocase -filter {name =~ "microblaze*#0" && bscan=="USER2"  && jtag_cable_name =~ "Digilent Basys3 210183A4DA48A"} -index 0
rst -processor
targets -set -nocase -filter {name =~ "microblaze*#0" && bscan=="USER2"  && jtag_cable_name =~ "Digilent Basys3 210183A4DA48A"} -index 0
dow U:/Documents/SoC/TP/TP_ublaze_3IS/TP_ublaze_3IS.sdk/again/Debug/again.elf
----------------End of Script----------------

15:14:05 INFO  : Memory regions updated for context PA
15:14:05 INFO  : Memory regions updated for context PA
15:14:05 INFO  : Context for processor 'microblaze_0' is selected.
15:14:05 INFO  : 'con' command is executed.
15:14:05 INFO  : ----------------XSDB Script (After Launch)----------------
targets -set -nocase -filter {name =~ "microblaze*#0" && bscan=="USER2"  && jtag_cable_name =~ "Digilent Basys3 210183A4DA48A"} -index 0
con
----------------End of Script----------------

15:14:05 INFO  : Launch script is exported to file 'U:\Documents\SoC\TP\TP_ublaze_3IS\TP_ublaze_3IS.sdk\.sdk\launch_scripts\xilinx_c-c++_application_(system_debugger)\system_debugger_using_debug_again.elf_on_local.tcl'
15:16:34 INFO  : Disconnected from the channel tcfchan#4.
15:16:35 INFO  : 'targets -set -filter {jtag_cable_name =~ "Digilent Basys3 210183A4DA48A" && level==0} -index 0' command is executed.
15:16:35 INFO  : 'fpga -state' command is executed.
15:16:35 INFO  : Connected to target on host '127.0.0.1' and port '3121'.
15:16:35 INFO  : Jtag cable 'Digilent Basys3 210183A4DA48A' is selected.
15:16:35 INFO  : 'jtag frequency' command is executed.
15:16:35 INFO  : 'configparams mdm-detect-bscan-mask 2' command is executed.
15:16:35 INFO  : Context for processor 'microblaze_0' is selected.
15:16:35 INFO  : Processor reset is completed for 'microblaze_0'.
15:16:35 INFO  : Context for processor 'microblaze_0' is selected.
15:16:35 INFO  : The application 'U:/Documents/SoC/TP/TP_ublaze_3IS/TP_ublaze_3IS.sdk/again/Debug/again.elf' is downloaded to processor 'microblaze_0'.
15:16:35 INFO  : ----------------XSDB Script----------------
connect -url tcp:127.0.0.1:3121
configparams mdm-detect-bscan-mask 2
targets -set -nocase -filter {name =~ "microblaze*#0" && bscan=="USER2"  && jtag_cable_name =~ "Digilent Basys3 210183A4DA48A"} -index 0
rst -processor
targets -set -nocase -filter {name =~ "microblaze*#0" && bscan=="USER2"  && jtag_cable_name =~ "Digilent Basys3 210183A4DA48A"} -index 0
dow U:/Documents/SoC/TP/TP_ublaze_3IS/TP_ublaze_3IS.sdk/again/Debug/again.elf
----------------End of Script----------------

15:16:35 INFO  : Memory regions updated for context PA
15:16:35 INFO  : Memory regions updated for context PA
15:16:35 INFO  : Context for processor 'microblaze_0' is selected.
15:16:35 INFO  : 'con' command is executed.
15:16:35 INFO  : ----------------XSDB Script (After Launch)----------------
targets -set -nocase -filter {name =~ "microblaze*#0" && bscan=="USER2"  && jtag_cable_name =~ "Digilent Basys3 210183A4DA48A"} -index 0
con
----------------End of Script----------------

15:16:35 INFO  : Launch script is exported to file 'U:\Documents\SoC\TP\TP_ublaze_3IS\TP_ublaze_3IS.sdk\.sdk\launch_scripts\xilinx_c-c++_application_(system_debugger)\system_debugger_using_debug_again.elf_on_local.tcl'
15:18:22 INFO  : Disconnected from the channel tcfchan#5.
15:18:23 INFO  : 'targets -set -filter {jtag_cable_name =~ "Digilent Basys3 210183A4DA48A" && level==0} -index 0' command is executed.
15:18:23 INFO  : 'fpga -state' command is executed.
15:18:23 INFO  : Connected to target on host '127.0.0.1' and port '3121'.
15:18:23 INFO  : Jtag cable 'Digilent Basys3 210183A4DA48A' is selected.
15:18:23 INFO  : 'jtag frequency' command is executed.
15:18:23 INFO  : 'configparams mdm-detect-bscan-mask 2' command is executed.
15:18:23 INFO  : Context for processor 'microblaze_0' is selected.
15:18:23 INFO  : Processor reset is completed for 'microblaze_0'.
15:18:23 INFO  : Context for processor 'microblaze_0' is selected.
15:18:23 INFO  : The application 'U:/Documents/SoC/TP/TP_ublaze_3IS/TP_ublaze_3IS.sdk/again/Debug/again.elf' is downloaded to processor 'microblaze_0'.
15:18:23 INFO  : ----------------XSDB Script----------------
connect -url tcp:127.0.0.1:3121
configparams mdm-detect-bscan-mask 2
targets -set -nocase -filter {name =~ "microblaze*#0" && bscan=="USER2"  && jtag_cable_name =~ "Digilent Basys3 210183A4DA48A"} -index 0
rst -processor
targets -set -nocase -filter {name =~ "microblaze*#0" && bscan=="USER2"  && jtag_cable_name =~ "Digilent Basys3 210183A4DA48A"} -index 0
dow U:/Documents/SoC/TP/TP_ublaze_3IS/TP_ublaze_3IS.sdk/again/Debug/again.elf
----------------End of Script----------------

15:18:23 INFO  : Memory regions updated for context PA
15:18:23 INFO  : Memory regions updated for context PA
15:18:23 INFO  : Context for processor 'microblaze_0' is selected.
15:18:23 INFO  : 'con' command is executed.
15:18:23 INFO  : ----------------XSDB Script (After Launch)----------------
targets -set -nocase -filter {name =~ "microblaze*#0" && bscan=="USER2"  && jtag_cable_name =~ "Digilent Basys3 210183A4DA48A"} -index 0
con
----------------End of Script----------------

15:18:23 INFO  : Launch script is exported to file 'U:\Documents\SoC\TP\TP_ublaze_3IS\TP_ublaze_3IS.sdk\.sdk\launch_scripts\xilinx_c-c++_application_(system_debugger)\system_debugger_using_debug_again.elf_on_local.tcl'
15:18:43 INFO  : Disconnected from the channel tcfchan#6.
15:18:45 INFO  : 'targets -set -filter {jtag_cable_name =~ "Digilent Basys3 210183A4DA48A" && level==0} -index 0' command is executed.
15:18:45 INFO  : 'fpga -state' command is executed.
15:18:45 INFO  : Connected to target on host '127.0.0.1' and port '3121'.
15:18:45 INFO  : Jtag cable 'Digilent Basys3 210183A4DA48A' is selected.
15:18:45 INFO  : 'jtag frequency' command is executed.
15:18:45 INFO  : 'configparams mdm-detect-bscan-mask 2' command is executed.
15:18:45 INFO  : Context for processor 'microblaze_0' is selected.
15:18:45 INFO  : Processor reset is completed for 'microblaze_0'.
15:18:45 INFO  : Context for processor 'microblaze_0' is selected.
15:18:45 INFO  : The application 'U:/Documents/SoC/TP/TP_ublaze_3IS/TP_ublaze_3IS.sdk/again/Debug/again.elf' is downloaded to processor 'microblaze_0'.
15:18:45 INFO  : ----------------XSDB Script----------------
connect -url tcp:127.0.0.1:3121
configparams mdm-detect-bscan-mask 2
targets -set -nocase -filter {name =~ "microblaze*#0" && bscan=="USER2"  && jtag_cable_name =~ "Digilent Basys3 210183A4DA48A"} -index 0
rst -processor
targets -set -nocase -filter {name =~ "microblaze*#0" && bscan=="USER2"  && jtag_cable_name =~ "Digilent Basys3 210183A4DA48A"} -index 0
dow U:/Documents/SoC/TP/TP_ublaze_3IS/TP_ublaze_3IS.sdk/again/Debug/again.elf
----------------End of Script----------------

15:18:45 INFO  : Memory regions updated for context PA
15:18:45 INFO  : Memory regions updated for context PA
15:18:45 INFO  : Context for processor 'microblaze_0' is selected.
15:18:45 INFO  : 'con' command is executed.
15:18:45 INFO  : ----------------XSDB Script (After Launch)----------------
targets -set -nocase -filter {name =~ "microblaze*#0" && bscan=="USER2"  && jtag_cable_name =~ "Digilent Basys3 210183A4DA48A"} -index 0
con
----------------End of Script----------------

15:18:45 INFO  : Launch script is exported to file 'U:\Documents\SoC\TP\TP_ublaze_3IS\TP_ublaze_3IS.sdk\.sdk\launch_scripts\xilinx_c-c++_application_(system_debugger)\system_debugger_using_debug_again.elf_on_local.tcl'
15:18:59 INFO  : Disconnected from the channel tcfchan#7.
15:19:00 INFO  : 'targets -set -filter {jtag_cable_name =~ "Digilent Basys3 210183A4DA48A" && level==0} -index 0' command is executed.
15:19:00 INFO  : 'fpga -state' command is executed.
15:19:00 INFO  : Connected to target on host '127.0.0.1' and port '3121'.
15:19:00 INFO  : Jtag cable 'Digilent Basys3 210183A4DA48A' is selected.
15:19:00 INFO  : 'jtag frequency' command is executed.
15:19:00 INFO  : 'configparams mdm-detect-bscan-mask 2' command is executed.
15:19:00 INFO  : Context for processor 'microblaze_0' is selected.
15:19:00 INFO  : Processor reset is completed for 'microblaze_0'.
15:19:01 INFO  : Context for processor 'microblaze_0' is selected.
15:19:01 INFO  : The application 'U:/Documents/SoC/TP/TP_ublaze_3IS/TP_ublaze_3IS.sdk/again/Debug/again.elf' is downloaded to processor 'microblaze_0'.
15:19:01 INFO  : ----------------XSDB Script----------------
connect -url tcp:127.0.0.1:3121
configparams mdm-detect-bscan-mask 2
targets -set -nocase -filter {name =~ "microblaze*#0" && bscan=="USER2"  && jtag_cable_name =~ "Digilent Basys3 210183A4DA48A"} -index 0
rst -processor
targets -set -nocase -filter {name =~ "microblaze*#0" && bscan=="USER2"  && jtag_cable_name =~ "Digilent Basys3 210183A4DA48A"} -index 0
dow U:/Documents/SoC/TP/TP_ublaze_3IS/TP_ublaze_3IS.sdk/again/Debug/again.elf
----------------End of Script----------------

15:19:01 INFO  : Memory regions updated for context PA
15:19:01 INFO  : Memory regions updated for context PA
15:19:01 INFO  : Context for processor 'microblaze_0' is selected.
15:19:01 INFO  : 'con' command is executed.
15:19:01 INFO  : ----------------XSDB Script (After Launch)----------------
targets -set -nocase -filter {name =~ "microblaze*#0" && bscan=="USER2"  && jtag_cable_name =~ "Digilent Basys3 210183A4DA48A"} -index 0
con
----------------End of Script----------------

15:19:01 INFO  : Launch script is exported to file 'U:\Documents\SoC\TP\TP_ublaze_3IS\TP_ublaze_3IS.sdk\.sdk\launch_scripts\xilinx_c-c++_application_(system_debugger)\system_debugger_using_debug_again.elf_on_local.tcl'
15:19:45 INFO  : Disconnected from the channel tcfchan#8.
15:19:46 INFO  : 'targets -set -filter {jtag_cable_name =~ "Digilent Basys3 210183A4DA48A" && level==0} -index 0' command is executed.
15:19:46 INFO  : 'fpga -state' command is executed.
15:19:46 INFO  : Connected to target on host '127.0.0.1' and port '3121'.
15:19:46 INFO  : Jtag cable 'Digilent Basys3 210183A4DA48A' is selected.
15:19:46 INFO  : 'jtag frequency' command is executed.
15:19:46 INFO  : 'configparams mdm-detect-bscan-mask 2' command is executed.
15:19:46 INFO  : Context for processor 'microblaze_0' is selected.
15:19:46 INFO  : Processor reset is completed for 'microblaze_0'.
15:19:46 INFO  : Context for processor 'microblaze_0' is selected.
15:19:47 INFO  : The application 'U:/Documents/SoC/TP/TP_ublaze_3IS/TP_ublaze_3IS.sdk/again/Debug/again.elf' is downloaded to processor 'microblaze_0'.
15:19:47 INFO  : ----------------XSDB Script----------------
connect -url tcp:127.0.0.1:3121
configparams mdm-detect-bscan-mask 2
targets -set -nocase -filter {name =~ "microblaze*#0" && bscan=="USER2"  && jtag_cable_name =~ "Digilent Basys3 210183A4DA48A"} -index 0
rst -processor
targets -set -nocase -filter {name =~ "microblaze*#0" && bscan=="USER2"  && jtag_cable_name =~ "Digilent Basys3 210183A4DA48A"} -index 0
dow U:/Documents/SoC/TP/TP_ublaze_3IS/TP_ublaze_3IS.sdk/again/Debug/again.elf
----------------End of Script----------------

15:19:47 INFO  : Memory regions updated for context PA
15:19:47 INFO  : Memory regions updated for context PA
15:19:47 INFO  : Context for processor 'microblaze_0' is selected.
15:19:47 INFO  : 'con' command is executed.
15:19:47 INFO  : ----------------XSDB Script (After Launch)----------------
targets -set -nocase -filter {name =~ "microblaze*#0" && bscan=="USER2"  && jtag_cable_name =~ "Digilent Basys3 210183A4DA48A"} -index 0
con
----------------End of Script----------------

15:19:47 INFO  : Launch script is exported to file 'U:\Documents\SoC\TP\TP_ublaze_3IS\TP_ublaze_3IS.sdk\.sdk\launch_scripts\xilinx_c-c++_application_(system_debugger)\system_debugger_using_debug_again.elf_on_local.tcl'
15:21:04 INFO  : Disconnected from the channel tcfchan#9.
15:21:05 INFO  : 'targets -set -filter {jtag_cable_name =~ "Digilent Basys3 210183A4DA48A" && level==0} -index 0' command is executed.
15:21:05 INFO  : 'fpga -state' command is executed.
15:21:05 INFO  : Connected to target on host '127.0.0.1' and port '3121'.
15:21:06 INFO  : Jtag cable 'Digilent Basys3 210183A4DA48A' is selected.
15:21:06 INFO  : 'jtag frequency' command is executed.
15:21:06 INFO  : 'configparams mdm-detect-bscan-mask 2' command is executed.
15:21:06 INFO  : Context for processor 'microblaze_0' is selected.
15:21:06 INFO  : Processor reset is completed for 'microblaze_0'.
15:21:06 INFO  : Context for processor 'microblaze_0' is selected.
15:21:06 INFO  : The application 'U:/Documents/SoC/TP/TP_ublaze_3IS/TP_ublaze_3IS.sdk/again/Debug/again.elf' is downloaded to processor 'microblaze_0'.
15:21:06 INFO  : ----------------XSDB Script----------------
connect -url tcp:127.0.0.1:3121
configparams mdm-detect-bscan-mask 2
targets -set -nocase -filter {name =~ "microblaze*#0" && bscan=="USER2"  && jtag_cable_name =~ "Digilent Basys3 210183A4DA48A"} -index 0
rst -processor
targets -set -nocase -filter {name =~ "microblaze*#0" && bscan=="USER2"  && jtag_cable_name =~ "Digilent Basys3 210183A4DA48A"} -index 0
dow U:/Documents/SoC/TP/TP_ublaze_3IS/TP_ublaze_3IS.sdk/again/Debug/again.elf
----------------End of Script----------------

15:21:06 INFO  : Memory regions updated for context PA
15:21:06 INFO  : Memory regions updated for context PA
15:21:06 INFO  : Context for processor 'microblaze_0' is selected.
15:21:06 INFO  : 'con' command is executed.
15:21:06 INFO  : ----------------XSDB Script (After Launch)----------------
targets -set -nocase -filter {name =~ "microblaze*#0" && bscan=="USER2"  && jtag_cable_name =~ "Digilent Basys3 210183A4DA48A"} -index 0
con
----------------End of Script----------------

15:21:06 INFO  : Launch script is exported to file 'U:\Documents\SoC\TP\TP_ublaze_3IS\TP_ublaze_3IS.sdk\.sdk\launch_scripts\xilinx_c-c++_application_(system_debugger)\system_debugger_using_debug_again.elf_on_local.tcl'
15:23:52 INFO  : Disconnected from the channel tcfchan#10.
15:23:53 INFO  : 'targets -set -filter {jtag_cable_name =~ "Digilent Basys3 210183A4DA48A" && level==0} -index 0' command is executed.
15:23:53 INFO  : 'fpga -state' command is executed.
15:23:53 INFO  : Connected to target on host '127.0.0.1' and port '3121'.
15:23:53 INFO  : Jtag cable 'Digilent Basys3 210183A4DA48A' is selected.
15:23:53 INFO  : 'jtag frequency' command is executed.
15:23:53 INFO  : 'configparams mdm-detect-bscan-mask 2' command is executed.
15:23:53 INFO  : Context for processor 'microblaze_0' is selected.
15:23:53 INFO  : Processor reset is completed for 'microblaze_0'.
15:23:53 INFO  : Context for processor 'microblaze_0' is selected.
15:23:54 INFO  : The application 'U:/Documents/SoC/TP/TP_ublaze_3IS/TP_ublaze_3IS.sdk/again/Debug/again.elf' is downloaded to processor 'microblaze_0'.
15:23:54 INFO  : ----------------XSDB Script----------------
connect -url tcp:127.0.0.1:3121
configparams mdm-detect-bscan-mask 2
targets -set -nocase -filter {name =~ "microblaze*#0" && bscan=="USER2"  && jtag_cable_name =~ "Digilent Basys3 210183A4DA48A"} -index 0
rst -processor
targets -set -nocase -filter {name =~ "microblaze*#0" && bscan=="USER2"  && jtag_cable_name =~ "Digilent Basys3 210183A4DA48A"} -index 0
dow U:/Documents/SoC/TP/TP_ublaze_3IS/TP_ublaze_3IS.sdk/again/Debug/again.elf
----------------End of Script----------------

15:23:54 INFO  : Memory regions updated for context PA
15:23:54 INFO  : Memory regions updated for context PA
15:23:54 INFO  : Context for processor 'microblaze_0' is selected.
15:23:54 INFO  : 'con' command is executed.
15:23:54 INFO  : ----------------XSDB Script (After Launch)----------------
targets -set -nocase -filter {name =~ "microblaze*#0" && bscan=="USER2"  && jtag_cable_name =~ "Digilent Basys3 210183A4DA48A"} -index 0
con
----------------End of Script----------------

15:23:54 INFO  : Launch script is exported to file 'U:\Documents\SoC\TP\TP_ublaze_3IS\TP_ublaze_3IS.sdk\.sdk\launch_scripts\xilinx_c-c++_application_(system_debugger)\system_debugger_using_debug_again.elf_on_local.tcl'
15:25:51 INFO  : Disconnected from the channel tcfchan#11.
15:25:52 INFO  : 'targets -set -filter {jtag_cable_name =~ "Digilent Basys3 210183A4DA48A" && level==0} -index 0' command is executed.
15:25:52 INFO  : 'fpga -state' command is executed.
15:25:52 INFO  : Connected to target on host '127.0.0.1' and port '3121'.
15:25:52 INFO  : Jtag cable 'Digilent Basys3 210183A4DA48A' is selected.
15:25:52 INFO  : 'jtag frequency' command is executed.
15:25:52 INFO  : 'configparams mdm-detect-bscan-mask 2' command is executed.
15:25:52 INFO  : Context for processor 'microblaze_0' is selected.
15:25:52 INFO  : Processor reset is completed for 'microblaze_0'.
15:25:52 INFO  : Context for processor 'microblaze_0' is selected.
15:25:52 INFO  : The application 'U:/Documents/SoC/TP/TP_ublaze_3IS/TP_ublaze_3IS.sdk/again/Debug/again.elf' is downloaded to processor 'microblaze_0'.
15:25:52 INFO  : ----------------XSDB Script----------------
connect -url tcp:127.0.0.1:3121
configparams mdm-detect-bscan-mask 2
targets -set -nocase -filter {name =~ "microblaze*#0" && bscan=="USER2"  && jtag_cable_name =~ "Digilent Basys3 210183A4DA48A"} -index 0
rst -processor
targets -set -nocase -filter {name =~ "microblaze*#0" && bscan=="USER2"  && jtag_cable_name =~ "Digilent Basys3 210183A4DA48A"} -index 0
dow U:/Documents/SoC/TP/TP_ublaze_3IS/TP_ublaze_3IS.sdk/again/Debug/again.elf
----------------End of Script----------------

15:25:52 INFO  : Memory regions updated for context PA
15:25:52 INFO  : Memory regions updated for context PA
15:25:52 INFO  : Context for processor 'microblaze_0' is selected.
15:25:52 INFO  : 'con' command is executed.
15:25:52 INFO  : ----------------XSDB Script (After Launch)----------------
targets -set -nocase -filter {name =~ "microblaze*#0" && bscan=="USER2"  && jtag_cable_name =~ "Digilent Basys3 210183A4DA48A"} -index 0
con
----------------End of Script----------------

15:25:52 INFO  : Launch script is exported to file 'U:\Documents\SoC\TP\TP_ublaze_3IS\TP_ublaze_3IS.sdk\.sdk\launch_scripts\xilinx_c-c++_application_(system_debugger)\system_debugger_using_debug_again.elf_on_local.tcl'
15:26:08 INFO  : Disconnected from the channel tcfchan#12.
15:26:09 INFO  : 'targets -set -filter {jtag_cable_name =~ "Digilent Basys3 210183A4DA48A" && level==0} -index 0' command is executed.
15:26:09 INFO  : 'fpga -state' command is executed.
15:26:09 INFO  : Connected to target on host '127.0.0.1' and port '3121'.
15:26:09 INFO  : Jtag cable 'Digilent Basys3 210183A4DA48A' is selected.
15:26:09 INFO  : 'jtag frequency' command is executed.
15:26:09 INFO  : 'configparams mdm-detect-bscan-mask 2' command is executed.
15:26:09 INFO  : Context for processor 'microblaze_0' is selected.
15:26:09 INFO  : Processor reset is completed for 'microblaze_0'.
15:26:09 INFO  : Context for processor 'microblaze_0' is selected.
15:26:10 INFO  : The application 'U:/Documents/SoC/TP/TP_ublaze_3IS/TP_ublaze_3IS.sdk/again/Debug/again.elf' is downloaded to processor 'microblaze_0'.
15:26:10 INFO  : ----------------XSDB Script----------------
connect -url tcp:127.0.0.1:3121
configparams mdm-detect-bscan-mask 2
targets -set -nocase -filter {name =~ "microblaze*#0" && bscan=="USER2"  && jtag_cable_name =~ "Digilent Basys3 210183A4DA48A"} -index 0
rst -processor
targets -set -nocase -filter {name =~ "microblaze*#0" && bscan=="USER2"  && jtag_cable_name =~ "Digilent Basys3 210183A4DA48A"} -index 0
dow U:/Documents/SoC/TP/TP_ublaze_3IS/TP_ublaze_3IS.sdk/again/Debug/again.elf
----------------End of Script----------------

15:26:10 INFO  : Memory regions updated for context PA
15:26:10 INFO  : Memory regions updated for context PA
15:26:10 INFO  : Context for processor 'microblaze_0' is selected.
15:26:10 INFO  : 'con' command is executed.
15:26:10 INFO  : ----------------XSDB Script (After Launch)----------------
targets -set -nocase -filter {name =~ "microblaze*#0" && bscan=="USER2"  && jtag_cable_name =~ "Digilent Basys3 210183A4DA48A"} -index 0
con
----------------End of Script----------------

15:26:10 INFO  : Launch script is exported to file 'U:\Documents\SoC\TP\TP_ublaze_3IS\TP_ublaze_3IS.sdk\.sdk\launch_scripts\xilinx_c-c++_application_(system_debugger)\system_debugger_using_debug_again.elf_on_local.tcl'
15:26:54 INFO  : Disconnected from the channel tcfchan#13.
15:26:55 INFO  : 'targets -set -filter {jtag_cable_name =~ "Digilent Basys3 210183A4DA48A" && level==0} -index 0' command is executed.
15:26:55 INFO  : 'fpga -state' command is executed.
15:26:55 INFO  : Connected to target on host '127.0.0.1' and port '3121'.
15:26:55 INFO  : Jtag cable 'Digilent Basys3 210183A4DA48A' is selected.
15:26:55 INFO  : 'jtag frequency' command is executed.
15:26:55 INFO  : 'configparams mdm-detect-bscan-mask 2' command is executed.
15:26:55 INFO  : Context for processor 'microblaze_0' is selected.
15:26:55 INFO  : Processor reset is completed for 'microblaze_0'.
15:26:55 INFO  : Context for processor 'microblaze_0' is selected.
15:26:55 INFO  : The application 'U:/Documents/SoC/TP/TP_ublaze_3IS/TP_ublaze_3IS.sdk/again/Debug/again.elf' is downloaded to processor 'microblaze_0'.
15:26:55 INFO  : ----------------XSDB Script----------------
connect -url tcp:127.0.0.1:3121
configparams mdm-detect-bscan-mask 2
targets -set -nocase -filter {name =~ "microblaze*#0" && bscan=="USER2"  && jtag_cable_name =~ "Digilent Basys3 210183A4DA48A"} -index 0
rst -processor
targets -set -nocase -filter {name =~ "microblaze*#0" && bscan=="USER2"  && jtag_cable_name =~ "Digilent Basys3 210183A4DA48A"} -index 0
dow U:/Documents/SoC/TP/TP_ublaze_3IS/TP_ublaze_3IS.sdk/again/Debug/again.elf
----------------End of Script----------------

15:26:55 INFO  : Memory regions updated for context PA
15:26:55 INFO  : Memory regions updated for context PA
15:26:55 INFO  : Context for processor 'microblaze_0' is selected.
15:26:55 INFO  : 'con' command is executed.
15:26:55 INFO  : ----------------XSDB Script (After Launch)----------------
targets -set -nocase -filter {name =~ "microblaze*#0" && bscan=="USER2"  && jtag_cable_name =~ "Digilent Basys3 210183A4DA48A"} -index 0
con
----------------End of Script----------------

15:26:55 INFO  : Launch script is exported to file 'U:\Documents\SoC\TP\TP_ublaze_3IS\TP_ublaze_3IS.sdk\.sdk\launch_scripts\xilinx_c-c++_application_(system_debugger)\system_debugger_using_debug_again.elf_on_local.tcl'
15:29:18 INFO  : Disconnected from the channel tcfchan#14.
15:29:19 INFO  : 'targets -set -filter {jtag_cable_name =~ "Digilent Basys3 210183A4DA48A" && level==0} -index 0' command is executed.
15:29:19 INFO  : 'fpga -state' command is executed.
15:29:19 INFO  : Connected to target on host '127.0.0.1' and port '3121'.
15:29:19 INFO  : Jtag cable 'Digilent Basys3 210183A4DA48A' is selected.
15:29:19 INFO  : 'jtag frequency' command is executed.
15:29:19 INFO  : 'configparams mdm-detect-bscan-mask 2' command is executed.
15:29:19 INFO  : Context for processor 'microblaze_0' is selected.
15:29:19 INFO  : Processor reset is completed for 'microblaze_0'.
15:29:19 INFO  : Context for processor 'microblaze_0' is selected.
15:29:19 INFO  : The application 'U:/Documents/SoC/TP/TP_ublaze_3IS/TP_ublaze_3IS.sdk/again/Debug/again.elf' is downloaded to processor 'microblaze_0'.
15:29:19 INFO  : ----------------XSDB Script----------------
connect -url tcp:127.0.0.1:3121
configparams mdm-detect-bscan-mask 2
targets -set -nocase -filter {name =~ "microblaze*#0" && bscan=="USER2"  && jtag_cable_name =~ "Digilent Basys3 210183A4DA48A"} -index 0
rst -processor
targets -set -nocase -filter {name =~ "microblaze*#0" && bscan=="USER2"  && jtag_cable_name =~ "Digilent Basys3 210183A4DA48A"} -index 0
dow U:/Documents/SoC/TP/TP_ublaze_3IS/TP_ublaze_3IS.sdk/again/Debug/again.elf
----------------End of Script----------------

15:29:19 INFO  : Memory regions updated for context PA
15:29:19 INFO  : Memory regions updated for context PA
15:29:19 INFO  : Context for processor 'microblaze_0' is selected.
15:29:19 INFO  : 'con' command is executed.
15:29:19 INFO  : ----------------XSDB Script (After Launch)----------------
targets -set -nocase -filter {name =~ "microblaze*#0" && bscan=="USER2"  && jtag_cable_name =~ "Digilent Basys3 210183A4DA48A"} -index 0
con
----------------End of Script----------------

15:29:19 INFO  : Launch script is exported to file 'U:\Documents\SoC\TP\TP_ublaze_3IS\TP_ublaze_3IS.sdk\.sdk\launch_scripts\xilinx_c-c++_application_(system_debugger)\system_debugger_using_debug_again.elf_on_local.tcl'
15:30:06 INFO  : Disconnected from the channel tcfchan#15.
15:30:07 INFO  : 'targets -set -filter {jtag_cable_name =~ "Digilent Basys3 210183A4DA48A" && level==0} -index 0' command is executed.
15:30:07 INFO  : 'fpga -state' command is executed.
15:30:07 INFO  : Connected to target on host '127.0.0.1' and port '3121'.
15:30:07 INFO  : Jtag cable 'Digilent Basys3 210183A4DA48A' is selected.
15:30:07 INFO  : 'jtag frequency' command is executed.
15:30:07 INFO  : 'configparams mdm-detect-bscan-mask 2' command is executed.
15:30:07 INFO  : Context for processor 'microblaze_0' is selected.
15:30:07 INFO  : Processor reset is completed for 'microblaze_0'.
15:30:07 INFO  : Context for processor 'microblaze_0' is selected.
15:30:08 INFO  : The application 'U:/Documents/SoC/TP/TP_ublaze_3IS/TP_ublaze_3IS.sdk/again/Debug/again.elf' is downloaded to processor 'microblaze_0'.
15:30:08 INFO  : ----------------XSDB Script----------------
connect -url tcp:127.0.0.1:3121
configparams mdm-detect-bscan-mask 2
targets -set -nocase -filter {name =~ "microblaze*#0" && bscan=="USER2"  && jtag_cable_name =~ "Digilent Basys3 210183A4DA48A"} -index 0
rst -processor
targets -set -nocase -filter {name =~ "microblaze*#0" && bscan=="USER2"  && jtag_cable_name =~ "Digilent Basys3 210183A4DA48A"} -index 0
dow U:/Documents/SoC/TP/TP_ublaze_3IS/TP_ublaze_3IS.sdk/again/Debug/again.elf
----------------End of Script----------------

15:30:08 INFO  : Memory regions updated for context PA
15:30:08 INFO  : Memory regions updated for context PA
15:30:08 INFO  : Context for processor 'microblaze_0' is selected.
15:30:08 INFO  : 'con' command is executed.
15:30:08 INFO  : ----------------XSDB Script (After Launch)----------------
targets -set -nocase -filter {name =~ "microblaze*#0" && bscan=="USER2"  && jtag_cable_name =~ "Digilent Basys3 210183A4DA48A"} -index 0
con
----------------End of Script----------------

15:30:08 INFO  : Launch script is exported to file 'U:\Documents\SoC\TP\TP_ublaze_3IS\TP_ublaze_3IS.sdk\.sdk\launch_scripts\xilinx_c-c++_application_(system_debugger)\system_debugger_using_debug_again.elf_on_local.tcl'
15:30:32 INFO  : Disconnected from the channel tcfchan#16.
15:30:33 INFO  : 'targets -set -filter {jtag_cable_name =~ "Digilent Basys3 210183A4DA48A" && level==0} -index 0' command is executed.
15:30:33 INFO  : 'fpga -state' command is executed.
15:30:33 INFO  : Connected to target on host '127.0.0.1' and port '3121'.
15:30:33 INFO  : Jtag cable 'Digilent Basys3 210183A4DA48A' is selected.
15:30:33 INFO  : 'jtag frequency' command is executed.
15:30:33 INFO  : 'configparams mdm-detect-bscan-mask 2' command is executed.
15:30:33 INFO  : Context for processor 'microblaze_0' is selected.
15:30:33 INFO  : Processor reset is completed for 'microblaze_0'.
15:30:33 INFO  : Context for processor 'microblaze_0' is selected.
15:30:33 INFO  : The application 'U:/Documents/SoC/TP/TP_ublaze_3IS/TP_ublaze_3IS.sdk/again/Debug/again.elf' is downloaded to processor 'microblaze_0'.
15:30:33 INFO  : ----------------XSDB Script----------------
connect -url tcp:127.0.0.1:3121
configparams mdm-detect-bscan-mask 2
targets -set -nocase -filter {name =~ "microblaze*#0" && bscan=="USER2"  && jtag_cable_name =~ "Digilent Basys3 210183A4DA48A"} -index 0
rst -processor
targets -set -nocase -filter {name =~ "microblaze*#0" && bscan=="USER2"  && jtag_cable_name =~ "Digilent Basys3 210183A4DA48A"} -index 0
dow U:/Documents/SoC/TP/TP_ublaze_3IS/TP_ublaze_3IS.sdk/again/Debug/again.elf
----------------End of Script----------------

15:30:33 INFO  : Memory regions updated for context PA
15:30:33 INFO  : Memory regions updated for context PA
15:30:33 INFO  : Context for processor 'microblaze_0' is selected.
15:30:33 INFO  : 'con' command is executed.
15:30:33 INFO  : ----------------XSDB Script (After Launch)----------------
targets -set -nocase -filter {name =~ "microblaze*#0" && bscan=="USER2"  && jtag_cable_name =~ "Digilent Basys3 210183A4DA48A"} -index 0
con
----------------End of Script----------------

15:30:33 INFO  : Launch script is exported to file 'U:\Documents\SoC\TP\TP_ublaze_3IS\TP_ublaze_3IS.sdk\.sdk\launch_scripts\xilinx_c-c++_application_(system_debugger)\system_debugger_using_debug_again.elf_on_local.tcl'
15:30:41 INFO  : Disconnected from the channel tcfchan#17.
15:30:42 INFO  : 'targets -set -filter {jtag_cable_name =~ "Digilent Basys3 210183A4DA48A" && level==0} -index 0' command is executed.
15:30:42 INFO  : 'fpga -state' command is executed.
15:30:42 INFO  : Connected to target on host '127.0.0.1' and port '3121'.
15:30:42 INFO  : Jtag cable 'Digilent Basys3 210183A4DA48A' is selected.
15:30:42 INFO  : 'jtag frequency' command is executed.
15:30:42 INFO  : 'configparams mdm-detect-bscan-mask 2' command is executed.
15:30:42 INFO  : Context for processor 'microblaze_0' is selected.
15:30:42 INFO  : Processor reset is completed for 'microblaze_0'.
15:30:42 INFO  : Context for processor 'microblaze_0' is selected.
15:30:42 INFO  : The application 'U:/Documents/SoC/TP/TP_ublaze_3IS/TP_ublaze_3IS.sdk/again/Debug/again.elf' is downloaded to processor 'microblaze_0'.
15:30:42 INFO  : ----------------XSDB Script----------------
connect -url tcp:127.0.0.1:3121
configparams mdm-detect-bscan-mask 2
targets -set -nocase -filter {name =~ "microblaze*#0" && bscan=="USER2"  && jtag_cable_name =~ "Digilent Basys3 210183A4DA48A"} -index 0
rst -processor
targets -set -nocase -filter {name =~ "microblaze*#0" && bscan=="USER2"  && jtag_cable_name =~ "Digilent Basys3 210183A4DA48A"} -index 0
dow U:/Documents/SoC/TP/TP_ublaze_3IS/TP_ublaze_3IS.sdk/again/Debug/again.elf
----------------End of Script----------------

15:30:43 INFO  : Memory regions updated for context PA
15:30:43 INFO  : Memory regions updated for context PA
15:30:43 INFO  : Context for processor 'microblaze_0' is selected.
15:30:43 INFO  : 'con' command is executed.
15:30:43 INFO  : ----------------XSDB Script (After Launch)----------------
targets -set -nocase -filter {name =~ "microblaze*#0" && bscan=="USER2"  && jtag_cable_name =~ "Digilent Basys3 210183A4DA48A"} -index 0
con
----------------End of Script----------------

15:30:43 INFO  : Launch script is exported to file 'U:\Documents\SoC\TP\TP_ublaze_3IS\TP_ublaze_3IS.sdk\.sdk\launch_scripts\xilinx_c-c++_application_(system_debugger)\system_debugger_using_debug_again.elf_on_local.tcl'
15:31:24 INFO  : Disconnected from the channel tcfchan#18.
15:31:25 INFO  : 'targets -set -filter {jtag_cable_name =~ "Digilent Basys3 210183A4DA48A" && level==0} -index 0' command is executed.
15:31:25 INFO  : 'fpga -state' command is executed.
15:31:25 INFO  : Connected to target on host '127.0.0.1' and port '3121'.
15:31:25 INFO  : Jtag cable 'Digilent Basys3 210183A4DA48A' is selected.
15:31:25 INFO  : 'jtag frequency' command is executed.
15:31:25 INFO  : 'configparams mdm-detect-bscan-mask 2' command is executed.
15:31:25 INFO  : Context for processor 'microblaze_0' is selected.
15:31:25 INFO  : Processor reset is completed for 'microblaze_0'.
15:31:25 INFO  : Context for processor 'microblaze_0' is selected.
15:31:25 INFO  : The application 'U:/Documents/SoC/TP/TP_ublaze_3IS/TP_ublaze_3IS.sdk/again/Debug/again.elf' is downloaded to processor 'microblaze_0'.
15:31:25 INFO  : ----------------XSDB Script----------------
connect -url tcp:127.0.0.1:3121
configparams mdm-detect-bscan-mask 2
targets -set -nocase -filter {name =~ "microblaze*#0" && bscan=="USER2"  && jtag_cable_name =~ "Digilent Basys3 210183A4DA48A"} -index 0
rst -processor
targets -set -nocase -filter {name =~ "microblaze*#0" && bscan=="USER2"  && jtag_cable_name =~ "Digilent Basys3 210183A4DA48A"} -index 0
dow U:/Documents/SoC/TP/TP_ublaze_3IS/TP_ublaze_3IS.sdk/again/Debug/again.elf
----------------End of Script----------------

15:31:25 INFO  : Memory regions updated for context PA
15:31:25 INFO  : Memory regions updated for context PA
15:31:26 INFO  : Context for processor 'microblaze_0' is selected.
15:31:26 INFO  : 'con' command is executed.
15:31:26 INFO  : ----------------XSDB Script (After Launch)----------------
targets -set -nocase -filter {name =~ "microblaze*#0" && bscan=="USER2"  && jtag_cable_name =~ "Digilent Basys3 210183A4DA48A"} -index 0
con
----------------End of Script----------------

15:31:26 INFO  : Launch script is exported to file 'U:\Documents\SoC\TP\TP_ublaze_3IS\TP_ublaze_3IS.sdk\.sdk\launch_scripts\xilinx_c-c++_application_(system_debugger)\system_debugger_using_debug_again.elf_on_local.tcl'
15:32:24 INFO  : Disconnected from the channel tcfchan#19.
15:32:25 INFO  : 'targets -set -filter {jtag_cable_name =~ "Digilent Basys3 210183A4DA48A" && level==0} -index 0' command is executed.
15:32:25 INFO  : 'fpga -state' command is executed.
15:32:25 INFO  : Connected to target on host '127.0.0.1' and port '3121'.
15:32:25 INFO  : Jtag cable 'Digilent Basys3 210183A4DA48A' is selected.
15:32:25 INFO  : 'jtag frequency' command is executed.
15:32:25 INFO  : 'configparams mdm-detect-bscan-mask 2' command is executed.
15:32:25 INFO  : Context for processor 'microblaze_0' is selected.
15:32:25 INFO  : Processor reset is completed for 'microblaze_0'.
15:32:25 INFO  : Context for processor 'microblaze_0' is selected.
15:32:25 INFO  : The application 'U:/Documents/SoC/TP/TP_ublaze_3IS/TP_ublaze_3IS.sdk/again/Debug/again.elf' is downloaded to processor 'microblaze_0'.
15:32:25 INFO  : ----------------XSDB Script----------------
connect -url tcp:127.0.0.1:3121
configparams mdm-detect-bscan-mask 2
targets -set -nocase -filter {name =~ "microblaze*#0" && bscan=="USER2"  && jtag_cable_name =~ "Digilent Basys3 210183A4DA48A"} -index 0
rst -processor
targets -set -nocase -filter {name =~ "microblaze*#0" && bscan=="USER2"  && jtag_cable_name =~ "Digilent Basys3 210183A4DA48A"} -index 0
dow U:/Documents/SoC/TP/TP_ublaze_3IS/TP_ublaze_3IS.sdk/again/Debug/again.elf
----------------End of Script----------------

15:32:26 INFO  : Memory regions updated for context PA
15:32:26 INFO  : Memory regions updated for context PA
15:32:26 INFO  : Context for processor 'microblaze_0' is selected.
15:32:26 INFO  : 'con' command is executed.
15:32:26 INFO  : ----------------XSDB Script (After Launch)----------------
targets -set -nocase -filter {name =~ "microblaze*#0" && bscan=="USER2"  && jtag_cable_name =~ "Digilent Basys3 210183A4DA48A"} -index 0
con
----------------End of Script----------------

15:32:26 INFO  : Launch script is exported to file 'U:\Documents\SoC\TP\TP_ublaze_3IS\TP_ublaze_3IS.sdk\.sdk\launch_scripts\xilinx_c-c++_application_(system_debugger)\system_debugger_using_debug_again.elf_on_local.tcl'
15:39:41 INFO  : Disconnected from the channel tcfchan#20.
15:40:06 INFO  : Registering command handlers for SDK TCF services
15:40:07 INFO  : Launching XSCT server: xsct.bat -interactive U:\Documents\SoC\TP\TP_ublaze_3IS\TP_ublaze_3IS.sdk\temp_xsdb_launch_script.tcl
15:40:09 INFO  : XSCT server has started successfully.
15:40:09 INFO  : Successfully done setting XSCT server connection channel  
15:40:09 INFO  : Processing command line option -hwspec U:/Documents/SoC/TP/TP_ublaze_3IS/TP_ublaze_3IS.sdk/SEG7_upgrade_wrapper.hdf.
15:40:09 INFO  : Successfully done setting SDK workspace  
15:40:09 INFO  : Checking for hwspec changes in the project SEG7_upgrade_wrapper_hw_platform_0.
15:40:46 INFO  : Connected to target on host '127.0.0.1' and port '3121'.
15:40:47 INFO  : 'targets -set -filter {jtag_cable_name =~ "Digilent Basys3 210183A4DA48A" && level==0} -index 0' command is executed.
15:40:48 INFO  : FPGA configured successfully with bitstream "U:/Documents/SoC/TP/TP_ublaze_3IS/TP_ublaze_3IS.sdk/SEG7_upgrade_wrapper_hw_platform_0/download.bit"
15:41:54 INFO  : 'targets -set -filter {jtag_cable_name =~ "Digilent Basys3 210183A4DA48A" && level==0} -index 0' command is executed.
15:41:54 INFO  : 'fpga -state' command is executed.
15:41:54 INFO  : Connected to target on host '127.0.0.1' and port '3121'.
15:41:54 INFO  : Jtag cable 'Digilent Basys3 210183A4DA48A' is selected.
15:41:54 INFO  : 'jtag frequency' command is executed.
15:41:54 INFO  : 'configparams mdm-detect-bscan-mask 2' command is executed.
15:41:54 INFO  : Context for processor 'microblaze_0' is selected.
15:41:54 INFO  : Processor reset is completed for 'microblaze_0'.
15:41:54 INFO  : Context for processor 'microblaze_0' is selected.
15:41:54 INFO  : The application 'U:/Documents/SoC/TP/TP_ublaze_3IS/TP_ublaze_3IS.sdk/again/Debug/again.elf' is downloaded to processor 'microblaze_0'.
15:41:54 INFO  : ----------------XSDB Script----------------
connect -url tcp:127.0.0.1:3121
configparams mdm-detect-bscan-mask 2
targets -set -nocase -filter {name =~ "microblaze*#0" && bscan=="USER2"  && jtag_cable_name =~ "Digilent Basys3 210183A4DA48A"} -index 0
rst -processor
targets -set -nocase -filter {name =~ "microblaze*#0" && bscan=="USER2"  && jtag_cable_name =~ "Digilent Basys3 210183A4DA48A"} -index 0
dow U:/Documents/SoC/TP/TP_ublaze_3IS/TP_ublaze_3IS.sdk/again/Debug/again.elf
----------------End of Script----------------

15:41:54 INFO  : Memory regions updated for context PA
15:41:54 INFO  : Memory regions updated for context PA
15:41:54 INFO  : Context for processor 'microblaze_0' is selected.
15:41:54 INFO  : 'con' command is executed.
15:41:54 INFO  : ----------------XSDB Script (After Launch)----------------
targets -set -nocase -filter {name =~ "microblaze*#0" && bscan=="USER2"  && jtag_cable_name =~ "Digilent Basys3 210183A4DA48A"} -index 0
con
----------------End of Script----------------

15:41:54 INFO  : Launch script is exported to file 'U:\Documents\SoC\TP\TP_ublaze_3IS\TP_ublaze_3IS.sdk\.sdk\launch_scripts\xilinx_c-c++_application_(system_debugger)\system_debugger_using_debug_again.elf_on_local.tcl'
15:43:06 INFO  : Disconnected from the channel tcfchan#1.
15:43:07 INFO  : 'targets -set -filter {jtag_cable_name =~ "Digilent Basys3 210183A4DA48A" && level==0} -index 0' command is executed.
15:43:07 INFO  : 'fpga -state' command is executed.
15:43:07 INFO  : Connected to target on host '127.0.0.1' and port '3121'.
15:43:08 INFO  : Jtag cable 'Digilent Basys3 210183A4DA48A' is selected.
15:43:08 INFO  : 'jtag frequency' command is executed.
15:43:08 INFO  : 'configparams mdm-detect-bscan-mask 2' command is executed.
15:43:08 INFO  : Context for processor 'microblaze_0' is selected.
15:43:08 INFO  : Processor reset is completed for 'microblaze_0'.
15:43:08 INFO  : Context for processor 'microblaze_0' is selected.
15:43:08 INFO  : The application 'U:/Documents/SoC/TP/TP_ublaze_3IS/TP_ublaze_3IS.sdk/SEG7_IP/Debug/SEG7_IP.elf' is downloaded to processor 'microblaze_0'.
15:43:08 INFO  : ----------------XSDB Script----------------
connect -url tcp:127.0.0.1:3121
configparams mdm-detect-bscan-mask 2
targets -set -nocase -filter {name =~ "microblaze*#0" && bscan=="USER2"  && jtag_cable_name =~ "Digilent Basys3 210183A4DA48A"} -index 0
rst -processor
targets -set -nocase -filter {name =~ "microblaze*#0" && bscan=="USER2"  && jtag_cable_name =~ "Digilent Basys3 210183A4DA48A"} -index 0
dow U:/Documents/SoC/TP/TP_ublaze_3IS/TP_ublaze_3IS.sdk/SEG7_IP/Debug/SEG7_IP.elf
----------------End of Script----------------

15:43:08 INFO  : Memory regions updated for context PA
15:43:08 INFO  : Memory regions updated for context PA
15:43:08 INFO  : Context for processor 'microblaze_0' is selected.
15:43:08 INFO  : 'con' command is executed.
15:43:08 INFO  : ----------------XSDB Script (After Launch)----------------
targets -set -nocase -filter {name =~ "microblaze*#0" && bscan=="USER2"  && jtag_cable_name =~ "Digilent Basys3 210183A4DA48A"} -index 0
con
----------------End of Script----------------

15:43:08 INFO  : Launch script is exported to file 'U:\Documents\SoC\TP\TP_ublaze_3IS\TP_ublaze_3IS.sdk\.sdk\launch_scripts\xilinx_c-c++_application_(system_debugger)\system_debugger_using_debug_seg7_ip.elf_on_local.tcl'
15:48:13 INFO  : Connected to target on host '127.0.0.1' and port '3121'.
15:48:13 INFO  : 'targets -set -filter {jtag_cable_name =~ "Digilent Basys3 210183A4DA48A" && level==0} -index 0' command is executed.
15:48:14 INFO  : FPGA configured successfully with bitstream "U:/Documents/SoC/TP/TP_ublaze_3IS/TP_ublaze_3IS.sdk/ublaze_system_wrapper_hw_platform_0/download.bit"
15:48:28 INFO  : Disconnected from the channel tcfchan#2.
15:48:29 INFO  : 'targets -set -filter {jtag_cable_name =~ "Digilent Basys3 210183A4DA48A" && level==0} -index 0' command is executed.
15:48:29 INFO  : 'fpga -state' command is executed.
15:48:29 INFO  : Connected to target on host '127.0.0.1' and port '3121'.
15:48:30 INFO  : Jtag cable 'Digilent Basys3 210183A4DA48A' is selected.
15:48:30 INFO  : 'jtag frequency' command is executed.
15:48:30 INFO  : 'configparams mdm-detect-bscan-mask 2' command is executed.
15:48:30 INFO  : Context for processor 'microblaze_0' is selected.
15:48:30 INFO  : Processor reset is completed for 'microblaze_0'.
15:48:30 INFO  : Context for processor 'microblaze_0' is selected.
15:48:30 INFO  : The application 'U:/Documents/SoC/TP/TP_ublaze_3IS/TP_ublaze_3IS.sdk/animer_hello/Debug/animer_hello.elf' is downloaded to processor 'microblaze_0'.
15:48:30 INFO  : ----------------XSDB Script----------------
connect -url tcp:127.0.0.1:3121
configparams mdm-detect-bscan-mask 2
targets -set -nocase -filter {name =~ "microblaze*#0" && bscan=="USER2"  && jtag_cable_name =~ "Digilent Basys3 210183A4DA48A"} -index 0
rst -processor
targets -set -nocase -filter {name =~ "microblaze*#0" && bscan=="USER2"  && jtag_cable_name =~ "Digilent Basys3 210183A4DA48A"} -index 0
dow U:/Documents/SoC/TP/TP_ublaze_3IS/TP_ublaze_3IS.sdk/animer_hello/Debug/animer_hello.elf
----------------End of Script----------------

15:48:30 INFO  : Memory regions updated for context PA
15:48:30 INFO  : Memory regions updated for context PA
15:48:30 INFO  : Context for processor 'microblaze_0' is selected.
15:48:30 INFO  : 'con' command is executed.
15:48:30 INFO  : ----------------XSDB Script (After Launch)----------------
targets -set -nocase -filter {name =~ "microblaze*#0" && bscan=="USER2"  && jtag_cable_name =~ "Digilent Basys3 210183A4DA48A"} -index 0
con
----------------End of Script----------------

15:48:30 INFO  : Launch script is exported to file 'U:\Documents\SoC\TP\TP_ublaze_3IS\TP_ublaze_3IS.sdk\.sdk\launch_scripts\xilinx_c-c++_application_(system_debugger)\system_debugger_using_debug_animer_hello.elf_on_local.tcl'
15:52:51 INFO  : Disconnected from the channel tcfchan#3.
15:52:52 INFO  : 'targets -set -filter {jtag_cable_name =~ "Digilent Basys3 210183A4DA48A" && level==0} -index 0' command is executed.
15:52:52 INFO  : 'fpga -state' command is executed.
15:52:52 INFO  : Connected to target on host '127.0.0.1' and port '3121'.
15:52:53 INFO  : Jtag cable 'Digilent Basys3 210183A4DA48A' is selected.
15:52:53 INFO  : 'jtag frequency' command is executed.
15:52:53 INFO  : 'configparams mdm-detect-bscan-mask 2' command is executed.
15:52:53 INFO  : Context for processor 'microblaze_0' is selected.
15:52:53 INFO  : Processor reset is completed for 'microblaze_0'.
15:52:53 INFO  : Context for processor 'microblaze_0' is selected.
15:52:53 INFO  : The application 'U:/Documents/SoC/TP/TP_ublaze_3IS/TP_ublaze_3IS.sdk/animer_hello_upgrade/Debug/animer_hello_upgrade.elf' is downloaded to processor 'microblaze_0'.
15:52:53 INFO  : ----------------XSDB Script----------------
connect -url tcp:127.0.0.1:3121
configparams mdm-detect-bscan-mask 2
targets -set -nocase -filter {name =~ "microblaze*#0" && bscan=="USER2"  && jtag_cable_name =~ "Digilent Basys3 210183A4DA48A"} -index 0
rst -processor
targets -set -nocase -filter {name =~ "microblaze*#0" && bscan=="USER2"  && jtag_cable_name =~ "Digilent Basys3 210183A4DA48A"} -index 0
dow U:/Documents/SoC/TP/TP_ublaze_3IS/TP_ublaze_3IS.sdk/animer_hello_upgrade/Debug/animer_hello_upgrade.elf
----------------End of Script----------------

15:52:53 INFO  : Memory regions updated for context PA
15:52:53 INFO  : Memory regions updated for context PA
15:52:53 INFO  : Context for processor 'microblaze_0' is selected.
15:52:53 INFO  : 'con' command is executed.
15:52:53 INFO  : ----------------XSDB Script (After Launch)----------------
targets -set -nocase -filter {name =~ "microblaze*#0" && bscan=="USER2"  && jtag_cable_name =~ "Digilent Basys3 210183A4DA48A"} -index 0
con
----------------End of Script----------------

15:52:53 INFO  : Launch script is exported to file 'U:\Documents\SoC\TP\TP_ublaze_3IS\TP_ublaze_3IS.sdk\.sdk\launch_scripts\xilinx_c-c++_application_(system_debugger)\system_debugger_using_debug_animer_hello_upgrade.elf_on_local.tcl'
15:57:43 INFO  : Disconnected from the channel tcfchan#4.
15:57:44 INFO  : 'targets -set -filter {jtag_cable_name =~ "Digilent Basys3 210183A4DA48A" && level==0} -index 0' command is executed.
15:57:44 INFO  : 'fpga -state' command is executed.
15:57:44 INFO  : Connected to target on host '127.0.0.1' and port '3121'.
15:57:44 INFO  : Jtag cable 'Digilent Basys3 210183A4DA48A' is selected.
15:57:44 INFO  : 'jtag frequency' command is executed.
15:57:44 INFO  : 'configparams mdm-detect-bscan-mask 2' command is executed.
15:57:44 INFO  : Context for processor 'microblaze_0' is selected.
15:57:44 INFO  : Processor reset is completed for 'microblaze_0'.
15:57:44 INFO  : Context for processor 'microblaze_0' is selected.
15:57:44 INFO  : The application 'U:/Documents/SoC/TP/TP_ublaze_3IS/TP_ublaze_3IS.sdk/Test_IP/Debug/Test_IP.elf' is downloaded to processor 'microblaze_0'.
15:57:44 INFO  : ----------------XSDB Script----------------
connect -url tcp:127.0.0.1:3121
configparams mdm-detect-bscan-mask 2
targets -set -nocase -filter {name =~ "microblaze*#0" && bscan=="USER2"  && jtag_cable_name =~ "Digilent Basys3 210183A4DA48A"} -index 0
rst -processor
targets -set -nocase -filter {name =~ "microblaze*#0" && bscan=="USER2"  && jtag_cable_name =~ "Digilent Basys3 210183A4DA48A"} -index 0
dow U:/Documents/SoC/TP/TP_ublaze_3IS/TP_ublaze_3IS.sdk/Test_IP/Debug/Test_IP.elf
----------------End of Script----------------

15:57:44 INFO  : Memory regions updated for context PA
15:57:44 INFO  : Memory regions updated for context PA
15:57:44 INFO  : Context for processor 'microblaze_0' is selected.
15:57:44 INFO  : 'con' command is executed.
15:57:44 INFO  : ----------------XSDB Script (After Launch)----------------
targets -set -nocase -filter {name =~ "microblaze*#0" && bscan=="USER2"  && jtag_cable_name =~ "Digilent Basys3 210183A4DA48A"} -index 0
con
----------------End of Script----------------

15:57:44 INFO  : Launch script is exported to file 'U:\Documents\SoC\TP\TP_ublaze_3IS\TP_ublaze_3IS.sdk\.sdk\launch_scripts\xilinx_c-c++_application_(system_debugger)\system_debugger_using_debug_test_ip.elf_on_local.tcl'
16:07:43 INFO  : Disconnected from the channel tcfchan#5.
16:07:45 INFO  : 'targets -set -filter {jtag_cable_name =~ "Digilent Basys3 210183A4DA48A" && level==0} -index 0' command is executed.
16:07:45 INFO  : 'fpga -state' command is executed.
16:07:45 INFO  : Connected to target on host '127.0.0.1' and port '3121'.
16:07:45 INFO  : Jtag cable 'Digilent Basys3 210183A4DA48A' is selected.
16:07:45 INFO  : 'jtag frequency' command is executed.
16:07:45 INFO  : 'configparams mdm-detect-bscan-mask 2' command is executed.
16:07:45 INFO  : Context for processor 'microblaze_0' is selected.
16:07:45 INFO  : Processor reset is completed for 'microblaze_0'.
16:07:45 INFO  : Context for processor 'microblaze_0' is selected.
16:07:45 INFO  : The application 'U:/Documents/SoC/TP/TP_ublaze_3IS/TP_ublaze_3IS.sdk/animer_hello/Debug/animer_hello.elf' is downloaded to processor 'microblaze_0'.
16:07:45 INFO  : ----------------XSDB Script----------------
connect -url tcp:127.0.0.1:3121
configparams mdm-detect-bscan-mask 2
targets -set -nocase -filter {name =~ "microblaze*#0" && bscan=="USER2"  && jtag_cable_name =~ "Digilent Basys3 210183A4DA48A"} -index 0
rst -processor
targets -set -nocase -filter {name =~ "microblaze*#0" && bscan=="USER2"  && jtag_cable_name =~ "Digilent Basys3 210183A4DA48A"} -index 0
dow U:/Documents/SoC/TP/TP_ublaze_3IS/TP_ublaze_3IS.sdk/animer_hello/Debug/animer_hello.elf
----------------End of Script----------------

16:07:45 INFO  : Memory regions updated for context PA
16:07:45 INFO  : Memory regions updated for context PA
16:07:45 INFO  : Context for processor 'microblaze_0' is selected.
16:07:45 INFO  : 'con' command is executed.
16:07:45 INFO  : ----------------XSDB Script (After Launch)----------------
targets -set -nocase -filter {name =~ "microblaze*#0" && bscan=="USER2"  && jtag_cable_name =~ "Digilent Basys3 210183A4DA48A"} -index 0
con
----------------End of Script----------------

16:07:45 INFO  : Launch script is exported to file 'U:\Documents\SoC\TP\TP_ublaze_3IS\TP_ublaze_3IS.sdk\.sdk\launch_scripts\xilinx_c-c++_application_(system_debugger)\system_debugger_using_debug_animer_hello.elf_on_local.tcl'
16:08:16 INFO  : Disconnected from the channel tcfchan#6.
16:08:18 INFO  : 'targets -set -filter {jtag_cable_name =~ "Digilent Basys3 210183A4DA48A" && level==0} -index 0' command is executed.
16:08:18 INFO  : 'fpga -state' command is executed.
16:08:18 INFO  : Connected to target on host '127.0.0.1' and port '3121'.
16:08:18 INFO  : Jtag cable 'Digilent Basys3 210183A4DA48A' is selected.
16:08:18 INFO  : 'jtag frequency' command is executed.
16:08:18 INFO  : 'configparams mdm-detect-bscan-mask 2' command is executed.
16:08:18 INFO  : Context for processor 'microblaze_0' is selected.
16:08:18 INFO  : Processor reset is completed for 'microblaze_0'.
16:08:18 INFO  : Context for processor 'microblaze_0' is selected.
16:08:18 INFO  : The application 'U:/Documents/SoC/TP/TP_ublaze_3IS/TP_ublaze_3IS.sdk/animer_hello/Debug/animer_hello.elf' is downloaded to processor 'microblaze_0'.
16:08:18 INFO  : ----------------XSDB Script----------------
connect -url tcp:127.0.0.1:3121
configparams mdm-detect-bscan-mask 2
targets -set -nocase -filter {name =~ "microblaze*#0" && bscan=="USER2"  && jtag_cable_name =~ "Digilent Basys3 210183A4DA48A"} -index 0
rst -processor
targets -set -nocase -filter {name =~ "microblaze*#0" && bscan=="USER2"  && jtag_cable_name =~ "Digilent Basys3 210183A4DA48A"} -index 0
dow U:/Documents/SoC/TP/TP_ublaze_3IS/TP_ublaze_3IS.sdk/animer_hello/Debug/animer_hello.elf
----------------End of Script----------------

16:08:18 INFO  : Memory regions updated for context PA
16:08:18 INFO  : Memory regions updated for context PA
16:08:18 INFO  : Context for processor 'microblaze_0' is selected.
16:08:18 INFO  : 'con' command is executed.
16:08:18 INFO  : ----------------XSDB Script (After Launch)----------------
targets -set -nocase -filter {name =~ "microblaze*#0" && bscan=="USER2"  && jtag_cable_name =~ "Digilent Basys3 210183A4DA48A"} -index 0
con
----------------End of Script----------------

16:08:18 INFO  : Launch script is exported to file 'U:\Documents\SoC\TP\TP_ublaze_3IS\TP_ublaze_3IS.sdk\.sdk\launch_scripts\xilinx_c-c++_application_(system_debugger)\system_debugger_using_debug_animer_hello.elf_on_local.tcl'
