Type=GDR 2.0
Nb.Pixel/Ligne=256
Nb.Lignes=256
Nb.Bits=8
 
-2147483648 -2147483648 -2147483648 -2147483648 -2147483648 -2147483648 -2147483648 -2147483648 -2147483648 -2147483648 -2147483648 -2147483648 -2147483648 -2147483648 -2147483648 -2147483648 -2147483648 -2147483648 -2147483648 -2147483648 -2147483648 -2147483648 -2147483648 -2147483648 -2147483648 -2147483648 -2147483648 -2147483648 -2147483648 -2147483648 -2147483648 -2147483648 -2147483648 -2147483648 -2147483648 -2147483648 -2147483648 -2147483648 -2147483648 -2147483648 -2147483648 -2147483648 -2147483648 -2147483648 -2147483648 -2147483648 -2147483648 -2147483648 -2147483648 -2147483648 -2147483648 -2147483648 -2147483648 -2147483648 -2147483648 -2147483648 -2147483648 -2147483648 -2147483648 -2147483648 -2147483648 -2147483648 -2147483648 -2147483648 -2147483648 -2147483648 -2147483648 -2147483648 -2147483648 -2147483648 -2147483648 -2147483648 -2147483648 -2147483648 -2147483648 -2147483648 -2147483648 -2147483648 -2147483648 -2147483648 -2147483648 -2147483648 -2147483648 -2147483648 -2147483648 -2147483648 -2147483648 -2147483648 -2147483648 -2147483648 -2147483648 -2147483648 -2147483648 -2147483648 -2147483648 -2147483648 -2147483648 -2147483648 -2147483648 -2147483648 -2147483648 -2147483648 -2147483648 -2147483648 -2147483648 -2147483648 -2147483648 -2147483648 -2147483648 -2147483648 -2147483648 -2147483648 -2147483648 -2147483648 -2147483648 -2147483648 -2147483648 -2147483648 -2147483648 -2147483648 -2147483648 -2147483648 -2147483648 -2147483648 -2147483648 -2147483648 -2147483648 -2147483648 -2147483648 -2147483648 -2147483648 -2147483648 -2147483648 -2147483648 -2147483648 -2147483648 -2147483648 -2147483648 -2147483648 -2147483648 -2147483648 -2147483648 -2147483648 -2147483648 -2147483648 -2147483648 -2147483648 -2147483648 -2147483648 -2147483648 -2147483648 -2147483648 -2147483648 -2147483648 -2147483648 -2147483648 -2147483648 -2147483648 -2147483648 -2147483648 -2147483648 -2147483648 -2147483648 -2147483648 -2147483648 -2147483648 -2147483648 -2147483648 -2147483648 -2147483648 -2147483648 -2147483648 -2147483648 -2147483648 -2147483648 -2147483648 -2147483648 -2147483648 -2147483648 -2147483648 -2147483648 -2147483648 -2147483648 -2147483648 -2147483648 -2147483648 -2147483648 -2147483648 -2147483648 -2147483648 -2147483648 -2147483648 -2147483648 -2147483648 -2147483648 -2147483648 -2147483648 -2147483648 -2147483648 -2147483648 -2147483648 -2147483648 -2147483648 -2147483648 -2147483648 -2147483648 -2147483648 -2147483648 -2147483648 -2147483648 -2147483648 -2147483648 -2147483648 -2147483648 -2147483648 -2147483648 -2147483648 -2147483648 -2147483648 -2147483648 -2147483648 -2147483648 -2147483648 -2147483648 -2147483648 -2147483648 -2147483648 -2147483648 -2147483648 -2147483648 -2147483648 -2147483648 -2147483648 -2147483648 -2147483648 -2147483648 -2147483648 -2147483648 -2147483648 -2147483648 -2147483648 -2147483648 -2147483648 -2147483648 -2147483648 -2147483648 -2147483648 -2147483648 -2147483648 -2147483648 -2147483648 -2147483648 -2147483648 -2147483648 -2147483648 -2147483648 
-2147483648 0 0 0 0 0 0 0 0 0 0 0 0 0 0 0 0 0 0 2 2 0 0 0 0 2 0 0 0 0 0 0 0 3 3 0 0 0 0 0 1 4 4 6 5 0 0 0 0 0 0 0 6 4 2 0 0 0 0 2 0 0 0 0 0 0 0 3 0 0 0 0 0 0 0 0 0 0 0 0 0 0 0 0 0 0 0 0 0 0 0 0 0 0 0 0 0 0 25 59 51 60 82 49 11 0 0 0 0 0 0 0 0 0 0 0 0 0 0 0 0 0 0 0 1 37 132 112 0 0 0 0 0 0 0 0 0 0 0 0 0 0 0 0 0 0 0 0 0 0 1 1 0 0 1 1 1 1 1 4 4 4 10 41 121 145 69 18 8 0 0 10 7 3 4 4 0 0 0 0 0 1 1 0 0 0 3 2 0 0 0 0 0 0 4 4 0 0 0 2 3 1 0 1 1 0 0 0 0 0 0 2 1 0 0 2 2 0 0 1 0 0 2 0 0 0 0 0 1 0 0 2 3 0 0 0 0 0 0 2 2 1 1 0 0 0 1 12 11 0 0 0 0 0 0 -2147483648 
-2147483648 0 0 0 0 0 0 0 0 0 0 0 0 0 0 0 0 0 0 1 1 0 0 0 0 2 3 0 0 0 0 0 0 4 4 0 0 0 0 0 2 4 2 6 6 0 0 0 0 0 0 0 4 3 0 0 0 0 2 2 0 0 0 0 0 0 0 1 0 0 0 0 0 0 0 0 0 0 0 0 0 0 0 0 0 0 0 0 0 0 0 0 0 0 0 0 0 0 18 51 54 59 79 57 16 0 0 0 0 0 0 0 0 0 0 0 0 0 0 0 0 0 0 0 2 65 147 72 0 0 0 0 0 0 0 0 0 0 1 1 0 0 1 1 1 1 0 0 1 1 3 3 1 2 3 3 4 5 5 8 10 10 18 54 118 118 47 11 4 0 0 8 9 4 3 4 0 0 0 0 1 3 2 0 0 0 1 1 1 1 0 0 0 1 4 3 0 0 1 2 3 2 0 0 0 0 0 0 0 0 0 2 2 0 0 2 1 0 0 3 0 0 1 0 0 0 0 0 0 0 2 2 1 0 0 0 1 1 0 1 1 2 2 0 0 0 0 12 12 0 0 0 0 0 0 -2147483648 
-2147483648 0 0 0 0 0 0 0 0 0 0 0 0 0 0 0 0 0 1 0 0 0 0 0 0 1 3 0 0 0 0 0 0 3 3 0 0 0 0 0 1 3 3 6 5 0 0 0 0 0 0 0 1 1 0 0 0 0 1 1 0 0 0 0 0 0 0 0 0 0 0 0 0 0 0 0 1 1 0 0 0 0 0 0 0 0 0 0 0 0 0 0 0 1 1 0 0 2 12 34 56 66 76 63 23 2 0 0 0 0 0 0 0 0 0 0 0 0 0 0 0 0 0 1 12 90 150 37 0 0 0 0 0 1 0 0 1 2 3 3 1 1 4 4 3 3 2 2 4 5 7 6 5 8 7 7 10 12 12 14 17 17 24 53 93 79 23 2 0 0 0 9 10 3 1 4 1 0 0 0 3 4 1 0 0 0 0 0 3 2 0 0 1 3 3 1 0 0 2 2 1 1 0 1 1 0 0 0 0 0 1 2 1 0 0 2 0 0 0 3 2 0 1 0 0 0 0 1 1 0 1 1 0 0 0 0 2 2 0 0 0 1 1 0 0 0 0 12 12 0 0 0 0 0 0 -2147483648 
-2147483648 0 0 0 0 0 0 0 0 0 0 0 0 0 0 0 0 0 1 0 0 0 0 0 0 0 1 0 0 0 0 0 1 1 0 0 0 0 0 0 0 1 3 6 4 0 0 0 0 0 0 0 0 1 0 0 0 0 0 1 0 0 0 0 1 1 0 0 0 0 0 0 0 0 1 1 1 2 0 0 1 0 1 1 0 0 0 0 0 0 0 0 0 2 2 0 0 6 6 17 51 71 79 68 31 6 0 0 0 0 0 0 0 0 0 1 1 0 0 1 1 0 1 4 29 113 140 1 0 0 0 0 0 4 2 2 5 7 6 7 5 5 9 9 7 6 7 7 8 11 12 9 9 13 12 11 15 17 16 18 20 20 22 35 50 34 4 0 0 0 0 8 9 2 1 4 1 0 0 0 3 4 0 0 1 0 0 1 3 0 0 0 3 4 1 0 1 1 1 1 0 0 0 2 2 0 0 0 0 0 2 2 0 0 0 2 0 0 1 2 1 0 2 0 0 0 0 2 2 0 0 0 0 0 0 0 1 1 0 0 0 1 1 0 0 0 0 12 12 0 0 0 0 0 0 -2147483648 
-2147483648 0 0 0 0 0 0 0 0 0 0 0 0 0 0 0 0 0 0 0 1 0 0 0 0 1 0 0 0 0 0 0 2 0 0 0 0 0 2 2 0 0 2 6 5 0 0 0 0 0 0 0 0 2 2 0 0 0 1 3 0 0 0 1 3 2 0 0 0 0 0 0 0 1 3 2 0 1 0 0 2 0 2 2 0 0 0 0 0 0 0 0 0 1 1 0 2 6 1 6 35 68 82 73 43 12 0 0 0 0 0 0 0 0 1 3 4 1 2 5 4 2 5 11 43 117 117 0 0 0 0 0 3 8 6 7 10 10 9 12 10 9 12 12 10 8 10 10 10 12 11 8 7 11 12 10 13 15 14 16 17 15 11 15 20 6 0 0 0 0 0 5 7 2 2 3 1 1 0 0 2 3 0 0 2 0 0 2 1 0 0 0 3 3 1 1 2 2 0 1 1 0 0 0 1 1 0 0 0 0 1 2 0 0 0 3 0 0 3 3 0 1 2 0 0 0 0 1 2 1 0 0 0 0 0 0 0 0 0 0 0 2 2 0 0 0 0 12 12 0 0 0 0 0 0 -2147483648 
-2147483648 0 0 0 0 0 0 0 0 0 0 0 0 0 0 2 0 0 0 0 1 0 0 0 0 2 0 0 0 0 0 1 2 0 0 0 0 0 1 1 0 1 3 6 7 0 0 0 0 0 0 0 0 1 2 0 0 1 3 3 0 0 0 2 3 1 1 2 0 0 0 0 0 2 3 2 0 0 0 0 1 0 2 2 0 2 1 0 0 0 0 0 1 0 0 0 4 3 0 2 20 52 72 69 47 22 8 0 0 0 0 0 0 3 5 7 8 5 8 11 9 8 11 19 52 94 71 0 0 0 0 0 7 10 8 9 9 7 8 11 10 9 9 8 6 5 8 9 8 6 5 4 2 5 8 7 8 11 13 14 10 4 1 5 8 0 0 0 0 0 0 4 6 2 1 1 2 2 0 0 2 1 1 0 1 0 0 1 0 0 0 0 0 2 3 2 2 2 0 2 2 0 0 0 0 2 0 1 1 0 0 2 0 0 0 3 0 0 3 3 1 3 2 0 0 0 0 0 2 3 1 0 0 0 0 0 0 0 0 0 0 1 1 1 1 0 0 12 12 0 0 0 0 0 0 -2147483648 
-2147483648 0 0 0 0 0 0 0 0 0 1 0 0 1 1 2 0 0 0 0 0 0 0 0 0 1 0 0 0 0 0 2 2 0 0 0 0 0 0 0 0 2 4 6 9 0 0 0 0 0 0 0 0 0 3 1 0 3 3 0 0 0 0 2 2 1 3 5 1 0 0 1 1 2 2 2 2 0 0 1 1 0 3 3 1 5 3 0 1 2 0 0 5 2 0 1 5 5 2 3 11 30 50 51 37 29 20 0 0 0 0 0 0 7 9 11 9 8 12 13 11 12 14 20 42 55 30 0 0 0 0 0 6 7 6 5 3 2 3 5 6 7 4 1 1 2 5 6 4 2 2 1 0 1 4 6 8 12 13 10 2 0 0 5 7 2 0 0 0 0 0 2 5 2 0 1 2 0 0 0 2 1 2 0 0 2 0 0 0 0 2 0 0 3 4 1 2 2 0 2 2 0 0 0 1 2 0 2 2 0 0 1 0 0 0 0 0 0 2 1 2 3 1 0 0 0 0 1 1 3 3 0 0 0 0 0 1 1 0 0 0 0 1 3 2 0 0 12 12 0 0 0 0 0 0 -2147483648 
-2147483648 0 0 0 0 0 0 0 0 0 2 0 0 1 2 2 0 0 0 0 0 0 0 0 0 0 0 0 0 0 0 1 1 0 0 0 0 0 0 1 0 0 4 6 8 0 0 0 0 0 0 0 0 0 4 4 0 3 2 0 0 0 1 4 3 3 5 6 3 0 1 4 4 3 3 2 2 2 2 3 3 2 5 6 5 8 6 2 5 8 2 2 10 7 2 3 6 9 8 6 9 17 29 29 22 23 18 0 0 0 0 0 2 6 7 8 6 5 8 9 6 9 12 16 25 23 8 0 0 0 0 0 3 2 1 0 0 0 0 1 3 4 1 0 0 3 4 3 1 2 3 0 0 0 1 7 13 15 11 3 0 0 0 6 9 6 0 0 0 0 0 0 3 2 0 2 2 0 0 1 2 2 1 1 1 1 0 0 0 0 1 0 0 3 3 0 1 2 1 2 2 0 0 0 2 2 0 1 1 0 0 0 0 0 0 0 0 2 2 0 1 1 0 0 0 1 1 2 0 1 3 0 0 0 0 0 2 2 0 0 0 0 2 3 1 0 1 13 12 0 0 0 0 0 0 -2147483648 
-2147483648 0 0 0 0 0 0 0 0 0 2 0 0 0 2 1 0 0 0 0 0 0 0 0 0 0 0 0 0 0 0 1 1 0 0 0 0 0 1 3 0 0 4 5 6 1 0 0 0 0 0 0 0 0 4 7 3 2 3 2 0 0 4 7 5 5 8 8 5 3 5 8 8 5 6 5 6 8 6 6 6 6 7 9 9 10 9 6 8 11 5 5 10 9 7 3 4 8 8 6 7 9 13 12 9 10 7 0 0 0 2 2 0 2 2 2 3 1 2 4 1 5 9 13 18 12 0 0 0 0 0 0 1 0 0 0 0 0 0 0 2 2 0 0 0 3 4 2 0 2 3 0 0 0 1 10 17 15 9 0 0 0 0 6 11 9 0 0 0 0 0 0 2 2 0 2 1 0 0 3 2 1 0 2 2 0 0 0 0 1 0 2 3 2 0 0 1 2 2 1 1 0 0 0 1 1 0 1 0 0 0 0 1 1 0 0 0 1 1 0 1 1 0 0 0 2 2 1 0 0 1 0 0 0 0 0 1 1 0 0 0 0 2 1 0 1 2 14 12 0 0 0 0 0 0 -2147483648 
-2147483648 0 0 0 0 0 0 0 0 0 2 0 0 0 2 1 0 0 0 0 0 0 0 0 0 0 0 0 0 0 0 2 2 0 0 0 0 0 3 3 0 0 3 4 8 5 0 0 0 0 0 0 0 1 5 9 6 5 6 5 3 4 9 10 9 9 12 12 8 9 10 10 10 7 8 8 12 12 6 8 8 6 6 8 8 7 7 6 5 6 4 4 5 6 6 0 0 4 4 2 2 2 3 4 3 1 0 1 1 0 1 0 0 0 1 0 0 0 0 2 0 4 8 12 16 10 0 0 0 0 0 0 0 0 0 0 0 0 0 0 2 2 0 0 0 1 4 2 0 2 1 0 0 0 3 13 19 14 6 0 0 0 0 4 13 11 1 0 0 0 0 0 0 1 1 2 0 0 0 3 3 1 0 1 1 0 0 0 0 2 0 1 3 2 0 0 3 2 1 0 1 1 0 0 0 0 0 2 0 0 0 0 3 2 0 0 0 0 0 0 2 2 0 0 0 2 2 0 0 0 0 0 0 0 0 0 0 0 0 0 0 0 2 0 0 2 2 14 12 0 0 0 0 0 0 -2147483648 
-2147483648 0 0 0 0 0 0 0 0 0 1 0 0 0 1 2 0 0 0 0 0 0 0 0 0 0 0 0 0 0 0 1 2 0 0 0 0 0 3 1 0 0 2 5 10 8 0 0 0 0 0 0 2 5 9 11 10 11 10 7 6 9 12 11 12 11 12 12 9 10 10 8 7 6 5 5 10 8 2 5 5 2 2 4 4 2 2 2 1 1 1 1 1 2 2 0 0 0 1 0 0 0 0 1 1 0 0 3 2 0 0 0 0 0 1 0 0 0 0 2 1 5 8 11 15 10 0 0 0 0 0 0 0 1 0 0 0 0 0 0 1 1 0 1 0 0 3 2 1 2 0 0 0 0 5 14 19 14 4 0 0 0 0 2 16 13 3 0 0 0 0 0 0 0 2 1 0 0 0 1 3 2 0 0 0 0 0 0 0 1 0 1 2 0 0 1 4 3 1 0 2 2 0 0 0 0 1 1 0 0 0 0 3 1 0 0 0 0 0 0 1 1 0 1 1 2 2 0 0 0 0 0 0 1 0 0 0 0 0 0 0 0 1 0 0 1 2 15 13 0 0 0 0 0 0 -2147483648 
-2147483648 0 0 0 0 0 0 0 0 0 0 0 0 0 1 1 0 0 0 0 0 0 0 0 0 0 0 0 0 0 0 0 2 0 0 0 0 0 2 1 0 0 2 5 8 10 0 0 0 0 0 0 4 7 11 10 9 12 10 7 5 6 7 7 9 6 7 6 5 6 5 4 2 2 1 1 3 0 0 3 3 0 0 1 1 0 0 0 0 0 0 0 0 0 0 0 0 0 0 0 0 0 0 0 0 0 0 4 3 0 0 0 0 0 0 0 0 0 0 1 2 6 8 10 14 10 0 0 0 0 0 0 1 2 0 0 0 0 0 0 0 0 0 2 1 0 1 1 1 1 0 1 1 0 6 14 17 14 6 1 0 0 0 0 17 15 6 0 0 0 0 0 0 0 1 0 0 0 1 1 1 1 0 0 0 0 0 0 0 0 1 3 2 0 0 2 3 4 3 0 1 1 0 0 0 0 2 1 0 0 0 0 1 1 1 0 0 0 0 0 0 0 0 2 2 1 2 1 0 0 0 0 0 1 0 1 1 0 0 0 1 0 0 0 1 1 1 16 15 0 0 0 0 0 0 -2147483648 
-2147483648 0 0 0 0 0 0 0 0 0 0 0 0 3 2 0 0 0 0 0 0 0 0 0 0 0 0 0 0 0 0 0 1 0 0 0 0 0 3 3 0 0 1 3 5 9 0 0 0 0 0 0 2 3 6 5 3 6 5 4 3 0 0 3 4 1 3 1 1 4 2 1 0 0 0 0 0 0 0 5 5 1 0 0 0 0 0 0 0 0 0 0 0 0 0 0 0 0 0 0 0 0 0 0 0 0 0 4 4 0 0 0 0 0 0 0 0 0 0 1 2 4 8 12 14 9 0 0 0 0 0 0 0 1 0 0 0 0 0 0 1 1 0 1 2 1 0 0 0 0 0 3 2 0 5 13 16 15 9 3 0 0 0 0 14 18 10 0 0 0 0 0 0 0 0 0 0 0 2 2 0 0 0 0 0 0 0 0 0 0 3 4 1 0 0 1 1 4 3 0 1 0 0 0 0 0 1 2 1 0 0 0 0 2 2 0 0 0 0 0 0 0 0 1 1 0 3 3 0 0 0 0 0 0 0 2 2 0 0 0 2 0 0 0 2 2 0 16 16 0 0 0 0 0 0 -2147483648 
-2147483648 0 0 0 0 0 0 0 0 0 1 0 0 4 1 0 0 0 0 0 0 0 0 0 0 0 0 0 0 0 0 0 1 0 0 0 0 0 3 4 1 0 0 2 3 5 2 0 0 0 0 0 0 0 1 1 0 2 1 1 2 0 0 0 0 0 2 1 0 3 2 1 0 0 0 0 0 0 0 5 4 2 1 0 0 0 0 0 0 0 0 0 0 0 0 0 0 0 0 0 0 0 0 0 0 0 0 4 4 0 0 0 0 0 0 0 0 0 0 2 3 2 6 13 14 9 0 0 0 0 0 0 0 0 0 0 0 0 0 0 2 3 1 0 0 0 0 0 0 0 0 2 1 1 4 11 16 16 10 5 0 0 0 0 7 19 14 0 0 0 0 0 0 0 0 0 0 0 1 2 0 1 1 0 0 0 0 0 0 1 4 3 0 0 0 0 0 3 1 1 3 0 0 1 1 0 0 0 0 0 0 0 1 2 1 0 0 0 1 1 0 0 0 0 0 0 3 3 0 0 0 2 0 0 1 2 2 1 0 0 0 0 0 0 1 1 0 16 16 0 0 0 0 0 0 -2147483648 
-2147483648 0 0 0 0 0 0 0 0 0 2 0 0 3 0 0 0 0 0 0 0 0 0 0 0 0 0 0 0 0 0 0 2 0 0 0 0 1 2 3 2 0 0 1 1 1 0 0 0 0 0 0 0 0 0 0 0 2 0 0 2 0 0 0 0 0 2 2 0 2 2 2 0 0 1 1 0 0 0 3 1 2 2 0 0 0 1 0 0 0 0 0 0 0 0 0 0 0 0 0 0 0 0 0 0 0 0 3 3 0 1 0 0 0 0 0 0 0 1 2 3 2 3 11 15 11 0 0 0 0 0 0 0 0 0 0 0 0 1 0 2 4 2 0 0 0 1 0 2 1 0 0 1 3 4 9 15 16 12 7 2 0 0 0 0 17 19 5 0 0 0 0 0 0 0 0 0 0 1 3 0 2 2 0 0 0 0 0 1 3 3 1 0 1 1 0 0 1 0 2 3 1 1 2 2 0 0 0 0 2 0 0 2 2 0 0 0 0 2 2 0 0 0 0 0 1 1 0 1 0 2 1 0 2 4 4 3 2 0 0 0 0 0 0 0 0 0 16 16 0 0 0 0 0 0 -2147483648 
-2147483648 0 0 0 0 0 0 0 0 0 1 1 1 1 0 2 1 0 0 0 0 0 0 0 0 0 0 0 0 0 0 0 1 1 0 0 0 2 2 1 2 1 0 0 0 0 0 0 0 0 0 0 0 1 0 0 0 0 0 0 2 1 0 0 0 0 0 0 1 3 2 2 1 0 1 1 0 0 0 1 0 2 1 0 0 0 1 0 0 0 0 0 0 0 0 0 0 0 0 0 0 0 0 0 0 0 0 1 1 0 2 0 0 0 0 0 0 0 2 3 2 1 2 10 16 12 1 0 0 0 0 0 0 0 1 0 0 0 2 0 2 3 2 0 0 1 3 1 0 1 0 0 2 4 3 7 12 15 15 9 3 0 0 0 0 11 22 11 0 0 0 0 0 0 0 0 0 0 3 4 0 2 2 0 0 0 0 0 2 3 2 1 0 2 2 0 0 0 0 1 1 3 3 1 2 1 0 0 0 2 1 0 0 1 1 0 0 0 1 2 1 0 0 0 0 3 1 0 2 2 2 3 4 5 5 5 3 1 0 0 0 0 0 0 0 0 0 15 15 0 0 0 0 0 0 -2147483648 
-2147483648 0 0 0 0 0 0 0 0 0 0 2 2 0 0 1 2 0 0 0 0 0 0 0 0 0 0 0 0 0 0 0 1 2 2 0 0 1 1 1 3 2 0 0 0 0 0 0 0 0 0 0 0 2 1 0 0 0 0 0 3 2 0 1 0 0 0 0 2 3 2 3 2 0 0 0 0 0 0 0 0 1 0 0 0 0 0 0 0 0 0 0 0 0 0 0 0 0 0 0 0 0 0 0 0 0 1 1 0 0 1 0 0 0 0 0 0 0 1 3 3 0 2 10 16 13 1 0 0 0 0 0 0 0 2 0 0 0 1 0 1 1 2 0 0 2 4 2 0 0 1 0 0 2 2 6 9 13 16 12 6 1 0 0 0 2 21 17 3 0 0 0 0 0 0 0 0 0 4 4 0 2 2 0 0 0 0 0 2 1 3 3 0 1 0 0 0 1 1 0 0 4 3 0 3 2 0 0 0 2 2 0 0 0 2 0 0 0 0 2 2 0 0 0 0 3 2 0 2 4 6 9 8 4 2 2 1 0 0 0 0 0 0 0 0 0 0 11 12 0 0 0 0 0 0 -2147483648 
-2147483648 0 0 0 0 0 0 0 0 0 0 1 1 0 0 1 0 0 0 0 0 0 0 0 0 0 0 0 0 0 0 0 2 1 1 0 0 0 0 2 4 1 0 0 0 0 0 0 0 0 0 0 1 1 2 1 0 0 0 0 4 1 0 3 0 0 0 0 0 1 3 3 1 1 1 0 0 0 0 0 0 0 0 0 0 0 0 0 0 0 0 0 0 0 0 0 0 0 0 0 0 0 0 0 0 0 3 3 0 0 0 0 0 0 0 0 0 0 0 1 4 1 2 9 15 14 1 0 0 0 0 0 0 0 1 0 0 0 0 0 0 0 1 0 0 3 4 0 0 0 0 0 0 0 3 7 7 10 15 15 10 3 0 0 0 0 15 20 9 0 0 0 0 0 0 0 0 0 3 3 1 2 1 0 0 0 0 0 2 1 4 3 0 0 0 0 0 2 2 0 1 4 1 0 3 1 0 0 0 2 1 0 0 0 2 0 0 0 1 1 0 0 0 0 0 2 2 1 5 9 10 9 5 1 0 0 0 0 0 0 0 0 0 0 0 0 0 6 8 0 0 0 0 0 0 -2147483648 
-2147483648 0 0 0 0 0 0 0 0 0 0 1 0 0 3 1 0 0 2 0 0 0 0 0 0 0 0 0 0 0 0 0 1 0 0 0 0 0 0 1 3 0 0 0 0 0 0 0 0 0 0 0 2 0 1 3 0 0 0 0 4 0 0 3 0 0 0 0 0 1 3 1 0 2 2 0 0 0 0 0 1 0 0 0 0 0 0 0 0 0 0 0 0 0 0 1 0 0 0 0 0 0 0 0 0 0 3 4 1 0 0 0 0 0 0 0 0 0 0 0 3 2 1 7 14 14 3 0 0 0 0 0 0 0 0 0 0 0 0 0 0 0 0 0 0 4 3 0 0 0 0 0 0 0 3 7 5 6 13 16 14 6 0 0 0 0 5 21 15 0 0 0 0 0 0 0 0 0 1 1 2 2 0 1 1 0 0 1 2 2 3 1 0 0 0 0 0 1 1 1 3 3 0 1 2 0 0 0 2 2 0 0 0 0 2 0 0 0 3 1 0 0 0 0 0 3 5 6 10 10 6 3 0 0 0 0 0 0 0 1 2 3 2 1 0 0 0 2 3 0 0 0 0 0 0 -2147483648 
-2147483648 0 0 0 0 0 0 0 0 0 0 2 0 0 2 0 0 0 3 0 0 0 0 0 0 0 0 0 0 0 0 0 0 0 0 0 0 0 0 1 2 0 0 0 0 0 0 1 1 0 0 0 1 1 0 3 1 0 0 0 3 0 0 1 0 2 1 0 0 2 2 0 0 2 2 0 0 0 0 0 2 0 0 0 0 0 0 0 0 0 0 0 0 0 0 1 0 0 0 0 0 0 0 0 0 0 2 4 3 1 0 1 0 0 0 0 0 0 0 1 2 1 0 6 13 13 5 0 0 0 0 0 0 0 0 0 0 1 0 0 0 0 0 0 0 3 1 0 0 0 0 0 3 2 0 5 5 4 10 15 16 10 2 0 0 0 0 18 17 0 0 0 0 0 0 0 0 0 0 0 1 2 1 2 2 0 0 3 3 1 1 0 0 0 0 0 0 1 1 2 3 1 1 3 2 0 1 1 0 0 0 0 0 0 1 0 0 0 3 2 0 0 0 0 1 6 11 11 9 5 1 0 0 0 0 0 0 0 0 2 5 8 6 4 1 0 0 0 0 0 0 0 0 0 0 -2147483648 
-2147483648 0 0 0 0 0 0 0 0 0 0 0 0 0 0 0 0 0 2 0 0 0 0 0 0 0 2 0 0 0 0 0 1 0 0 0 0 0 0 2 2 0 0 0 0 1 0 2 2 0 0 0 0 2 0 1 2 0 0 0 1 0 0 0 1 2 2 0 0 1 2 0 0 2 2 0 0 0 0 0 1 0 0 0 0 0 0 0 0 0 0 0 0 1 0 0 0 0 0 0 0 0 0 0 0 0 1 3 5 4 1 2 0 0 0 0 0 0 0 2 1 0 2 5 10 12 8 0 0 0 0 0 0 0 0 0 0 2 0 0 0 0 0 0 0 1 0 0 0 0 0 0 3 1 0 4 6 3 7 14 16 14 6 0 0 0 0 12 18 0 0 0 0 0 0 0 0 0 1 1 0 3 3 0 0 0 0 4 4 0 0 0 0 0 0 0 0 2 2 2 2 0 3 4 1 0 2 2 0 0 0 0 1 0 0 0 0 0 1 1 0 0 0 2 7 12 13 8 3 0 0 0 0 0 0 0 0 0 0 1 4 7 7 7 4 2 1 2 2 0 0 0 0 0 0 -2147483648 
-2147483648 0 0 0 0 0 0 0 0 0 0 0 0 0 0 0 0 0 2 0 0 0 0 0 0 0 1 0 0 0 0 0 2 0 0 0 0 0 0 2 2 0 0 0 0 3 1 1 1 0 0 0 0 1 0 0 1 0 0 0 1 0 0 0 1 2 2 1 0 0 1 0 0 1 1 0 0 0 0 0 0 0 0 0 0 0 0 0 0 0 0 0 0 2 0 0 0 0 0 0 0 0 0 0 1 2 0 1 6 7 4 3 1 0 0 0 0 0 0 1 0 0 5 4 6 11 11 0 0 0 0 0 0 0 0 0 0 1 0 0 0 0 1 0 0 0 0 0 0 0 0 0 1 0 0 3 5 1 5 13 16 17 10 2 0 0 0 7 23 8 0 0 0 0 0 0 0 0 2 2 0 4 4 0 0 0 0 4 4 0 0 0 0 0 0 1 1 0 0 3 3 0 4 4 0 0 1 1 0 0 0 0 2 0 0 0 0 0 0 1 1 0 1 8 15 14 8 2 0 0 0 0 0 0 0 0 0 0 0 1 2 1 3 7 7 5 2 7 7 0 0 0 0 0 0 -2147483648 
-2147483648 0 0 0 0 0 0 0 0 0 0 0 0 0 0 0 0 0 0 0 0 0 0 0 0 0 0 1 0 0 0 0 1 0 0 0 0 0 0 3 2 0 0 0 0 3 2 0 0 0 0 1 1 0 0 0 0 0 0 0 2 1 1 0 0 2 3 2 2 0 1 1 0 0 0 0 0 0 1 0 0 0 0 0 0 0 0 0 0 0 1 1 0 1 0 0 0 0 0 0 0 0 0 0 1 4 0 0 5 9 7 5 3 0 0 0 0 0 0 0 0 1 5 3 3 9 13 0 0 0 0 0 0 0 0 0 0 0 0 0 0 1 2 0 0 0 0 0 0 0 0 0 0 0 0 2 4 0 2 10 15 18 14 5 0 0 0 0 27 15 0 0 0 0 0 0 0 0 1 1 0 3 3 0 0 0 0 4 3 0 1 0 0 0 0 2 2 0 0 3 4 1 3 3 1 1 0 0 0 0 0 0 1 0 0 0 0 0 0 2 3 3 6 14 15 7 0 0 0 0 0 0 0 0 0 0 0 0 0 2 2 0 0 4 7 5 1 13 13 0 0 0 0 0 0 -2147483648 
-2147483648 0 0 0 0 0 0 0 0 0 0 0 0 0 0 0 0 0 0 0 0 0 0 0 0 0 0 2 2 0 0 0 1 0 0 0 0 1 1 3 1 0 0 0 0 0 1 0 1 1 0 2 2 0 0 0 1 0 0 0 0 2 3 0 0 3 4 1 0 0 3 2 0 1 0 0 0 0 2 0 0 0 0 0 0 0 0 0 0 0 3 3 0 0 0 0 0 0 0 0 0 0 0 0 1 4 0 0 5 11 7 5 4 0 0 0 0 0 0 0 0 2 3 1 3 8 13 0 0 0 1 0 0 0 0 0 1 0 0 0 0 2 1 1 1 0 0 0 0 0 0 0 0 0 0 2 3 0 0 7 12 16 16 7 0 0 0 0 21 20 0 0 0 0 0 0 0 0 1 1 0 1 1 0 0 0 0 4 2 0 2 0 0 0 1 2 1 0 0 1 3 3 2 1 2 2 0 0 0 0 0 0 0 0 0 0 0 0 0 2 5 10 13 13 8 1 0 0 0 0 0 0 0 0 0 0 0 0 0 1 2 0 0 1 4 3 0 17 17 0 0 0 0 0 0 -2147483648 
-2147483648 0 0 0 0 0 0 0 0 0 0 0 0 0 0 0 0 0 0 0 0 0 0 0 2 0 0 1 1 0 0 0 2 0 0 0 0 2 2 1 0 0 0 0 0 0 0 0 2 3 1 0 0 0 0 0 2 0 0 0 0 1 4 0 0 4 3 0 0 1 4 1 0 2 0 0 1 0 1 0 0 0 0 0 0 0 0 0 0 1 3 3 0 0 0 0 0 0 0 0 0 0 0 0 2 4 1 1 7 11 5 4 3 0 0 0 0 0 0 0 0 1 1 0 4 7 11 6 0 0 3 0 0 0 0 0 2 1 0 0 0 1 0 2 3 0 0 0 0 0 0 0 0 0 0 1 1 0 0 4 9 13 14 10 2 0 0 0 7 26 9 0 0 0 0 0 0 0 2 3 0 0 1 1 0 0 0 3 2 0 1 0 0 1 3 2 0 2 3 0 1 4 2 0 2 2 0 0 0 0 0 0 0 0 0 0 0 0 1 5 10 15 13 6 0 0 0 0 0 0 0 0 0 0 0 0 0 0 0 1 2 2 1 0 1 1 0 19 19 0 0 0 0 0 0 -2147483648 
-2147483648 0 0 0 0 0 0 0 0 0 0 0 0 0 0 0 0 0 0 0 0 0 0 0 1 0 0 0 0 0 0 1 0 0 0 0 0 1 1 1 0 0 0 0 0 0 1 0 1 3 2 0 0 0 0 0 1 0 0 0 0 1 4 1 0 2 2 1 0 2 3 1 0 0 1 1 0 0 1 1 0 0 0 0 0 0 0 0 0 2 2 1 0 0 0 0 0 0 0 1 0 0 0 0 2 4 2 3 8 9 5 4 0 0 3 0 0 0 0 0 0 0 0 0 3 4 8 11 0 0 1 0 0 0 0 0 1 2 0 0 0 0 0 2 4 0 0 0 0 0 0 0 1 0 0 1 1 0 0 1 6 10 10 12 9 1 0 0 0 25 20 0 0 0 0 0 0 0 1 4 1 0 2 2 0 0 0 1 1 0 0 0 0 3 2 1 1 1 4 1 0 3 1 1 3 2 0 0 0 0 0 0 0 0 0 0 0 0 4 12 16 13 6 0 0 0 0 0 0 0 0 0 0 1 1 0 0 0 0 2 1 1 2 0 0 1 1 20 20 0 0 0 0 0 0 -2147483648 
-2147483648 0 0 0 0 0 0 0 0 0 0 0 0 0 0 0 0 0 0 0 1 0 0 0 0 0 0 0 0 0 2 2 0 0 2 0 0 0 0 2 0 0 0 0 0 3 2 0 0 1 1 0 0 0 1 0 0 1 1 0 0 2 3 2 0 0 3 1 0 2 1 2 0 0 2 1 0 0 2 3 1 0 0 1 0 0 0 0 0 2 4 0 0 0 0 0 0 0 2 5 4 0 0 0 2 4 2 5 8 8 5 1 0 2 3 0 0 0 0 0 0 0 0 0 1 1 5 12 7 0 0 1 0 0 0 0 1 1 0 0 0 0 0 3 3 0 0 0 0 0 0 0 3 0 0 3 3 0 0 0 2 6 8 12 14 6 0 0 0 15 30 7 0 0 0 0 0 0 0 3 2 0 1 2 1 0 0 0 0 0 0 1 3 3 0 0 2 0 3 2 1 2 0 3 4 1 0 0 0 0 0 0 0 0 0 1 1 3 10 17 14 5 0 0 0 0 0 0 0 0 0 1 1 2 2 0 0 0 0 1 1 1 1 0 0 2 2 20 20 0 0 0 0 0 0 -2147483648 
-2147483648 0 0 0 0 0 0 0 0 0 0 0 0 0 0 0 0 0 0 0 2 0 0 0 0 0 1 0 0 0 1 1 0 0 0 0 0 1 1 1 0 0 0 0 0 6 3 1 1 0 0 2 0 0 2 0 0 2 2 0 0 2 2 1 0 1 3 0 1 3 0 1 0 1 1 0 0 0 1 3 2 0 0 2 0 0 0 0 0 0 11 8 3 1 0 0 0 2 7 9 5 0 0 0 0 3 3 6 8 8 3 0 0 5 2 0 0 0 0 0 0 0 0 0 1 1 3 10 12 0 0 0 0 0 0 0 2 0 0 0 0 1 3 3 1 0 0 0 0 0 0 0 4 0 0 4 4 0 0 0 1 4 7 11 15 9 0 0 0 2 30 16 0 0 0 0 0 0 0 1 1 0 0 3 3 0 0 0 0 0 1 3 3 1 0 0 1 1 2 0 2 3 1 4 3 0 0 0 0 0 0 0 0 0 0 2 4 11 16 14 6 0 0 0 0 0 0 0 0 0 0 2 2 1 2 1 0 0 0 0 2 2 0 0 1 2 1 20 20 0 0 0 0 0 0 -2147483648 
-2147483648 0 0 0 0 0 0 0 0 0 0 0 0 0 0 0 0 0 0 0 1 0 0 0 0 0 2 2 0 0 1 0 2 0 0 0 0 2 2 0 0 0 0 0 0 8 4 2 2 0 0 1 0 0 1 0 0 2 1 0 0 2 2 1 1 1 1 0 2 4 1 0 0 1 0 0 0 0 0 1 1 0 0 1 0 0 0 0 0 0 27 28 10 4 1 1 2 6 10 8 3 0 0 0 0 2 4 5 8 7 1 0 0 5 1 0 1 0 0 0 0 0 0 0 2 2 2 7 11 8 0 0 0 0 0 0 0 0 0 0 1 3 3 1 0 0 0 0 0 0 0 0 3 0 0 4 3 0 0 1 3 4 5 9 13 10 3 0 0 0 24 25 3 0 0 0 0 0 0 1 1 0 0 3 4 1 0 0 0 0 2 3 2 1 0 0 0 2 2 0 2 4 2 4 1 0 0 0 0 0 0 0 0 0 1 4 10 18 15 4 0 0 0 0 0 0 0 0 0 0 0 1 1 1 3 2 0 0 0 0 1 1 0 1 3 2 0 20 20 0 0 0 0 0 0 -2147483648 
-2147483648 0 0 0 0 0 0 0 0 0 0 0 0 0 0 0 0 0 0 0 0 2 1 0 0 0 0 0 0 0 2 1 1 0 0 0 0 1 1 0 0 0 0 0 0 5 3 2 1 0 0 0 0 0 0 0 2 2 0 0 1 2 1 2 2 1 1 0 1 4 2 0 1 1 0 0 0 0 0 0 0 0 0 0 0 0 0 0 0 0 38 48 25 11 5 5 7 8 8 4 1 0 0 0 0 1 3 4 8 6 0 0 0 5 1 0 2 0 0 0 0 0 0 0 0 0 2 6 9 11 7 0 0 0 0 0 0 0 0 0 2 3 2 1 0 0 0 0 0 0 0 0 1 0 0 3 1 0 0 2 4 4 4 7 10 9 7 0 0 0 14 30 11 0 0 0 0 0 0 2 2 0 0 1 4 3 0 0 0 0 1 1 2 2 1 1 0 1 1 0 3 4 1 4 1 0 0 0 0 0 0 0 0 0 3 10 17 17 8 0 0 0 0 0 0 0 1 0 0 0 0 0 0 2 3 1 1 1 0 0 0 0 0 2 3 1 0 21 21 0 0 0 0 0 0 -2147483648 
-2147483648 0 0 0 0 0 0 0 0 0 1 0 0 0 0 0 1 0 0 0 0 3 2 0 0 0 0 0 0 1 2 2 0 0 0 0 0 0 0 0 0 0 0 0 2 3 3 2 0 0 0 0 0 0 0 1 2 1 0 0 3 3 0 1 1 2 2 1 1 3 1 0 2 3 1 0 0 0 0 0 0 0 0 0 0 0 0 0 0 0 34 62 49 22 11 10 10 7 4 2 0 0 0 0 0 0 2 4 8 4 0 0 0 7 6 1 2 0 0 0 0 0 0 0 0 0 2 5 7 9 11 6 0 0 0 0 0 0 0 0 1 1 3 3 0 0 0 0 0 0 0 0 0 1 1 1 0 0 0 1 4 4 3 5 7 9 9 0 0 0 0 29 21 1 0 0 0 0 0 1 1 0 0 0 4 4 0 0 0 0 0 0 1 1 2 2 1 1 0 0 4 4 0 3 2 0 1 0 0 0 0 0 1 3 7 15 18 8 0 0 0 0 0 0 0 0 1 0 0 0 0 0 0 1 1 1 3 2 0 0 0 0 0 1 1 0 1 23 22 0 0 0 0 0 0 -2147483648 
-2147483648 0 0 0 0 0 0 0 0 0 2 0 0 0 0 0 0 0 0 0 0 2 2 0 0 0 0 0 0 3 2 0 0 0 0 0 0 0 0 0 0 0 0 0 2 5 4 1 0 0 0 0 0 1 0 1 1 0 2 1 3 3 1 1 0 1 1 3 2 0 1 0 1 3 2 0 0 0 0 0 0 0 0 0 0 0 0 0 0 0 26 61 67 41 21 13 9 5 1 2 0 0 0 0 0 1 3 5 7 0 0 0 0 7 11 4 2 3 0 0 0 0 0 0 0 0 2 3 5 7 10 12 6 0 0 0 0 0 0 0 0 0 3 3 0 0 0 0 0 0 0 0 0 3 3 0 1 0 0 0 4 4 1 3 6 11 10 0 0 0 0 19 28 10 0 0 0 0 0 0 0 0 0 1 4 3 0 0 1 1 0 0 1 1 1 1 2 2 0 0 4 4 1 2 1 0 2 0 0 0 0 0 2 9 15 15 11 0 0 0 0 0 0 0 0 0 1 1 0 0 0 0 0 0 1 3 3 1 0 1 0 0 0 0 1 0 2 24 22 0 0 0 0 0 0 -2147483648 
-2147483648 0 0 0 0 0 0 0 0 0 1 0 0 0 2 0 0 0 0 0 0 2 2 0 0 0 0 0 0 4 1 0 0 0 0 0 0 0 0 0 1 0 0 1 1 4 3 0 0 1 0 0 0 2 0 0 0 0 4 3 2 1 2 2 1 1 0 3 1 0 2 3 1 1 1 0 0 0 0 0 0 0 0 0 0 0 0 0 0 0 15 46 74 65 34 15 8 4 0 0 0 0 0 0 0 1 5 7 3 0 0 0 0 6 13 7 1 3 0 0 0 0 0 0 0 0 1 1 3 4 7 15 13 3 0 0 0 0 0 0 0 0 1 1 0 0 0 0 0 0 0 0 0 3 3 0 2 0 0 0 4 4 0 1 5 12 11 0 0 0 0 1 34 22 0 0 0 0 0 0 1 1 0 2 4 2 0 1 3 0 0 0 2 2 1 1 1 1 0 1 4 3 2 2 0 0 1 0 0 0 0 0 5 14 19 10 0 0 0 0 0 0 0 0 0 0 2 2 0 0 0 0 0 0 2 4 1 0 1 2 0 0 0 0 2 0 1 24 23 0 0 0 0 0 0 -2147483648 
-2147483648 0 0 0 0 0 0 0 0 0 0 0 0 0 0 0 0 0 0 0 0 1 1 0 0 0 0 0 3 4 0 0 0 0 0 0 0 0 0 2 2 0 0 2 1 2 1 0 0 2 0 0 2 1 0 0 0 0 2 4 3 1 1 1 3 3 0 1 0 0 1 3 2 0 0 0 1 1 0 0 0 0 0 0 0 0 0 0 0 0 6 33 68 77 49 21 9 5 1 0 0 0 0 0 0 0 7 8 0 0 0 0 0 8 14 8 0 0 1 0 0 0 0 0 0 0 0 0 1 1 5 14 16 9 2 0 0 0 0 0 0 0 0 0 0 0 0 0 0 0 0 0 0 1 1 0 1 0 0 0 3 4 1 1 3 10 12 0 0 0 0 0 30 32 7 0 0 0 0 0 2 2 0 0 1 0 0 0 0 0 0 6 7 4 3 3 1 0 0 3 4 1 1 1 0 0 0 0 0 0 0 4 13 17 13 2 0 0 0 0 0 0 0 0 0 0 1 2 0 0 1 0 0 1 2 3 0 0 2 1 0 0 0 0 1 1 1 24 24 0 0 0 0 0 0 -2147483648 
-2147483648 0 0 0 0 0 0 0 0 1 0 0 0 0 0 0 0 0 0 0 0 0 0 0 0 0 0 0 3 4 0 0 0 1 0 0 0 0 1 1 1 0 0 1 2 2 0 1 1 1 0 0 2 1 0 0 2 0 1 4 3 2 0 1 4 3 0 1 1 0 0 1 1 0 0 0 2 2 0 0 0 0 0 0 0 0 0 0 0 0 2 22 57 81 62 28 11 5 1 0 0 0 0 0 0 1 9 6 0 0 0 0 3 11 11 5 0 0 0 0 0 0 0 0 0 0 0 0 0 0 3 10 14 13 7 0 0 0 0 0 0 0 0 0 0 0 0 0 0 0 0 0 0 0 0 0 0 0 0 0 2 4 2 3 2 6 11 2 0 0 0 0 14 40 17 0 0 0 0 0 0 0 0 0 0 0 0 0 0 0 15 31 21 9 4 4 3 1 1 3 3 0 1 1 0 0 1 0 0 0 3 11 19 14 2 0 0 0 0 0 0 0 0 0 0 0 1 3 0 0 2 0 0 2 2 1 0 0 1 0 1 1 0 0 0 2 2 24 24 0 0 0 0 0 0 -2147483648 
-2147483648 0 0 0 0 0 0 0 0 2 0 0 0 0 0 0 0 0 0 0 0 0 0 0 0 0 0 0 1 3 0 0 0 2 0 0 0 0 2 0 0 0 0 0 1 1 1 3 2 0 0 0 3 2 0 0 2 1 2 3 2 2 0 2 4 2 0 2 2 0 0 1 0 0 0 1 1 1 0 0 0 0 0 0 0 0 0 0 0 0 0 15 57 85 62 28 12 2 0 0 0 1 0 0 0 1 11 5 0 0 0 0 9 12 5 0 0 0 0 0 0 0 0 0 0 0 0 0 1 0 1 7 9 12 12 5 0 0 0 0 0 0 0 0 0 0 0 0 1 1 0 0 0 1 0 0 0 0 0 0 1 1 0 0 0 0 3 0 0 0 13 0 3 39 28 0 0 0 0 0 0 0 0 0 0 0 0 0 1 5 39 63 40 15 6 5 4 3 3 1 1 1 3 2 0 0 2 1 0 0 10 20 18 6 0 0 0 0 0 0 0 0 0 0 0 0 3 3 0 0 2 1 0 0 1 0 0 1 1 0 3 3 0 0 0 1 1 24 24 0 0 0 0 0 0 -2147483648 
-2147483648 0 0 0 0 0 0 0 0 1 0 0 0 0 0 0 0 0 0 0 0 0 0 0 0 0 1 2 0 1 0 0 0 0 0 1 1 0 1 0 0 0 0 0 0 0 3 4 1 0 0 2 3 1 0 0 3 3 1 1 2 2 0 2 4 2 1 2 1 0 0 2 0 0 0 2 0 0 2 0 0 0 0 0 0 0 0 0 1 0 0 22 67 81 51 23 9 0 0 0 0 1 0 0 0 0 13 7 0 0 0 3 11 9 1 0 0 0 0 0 0 0 0 0 0 0 0 0 2 0 0 4 5 9 14 10 3 0 0 0 0 0 0 0 0 0 0 0 1 0 0 0 0 0 0 0 0 0 0 0 0 0 0 0 0 0 0 0 0 15 35 18 0 31 39 0 0 0 0 0 0 0 0 0 0 0 0 4 6 12 54 83 53 20 9 6 4 4 3 1 1 2 3 1 0 0 1 2 0 4 16 20 9 0 0 0 0 0 0 0 0 0 0 0 0 0 4 1 0 0 2 2 0 0 0 0 0 3 2 0 4 4 0 0 0 0 0 24 24 0 0 0 0 0 0 -2147483648 
-2147483648 0 0 0 0 0 0 0 0 0 1 0 0 0 0 0 0 0 0 0 0 0 0 0 0 0 2 2 0 0 0 2 0 0 0 2 2 1 1 0 0 1 0 0 1 1 3 4 1 0 0 3 2 0 0 0 3 3 1 1 1 1 0 2 4 2 2 2 0 0 1 2 0 0 0 1 0 0 1 0 0 0 0 0 0 0 0 0 3 0 0 36 82 73 36 16 4 0 1 0 0 0 0 0 0 0 13 7 0 0 0 8 8 3 0 0 0 0 0 0 0 0 0 0 0 0 0 0 1 0 1 1 4 7 12 12 4 0 0 0 0 0 0 0 0 0 0 0 0 0 0 0 0 0 0 0 0 0 0 0 0 0 0 0 0 0 0 0 23 44 55 40 6 24 41 0 0 0 0 0 0 0 0 0 0 0 3 7 5 14 61 90 59 24 11 5 4 4 1 2 3 2 2 0 0 0 0 1 5 15 18 11 0 0 0 0 0 0 0 0 0 0 0 0 0 2 3 0 0 1 1 0 0 0 1 1 0 3 1 0 3 3 1 0 0 0 0 25 25 0 0 0 0 0 0 -2147483648 
-2147483648 0 0 0 0 0 0 0 0 0 2 0 0 0 0 0 0 0 0 0 0 0 0 0 0 0 1 2 0 0 0 1 0 0 0 1 1 2 2 1 1 2 0 0 2 2 2 4 1 0 0 1 2 0 1 1 1 1 2 3 1 0 0 1 3 3 2 1 0 0 2 2 0 0 1 0 0 0 0 0 0 0 0 0 4 0 0 0 6 5 5 48 88 63 24 10 3 0 0 0 0 0 0 0 0 0 9 6 0 0 3 7 4 0 0 0 0 0 0 0 0 0 0 0 0 0 0 0 0 0 0 0 0 6 8 4 0 11 17 4 0 0 0 0 0 0 0 0 0 0 0 0 0 0 0 0 0 0 0 0 0 0 0 0 0 0 0 5 27 52 63 60 25 14 36 10 0 0 0 0 0 0 0 0 1 3 4 7 3 14 62 94 64 27 13 4 4 4 0 1 4 3 2 0 0 2 0 3 12 19 13 0 0 0 0 0 0 0 0 0 0 0 1 0 0 2 2 0 2 2 0 0 0 0 2 2 0 1 1 0 0 1 3 1 0 0 0 26 26 0 0 0 0 0 0 -2147483648 
-2147483648 0 0 0 0 0 0 0 0 0 2 0 0 0 0 0 0 0 0 0 0 0 0 0 0 0 0 1 0 0 0 0 0 0 0 1 0 1 1 2 2 1 0 0 2 1 2 3 0 0 1 1 2 0 2 2 0 1 2 3 2 0 0 0 2 4 2 0 1 0 1 2 0 0 2 0 0 0 0 0 0 0 0 0 4 0 0 0 6 11 18 59 86 52 18 7 4 2 0 0 0 0 0 0 0 0 5 6 6 6 4 2 1 0 0 0 0 0 0 0 0 0 0 0 0 0 0 0 0 0 0 0 0 7 11 0 0 23 51 39 0 0 0 0 0 0 0 0 0 0 0 0 0 0 3 3 0 0 0 0 0 0 0 3 0 0 0 6 20 43 62 71 44 14 27 24 0 0 0 0 0 0 0 0 3 4 3 5 2 14 61 97 69 29 14 4 4 4 0 1 4 3 1 0 0 1 1 10 20 16 3 0 0 0 0 0 0 0 0 0 0 0 2 0 0 3 2 0 1 1 0 0 0 0 1 1 1 1 2 0 0 0 3 2 0 0 0 26 26 0 0 0 0 0 0 -2147483648 
-2147483648 0 0 0 0 0 0 0 0 1 2 0 0 0 0 0 0 0 0 0 0 0 0 0 0 0 0 0 0 0 0 0 0 0 2 2 0 0 1 2 1 0 0 2 2 1 2 1 0 0 1 2 2 1 2 1 0 3 3 1 1 0 0 0 2 4 2 0 2 0 0 2 0 0 1 0 0 0 0 0 0 0 0 0 6 0 0 0 2 10 25 65 84 48 18 8 4 1 0 0 0 0 0 0 0 0 4 7 7 7 4 0 0 0 0 0 0 0 0 0 0 0 0 0 0 0 0 0 0 0 0 0 0 10 20 0 0 16 68 84 36 0 0 0 0 0 0 0 0 0 0 0 0 1 7 4 0 0 0 0 0 0 4 3 0 0 0 5 12 31 59 72 63 26 13 28 0 0 0 0 0 0 0 0 4 4 2 4 3 14 59 99 73 30 14 4 4 3 0 3 4 2 0 0 0 2 7 17 20 8 0 0 0 0 0 0 0 0 0 0 0 0 2 1 0 3 1 0 0 0 0 0 1 1 0 0 2 3 1 0 0 1 1 1 1 0 0 27 27 0 0 0 0 0 0 -2147483648 
-2147483648 0 0 0 0 0 0 0 0 0 0 0 0 0 0 0 0 0 0 0 0 0 0 0 0 0 0 0 0 0 0 0 0 0 1 0 0 0 3 3 0 0 0 1 2 3 3 1 0 0 0 1 1 2 3 1 0 3 3 0 1 1 0 0 1 3 3 1 1 0 0 1 0 0 0 0 0 0 0 0 0 0 0 1 8 0 0 0 0 5 24 62 79 52 24 13 5 0 0 0 0 0 0 0 0 0 3 8 3 3 5 2 1 0 0 0 0 0 0 0 0 0 0 0 0 0 0 0 0 0 0 0 0 12 21 0 0 5 54 93 76 18 0 0 0 0 0 0 0 0 2 0 0 3 9 5 0 0 0 0 0 0 5 2 0 0 0 3 7 23 52 69 73 42 10 24 16 0 0 0 0 0 0 0 3 5 3 4 5 15 57 98 74 30 14 6 4 1 0 3 4 3 0 0 0 7 17 21 11 0 0 0 0 0 0 0 0 0 0 0 0 1 2 2 0 1 0 0 0 1 0 0 2 2 0 0 1 4 1 0 0 2 0 0 2 0 0 28 28 0 0 0 0 0 0 -2147483648 
-2147483648 0 0 0 0 0 0 0 0 0 0 0 0 0 0 0 0 0 2 0 0 0 1 1 0 0 0 0 0 0 0 0 0 0 0 0 0 0 4 4 0 0 0 0 4 4 3 3 1 0 0 1 0 1 3 2 1 2 1 0 3 2 0 1 0 1 3 3 0 0 1 1 0 0 0 0 0 0 0 0 0 0 0 1 7 2 0 0 0 1 16 48 75 64 34 18 6 1 0 0 0 0 0 2 5 0 1 1 0 2 12 7 3 0 0 0 0 0 0 0 0 0 0 0 0 0 0 0 0 1 0 1 1 10 13 0 0 0 28 67 92 75 13 0 0 0 0 0 0 0 1 0 0 5 10 6 0 0 1 0 0 0 4 2 0 0 0 1 5 16 40 63 75 62 18 14 30 0 0 0 0 0 0 0 2 6 4 5 7 15 54 95 75 31 14 8 4 1 0 1 4 3 0 0 3 14 23 16 0 0 0 0 0 0 0 0 0 0 1 0 0 3 1 1 0 0 0 0 1 2 0 0 2 2 0 0 0 4 2 0 0 1 0 0 1 0 0 28 28 0 0 0 0 0 0 -2147483648 
-2147483648 0 0 0 0 0 0 0 0 0 0 0 0 0 0 0 0 0 1 1 0 0 1 2 1 0 0 0 0 0 0 1 1 0 0 0 0 0 3 4 1 0 0 0 6 4 0 0 8 9 5 4 1 0 1 2 3 3 1 0 3 1 0 2 0 0 2 4 0 0 2 2 0 0 0 0 0 0 0 0 0 0 0 0 5 4 2 0 0 0 7 32 65 72 48 25 9 4 1 0 0 0 1 5 5 0 0 0 0 4 23 15 5 1 1 0 0 0 0 0 0 0 0 0 0 0 0 0 0 6 0 0 3 9 4 0 0 0 13 42 76 91 63 0 0 0 0 0 0 0 0 0 0 6 9 6 0 0 2 0 0 0 5 2 0 0 1 0 3 9 29 56 74 74 32 11 34 6 0 0 0 0 0 0 2 4 4 7 8 13 50 93 77 34 15 7 3 3 0 0 3 1 0 2 10 22 22 4 0 0 0 0 0 0 0 0 1 0 1 0 1 4 0 0 0 0 0 0 2 2 0 0 2 2 0 0 0 3 1 0 0 1 1 0 0 0 0 28 28 0 0 0 0 0 0 -2147483648 
-2147483648 0 0 0 0 0 0 0 0 0 0 0 0 0 0 0 0 0 0 2 0 0 0 1 2 0 0 0 0 0 0 3 2 0 0 0 0 0 2 4 2 0 0 1 5 0 0 0 25 39 19 8 4 1 0 3 4 3 2 1 2 0 0 0 0 0 1 2 0 0 0 1 0 0 0 0 0 0 0 0 0 0 2 1 2 3 3 1 0 0 2 18 46 70 62 38 18 7 2 0 0 0 2 5 4 0 0 0 0 4 29 23 7 3 2 0 0 0 0 0 0 0 0 0 0 0 0 0 2 9 0 0 4 9 0 0 0 0 8 24 42 68 89 61 0 0 0 0 0 0 0 0 0 5 8 6 0 0 1 0 0 0 6 2 0 0 1 0 2 3 18 48 70 77 51 13 26 27 0 0 0 0 0 0 2 2 4 7 7 12 46 93 81 36 16 6 1 4 2 0 1 0 1 8 18 23 12 0 0 0 0 0 0 0 0 0 3 0 0 0 2 3 0 0 0 0 0 0 2 2 1 0 0 1 0 0 0 2 1 0 0 2 2 0 0 0 0 28 28 0 0 0 0 0 0 -2147483648 
-2147483648 0 0 0 0 0 0 0 0 0 0 0 0 0 0 0 0 0 0 1 0 0 0 0 0 0 0 0 1 0 0 3 0 0 0 0 0 0 3 4 1 1 1 3 3 0 0 0 34 66 40 16 8 3 0 2 1 0 0 0 0 0 0 0 1 0 0 0 0 0 0 1 6 0 0 0 0 0 0 0 0 0 5 3 0 1 5 2 0 0 0 5 27 58 67 54 32 12 4 3 0 0 4 6 4 1 0 0 0 3 27 27 11 5 2 0 0 0 0 0 0 0 0 0 0 0 0 0 6 11 0 0 3 7 0 0 0 0 6 17 20 40 80 89 49 0 0 0 0 0 0 0 0 4 8 5 0 0 0 0 0 0 6 2 0 0 0 0 3 1 10 37 62 75 63 24 20 34 0 0 0 0 0 0 2 3 3 5 6 12 43 94 86 37 15 6 1 4 4 0 0 0 4 17 24 15 0 0 0 0 0 0 0 0 0 0 3 0 0 0 1 1 0 0 1 0 0 0 1 1 3 1 0 0 0 0 0 3 2 0 0 1 2 1 0 0 0 28 28 0 0 0 0 0 0 -2147483648 
-2147483648 0 0 0 0 0 0 0 0 0 0 1 0 0 0 0 0 0 1 0 0 0 0 0 0 0 0 2 2 0 1 2 0 0 2 2 0 0 3 3 1 3 2 3 0 0 0 0 31 66 46 18 7 3 0 0 0 0 0 0 0 0 0 1 4 2 0 0 0 0 0 5 12 0 0 0 0 0 0 0 0 0 6 2 0 2 6 4 5 2 0 0 10 37 65 69 47 22 9 1 0 0 9 10 4 3 0 0 0 0 22 30 15 6 3 0 0 0 0 0 0 0 0 0 0 0 0 0 8 10 0 0 1 6 0 2 0 0 7 17 10 17 48 76 84 50 0 0 0 0 0 0 0 4 8 4 0 0 0 0 0 0 5 2 0 0 0 0 5 3 6 23 50 68 70 43 12 25 20 0 0 0 0 0 1 4 1 4 6 10 41 95 89 38 14 7 3 4 4 0 0 3 11 22 20 3 0 0 0 0 0 0 0 0 0 0 1 1 1 0 0 0 0 0 2 0 0 0 0 0 3 2 0 1 0 0 0 4 2 0 0 0 2 2 0 0 0 28 28 0 0 0 0 0 0 -2147483648 
-2147483648 0 0 0 0 0 0 0 0 0 0 2 0 0 0 0 0 0 3 1 0 0 0 0 0 0 0 1 1 0 2 2 0 0 0 0 0 0 0 0 0 0 2 5 0 0 0 0 36 44 20 5 2 1 0 0 2 2 0 0 0 0 2 5 7 6 3 1 3 3 0 8 11 0 0 0 0 0 0 0 0 0 3 0 0 4 4 7 9 1 0 0 1 18 52 72 62 38 16 0 0 0 11 12 7 6 0 0 0 0 13 31 19 6 3 0 0 0 0 0 0 0 0 0 0 0 0 0 7 7 0 0 0 6 0 1 0 0 9 15 5 5 24 49 81 82 38 0 0 0 0 0 0 1 6 4 1 0 0 0 0 0 3 1 0 0 0 1 6 3 4 13 37 60 72 58 13 10 33 0 0 0 0 0 0 2 0 3 5 8 39 96 91 39 15 8 5 4 3 0 1 10 20 20 8 0 0 0 0 0 0 0 0 0 0 0 1 2 2 0 0 0 0 0 1 1 0 0 0 1 2 1 0 2 1 0 0 3 3 1 0 0 1 1 0 0 1 29 28 0 0 0 0 0 0 -2147483648 
-2147483648 0 0 0 0 0 0 0 0 0 0 1 0 0 0 0 0 1 4 3 0 0 0 0 1 0 0 0 0 0 0 0 0 0 0 0 0 0 0 0 0 0 9 14 0 0 0 11 36 16 0 0 3 1 3 6 7 7 6 4 3 5 5 6 7 6 6 4 4 3 1 3 0 0 0 0 0 0 0 0 0 0 0 1 5 1 0 8 9 0 0 0 0 4 26 61 77 56 24 1 0 0 8 14 13 8 1 0 0 0 0 29 27 7 2 0 0 0 0 0 0 0 0 0 0 0 0 0 5 6 0 0 0 7 0 0 0 0 10 13 3 0 12 23 50 81 78 37 0 0 0 0 0 0 2 3 1 0 0 0 0 0 1 0 0 0 0 3 4 1 3 6 26 55 69 70 28 0 26 23 0 0 0 0 0 0 0 1 4 9 38 95 93 42 17 8 6 3 1 1 6 17 22 12 0 0 0 0 0 0 0 0 0 0 0 0 3 1 1 0 0 0 1 1 0 2 2 0 0 3 2 0 0 2 3 0 0 1 3 2 0 0 0 0 1 1 2 30 28 0 0 0 0 0 0 -2147483648 
-2147483648 0 0 0 0 0 0 0 0 0 0 0 0 0 0 0 0 2 0 0 0 0 0 0 0 0 0 0 0 0 0 0 0 0 0 0 0 0 0 0 0 1 25 23 0 0 0 34 25 0 0 0 5 4 7 10 8 9 9 7 4 5 7 7 5 2 5 6 4 2 3 0 0 0 0 0 0 0 0 0 0 0 0 11 15 0 0 4 6 0 0 1 1 0 8 45 75 67 37 12 0 0 5 18 16 6 4 0 0 0 0 18 30 12 4 0 0 0 0 0 0 0 0 0 0 0 0 0 3 4 0 0 2 7 0 0 0 0 8 10 3 0 6 7 25 62 85 74 26 0 0 0 0 0 0 0 0 0 0 0 0 0 1 0 0 0 0 3 1 0 0 0 21 50 66 75 44 0 12 37 0 0 0 0 0 0 0 0 4 11 39 92 93 45 19 9 5 1 0 4 15 22 16 0 0 0 0 0 0 0 0 0 0 0 0 0 3 0 0 0 0 0 2 2 0 1 2 0 0 3 2 0 0 3 3 0 0 1 1 1 1 1 0 0 3 2 1 30 28 0 0 0 0 0 0 -2147483648 
-2147483648 0 0 0 0 0 0 0 0 0 0 0 0 0 0 1 1 0 0 0 0 0 0 0 0 0 0 0 0 0 0 0 0 0 0 0 0 0 0 2 5 14 35 16 0 0 16 40 10 0 0 0 2 7 9 10 10 11 10 8 5 5 7 7 4 1 4 4 4 2 0 0 0 0 0 0 0 0 0 0 0 1 11 29 26 0 0 0 0 0 0 0 4 0 1 27 57 71 55 30 4 0 5 18 13 4 4 1 0 0 0 0 26 20 7 0 0 0 0 0 0 0 0 0 0 0 0 0 2 2 0 0 3 4 1 0 0 0 4 9 5 2 2 0 10 37 63 79 71 26 0 0 0 0 0 0 0 0 0 0 0 0 3 0 0 0 1 2 0 0 0 0 17 41 62 73 61 9 0 32 20 0 0 0 0 0 0 0 5 12 39 89 91 46 20 10 4 0 2 10 21 20 5 0 0 0 0 0 0 0 0 1 0 0 0 0 1 0 0 0 0 0 1 1 1 1 2 0 0 1 2 0 0 3 1 0 0 2 0 1 2 0 0 0 3 1 0 30 28 0 0 0 0 0 0 -2147483648 
-2147483648 0 0 0 0 0 0 0 0 0 0 0 0 0 0 1 3 0 0 0 0 0 0 0 0 0 0 0 2 0 0 0 0 0 0 1 0 0 0 0 6 29 35 0 0 0 35 26 0 0 2 3 2 8 9 10 14 12 10 9 7 7 5 4 4 3 4 2 4 0 0 0 0 0 0 0 0 0 0 0 1 25 38 44 29 0 0 0 0 0 0 0 8 1 0 10 38 63 63 48 22 3 9 14 7 4 4 1 0 0 0 0 16 23 10 0 0 0 0 0 0 0 0 0 0 2 0 0 2 4 0 0 1 2 0 0 0 0 2 10 5 2 2 0 1 21 40 61 81 68 19 0 0 0 0 0 0 0 0 0 0 0 4 0 0 0 2 3 0 0 0 0 13 31 54 70 70 30 0 18 40 0 0 0 0 0 0 0 5 10 37 87 90 47 20 9 3 1 8 18 21 11 0 0 0 0 0 0 0 0 0 2 0 0 0 0 0 0 0 0 0 0 1 0 1 2 1 0 0 0 2 1 0 1 0 0 0 1 0 3 3 0 0 2 2 1 0 29 28 0 0 0 0 0 0 -2147483648 
-2147483648 0 0 0 0 0 0 0 0 0 0 0 0 0 0 0 4 0 0 0 0 0 0 0 8 5 0 0 0 0 0 0 0 1 2 4 2 0 0 0 13 35 23 0 0 17 37 6 0 0 5 6 5 8 8 13 20 13 8 8 7 7 3 1 4 4 4 4 0 0 0 0 0 0 0 0 0 0 0 0 26 50 50 41 25 0 0 0 0 0 0 0 10 6 0 0 15 43 59 65 49 20 12 11 4 3 4 1 0 0 0 0 0 21 12 0 0 0 0 0 0 0 0 0 2 4 0 0 2 6 0 0 1 2 0 0 0 0 3 9 4 2 4 0 0 13 23 33 59 81 69 23 0 0 0 0 0 0 0 0 0 0 3 0 0 0 2 3 0 0 0 1 10 22 43 65 70 54 0 0 41 9 0 0 0 0 0 0 2 8 34 84 92 49 20 7 2 6 16 21 15 0 0 0 0 0 0 0 0 0 0 1 0 0 0 0 0 0 1 1 0 0 3 0 0 1 0 0 0 0 2 2 0 1 1 0 0 0 0 4 3 0 0 1 3 2 0 28 28 0 0 0 0 0 0 -2147483648 
-2147483648 0 0 0 0 0 0 0 0 0 0 0 0 0 0 0 4 0 0 0 0 0 0 0 4 6 0 0 0 0 0 0 2 4 5 7 2 0 0 3 28 34 0 0 0 37 22 0 0 4 7 6 6 7 10 21 29 17 6 2 2 4 1 1 4 3 3 5 0 0 0 0 11 0 0 0 0 0 0 14 57 66 44 28 17 0 0 0 0 0 0 0 14 19 0 0 0 18 45 68 70 41 18 11 5 2 3 2 1 0 0 0 0 14 11 0 0 0 0 0 0 0 0 0 5 2 0 0 3 5 0 0 1 1 0 0 0 0 4 9 5 1 3 0 0 9 13 13 34 68 84 64 19 0 0 0 0 0 0 0 0 0 1 0 0 0 2 2 0 0 0 2 7 16 33 58 69 67 21 0 32 29 0 0 0 0 0 0 0 9 32 79 93 51 19 6 5 15 22 17 3 0 0 0 0 1 0 0 0 0 0 0 0 0 0 0 0 0 2 2 0 0 4 1 0 0 0 0 0 0 2 1 0 3 2 0 0 0 0 4 2 0 0 1 4 0 0 32 30 0 0 0 0 0 0 -2147483648 
-2147483648 0 0 0 0 0 0 0 0 0 0 0 0 0 0 1 5 0 0 0 0 0 0 0 0 4 2 0 0 0 1 0 3 5 6 9 3 0 0 10 37 23 0 0 19 38 4 0 0 9 8 7 7 5 15 29 28 18 13 0 0 1 1 2 3 1 0 0 0 0 0 5 21 8 0 0 0 0 0 25 74 71 36 20 11 0 0 0 0 0 0 0 32 40 6 0 0 0 22 50 78 67 30 14 8 3 1 2 3 2 0 0 0 1 8 0 0 0 0 0 0 0 0 0 4 0 0 0 5 3 0 0 0 0 0 0 0 0 4 11 5 0 3 0 0 6 8 2 13 41 66 77 65 27 0 0 0 0 0 0 0 0 0 0 0 0 1 2 0 0 0 2 5 10 22 51 67 69 48 1 10 37 0 0 0 0 0 0 0 10 30 74 91 52 18 8 13 23 21 7 0 0 0 0 0 3 1 0 0 0 0 0 0 0 0 0 0 1 2 0 0 0 4 3 0 0 0 0 0 0 2 0 0 3 1 0 0 0 0 4 3 0 0 2 0 0 1 38 33 0 0 0 0 0 0 -2147483648 
-2147483648 0 0 0 0 0 0 0 0 0 0 0 0 0 0 2 6 0 0 0 0 0 0 0 0 2 5 0 0 1 6 3 2 3 5 9 4 1 3 25 37 0 0 0 37 24 0 0 0 10 9 8 8 5 20 33 13 8 25 12 0 0 1 1 1 0 0 0 0 0 0 8 25 20 0 0 0 0 0 30 77 71 33 18 10 3 0 0 0 0 0 0 53 56 14 0 0 0 0 25 67 79 46 23 13 6 2 2 3 1 0 0 0 0 2 1 0 0 0 0 0 0 0 0 0 0 0 0 5 3 0 0 0 0 1 1 0 0 5 12 3 0 3 1 0 4 6 0 1 21 42 65 77 63 27 0 0 0 0 0 0 0 0 0 0 0 0 1 0 0 0 4 5 3 12 42 63 68 64 16 0 31 18 0 0 0 0 0 1 10 25 68 89 53 19 13 22 26 14 0 0 0 0 0 0 4 2 0 0 1 1 0 0 0 0 0 0 2 2 0 0 0 4 3 1 1 0 0 0 0 0 0 1 2 0 0 0 0 0 3 3 0 0 1 0 0 9 37 33 0 0 0 0 0 0 -2147483648 
-2147483648 0 0 0 0 0 0 0 0 0 0 0 0 0 0 1 4 0 0 0 0 0 0 0 0 0 7 0 0 0 7 5 3 2 4 7 4 4 14 35 23 0 0 18 42 9 0 0 2 8 9 8 7 9 24 26 0 5 35 24 0 0 0 0 0 0 0 0 0 0 0 13 34 34 2 0 0 0 0 25 74 77 37 18 9 2 0 0 0 0 0 0 64 64 22 0 0 0 0 0 37 71 67 40 19 9 6 2 2 1 0 0 0 0 0 0 0 0 0 0 0 0 0 0 0 0 0 0 3 5 0 0 0 0 2 2 0 0 5 11 2 0 2 3 1 4 5 0 0 8 21 41 60 71 67 34 0 0 0 0 0 0 0 0 0 0 0 0 0 0 1 6 6 0 4 31 58 64 67 39 0 12 37 0 0 0 0 0 1 8 19 62 89 56 23 21 26 20 2 0 0 0 0 0 0 3 1 1 1 2 2 0 0 0 0 0 0 1 1 0 0 2 3 2 3 2 0 0 0 0 0 0 2 3 0 0 0 1 0 0 2 0 0 0 0 0 7 32 31 0 0 0 0 0 0 -2147483648 
-2147483648 0 0 0 0 0 0 0 0 0 0 0 0 0 0 0 1 0 0 0 0 0 0 0 0 0 6 1 0 0 4 6 4 2 4 7 4 8 31 35 0 0 0 39 34 0 0 0 2 5 7 8 5 13 28 12 0 18 43 23 0 0 0 0 0 0 0 0 0 0 5 25 51 44 7 0 0 0 0 15 64 84 47 19 6 1 0 0 0 0 0 0 69 67 27 0 0 0 0 0 9 48 72 59 33 15 9 4 3 2 0 0 0 0 0 0 0 0 0 0 0 0 0 0 0 0 0 0 3 5 0 0 0 0 1 2 0 0 3 10 3 0 2 4 2 4 4 0 0 1 8 22 40 60 76 67 30 0 0 0 0 0 0 0 0 0 0 0 0 0 2 5 5 0 0 22 50 60 66 55 2 0 36 8 0 0 0 0 0 3 14 59 91 61 31 30 24 7 0 0 0 0 0 0 0 2 1 2 2 1 1 0 0 0 0 0 0 0 0 0 0 2 2 2 1 0 1 0 1 0 0 0 1 4 1 0 0 2 0 0 2 0 0 0 4 3 1 29 29 0 0 0 0 0 0 -2147483648 
-2147483648 0 0 0 0 0 0 0 0 0 0 0 2 0 0 0 1 0 0 0 0 0 0 0 0 0 4 4 0 0 1 5 4 2 4 7 5 18 41 22 0 0 10 48 21 0 0 4 2 5 8 7 5 17 25 3 0 31 42 13 0 0 0 0 0 0 0 0 0 6 23 43 58 42 11 0 0 0 0 3 49 90 60 20 4 0 0 0 0 0 0 0 72 70 29 6 0 0 0 0 0 23 57 71 54 27 13 8 4 1 0 0 0 0 0 0 0 0 0 0 0 0 0 0 0 0 0 0 4 3 0 0 1 0 0 3 0 0 3 11 4 0 1 4 1 4 5 0 0 0 2 9 21 40 63 72 63 36 0 0 0 0 0 0 0 0 0 0 0 0 0 3 4 3 1 13 37 57 63 65 28 0 18 32 0 0 0 0 0 0 10 57 96 71 39 30 14 0 0 0 0 0 0 0 0 2 2 1 2 1 0 0 0 0 0 0 0 0 0 1 1 2 2 1 0 0 3 3 1 0 1 1 0 4 2 0 0 1 0 0 1 0 0 0 6 4 0 28 28 0 0 0 0 0 0 -2147483648 
-2147483648 0 0 0 0 0 0 0 0 0 0 0 1 1 0 0 1 0 0 0 0 0 0 0 0 0 4 8 0 0 0 3 4 2 4 5 6 32 42 0 0 0 28 42 0 0 0 6 4 7 11 7 7 23 16 0 12 42 35 0 0 0 0 0 0 0 0 0 0 18 45 57 46 32 14 0 0 0 0 0 35 83 66 24 2 0 0 0 0 0 0 0 71 74 36 13 0 0 0 0 0 12 39 64 65 44 25 13 5 1 0 1 1 0 0 0 0 0 0 0 0 0 0 0 0 0 0 0 3 1 0 0 2 2 1 3 0 0 5 13 3 0 0 3 0 5 5 0 0 0 0 2 8 23 48 62 67 61 34 0 0 0 0 0 0 0 0 0 0 0 0 1 5 4 2 7 25 51 62 68 46 0 0 39 5 0 0 0 0 0 6 53 102 85 44 21 0 0 0 0 0 0 0 0 0 2 2 0 2 2 0 0 0 0 0 0 0 0 0 2 3 2 1 0 0 0 3 3 0 0 2 3 1 3 1 0 0 1 0 0 0 0 0 0 4 4 0 28 29 0 0 0 0 0 0 -2147483648 
-2147483648 0 0 0 0 0 0 0 0 0 0 0 0 1 0 0 0 0 0 0 0 0 0 0 0 0 3 10 3 0 0 1 4 3 4 5 11 39 31 0 0 3 39 24 0 0 1 6 7 8 12 9 11 23 8 0 26 46 23 0 0 0 0 0 0 0 0 0 13 38 59 50 25 25 18 0 0 0 0 0 20 53 57 29 0 0 0 0 0 0 0 0 53 72 45 15 0 0 0 0 0 7 22 45 65 63 43 20 8 3 0 2 3 1 0 0 0 0 0 0 0 0 0 0 0 0 0 0 1 0 0 0 2 5 3 1 0 0 6 14 1 0 0 1 0 7 5 0 0 0 0 0 2 13 31 45 53 56 55 43 10 0 0 0 0 0 0 0 0 0 0 0 7 4 1 5 16 41 62 65 59 10 0 27 38 0 0 0 0 0 6 57 107 87 39 9 0 0 0 0 0 0 0 1 1 2 3 0 0 2 1 0 0 0 0 0 0 0 0 2 4 2 0 0 0 1 2 1 0 0 2 3 2 1 0 0 1 3 0 0 0 0 0 0 2 4 0 28 30 0 0 0 0 0 0 -2147483648 
-2147483648 0 0 0 0 0 0 0 0 0 0 0 0 0 0 0 0 0 0 0 0 0 0 0 0 0 1 9 3 0 0 0 4 5 4 6 22 42 8 0 0 24 41 0 0 0 3 7 8 8 11 9 18 17 0 11 42 42 5 0 0 0 0 0 0 0 0 4 29 67 63 29 8 19 11 0 0 0 0 0 12 25 32 20 0 0 0 0 0 0 0 0 26 48 36 9 0 0 0 0 0 4 12 29 55 69 58 34 16 6 1 2 4 2 0 0 0 0 0 0 0 0 0 0 0 0 0 0 0 0 0 0 2 6 4 0 0 0 7 14 0 0 0 1 0 6 7 0 0 0 0 0 0 8 17 29 40 43 51 60 46 16 0 0 0 0 0 0 0 0 0 0 6 4 1 3 10 32 58 64 65 29 0 10 48 0 0 0 0 0 18 82 108 66 19 0 0 0 0 0 0 0 0 2 2 1 4 1 0 2 2 0 0 0 0 0 0 0 0 3 3 1 0 0 0 2 3 1 0 0 2 2 2 0 0 0 2 3 0 0 0 1 1 0 2 4 1 28 29 0 0 0 0 0 0 -2147483648 
-2147483648 0 0 0 0 0 0 0 0 0 0 0 0 0 0 0 1 0 0 0 0 0 0 0 0 0 0 7 4 0 0 0 4 8 6 10 32 34 0 0 0 38 31 0 0 0 4 8 8 9 10 10 20 9 0 27 49 31 0 0 0 0 0 0 0 0 0 20 51 79 57 18 0 0 0 0 0 0 0 0 11 11 7 4 0 0 0 0 0 0 0 0 6 14 14 4 0 0 0 0 0 2 8 18 37 60 69 53 28 11 3 3 4 1 0 0 0 0 0 0 0 0 0 0 0 0 0 0 0 0 0 0 3 6 3 0 0 0 8 14 0 0 0 2 0 3 6 0 0 0 0 0 0 3 10 18 28 28 33 47 54 55 35 0 0 0 0 0 0 0 0 0 2 3 3 3 7 24 50 64 62 47 0 0 37 26 0 0 0 0 47 94 83 34 0 0 0 0 0 0 0 0 1 2 1 0 3 2 0 1 1 0 0 0 0 0 0 0 0 4 2 0 0 0 0 2 4 2 0 0 2 3 2 0 0 0 1 2 1 0 0 2 2 0 2 4 2 28 28 0 0 0 0 0 0 -2147483648 
-2147483648 0 0 0 0 0 0 0 0 0 0 0 0 0 0 0 2 0 0 0 0 0 0 0 0 0 0 3 8 3 0 0 2 10 11 19 41 16 0 0 17 47 9 0 0 2 4 8 8 11 11 14 14 0 9 42 48 14 0 0 0 0 0 0 0 0 5 47 76 69 41 13 0 0 0 0 0 0 0 1 10 4 0 0 0 2 4 1 0 0 0 0 0 0 0 2 0 0 0 0 0 0 4 13 24 42 67 67 42 21 8 4 4 1 3 0 0 0 0 0 0 0 0 0 0 0 0 0 0 0 0 0 4 5 1 1 0 0 6 12 1 0 0 1 0 4 3 0 0 0 0 0 0 0 7 12 17 15 18 30 45 63 62 38 6 0 0 0 0 0 0 0 0 0 3 5 7 18 41 61 59 54 16 0 18 44 0 0 0 27 74 72 37 3 0 0 0 0 0 0 0 0 3 2 0 0 1 2 1 0 0 0 0 0 0 0 0 0 1 4 2 0 1 0 0 2 4 2 0 0 2 3 1 0 0 0 0 2 3 1 0 1 2 0 2 3 1 29 29 0 0 0 0 0 0 -2147483648 
-2147483648 0 0 0 0 0 0 0 0 0 0 0 0 0 0 0 1 0 0 0 0 0 0 0 0 0 0 0 11 8 0 0 0 11 16 29 41 1 0 0 31 41 0 0 0 4 5 9 9 11 13 15 4 0 22 48 41 3 0 0 0 0 0 0 0 0 26 68 79 54 28 6 0 0 0 0 0 0 0 1 7 2 0 0 0 4 8 3 0 0 0 0 0 0 0 0 0 0 0 3 0 0 1 10 17 20 50 76 58 34 17 5 4 3 3 3 0 0 0 0 0 0 0 0 0 0 0 0 0 0 0 0 2 3 1 3 0 0 3 9 3 0 0 0 2 7 3 0 0 0 1 0 0 0 5 9 9 7 9 19 33 46 56 59 50 19 0 0 0 0 0 0 0 0 1 4 7 13 30 55 57 51 36 0 0 44 18 0 0 37 57 28 5 0 0 0 0 4 0 0 0 0 4 2 0 0 1 2 2 0 0 0 0 0 0 0 0 1 3 3 1 1 2 0 0 2 4 2 0 0 2 2 0 0 0 0 0 2 4 2 0 0 2 0 1 1 1 31 30 0 0 0 0 0 0 -2147483648 
-2147483648 0 0 0 0 0 0 0 0 0 0 0 0 0 0 0 0 0 0 0 0 0 0 0 0 0 0 0 11 10 0 0 0 12 19 39 31 0 0 5 43 23 0 0 0 0 6 10 11 10 15 12 0 2 38 50 26 0 0 0 0 0 0 0 0 24 57 72 59 39 20 0 0 0 0 0 0 0 0 0 0 1 4 5 3 8 12 6 0 0 0 0 0 0 0 0 0 0 0 3 2 0 0 6 13 10 31 69 72 51 26 9 5 3 1 4 0 0 0 0 0 0 0 0 0 0 0 0 0 0 0 0 0 2 2 4 0 0 2 8 2 0 1 0 1 7 5 0 0 0 2 0 0 0 4 7 5 2 5 15 24 30 39 50 61 53 26 0 0 0 0 0 0 0 0 0 3 7 20 46 54 49 45 4 0 31 42 0 2 25 2 0 0 18 6 0 2 7 1 0 0 0 4 3 0 0 3 3 1 0 0 0 0 0 0 0 0 3 3 1 0 1 2 0 0 2 4 1 0 0 3 3 0 0 0 0 0 2 4 1 0 0 1 0 1 1 2 32 30 0 0 0 0 0 0 -2147483648 
-2147483648 0 0 0 0 0 0 0 0 0 0 0 0 0 0 0 0 0 0 0 0 0 0 0 0 0 0 0 10 10 0 0 0 11 25 42 17 0 0 20 47 11 1 8 0 0 6 9 12 12 14 4 0 13 47 46 13 0 0 0 0 0 0 0 16 47 66 58 43 29 10 0 0 0 0 0 0 5 5 0 0 2 17 23 18 15 14 8 0 0 0 0 0 0 0 0 0 0 0 0 0 0 0 2 10 11 16 44 82 75 34 14 6 1 0 4 4 0 0 0 0 0 0 0 0 0 0 0 0 0 0 0 0 2 2 4 0 0 1 8 0 0 2 0 0 5 7 0 0 0 1 0 0 0 4 5 3 0 2 10 17 20 23 31 45 54 55 46 18 0 0 0 0 0 0 0 0 0 12 35 51 46 43 28 0 15 46 27 9 0 0 0 10 49 22 7 6 7 2 0 0 0 3 3 0 0 4 4 0 0 0 0 0 0 0 0 3 4 0 0 1 0 2 0 0 1 3 1 0 0 4 3 0 0 0 0 0 2 3 0 0 0 0 1 3 2 2 32 30 0 0 0 0 0 0 -2147483648 
-2147483648 0 0 0 0 0 0 0 0 0 0 0 0 0 0 0 0 0 0 0 0 0 0 0 0 0 0 0 9 10 0 0 1 9 33 40 0 0 0 36 43 0 7 8 0 0 8 9 12 15 10 0 0 30 50 34 1 0 0 0 0 0 0 9 45 66 51 38 34 23 0 0 0 0 0 0 0 7 11 8 1 10 34 39 27 17 12 6 0 0 0 0 0 0 0 0 0 0 0 0 0 0 0 0 6 12 12 23 69 89 53 21 6 0 0 3 6 2 0 0 0 0 0 0 0 0 0 0 0 0 0 0 0 2 3 4 0 0 0 8 1 0 2 0 0 4 8 1 0 0 0 0 0 0 3 3 2 1 0 3 11 14 13 20 31 40 50 59 51 25 1 0 0 0 0 0 0 0 0 23 43 43 44 46 17 20 38 21 0 0 0 0 44 70 32 13 9 5 2 0 0 0 1 1 0 1 4 3 1 0 0 0 0 0 0 0 4 4 0 0 2 0 1 0 0 0 1 2 1 0 4 2 0 0 2 0 0 2 1 0 0 0 0 2 4 1 2 33 30 0 0 0 0 0 0 -2147483648 
-2147483648 0 0 0 0 0 0 0 0 0 0 0 0 0 0 0 0 0 0 0 0 0 0 0 0 0 0 0 6 11 2 0 2 10 37 33 0 0 4 45 32 0 0 6 0 7 12 11 13 15 2 0 11 41 47 20 0 0 0 0 0 0 5 31 64 63 38 29 26 13 0 0 0 0 0 0 0 7 18 22 17 24 40 37 23 13 8 3 0 0 0 0 0 0 0 0 0 0 0 0 0 0 0 1 4 11 16 11 27 86 89 35 8 0 0 2 5 6 1 0 0 0 0 0 0 0 0 0 0 0 0 0 0 3 3 3 0 0 0 8 2 0 1 0 0 3 7 3 0 0 0 0 0 0 1 2 3 2 0 0 7 10 7 12 22 26 30 41 49 51 47 26 0 0 0 0 0 0 0 9 30 40 44 49 33 21 15 2 0 0 0 0 60 80 36 16 10 4 2 2 0 0 0 1 1 1 4 3 2 0 0 0 0 0 0 0 3 4 0 0 0 1 1 0 0 0 0 2 2 0 3 2 0 1 2 0 0 1 1 1 0 0 0 2 4 0 2 34 30 0 0 0 0 0 0 -2147483648 
-2147483648 0 0 0 0 0 0 0 0 0 0 0 0 0 0 0 1 0 0 0 0 0 0 0 0 0 0 0 3 12 5 0 2 15 41 19 0 0 19 50 13 0 0 7 6 11 14 12 15 12 0 0 29 48 38 4 0 0 0 0 0 0 27 61 62 40 29 26 19 0 0 0 0 0 0 0 2 11 22 37 40 36 32 23 13 7 5 1 3 3 0 0 0 0 0 0 0 0 0 0 0 1 1 3 3 8 17 7 0 55 107 67 21 1 0 2 3 7 6 0 0 0 0 0 0 0 0 0 0 0 0 0 0 4 1 2 1 0 0 8 3 0 0 0 0 2 5 3 0 0 1 1 0 0 1 3 3 1 0 0 6 5 1 7 16 18 19 24 30 44 56 50 34 19 6 0 0 0 0 2 19 30 33 33 23 5 0 0 0 0 0 0 58 81 38 16 8 4 2 1 0 1 1 2 2 0 4 4 2 0 0 0 0 0 0 0 1 4 2 0 0 2 2 0 0 0 0 2 2 0 1 2 1 2 2 0 0 0 3 2 0 0 0 3 4 0 2 33 30 0 0 0 0 0 0 -2147483648 
-2147483648 0 0 0 0 0 0 0 0 0 0 0 0 0 0 0 1 0 0 0 0 0 0 0 0 0 0 0 1 12 7 0 3 22 39 5 0 0 30 49 0 0 0 8 8 11 13 14 16 3 0 9 42 48 26 0 0 0 0 0 0 10 52 71 51 27 21 20 9 0 0 0 0 0 0 0 4 14 31 52 51 35 20 12 8 4 3 1 4 3 0 0 0 0 0 0 0 0 0 0 0 0 2 3 1 5 13 9 0 7 92 106 44 9 0 1 1 5 9 5 0 0 0 0 0 0 0 0 0 0 0 0 0 4 1 3 2 0 0 8 5 0 0 0 0 3 4 1 0 0 3 3 0 0 3 4 1 0 0 0 6 1 0 4 12 14 13 15 16 23 33 39 45 48 44 28 10 0 0 3 9 14 14 6 4 0 0 0 12 0 0 0 48 79 40 15 5 5 3 0 0 2 3 3 1 0 4 4 2 0 0 0 0 0 1 0 1 4 1 0 0 2 2 0 0 0 0 1 2 0 0 2 2 1 1 0 0 0 4 1 0 0 1 3 3 0 1 33 31 0 0 0 0 0 0 -2147483648 
-2147483648 0 0 0 0 0 0 0 0 0 0 0 0 0 0 1 0 0 0 0 0 0 0 0 0 0 0 0 0 11 9 0 4 29 32 0 0 0 39 41 0 0 1 7 8 9 13 18 15 0 0 30 49 40 8 0 0 0 0 0 0 34 70 56 39 26 16 13 0 0 0 0 0 0 0 0 0 12 52 68 45 24 11 7 7 3 2 3 4 2 0 0 0 0 0 0 0 0 0 0 0 0 0 0 0 4 8 7 0 0 61 108 70 26 5 0 0 3 8 8 4 0 0 0 0 0 0 0 0 0 0 0 0 4 2 4 1 0 1 8 6 0 0 0 0 3 4 1 0 0 3 5 0 0 4 4 0 0 0 0 5 0 0 0 7 10 9 11 12 12 14 21 32 40 48 47 34 21 14 10 5 2 0 0 0 7 0 0 27 0 0 0 29 74 38 12 5 7 4 1 1 1 3 4 1 0 3 4 1 0 0 0 0 0 0 0 3 3 0 0 0 2 2 1 1 0 0 0 2 0 1 2 1 0 0 0 0 0 3 0 0 0 3 4 3 0 0 34 32 0 0 0 0 0 0 -2147483648 
-2147483648 0 0 0 0 0 0 0 0 0 0 0 0 0 0 2 0 0 0 0 0 0 0 0 0 0 0 0 0 9 11 3 6 32 24 0 0 8 47 31 0 0 1 5 9 10 16 18 5 0 4 43 49 27 0 0 0 0 0 0 5 53 67 42 31 23 13 3 0 0 0 0 0 0 3 1 0 21 70 68 34 15 8 7 5 1 3 4 3 2 1 1 0 0 0 0 0 0 0 0 0 0 0 0 0 4 3 1 0 3 26 78 94 52 15 0 0 0 5 9 10 3 0 0 0 0 0 0 0 0 0 0 0 3 2 4 0 0 1 8 6 0 0 0 0 2 4 2 0 0 2 6 0 0 5 3 0 0 0 1 4 0 0 0 2 7 7 8 11 9 6 10 17 20 27 32 26 21 20 15 5 0 2 5 10 34 16 0 24 11 0 0 6 67 35 10 7 7 3 2 2 1 2 2 2 0 1 3 0 1 1 0 0 0 0 0 3 2 1 0 0 1 1 2 2 0 0 1 1 0 2 2 0 0 0 0 0 0 1 0 0 0 7 8 5 2 0 33 32 0 0 0 0 0 0 -2147483648 
-2147483648 0 0 0 0 0 0 0 0 0 0 0 0 0 0 1 0 0 0 0 0 0 0 0 0 0 0 0 0 5 11 6 11 34 11 0 0 19 55 18 0 0 0 5 11 13 20 13 0 0 25 48 43 8 0 0 0 0 0 2 26 64 57 37 24 17 11 0 0 0 0 0 0 0 6 5 8 45 74 49 21 10 7 7 4 0 4 4 2 2 3 3 0 0 0 0 0 0 0 0 0 0 0 0 0 3 0 2 5 5 9 48 91 75 32 4 0 0 4 10 11 7 3 0 0 0 0 0 0 0 0 0 0 0 2 3 0 0 0 7 6 0 0 0 0 1 3 1 0 0 1 6 1 2 6 1 0 0 0 4 9 5 0 0 0 3 4 4 8 7 4 7 12 12 11 11 8 8 11 8 2 2 15 31 32 50 41 0 0 27 0 0 0 54 32 10 8 5 1 2 2 2 2 0 1 0 0 1 1 3 2 0 0 0 0 0 1 2 2 0 0 0 0 1 1 0 0 2 0 0 1 1 0 0 0 0 0 1 1 0 0 0 11 8 5 4 0 32 32 0 0 0 0 0 0 -2147483648 
-2147483648 0 0 0 0 0 0 0 0 0 0 0 0 0 0 0 0 0 0 0 0 0 0 0 1 0 0 0 0 0 10 11 18 32 0 0 0 28 56 8 0 0 0 7 13 16 20 3 0 6 39 47 26 0 0 0 0 0 0 9 37 71 62 35 19 13 6 0 0 0 0 0 0 1 11 17 35 59 59 31 11 8 5 5 4 0 4 4 1 3 6 4 0 0 1 0 0 0 0 0 0 0 0 0 2 6 16 21 0 0 0 26 72 89 50 10 0 0 4 9 9 7 4 0 0 0 0 0 0 0 0 0 0 0 0 1 0 0 0 6 7 0 0 1 0 0 1 0 0 0 0 7 4 4 5 0 0 0 0 6 18 15 0 0 0 0 1 2 5 5 4 8 11 8 5 3 1 0 2 1 0 4 18 41 45 51 56 0 0 26 43 0 0 34 27 9 6 4 1 2 2 2 2 0 0 0 1 1 3 4 1 0 0 0 0 0 0 1 1 0 0 1 1 0 0 0 1 2 0 0 0 0 0 0 1 1 0 2 2 0 0 0 8 5 4 3 0 32 32 0 0 0 0 0 0 -2147483648 
-2147483648 0 0 0 0 0 0 0 0 0 0 0 0 0 0 0 0 0 0 0 0 0 0 0 4 2 0 0 0 0 9 15 28 26 0 0 0 37 51 0 0 1 1 8 15 22 16 0 0 20 42 39 0 0 0 0 0 0 0 8 32 69 73 43 20 11 0 0 0 0 0 0 0 0 14 34 63 61 38 17 6 7 4 4 3 0 1 2 1 6 10 3 0 0 2 4 2 0 0 0 0 0 0 0 4 16 52 56 0 0 0 5 58 89 60 18 0 0 5 8 8 5 3 0 0 0 0 0 0 0 0 0 0 0 0 0 0 0 0 6 9 0 0 1 0 0 0 0 0 0 0 7 7 4 4 2 0 0 0 4 19 23 0 0 0 0 0 1 3 3 3 7 9 5 3 3 0 0 0 0 0 4 14 37 47 51 60 13 0 7 66 17 0 18 16 5 2 3 2 2 2 2 3 0 0 0 3 3 3 3 0 0 0 0 0 0 0 0 0 0 0 2 3 0 0 0 2 2 0 0 0 0 0 0 2 2 1 2 1 0 0 0 2 3 4 2 0 32 32 0 0 0 0 0 0 -2147483648 
-2147483648 0 0 0 0 0 0 0 0 0 0 0 0 0 0 0 0 0 0 0 0 0 0 0 7 5 0 0 0 0 7 19 35 17 0 0 1 44 43 0 0 2 4 11 19 22 12 5 8 20 27 9 0 0 0 0 0 7 8 3 17 52 80 63 26 10 0 0 0 0 0 0 0 1 20 52 74 53 25 9 4 5 4 3 0 0 0 2 9 11 8 0 0 0 2 7 7 6 0 0 0 0 0 0 5 36 83 76 6 0 0 0 35 79 72 30 5 3 6 8 8 3 1 0 0 0 0 0 0 0 0 0 0 0 0 0 0 0 0 6 10 0 0 1 0 0 0 1 0 0 0 4 8 5 5 7 0 0 0 1 12 27 3 0 0 0 0 0 1 2 1 5 8 4 1 3 0 0 0 0 1 5 9 25 46 53 58 39 0 0 58 67 16 7 4 1 0 1 1 2 3 2 3 2 0 1 3 3 2 0 0 0 1 0 0 0 0 0 0 0 0 1 3 1 0 0 1 2 0 0 0 1 0 0 1 1 2 2 0 0 0 1 1 1 3 3 0 31 32 0 0 0 0 0 0 -2147483648 
-2147483648 0 0 0 0 0 0 0 0 0 0 0 0 0 0 0 0 1 0 0 0 0 0 0 5 5 0 0 0 0 5 23 39 6 0 0 12 49 30 0 0 4 7 17 25 13 7 22 20 19 0 0 0 0 0 0 1 15 19 0 0 30 64 74 48 16 0 0 0 0 0 0 0 7 30 70 75 36 16 8 4 3 4 1 0 0 0 8 19 15 0 0 0 0 4 8 10 10 1 0 0 0 0 0 7 59 98 70 11 0 0 0 5 58 72 44 20 12 7 7 7 2 0 0 0 0 0 0 0 0 0 0 0 0 0 1 0 0 0 6 10 0 0 1 0 0 0 3 0 0 0 0 7 7 8 12 0 0 0 0 5 21 13 0 0 0 0 0 0 1 0 3 8 4 0 2 0 0 0 1 2 5 5 15 41 55 58 55 0 0 26 91 45 8 0 0 0 0 1 1 2 3 2 3 3 3 2 2 2 0 0 0 2 2 0 0 0 0 0 0 0 0 1 2 0 0 0 2 0 0 0 2 0 0 0 0 1 2 0 0 0 3 3 0 1 4 1 30 32 0 0 0 0 0 0 -2147483648 
-2147483648 0 0 0 0 0 0 0 0 0 0 0 0 0 0 0 0 1 0 0 0 0 0 0 1 5 2 0 0 0 4 29 41 0 0 0 20 49 16 0 0 7 13 21 21 7 8 28 31 26 0 0 0 0 0 2 6 18 19 0 0 14 28 70 81 22 0 0 0 0 0 0 0 9 42 82 69 25 11 7 4 2 2 0 0 0 0 15 19 10 0 0 0 0 7 8 8 9 6 0 0 0 0 0 12 70 99 61 17 0 0 0 0 25 54 61 46 22 8 4 3 2 2 1 0 0 0 0 0 0 0 0 0 0 0 0 0 0 0 6 10 0 0 0 0 0 1 3 2 0 0 0 6 9 12 15 0 0 0 0 0 9 14 0 0 0 0 0 0 0 0 1 6 4 2 3 0 0 0 2 2 3 3 9 31 56 56 58 22 0 0 87 85 20 0 0 0 0 2 0 0 4 3 1 3 4 4 3 1 0 0 1 2 0 0 0 0 0 0 0 1 1 0 2 0 0 0 0 0 0 0 1 0 1 1 0 0 2 0 0 0 4 4 1 1 3 2 31 32 0 0 0 0 0 0 -2147483648 
-2147483648 0 0 0 0 0 0 0 0 0 0 0 0 0 0 0 0 0 0 0 0 0 0 0 1 6 2 0 0 0 4 38 38 0 0 0 29 46 0 0 0 9 23 21 6 5 14 28 40 32 0 0 0 0 0 1 10 14 8 0 0 6 5 50 79 20 0 0 0 0 0 0 0 9 57 90 55 18 9 4 4 3 0 0 0 0 11 23 13 0 0 0 0 3 8 8 5 7 8 0 0 0 0 0 18 67 93 59 22 0 0 0 0 0 28 61 66 35 9 2 0 0 6 6 3 0 0 0 0 0 0 0 0 0 0 0 0 0 0 6 10 0 0 0 0 2 3 3 2 0 0 1 7 11 15 18 2 0 0 0 0 2 11 3 0 0 0 0 0 0 0 0 2 4 6 4 0 0 0 2 3 3 2 4 22 50 55 59 45 0 0 52 104 45 7 2 0 0 0 0 0 4 3 0 1 4 6 4 1 0 0 2 2 0 0 0 1 0 0 0 2 2 0 1 0 0 0 0 1 0 0 0 0 2 2 0 1 2 0 0 1 4 3 2 3 2 1 32 32 0 0 0 0 0 0 -2147483648 
-2147483648 0 0 0 0 0 0 0 0 0 0 0 0 0 0 0 0 0 0 0 0 0 0 0 1 7 3 0 0 0 7 40 28 0 0 3 37 41 0 0 6 15 22 12 0 7 18 33 43 27 0 0 0 0 0 0 4 5 4 0 0 0 0 20 42 17 0 0 0 0 0 0 0 17 68 87 43 14 7 1 4 0 0 0 0 4 22 23 6 0 0 0 0 4 8 8 4 5 8 3 0 0 0 0 16 52 87 64 24 0 0 0 0 0 1 43 72 52 14 3 0 0 8 14 10 3 0 0 0 0 0 0 0 0 0 0 0 0 0 6 10 0 0 0 1 1 4 5 3 0 0 1 8 13 18 25 10 0 0 0 0 0 4 6 4 0 0 0 0 0 0 0 1 4 7 4 0 0 0 2 3 4 2 2 14 39 58 57 56 0 0 0 107 82 20 3 0 0 0 1 3 3 1 0 0 3 5 4 2 0 0 1 1 0 0 0 3 1 0 0 1 1 0 0 0 0 0 0 2 1 1 0 0 1 1 0 2 2 0 0 3 4 1 1 3 2 0 32 32 0 0 0 0 0 0 -2147483648 
-2147483648 0 0 0 0 0 0 0 0 0 0 0 0 0 0 0 0 0 0 0 0 0 0 0 0 8 5 1 0 0 16 40 10 0 0 8 44 33 0 0 16 23 7 0 6 14 26 44 38 10 0 0 0 0 0 0 0 0 7 2 0 0 0 3 12 9 0 0 0 0 0 2 3 25 76 79 34 13 5 1 4 0 0 0 0 19 28 10 0 0 0 1 1 4 8 7 4 5 7 5 0 0 0 0 10 36 71 64 30 2 0 0 0 0 0 26 61 60 30 12 1 0 6 16 16 8 1 0 0 0 0 0 0 0 0 0 0 0 0 5 9 0 0 0 3 0 4 5 4 0 0 0 7 14 21 34 19 0 0 0 0 0 0 6 10 4 0 0 0 0 0 0 2 3 5 5 0 0 0 1 2 3 2 3 9 30 56 58 59 26 0 0 80 106 42 5 0 0 0 3 4 2 0 0 0 1 4 4 1 0 1 1 0 2 0 0 4 2 0 0 0 0 0 0 0 0 0 1 1 2 2 1 1 0 0 0 0 0 0 0 2 3 1 0 1 1 1 33 32 0 0 0 0 0 0 -2147483648 
-2147483648 0 0 0 0 0 0 0 0 0 0 0 0 0 0 0 0 1 0 0 0 0 0 0 0 6 8 4 0 6 27 29 0 0 2 15 48 23 0 0 20 16 0 0 12 23 38 44 24 0 0 1 0 0 0 0 0 0 5 2 0 0 0 0 0 0 5 0 0 0 3 6 4 28 80 76 29 12 4 2 0 0 0 0 1 28 23 0 0 1 1 2 3 5 8 5 4 6 5 4 0 0 0 0 6 22 42 49 32 4 0 0 0 0 0 14 41 58 54 30 7 1 2 10 18 17 3 0 0 0 1 0 0 0 0 0 0 0 0 3 8 0 0 0 4 0 4 4 3 0 0 0 5 13 24 41 28 0 0 0 0 0 0 1 13 13 0 0 0 0 0 0 1 2 4 6 0 0 0 0 2 2 3 3 6 22 48 60 53 45 0 0 20 123 73 11 0 1 0 4 4 2 0 0 0 0 3 4 1 0 2 2 1 1 0 0 4 2 0 0 1 1 0 0 0 0 2 3 1 1 1 2 2 0 0 0 0 0 2 2 0 2 4 0 0 0 2 34 32 0 0 0 0 0 0 -2147483648 
-2147483648 0 0 0 0 0 0 0 0 2 1 0 0 0 0 0 0 2 0 0 0 0 0 0 0 2 10 12 11 22 27 0 0 0 6 25 51 10 0 10 11 0 0 10 16 34 48 29 4 0 0 6 17 0 0 0 0 0 0 0 0 0 0 0 0 0 6 0 0 0 4 4 3 34 83 71 26 12 5 2 0 0 0 0 16 24 6 0 0 3 3 1 4 7 8 5 4 5 4 4 0 0 0 0 1 9 20 24 18 3 0 0 0 0 0 11 29 49 66 49 17 4 0 3 14 23 8 0 0 0 9 0 0 0 0 0 0 0 0 2 8 0 0 0 3 0 3 4 2 0 0 0 3 11 26 44 36 0 0 0 0 0 0 0 10 18 0 0 0 0 0 0 1 3 4 5 0 0 0 0 1 2 4 1 3 16 38 56 52 55 6 0 0 106 106 30 2 2 1 3 3 2 1 0 0 0 1 4 3 0 2 2 1 0 0 0 3 3 0 0 3 3 0 0 0 0 1 4 4 1 0 0 1 0 0 0 0 0 2 1 0 2 6 0 0 0 1 34 33 0 0 0 0 0 0 -2147483648 
-2147483648 0 0 0 0 0 0 0 0 1 2 0 0 0 0 0 0 1 0 0 0 0 0 0 0 0 13 27 25 18 5 0 0 1 12 36 49 4 0 7 0 0 7 19 26 42 42 13 0 0 3 12 27 13 0 0 0 0 0 0 0 0 0 0 0 0 0 0 0 1 4 3 3 43 87 66 24 11 6 0 0 0 0 0 19 13 0 0 0 4 4 0 4 8 8 6 4 4 4 4 0 0 0 0 0 1 9 4 0 0 0 0 0 0 1 10 22 37 63 65 33 9 0 0 7 24 15 0 0 0 5 0 0 0 0 0 0 0 0 2 8 0 0 0 1 0 1 4 4 1 0 0 1 10 24 45 46 0 0 0 0 0 0 0 1 16 6 0 0 0 0 1 3 3 4 4 1 1 0 0 0 2 3 0 2 11 26 51 57 52 35 0 0 52 145 62 9 1 2 1 1 3 3 0 0 0 2 4 3 0 2 2 0 0 1 0 1 3 0 0 3 3 0 0 0 0 0 4 6 2 0 0 0 0 1 1 0 2 2 0 0 1 4 1 1 0 0 34 34 0 0 0 0 0 0 -2147483648 
-2147483648 0 0 0 0 0 0 0 0 0 2 0 0 0 0 0 0 0 0 0 0 0 0 0 0 3 17 36 19 0 0 0 0 7 19 49 40 2 0 0 0 5 12 25 42 43 20 0 0 1 4 19 37 24 0 0 0 0 0 0 0 1 0 5 6 0 0 0 0 0 4 3 3 49 89 64 24 10 6 0 0 0 0 7 6 0 0 0 0 4 4 1 4 7 8 6 4 4 4 4 0 0 0 0 0 0 1 6 0 0 0 0 0 0 5 7 13 27 53 69 51 23 5 0 2 20 17 2 0 0 0 0 0 0 0 0 0 0 0 1 8 1 0 0 0 0 0 4 7 2 0 0 0 9 20 44 53 7 0 0 0 0 0 0 0 11 6 0 0 0 0 1 3 3 4 4 3 1 0 0 0 2 1 1 3 6 17 45 58 51 50 0 0 0 142 101 26 3 1 0 0 4 5 0 0 0 4 3 2 1 1 1 0 0 1 0 0 2 0 0 0 2 0 0 0 0 0 4 5 2 0 0 0 0 2 2 1 2 0 0 0 1 1 2 2 0 0 34 34 0 0 0 0 0 0 -2147483648 
-2147483648 0 0 0 0 0 0 0 0 0 1 0 0 0 0 0 0 0 0 0 0 0 0 0 0 6 16 31 4 0 0 0 6 12 32 53 27 0 0 0 1 14 19 34 47 32 3 0 2 6 8 25 40 22 0 0 0 0 0 0 0 4 2 8 10 0 0 0 0 0 5 0 0 48 89 64 24 11 7 0 0 0 3 3 0 0 0 1 1 3 4 3 4 6 8 6 4 4 4 4 0 0 0 0 0 0 14 32 0 0 0 0 0 1 4 4 5 17 39 63 68 44 16 0 0 10 13 4 0 1 1 0 0 0 0 0 0 0 0 0 7 4 0 0 0 0 0 4 8 3 0 0 0 7 16 37 52 13 0 0 0 0 0 0 0 8 3 0 0 0 0 0 1 5 4 3 3 0 0 0 0 1 0 3 3 1 11 35 55 53 51 15 0 0 97 148 54 8 0 0 0 4 5 0 0 0 3 2 2 3 1 0 0 0 1 1 0 2 2 0 0 2 0 0 2 0 0 3 4 3 1 0 0 0 2 2 2 2 0 0 2 2 0 1 1 1 1 34 34 0 0 0 0 0 0 -2147483648 
-2147483648 0 0 0 0 0 0 0 0 0 0 0 0 0 0 0 0 0 0 0 0 0 0 0 0 5 13 25 2 0 0 4 9 18 55 47 4 0 0 0 14 18 31 46 37 11 0 0 6 9 17 32 34 15 0 0 0 0 0 0 0 4 4 6 7 0 0 0 0 0 6 0 0 43 87 66 25 12 9 1 0 0 0 0 0 0 0 3 3 2 4 4 4 7 8 5 3 4 4 3 0 0 0 0 0 0 46 68 4 0 0 0 0 0 1 2 4 12 26 51 65 51 35 18 2 3 6 3 0 0 0 0 0 0 0 0 0 0 0 0 4 6 0 0 0 0 0 3 8 4 0 0 0 4 13 30 45 14 0 0 0 0 0 0 6 12 1 0 0 0 0 0 0 4 4 3 2 0 0 0 0 0 0 3 2 0 7 26 49 54 51 41 0 0 27 158 95 22 2 0 0 4 3 0 0 1 3 2 2 4 2 0 0 0 2 2 0 1 1 0 0 2 1 0 0 0 0 2 3 3 0 0 0 0 2 2 1 1 0 0 0 0 1 1 0 2 2 34 34 0 0 0 0 0 0 -2147483648 
-2147483648 0 0 0 0 0 0 0 0 0 0 0 0 0 0 0 0 0 0 0 0 0 0 0 0 5 10 23 14 0 0 4 11 33 65 29 0 0 0 13 21 28 43 44 20 0 0 5 10 13 22 32 27 8 0 0 0 0 0 0 0 0 5 3 1 0 5 15 0 0 0 0 0 38 86 70 26 12 11 4 0 0 0 0 0 0 3 4 4 4 4 3 4 8 7 3 2 4 4 1 0 0 0 0 0 3 76 92 14 0 0 0 7 0 0 0 8 14 15 31 33 34 65 57 19 4 1 2 0 0 0 0 0 0 0 0 0 0 0 0 2 6 0 0 0 0 0 1 6 2 0 0 0 2 12 25 36 12 0 0 0 0 0 1 12 18 0 0 0 0 0 0 0 1 3 5 3 0 0 0 0 0 0 1 2 2 6 17 38 54 49 49 0 0 0 133 148 46 6 0 1 3 1 0 0 2 4 3 3 3 1 0 0 0 1 1 0 0 0 0 0 2 2 0 0 0 2 2 1 1 0 0 2 1 2 1 0 0 2 1 0 0 3 2 0 1 2 35 34 0 0 0 0 0 0 -2147483648 
-2147483648 0 0 0 0 0 0 0 0 0 0 0 0 0 0 0 1 0 0 0 0 0 0 0 0 5 8 20 22 2 0 4 10 50 56 1 0 0 0 19 23 43 50 26 3 0 5 11 14 18 20 22 21 7 0 0 0 0 0 0 0 0 6 3 0 0 29 46 18 0 0 0 0 31 83 73 27 13 12 6 0 0 0 0 0 2 4 4 5 6 3 2 4 7 6 2 2 4 4 0 0 0 0 9 0 16 100 102 21 0 0 0 5 0 0 0 1 28 19 19 7 3 55 93 63 19 4 1 0 0 0 0 0 0 0 0 0 0 0 0 1 7 0 0 0 0 0 0 1 0 0 0 0 4 12 19 28 11 0 0 0 0 0 2 12 19 3 0 0 0 0 0 0 0 1 6 4 2 4 0 0 0 0 0 1 4 6 11 28 48 50 53 25 0 0 71 167 85 19 1 3 2 0 0 0 2 4 4 4 2 0 0 0 0 0 0 0 0 1 1 0 1 0 0 0 0 1 2 0 0 0 1 2 2 2 0 0 0 1 0 0 1 3 2 1 0 2 36 34 0 0 0 0 0 0 -2147483648 
-2147483648 0 0 0 0 0 0 0 0 0 0 0 0 0 0 0 1 0 0 0 0 0 0 0 0 2 8 18 25 30 14 0 3 47 41 0 0 0 4 20 31 51 42 9 0 3 9 15 18 18 12 12 17 11 0 0 2 0 0 0 0 0 0 0 0 18 57 64 31 0 0 0 0 20 78 77 30 14 12 6 0 0 0 0 0 4 5 4 6 5 2 3 3 5 6 3 2 4 4 0 0 0 0 18 0 26 113 104 29 0 0 0 0 0 0 0 10 58 27 8 0 0 0 102 126 46 13 0 0 0 0 0 4 0 0 0 0 0 0 0 0 8 0 0 0 0 0 0 0 0 0 0 0 5 10 14 21 10 0 0 0 0 0 2 8 16 7 0 0 0 0 0 0 0 2 7 4 3 4 0 0 0 0 0 1 3 5 9 19 37 54 50 43 0 0 0 155 137 39 4 4 2 0 0 0 3 4 2 4 3 0 0 0 0 0 0 0 0 2 2 0 0 0 0 0 0 0 2 0 0 1 2 3 1 0 0 1 1 0 0 0 2 2 2 1 0 2 36 34 0 0 0 0 0 0 -2147483648 
-2147483648 0 0 0 0 0 0 0 0 0 0 0 0 0 0 0 0 0 0 0 0 0 0 0 0 0 7 16 29 57 35 0 0 34 26 0 0 0 6 21 46 53 22 0 0 8 10 17 23 14 2 4 10 13 13 8 6 0 0 0 0 0 0 0 3 48 80 59 27 0 0 0 0 9 70 80 36 15 13 5 0 0 0 0 0 4 6 5 5 4 3 3 2 5 5 3 2 4 5 0 0 0 0 24 0 38 118 97 31 0 0 0 0 0 0 0 62 96 26 0 0 0 0 66 143 84 30 4 0 3 3 0 2 0 0 0 0 0 0 0 0 5 0 0 0 2 0 0 0 0 0 0 0 4 7 10 16 9 0 0 0 0 0 3 6 13 7 0 0 0 0 0 0 0 4 7 5 2 1 0 0 1 0 0 2 0 3 7 11 28 53 51 53 4 0 0 103 161 72 15 4 1 0 0 0 4 4 0 4 4 0 0 0 0 0 1 0 0 1 1 0 0 0 0 1 0 0 1 0 0 2 2 3 0 0 0 3 3 0 0 0 3 3 1 0 0 2 36 34 0 0 0 0 0 0 -2147483648 
-2147483648 0 0 0 0 0 0 0 0 0 0 0 0 0 0 0 0 0 0 0 0 0 0 0 0 0 5 16 38 61 34 0 1 32 15 0 0 0 8 28 57 47 8 0 4 10 13 20 23 9 0 0 1 15 23 14 3 0 0 0 0 0 0 0 7 69 89 49 21 0 0 0 0 0 61 83 43 17 12 0 0 0 0 0 1 4 5 6 4 5 4 1 3 6 4 2 1 4 6 0 0 0 0 22 0 52 117 86 29 0 0 0 0 0 0 0 118 120 28 0 0 0 0 0 105 129 57 14 0 5 8 2 0 0 0 0 0 0 0 0 0 1 0 0 0 3 0 0 0 0 0 0 0 4 5 6 13 9 0 0 0 0 0 4 5 12 8 0 0 0 2 0 0 0 2 4 7 4 0 0 0 1 0 0 0 0 1 5 7 21 47 56 50 38 0 0 13 161 119 31 5 1 0 0 0 3 3 0 4 4 0 1 1 0 0 2 0 0 0 0 0 0 0 2 2 0 0 0 1 0 1 2 0 0 0 0 3 4 1 0 0 3 3 0 0 0 1 36 35 0 0 0 0 0 0 -2147483648 
-2147483648 0 0 0 0 0 0 0 0 0 0 0 0 0 0 0 0 0 0 0 0 0 0 0 0 0 3 22 58 52 11 0 7 30 7 0 0 0 10 37 63 37 1 2 7 10 20 24 15 2 0 0 3 23 24 11 0 0 0 0 0 0 0 0 8 77 90 44 20 0 0 0 0 0 50 83 53 22 10 0 0 0 0 0 3 4 4 5 4 6 4 1 3 5 5 3 0 3 4 0 0 0 0 15 0 68 118 74 28 8 0 0 0 0 0 26 153 126 31 0 0 0 0 0 38 123 92 38 10 7 10 4 0 0 0 0 0 0 0 0 0 0 0 0 0 1 0 0 0 0 0 0 0 5 5 3 11 9 0 0 0 0 0 3 3 11 12 0 0 0 2 0 0 0 0 1 7 7 0 0 0 0 0 1 0 0 0 2 6 17 39 55 51 55 0 0 0 123 147 60 13 4 1 0 0 2 2 0 3 3 0 2 3 1 0 1 0 0 0 1 0 0 0 1 1 0 0 0 1 0 0 1 0 0 1 2 2 3 2 0 1 2 1 0 0 0 0 36 36 0 0 0 0 0 0 -2147483648 
-2147483648 0 0 0 0 0 0 0 0 0 0 0 0 0 0 0 0 0 0 0 0 0 0 0 0 0 5 34 66 37 0 0 6 19 5 0 0 0 14 41 66 34 0 4 9 14 24 21 7 0 0 1 13 24 17 5 0 0 0 0 0 0 0 0 0 72 98 49 21 0 0 0 0 0 34 80 67 30 10 0 0 0 0 0 5 5 4 4 4 6 4 2 1 4 6 3 0 2 0 0 0 0 9 14 0 80 119 64 24 7 0 0 0 0 0 41 168 126 38 0 0 0 0 0 0 63 125 76 27 9 10 8 0 0 0 0 0 0 0 0 0 0 0 0 0 0 0 0 0 0 0 0 1 7 6 1 7 7 0 0 0 0 0 2 1 9 14 3 0 0 0 3 0 0 1 1 5 7 0 0 0 0 0 2 1 0 0 0 5 13 29 51 56 52 23 0 0 50 159 104 26 6 3 1 0 2 3 1 1 1 0 1 3 2 0 0 0 0 0 3 1 0 0 0 0 0 1 0 0 0 0 0 0 0 1 3 3 1 1 1 2 2 0 0 0 0 0 36 36 0 0 0 0 0 0 -2147483648 
-2147483648 0 0 0 0 0 0 0 0 0 0 0 0 0 0 0 0 0 0 0 0 0 0 0 0 0 12 51 57 15 0 0 4 10 3 0 0 0 15 41 65 36 0 4 11 23 24 10 2 0 1 15 19 14 8 1 0 0 0 0 6 0 0 0 0 51 100 65 27 1 0 0 0 0 20 71 77 42 12 0 0 0 0 0 7 6 4 3 3 7 4 2 1 4 5 1 0 2 0 0 0 0 22 12 11 88 114 58 21 4 0 0 0 0 0 62 168 127 47 6 0 0 0 0 0 3 102 103 58 22 11 9 3 0 0 0 0 0 0 0 0 0 0 0 0 0 0 0 0 1 0 0 2 7 5 1 2 4 0 0 0 0 0 2 0 7 13 4 0 0 0 4 0 0 2 2 4 6 1 0 0 0 0 2 2 0 0 0 2 8 21 46 57 51 48 0 0 0 139 138 53 10 4 4 0 1 4 2 0 0 0 0 2 1 0 1 1 0 0 3 3 0 0 0 0 0 2 0 0 0 1 1 0 0 0 1 3 0 0 2 1 2 1 0 0 1 0 36 36 0 0 0 0 0 0 -2147483648 
-2147483648 0 0 0 0 0 0 0 0 0 0 0 0 0 0 0 0 0 0 0 0 0 0 0 4 3 27 63 40 0 0 0 4 6 0 0 0 0 10 37 65 41 4 6 15 26 20 3 0 1 9 20 15 5 4 1 0 0 0 0 28 12 0 0 0 21 92 87 37 9 0 0 0 0 3 53 87 59 18 0 0 0 0 1 8 5 4 1 1 8 4 2 3 4 3 0 1 0 0 0 0 0 23 11 19 84 106 51 0 0 0 0 0 0 0 58 158 142 55 7 0 0 0 0 0 0 25 108 104 49 15 9 9 1 0 0 0 0 0 0 0 0 0 0 0 0 0 0 1 2 0 0 1 6 5 2 0 2 1 0 0 0 2 2 0 4 12 7 0 0 0 4 0 0 1 1 4 6 2 0 0 0 0 3 3 0 0 0 0 5 15 36 56 56 49 0 0 0 90 163 93 18 3 6 1 1 4 1 0 0 0 0 2 0 0 2 3 1 0 1 4 0 0 0 0 0 1 0 0 0 3 2 0 0 0 0 1 1 1 1 0 2 1 0 1 2 0 36 36 0 0 0 0 0 0 -2147483648 
-2147483648 0 0 0 0 0 0 0 0 0 0 0 0 0 0 0 0 0 1 0 0 0 0 0 6 10 49 70 19 0 0 0 4 2 0 0 5 0 5 30 61 41 6 11 23 19 10 3 2 11 15 14 7 2 4 2 0 0 0 0 34 37 0 0 0 0 68 94 55 20 0 0 0 0 0 31 82 77 35 1 0 0 0 2 7 5 4 1 1 7 4 1 4 4 1 0 2 0 0 0 0 0 13 10 20 63 71 8 0 0 0 0 0 0 0 32 112 123 52 0 0 0 0 34 23 0 0 68 122 86 35 15 11 5 0 0 0 0 0 0 0 0 0 0 0 0 0 0 2 2 0 0 0 6 7 2 0 2 2 0 0 0 1 3 0 0 11 11 0 0 0 3 1 1 1 0 2 5 2 0 0 0 0 4 4 0 0 0 0 4 8 24 51 65 57 28 0 0 17 158 129 40 5 5 3 3 4 0 0 0 0 0 2 1 0 0 4 3 0 0 3 1 0 0 0 0 0 0 1 0 3 2 0 0 0 0 1 3 3 0 0 1 0 0 2 2 1 36 36 0 0 0 0 0 0 -2147483648 
-2147483648 0 0 0 0 0 0 0 0 0 0 0 0 0 0 0 0 0 2 0 0 0 0 0 8 25 66 63 3 0 0 0 2 0 0 3 17 5 10 25 47 33 11 22 27 7 1 7 9 15 13 7 4 4 3 2 0 0 0 0 28 32 0 0 0 0 30 89 81 31 0 0 0 0 0 2 54 95 64 12 0 0 0 2 6 6 3 2 3 5 4 1 3 4 1 0 0 0 0 0 0 11 10 10 14 20 7 0 0 0 0 0 0 0 0 11 37 55 30 0 0 0 0 37 55 19 0 0 103 127 67 25 10 7 5 0 0 0 0 0 0 0 0 0 0 0 0 0 0 1 0 0 1 6 7 2 0 1 1 0 0 0 2 3 0 0 9 12 1 0 0 1 3 3 2 0 0 4 3 1 0 0 1 4 3 0 0 0 0 3 1 13 43 78 68 32 0 0 0 122 164 75 12 5 5 4 2 0 0 0 0 1 3 2 0 0 3 3 0 0 1 3 0 0 0 0 1 1 2 0 1 3 0 0 0 0 3 4 2 0 1 0 0 1 1 2 2 36 36 0 0 0 0 0 0 -2147483648 
-2147483648 0 0 0 0 0 0 0 0 0 0 0 0 0 0 0 0 0 1 0 0 0 0 0 11 45 79 40 0 0 0 2 0 0 0 6 17 11 20 28 35 26 24 40 26 0 0 10 15 13 8 3 4 6 2 0 0 0 0 0 19 18 3 0 0 0 0 72 92 46 0 0 0 0 0 0 18 81 92 41 4 0 0 4 6 5 2 1 4 4 3 2 2 4 2 0 0 0 0 0 0 2 5 11 6 0 0 0 0 0 0 0 0 0 0 0 0 9 8 0 0 0 0 16 43 44 0 0 59 129 97 45 16 8 9 3 0 0 0 0 0 0 0 0 0 0 0 0 0 0 0 0 2 6 5 1 1 0 0 0 0 0 4 2 0 0 8 13 3 0 0 0 4 4 2 0 0 3 4 3 0 0 2 3 1 0 0 0 0 1 0 7 35 84 81 37 0 0 0 48 165 115 33 8 7 4 0 0 1 0 0 2 3 1 0 0 1 1 1 0 0 4 0 0 0 0 3 2 1 0 0 3 0 0 0 1 4 3 0 0 3 0 0 2 1 2 0 36 37 0 0 0 0 0 0 -2147483648 
-2147483648 0 0 0 0 0 0 0 0 0 0 0 0 0 1 0 0 0 0 0 0 0 0 0 18 65 75 11 0 0 0 2 0 0 0 2 11 11 22 29 31 30 41 52 26 0 0 9 13 10 4 3 5 4 1 0 0 0 0 0 9 4 0 0 0 0 0 33 83 61 0 0 0 0 0 0 0 30 112 90 20 1 5 7 5 5 3 0 3 4 1 1 3 4 1 0 0 0 0 0 14 0 0 5 0 0 0 0 0 0 0 0 0 0 0 0 0 0 0 0 0 0 0 3 12 28 42 8 1 88 124 77 30 8 10 9 0 0 0 0 0 0 0 0 0 0 0 0 0 0 0 0 1 6 4 1 2 0 0 0 0 0 2 3 0 0 8 13 5 0 0 0 4 4 2 0 0 1 3 3 0 0 1 1 0 0 0 0 0 0 1 6 25 81 101 40 4 0 0 0 133 162 65 11 7 4 0 2 1 0 1 1 1 0 0 0 0 0 3 1 0 4 0 0 0 0 3 1 0 0 1 2 0 0 1 3 4 2 0 1 4 0 0 1 3 2 0 36 38 0 0 0 0 0 0 -2147483648 
-2147483648 0 0 0 0 0 0 0 0 0 0 0 0 0 2 1 0 0 0 0 0 0 0 0 30 87 53 0 0 4 0 0 0 0 0 3 2 12 20 24 29 36 55 55 24 1 1 7 8 7 2 4 6 0 0 0 0 2 0 0 3 0 0 0 0 0 0 0 55 49 0 0 0 0 0 0 0 0 89 113 49 12 10 8 6 7 4 0 0 3 0 0 4 4 0 0 0 0 0 0 8 0 0 0 0 0 0 0 0 0 0 0 0 0 0 0 0 0 0 0 0 0 0 0 0 7 46 42 0 40 112 105 57 16 9 10 2 0 0 0 0 0 0 0 0 0 0 0 0 0 0 0 0 6 5 3 2 0 1 0 0 0 0 4 0 0 7 11 6 0 0 0 2 4 2 0 0 0 1 1 0 0 0 0 0 0 1 0 0 0 4 7 17 75 114 51 5 0 0 0 71 173 103 25 6 4 2 3 0 0 2 0 0 1 1 0 0 0 3 3 1 3 0 0 0 0 1 0 0 0 3 3 0 0 2 2 3 3 0 0 4 2 0 0 4 2 0 36 37 0 0 0 0 0 0 -2147483648 
-2147483648 0 0 0 0 0 0 0 0 0 0 0 0 0 1 2 0 0 0 0 0 0 0 0 49 89 20 0 1 26 0 0 0 0 5 1 1 16 20 22 27 38 62 53 20 5 3 6 6 6 3 4 3 0 0 0 0 5 5 2 1 0 0 0 0 0 0 0 14 15 0 0 0 0 0 0 0 0 20 89 92 42 17 10 9 8 4 0 0 2 1 0 3 0 0 0 0 0 0 12 5 0 0 0 0 0 0 0 0 0 2 3 0 0 0 0 0 0 0 0 0 0 0 0 0 0 18 56 29 0 63 124 94 33 8 7 6 0 0 0 2 2 0 0 0 0 0 0 0 0 0 0 0 5 6 3 2 2 1 0 0 0 0 4 2 0 5 12 10 1 0 0 0 4 2 0 1 1 0 0 0 0 0 0 0 0 3 1 0 0 6 7 12 68 119 71 0 0 0 0 0 148 149 49 7 5 4 1 0 0 1 0 0 2 2 0 0 0 2 3 2 1 0 0 0 0 0 0 0 1 4 3 0 1 1 0 1 4 1 0 4 3 0 0 3 2 0 36 36 0 0 0 0 0 0 -2147483648 
-2147483648 0 0 0 0 0 0 0 0 0 0 0 0 0 0 0 0 0 2 0 0 0 0 5 76 78 0 0 1 40 10 0 0 9 0 0 3 17 21 23 25 44 67 47 16 5 4 7 8 6 3 3 0 0 0 0 0 7 6 2 0 0 0 0 0 0 0 0 0 0 0 0 0 0 0 0 0 0 0 26 80 75 55 32 15 9 5 1 0 3 3 0 0 0 0 0 0 0 32 11 5 2 0 0 0 0 0 0 7 15 18 17 0 0 0 0 0 0 0 0 0 0 0 0 0 0 2 44 52 0 22 107 117 61 17 7 6 0 0 0 12 19 3 0 0 0 0 0 0 0 0 0 0 3 5 1 1 3 0 0 0 0 0 3 1 0 4 13 17 6 0 0 0 3 3 0 2 2 1 0 0 0 0 0 0 0 4 3 0 0 5 5 10 63 121 86 3 0 0 0 0 97 164 85 19 7 5 1 0 1 0 0 0 1 1 1 1 2 2 1 2 1 0 0 0 0 0 0 0 3 5 2 0 1 0 0 0 3 1 1 4 1 0 1 1 1 0 37 37 0 0 0 0 0 0 -2147483648 
-2147483648 0 0 0 0 0 0 0 0 0 0 0 0 0 0 0 0 0 1 0 0 0 0 18 93 64 0 0 0 46 25 0 6 6 0 0 0 15 24 24 28 55 69 39 13 5 5 7 9 7 2 0 0 0 0 0 1 8 6 2 0 0 0 0 0 0 0 0 0 0 0 0 0 0 0 0 0 0 0 0 10 73 104 81 39 17 10 5 1 3 0 0 0 0 0 0 0 34 36 13 2 0 0 0 0 0 12 26 37 45 39 29 6 0 0 0 0 0 0 0 0 0 0 0 0 0 0 16 55 37 0 53 120 98 35 8 1 0 0 0 13 25 11 1 0 0 0 0 0 0 0 0 0 1 3 0 0 1 0 0 0 0 0 0 0 0 4 10 19 11 0 0 0 2 4 1 2 2 1 0 0 1 0 0 0 0 3 5 1 0 3 3 9 57 121 99 19 0 0 0 0 26 151 134 40 9 6 2 0 2 0 0 0 0 0 2 3 2 1 1 3 1 0 0 0 0 0 0 0 3 6 3 0 0 0 0 0 1 1 3 3 0 0 2 1 0 0 38 38 0 0 0 0 0 0 -2147483648 
-2147483648 0 0 0 0 0 0 0 0 0 0 0 0 0 0 0 0 0 0 0 0 0 0 33 101 42 0 0 0 40 9 2 17 0 0 0 3 14 24 22 33 69 70 30 10 6 7 5 7 8 2 0 0 0 0 0 0 5 6 2 0 0 0 0 0 0 0 0 0 0 0 0 0 0 0 0 0 0 0 0 0 31 86 95 52 23 26 27 19 0 0 0 0 0 0 0 36 31 20 10 0 0 0 0 0 14 53 79 68 52 36 22 5 0 0 0 0 0 0 0 0 0 0 0 0 0 0 1 39 57 18 23 89 112 62 17 0 0 0 0 11 23 15 0 0 0 0 0 0 0 0 0 0 0 1 0 0 1 1 0 0 0 0 0 0 1 3 8 17 11 0 0 0 2 3 1 3 3 0 0 1 2 0 0 0 0 2 6 3 0 2 2 7 52 121 107 31 0 0 0 0 0 121 158 72 17 6 2 0 1 0 0 0 1 1 1 3 2 0 3 4 0 0 0 0 0 1 0 0 1 4 3 1 1 0 0 0 0 2 4 2 0 0 3 3 0 0 37 37 0 0 0 0 0 0 -2147483648 
-2147483648 0 0 0 0 0 0 0 0 0 1 0 0 0 0 0 0 0 0 0 0 0 0 44 99 23 0 0 14 16 0 14 0 0 0 5 14 11 17 19 40 79 68 24 7 7 7 3 7 7 0 0 0 3 1 0 0 0 6 3 0 0 0 0 0 0 0 0 0 0 0 0 0 0 0 0 0 0 0 0 0 0 27 47 25 13 33 43 35 0 0 0 0 0 18 36 36 19 4 1 0 0 0 13 33 55 86 88 57 31 19 11 2 0 0 0 0 0 0 0 0 0 0 0 0 0 0 0 12 46 59 27 34 101 99 36 3 0 0 1 8 18 16 0 0 0 0 0 0 0 0 0 0 0 0 0 0 4 3 0 0 0 0 0 0 0 2 8 15 12 0 0 0 2 3 0 3 4 0 0 1 1 0 0 0 0 3 5 3 0 3 2 5 47 118 110 43 0 0 0 0 0 75 161 114 29 6 2 1 1 0 0 0 2 2 0 2 2 1 4 2 0 0 0 0 0 3 2 0 0 1 1 2 3 0 0 0 1 2 3 2 1 1 3 3 0 0 36 36 0 0 0 0 0 0 -2147483648 
-2147483648 0 0 0 0 0 0 0 0 0 2 0 0 0 0 0 0 0 0 0 0 0 0 55 87 6 0 9 15 0 21 12 0 0 0 18 21 9 13 20 53 85 59 18 5 10 7 1 6 5 0 0 0 4 0 0 0 0 2 3 1 0 0 0 3 3 0 0 0 0 0 0 0 0 0 0 0 0 0 0 0 0 0 7 2 2 14 20 17 0 0 0 0 18 35 34 18 5 0 0 0 0 0 49 96 90 71 47 25 13 10 3 0 0 1 0 0 0 0 0 0 0 0 0 0 0 0 0 0 28 68 45 14 71 111 64 16 0 0 2 7 14 13 0 0 1 6 0 0 0 0 0 0 0 0 0 0 6 4 0 0 0 0 0 0 0 2 8 12 13 0 0 0 2 5 2 2 3 0 0 0 1 0 0 0 3 4 4 2 0 3 2 5 42 112 113 54 8 0 0 0 0 6 142 142 55 11 2 2 2 1 1 0 2 1 0 3 3 3 4 0 0 0 0 0 0 4 2 0 0 1 0 1 3 0 0 0 2 3 2 1 2 2 1 1 1 1 36 36 0 0 0 0 0 0 -2147483648 
-2147483648 0 0 0 0 0 0 0 0 0 0 0 0 0 0 0 0 0 0 0 0 0 0 60 75 0 0 0 4 9 38 0 0 0 0 18 20 13 17 29 67 85 48 13 6 12 9 0 0 2 0 0 2 0 0 0 9 2 0 1 2 0 0 1 8 4 0 0 0 0 0 0 0 0 0 0 0 0 0 0 0 0 0 0 0 0 0 0 0 0 0 3 16 29 33 26 11 1 0 0 0 0 31 93 120 78 37 16 10 9 4 0 0 0 5 9 8 0 0 0 0 0 0 0 0 0 0 0 0 9 50 66 30 31 94 98 37 5 0 1 8 10 9 0 0 6 8 0 0 0 0 0 0 0 0 0 0 4 3 0 0 0 0 1 0 0 1 7 9 11 0 0 0 3 8 5 2 1 0 0 1 2 0 0 1 4 3 3 2 0 2 3 5 37 108 115 59 20 0 0 0 0 0 99 160 95 21 4 2 2 3 2 0 1 0 0 4 3 4 4 0 0 0 0 0 0 4 2 0 0 2 0 0 1 1 0 0 1 4 2 0 2 1 0 0 3 2 35 36 0 0 0 0 0 0 -2147483648 
-2147483648 0 0 0 0 0 0 0 0 0 0 0 1 0 0 0 0 0 0 0 0 0 0 65 61 0 0 0 0 46 27 0 0 0 0 13 17 15 19 41 83 82 36 11 9 12 10 0 0 0 0 1 0 0 0 3 13 7 0 0 0 0 0 7 10 1 0 0 0 0 0 0 0 0 0 0 0 10 1 0 0 0 0 0 0 0 0 0 0 0 1 12 28 29 22 19 13 2 0 0 0 20 90 120 87 38 10 5 10 10 0 0 0 0 6 11 14 13 0 0 0 0 0 0 0 0 0 0 0 0 29 64 48 25 76 107 58 17 0 1 6 7 8 4 0 4 6 0 0 0 0 0 0 0 0 0 0 1 1 1 0 0 0 2 0 0 0 3 8 10 0 0 0 4 12 6 1 0 0 0 1 1 0 0 2 4 1 2 2 0 1 3 5 34 106 115 60 28 0 0 0 0 0 31 151 129 44 10 3 3 4 1 0 0 0 1 3 2 4 3 0 0 1 0 0 1 4 1 0 0 1 0 0 0 2 2 0 0 4 1 0 3 0 0 0 4 1 34 37 0 0 0 0 0 0 -2147483648 
-2147483648 0 0 0 0 0 0 0 0 0 0 0 2 0 0 0 0 0 0 0 0 0 0 65 46 0 0 0 16 45 0 0 0 0 3 12 15 14 23 57 92 73 28 10 10 12 9 0 0 0 0 1 0 0 0 4 9 13 5 0 0 0 4 11 7 0 0 0 0 0 0 0 0 0 0 0 8 45 50 6 0 0 0 0 0 0 0 0 1 7 11 20 29 21 12 11 10 0 0 0 0 69 124 102 44 8 0 7 11 3 0 0 0 0 7 9 12 15 12 0 0 0 0 0 0 0 0 0 0 0 16 51 58 41 60 93 75 30 7 2 3 5 8 7 3 4 3 0 0 0 0 0 0 0 0 0 0 1 1 2 0 0 0 0 0 0 0 0 8 10 1 0 0 3 14 7 1 0 0 0 0 0 0 0 1 3 0 3 3 0 0 2 7 32 102 115 61 31 6 0 0 0 0 0 116 161 78 17 4 3 4 1 0 0 0 1 1 3 4 1 0 0 2 0 0 2 4 1 0 0 0 0 1 0 1 1 0 0 3 0 1 4 0 0 0 4 0 34 38 0 0 0 0 0 0 -2147483648 
-2147483648 0 0 0 0 0 0 0 0 0 0 0 1 0 0 0 0 0 2 8 0 0 0 57 31 0 0 0 47 0 0 0 0 0 5 12 14 15 31 79 95 54 22 10 11 12 5 0 0 0 0 1 0 0 0 0 1 15 13 0 0 0 12 13 1 0 0 0 0 0 0 0 0 0 0 0 33 79 68 19 0 0 0 0 0 0 0 2 11 26 29 25 26 10 0 0 0 0 0 0 40 120 119 56 8 0 3 17 8 0 0 0 2 4 8 8 9 13 15 7 0 0 0 0 0 0 0 0 0 3 32 63 50 29 40 75 80 45 16 3 2 3 7 8 5 4 1 0 0 0 0 0 0 0 0 0 0 1 3 2 0 0 0 0 0 0 0 0 7 9 2 0 0 1 12 7 3 1 0 0 0 0 0 0 1 1 0 4 4 0 0 3 6 28 97 116 65 33 14 0 0 0 0 0 57 162 115 36 7 2 4 2 0 0 0 0 1 4 3 0 0 1 2 0 0 1 3 2 0 0 0 1 2 0 0 1 0 0 2 1 2 3 1 0 0 4 0 34 38 0 0 0 0 0 0 -2147483648 
-2147483648 0 0 0 0 0 0 0 0 0 0 0 0 0 0 0 0 0 11 12 0 0 0 47 16 0 0 17 23 0 0 0 0 0 5 13 16 15 30 89 101 46 20 13 12 9 0 0 0 0 3 3 2 0 0 0 2 16 17 0 0 0 16 13 0 0 0 0 1 0 0 0 0 0 0 1 49 94 64 20 0 0 0 0 0 0 12 28 40 43 38 31 22 0 0 0 0 0 0 15 84 134 89 18 0 0 12 19 1 0 0 4 4 7 9 8 8 11 13 8 0 0 0 0 0 0 0 0 2 29 81 82 18 0 14 51 74 61 28 6 0 0 7 10 8 5 0 0 0 0 0 0 0 0 0 0 0 0 3 3 0 0 0 0 0 0 0 0 5 9 5 0 0 0 9 5 3 2 0 0 0 0 0 0 2 0 0 4 4 0 2 3 3 25 93 117 68 34 19 0 0 0 0 0 0 132 160 65 12 3 3 1 0 0 1 1 2 3 1 1 1 2 2 0 0 0 1 2 0 0 0 2 1 0 0 1 0 0 2 3 2 0 2 1 0 3 0 35 38 0 0 0 0 0 0 -2147483648 
-2147483648 0 0 0 0 0 0 0 0 0 0 0 0 0 0 0 0 0 17 10 0 0 0 37 0 0 0 9 0 0 0 0 1 0 3 13 18 15 22 72 99 62 31 20 14 3 0 0 0 3 4 5 6 0 0 0 12 20 16 3 0 0 12 8 0 0 0 0 2 0 0 0 0 0 0 0 51 94 61 20 6 0 0 0 0 0 33 84 77 47 34 30 12 0 0 0 0 0 0 51 126 117 44 0 0 6 26 12 0 0 1 4 5 8 10 9 9 9 11 8 8 0 0 0 0 0 0 0 4 71 137 89 0 0 0 25 56 62 41 14 0 0 4 16 18 10 0 0 0 0 8 0 0 0 0 0 0 0 0 3 2 0 0 0 0 0 0 0 4 9 8 0 0 0 8 3 0 2 0 0 0 0 0 0 1 0 0 4 5 1 1 1 2 23 91 118 67 33 23 8 0 0 0 0 0 80 171 102 27 6 1 1 1 0 2 2 1 1 0 3 3 1 1 0 0 1 1 3 0 0 3 1 0 0 0 0 0 1 1 4 3 0 1 2 0 1 0 37 38 0 0 0 0 0 0 -2147483648 
-2147483648 0 0 0 0 0 0 0 0 0 0 0 0 0 0 0 0 8 17 7 0 0 0 31 0 0 0 0 0 0 0 2 4 0 2 10 16 17 16 41 87 88 50 28 15 0 0 0 4 5 4 4 0 0 0 0 11 18 11 5 0 0 4 1 0 0 0 0 0 0 0 0 0 0 0 0 32 86 74 27 7 2 0 0 0 0 56 122 85 39 24 19 4 0 0 0 0 0 12 84 141 89 11 0 0 16 27 3 0 0 2 5 6 8 11 10 9 8 9 8 7 0 0 0 0 0 0 0 13 104 161 89 0 0 0 0 27 50 54 22 0 0 0 29 39 19 1 0 0 0 10 0 0 0 0 0 0 0 0 1 4 0 0 0 0 0 0 0 3 6 6 0 0 0 8 2 0 2 1 0 0 0 0 0 0 0 0 5 7 1 0 1 1 20 88 117 67 32 24 16 0 0 0 0 0 9 146 149 52 10 0 3 3 0 0 1 1 1 0 3 4 1 0 0 0 2 3 4 0 0 3 1 1 0 0 0 0 2 1 3 4 0 0 1 0 0 0 39 39 0 0 0 0 0 0 -2147483648 
-2147483648 0 0 0 0 0 0 0 0 0 0 0 0 0 0 0 1 17 10 5 0 0 0 11 7 0 0 0 0 0 0 4 4 0 2 8 13 17 14 25 70 92 67 41 15 0 0 4 7 7 4 0 0 0 0 4 8 13 7 3 4 3 1 0 0 0 0 0 0 0 1 0 0 0 0 0 0 57 81 50 19 5 0 0 0 0 71 127 67 28 14 8 1 0 0 0 0 0 33 115 133 53 0 0 4 22 9 0 0 2 4 7 6 7 12 10 7 8 8 7 5 4 0 0 0 0 0 0 25 125 160 81 6 0 0 0 2 35 52 26 0 0 0 39 61 35 8 0 0 6 0 0 0 0 0 0 0 0 0 0 1 0 0 0 0 0 0 0 1 4 4 0 0 0 7 4 0 0 2 0 0 0 0 0 0 0 0 6 8 0 0 2 0 17 85 116 69 32 23 19 4 0 0 0 0 0 107 165 86 21 2 4 4 0 0 0 2 2 0 1 4 3 0 0 0 1 4 3 0 1 2 2 2 0 0 0 0 2 2 2 4 2 1 0 0 0 0 40 40 0 0 0 0 0 0 -2147483648 
-2147483648 0 0 0 0 0 0 0 0 0 0 0 0 0 0 0 16 19 5 3 0 0 0 0 11 0 0 0 0 2 1 2 3 0 1 7 12 17 15 27 59 79 74 50 17 1 4 7 8 7 0 0 0 0 1 4 9 12 5 0 7 10 4 0 0 0 0 0 0 0 0 4 0 0 0 0 0 9 60 77 47 15 0 0 0 0 72 127 62 25 9 3 0 0 0 0 0 5 59 133 113 27 0 0 15 15 0 0 0 5 7 8 6 5 11 11 7 7 7 6 4 4 0 0 0 0 0 0 25 130 162 78 17 0 0 0 2 34 43 35 0 0 0 42 70 50 20 1 1 4 0 0 0 0 0 0 0 0 0 0 0 0 0 0 0 0 0 0 1 4 3 0 0 0 7 5 0 0 1 0 0 0 0 0 0 0 0 5 8 1 0 1 0 15 84 118 69 31 22 17 12 0 0 0 0 0 57 155 129 37 6 4 4 0 0 0 1 1 0 1 4 3 0 0 0 1 4 1 0 2 2 1 2 0 0 0 0 1 2 3 3 2 3 0 0 0 0 40 40 0 0 0 0 0 0 -2147483648 
-2147483648 0 0 0 0 0 0 0 0 0 0 0 0 0 0 1 25 12 4 1 0 0 0 0 0 0 0 0 4 6 2 0 1 1 1 4 10 17 18 35 65 78 72 45 16 6 6 5 6 6 0 0 0 0 0 0 4 7 2 0 11 16 8 3 0 0 0 0 0 0 0 5 7 0 0 0 0 0 21 65 67 40 7 0 0 0 78 125 79 38 13 4 0 0 0 0 0 10 92 144 81 11 0 5 11 0 0 0 3 7 8 8 5 4 10 12 8 5 6 6 4 5 1 0 0 0 0 0 19 116 160 89 30 0 0 0 19 56 51 45 6 0 0 47 65 48 24 8 2 0 0 0 0 0 0 0 0 0 0 0 0 0 0 0 0 0 0 0 2 4 1 0 0 0 8 4 0 0 0 0 0 0 1 0 0 0 1 4 7 2 0 0 0 14 82 120 70 30 21 16 16 3 0 0 0 0 0 128 151 66 15 5 5 3 0 1 0 0 1 2 3 1 0 0 0 2 3 0 0 1 1 0 3 1 0 0 0 0 2 3 1 2 4 1 0 0 0 41 41 0 0 0 0 0 0 -2147483648 
-2147483648 0 0 0 0 0 0 0 0 0 0 0 0 0 0 8 20 6 3 0 0 0 0 0 0 0 0 3 6 6 0 0 0 3 2 2 8 14 22 45 78 85 67 38 14 6 3 1 4 7 0 0 0 0 0 0 0 0 0 0 9 19 12 7 5 0 0 0 0 0 0 0 11 5 0 0 0 0 0 18 61 65 20 0 0 0 71 114 104 69 28 9 0 0 0 0 0 20 115 145 60 6 0 6 0 0 0 0 3 7 9 9 4 4 9 11 8 5 7 5 3 6 3 0 0 0 0 0 8 83 152 108 25 0 0 0 23 67 60 49 36 10 14 46 53 35 18 9 0 0 0 0 0 0 0 0 0 0 0 0 0 0 0 0 0 0 0 0 2 3 0 0 0 0 7 5 0 0 0 0 0 0 2 0 0 1 3 3 5 3 0 0 0 13 79 121 73 29 19 16 16 9 0 0 0 0 0 82 156 109 28 7 7 4 0 2 0 0 3 2 1 0 0 0 0 2 1 0 0 0 0 0 3 2 0 1 1 0 1 1 0 0 4 3 0 0 0 42 42 0 0 0 0 0 0 -2147483648 
-2147483648 0 0 0 0 0 0 0 0 0 0 0 0 0 0 4 6 2 0 0 0 0 0 0 0 0 4 4 6 7 0 0 0 3 2 2 8 11 23 51 90 94 61 32 14 2 0 2 7 8 2 0 0 0 0 0 0 0 0 0 3 16 17 10 8 1 0 0 0 0 0 0 11 9 0 0 0 0 0 0 33 52 17 0 0 0 39 89 109 97 59 21 0 0 0 0 0 38 129 133 49 10 1 0 0 0 0 0 1 5 10 11 5 4 8 9 8 7 7 4 2 5 4 0 0 0 0 0 0 45 109 86 1 0 0 0 20 56 56 48 53 46 37 45 39 20 10 7 0 0 0 5 4 0 0 0 0 0 0 0 0 0 0 0 0 0 0 0 2 2 0 0 0 0 5 6 0 0 0 0 0 0 1 0 0 2 4 2 4 4 0 0 0 12 75 120 76 29 17 15 16 12 0 0 0 0 0 12 141 139 53 13 8 4 1 2 0 0 3 3 0 0 0 0 2 2 0 0 1 1 0 0 1 1 0 2 2 0 0 0 0 0 3 3 1 0 0 41 42 0 0 0 0 0 0 -2147483648 
-2147483648 0 0 0 0 0 0 0 0 0 0 0 0 0 0 1 0 0 0 0 0 0 0 0 0 0 3 5 4 7 1 0 0 1 3 2 4 8 22 54 102 103 54 24 13 1 0 6 10 6 1 0 1 0 0 0 0 0 0 0 0 7 22 15 7 6 0 0 0 0 0 0 7 4 0 0 0 0 0 0 1 17 0 0 0 0 6 60 92 109 98 39 0 0 0 0 0 55 140 121 44 10 0 0 0 0 0 0 1 5 8 11 7 5 9 8 7 8 6 3 3 4 3 0 0 0 0 0 0 14 35 27 0 0 0 0 20 44 47 42 50 66 67 48 26 10 6 6 0 0 2 13 12 3 0 0 0 0 0 0 0 0 0 0 0 0 0 0 1 2 0 0 0 0 4 7 1 1 0 0 0 0 0 0 0 1 4 3 4 4 0 0 0 11 69 117 81 32 15 13 15 12 5 0 0 0 0 0 104 160 90 22 7 4 3 3 0 0 1 4 1 0 0 0 1 0 0 1 3 2 0 0 1 1 0 1 1 0 0 0 0 0 1 2 1 2 0 40 42 0 0 0 0 0 0 -2147483648 
-2147483648 0 0 0 0 0 0 0 0 0 0 0 2 0 0 0 1 0 0 0 0 0 0 0 0 0 0 6 2 4 4 0 0 0 3 3 0 4 20 52 102 108 58 22 11 4 3 10 9 2 0 3 4 1 0 0 0 0 0 0 0 0 18 20 10 8 2 0 0 0 0 3 1 0 0 0 0 0 0 0 0 0 0 0 0 0 0 36 69 105 121 65 0 0 0 0 0 71 149 110 40 1 0 0 0 0 0 1 4 6 4 8 8 7 11 8 5 8 7 2 3 4 2 0 0 0 0 0 0 0 0 0 0 0 0 7 27 41 35 31 39 65 82 55 23 10 7 6 0 0 0 10 15 12 4 0 0 0 0 0 0 0 0 0 0 0 0 0 0 1 0 0 0 0 5 8 3 1 0 0 0 0 0 0 0 1 4 3 4 4 0 0 0 10 65 115 85 35 15 12 12 12 12 0 0 0 0 0 40 155 125 42 9 5 4 4 1 0 0 3 3 0 0 1 0 0 0 3 4 1 0 0 2 2 0 0 0 0 0 0 2 0 0 2 0 1 1 41 42 0 0 0 0 0 0 -2147483648 
-2147483648 0 0 0 0 0 0 0 0 0 0 0 1 0 0 0 2 1 0 0 0 0 0 0 0 0 0 4 3 3 4 1 0 0 2 4 0 1 13 36 82 115 83 31 12 8 8 11 6 0 1 4 3 0 3 0 0 0 0 0 0 0 4 21 20 9 3 0 0 0 0 1 0 0 1 0 1 0 0 0 0 0 0 0 0 0 0 14 38 87 134 95 0 0 0 0 1 80 154 103 30 0 0 0 0 1 1 3 6 5 2 5 8 8 11 8 5 8 7 3 2 3 2 0 0 0 0 0 0 0 0 0 0 0 0 15 37 36 23 21 28 49 78 71 36 16 9 5 0 0 0 4 17 17 9 3 0 0 0 0 0 0 0 0 0 0 0 0 0 0 0 0 0 0 4 7 5 0 0 0 0 0 0 0 0 2 2 2 5 4 0 0 0 9 62 115 87 35 16 12 10 12 15 4 0 0 0 0 0 121 160 73 15 7 5 4 2 0 0 1 4 1 0 2 0 0 0 4 3 0 0 0 1 2 0 0 1 0 0 0 1 0 1 0 0 1 1 42 42 0 0 0 0 0 0 -2147483648 
-2147483648 0 0 0 0 0 0 0 0 0 0 0 0 0 0 0 1 3 4 4 0 0 0 0 0 0 0 1 4 5 4 1 0 0 2 4 0 0 7 20 57 104 104 55 22 13 13 10 2 0 3 4 1 1 4 2 0 1 0 0 0 0 0 12 24 15 4 0 0 0 0 0 0 0 2 0 1 1 0 0 0 0 0 0 0 0 0 3 10 55 121 97 0 0 0 0 2 81 154 98 18 0 0 0 1 2 3 5 6 4 2 4 8 8 9 8 7 8 5 4 3 1 1 0 0 0 0 0 0 0 11 13 0 0 0 23 40 26 18 18 21 34 61 76 56 30 14 5 2 0 0 2 15 14 9 4 0 0 0 0 0 0 0 0 0 0 0 0 0 0 0 0 0 0 0 5 5 0 0 0 0 0 4 1 0 1 0 2 6 4 0 0 0 8 58 115 89 34 16 12 10 12 16 10 0 0 0 0 0 63 164 110 31 10 7 4 1 1 0 0 3 2 0 1 1 0 0 3 1 0 0 1 1 1 0 0 2 0 0 0 0 2 1 0 1 4 1 41 41 0 0 0 0 0 0 -2147483648 
-2147483648 0 0 0 0 0 0 0 0 0 0 0 0 0 0 0 1 5 7 5 0 0 0 0 0 0 0 0 5 5 3 1 0 0 0 4 0 0 5 14 33 67 106 91 43 21 17 10 1 1 4 3 1 3 3 1 1 3 0 0 0 0 0 0 18 23 10 0 0 0 0 0 0 0 1 1 1 2 0 0 0 0 0 0 0 0 0 2 0 16 62 61 0 0 0 0 3 80 152 91 11 0 0 3 3 1 4 7 7 4 2 5 7 7 8 8 8 7 4 4 4 1 0 0 0 0 0 0 0 18 59 37 0 0 3 26 33 22 22 16 15 24 42 64 72 52 24 9 4 2 0 3 10 7 7 5 1 0 0 0 0 0 0 0 0 0 0 0 0 0 0 0 3 0 0 4 2 0 0 0 0 1 7 2 0 1 0 2 4 2 0 0 0 8 55 114 92 35 16 11 10 13 15 12 1 0 0 0 0 0 138 152 56 14 8 4 0 2 2 0 1 2 1 0 2 2 0 1 1 0 0 3 1 0 0 0 1 0 0 0 0 1 0 0 3 6 2 40 40 0 0 0 0 0 0 -2147483648 
-2147483648 0 0 0 0 0 0 0 0 0 0 0 0 0 0 0 3 7 9 2 0 0 0 0 0 0 0 0 6 4 1 2 0 0 0 3 2 0 3 11 15 34 83 104 75 43 23 11 4 4 4 1 3 4 1 0 3 4 0 0 0 0 0 0 6 21 17 3 0 0 0 0 0 0 0 3 3 1 1 0 0 0 0 0 0 0 0 7 0 0 15 19 0 0 0 0 4 77 149 87 11 1 2 4 4 1 3 7 8 5 4 6 4 5 8 8 8 6 4 3 3 3 0 0 0 0 0 0 0 49 123 68 0 0 0 22 22 20 26 17 12 20 32 45 54 60 53 26 6 0 0 4 9 7 9 8 4 0 0 0 0 0 0 0 0 0 0 0 0 0 0 0 4 0 0 3 0 0 0 0 0 3 8 2 0 2 3 3 1 0 0 0 0 9 54 113 95 38 16 9 10 14 13 10 7 0 0 0 0 0 98 162 90 26 9 5 1 1 1 0 0 3 3 0 1 1 0 0 3 1 0 3 0 0 2 0 0 0 0 1 1 0 0 0 4 4 1 40 40 0 0 0 0 0 0 -2147483648 
-2147483648 0 0 0 0 0 0 0 0 0 0 0 0 0 0 0 4 9 8 0 0 0 0 0 0 0 0 0 5 3 0 1 0 0 0 1 4 0 1 8 9 15 44 86 106 77 35 14 7 7 4 0 4 4 0 1 4 3 0 0 0 0 0 0 0 11 21 9 0 0 0 0 0 0 0 4 4 1 1 0 0 0 0 0 0 0 0 2 0 0 22 6 0 0 0 0 2 68 148 94 14 5 6 4 4 3 2 5 7 7 7 6 2 3 7 8 8 6 3 1 2 4 0 0 0 0 0 0 3 74 155 94 0 0 0 11 14 13 19 17 17 28 31 25 3 43 97 60 15 1 0 2 9 15 18 12 4 0 0 1 7 0 0 0 0 0 0 0 0 0 0 0 5 3 0 2 0 0 0 0 0 4 7 3 0 1 4 4 0 0 0 0 0 10 51 111 98 42 16 7 10 13 11 8 10 0 0 0 0 0 45 146 135 45 11 6 3 1 0 0 0 4 4 0 0 0 0 0 3 3 0 1 0 2 3 1 0 0 0 2 2 0 0 0 3 1 0 40 40 0 0 0 0 0 0 -2147483648 
-2147483648 0 0 0 0 0 0 0 0 0 0 0 0 0 0 1 6 11 2 0 0 0 0 0 0 0 0 0 4 2 0 0 1 0 0 0 3 2 1 5 7 7 22 62 103 100 59 24 10 8 4 0 4 4 0 3 4 1 0 0 0 0 0 0 0 0 14 13 3 0 0 0 0 0 0 3 4 3 3 0 0 0 0 0 0 0 0 0 0 35 59 21 0 0 0 0 0 55 143 106 22 8 8 5 4 3 3 4 5 7 7 7 4 2 5 8 8 5 1 1 3 3 0 0 0 0 0 0 6 95 164 95 0 0 0 0 1 4 6 7 31 49 29 12 0 5 84 93 49 15 3 1 7 18 24 18 3 0 0 8 11 3 0 0 0 0 0 0 0 0 0 0 5 3 0 3 0 0 0 0 1 3 5 4 0 0 3 3 0 0 0 0 2 9 45 109 102 45 16 6 10 11 9 9 12 5 0 0 0 0 0 116 156 76 20 7 5 3 0 1 1 3 3 0 0 0 0 0 2 4 0 0 2 1 2 3 0 0 0 1 1 0 0 0 1 1 1 40 40 0 0 0 0 0 0 -2147483648 
-2147483648 0 0 0 0 0 0 0 0 0 0 0 0 0 0 3 9 7 0 0 0 0 0 0 0 0 0 0 3 1 0 0 3 0 0 0 2 1 1 5 6 5 16 40 73 109 92 40 14 8 5 1 3 4 1 3 3 0 0 0 0 0 0 0 0 0 0 11 12 0 0 0 0 0 0 1 3 3 4 1 0 0 0 0 0 0 0 0 15 81 79 33 0 0 0 0 0 39 134 122 33 11 9 6 3 2 4 3 4 5 5 8 7 3 4 8 7 4 1 2 3 2 0 0 0 0 0 0 13 109 163 89 0 0 0 0 0 0 3 22 64 60 6 0 0 0 10 108 104 39 13 3 5 12 22 25 9 0 1 10 9 1 0 0 0 0 0 0 0 0 0 0 2 4 1 2 0 0 0 0 1 1 4 4 0 0 1 0 0 0 0 0 4 6 41 109 105 45 16 7 8 9 9 11 12 7 0 0 0 0 0 70 154 119 34 9 7 4 0 2 2 1 2 1 0 0 0 1 3 3 0 0 1 1 3 3 0 0 0 0 1 1 0 0 1 3 1 39 40 0 0 0 0 0 0 -2147483648 
-2147483648 0 0 0 0 0 0 0 0 0 0 0 0 0 0 7 9 0 0 0 0 0 0 0 0 0 0 0 1 0 0 0 4 0 0 0 2 1 0 5 5 4 14 26 47 96 111 65 24 10 7 4 2 3 3 2 1 0 0 0 0 0 3 2 0 0 0 2 10 3 0 0 0 1 0 0 2 2 3 2 2 0 0 0 0 0 0 0 47 107 76 29 0 0 0 0 0 25 119 134 48 14 12 7 2 2 4 3 4 4 4 7 8 4 4 8 5 4 3 1 1 2 0 0 0 0 0 1 28 122 152 79 19 0 0 0 0 0 5 71 116 60 0 0 0 0 0 68 125 77 29 9 5 6 17 26 18 9 7 6 3 0 0 0 0 0 0 0 0 0 0 0 0 5 2 0 0 0 0 0 0 0 4 4 0 0 0 0 0 1 0 2 3 3 39 109 106 45 17 9 5 7 10 11 12 10 3 0 0 0 0 5 134 145 59 15 8 5 1 1 2 1 2 2 0 0 0 2 4 1 0 0 0 3 5 1 0 0 0 0 2 3 1 0 2 3 0 38 40 0 0 0 0 0 0 -2147483648 
-2147483648 0 0 0 0 0 0 0 0 0 0 0 0 0 3 10 3 0 0 0 0 0 0 0 0 0 0 0 0 0 0 0 3 0 0 0 1 3 1 2 3 4 12 19 27 61 111 100 45 16 8 7 3 1 4 3 0 0 0 0 0 6 5 0 0 0 0 0 0 3 0 0 1 2 0 1 3 3 1 1 3 4 0 0 0 0 0 0 51 113 76 25 0 0 0 0 0 9 98 145 68 18 14 9 3 2 5 5 4 4 3 5 7 4 5 7 4 4 3 0 0 1 0 0 0 0 1 8 49 130 133 64 25 0 0 0 0 0 11 115 143 62 0 0 0 0 0 0 98 124 54 19 9 4 11 23 25 18 9 3 1 1 0 0 0 0 0 0 0 0 0 0 0 2 3 0 1 0 0 0 0 0 4 4 0 0 0 0 0 3 2 0 0 3 36 107 109 47 18 10 4 5 9 10 12 13 8 0 0 0 0 0 93 157 98 25 8 7 3 0 2 3 2 1 0 0 0 1 3 1 0 0 1 3 5 0 0 0 0 0 1 3 3 0 0 1 0 39 40 0 0 0 0 0 0 -2147483648 
-2147483648 0 0 0 0 0 0 0 0 0 0 0 0 1 9 7 0 0 0 0 0 0 0 0 0 0 0 0 0 2 0 0 0 1 0 0 0 4 2 0 0 2 9 15 17 34 85 110 78 37 13 9 5 2 4 3 0 0 0 0 0 14 18 8 0 0 0 1 0 1 0 0 2 1 0 3 4 3 0 1 7 8 0 0 0 0 0 0 37 104 84 33 3 0 0 0 0 0 72 147 94 28 15 9 5 4 6 5 4 4 1 4 5 4 7 5 4 4 1 0 1 0 0 0 0 0 2 17 72 134 113 52 25 10 0 0 0 0 0 135 144 62 5 0 0 0 0 0 36 125 90 39 18 8 9 23 27 18 7 2 3 2 0 0 0 0 0 0 0 0 0 0 0 0 5 3 2 0 0 0 0 0 3 4 1 0 0 0 2 4 2 0 0 4 33 104 113 50 17 10 5 4 7 10 12 12 10 0 0 0 0 0 33 144 131 49 13 9 4 0 2 4 3 0 0 0 0 0 1 3 1 0 2 1 2 0 0 0 0 1 0 2 3 0 0 0 0 40 40 0 0 0 0 0 0 -2147483648 
-2147483648 0 0 0 0 0 0 0 0 0 0 0 0 3 9 0 0 0 0 0 0 0 0 0 0 0 0 0 0 1 2 0 0 3 0 0 0 3 3 0 0 1 8 11 13 20 42 88 113 74 25 12 7 5 3 0 0 0 0 0 0 18 46 46 30 16 7 6 6 1 0 0 0 0 1 4 3 0 2 7 11 7 0 0 0 0 0 0 9 87 99 46 10 0 0 0 0 0 35 132 129 44 18 9 7 6 5 4 5 4 1 4 3 4 7 4 4 3 0 0 2 0 0 0 0 0 1 21 86 138 103 45 21 9 0 0 0 0 0 134 150 65 19 0 0 0 0 0 0 74 126 74 31 16 14 24 24 14 5 2 3 0 0 0 0 0 0 0 0 0 0 0 0 1 7 3 0 0 0 0 0 0 1 4 1 0 0 0 3 4 3 0 0 3 30 100 114 53 17 11 7 4 4 9 12 9 11 6 0 0 0 0 0 107 158 84 21 11 5 0 2 4 3 0 0 1 0 0 1 3 2 0 1 0 1 1 2 1 0 0 0 1 0 2 3 0 0 40 40 0 0 0 0 0 0 -2147483648 
-2147483648 0 0 0 0 0 0 0 0 0 0 0 0 3 2 0 0 0 0 0 0 0 0 0 0 0 0 0 0 1 2 0 0 4 0 0 0 0 2 0 0 3 7 6 8 12 17 57 112 106 52 20 10 6 1 0 0 0 0 0 0 6 40 63 57 42 38 30 15 6 0 0 0 0 2 4 2 0 8 16 10 0 0 0 0 0 0 0 0 59 100 62 19 0 0 0 0 0 10 103 146 72 26 12 9 6 4 4 6 4 3 4 1 4 5 4 4 1 1 1 1 0 0 0 0 0 0 22 86 132 100 42 9 0 0 0 0 0 0 117 149 77 31 0 0 0 0 0 0 12 106 104 59 32 26 26 20 9 3 1 0 0 0 0 0 0 0 10 1 0 0 0 0 0 9 3 0 0 0 0 1 0 0 5 0 0 0 0 2 4 3 0 0 3 27 95 112 55 20 13 8 4 2 7 11 8 12 10 0 0 0 0 0 60 157 118 37 14 8 1 1 4 2 0 1 2 0 0 2 1 2 1 0 0 2 2 2 1 0 0 0 0 0 5 6 0 0 40 40 0 0 0 0 0 0 -2147483648 
-2147483648 0 0 0 0 0 0 0 0 0 1 0 0 1 0 0 0 0 0 0 0 0 0 0 0 0 0 0 0 4 0 0 0 3 1 0 0 0 0 3 2 1 4 6 6 8 9 26 77 123 92 34 14 6 0 0 0 0 0 0 0 0 12 31 33 43 66 71 49 24 11 5 0 0 0 4 5 5 14 17 4 0 0 0 0 0 0 0 0 20 86 84 22 0 0 0 0 0 3 66 144 107 36 15 10 6 4 5 6 4 3 3 1 5 4 3 3 1 3 2 0 0 0 0 0 3 3 20 65 105 88 28 0 0 0 0 0 0 10 72 133 105 35 0 0 0 0 2 0 0 35 114 106 61 39 27 16 5 2 0 0 0 0 0 0 0 9 18 1 0 0 0 0 0 11 4 0 0 0 0 1 0 1 6 0 0 0 0 2 4 2 0 3 4 24 91 110 57 23 14 7 4 3 5 9 8 11 11 1 0 0 0 0 3 127 157 64 17 10 4 1 3 2 0 1 1 0 0 2 1 2 2 1 1 1 0 2 1 0 2 0 0 0 5 3 0 0 40 40 0 0 0 0 0 0 -2147483648 
-2147483648 0 0 0 0 0 0 0 0 0 2 0 0 0 0 0 0 0 0 0 0 0 0 0 0 0 0 0 0 5 0 0 0 2 2 0 0 0 1 4 1 0 0 6 7 8 5 7 45 107 114 64 26 5 0 0 0 0 0 0 0 1 3 5 4 19 43 68 73 58 44 28 8 0 0 3 6 11 17 12 0 0 0 0 0 0 0 0 0 0 60 86 17 0 0 0 0 0 2 41 126 128 55 20 11 5 4 7 6 4 2 1 3 7 4 2 2 2 3 0 0 0 0 0 0 10 7 16 39 59 48 6 0 0 0 0 0 0 0 23 85 95 22 0 0 0 25 32 0 0 0 73 128 104 58 29 15 5 1 0 0 0 0 0 0 5 18 19 0 0 0 0 0 6 19 6 0 0 0 0 0 0 2 4 0 0 0 0 2 3 3 0 3 4 21 88 111 60 24 13 6 5 4 4 8 7 9 12 8 0 0 0 0 0 85 164 103 31 12 8 3 0 0 1 1 0 0 1 3 2 2 2 2 2 0 0 1 1 0 1 0 0 3 4 0 0 0 40 40 0 0 0 0 0 0 -2147483648 
-2147483648 0 0 0 0 0 0 0 0 0 1 0 0 0 0 0 0 0 0 0 0 0 0 0 0 0 0 0 0 1 0 0 0 2 3 0 0 0 1 3 0 0 0 2 8 10 3 1 23 63 109 105 44 0 0 0 0 0 0 0 1 4 4 2 1 5 11 24 42 72 93 70 30 5 0 1 1 11 18 10 0 0 0 0 0 0 0 0 0 0 18 51 0 0 0 0 0 4 11 14 79 143 90 29 14 5 5 7 5 5 3 0 4 7 4 3 2 1 1 0 0 0 0 0 15 12 7 11 16 16 13 0 0 0 0 0 0 0 0 3 24 33 5 0 0 7 38 44 16 0 0 0 109 147 87 39 18 6 0 0 0 0 0 0 1 14 22 14 0 0 0 0 0 23 38 16 0 0 0 0 0 0 1 0 0 0 0 1 1 1 4 0 1 3 18 85 115 64 23 12 7 6 4 3 7 6 9 12 11 3 0 0 0 0 33 138 151 56 16 10 4 0 0 2 2 0 0 2 4 2 2 2 1 2 1 1 0 0 0 0 0 0 3 3 0 0 1 40 39 0 0 0 0 0 0 -2147483648 
-2147483648 0 0 0 0 0 0 0 0 0 0 0 0 0 0 0 0 0 0 0 0 0 0 0 0 0 0 0 0 0 0 1 2 3 3 0 0 0 0 1 0 0 1 1 8 9 1 1 13 31 78 109 53 0 0 0 0 0 0 1 3 3 3 3 4 3 1 1 9 44 91 100 67 29 11 3 0 10 15 10 0 0 0 0 0 0 0 0 0 0 0 6 0 0 0 0 0 13 26 1 29 122 118 52 21 9 7 5 4 6 4 1 4 5 3 3 2 1 0 0 0 0 0 0 17 6 5 8 0 0 6 1 0 0 0 0 0 0 0 0 0 0 0 0 0 6 31 45 32 1 0 0 55 142 117 64 27 8 1 0 0 0 0 2 11 20 21 8 0 0 0 0 0 44 60 34 0 0 0 0 0 0 0 0 0 0 0 1 0 1 3 0 1 2 15 81 118 68 23 14 9 5 3 1 5 7 10 11 12 7 0 0 0 0 0 103 165 89 27 11 5 0 0 1 1 0 0 0 4 3 2 2 0 2 2 1 1 0 0 0 0 0 2 2 0 1 3 39 37 0 0 0 0 0 0 -2147483648 
-2147483648 0 0 0 0 0 0 0 0 0 0 0 0 0 0 0 0 0 0 0 0 0 0 0 0 0 0 0 0 0 0 2 8 6 0 0 0 0 0 0 0 0 0 0 8 10 2 2 9 16 33 65 43 0 0 0 0 0 0 2 3 1 1 3 6 2 0 1 4 15 38 86 110 66 26 10 0 7 13 13 4 0 0 0 0 0 0 0 0 0 0 0 0 0 0 0 4 23 34 11 0 58 128 92 34 14 9 5 4 5 3 3 4 3 2 2 2 2 0 0 0 0 0 8 11 1 2 3 0 0 5 0 0 0 0 0 0 0 0 0 0 0 0 0 0 3 21 43 41 19 0 0 0 95 143 100 42 13 0 0 0 0 0 10 17 20 17 5 0 0 0 0 7 55 64 39 0 0 0 0 0 0 0 0 0 0 0 0 2 3 2 0 3 3 12 76 118 71 25 16 10 4 2 0 4 8 9 9 12 10 0 0 0 0 0 59 150 129 44 13 6 3 1 1 1 0 0 0 3 3 2 3 1 1 1 0 2 2 0 0 0 0 2 2 1 3 3 37 36 0 0 0 0 0 0 -2147483648 
-2147483648 0 0 0 0 0 0 0 0 0 0 0 0 0 0 0 0 0 0 0 0 0 0 0 0 0 0 0 0 0 0 3 13 9 0 0 0 0 0 1 0 0 0 0 5 11 7 3 4 8 8 21 18 0 0 0 0 0 4 3 1 0 0 0 3 3 2 2 4 7 7 49 106 96 53 22 3 2 14 19 5 0 0 0 0 0 0 0 0 0 0 0 0 0 0 0 6 28 31 16 0 7 90 112 71 31 15 9 6 4 1 3 4 2 2 3 2 1 0 0 0 0 0 9 3 0 0 0 0 0 0 0 0 0 0 0 0 0 0 0 0 0 0 0 0 0 9 30 37 34 17 0 0 33 125 126 69 23 0 0 0 0 7 17 20 17 10 2 0 0 0 0 12 48 44 21 0 0 0 0 0 0 0 0 0 0 0 0 3 4 3 0 3 3 11 74 118 74 26 14 9 5 3 0 4 7 7 9 12 11 5 0 0 0 0 1 121 148 72 20 7 5 4 3 2 0 0 0 2 1 0 4 3 0 0 1 2 0 0 0 0 0 2 2 3 3 2 37 36 0 0 0 0 0 0 -2147483648 
-2147483648 0 0 0 0 0 0 0 0 0 0 0 0 0 0 0 0 0 0 0 0 0 0 0 0 0 0 0 0 0 0 4 12 9 0 0 0 0 0 2 0 0 0 0 0 7 10 6 2 4 3 5 4 0 0 0 0 0 10 4 0 0 0 0 0 3 4 1 4 6 4 19 60 109 93 41 17 3 11 17 3 1 2 0 0 0 0 0 0 0 0 0 0 0 0 0 0 20 27 20 0 0 8 85 123 76 31 15 9 5 1 2 4 2 2 4 1 0 0 0 0 0 24 13 0 0 0 0 0 0 0 0 0 0 0 0 0 0 0 0 0 0 0 0 0 0 2 9 16 41 47 1 0 0 65 138 109 37 3 0 0 4 14 20 20 13 5 2 2 0 0 0 6 28 18 0 0 0 0 0 0 0 0 0 0 0 0 0 1 4 3 0 2 2 12 73 119 78 26 11 8 6 3 1 5 5 5 10 12 10 7 0 0 0 0 0 76 151 112 33 10 7 6 4 2 0 0 1 2 0 0 3 3 1 1 2 2 0 0 0 0 2 3 3 3 1 2 39 37 0 0 0 0 0 0 -2147483648 
-2147483648 0 0 0 0 0 0 0 0 0 0 0 0 0 0 0 0 0 0 0 0 0 0 0 0 0 0 0 0 0 0 1 8 7 4 0 0 0 0 1 0 0 0 0 0 3 9 9 4 2 1 2 3 0 0 0 0 0 12 7 0 0 0 0 0 1 4 1 3 6 4 7 27 88 114 74 35 12 9 8 4 6 2 0 0 0 0 0 7 0 0 0 0 0 0 0 0 0 21 27 12 0 0 27 106 110 70 37 17 9 4 3 4 2 2 2 0 0 0 0 0 0 14 12 0 0 0 0 0 0 0 4 15 17 12 9 0 0 0 0 0 0 0 0 0 0 0 0 2 33 58 34 0 0 6 105 130 71 19 0 1 12 19 20 15 7 3 5 4 1 0 0 2 11 0 0 0 0 0 0 0 0 0 0 0 0 0 0 0 3 2 0 2 2 11 70 120 82 28 11 8 6 2 3 6 3 4 9 11 10 9 3 0 0 0 0 24 134 139 58 17 9 6 5 3 0 0 3 2 0 0 1 1 2 2 2 2 0 0 0 0 1 3 4 2 0 1 40 39 0 0 0 0 0 0 -2147483648 
-2147483648 0 0 0 0 0 0 0 0 0 0 0 0 0 0 0 0 0 0 0 0 0 0 0 0 0 0 0 0 0 0 0 5 6 6 5 0 0 0 1 0 0 0 0 0 1 6 9 7 3 0 0 1 0 0 0 0 2 12 13 0 0 0 0 0 1 3 2 2 5 5 6 11 40 104 112 57 22 9 7 8 8 5 0 0 0 0 0 15 2 0 0 0 0 0 0 0 0 17 34 21 0 0 0 21 77 95 77 51 28 13 7 5 0 0 0 0 0 0 0 0 0 8 6 0 0 0 0 0 9 22 29 41 39 29 22 0 0 0 0 0 0 0 0 0 0 0 0 0 19 54 50 1 0 0 26 123 130 51 9 5 17 22 18 9 3 3 5 4 3 0 0 2 0 0 0 0 6 0 0 0 0 0 0 0 0 0 1 0 1 3 0 1 1 9 68 122 85 31 13 7 6 3 3 4 3 5 7 9 10 11 7 0 0 0 0 0 96 155 93 26 10 7 7 4 0 0 3 2 1 0 0 1 1 1 2 2 0 0 0 0 0 2 3 2 0 0 40 40 0 0 0 0 0 0 -2147483648 
-2147483648 0 0 0 0 0 0 0 0 0 0 0 0 0 0 0 0 0 0 0 0 0 0 0 0 0 0 0 0 0 0 0 3 6 6 5 0 0 0 2 1 0 0 1 1 0 1 7 8 5 0 0 0 0 0 0 2 2 12 14 0 0 0 0 0 1 1 2 3 4 7 6 3 12 70 112 87 42 10 11 10 6 11 5 0 0 0 0 20 12 0 0 0 0 0 0 0 0 15 33 21 2 0 0 0 8 51 72 70 51 32 25 12 0 0 0 0 0 0 0 0 1 9 3 0 0 0 0 8 42 65 57 41 29 25 21 2 0 0 0 0 0 0 0 0 0 0 0 0 11 42 53 26 0 0 0 78 151 98 33 12 18 21 14 4 1 5 5 4 3 0 0 0 0 0 0 3 16 0 0 0 0 0 0 0 0 0 0 0 0 3 0 1 1 8 67 123 87 32 14 7 5 4 2 1 5 6 4 8 11 11 7 0 0 0 0 0 53 146 125 47 14 9 8 4 0 1 2 1 2 0 0 3 0 0 2 2 0 0 1 0 0 2 1 2 1 0 40 41 0 0 0 0 0 0 -2147483648 
-2147483648 0 0 0 0 0 0 0 0 0 0 0 0 0 0 1 0 0 0 0 0 0 0 0 0 0 0 0 0 0 0 0 1 6 5 4 0 0 0 1 1 0 0 3 1 0 0 5 7 6 0 1 1 0 0 0 2 2 11 11 0 0 0 0 0 0 0 2 5 5 7 4 4 8 27 78 115 72 18 18 12 2 13 10 0 0 0 0 16 18 0 0 0 0 0 0 0 0 2 18 10 1 2 4 0 0 0 16 32 41 35 40 22 0 0 0 0 0 0 1 2 1 9 0 0 0 0 21 46 69 70 47 21 10 14 15 7 3 0 0 0 0 0 0 0 0 0 0 0 4 21 49 45 3 0 0 3 117 145 73 27 21 19 10 3 1 5 7 4 0 0 0 0 0 0 0 15 18 1 0 0 0 0 0 0 0 0 0 0 0 1 0 3 3 8 64 120 89 33 14 9 4 4 3 0 5 5 1 7 11 9 8 5 0 0 0 0 5 111 155 80 23 11 7 4 1 2 2 0 2 1 0 3 0 0 2 2 0 0 0 1 0 1 1 2 2 0 40 42 0 0 0 0 0 0 -2147483648 
-2147483648 0 0 0 0 0 0 0 0 1 2 0 0 0 0 2 0 0 0 0 0 0 0 0 0 0 0 0 0 0 0 0 0 5 3 3 2 0 0 0 0 0 0 3 0 0 0 4 6 5 0 3 3 0 0 2 4 2 8 7 0 0 0 0 0 0 0 1 6 7 5 2 7 8 7 45 107 92 44 34 17 1 9 5 0 0 0 2 10 19 6 0 0 0 0 0 0 0 0 0 0 6 22 18 0 0 0 0 0 12 9 22 23 0 0 0 0 0 8 7 2 2 6 0 0 0 15 69 77 56 38 23 10 4 11 14 8 4 6 3 0 0 0 0 0 0 0 0 0 0 7 40 52 23 0 0 0 56 138 108 56 35 23 9 5 3 4 8 4 0 0 0 0 0 0 1 16 11 0 0 0 0 0 0 0 0 0 0 0 0 0 0 3 3 8 61 117 91 35 14 10 4 3 4 2 4 3 0 5 9 8 10 8 0 0 0 0 0 71 156 116 40 14 7 5 3 1 2 0 2 3 0 1 1 0 0 2 0 0 0 2 0 0 2 2 2 0 40 41 0 0 0 0 0 0 -2147483648 
-2147483648 0 0 0 0 0 0 0 0 0 1 0 0 0 0 1 0 0 0 0 0 0 0 0 0 0 0 0 0 0 0 0 0 3 2 0 4 6 0 0 0 0 0 0 0 0 0 4 7 4 0 4 3 0 0 5 8 4 3 0 0 4 1 0 0 0 0 0 5 8 4 3 6 6 6 20 68 106 84 42 19 5 3 0 0 0 0 3 7 15 9 0 0 0 0 0 0 0 0 0 0 34 30 2 0 0 0 0 0 0 0 0 16 5 0 0 0 1 10 10 5 4 0 0 0 0 61 89 65 33 20 13 7 3 10 14 7 4 6 4 0 0 0 0 0 0 0 0 0 0 2 25 47 34 8 0 0 0 86 129 95 55 33 13 8 6 4 7 4 0 0 0 0 0 4 10 11 4 0 0 0 0 0 0 0 0 0 0 0 0 1 1 1 2 8 56 115 94 35 14 11 4 2 4 5 4 1 0 3 8 9 9 8 4 0 0 0 0 27 130 155 63 17 9 7 4 1 3 0 0 2 1 1 2 0 0 2 0 0 0 1 1 1 1 2 2 0 40 40 0 0 0 0 0 0 -2147483648 
-2147483648 0 0 0 0 0 0 0 0 0 0 0 0 0 0 1 0 0 0 0 0 0 0 0 0 0 0 0 0 0 0 0 0 1 0 0 4 10 1 0 0 0 0 0 0 0 0 3 7 4 1 5 2 0 1 6 9 6 1 0 0 4 1 0 1 1 0 0 5 8 4 3 3 5 6 9 38 96 106 51 20 13 2 0 0 0 2 2 5 14 10 0 0 0 0 0 0 0 0 0 41 75 27 0 0 0 0 0 0 0 0 0 4 6 0 0 0 2 11 12 11 5 0 0 0 51 99 67 33 22 16 7 4 5 11 13 6 5 5 4 3 4 0 0 0 0 0 0 0 0 0 14 32 33 27 4 0 0 31 109 120 85 45 20 13 9 4 6 4 0 0 0 0 0 7 21 11 1 0 0 0 0 0 0 0 0 0 0 0 0 2 2 0 3 8 49 112 96 34 14 12 5 4 4 5 4 0 0 2 7 9 8 8 7 0 0 0 0 0 95 163 95 29 12 8 5 3 3 0 0 0 2 2 1 1 0 0 1 0 0 0 2 2 0 1 2 0 40 41 0 0 0 0 0 0 -2147483648 
-2147483648 0 0 0 0 0 0 0 0 0 0 0 0 0 0 2 0 0 0 0 0 0 0 0 0 0 0 0 0 0 0 0 0 0 0 0 5 8 2 0 0 0 0 0 0 0 0 1 4 4 4 7 3 0 0 3 6 7 6 0 0 0 1 0 0 1 0 0 6 6 3 2 4 7 5 6 18 54 105 83 30 21 9 0 0 0 7 4 2 12 10 0 0 0 0 0 0 0 0 20 80 87 29 0 0 0 0 0 0 0 0 0 0 14 14 0 0 0 10 15 13 0 0 0 6 91 101 44 19 16 12 5 1 5 12 11 8 7 3 4 4 4 0 0 0 0 0 0 0 0 0 5 11 38 56 18 0 0 0 58 130 126 60 27 16 9 5 6 3 0 0 0 0 0 12 27 12 0 0 0 0 0 0 0 0 0 0 0 0 0 1 1 0 3 7 44 110 98 35 15 12 6 6 4 3 4 1 0 2 5 7 8 9 10 2 0 0 0 0 50 145 136 50 16 8 6 4 1 0 0 0 1 1 0 2 0 0 2 0 0 1 1 1 0 0 2 0 40 42 0 0 0 0 0 0 -2147483648 
-2147483648 0 0 0 0 0 0 0 0 0 0 0 0 0 0 1 0 0 0 0 0 0 0 0 0 0 0 0 0 0 1 0 0 0 0 1 6 5 3 2 0 0 0 0 0 0 0 0 0 2 6 9 5 0 0 0 4 8 15 1 0 0 2 0 0 0 0 3 4 2 2 3 5 7 4 4 6 21 80 104 59 31 19 0 0 0 9 10 3 6 7 0 0 0 0 0 0 0 0 42 102 81 28 0 0 0 0 0 0 0 7 7 0 23 39 16 0 0 0 0 3 0 0 0 54 106 71 29 17 13 9 7 1 4 11 9 10 8 3 4 3 4 5 0 0 0 0 0 0 0 0 0 2 64 101 26 0 0 0 10 111 149 86 37 18 9 7 5 1 0 0 0 0 0 24 22 5 0 0 0 0 0 0 0 0 0 0 0 0 0 0 0 1 2 5 40 109 102 38 17 11 4 6 5 1 4 3 1 2 3 5 7 11 13 4 0 0 0 0 0 116 155 80 25 10 6 4 1 1 2 0 0 1 0 1 1 0 0 0 0 2 0 0 1 0 0 1 41 41 0 0 0 0 0 0 -2147483648 
-2147483648 0 0 0 0 0 0 0 0 0 0 0 0 0 0 0 0 0 0 0 0 0 0 0 0 0 0 0 0 0 2 0 0 0 0 1 5 4 5 5 0 0 0 0 0 0 1 0 0 0 5 11 6 0 0 1 3 9 25 2 0 0 1 0 0 0 2 3 2 2 3 2 2 5 4 5 8 13 40 94 93 47 29 9 0 0 13 15 8 0 0 0 0 0 0 0 0 0 0 35 113 91 31 5 0 0 0 0 0 0 25 44 21 25 43 33 0 0 0 0 0 0 0 2 90 91 43 20 15 12 9 7 2 4 10 9 9 7 5 4 1 4 6 0 0 0 0 0 0 0 0 0 18 100 128 30 0 0 0 0 55 152 125 53 24 11 8 4 0 0 0 0 0 9 24 12 0 0 0 0 2 6 0 0 0 0 0 0 0 0 0 0 3 3 3 37 108 105 41 17 9 3 6 5 0 4 4 2 2 2 4 6 11 13 6 0 0 0 0 0 74 156 119 38 14 7 3 3 2 0 0 0 2 0 0 2 0 0 0 1 2 0 0 2 0 0 2 42 40 0 0 0 0 0 0 -2147483648 
-2147483648 0 0 0 0 0 0 0 0 0 0 0 0 0 0 0 0 0 0 0 0 0 0 0 0 0 0 0 0 2 2 0 0 0 0 0 3 4 4 5 0 0 0 0 0 2 0 0 1 0 3 10 6 1 0 1 2 10 29 0 0 0 1 0 0 0 1 1 2 5 5 0 0 5 5 8 19 21 18 60 92 70 45 16 0 0 14 16 9 0 0 0 0 0 0 0 0 0 0 10 92 99 53 18 0 0 0 0 0 0 61 76 36 21 23 22 0 0 0 0 0 0 0 59 101 55 23 17 14 11 10 5 2 5 9 9 8 6 6 4 0 4 5 1 0 0 0 0 0 0 0 0 42 131 129 29 0 0 0 0 0 112 148 86 36 15 9 5 1 0 0 0 0 10 11 0 0 0 0 3 15 9 0 0 0 0 0 0 0 0 0 0 3 4 3 36 107 105 43 17 9 6 5 2 0 4 4 1 1 2 5 7 9 11 9 2 0 0 0 0 14 138 145 62 21 11 3 4 2 0 0 0 1 0 0 1 0 0 0 1 3 0 0 1 0 0 1 41 40 0 0 0 0 0 0 -2147483648 
-2147483648 0 0 0 0 0 0 0 0 0 0 0 0 0 0 0 0 0 0 0 0 0 0 0 0 0 0 0 0 0 1 1 0 0 0 0 1 4 2 3 3 0 0 0 0 3 0 0 3 0 0 6 7 4 0 1 2 7 23 0 0 0 2 0 0 0 0 0 3 6 5 0 0 9 9 10 22 25 10 17 67 100 67 18 0 0 8 18 8 1 0 0 0 0 0 0 0 0 0 0 37 90 89 42 11 0 0 0 0 0 86 80 32 13 7 7 0 0 0 0 0 0 1 88 85 31 12 16 14 9 9 4 2 6 8 8 7 6 6 3 1 5 4 0 0 0 0 0 0 0 0 0 53 142 127 39 0 0 0 0 0 38 142 126 50 21 11 5 1 1 0 0 0 3 0 0 0 0 0 12 13 0 0 0 0 0 0 0 0 0 0 0 0 5 5 34 105 104 45 19 10 8 3 0 1 3 4 1 0 2 6 7 7 11 11 6 0 0 0 0 0 99 162 98 31 16 6 4 1 0 0 0 0 0 0 0 0 0 0 0 3 0 0 0 0 3 0 39 40 0 0 0 0 0 0 -2147483648 
-2147483648 0 0 0 0 0 0 0 0 0 0 0 3 0 0 0 0 0 0 0 0 0 0 0 0 0 0 0 0 0 0 3 0 0 0 0 1 4 3 1 1 0 0 0 0 5 1 0 0 0 0 2 8 3 0 3 2 4 13 0 0 0 3 1 0 0 0 0 4 6 3 0 1 11 14 12 10 13 7 0 42 106 89 31 11 4 5 17 10 5 0 0 0 0 0 0 0 0 0 0 0 55 92 71 37 11 0 0 0 0 92 79 28 6 3 4 0 0 0 0 0 0 46 99 58 19 10 15 12 8 9 4 0 5 10 9 5 6 5 2 3 6 4 0 0 0 0 0 0 0 0 0 52 138 128 52 0 0 0 0 0 5 107 129 66 29 13 2 0 3 4 0 1 0 0 0 0 0 10 14 0 0 0 0 0 0 0 0 0 0 0 0 0 5 7 31 101 105 48 20 10 8 2 0 3 2 3 3 1 1 5 6 6 11 12 9 0 0 0 0 0 44 153 131 55 23 10 5 0 0 0 0 0 0 0 0 0 0 0 0 1 0 0 0 0 3 0 38 40 0 0 0 0 0 0 -2147483648 
-2147483648 0 0 0 0 0 0 0 0 0 0 0 2 0 0 0 0 0 0 0 0 0 0 0 0 0 0 0 0 0 0 2 0 0 0 0 1 3 4 2 0 0 1 0 0 6 3 0 1 0 0 0 7 3 0 3 3 5 5 0 0 1 4 0 0 2 0 0 1 4 2 0 3 8 13 11 0 2 9 0 17 75 106 64 23 17 5 9 15 9 5 0 0 0 0 0 0 0 0 0 0 8 51 89 77 33 0 0 0 0 82 97 43 9 2 4 0 0 0 0 0 0 74 99 42 15 11 11 8 9 11 3 0 4 12 9 5 7 4 2 4 6 4 0 0 0 0 0 0 0 0 0 40 130 136 60 0 0 0 0 0 3 42 102 100 46 17 2 0 4 7 3 3 0 0 0 0 2 12 0 0 0 0 0 6 0 0 0 0 0 0 0 0 2 7 29 97 109 51 19 10 8 3 0 3 2 2 4 2 0 3 6 7 9 12 11 2 0 0 0 0 0 119 164 89 33 14 7 0 0 0 0 0 0 0 0 0 0 0 0 0 0 0 0 0 1 0 39 40 0 0 0 0 0 0 -2147483648 
-2147483648 0 0 0 0 0 0 0 0 0 0 0 0 0 0 0 0 0 0 0 0 0 0 0 0 0 0 0 0 0 1 3 0 0 0 0 0 1 3 6 1 0 0 3 0 5 1 0 6 1 0 0 4 3 1 2 4 6 1 0 0 2 2 0 0 4 2 0 0 3 2 2 5 5 6 4 0 2 9 4 8 41 92 89 48 26 7 4 16 15 9 0 0 0 2 0 0 0 0 0 0 0 8 64 90 61 0 0 0 0 57 94 72 38 12 6 0 0 0 0 0 7 88 78 29 15 12 7 6 10 11 2 0 3 12 9 7 8 4 1 4 6 4 1 0 0 0 0 0 0 0 0 28 112 138 72 0 0 0 0 11 5 0 55 119 87 35 9 4 6 8 4 1 0 0 0 7 11 0 0 0 0 0 1 11 16 0 0 0 0 0 0 0 0 5 28 95 111 52 19 11 8 4 0 1 2 3 4 2 1 3 5 7 8 11 11 6 0 0 0 0 0 75 169 122 51 21 10 3 0 0 0 0 0 0 0 0 0 0 0 0 0 0 0 0 0 0 40 40 0 0 0 0 0 0 -2147483648 
-2147483648 0 0 0 0 0 0 0 0 0 0 0 0 0 0 0 0 0 0 0 0 0 0 0 0 0 0 0 0 0 0 4 2 0 1 0 0 0 3 8 5 0 0 6 0 2 0 0 6 0 0 0 2 2 2 3 4 4 1 3 2 2 0 0 0 1 1 0 0 4 3 2 4 4 5 2 0 3 5 5 11 20 52 95 82 36 17 4 9 18 11 5 0 0 0 0 0 1 0 0 0 0 0 10 57 66 0 0 0 0 31 58 95 88 36 10 0 0 0 0 0 30 89 57 20 14 12 7 6 8 9 3 0 2 11 10 8 7 4 1 4 5 3 2 1 0 0 0 0 0 0 0 12 64 104 67 0 0 0 16 38 16 0 0 90 132 65 19 11 10 8 4 0 0 0 0 9 4 0 0 0 0 0 1 12 23 0 0 0 0 0 0 0 0 4 27 93 109 53 22 12 7 4 1 0 3 5 4 2 1 3 4 6 8 9 10 10 3 0 0 0 0 17 143 162 77 31 14 4 0 0 0 0 0 0 0 0 0 0 0 0 0 0 0 0 0 0 39 39 0 0 0 0 0 0 -2147483648 
-2147483648 0 0 0 0 0 0 0 0 0 0 0 0 0 0 0 0 0 0 0 0 0 0 0 0 0 0 0 0 0 0 2 4 0 0 0 0 0 6 7 5 0 0 4 0 0 0 0 4 0 0 0 2 2 2 4 5 3 3 4 2 1 0 0 0 0 0 2 3 3 4 2 2 6 10 4 0 0 2 6 11 9 23 76 99 65 31 5 3 12 12 10 4 0 0 0 0 1 4 0 0 0 0 0 10 27 0 0 0 0 17 30 81 112 69 22 0 0 0 0 0 42 87 44 16 15 12 8 6 5 7 4 0 2 9 10 8 6 4 2 3 4 2 1 3 0 0 0 0 0 0 0 0 15 39 27 0 0 0 26 36 24 10 0 38 119 96 44 21 13 9 5 1 3 5 8 1 0 0 0 0 0 0 0 11 27 11 0 0 0 0 0 0 0 4 25 89 108 57 24 11 5 4 3 0 4 6 3 2 2 2 3 6 8 8 11 12 6 0 0 0 0 0 120 179 96 44 22 7 2 0 0 0 0 0 0 0 0 0 0 0 0 0 0 0 0 1 38 37 0 0 0 0 0 0 -2147483648 
-2147483648 0 0 0 0 0 0 0 0 0 0 0 0 1 0 0 0 0 0 0 0 0 0 0 0 0 0 0 0 0 0 0 3 2 0 0 0 0 7 4 4 5 3 1 0 0 0 0 3 0 0 0 2 10 13 6 6 2 0 0 0 0 0 0 0 0 0 3 2 4 5 1 2 6 7 3 0 0 4 8 8 6 10 34 91 106 48 11 5 2 12 15 6 3 0 0 0 0 3 5 0 0 0 0 0 0 0 0 0 0 8 12 40 105 102 38 0 0 0 0 0 50 90 40 15 15 12 8 6 5 5 3 0 2 8 10 8 6 3 2 2 3 3 1 3 0 0 0 0 0 0 0 0 0 2 0 0 0 2 9 12 20 33 11 0 63 122 85 34 16 11 6 3 5 8 7 0 0 0 0 0 0 0 0 14 27 7 0 0 0 0 0 0 0 2 21 85 110 60 23 10 4 5 4 0 4 5 2 3 4 3 2 5 8 8 12 12 7 0 0 0 0 0 97 143 91 48 26 11 5 1 0 0 0 0 0 0 0 0 0 0 0 0 0 0 3 8 35 30 0 0 0 0 0 0 -2147483648 
-2147483648 0 0 0 0 0 0 0 0 0 0 0 0 0 0 0 1 1 0 0 0 0 0 0 0 0 0 0 0 0 0 0 0 0 0 0 0 0 4 1 4 7 4 1 0 0 0 0 0 0 0 0 3 24 34 10 0 0 0 0 0 0 0 0 0 0 1 3 0 4 5 1 2 2 1 2 0 0 6 7 6 7 7 8 58 107 76 34 14 2 8 16 9 5 0 0 0 0 2 10 6 0 0 0 0 0 0 0 0 0 2 0 10 86 115 53 0 0 0 0 0 61 92 39 17 14 11 7 6 6 4 2 0 3 8 9 8 5 2 3 2 1 4 3 1 1 0 0 0 0 0 0 0 0 0 0 0 0 0 0 0 7 31 34 2 24 96 109 63 26 14 7 5 6 7 0 0 0 0 0 0 0 0 3 23 25 1 1 0 0 0 0 0 0 0 16 82 112 62 22 10 5 6 4 1 3 4 3 3 2 3 3 6 8 8 12 11 9 4 0 0 0 0 63 79 55 28 14 8 4 1 0 0 0 0 0 0 0 0 0 0 0 0 0 1 11 18 26 17 0 0 0 0 0 0 -2147483648 
-2147483648 0 0 0 0 0 0 0 0 0 0 0 0 0 0 0 2 2 0 0 0 0 0 0 0 0 0 0 0 0 0 2 0 0 0 0 0 0 1 0 4 5 4 3 0 0 0 0 0 0 0 0 4 24 32 6 0 0 0 0 0 0 0 0 0 0 1 4 2 1 2 1 1 2 3 2 0 0 5 7 6 7 8 2 16 71 107 71 24 10 0 10 17 8 0 0 0 0 3 6 5 0 0 0 0 0 0 0 1 0 3 0 0 54 99 59 0 0 0 0 0 71 96 40 18 14 9 5 6 5 4 3 0 4 8 8 8 5 3 3 1 0 4 4 0 2 0 0 0 0 0 0 0 8 19 0 0 0 0 0 0 0 15 43 36 1 22 109 111 42 18 10 7 6 6 2 0 0 0 0 0 0 1 11 27 19 1 8 7 0 0 0 0 0 0 12 77 112 66 23 11 7 6 3 1 2 4 3 1 2 3 3 8 9 9 11 10 11 8 0 0 0 0 26 34 20 7 2 2 1 0 0 0 0 0 0 0 0 0 0 0 0 1 4 9 15 16 16 9 0 0 0 0 0 0 -2147483648 
-2147483648 0 0 0 0 0 0 0 0 0 0 0 0 0 0 0 2 1 0 0 0 0 0 0 0 0 0 0 0 0 0 0 0 0 0 0 0 0 0 0 4 4 4 5 1 0 0 0 0 0 0 0 4 13 9 0 0 3 1 0 0 0 1 2 0 0 0 3 4 1 0 0 0 5 5 1 0 0 3 8 5 5 8 0 0 38 100 99 47 19 1 3 18 14 0 0 0 0 5 5 4 1 0 0 0 0 0 0 0 0 2 0 0 25 58 36 0 0 0 0 0 73 104 46 19 14 8 4 6 5 4 3 1 4 8 9 7 6 4 1 0 1 4 3 0 1 0 0 0 0 0 0 0 31 72 9 0 0 0 0 0 0 8 44 52 0 0 72 127 75 30 15 10 8 6 6 0 0 0 0 0 0 4 20 24 8 7 12 7 0 0 0 0 0 0 7 71 110 69 25 12 8 6 1 0 2 3 2 0 4 5 3 8 11 10 9 11 12 10 3 0 0 0 9 14 6 1 0 0 0 0 0 0 0 0 0 0 0 0 0 0 0 5 13 15 9 4 11 9 0 0 0 0 0 0 -2147483648 
-2147483648 0 0 0 0 0 0 0 0 0 0 0 0 0 0 1 2 0 0 0 0 0 0 0 0 0 0 0 0 0 0 0 2 0 0 2 2 0 0 0 4 4 4 6 4 0 0 0 0 0 0 0 3 4 0 0 5 7 4 3 2 0 0 3 0 0 0 1 4 3 0 0 0 4 3 2 2 0 2 7 3 5 8 0 0 13 58 111 86 30 12 0 7 16 0 0 0 2 7 6 3 0 0 0 0 0 0 0 0 0 0 0 0 5 19 10 0 0 0 0 0 70 111 50 20 14 7 4 7 7 4 1 3 5 8 10 5 4 3 1 1 2 4 2 0 0 0 0 0 0 0 0 9 71 119 20 0 0 0 0 0 0 3 36 53 14 0 2 97 123 57 24 14 10 6 6 5 0 0 0 0 4 10 21 17 4 12 13 1 0 0 0 0 0 0 0 66 108 70 26 11 8 5 0 1 2 3 3 0 2 4 6 10 11 10 9 11 12 11 6 0 0 1 5 3 1 0 0 0 0 0 0 0 0 0 0 0 0 0 0 0 2 10 14 9 1 0 12 13 0 0 0 0 0 0 -2147483648 
-2147483648 0 0 0 0 0 0 0 0 0 0 0 0 0 0 2 1 0 0 0 0 0 0 0 0 0 0 0 0 0 0 2 1 0 0 3 2 0 0 0 2 4 4 6 3 0 0 0 0 0 0 1 1 0 0 0 5 6 5 4 0 1 2 1 1 0 0 0 4 6 1 0 0 0 2 5 2 0 2 6 2 5 7 0 0 2 27 91 107 56 26 7 0 6 0 0 0 6 8 5 1 0 0 0 0 0 0 0 0 0 0 0 0 0 9 7 0 0 0 0 0 67 110 51 20 13 6 5 7 6 5 2 3 6 8 8 4 2 1 2 3 2 4 4 1 0 0 0 0 0 0 0 20 109 138 18 0 0 0 0 0 0 0 22 44 34 2 0 35 117 98 52 23 12 8 7 7 2 0 0 0 6 17 15 9 10 14 9 0 0 0 0 0 0 0 0 60 107 70 27 11 8 5 1 1 2 4 4 0 0 3 9 11 9 11 11 9 12 12 5 0 0 2 2 0 0 0 0 0 0 0 0 0 0 0 0 0 0 0 0 0 9 9 3 0 0 0 17 19 0 0 0 0 0 0 -2147483648 
-2147483648 0 0 0 0 0 0 0 0 0 0 0 0 0 0 1 0 0 0 0 0 0 0 0 0 0 0 0 0 0 0 3 0 0 0 2 3 0 0 0 0 3 4 6 2 2 0 0 0 0 0 0 1 0 0 0 2 5 6 5 0 2 3 0 3 2 0 0 3 6 2 0 0 0 1 5 3 0 2 7 3 2 4 0 0 3 10 46 105 95 43 21 5 0 0 4 7 8 7 3 0 0 0 0 0 0 0 0 0 0 0 0 8 24 25 11 0 0 0 0 0 65 117 56 22 13 6 6 5 3 6 5 2 5 7 5 5 3 0 1 4 3 5 6 1 0 0 0 0 0 0 0 28 126 142 36 0 0 0 0 0 0 0 15 37 47 28 0 0 55 135 99 39 17 11 8 6 6 0 0 0 8 17 11 9 14 11 0 0 0 0 0 0 0 0 0 53 105 71 29 14 8 5 2 0 1 3 4 1 0 6 10 9 8 11 12 9 11 11 4 0 0 2 2 0 0 0 0 0 0 0 0 0 0 0 0 0 0 0 0 0 6 1 0 0 0 0 23 25 0 0 0 0 0 0 -2147483648 
-2147483648 0 0 0 0 0 0 0 0 0 0 0 0 0 0 1 0 0 0 0 0 0 0 0 0 0 0 0 0 0 0 0 0 0 0 3 4 0 0 0 0 0 2 5 3 6 1 0 0 0 0 0 3 3 0 0 2 3 3 5 4 3 3 1 3 1 0 0 3 3 0 0 0 0 2 6 4 0 6 8 0 0 0 0 0 5 0 17 81 110 70 37 16 0 0 6 12 8 4 1 0 0 0 0 0 0 0 0 0 0 0 0 52 80 49 12 0 0 0 0 0 54 123 67 27 16 6 5 4 3 6 5 3 4 5 4 6 4 0 0 3 4 7 5 0 0 0 0 0 0 0 0 35 132 140 53 0 0 0 0 0 0 1 42 67 46 18 0 0 0 107 129 74 30 15 10 8 8 1 0 0 9 10 10 14 12 5 0 0 0 0 2 0 0 0 0 48 103 74 30 16 9 4 2 0 0 2 3 3 5 8 8 8 9 9 12 11 10 9 3 0 0 2 2 0 0 0 0 0 0 0 0 0 0 0 0 0 0 0 0 0 0 0 0 0 0 0 28 32 0 0 0 0 0 0 -2147483648 
-2147483648 0 0 0 0 0 0 0 0 0 0 0 0 0 0 2 0 0 0 0 0 0 0 0 0 0 0 0 0 0 0 0 0 0 0 4 3 0 0 0 0 0 0 2 6 10 3 0 0 0 0 0 3 2 0 0 6 2 0 3 6 4 6 4 1 1 0 3 5 2 0 0 0 0 5 9 3 2 15 11 0 0 0 0 1 5 0 6 41 97 102 55 28 14 0 1 13 7 0 0 0 0 0 0 0 0 0 0 0 0 0 5 88 110 55 13 0 0 0 0 0 34 118 79 32 18 7 4 4 4 6 4 3 4 5 4 4 3 0 0 2 5 7 3 0 0 0 0 0 0 0 0 42 137 136 54 2 0 0 0 0 0 25 101 105 25 0 0 0 0 21 128 128 54 22 14 11 8 7 0 0 3 5 11 14 7 0 0 0 0 6 0 0 0 0 0 46 103 77 30 15 10 5 2 1 1 1 1 4 8 8 6 8 11 9 11 12 11 7 1 0 0 1 1 0 1 1 0 0 0 0 0 0 0 0 0 0 0 0 0 0 0 0 0 0 0 0 31 33 0 0 0 0 0 0 -2147483648 
-2147483648 0 0 0 0 0 0 0 0 0 0 0 0 0 1 0 0 0 0 0 1 0 0 0 0 0 0 0 0 0 0 0 0 0 0 3 0 0 4 0 0 0 0 0 7 13 6 0 0 0 0 0 1 0 0 1 7 2 0 1 5 5 9 8 0 1 2 5 5 0 0 0 0 0 5 8 0 2 18 15 0 0 0 0 3 3 0 5 19 67 102 78 50 31 6 0 8 4 0 0 0 0 0 0 0 0 0 0 0 0 0 7 98 112 51 14 0 0 0 0 0 14 111 91 37 18 9 5 5 4 5 4 1 4 6 4 2 1 0 0 3 7 5 1 0 0 0 0 0 0 1 1 63 149 120 46 13 0 0 0 0 0 62 146 111 15 0 0 0 0 0 80 147 93 40 20 13 10 12 7 0 0 4 12 9 0 0 0 0 5 0 0 0 0 0 0 47 104 78 31 14 10 6 1 2 2 0 1 4 7 8 7 8 12 11 9 12 12 5 0 0 0 0 0 0 2 2 0 0 0 0 0 0 0 0 0 0 0 0 0 0 0 0 0 0 4 15 29 23 0 0 0 0 0 0 -2147483648 
-2147483648 0 0 0 0 0 0 0 0 0 0 0 0 1 5 2 0 0 0 0 2 0 0 0 0 0 0 0 0 0 0 0 0 0 0 1 0 0 5 2 0 0 0 0 6 14 8 0 0 0 0 0 0 0 0 2 5 2 0 0 3 7 10 10 1 0 0 4 4 0 0 0 0 0 5 5 0 0 11 13 0 0 0 0 3 3 5 11 14 29 69 103 85 40 14 6 4 0 0 0 0 0 0 0 0 0 0 0 0 0 0 0 89 120 58 16 0 0 0 0 0 0 98 109 44 19 10 7 6 4 4 3 1 4 5 4 2 0 0 1 5 7 3 0 0 0 0 0 0 1 3 11 90 153 96 34 12 0 0 0 0 0 83 156 105 29 0 0 0 0 0 0 115 138 72 31 16 14 15 11 3 0 4 9 2 0 0 0 4 6 0 0 0 0 0 0 46 104 81 32 14 10 6 1 1 1 1 3 3 5 8 8 8 12 12 9 12 11 4 0 0 0 0 0 0 2 2 0 0 0 0 0 0 0 0 0 0 0 0 0 0 0 0 0 1 13 20 20 13 0 0 0 0 0 0 -2147483648 
-2147483648 0 0 0 0 0 0 0 0 0 0 0 0 0 8 8 0 0 1 0 1 0 0 0 0 0 0 0 0 0 0 0 0 0 0 0 0 0 2 2 0 0 0 0 5 13 8 0 0 0 0 0 0 0 0 1 3 2 1 0 2 8 9 7 2 0 0 1 3 0 0 0 0 0 3 4 1 0 4 9 1 0 0 0 4 4 7 13 12 13 38 96 110 55 19 14 8 0 0 0 0 0 0 0 0 3 13 0 0 0 0 0 60 118 77 24 0 0 0 0 0 0 70 120 62 24 11 8 5 4 5 2 2 4 4 3 1 0 0 3 6 5 2 0 0 0 0 0 0 3 7 27 110 144 74 25 10 0 0 0 0 0 91 154 101 39 0 0 0 0 0 0 49 128 106 61 29 20 17 12 5 3 4 3 0 0 0 0 10 0 0 0 0 0 0 0 21 92 81 31 14 9 6 3 0 0 3 4 1 4 8 9 9 11 11 10 12 10 4 0 0 0 0 0 0 2 2 0 0 0 0 0 0 0 0 0 0 0 0 0 0 0 0 13 15 12 10 13 10 0 0 0 0 0 0 -2147483648 
-2147483648 0 0 0 0 0 0 0 0 0 0 0 0 0 5 5 0 0 1 0 0 0 0 0 0 0 0 0 0 0 0 0 0 0 0 0 1 0 0 2 0 0 0 0 2 10 11 4 0 0 0 0 0 0 0 0 1 1 2 3 2 8 6 2 2 0 1 2 1 0 0 0 0 0 0 3 4 0 2 6 1 0 0 0 9 5 3 10 13 15 23 60 111 84 29 19 14 2 0 0 0 0 0 0 0 8 16 5 0 0 0 0 12 102 104 37 5 0 0 0 0 0 31 129 89 31 14 9 4 4 7 3 1 3 3 2 0 0 1 3 5 4 2 0 0 0 0 0 0 6 15 37 112 133 59 7 0 0 0 0 0 0 83 154 106 42 7 0 0 0 0 0 0 62 126 110 56 30 19 12 7 7 4 0 0 0 0 8 5 0 0 0 0 30 9 0 0 63 73 29 12 7 7 3 0 1 3 3 1 5 8 10 11 10 10 10 11 10 4 0 1 1 0 0 0 1 1 0 0 0 0 0 0 0 2 0 0 0 0 0 0 0 12 19 15 6 3 9 7 0 0 0 0 0 0 -2147483648 
-2147483648 0 0 0 0 0 0 0 0 0 0 0 0 0 0 0 0 0 0 0 0 0 0 0 0 0 0 0 0 0 0 0 0 0 0 0 2 0 1 2 0 0 0 0 0 7 15 10 0 0 0 0 0 0 0 0 1 0 0 4 4 7 3 0 1 0 1 3 0 0 1 2 0 0 0 0 2 1 2 2 0 0 0 0 12 6 0 8 16 17 20 38 91 99 48 23 17 6 0 0 1 0 0 0 4 16 16 7 0 0 0 0 0 78 116 60 17 0 0 0 0 0 0 117 116 49 20 12 6 5 7 4 1 1 2 2 0 1 3 2 4 4 1 0 0 0 0 0 0 8 20 40 90 100 26 0 0 0 0 0 0 0 58 134 117 54 3 0 0 0 0 0 0 5 93 131 98 52 26 15 9 8 5 0 0 0 6 10 0 0 0 0 53 43 0 0 0 28 53 23 8 5 7 1 0 3 2 1 3 7 8 9 11 11 11 10 10 10 4 0 2 2 0 0 0 0 0 0 0 0 0 0 1 0 0 0 0 0 0 0 3 10 21 18 10 4 1 3 2 0 0 0 0 0 0 -2147483648 
-2147483648 0 0 0 0 0 0 0 0 0 0 0 0 0 0 0 0 0 0 1 0 0 0 0 0 0 0 0 0 0 0 0 0 0 0 1 2 0 2 2 1 0 0 0 0 6 15 11 1 0 0 0 2 0 0 10 6 0 0 2 8 6 0 0 0 0 0 3 2 0 1 2 0 0 0 0 0 3 1 0 0 0 0 2 12 4 1 10 17 16 18 34 73 98 63 27 19 9 0 0 0 0 0 0 8 18 13 3 0 0 0 0 0 40 111 93 32 0 0 0 0 0 0 68 145 81 28 15 10 7 5 3 2 1 2 0 0 4 4 2 4 4 0 0 0 0 0 0 3 6 16 31 51 41 0 0 0 0 0 0 0 0 21 75 97 55 0 0 0 0 0 0 0 0 23 108 143 87 38 21 13 9 6 0 0 0 10 6 0 0 0 29 52 4 0 0 0 0 23 12 5 3 5 1 0 3 2 0 4 8 8 8 10 12 11 10 11 9 4 1 2 2 0 0 0 0 0 0 0 0 0 0 4 0 0 0 0 0 0 6 8 7 15 14 8 4 2 5 4 0 0 0 0 0 0 -2147483648 
-2147483648 0 0 0 0 0 0 0 0 0 0 0 0 0 0 0 0 0 0 1 0 0 0 0 0 0 0 0 0 0 0 0 0 0 0 2 2 1 2 1 2 0 0 0 0 6 12 9 5 1 0 0 0 0 0 20 15 0 0 0 9 6 0 0 0 0 0 4 5 1 2 1 0 0 0 0 0 4 0 0 0 1 0 0 10 5 4 12 14 10 14 37 79 99 60 28 21 9 0 0 0 0 0 1 12 14 7 0 0 0 0 0 0 0 85 110 54 2 0 0 0 0 0 20 134 113 47 19 12 8 5 2 2 2 0 0 3 8 4 1 3 3 0 0 0 0 0 0 11 3 7 17 22 0 0 0 0 0 0 0 0 0 0 18 36 23 0 0 0 14 7 0 0 0 0 58 137 121 65 31 20 13 7 0 0 2 9 0 0 0 4 32 1 0 0 7 37 18 4 0 2 2 4 2 0 1 1 0 4 7 8 9 10 12 10 10 12 8 4 2 2 2 0 0 0 0 0 0 0 0 0 0 0 0 0 0 0 5 12 9 6 2 4 5 2 2 3 14 13 0 0 0 0 0 0 -2147483648 
-2147483648 0 0 0 0 0 0 0 0 0 0 0 0 0 0 0 0 0 0 0 0 0 0 0 0 0 0 0 0 0 0 0 0 0 0 0 1 3 1 0 2 0 0 0 0 5 8 9 10 1 0 1 0 0 0 18 18 0 0 0 7 7 3 0 0 0 0 3 5 2 4 0 0 0 1 0 0 3 0 0 1 2 0 0 7 11 8 10 12 7 16 52 92 88 48 29 21 7 0 0 0 0 0 5 12 10 1 0 0 1 0 0 0 0 43 108 81 5 0 0 0 0 0 0 72 134 82 26 12 9 6 3 3 0 0 2 7 9 3 0 1 0 0 0 0 0 0 9 16 1 0 10 14 0 0 0 0 0 0 0 0 0 0 0 0 0 0 2 16 33 21 3 0 0 0 0 89 144 105 46 26 17 9 3 0 4 6 0 0 0 11 6 0 0 0 0 68 71 6 0 0 2 3 2 1 0 0 0 3 5 8 11 10 12 11 9 12 9 3 1 2 3 1 0 0 0 0 0 0 0 0 0 0 0 0 0 5 14 14 5 3 3 1 0 0 0 0 17 19 0 0 0 0 0 0 -2147483648 
-2147483648 0 0 0 0 0 0 0 0 0 0 0 0 0 0 0 0 0 0 0 0 1 0 0 0 0 0 0 0 0 0 0 0 0 0 0 0 2 0 0 3 3 0 0 0 4 6 9 11 1 0 1 1 0 0 12 12 0 0 2 6 7 6 0 0 0 0 0 3 0 2 1 0 2 3 0 0 2 0 0 0 3 0 0 7 11 9 8 13 12 29 78 97 63 35 28 17 5 0 0 0 0 4 8 8 4 0 0 0 10 0 0 0 0 7 77 83 8 0 0 0 0 0 0 11 100 112 55 22 12 6 5 3 0 1 9 8 6 0 0 0 0 0 0 0 0 0 12 14 0 0 5 9 4 0 0 0 0 0 0 0 0 0 0 0 0 0 0 7 28 27 9 9 0 0 0 39 129 130 73 35 19 12 9 3 4 4 0 0 0 0 0 0 0 0 0 47 88 26 0 0 1 2 3 2 0 1 0 1 4 7 11 11 13 12 8 12 10 2 0 2 5 2 0 0 0 0 0 0 0 0 0 0 0 0 9 16 12 7 1 1 3 3 1 0 0 0 15 17 0 0 0 0 0 0 -2147483648 
-2147483648 0 0 0 0 0 0 0 0 0 0 0 0 0 0 0 0 0 0 0 1 0 0 0 0 0 0 0 0 0 0 0 0 0 0 0 0 0 0 0 4 4 0 0 0 4 6 5 8 4 2 0 1 0 0 8 7 0 0 3 3 2 6 6 0 0 0 0 0 0 0 2 0 1 4 0 0 4 3 0 0 3 0 1 6 6 7 8 13 20 55 99 87 45 27 22 11 5 3 0 0 0 6 9 3 0 0 0 0 15 8 0 0 0 0 18 48 13 0 0 0 0 1 0 0 14 108 114 52 20 9 6 1 0 6 11 7 2 0 0 0 0 0 0 0 0 5 10 8 0 0 0 3 1 0 0 0 0 0 0 0 0 0 0 0 0 0 0 2 14 21 12 12 15 0 0 0 82 141 111 51 24 17 13 4 4 4 0 0 0 0 0 0 0 0 0 4 65 43 0 0 1 2 4 2 0 2 1 1 3 5 9 12 14 11 9 12 10 3 0 1 5 3 1 0 0 0 0 0 0 0 0 0 0 5 16 13 5 3 0 0 1 3 2 0 0 2 15 14 0 0 0 0 0 0 -2147483648 
-2147483648 0 0 0 0 0 0 0 0 0 0 0 0 0 0 0 0 0 0 0 2 0 0 0 0 0 0 0 0 0 0 0 1 0 0 0 0 0 0 0 3 4 0 0 0 3 5 1 5 5 3 1 2 0 0 5 4 0 0 0 0 0 4 14 11 0 0 0 0 0 0 2 0 0 3 0 0 7 4 0 0 2 1 2 1 3 8 9 8 21 78 112 75 40 27 15 6 7 6 0 0 0 6 6 0 0 0 0 4 19 15 0 0 0 0 0 6 2 0 0 0 0 0 8 0 0 44 111 93 61 28 11 3 3 7 7 4 0 0 0 0 0 0 0 0 0 15 5 0 0 0 0 0 0 0 0 0 0 0 0 0 0 0 0 0 0 0 0 0 3 7 5 11 27 19 0 0 32 120 134 81 38 24 15 5 5 4 0 0 0 0 0 0 0 0 0 0 41 33 0 0 2 2 5 3 0 1 3 3 1 4 8 11 13 10 10 12 10 5 0 0 3 5 3 0 0 0 0 0 0 0 0 0 9 23 14 4 0 0 0 0 0 1 1 0 0 2 17 15 0 0 0 0 0 0 -2147483648 
-2147483648 0 0 0 0 0 0 0 0 0 0 0 0 0 0 0 0 0 0 0 2 0 0 0 0 0 0 0 0 0 0 0 1 0 0 1 0 0 0 0 1 4 0 0 0 2 5 0 4 4 3 5 4 0 0 2 2 4 0 0 0 2 2 9 13 4 0 0 0 0 0 1 0 0 2 0 0 7 3 0 0 3 4 1 0 1 10 10 5 14 72 119 86 44 27 12 6 6 3 0 2 5 6 1 0 0 0 0 11 18 12 4 0 0 0 0 0 0 0 0 0 0 0 7 11 0 0 17 98 121 76 31 13 9 5 2 1 0 0 0 0 0 0 0 0 24 20 0 0 0 0 0 0 0 0 9 19 14 4 0 0 0 0 0 0 0 0 0 0 0 0 0 4 22 29 8 0 0 68 139 122 57 31 18 7 5 3 0 0 0 0 0 0 0 1 0 0 21 25 4 2 2 3 6 3 1 1 3 3 0 4 8 10 12 11 10 11 11 7 0 0 0 5 5 1 0 0 0 0 0 0 0 0 24 32 8 0 0 0 2 5 0 0 0 0 0 1 18 17 0 0 0 0 0 0 -2147483648 
-2147483648 0 0 0 0 0 0 0 0 0 0 0 0 0 0 0 0 0 0 0 1 0 0 0 0 0 0 0 0 0 0 2 0 0 0 1 0 0 0 0 0 3 0 0 0 1 6 2 4 3 5 8 5 2 0 0 3 5 0 0 0 3 5 4 6 6 1 0 0 0 0 0 0 0 3 0 0 6 1 0 0 6 7 0 0 3 7 8 8 9 44 100 106 66 31 15 9 1 0 1 7 10 5 0 0 0 0 7 17 17 10 6 0 0 0 0 0 0 0 0 0 0 0 6 12 0 0 0 35 100 104 72 49 25 10 4 1 0 0 0 0 0 0 0 12 26 20 0 0 0 0 0 0 0 18 42 52 35 11 1 0 0 0 0 0 0 0 0 0 0 0 0 0 14 32 26 0 0 19 109 142 91 44 23 10 4 0 0 0 0 0 0 0 0 1 0 0 0 46 25 9 4 5 5 1 3 3 1 2 1 4 8 10 11 12 11 9 11 9 2 0 0 3 6 3 0 0 0 0 0 0 0 0 24 27 6 0 0 0 3 9 9 6 0 0 0 0 17 18 0 0 0 0 0 0 -2147483648 
-2147483648 0 0 0 0 0 0 0 0 0 0 0 0 0 0 0 0 0 0 0 0 0 0 0 0 0 0 0 0 0 0 1 0 0 0 0 0 0 0 0 0 1 0 0 0 0 5 5 5 3 4 10 7 1 0 1 3 2 0 0 0 2 9 5 2 1 0 0 0 0 0 1 0 0 3 0 0 6 0 0 0 9 6 0 3 8 4 5 9 6 14 56 116 104 46 20 5 0 0 6 12 9 0 0 0 0 0 16 19 17 9 2 0 0 0 0 0 0 0 0 0 0 0 2 7 0 0 0 0 8 58 82 78 57 39 17 0 0 0 0 0 0 0 22 24 26 18 0 0 0 0 0 18 29 49 64 51 30 12 7 0 0 0 0 0 0 0 0 0 0 0 0 0 13 32 26 1 0 0 43 138 142 66 30 14 3 0 0 0 0 0 0 0 0 0 0 0 0 74 46 16 7 6 4 1 3 4 2 3 2 4 8 10 10 11 11 8 9 10 5 0 0 0 4 4 1 0 0 0 0 0 0 0 7 21 19 12 0 0 0 22 25 17 6 0 0 0 16 17 0 0 0 0 0 0 -2147483648 
-2147483648 0 0 0 0 0 0 0 0 0 0 0 0 0 0 0 0 0 0 0 0 0 0 0 0 0 0 0 0 0 0 0 0 0 0 0 0 0 0 0 0 1 1 0 0 0 5 7 5 6 1 5 7 1 2 3 0 0 0 0 0 2 10 4 0 0 0 0 0 0 0 2 0 0 2 0 0 4 0 0 0 9 3 4 8 9 8 5 6 4 0 22 93 123 76 28 0 1 9 13 14 4 0 0 0 0 14 20 17 12 5 0 0 0 0 0 0 0 0 0 0 0 0 0 6 1 0 0 0 0 0 24 39 60 55 22 0 0 0 0 0 0 9 21 24 22 13 0 0 0 1 27 55 59 50 44 25 12 9 9 9 6 0 0 0 0 0 0 0 0 0 0 0 16 33 23 10 0 0 0 93 159 105 47 20 0 0 0 0 0 0 0 0 0 0 0 0 32 95 57 19 10 7 4 3 2 4 5 3 1 3 8 11 10 10 10 8 8 9 6 0 0 0 1 3 2 0 0 0 0 0 0 0 3 18 21 14 0 0 0 31 25 14 7 6 5 3 19 19 0 0 0 0 0 0 -2147483648 
-2147483648 0 0 0 0 0 0 0 0 0 0 0 0 0 0 0 0 0 0 0 1 0 0 0 0 0 0 0 0 0 0 0 0 0 0 0 0 0 0 0 0 4 2 0 0 0 9 9 2 5 0 0 8 4 3 2 0 0 1 0 0 0 9 1 0 0 0 0 0 0 0 5 2 0 3 0 0 0 0 0 2 7 3 5 6 9 13 6 2 2 0 7 45 114 111 43 6 8 18 18 11 0 0 0 0 8 22 20 12 2 0 3 1 0 0 0 0 0 0 0 0 0 0 0 1 1 0 0 0 0 0 0 0 17 20 9 0 0 0 11 12 3 2 13 18 13 8 0 0 0 36 55 61 46 28 22 11 5 9 8 7 8 7 3 0 0 0 0 0 0 0 0 0 16 33 26 12 0 0 0 11 136 158 73 24 0 0 0 0 0 0 0 1 0 0 0 0 55 108 65 21 12 9 4 4 3 4 5 1 0 2 8 11 10 11 10 8 8 8 7 4 1 0 0 1 1 0 0 0 0 0 7 26 15 0 0 1 20 0 0 0 0 0 17 13 9 5 27 27 0 0 0 0 0 0 -2147483648 
-2147483648 0 0 0 0 0 0 0 0 0 0 0 0 0 0 0 0 0 0 0 1 0 0 0 0 0 0 0 0 0 0 0 0 0 0 0 0 0 0 0 0 6 1 0 0 0 10 10 1 0 0 0 9 8 2 0 0 0 2 5 0 0 5 0 0 0 0 0 0 0 0 8 2 0 2 0 0 0 0 0 2 5 5 4 4 10 13 6 0 0 0 3 17 82 114 67 18 17 34 24 6 0 0 0 5 19 21 14 3 0 0 5 11 0 0 0 0 0 0 0 0 0 0 0 0 0 0 0 0 0 0 0 0 0 0 0 0 0 0 8 6 1 4 9 8 4 2 0 0 31 58 45 33 18 13 15 8 5 10 7 5 8 8 7 9 0 0 0 0 0 0 0 0 10 25 31 21 5 0 0 0 79 165 111 40 0 0 0 0 0 0 0 2 0 0 0 0 64 113 71 24 12 10 5 4 4 3 3 0 1 4 7 9 11 12 10 8 8 8 8 6 2 0 0 0 0 0 0 0 0 0 21 40 19 0 0 0 42 21 0 0 0 12 41 16 10 6 36 36 0 0 0 0 0 0 -2147483648 
-2147483648 0 0 0 0 0 0 0 0 0 0 0 0 0 0 0 0 0 0 0 0 0 0 0 0 0 0 0 0 0 0 0 1 0 0 0 0 0 0 0 2 4 0 0 0 0 3 7 0 0 0 0 7 11 2 0 0 0 0 6 5 0 1 0 0 0 0 0 0 0 1 6 2 0 0 0 0 0 0 0 1 4 7 4 4 9 11 6 0 0 0 5 8 36 82 78 39 47 54 24 0 0 0 2 19 22 17 5 0 0 0 5 19 11 0 0 0 0 0 0 0 0 0 0 0 0 10 11 0 0 0 0 1 0 0 0 0 0 0 0 0 5 12 14 4 0 0 6 36 59 50 26 15 8 7 11 9 7 9 5 4 8 7 5 10 9 0 0 0 0 0 0 0 3 11 31 36 16 1 0 0 0 125 157 76 7 0 0 0 0 0 0 0 0 0 0 0 68 115 76 28 13 10 6 4 4 1 1 1 3 6 6 9 12 11 10 8 8 8 7 5 3 1 0 0 0 0 0 0 0 0 25 40 18 0 0 0 28 2 0 0 0 39 39 12 7 4 42 42 0 0 0 0 0 0 -2147483648 
-2147483648 0 0 0 0 0 0 0 0 0 0 0 0 0 0 0 0 0 0 0 0 2 0 0 0 0 0 0 0 0 0 0 0 0 2 1 0 0 0 0 1 1 0 0 0 0 0 1 0 0 1 0 6 12 2 0 1 0 0 3 7 4 3 1 0 0 0 0 0 0 1 4 2 0 0 0 0 0 0 0 0 4 7 3 4 7 9 7 1 0 0 6 5 11 44 49 53 95 77 20 0 0 0 20 22 17 10 0 0 0 0 6 19 21 0 0 0 0 0 0 0 0 0 0 0 13 52 42 0 0 0 0 0 0 0 0 1 0 0 0 3 12 14 13 2 0 0 26 65 52 30 19 10 6 7 9 9 8 7 3 4 8 6 5 9 15 7 0 0 0 0 0 0 0 2 22 46 46 19 0 0 0 66 153 113 39 1 0 0 0 0 0 0 0 0 0 0 67 116 79 32 15 9 5 4 4 1 1 3 4 5 7 10 12 10 9 8 8 8 6 4 4 2 0 0 0 0 0 0 0 0 28 37 17 0 0 0 0 0 0 0 13 27 15 5 3 2 44 44 0 0 0 0 0 0 -2147483648 
-2147483648 0 0 0 0 0 0 0 0 0 0 0 1 0 0 0 0 0 0 0 0 2 0 0 0 0 0 0 0 0 0 0 0 3 3 3 0 0 0 0 0 0 0 0 0 0 0 0 0 1 1 0 5 11 3 0 2 2 0 0 4 7 8 2 0 0 0 0 0 0 0 4 2 2 3 0 0 1 0 0 0 4 5 2 4 4 8 9 2 0 0 5 6 7 18 16 40 118 104 19 0 0 15 27 19 11 0 0 0 0 0 4 13 26 16 0 0 0 0 0 0 0 0 0 2 53 93 61 1 0 0 0 0 0 0 0 14 23 16 0 0 0 0 0 0 0 2 46 66 37 19 14 7 6 8 8 8 7 5 2 4 8 6 6 7 15 16 0 0 0 0 0 0 0 0 12 68 102 38 0 0 0 0 104 146 83 28 13 0 0 0 0 0 0 0 0 2 65 117 80 34 17 7 3 4 4 3 3 3 4 6 9 9 11 10 8 8 8 8 6 4 2 1 2 1 0 0 0 0 0 0 29 37 17 2 0 0 0 0 0 7 13 3 1 1 3 3 44 44 0 0 0 0 0 0 -2147483648 
-2147483648 0 0 0 0 0 0 0 0 0 0 0 0 0 0 0 0 0 0 0 0 5 1 0 0 0 0 0 0 0 0 0 0 3 2 4 1 0 0 0 0 0 0 0 0 0 0 0 1 1 0 0 3 8 4 0 2 3 0 0 2 6 7 2 0 0 0 0 0 0 1 3 2 5 6 0 0 2 0 0 0 4 5 4 3 2 7 8 2 0 0 5 6 6 9 5 20 96 115 25 4 31 30 25 14 6 0 0 0 0 0 1 8 24 29 0 0 0 0 0 0 0 0 0 27 97 102 46 5 0 0 0 0 0 16 34 32 43 42 11 0 0 0 0 0 0 28 67 51 18 13 13 6 5 8 7 7 5 4 3 4 8 5 5 7 16 20 4 0 0 0 0 0 0 0 10 104 150 46 0 0 0 0 44 138 120 59 18 1 0 0 0 0 0 0 0 3 62 117 82 34 18 7 2 4 5 4 3 2 5 9 11 9 9 9 8 8 8 7 3 2 0 0 6 7 2 0 0 0 0 0 25 38 20 1 0 0 0 0 44 15 3 0 0 1 3 4 45 44 0 0 0 0 0 0 -2147483648 
-2147483648 0 0 0 0 0 0 0 0 0 0 0 0 0 0 0 0 0 0 0 0 7 1 0 0 0 0 0 0 0 0 0 0 1 2 3 0 0 0 0 0 0 0 0 2 0 0 0 3 2 0 0 1 5 3 0 3 6 0 0 3 2 3 3 0 0 0 0 0 0 1 1 3 5 5 3 1 0 0 0 0 4 7 5 2 4 5 4 2 0 0 6 8 8 5 0 6 51 116 63 22 50 33 19 9 4 0 0 0 0 0 0 0 12 30 19 0 0 0 0 0 0 0 0 44 115 97 34 9 0 0 0 0 7 68 61 36 34 33 10 0 0 0 0 0 4 52 76 37 6 9 13 7 4 7 6 6 4 3 4 5 7 3 4 8 15 20 9 0 0 0 0 0 0 0 23 128 158 54 0 0 0 0 0 82 149 98 30 9 0 0 0 0 0 0 0 4 58 115 85 35 18 9 3 4 7 4 2 3 7 10 11 10 8 8 8 8 7 3 0 0 0 0 7 17 8 0 0 0 0 0 19 39 11 0 0 0 0 0 40 17 4 0 2 2 2 5 46 43 0 0 0 0 0 0 -2147483648 
-2147483648 0 0 0 0 0 0 0 0 0 0 0 0 0 0 0 0 0 0 0 2 3 0 0 0 0 0 0 0 0 0 0 0 0 1 0 0 0 0 0 0 0 0 0 1 0 0 0 2 2 0 0 0 3 2 1 5 7 0 0 3 1 3 3 0 0 0 0 0 0 0 0 4 3 4 6 2 0 0 0 0 2 8 4 2 6 5 1 1 0 0 4 9 10 3 0 1 21 93 105 63 46 17 0 0 17 14 3 0 0 0 0 0 0 15 20 7 0 0 0 0 0 0 0 38 106 96 41 15 1 0 0 0 44 101 57 25 17 14 4 0 0 0 0 0 17 68 70 26 5 7 11 8 3 5 7 7 4 1 3 6 6 3 4 7 14 21 14 0 0 0 0 0 0 0 37 139 150 58 0 0 0 0 0 18 116 122 70 29 0 0 0 0 0 0 0 3 56 114 87 38 18 9 5 4 7 5 3 4 8 10 10 10 8 8 7 7 6 0 0 0 0 0 0 59 34 15 0 0 0 0 12 32 0 0 0 49 25 9 10 5 1 0 2 2 3 6 45 42 0 0 0 0 0 0 -2147483648 
-2147483648 0 0 0 0 0 0 0 0 0 0 0 0 0 0 0 0 0 0 0 2 0 0 0 0 0 0 0 0 0 0 0 0 0 0 0 0 0 0 0 0 0 0 0 1 0 0 0 0 2 0 0 0 2 2 1 5 5 0 0 1 2 3 1 1 2 0 0 0 0 0 0 4 2 4 5 0 0 0 0 0 0 8 6 1 3 6 2 0 0 0 2 7 10 7 1 1 9 42 96 106 48 0 0 4 49 40 17 3 0 3 1 0 0 0 6 14 0 0 0 0 0 0 0 8 75 105 64 24 4 0 0 0 50 113 55 18 12 10 0 0 0 0 0 0 32 79 61 22 7 6 10 7 1 4 8 7 4 0 1 6 7 5 4 6 15 23 15 0 0 0 0 0 0 0 38 142 151 60 0 0 0 0 0 0 16 104 114 37 0 0 0 0 0 0 0 1 54 115 91 40 17 8 6 4 6 6 5 6 9 9 9 10 8 8 6 5 4 0 0 0 0 0 18 127 68 38 9 0 0 0 0 0 0 0 44 58 21 5 0 0 1 1 3 3 3 4 44 43 0 0 0 0 0 0 -2147483648 
-2147483648 0 0 0 0 0 0 0 0 0 0 0 0 0 0 0 0 0 0 2 0 0 0 0 0 0 0 0 0 0 0 0 0 0 0 2 1 0 0 0 0 0 0 0 1 2 0 0 2 2 0 0 0 2 1 0 4 4 0 0 0 1 2 1 1 3 0 0 0 0 0 0 4 3 3 4 0 0 0 0 0 1 7 8 1 0 5 6 1 0 0 3 6 10 10 2 0 3 13 53 92 40 0 0 30 68 64 36 13 3 4 4 1 0 0 0 3 0 0 0 0 0 0 0 0 25 83 88 52 16 0 0 0 34 103 69 30 16 12 0 0 0 0 0 0 42 90 56 21 7 7 9 5 1 4 7 5 5 1 1 6 7 6 4 6 18 25 12 0 0 0 0 0 0 0 37 139 152 65 9 0 0 0 0 0 0 28 83 17 0 0 6 0 0 0 0 1 52 115 95 41 16 9 7 4 6 7 8 9 9 8 8 9 8 8 6 3 0 0 0 0 0 0 73 119 58 33 7 0 0 0 0 0 0 13 34 18 5 1 0 0 2 2 4 4 1 1 45 45 0 0 0 0 0 0 -2147483648 
-2147483648 0 0 0 0 0 0 0 0 0 0 0 0 0 0 0 0 0 0 2 1 0 0 0 0 0 0 0 0 0 0 0 0 0 0 3 1 0 0 0 0 0 0 0 0 1 0 0 3 1 0 0 0 1 0 0 4 4 0 0 2 1 1 2 1 2 0 0 0 0 0 1 3 3 2 3 1 0 0 0 0 0 4 8 3 0 3 7 3 0 0 3 5 9 10 4 0 1 9 21 39 22 3 22 40 60 78 59 24 10 5 2 4 0 0 0 0 0 0 7 1 0 0 0 0 0 26 90 92 33 0 0 0 4 68 90 63 30 18 0 0 0 0 0 0 55 99 56 19 5 8 8 5 3 3 4 4 6 2 3 6 6 6 4 9 22 23 8 0 0 0 0 0 0 0 28 131 158 72 11 0 0 0 0 0 0 0 3 1 0 0 11 20 21 2 0 1 49 113 98 42 17 11 8 5 7 9 11 10 7 8 9 7 7 7 3 0 0 0 0 0 0 0 48 45 21 13 0 0 0 0 0 0 7 17 8 4 0 0 0 0 1 1 3 3 1 1 46 46 0 0 0 0 0 0 -2147483648 
-2147483648 0 0 0 0 0 0 0 0 0 0 0 0 0 0 0 0 0 0 0 2 0 0 0 0 0 0 0 0 0 0 0 0 0 0 1 1 0 0 2 1 0 0 0 0 0 3 3 0 0 0 0 0 0 1 0 3 4 0 0 4 2 0 0 2 4 0 0 0 0 0 3 2 0 2 2 2 0 0 0 0 0 0 6 4 1 1 5 5 0 0 1 3 8 10 6 0 0 8 10 10 16 23 30 34 47 76 75 41 15 0 0 8 4 0 0 0 0 0 5 6 0 0 0 0 0 0 51 85 35 0 0 0 0 28 75 91 66 35 0 0 0 0 0 0 76 105 51 17 4 7 9 7 3 1 2 5 5 1 4 7 7 5 4 17 27 16 3 0 0 0 0 0 0 0 21 124 162 76 3 0 0 0 15 17 0 0 0 0 0 0 6 25 42 12 0 0 39 109 102 43 19 13 8 7 10 10 11 10 8 8 8 6 5 2 0 0 0 0 0 0 0 0 6 8 4 5 1 0 0 0 0 0 3 2 4 3 0 0 0 0 0 0 1 2 2 2 46 46 0 0 0 0 0 0 -2147483648 
-2147483648 0 0 0 0 0 0 0 0 0 0 0 0 0 0 0 0 0 0 0 0 0 0 0 0 0 0 0 0 0 0 0 0 0 0 0 1 0 0 2 0 0 0 0 0 0 3 3 0 0 3 0 0 0 2 0 2 5 1 0 3 0 0 0 1 6 1 0 0 0 0 2 2 0 2 2 3 0 0 0 0 0 0 3 4 2 1 4 5 0 0 0 3 9 9 4 0 0 7 6 6 15 21 26 31 44 76 83 51 13 0 0 14 10 0 0 0 0 1 2 3 2 0 0 0 0 0 0 33 23 0 0 0 0 6 31 97 113 58 1 0 0 0 0 0 90 99 42 17 4 5 10 7 1 0 2 6 5 1 4 8 8 5 8 24 26 9 0 0 0 0 0 0 0 0 12 111 164 76 0 0 0 0 38 21 0 0 0 0 0 0 3 14 38 36 0 0 29 105 105 46 22 14 10 10 12 10 9 9 9 7 5 3 0 0 0 0 0 0 0 1 5 3 4 5 2 4 3 0 0 0 0 0 1 3 4 1 0 0 0 0 0 0 0 2 1 1 47 47 0 0 0 0 0 0 -2147483648 
-2147483648 0 0 0 0 0 0 0 0 0 0 0 0 0 0 0 0 1 0 0 0 0 0 0 0 0 0 0 0 0 0 0 0 0 0 0 0 0 1 3 0 0 0 0 0 0 1 1 0 4 3 0 0 0 1 0 2 5 1 0 1 0 0 0 0 4 5 2 0 0 0 0 0 0 3 2 3 0 0 0 0 0 0 2 4 1 2 4 3 0 0 0 6 11 6 0 0 0 6 4 7 12 15 23 26 50 97 88 38 0 0 1 21 12 0 0 0 0 3 2 0 1 0 0 0 0 0 0 0 8 4 0 0 0 5 19 91 133 82 10 0 0 0 0 0 96 88 36 17 4 2 8 6 1 0 1 5 7 3 4 8 8 8 18 27 16 3 0 0 0 0 0 0 0 0 1 74 134 63 0 0 0 40 44 15 0 0 0 0 0 0 0 1 22 43 12 0 23 102 106 50 25 15 13 13 12 10 8 7 7 5 1 0 0 0 0 0 0 0 0 5 9 4 4 5 3 3 4 1 0 0 0 0 0 3 4 1 0 0 0 0 1 0 0 0 0 0 49 48 0 0 0 0 0 0 -2147483648 
-2147483648 0 0 0 0 0 0 0 0 0 0 0 0 0 0 0 0 2 0 0 0 0 0 0 0 0 0 0 0 0 0 1 0 0 0 0 0 0 0 3 0 0 0 0 0 0 0 1 2 6 2 0 0 0 0 0 2 3 0 0 0 1 0 0 0 2 6 4 2 0 0 0 0 0 4 2 1 1 0 0 0 1 0 2 2 0 2 2 0 0 0 2 8 12 4 0 0 2 7 5 8 10 10 18 20 65 118 80 17 0 0 12 21 9 0 0 0 0 3 0 0 0 0 0 0 0 0 0 0 0 2 0 0 0 5 31 81 132 106 12 0 0 0 0 8 94 82 32 14 4 0 6 6 2 0 0 5 8 4 4 7 9 16 25 23 8 0 0 0 0 0 0 0 0 0 0 24 59 35 0 0 20 67 46 13 0 0 0 0 0 0 0 0 6 22 26 6 21 99 110 53 26 18 14 13 12 10 7 4 4 0 0 0 0 0 0 0 0 0 2 7 11 5 3 6 3 0 3 3 0 0 0 0 0 1 4 3 0 0 0 0 3 3 0 0 0 0 50 48 0 0 0 0 0 0 -2147483648 
-2147483648 0 0 0 0 0 0 0 0 0 0 0 0 0 0 0 0 1 0 0 0 0 0 0 0 0 0 0 0 0 0 1 0 0 0 0 0 0 0 0 1 0 0 0 0 0 0 3 1 6 2 0 0 0 0 0 2 3 2 0 0 1 0 0 0 3 6 3 4 1 0 0 0 0 3 1 1 3 0 0 0 3 6 9 0 0 1 0 0 0 0 4 8 12 4 0 0 1 8 7 6 8 7 12 17 71 122 72 7 0 15 23 15 3 0 0 0 0 0 0 0 0 0 0 0 0 0 0 0 0 0 0 0 0 0 32 70 110 99 2 0 0 0 0 21 95 78 29 12 3 1 6 5 2 0 0 6 8 5 4 5 11 26 26 14 5 0 0 0 0 0 0 0 0 0 0 0 9 10 0 0 30 68 51 17 0 0 0 0 0 0 0 0 0 5 17 16 31 103 115 56 29 21 14 13 12 9 5 0 0 0 0 0 0 0 0 0 0 0 0 12 47 38 12 6 2 0 2 3 2 0 0 0 0 0 3 4 0 0 0 0 4 3 0 0 0 1 50 48 0 0 0 0 0 0 -2147483648 
-2147483648 0 0 0 0 0 0 0 0 0 0 0 0 0 0 0 0 0 0 0 0 0 0 0 0 0 0 0 0 0 0 0 0 0 0 0 0 0 0 0 2 0 0 0 0 0 0 3 0 4 2 0 0 0 0 0 0 4 4 0 0 0 0 0 0 3 4 1 7 3 0 0 0 0 1 1 3 4 0 0 2 9 15 13 0 0 0 0 0 0 0 3 9 11 3 0 0 2 8 8 3 3 5 11 14 47 110 85 20 18 29 24 11 2 0 0 0 0 0 0 0 0 0 0 0 0 0 0 0 0 0 0 0 0 0 28 52 56 57 0 0 0 0 0 27 108 81 28 12 1 0 5 4 2 0 1 6 8 6 4 8 16 27 22 9 3 0 0 0 0 0 0 0 0 0 0 0 0 0 0 0 26 64 53 7 0 0 0 0 0 0 0 0 0 0 3 7 40 114 118 60 35 23 15 14 10 6 0 0 0 0 0 0 0 0 0 0 0 0 0 44 114 82 26 7 3 4 3 2 3 2 1 3 1 0 0 3 0 0 0 3 3 1 0 0 0 3 50 47 0 0 0 0 0 0 -2147483648 
-2147483648 0 0 0 0 0 0 0 0 0 0 0 0 0 0 0 0 0 0 0 0 0 0 0 0 0 0 0 0 0 0 1 0 0 0 0 0 0 0 0 3 2 0 0 0 0 0 0 0 3 1 0 0 0 1 0 0 3 2 0 2 2 0 0 0 1 2 2 6 3 1 0 0 0 0 3 4 2 0 1 9 16 11 0 0 0 0 1 0 0 1 4 10 9 2 0 0 5 8 8 3 0 4 11 11 22 76 92 58 46 33 17 10 5 4 0 0 0 0 0 0 0 0 0 5 12 0 0 0 0 0 0 0 0 0 28 29 14 19 0 0 0 2 0 31 115 86 30 13 1 0 3 4 2 0 2 7 8 6 4 16 25 21 12 6 2 0 0 0 0 0 0 0 0 0 0 0 0 0 0 0 22 52 52 0 0 0 0 17 4 0 0 0 0 0 0 0 32 109 125 73 42 26 17 13 6 0 0 0 0 0 0 0 0 0 6 0 0 0 0 95 147 78 24 9 5 6 4 3 2 1 2 4 3 0 0 1 0 0 0 2 1 1 0 0 0 3 49 47 0 0 0 0 0 0 -2147483648 
-2147483648 0 0 0 0 0 0 0 0 0 0 0 0 0 0 0 0 1 0 0 0 0 0 0 0 0 0 0 0 0 0 0 0 0 0 0 0 0 0 0 5 8 3 0 0 0 0 0 0 1 0 0 0 0 3 0 0 2 0 0 5 4 0 0 0 1 2 4 3 2 3 1 0 0 0 4 4 0 1 8 16 11 0 0 0 0 0 3 0 0 2 7 10 7 1 0 0 5 8 7 3 1 5 10 8 10 34 87 100 62 33 17 13 8 4 1 0 0 0 0 0 0 0 2 10 12 0 0 0 0 0 0 0 0 0 15 8 6 4 0 0 12 12 0 33 109 89 33 14 3 0 2 5 2 0 3 8 6 7 10 22 26 14 5 4 1 0 0 0 0 0 0 0 0 0 0 0 0 0 0 0 9 27 42 5 0 0 0 5 8 5 0 0 0 0 0 0 12 87 140 96 49 28 18 10 0 0 0 0 0 0 0 0 0 3 9 0 0 0 37 124 131 55 18 9 6 7 4 4 3 0 1 3 3 0 0 0 0 0 0 0 0 2 1 0 0 0 48 49 0 0 0 0 0 0 -2147483648 
-2147483648 0 0 0 0 0 0 0 0 0 0 0 0 0 0 0 0 2 0 0 0 0 0 0 0 0 0 0 0 0 0 0 0 0 0 0 0 0 0 0 6 12 7 1 0 0 0 0 0 0 0 0 0 0 2 0 0 3 0 0 5 2 0 0 0 2 1 2 1 3 5 3 0 0 0 5 4 0 4 14 13 0 0 0 0 0 0 3 0 0 2 8 10 6 0 0 0 4 6 5 3 3 5 9 6 3 14 69 97 57 45 41 25 13 0 1 5 0 0 0 0 0 0 7 13 0 0 0 0 0 0 0 0 0 0 0 13 36 17 0 0 0 1 0 29 101 92 35 13 4 0 3 6 2 0 4 7 3 9 23 25 16 7 4 4 0 0 0 0 0 0 0 0 0 0 0 0 0 0 0 0 0 6 16 6 0 0 0 0 4 15 0 0 0 0 0 0 0 73 150 112 54 29 17 4 0 0 0 0 0 0 0 8 20 13 1 0 0 0 73 140 98 38 17 7 5 7 5 5 3 0 0 1 1 0 1 1 0 0 0 0 0 1 2 2 1 0 48 49 0 0 0 0 0 0 -2147483648 
-2147483648 0 0 0 0 0 0 0 0 0 0 0 0 0 0 0 0 0 0 0 0 0 0 0 0 0 0 0 0 0 0 0 0 0 0 0 0 0 0 0 5 8 8 7 4 3 0 0 0 0 0 0 0 0 0 0 4 3 0 0 2 0 0 0 0 0 0 1 1 3 4 4 0 0 0 6 3 4 10 11 0 0 0 0 0 0 0 0 0 0 2 8 9 7 1 0 0 5 4 5 5 2 2 6 6 5 11 34 50 42 75 84 41 16 0 4 11 0 0 0 0 0 0 9 7 0 0 0 0 0 0 0 0 0 0 14 59 78 40 0 0 0 0 0 16 99 101 39 14 5 0 3 6 4 1 2 6 6 15 28 20 8 5 4 3 0 0 0 0 0 0 0 0 0 0 0 0 0 0 0 0 0 0 0 0 0 0 0 0 0 14 8 0 0 0 0 0 4 77 150 111 53 28 10 0 0 0 0 0 0 2 12 22 23 4 0 0 0 0 105 137 71 25 14 6 3 4 6 7 2 0 0 0 0 1 3 3 0 0 0 0 0 0 0 4 3 0 48 48 0 0 0 0 0 0 -2147483648 
-2147483648 0 0 0 0 0 0 0 0 1 0 0 0 0 0 0 0 0 0 0 0 0 0 0 0 0 0 0 0 0 0 0 0 0 1 0 0 0 0 0 2 2 8 11 9 11 0 0 0 0 0 0 0 0 0 0 6 3 0 0 0 1 2 0 0 0 0 2 3 2 0 2 3 0 3 5 3 14 15 0 0 0 0 0 0 0 0 0 0 0 2 7 8 7 1 0 0 6 6 7 5 0 1 6 5 8 11 14 18 26 78 105 62 23 9 13 12 1 0 0 0 0 0 5 0 0 0 0 41 0 0 0 0 0 0 46 102 89 41 0 0 0 0 0 5 94 109 47 18 8 0 0 6 7 2 0 7 15 24 21 9 5 6 4 1 0 0 0 0 0 0 0 0 0 0 0 0 0 0 0 0 0 0 0 0 0 0 0 0 1 8 6 0 0 0 0 0 10 92 153 101 46 21 0 0 0 0 0 0 8 25 33 20 2 0 0 0 0 36 133 112 47 19 10 5 2 2 4 7 4 1 0 0 0 3 5 4 0 0 0 0 0 0 0 3 4 0 48 48 0 0 0 0 0 0 -2147483648 
-2147483648 0 0 0 0 0 0 0 0 0 0 0 0 0 0 0 0 0 0 0 0 0 0 0 0 0 0 0 0 0 0 0 0 3 2 0 0 0 0 0 0 0 7 12 14 15 0 0 0 0 0 0 0 0 0 0 5 5 0 0 0 2 1 0 0 0 1 2 3 2 0 0 4 4 4 7 9 15 7 0 0 0 4 0 0 0 0 0 0 0 3 7 8 5 0 0 0 4 7 7 5 0 4 7 3 7 10 11 12 15 47 97 91 42 21 18 12 4 0 0 0 0 0 0 0 0 0 0 55 37 0 0 0 0 0 55 115 86 34 1 0 0 0 0 0 75 116 58 20 9 0 0 5 7 2 2 13 23 24 12 3 4 5 3 0 0 0 0 0 0 0 0 0 2 0 0 0 0 0 0 0 0 0 0 0 0 0 0 0 5 3 0 0 0 0 0 3 18 101 153 94 38 7 0 0 0 0 0 8 25 35 30 7 0 0 0 0 0 86 138 86 30 14 8 4 2 3 2 5 6 2 0 0 0 4 6 2 0 0 0 0 0 1 0 1 3 0 48 48 0 0 0 0 0 0 -2147483648 
-2147483648 0 0 0 0 0 0 0 0 0 0 0 0 0 0 0 0 0 0 0 0 0 0 0 0 0 0 0 0 0 0 0 0 3 2 0 0 0 0 0 0 0 4 10 15 9 0 0 0 0 0 0 0 0 0 0 4 4 0 0 0 2 1 0 0 0 4 2 1 2 0 0 2 6 7 16 16 0 0 0 0 2 1 0 0 0 0 0 0 0 5 10 8 2 0 0 0 2 5 4 6 5 6 3 1 8 8 8 12 13 27 74 99 69 37 20 12 4 0 0 0 0 0 0 0 0 0 0 58 60 0 0 0 0 5 50 112 92 39 11 0 0 0 0 0 50 118 74 23 8 4 2 4 5 1 7 24 26 14 6 2 3 3 1 0 0 0 0 0 0 0 0 0 4 6 1 0 0 0 0 0 0 0 0 0 0 0 0 0 7 7 0 0 4 0 0 9 28 100 148 92 28 0 0 0 0 0 9 31 35 26 14 0 0 0 0 0 15 119 121 57 22 11 8 4 1 3 3 4 4 2 1 1 1 4 5 0 0 0 0 0 1 1 0 1 1 0 48 48 0 0 0 0 0 0 -2147483648 
-2147483648 0 0 0 0 0 0 0 0 0 0 0 0 0 0 0 0 0 0 0 0 0 0 0 0 0 0 0 0 0 0 0 0 0 2 0 1 1 0 0 0 1 1 5 11 3 0 0 0 0 0 0 0 0 0 1 3 2 0 0 0 3 3 0 0 0 1 1 1 3 1 0 0 10 17 17 8 0 0 0 0 0 0 0 2 0 0 0 0 0 4 11 7 0 0 0 0 3 4 2 6 7 5 0 0 10 10 7 10 13 22 42 76 89 52 27 23 6 3 1 0 0 0 0 0 0 0 0 45 49 5 0 0 0 5 29 100 111 52 19 0 0 0 0 0 30 115 94 28 9 6 4 4 4 5 15 27 21 6 3 2 1 1 0 0 0 0 0 0 0 0 0 0 8 25 17 0 0 0 0 0 0 0 0 0 0 0 0 0 3 18 4 0 6 0 0 11 29 97 144 85 14 0 0 0 0 4 26 39 30 16 5 0 0 0 0 0 70 133 98 37 17 10 7 4 0 1 4 3 2 3 2 1 2 4 3 1 0 0 0 0 2 0 0 2 0 0 48 47 0 0 0 0 0 0 -2147483648 
-2147483648 0 0 0 0 0 0 0 0 0 0 0 0 0 0 0 0 0 0 0 0 0 0 0 0 0 0 0 0 0 0 0 0 0 0 0 2 3 0 0 0 3 0 1 7 1 0 0 0 0 0 0 0 3 0 0 0 3 3 0 0 3 3 0 0 0 0 1 2 3 1 0 4 19 21 0 0 0 0 0 0 0 0 1 1 0 0 0 0 0 2 8 7 2 0 0 0 3 4 3 6 5 4 1 0 9 12 9 8 12 19 21 45 74 46 35 50 28 16 11 0 0 0 7 14 0 0 0 23 26 15 0 0 0 0 9 74 119 75 32 0 0 0 0 0 20 105 113 43 10 5 4 3 5 17 24 19 11 4 1 0 0 0 0 0 0 0 0 0 0 0 0 4 21 39 27 0 0 0 0 0 0 0 0 0 0 0 0 0 0 19 23 12 0 0 0 8 27 99 138 66 0 0 0 0 5 25 36 30 19 9 0 0 0 0 0 0 107 127 65 27 15 9 4 3 0 1 4 2 3 3 2 1 2 3 2 2 0 0 0 1 3 0 0 2 0 1 48 46 0 0 0 0 0 0 -2147483648 
-2147483648 0 0 0 0 0 0 0 0 0 0 0 0 0 0 0 0 0 0 0 0 0 0 0 0 0 0 0 0 0 0 0 0 0 0 0 1 3 1 0 0 3 0 0 6 0 0 0 0 0 0 0 0 3 2 0 0 4 4 0 0 0 1 0 0 0 1 2 2 2 3 10 14 13 4 0 0 1 5 0 0 0 2 2 0 0 0 0 0 0 4 7 7 3 0 0 0 1 3 4 6 4 5 3 0 8 11 9 7 11 17 15 23 41 33 37 71 61 30 18 2 0 0 10 16 1 0 0 4 9 8 0 0 0 0 8 39 107 104 47 0 0 0 0 0 3 75 136 75 15 1 1 5 13 24 23 11 4 2 0 0 0 0 0 0 0 0 0 0 0 0 0 16 27 32 22 0 0 0 0 0 0 0 0 0 0 0 0 0 0 16 32 13 0 0 0 12 41 102 117 43 0 0 0 2 19 35 33 21 12 4 0 0 0 0 0 55 127 107 43 21 13 7 1 1 1 3 3 2 3 2 3 2 1 1 3 3 0 0 0 2 3 0 0 3 0 0 48 47 0 0 0 0 0 0 -2147483648 
-2147483648 0 0 0 0 0 0 0 0 0 0 0 0 0 0 0 0 0 0 0 0 0 0 0 0 0 0 0 0 0 0 0 0 0 0 0 0 1 1 0 0 2 0 0 4 0 0 0 0 0 0 0 0 0 1 0 0 3 3 0 0 0 0 0 1 1 1 1 3 7 14 20 10 0 0 0 0 6 5 0 0 0 1 2 0 0 0 0 0 0 6 10 4 1 0 0 0 1 2 4 6 3 7 6 0 5 8 9 7 9 15 15 16 26 31 34 64 75 47 23 8 0 0 9 10 1 0 0 0 7 8 8 0 0 0 0 11 80 116 68 12 0 0 0 0 0 31 128 112 44 7 2 11 20 18 11 5 1 0 0 0 0 0 0 0 0 0 0 0 0 0 0 32 18 16 15 0 0 0 0 0 0 0 0 0 0 0 0 0 3 29 27 0 0 7 3 23 66 107 83 18 0 0 0 18 31 31 24 17 9 0 0 0 0 0 0 93 131 75 31 17 10 5 0 0 3 5 2 0 1 4 4 1 0 0 3 3 0 0 0 1 1 0 0 3 0 0 48 48 0 0 0 0 0 0 -2147483648 
-2147483648 0 0 0 0 0 0 0 0 0 0 0 0 0 0 0 0 0 0 0 0 0 0 0 0 0 0 0 0 0 0 0 0 0 0 0 0 0 0 1 2 2 0 0 2 0 0 0 0 0 0 0 0 0 1 3 1 0 2 0 0 0 0 0 2 2 2 3 10 18 16 5 0 0 0 0 2 4 4 0 0 0 0 3 0 0 0 0 0 0 6 11 3 0 0 0 0 3 2 3 6 3 8 8 0 0 5 11 9 8 14 16 16 23 32 31 41 68 65 32 14 7 4 7 3 0 0 0 1 10 9 6 0 0 0 0 0 46 115 96 18 0 0 0 0 0 0 65 136 99 33 15 13 13 7 3 2 0 0 0 0 0 0 0 0 0 0 0 0 0 0 28 33 13 6 2 0 0 0 0 0 0 0 0 0 0 0 0 1 13 30 8 0 0 15 14 39 85 99 50 1 0 0 10 26 32 27 20 15 6 0 0 0 0 0 35 119 118 52 22 12 8 3 0 0 3 6 3 0 1 6 3 0 0 0 2 2 0 2 2 0 0 1 0 0 1 0 47 47 0 0 0 0 0 0 -2147483648 
-2147483648 0 0 0 0 0 0 0 0 0 0 0 1 0 0 0 0 0 0 0 0 0 0 0 0 0 0 0 0 0 0 0 0 0 0 0 0 0 0 1 1 2 0 0 3 0 0 0 0 0 0 0 0 0 3 4 0 0 3 0 0 0 0 0 0 1 5 8 20 25 0 0 0 0 0 3 2 0 4 4 0 0 0 3 0 0 0 0 0 0 8 9 3 0 0 0 0 4 2 2 6 4 8 7 0 0 5 12 9 7 15 17 15 21 31 29 28 52 66 46 25 15 9 6 0 0 0 0 7 14 10 2 0 0 0 0 0 9 87 103 22 0 0 0 0 0 0 6 109 136 71 31 15 7 2 3 3 0 0 0 0 0 0 0 0 0 0 0 0 0 0 22 18 10 2 0 0 0 0 0 0 0 0 0 0 0 0 0 2 19 9 0 1 11 11 21 64 102 76 19 0 0 8 24 25 24 24 20 13 2 0 0 0 0 0 77 134 87 34 17 10 7 2 0 0 0 4 4 1 3 5 2 0 0 0 2 2 0 1 1 1 1 2 0 0 2 3 46 45 0 0 0 0 0 0 -2147483648 
-2147483648 0 0 0 0 0 0 0 0 0 0 0 2 0 0 0 0 0 0 0 0 0 0 0 0 0 0 0 0 0 0 0 0 0 0 0 0 0 0 0 0 3 1 2 2 0 0 0 0 0 0 0 0 0 3 3 0 0 4 1 0 0 0 0 0 0 4 8 18 19 0 0 0 1 3 3 1 0 4 6 0 0 0 2 0 0 0 0 0 1 11 8 1 0 0 0 0 3 4 3 5 3 7 6 0 2 6 10 8 6 16 19 13 18 28 28 25 33 54 62 41 21 12 3 0 0 0 2 12 14 7 0 0 0 0 0 0 0 26 68 27 0 0 0 0 0 0 0 43 131 115 48 22 10 4 4 3 0 0 0 0 0 0 0 0 0 0 0 0 0 6 15 7 0 2 1 0 0 0 0 0 0 0 0 0 0 0 0 1 11 0 0 13 15 12 38 87 101 51 0 0 1 18 27 23 20 20 18 10 0 0 0 0 0 9 112 128 63 21 11 10 5 2 1 0 0 2 4 4 3 5 2 0 0 0 2 1 0 0 1 2 2 2 0 0 1 3 46 44 0 0 0 0 0 0 -2147483648 
-2147483648 0 0 0 0 0 0 0 0 0 1 0 1 0 0 0 0 0 0 0 0 0 0 0 0 0 0 0 0 0 0 0 1 0 0 0 0 0 0 0 0 2 5 2 0 0 0 0 0 0 0 0 0 0 1 2 0 1 4 3 0 0 0 0 0 0 1 4 7 7 0 0 0 2 3 2 1 0 4 5 0 0 0 2 0 0 0 0 0 2 11 8 1 0 0 0 0 2 6 5 5 2 5 6 2 3 4 6 8 8 16 20 12 15 23 28 26 22 42 67 56 30 12 0 0 0 1 9 15 10 3 0 0 0 0 0 0 0 0 12 14 0 0 0 0 0 0 0 1 86 130 82 38 17 9 4 2 1 0 0 0 0 0 0 0 0 0 0 0 0 9 8 0 0 7 8 0 0 0 0 0 0 0 0 0 0 0 0 0 2 1 5 11 9 20 66 105 77 20 0 0 14 25 22 20 20 18 15 6 0 0 0 0 0 56 136 102 43 16 8 8 4 2 0 0 2 3 4 3 1 5 2 1 0 0 3 0 0 0 3 2 1 3 1 0 0 0 46 45 0 0 0 0 0 0 -2147483648 
-2147483648 0 0 0 0 0 0 0 0 2 2 0 0 0 0 0 0 0 0 0 0 0 0 0 0 0 0 0 0 0 0 0 1 0 0 0 0 0 0 0 0 0 4 3 0 0 0 0 0 0 0 0 0 0 0 3 2 3 3 4 2 0 0 0 0 0 0 1 1 2 3 1 0 1 1 2 3 1 3 3 0 0 0 0 2 3 0 0 0 2 10 9 1 0 0 0 1 3 4 6 6 1 4 7 4 2 3 4 7 9 16 18 11 16 21 27 28 21 39 66 61 34 8 0 0 0 9 13 14 6 3 1 0 0 0 0 0 0 0 0 0 0 0 0 0 0 0 0 0 20 88 119 74 32 16 6 3 2 0 0 0 0 0 0 0 0 0 0 0 2 12 0 0 0 11 21 0 0 0 0 0 0 0 0 0 0 0 0 1 3 5 9 8 8 35 88 103 50 1 0 5 22 26 19 17 19 18 13 0 0 0 0 0 0 95 135 77 28 13 8 5 4 3 0 0 4 2 3 4 1 2 2 3 1 0 3 0 0 0 4 3 0 4 3 0 0 0 47 47 0 0 0 0 0 0 -2147483648 
-2147483648 0 0 0 0 0 0 0 0 1 1 0 0 0 0 0 0 0 0 0 0 0 0 0 0 0 0 0 0 0 0 0 0 0 0 0 0 0 0 0 0 0 1 4 0 0 0 0 0 0 0 0 0 0 0 4 5 4 1 3 2 0 0 0 0 0 1 0 0 2 3 2 1 0 0 2 3 2 2 1 0 1 0 0 3 5 0 0 0 2 9 10 1 0 0 0 1 4 2 5 5 1 4 7 4 3 5 5 7 7 14 14 10 19 24 26 25 22 51 76 56 24 0 0 0 7 14 14 9 2 4 3 0 0 0 0 0 0 0 0 0 0 0 0 0 0 0 0 0 0 33 84 80 71 50 20 9 3 0 0 0 0 0 0 0 0 0 0 0 4 5 0 0 0 15 27 0 0 0 0 0 0 0 0 0 0 0 0 4 9 9 7 5 12 57 105 81 22 0 0 17 26 22 17 16 18 16 10 0 0 0 0 0 25 127 110 49 21 11 5 3 4 4 0 0 3 0 1 6 4 1 1 3 2 0 1 0 0 0 4 4 0 3 4 1 0 0 47 47 0 0 0 0 0 0 -2147483648 
-2147483648 0 0 0 0 0 0 0 0 0 0 0 0 0 0 0 0 0 0 0 0 0 0 0 0 0 0 0 0 0 0 0 0 0 0 0 0 0 0 0 0 0 0 4 0 0 0 0 0 0 0 0 0 0 0 4 4 3 1 2 2 0 0 0 0 0 1 0 0 3 1 0 2 1 0 2 1 1 2 0 1 2 0 0 1 2 0 0 0 2 7 9 4 0 0 0 0 4 4 4 4 3 4 4 2 3 7 8 7 6 11 12 12 18 23 25 23 34 70 77 42 10 0 0 4 14 16 12 4 1 4 3 0 0 0 0 0 0 0 0 0 0 0 0 0 0 0 0 2 2 7 1 20 96 110 57 24 8 1 0 0 0 0 0 0 0 0 1 0 1 1 0 0 0 12 12 0 0 0 0 0 0 0 0 0 0 6 4 1 9 10 6 5 25 79 105 56 3 0 6 26 25 19 17 16 18 12 4 0 0 0 0 0 85 135 83 30 16 9 2 1 4 4 2 0 1 2 1 5 7 3 0 1 2 0 0 1 0 0 2 2 0 1 4 3 0 0 45 45 0 0 0 0 0 0 -2147483648 
-2147483648 0 0 0 0 0 0 0 0 0 0 0 0 0 0 0 0 0 1 0 0 0 0 0 0 0 0 0 0 0 0 0 0 0 0 0 0 0 0 0 0 0 0 4 1 0 0 0 0 0 0 0 0 0 1 4 1 1 4 3 0 0 0 0 0 0 0 0 1 4 1 0 1 2 0 1 0 0 1 1 3 2 0 0 0 1 0 0 0 2 6 8 5 0 0 0 0 2 5 5 5 3 2 1 0 4 11 11 4 4 9 11 14 16 18 21 25 61 91 62 22 0 0 1 11 16 16 9 1 3 4 1 0 0 0 0 0 0 0 0 0 0 0 0 0 0 0 1 3 4 0 0 0 54 95 59 28 13 1 0 0 0 0 0 0 0 4 0 0 0 2 4 0 0 3 22 38 14 0 0 0 0 0 0 0 1 17 11 0 3 10 6 7 45 101 88 27 0 0 18 28 19 16 19 17 16 9 0 0 0 0 0 7 119 118 52 22 13 7 2 0 5 4 1 0 0 3 3 5 7 3 0 1 3 0 0 3 1 0 0 0 0 0 3 3 1 1 44 44 0 0 0 0 0 0 -2147483648 
-2147483648 0 0 0 0 0 0 0 0 0 0 0 0 0 0 0 0 2 2 0 0 0 0 0 0 0 0 0 0 0 0 0 0 0 0 0 0 0 0 0 0 0 0 4 3 0 0 0 0 0 0 0 0 0 2 3 0 0 5 4 0 0 1 0 0 0 0 0 1 4 3 0 0 1 0 2 1 0 0 3 2 0 1 0 0 1 0 0 0 1 6 7 3 0 0 0 0 0 3 5 6 2 0 0 0 7 14 12 2 0 7 11 13 15 17 19 27 80 102 48 8 0 0 9 15 15 13 7 1 3 3 0 0 0 0 0 0 0 0 0 0 0 0 0 0 1 0 0 2 0 0 0 0 6 13 3 0 3 0 0 0 0 0 4 4 5 1 0 0 1 4 3 0 0 18 76 105 38 0 0 0 0 0 0 0 3 19 12 0 1 10 9 17 64 105 65 7 0 0 24 35 18 15 20 18 13 5 0 0 0 0 0 72 131 94 31 16 12 6 2 1 5 3 1 1 0 2 4 5 5 2 0 2 3 0 1 3 0 0 0 0 1 0 1 1 2 2 44 44 0 0 0 0 0 0 -2147483648 
-2147483648 0 0 0 0 0 0 0 0 0 0 0 0 0 0 0 0 1 1 0 0 0 0 0 0 0 0 0 0 0 0 0 0 0 0 0 0 0 0 0 0 0 0 3 4 2 0 0 0 0 0 0 0 0 2 1 0 0 2 4 1 0 2 0 0 0 0 0 0 4 4 0 0 1 0 4 3 0 0 3 0 0 4 1 0 0 0 0 0 0 6 6 1 1 0 0 0 1 1 2 6 3 0 1 3 6 12 13 3 0 5 12 12 13 17 22 28 71 97 49 6 1 9 15 16 13 7 5 3 1 1 0 0 0 0 0 0 0 0 0 0 0 0 0 0 0 0 2 4 0 0 0 0 0 0 0 0 0 0 0 0 4 11 8 0 0 0 5 3 4 6 0 0 0 49 117 116 48 0 0 0 0 0 0 1 7 13 7 0 2 9 14 34 87 94 34 0 0 0 16 54 30 21 21 18 12 0 0 0 0 0 0 109 123 62 21 11 10 5 3 3 3 2 2 2 0 3 4 2 3 3 1 1 2 1 1 2 0 0 0 2 2 0 0 0 2 2 44 44 0 0 0 0 0 0 -2147483648 
-2147483648 0 0 0 0 0 0 0 0 0 0 0 0 0 0 0 0 0 0 0 0 0 0 0 0 0 0 0 0 0 0 0 0 0 0 0 0 0 0 0 0 0 0 1 4 5 0 0 0 0 0 0 0 0 1 0 0 0 0 3 1 0 2 0 0 2 0 0 0 3 3 0 1 2 0 2 3 1 0 2 0 0 5 1 0 0 0 0 0 1 6 5 0 0 0 0 0 2 0 1 5 2 1 3 3 4 10 14 5 0 3 11 11 11 14 23 23 44 90 68 17 13 20 19 15 10 4 4 3 0 0 0 0 0 2 0 0 0 0 0 0 0 0 0 0 0 0 18 24 0 0 0 0 0 0 0 0 0 0 0 0 4 2 0 0 0 0 10 0 0 0 0 0 11 65 112 94 52 0 0 0 0 0 1 5 11 7 3 3 1 8 21 54 99 76 12 0 0 0 18 77 45 28 23 18 9 0 0 0 0 0 60 129 105 39 14 8 7 3 4 4 2 3 2 1 1 4 3 0 1 3 2 1 3 3 1 2 0 0 0 1 1 0 0 0 3 4 44 43 0 0 0 0 0 0 -2147483648 
-2147483648 0 0 0 0 0 0 0 0 0 0 0 0 0 0 0 0 0 0 0 0 0 0 0 0 0 0 0 0 0 0 0 0 0 0 0 0 0 0 0 0 0 0 0 4 5 0 0 0 0 0 0 0 0 0 0 0 0 0 1 0 1 2 0 0 1 0 0 0 1 2 2 2 1 0 0 1 1 2 3 0 0 3 0 0 0 0 0 1 3 6 2 0 0 0 0 1 3 1 2 3 0 3 4 1 5 9 11 6 0 1 10 11 9 11 21 17 26 74 81 42 27 26 21 13 6 4 4 2 0 0 0 0 2 5 0 0 0 0 0 0 0 0 0 0 0 5 50 70 11 0 0 0 0 0 0 0 0 0 2 1 3 0 0 0 5 7 0 0 0 0 0 10 35 64 91 83 49 0 0 0 0 0 2 9 10 4 4 4 1 8 27 78 100 48 0 0 0 0 37 98 55 31 24 18 4 0 0 0 0 0 96 132 74 25 11 8 5 2 4 3 2 4 2 1 3 3 2 1 0 1 1 3 3 3 2 1 1 0 0 0 0 0 0 0 3 6 45 42 0 0 0 0 0 0 -2147483648 
-2147483648 0 0 0 0 0 0 0 0 0 0 0 0 0 0 0 0 0 0 0 0 0 0 0 0 0 0 0 0 0 0 0 0 0 0 0 0 0 0 0 0 0 0 0 4 4 0 1 0 0 0 0 0 0 0 0 0 0 0 0 0 3 2 0 0 0 0 0 0 1 3 3 1 0 0 0 1 0 4 3 0 1 4 1 2 0 0 0 3 2 5 1 0 0 0 0 1 3 2 2 3 2 4 3 0 4 6 8 6 0 1 12 12 8 10 19 16 16 45 84 74 41 28 20 11 4 4 4 2 0 0 0 2 4 5 0 0 0 0 0 0 0 0 0 0 0 28 89 94 34 0 0 0 0 0 0 0 0 6 9 3 4 0 0 0 6 1 0 0 0 0 19 41 40 47 76 74 28 0 0 0 0 1 4 9 6 5 6 4 3 10 39 93 90 26 0 0 0 0 54 112 63 33 23 15 0 0 0 0 0 12 119 118 50 17 9 7 5 3 3 1 3 4 1 2 3 1 3 3 0 1 1 3 1 1 1 0 2 0 0 1 1 0 0 0 2 4 46 44 0 0 0 0 0 0 -2147483648 
-2147483648 0 0 0 0 0 0 0 0 0 0 0 0 0 0 0 0 0 0 0 0 0 1 0 0 0 0 0 0 0 0 0 0 0 0 1 0 0 0 0 0 0 0 0 2 3 1 0 0 0 0 0 0 0 0 0 0 0 0 0 1 4 1 0 0 1 0 0 0 3 4 1 0 0 0 0 3 1 2 1 0 2 6 2 0 0 0 1 5 0 2 2 0 0 0 0 0 2 4 3 3 4 4 1 0 2 4 8 5 0 3 16 12 8 10 16 14 9 27 72 87 64 36 17 10 5 4 4 1 0 0 0 6 4 2 0 0 0 0 0 0 0 0 0 0 0 57 113 82 36 7 0 0 0 0 0 0 0 0 8 4 0 0 0 0 0 0 0 0 0 1 63 74 27 33 63 51 0 0 0 0 0 6 9 5 3 5 4 4 5 15 62 101 66 9 0 0 0 0 71 119 69 35 22 9 0 0 0 0 0 67 131 86 33 14 7 6 6 3 1 1 4 4 1 1 2 0 3 4 0 2 2 1 0 0 1 1 1 0 0 2 2 0 0 0 2 1 46 47 0 0 0 0 0 0 -2147483648 
-2147483648 0 0 0 0 0 0 0 0 0 0 0 0 0 0 0 0 0 0 0 0 0 1 1 0 0 0 0 0 0 0 0 0 0 0 0 0 0 0 0 0 1 0 0 0 2 2 0 0 0 0 0 0 0 0 0 0 0 0 0 3 4 1 0 0 2 0 0 0 4 4 0 1 0 0 1 5 2 0 0 1 1 3 0 0 0 0 5 6 0 0 0 0 0 0 0 0 3 6 2 1 4 3 1 1 3 4 6 4 0 3 17 13 8 9 13 11 9 22 42 70 83 56 27 14 7 5 4 0 0 0 4 7 3 0 0 0 0 0 0 0 0 0 0 0 0 57 117 80 32 15 0 0 0 0 0 0 0 0 0 0 0 0 0 0 0 0 0 0 3 38 100 80 23 29 37 2 0 0 0 0 0 12 10 0 1 4 3 5 7 25 80 98 44 0 0 0 0 0 83 124 73 36 20 2 0 0 0 0 0 111 125 60 21 10 6 7 5 1 0 3 4 3 2 0 3 2 1 2 0 1 2 1 0 0 2 3 0 0 0 1 2 1 0 0 1 0 46 47 0 0 0 0 0 0 -2147483648 
-2147483648 0 0 0 0 0 0 0 0 0 0 0 0 0 0 0 0 0 0 0 0 0 0 0 0 0 0 0 0 0 0 0 0 0 0 0 0 0 0 0 0 1 0 0 0 2 2 1 1 0 0 0 0 0 0 1 0 0 0 1 4 3 3 0 0 0 0 0 1 4 3 0 3 1 0 2 5 2 0 0 0 0 0 0 1 2 3 7 6 1 0 0 0 0 0 0 0 4 5 0 1 3 0 2 2 4 4 4 5 0 1 16 14 8 8 12 9 10 19 23 44 75 78 51 22 9 7 4 0 0 2 7 5 1 0 0 0 3 0 0 0 0 0 0 0 0 28 98 91 47 20 6 1 0 0 0 0 0 0 0 0 0 0 0 0 0 0 0 0 32 109 110 49 17 19 0 0 0 0 0 0 0 14 6 0 0 4 5 6 7 38 95 85 23 0 0 0 0 0 88 128 76 38 16 0 0 0 0 0 42 135 98 39 16 6 5 8 4 0 1 4 3 1 1 1 4 4 1 0 0 0 3 2 1 1 1 3 0 0 0 0 3 3 0 0 0 0 45 45 0 0 0 0 0 0 -2147483648 
-2147483648 0 0 0 0 0 0 0 0 0 0 0 0 0 0 0 0 0 0 0 0 0 0 0 0 0 0 0 0 0 0 0 0 0 0 0 0 0 0 0 0 0 0 0 0 1 3 2 3 0 0 0 0 0 0 2 0 0 1 2 3 3 4 2 0 0 0 0 3 3 1 1 4 3 0 1 2 3 2 0 0 0 0 0 0 1 4 7 6 2 0 0 0 0 0 0 0 4 4 0 3 0 0 2 1 3 5 5 5 0 1 17 12 7 10 13 6 8 18 21 30 68 94 62 25 10 6 3 0 0 6 7 2 0 0 0 0 7 6 0 0 0 4 0 0 0 0 53 97 77 32 11 3 0 0 0 0 0 0 0 0 0 0 0 0 0 0 0 11 92 139 84 21 5 0 0 0 0 0 0 0 10 11 2 0 0 3 5 6 10 55 103 69 9 0 0 0 0 0 92 133 79 38 8 0 0 0 0 0 100 135 69 24 13 4 4 8 4 0 2 3 3 1 0 3 4 3 2 0 0 0 4 2 2 3 1 1 0 0 0 1 3 3 0 0 0 0 44 44 0 0 0 0 0 0 -2147483648 
-2147483648 0 0 0 0 0 0 0 0 0 0 0 0 0 0 0 0 0 0 0 0 0 0 0 0 0 0 0 0 0 0 0 0 0 0 0 0 0 0 0 0 0 0 0 0 0 4 2 4 0 0 0 0 0 0 2 0 0 2 0 1 5 4 2 0 0 0 0 3 0 0 3 4 4 0 0 0 3 4 0 0 0 2 1 0 2 3 3 5 2 0 0 0 0 0 1 2 3 2 2 5 0 0 2 1 2 6 6 2 0 3 18 10 6 11 14 3 4 18 22 27 67 99 66 27 11 3 1 0 3 9 5 0 0 0 0 0 12 18 0 0 0 16 0 0 0 0 3 67 85 60 29 8 0 0 0 0 0 0 0 13 3 0 1 0 0 0 0 79 150 104 44 12 0 0 0 0 0 0 0 7 10 4 0 0 2 2 4 6 18 77 102 47 2 0 0 0 0 2 93 138 83 34 0 0 0 0 0 14 132 110 41 15 9 5 4 7 4 0 1 2 5 3 0 3 4 3 1 0 0 1 4 2 1 4 3 0 0 0 0 2 1 2 1 0 0 0 44 44 0 0 0 0 0 0 -2147483648 
-2147483648 0 0 0 0 0 0 0 0 0 0 0 0 0 0 0 0 0 0 0 0 0 0 0 0 0 0 0 0 0 0 0 0 0 0 0 0 0 0 0 0 0 0 0 0 0 4 4 4 2 0 0 0 0 0 2 0 0 0 0 1 4 4 3 0 0 0 0 1 0 0 3 3 4 1 0 0 1 3 1 0 0 0 0 2 3 1 1 4 1 0 0 0 0 0 2 4 1 0 3 6 0 0 1 2 3 6 5 0 0 6 18 11 4 7 12 1 2 17 20 21 50 99 85 35 14 3 0 3 8 8 2 0 0 0 0 0 18 25 14 0 0 0 14 0 0 0 0 5 55 91 64 15 0 0 0 0 0 0 0 18 14 5 5 0 0 0 15 122 144 66 24 4 0 0 0 0 0 0 0 16 9 0 0 0 0 2 3 7 32 92 92 29 0 0 0 0 0 6 92 140 86 25 0 0 0 0 0 87 138 84 26 8 5 6 3 5 4 0 0 3 5 4 2 1 3 3 0 0 0 2 4 2 0 4 4 0 0 0 0 2 1 2 2 0 1 1 43 43 0 0 0 0 0 0 -2147483648 
-2147483648 0 0 0 0 0 0 0 0 0 0 0 0 0 0 0 0 0 0 0 0 0 0 0 0 0 0 0 0 0 0 0 0 0 0 0 0 0 0 0 0 0 0 0 0 0 3 5 3 2 1 0 0 0 0 0 0 0 0 0 2 2 5 3 0 0 0 0 0 0 1 2 0 3 3 1 1 0 1 0 0 0 0 2 2 0 1 4 3 0 0 0 0 0 0 1 2 0 2 6 4 0 0 0 1 4 6 5 0 0 10 19 11 1 2 7 1 3 15 18 14 30 83 99 57 22 6 2 7 10 5 0 0 0 0 0 0 28 32 22 1 0 0 13 0 0 0 0 0 12 69 72 23 0 0 0 0 0 0 0 7 15 13 12 0 0 11 92 131 90 39 16 0 0 0 0 0 0 0 0 14 5 0 3 0 0 1 3 9 49 102 75 13 0 0 0 0 0 11 93 139 85 10 0 5 0 0 0 122 119 54 20 5 4 5 2 4 3 1 0 2 4 4 4 1 2 2 0 0 0 1 3 2 0 4 4 0 0 0 0 2 3 1 1 0 3 3 42 42 0 0 0 0 0 0 -2147483648 
-2147483648 0 0 0 0 0 0 0 0 0 0 0 0 0 0 0 0 0 0 0 0 0 0 0 0 0 0 0 0 0 0 0 0 0 0 0 0 0 0 0 0 0 0 0 0 0 1 2 2 3 2 0 0 0 0 0 0 0 0 0 1 3 6 1 0 0 0 0 0 1 3 1 0 2 4 3 3 0 0 0 0 0 1 2 0 0 4 6 1 0 0 0 0 0 1 0 0 0 5 7 1 0 0 0 1 3 5 7 0 0 13 20 9 0 0 4 5 5 13 16 11 16 47 100 90 33 12 8 8 8 2 0 0 0 0 0 3 35 37 21 7 0 0 2 2 0 0 0 0 0 15 37 23 0 0 0 0 8 0 0 0 6 19 21 0 0 57 131 112 51 21 0 0 0 0 0 0 0 0 10 8 1 0 2 0 0 1 6 14 63 104 58 3 0 0 0 0 0 17 92 135 76 2 2 0 0 0 57 135 94 33 15 4 3 4 3 3 1 2 0 0 4 4 3 3 4 3 0 0 0 1 2 1 0 3 3 0 0 0 0 2 4 0 0 0 3 4 43 42 0 0 0 0 0 0 -2147483648 
-2147483648 0 0 0 0 0 0 0 0 0 0 0 0 0 0 0 0 0 0 0 0 0 0 0 0 0 0 0 0 0 0 0 0 0 0 0 0 0 0 0 0 0 0 0 0 0 0 0 2 3 1 0 0 0 0 0 0 0 0 0 0 3 4 0 0 0 0 0 0 2 3 0 0 2 3 3 3 0 0 0 0 0 1 0 0 1 5 5 0 0 0 0 0 0 0 0 0 0 5 4 0 0 0 1 2 1 3 6 0 0 12 15 5 0 0 4 6 5 9 9 7 8 21 75 79 28 13 10 6 4 0 0 0 0 0 0 8 27 27 14 5 0 0 0 4 0 0 0 0 0 0 8 8 0 0 0 0 11 5 0 0 0 15 16 0 6 74 98 61 26 10 0 0 0 0 0 0 0 0 2 2 0 0 0 0 0 2 6 16 58 73 29 0 0 0 0 0 0 19 72 97 42 0 9 0 0 0 70 95 50 18 10 3 1 3 3 1 0 1 0 0 3 3 1 3 5 3 0 0 0 2 2 0 0 1 1 0 0 0 0 2 3 0 0 0 1 3 34 32 0 0 0 0 0 0 -2147483648 
-2147483648 0 0 0 0 0 0 0 0 0 0 0 0 0 0 0 0 0 0 0 0 0 0 0 0 0 0 0 0 0 0 0 0 0 0 0 0 0 0 0 0 0 0 0 0 0 0 0 1 1 0 0 0 0 0 0 0 0 0 0 0 1 1 0 0 0 0 0 0 1 1 0 0 1 1 1 1 0 0 0 0 0 0 0 0 1 2 2 0 0 0 0 0 0 0 0 0 0 2 1 0 0 0 1 1 0 1 2 0 0 5 5 1 0 0 2 2 2 3 2 2 3 7 25 26 9 5 4 2 1 0 0 0 0 0 0 5 9 8 4 1 0 0 0 2 0 0 0 0 3 2 1 0 0 0 0 0 3 0 0 0 0 5 4 0 7 32 32 15 6 2 0 0 0 0 0 0 0 0 0 0 0 0 0 0 0 1 2 7 23 23 5 0 0 0 0 0 1 9 27 31 8 0 5 0 0 0 32 30 11 4 3 1 0 1 1 0 0 0 0 0 1 1 0 1 2 1 0 0 0 1 1 0 0 0 0 0 0 0 0 1 1 0 0 0 0 1 12 11 0 0 0 0 0 0 -2147483648 
-2147483648 0 0 0 0 0 0 0 0 0 0 0 0 0 0 0 0 0 0 0 0 0 0 0 0 0 0 0 0 0 0 0 0 0 0 0 0 0 0 0 0 0 0 0 0 0 0 0 0 0 0 0 0 0 0 0 0 0 0 0 0 0 0 0 0 0 0 0 0 0 0 0 0 0 0 0 0 0 0 0 0 0 0 0 0 0 0 0 0 0 0 0 0 0 0 0 0 0 0 0 0 0 0 0 0 0 0 0 0 0 0 0 0 0 0 0 0 0 0 0 0 0 0 0 0 0 0 0 0 0 0 0 0 0 0 0 0 0 0 0 0 0 0 0 0 0 0 0 0 0 0 0 0 0 0 0 0 0 0 0 0 0 0 0 0 0 0 0 0 0 0 0 0 0 0 0 0 0 0 0 0 0 0 0 0 0 0 0 0 0 0 0 0 0 0 0 0 0 0 0 0 0 0 0 0 0 0 0 0 0 0 0 0 0 0 0 0 0 0 0 0 0 0 0 0 0 0 0 0 0 0 0 0 0 0 0 0 0 0 0 0 0 0 0 0 0 0 0 0 0 0 0 0 0 0 -2147483648 
-2147483648 0 0 0 0 0 0 0 0 0 0 0 0 0 0 0 0 0 0 0 0 0 0 0 0 0 0 0 0 0 0 0 0 0 0 0 0 0 0 0 0 0 0 0 0 0 0 0 0 0 0 0 0 0 0 0 0 0 0 0 0 0 0 0 0 0 0 0 0 0 0 0 0 0 0 0 0 0 0 0 0 0 0 0 0 0 0 0 0 0 0 0 0 0 0 0 0 0 0 0 0 0 0 0 0 0 0 0 0 0 0 0 0 0 0 0 0 0 0 0 0 0 0 0 0 0 0 0 0 0 0 0 0 0 0 0 0 0 0 0 0 0 0 0 0 0 0 0 0 0 0 0 0 0 0 0 0 0 0 0 0 0 0 0 0 0 0 0 0 0 0 0 0 0 0 0 0 0 0 0 0 0 0 0 0 0 0 0 0 0 0 0 0 0 0 0 0 0 0 0 0 0 0 0 0 0 0 0 0 0 0 0 0 0 0 0 0 0 0 0 0 0 0 0 0 0 0 0 0 0 0 0 0 0 0 0 0 0 0 0 0 0 0 0 0 0 0 0 0 0 0 0 0 0 0 -2147483648 
-2147483648 0 0 0 0 0 0 0 0 0 0 0 0 0 0 0 0 0 0 0 0 0 0 0 0 0 0 0 0 0 0 0 0 0 0 0 0 0 0 0 0 0 0 0 0 0 0 0 0 0 0 0 0 0 0 0 0 0 0 0 0 0 0 0 0 0 0 0 0 0 0 0 0 0 0 0 0 0 0 0 0 0 0 0 0 0 0 0 0 0 0 0 0 0 0 0 0 0 0 0 0 0 0 0 0 0 0 0 0 0 0 0 0 0 0 0 0 0 0 0 0 0 0 0 0 0 0 0 0 0 0 0 0 0 0 0 0 0 0 0 0 0 0 0 0 0 0 0 0 0 0 0 0 0 0 0 0 0 0 0 0 0 0 0 0 0 0 0 0 0 0 0 0 0 0 0 0 0 0 0 0 0 0 0 0 0 0 0 0 0 0 0 0 0 0 0 0 0 0 0 0 0 0 0 0 0 0 0 0 0 0 0 0 0 0 0 0 0 0 0 0 0 0 0 0 0 0 0 0 0 0 0 0 0 0 0 0 0 0 0 0 0 0 0 0 0 0 0 0 0 0 0 0 0 0 -2147483648 
-2147483648 0 0 0 0 0 0 0 0 0 0 0 0 0 0 0 0 0 0 0 0 0 0 0 0 0 0 0 0 0 0 0 0 0 0 0 0 0 0 0 0 0 0 0 0 0 0 0 0 0 0 0 0 0 0 0 0 0 0 0 0 0 0 0 0 0 0 0 0 0 0 0 0 0 0 0 0 0 0 0 0 0 0 0 0 0 0 0 0 0 0 0 0 0 0 0 0 0 0 0 0 0 0 0 0 0 0 0 0 0 0 0 0 0 0 0 0 0 0 0 0 0 0 0 0 0 0 0 0 0 0 0 0 0 0 0 0 0 0 0 0 0 0 0 0 0 0 0 0 0 0 0 0 0 0 0 0 0 0 0 0 0 0 0 0 0 0 0 0 0 0 0 0 0 0 0 0 0 0 0 0 0 0 0 0 0 0 0 0 0 0 0 0 0 0 0 0 0 0 0 0 0 0 0 0 0 0 0 0 0 0 0 0 0 0 0 0 0 0 0 0 0 0 0 0 0 0 0 0 0 0 0 0 0 0 0 0 0 0 0 0 0 0 0 0 0 0 0 0 0 0 0 0 0 0 -2147483648 
-2147483648 0 0 0 0 0 0 0 0 0 0 0 0 0 0 0 0 0 0 0 0 0 0 0 0 0 0 0 0 0 0 0 0 0 0 0 0 0 0 0 0 0 0 0 0 0 0 0 0 0 0 0 0 0 0 0 0 0 0 0 0 0 0 0 0 0 0 0 0 0 0 0 0 0 0 0 0 0 0 0 0 0 0 0 0 0 0 0 0 0 0 0 0 0 0 0 0 0 0 0 0 0 0 0 0 0 0 0 0 0 0 0 0 0 0 0 0 0 0 0 0 0 0 0 0 0 0 0 0 0 0 0 0 0 0 0 0 0 0 0 0 0 0 0 0 0 0 0 0 0 0 0 0 0 0 0 0 0 0 0 0 0 0 0 0 0 0 0 0 0 0 0 0 0 0 0 0 0 0 0 0 0 0 0 0 0 0 0 0 0 0 0 0 0 0 0 0 0 0 0 0 0 0 0 0 0 0 0 0 0 0 0 0 0 0 0 0 0 0 0 0 0 0 0 0 0 0 0 0 0 0 0 0 0 0 0 0 0 0 0 0 0 0 0 0 0 0 0 0 0 0 0 0 0 0 -2147483648 
-2147483648 0 0 0 0 0 0 0 0 0 0 0 0 0 0 0 0 0 0 0 0 0 0 0 0 0 0 0 0 0 0 0 0 0 0 0 0 0 0 0 0 0 0 0 0 0 0 0 0 0 0 0 0 0 0 0 0 0 0 0 0 0 0 0 0 0 0 0 0 0 0 0 0 0 0 0 0 0 0 0 0 0 0 0 0 0 0 0 0 0 0 0 0 0 0 0 0 0 0 0 0 0 0 0 0 0 0 0 0 0 0 0 0 0 0 0 0 0 0 0 0 0 0 0 0 0 0 0 0 0 0 0 0 0 0 0 0 0 0 0 0 0 0 0 0 0 0 0 0 0 0 0 0 0 0 0 0 0 0 0 0 0 0 0 0 0 0 0 0 0 0 0 0 0 0 0 0 0 0 0 0 0 0 0 0 0 0 0 0 0 0 0 0 0 0 0 0 0 0 0 0 0 0 0 0 0 0 0 0 0 0 0 0 0 0 0 0 0 0 0 0 0 0 0 0 0 0 0 0 0 0 0 0 0 0 0 0 0 0 0 0 0 0 0 0 0 0 0 0 0 0 0 0 0 0 -2147483648 
-2147483648 0 0 0 0 0 0 0 0 0 0 0 0 0 0 0 0 0 0 0 0 0 0 0 0 0 0 0 0 0 0 0 0 0 0 0 0 0 0 0 0 0 0 0 0 0 0 0 0 0 0 0 0 0 0 0 0 0 0 0 0 0 0 0 0 0 0 0 0 0 0 0 0 0 0 0 0 0 0 0 0 0 0 0 0 0 0 0 0 0 0 0 0 0 0 0 0 0 0 0 0 0 0 0 0 0 0 0 0 0 0 0 0 0 0 0 0 0 0 0 0 0 0 0 0 0 0 0 0 0 0 0 0 0 0 0 0 0 0 0 0 0 0 0 0 0 0 0 0 0 0 0 0 0 0 0 0 0 0 0 0 0 0 0 0 0 0 0 0 0 0 0 0 0 0 0 0 0 0 0 0 0 0 0 0 0 0 0 0 0 0 0 0 0 0 0 0 0 0 0 0 0 0 0 0 0 0 0 0 0 0 0 0 0 0 0 0 0 0 0 0 0 0 0 0 0 0 0 0 0 0 0 0 0 0 0 0 0 0 0 0 0 0 0 0 0 0 0 0 0 0 0 0 0 0 -2147483648 
-2147483648 0 0 0 0 0 0 0 0 0 0 0 0 0 0 0 0 0 0 0 0 0 0 0 0 0 0 0 0 0 0 0 0 0 0 0 0 0 0 0 0 0 0 0 0 0 0 0 0 0 0 0 0 0 0 0 0 0 0 0 0 0 0 0 0 0 0 0 0 0 0 0 0 0 0 0 0 0 0 0 0 0 0 0 0 0 0 0 0 0 0 0 0 0 0 0 0 0 0 0 0 0 0 0 0 0 0 0 0 0 0 0 0 0 0 0 0 0 0 0 0 0 0 0 0 0 0 0 0 0 0 0 0 0 0 0 0 0 0 0 0 0 0 0 0 0 0 0 0 0 0 0 0 0 0 0 0 0 0 0 0 0 0 0 0 0 0 0 0 0 0 0 0 0 0 0 0 0 0 0 0 0 0 0 0 0 0 0 0 0 0 0 0 0 0 0 0 0 0 0 0 0 0 0 0 0 0 0 0 0 0 0 0 0 0 0 0 0 0 0 0 0 0 0 0 0 0 0 0 0 0 0 0 0 0 0 0 0 0 0 0 0 0 0 0 0 0 0 0 0 0 0 0 0 0 -2147483648 
-2147483648 0 0 0 0 0 0 0 0 0 0 0 0 0 0 0 0 0 0 0 0 0 0 0 0 0 0 0 0 0 0 0 0 0 0 0 0 0 0 0 0 0 0 0 0 0 0 0 0 0 0 0 0 0 0 0 0 0 0 0 0 0 0 0 0 0 0 0 0 0 0 0 0 0 0 0 0 0 0 0 0 0 0 0 0 0 0 0 0 0 0 0 0 0 0 0 0 0 0 0 0 0 0 0 0 0 0 0 0 0 0 0 0 0 0 0 0 0 0 0 0 0 0 0 0 0 0 0 0 0 0 0 0 0 0 0 0 0 0 0 0 0 0 0 0 0 0 0 0 0 0 0 0 0 0 0 0 0 0 0 0 0 0 0 0 0 0 0 0 0 0 0 0 0 0 0 0 0 0 0 0 0 0 0 0 0 0 0 0 0 0 0 0 0 0 0 0 0 0 0 0 0 0 0 0 0 0 0 0 0 0 0 0 0 0 0 0 0 0 0 0 0 0 0 0 0 0 0 0 0 0 0 0 0 0 0 0 0 0 0 0 0 0 0 0 0 0 0 0 0 0 0 0 0 0 -2147483648 
-2147483648 0 0 0 0 0 0 0 0 0 0 0 0 0 0 0 0 0 0 0 0 0 0 0 0 0 0 0 0 0 0 0 0 0 0 0 0 0 0 0 0 0 0 0 0 0 0 0 0 0 0 0 0 0 0 0 0 0 0 0 0 0 0 0 0 0 0 0 0 0 0 0 0 0 0 0 0 0 0 0 0 0 0 0 0 0 0 0 0 0 0 0 0 0 0 0 0 0 0 0 0 0 0 0 0 0 0 0 0 0 0 0 0 0 0 0 0 0 0 0 0 0 0 0 0 0 0 0 0 0 0 0 0 0 0 0 0 0 0 0 0 0 0 0 0 0 0 0 0 0 0 0 0 0 0 0 0 0 0 0 0 0 0 0 0 0 0 0 0 0 0 0 0 0 0 0 0 0 0 0 0 0 0 0 0 0 0 0 0 0 0 0 0 0 0 0 0 0 0 0 0 0 0 0 0 0 0 0 0 0 0 0 0 0 0 0 0 0 0 0 0 0 0 0 0 0 0 0 0 0 0 0 0 0 0 0 0 0 0 0 0 0 0 0 0 0 0 0 0 0 0 0 0 0 0 -2147483648 
-2147483648 0 0 0 0 0 0 0 0 0 0 0 0 0 0 0 0 0 0 0 0 0 0 0 0 0 0 0 0 0 0 0 0 0 0 0 0 0 0 0 0 0 0 0 0 0 0 0 0 0 0 0 0 0 0 0 0 0 0 0 0 0 0 0 0 0 0 0 0 0 0 0 0 0 0 0 0 0 0 0 0 0 0 0 0 0 0 0 0 0 0 0 0 0 0 0 0 0 0 0 0 0 0 0 0 0 0 0 0 0 0 0 0 0 0 0 0 0 0 0 0 0 0 0 0 0 0 0 0 0 0 0 0 0 0 0 0 0 0 0 0 0 0 0 0 0 0 0 0 0 0 0 0 0 0 0 0 0 0 0 0 0 0 0 0 0 0 0 0 0 0 0 0 0 0 0 0 0 0 0 0 0 0 0 0 0 0 0 0 0 0 0 0 0 0 0 0 0 0 0 0 0 0 0 0 0 0 0 0 0 0 0 0 0 0 0 0 0 0 0 0 0 0 0 0 0 0 0 0 0 0 0 0 0 0 0 0 0 0 0 0 0 0 0 0 0 0 0 0 0 0 0 0 0 0 -2147483648 
-2147483648 0 0 0 0 0 0 0 0 0 0 0 0 0 0 0 0 0 0 0 0 0 0 0 0 0 0 0 0 0 0 0 0 0 0 0 0 0 0 0 0 0 0 0 0 0 0 0 0 0 0 0 0 0 0 0 0 0 0 0 0 0 0 0 0 0 0 0 0 0 0 0 0 0 0 0 0 0 0 0 0 0 0 0 0 0 0 0 0 0 0 0 0 0 0 0 0 0 0 0 0 0 0 0 0 0 0 0 0 0 0 0 0 0 0 0 0 0 0 0 0 0 0 0 0 0 0 0 0 0 0 0 0 0 0 0 0 0 0 0 0 0 0 0 0 0 0 0 0 0 0 0 0 0 0 0 0 0 0 0 0 0 0 0 0 0 0 0 0 0 0 0 0 0 0 0 0 0 0 0 0 0 0 0 0 0 0 0 0 0 0 0 0 0 0 0 0 0 0 0 0 0 0 0 0 0 0 0 0 0 0 0 0 0 0 0 0 0 0 0 0 0 0 0 0 0 0 0 0 0 0 0 0 0 0 0 0 0 0 0 0 0 0 0 0 0 0 0 0 0 0 0 0 0 0 -2147483648 
-2147483648 0 0 0 0 0 0 0 0 0 0 0 0 0 0 0 0 0 0 0 0 0 0 0 0 0 0 0 0 0 0 0 0 0 0 0 0 0 0 0 0 0 0 0 0 0 0 0 0 0 0 0 0 0 0 0 0 0 0 0 0 0 0 0 0 0 0 0 0 0 0 0 0 0 0 0 0 0 0 0 0 0 0 0 0 0 0 0 0 0 0 0 0 0 0 0 0 0 0 0 0 0 0 0 0 0 0 0 0 0 0 0 0 0 0 0 0 0 0 0 0 0 0 0 0 0 0 0 0 0 0 0 0 0 0 0 0 0 0 0 0 0 0 0 0 0 0 0 0 0 0 0 0 0 0 0 0 0 0 0 0 0 0 0 0 0 0 0 0 0 0 0 0 0 0 0 0 0 0 0 0 0 0 0 0 0 0 0 0 0 0 0 0 0 0 0 0 0 0 0 0 0 0 0 0 0 0 0 0 0 0 0 0 0 0 0 0 0 0 0 0 0 0 0 0 0 0 0 0 0 0 0 0 0 0 0 0 0 0 0 0 0 0 0 0 0 0 0 0 0 0 0 0 0 0 -2147483648 
-2147483648 0 0 0 0 0 0 0 0 0 0 0 0 0 0 0 0 0 0 0 0 0 0 0 0 0 0 0 0 0 0 0 0 0 0 0 0 0 0 0 0 0 0 0 0 0 0 0 0 0 0 0 0 0 0 0 0 0 0 0 0 0 0 0 0 0 0 0 0 0 0 0 0 0 0 0 0 0 0 0 0 0 0 0 0 0 0 0 0 0 0 0 0 0 0 0 0 0 0 0 0 0 0 0 0 0 0 0 0 0 0 0 0 0 0 0 0 0 0 0 0 0 0 0 0 0 0 0 0 0 0 0 0 0 0 0 0 0 0 0 0 0 0 0 0 0 0 0 0 0 0 0 0 0 0 0 0 0 0 0 0 0 0 0 0 0 0 0 0 0 0 0 0 0 0 0 0 0 0 0 0 0 0 0 0 0 0 0 0 0 0 0 0 0 0 0 0 0 0 0 0 0 0 0 0 0 0 0 0 0 0 0 0 0 0 0 0 0 0 0 0 0 0 0 0 0 0 0 0 0 0 0 0 0 0 0 0 0 0 0 0 0 0 0 0 0 0 0 0 0 0 0 0 0 0 -2147483648 
-2147483648 0 0 0 0 0 0 0 0 0 0 0 0 0 0 0 0 0 0 0 0 0 0 0 0 0 0 0 0 0 0 0 0 0 0 0 0 0 0 0 0 0 0 0 0 0 0 0 0 0 0 0 0 0 0 0 0 0 0 0 0 0 0 0 0 0 0 0 0 0 0 0 0 0 0 0 0 0 0 0 0 0 0 0 0 0 0 0 0 0 0 0 0 0 0 0 0 0 0 0 0 0 0 0 0 0 0 0 0 0 0 0 0 0 0 0 0 0 0 0 0 0 0 0 0 0 0 0 0 0 0 0 0 0 0 0 0 0 0 0 0 0 0 0 0 0 0 0 0 0 0 0 0 0 0 0 0 0 0 0 0 0 0 0 0 0 0 0 0 0 0 0 0 0 0 0 0 0 0 0 0 0 0 0 0 0 0 0 0 0 0 0 0 0 0 0 0 0 0 0 0 0 0 0 0 0 0 0 0 0 0 0 0 0 0 0 0 0 0 0 0 0 0 0 0 0 0 0 0 0 0 0 0 0 0 0 0 0 0 0 0 0 0 0 0 0 0 0 0 0 0 0 0 0 0 -2147483648 
-2147483648 0 0 0 0 0 0 0 0 0 0 0 0 0 0 0 0 0 0 0 0 0 0 0 0 0 0 0 0 0 0 0 0 0 0 0 0 0 0 0 0 0 0 0 0 0 0 0 0 0 0 0 0 0 0 0 0 0 0 0 0 0 0 0 0 0 0 0 0 0 0 0 0 0 0 0 0 0 0 0 0 0 0 0 0 0 0 0 0 0 0 0 0 0 0 0 0 0 0 0 0 0 0 0 0 0 0 0 0 0 0 0 0 0 0 0 0 0 0 0 0 0 0 0 0 0 0 0 0 0 0 0 0 0 0 0 0 0 0 0 0 0 0 0 0 0 0 0 0 0 0 0 0 0 0 0 0 0 0 0 0 0 0 0 0 0 0 0 0 0 0 0 0 0 0 0 0 0 0 0 0 0 0 0 0 0 0 0 0 0 0 0 0 0 0 0 0 0 0 0 0 0 0 0 0 0 0 0 0 0 0 0 0 0 0 0 0 0 0 0 0 0 0 0 0 0 0 0 0 0 0 0 0 0 0 0 0 0 0 0 0 0 0 0 0 0 0 0 0 0 0 0 0 0 0 -2147483648 
-2147483648 0 0 0 0 0 0 0 0 0 0 0 0 0 0 0 0 0 0 0 0 0 0 0 0 0 0 0 0 0 0 0 0 0 0 0 0 0 0 0 0 0 0 0 0 0 0 0 0 0 0 0 0 0 0 0 0 0 0 0 0 0 0 0 0 0 0 0 0 0 0 0 0 0 0 0 0 0 0 0 0 0 0 0 0 0 0 0 0 0 0 0 0 0 0 0 0 0 0 0 0 0 0 0 0 0 0 0 0 0 0 0 0 0 0 0 0 0 0 0 0 0 0 0 0 0 0 0 0 0 0 0 0 0 0 0 0 0 0 0 0 0 0 0 0 0 0 0 0 0 0 0 0 0 0 0 0 0 0 0 0 0 0 0 0 0 0 0 0 0 0 0 0 0 0 0 0 0 0 0 0 0 0 0 0 0 0 0 0 0 0 0 0 0 0 0 0 0 0 0 0 0 0 0 0 0 0 0 0 0 0 0 0 0 0 0 0 0 0 0 0 0 0 0 0 0 0 0 0 0 0 0 0 0 0 0 0 0 0 0 0 0 0 0 0 0 0 0 0 0 0 0 0 0 0 -2147483648 
-2147483648 0 0 0 0 0 0 0 0 0 0 0 0 0 0 0 0 0 0 0 0 0 0 0 0 0 0 0 0 0 0 0 0 0 0 0 0 0 0 0 0 0 0 0 0 0 0 0 0 0 0 0 0 0 0 0 0 0 0 0 0 0 0 0 0 0 0 0 0 0 0 0 0 0 0 0 0 0 0 0 0 0 0 0 0 0 0 0 0 0 0 0 0 0 0 0 0 0 0 0 0 0 0 0 0 0 0 0 0 0 0 0 0 0 0 0 0 0 0 0 0 0 0 0 0 0 0 0 0 0 0 0 0 0 0 0 0 0 0 0 0 0 0 0 0 0 0 0 0 0 0 0 0 0 0 0 0 0 0 0 0 0 0 0 0 0 0 0 0 0 0 0 0 0 0 0 0 0 0 0 0 0 0 0 0 0 0 0 0 0 0 0 0 0 0 0 0 0 0 0 0 0 0 0 0 0 0 0 0 0 0 0 0 0 0 0 0 0 0 0 0 0 0 0 0 0 0 0 0 0 0 0 0 0 0 0 0 0 0 0 0 0 0 0 0 0 0 0 0 0 0 0 0 0 0 -2147483648 
-2147483648 0 0 0 0 0 0 0 0 0 0 0 0 0 0 0 0 0 0 0 0 0 0 0 0 0 0 0 0 0 0 0 0 0 0 0 0 0 0 0 0 0 0 0 0 0 0 0 0 0 0 0 0 0 0 0 0 0 0 0 0 0 0 0 0 0 0 0 0 0 0 0 0 0 0 0 0 0 0 0 0 0 0 0 0 0 0 0 0 0 0 0 0 0 0 0 0 0 0 0 0 0 0 0 0 0 0 0 0 0 0 0 0 0 0 0 0 0 0 0 0 0 0 0 0 0 0 0 0 0 0 0 0 0 0 0 0 0 0 0 0 0 0 0 0 0 0 0 0 0 0 0 0 0 0 0 0 0 0 0 0 0 0 0 0 0 0 0 0 0 0 0 0 0 0 0 0 0 0 0 0 0 0 0 0 0 0 0 0 0 0 0 0 0 0 0 0 0 0 0 0 0 0 0 0 0 0 0 0 0 0 0 0 0 0 0 0 0 0 0 0 0 0 0 0 0 0 0 0 0 0 0 0 0 0 0 0 0 0 0 0 0 0 0 0 0 0 0 0 0 0 0 0 0 0 -2147483648 
-2147483648 0 0 0 0 0 0 0 0 0 0 0 0 0 0 0 0 0 0 0 0 0 0 0 0 0 0 0 0 0 0 0 0 0 0 0 0 0 0 0 0 0 0 0 0 0 0 0 0 0 0 0 0 0 0 0 0 0 0 0 0 0 0 0 0 0 0 0 0 0 0 0 0 0 0 0 0 0 0 0 0 0 0 0 0 0 0 0 0 0 0 0 0 0 0 0 0 0 0 0 0 0 0 0 0 0 0 0 0 0 0 0 0 0 0 0 0 0 0 0 0 0 0 0 0 0 0 0 0 0 0 0 0 0 0 0 0 0 0 0 0 0 0 0 0 0 0 0 0 0 0 0 0 0 0 0 0 0 0 0 0 0 0 0 0 0 0 0 0 0 0 0 0 0 0 0 0 0 0 0 0 0 0 0 0 0 0 0 0 0 0 0 0 0 0 0 0 0 0 0 0 0 0 0 0 0 0 0 0 0 0 0 0 0 0 0 0 0 0 0 0 0 0 0 0 0 0 0 0 0 0 0 0 0 0 0 0 0 0 0 0 0 0 0 0 0 0 0 0 0 0 0 0 0 0 -2147483648 
-2147483648 0 0 0 0 0 0 0 0 0 0 0 0 0 0 0 0 0 0 0 0 0 0 0 0 0 0 0 0 0 0 0 0 0 0 0 0 0 0 0 0 0 0 0 0 0 0 0 0 0 0 0 0 0 0 0 0 0 0 0 0 0 0 0 0 0 0 0 0 0 0 0 0 0 0 0 0 0 0 0 0 0 0 0 0 0 0 0 0 0 0 0 0 0 0 0 0 0 0 0 0 0 0 0 0 0 0 0 0 0 0 0 0 0 0 0 0 0 0 0 0 0 0 0 0 0 0 0 0 0 0 0 0 0 0 0 0 0 0 0 0 0 0 0 0 0 0 0 0 0 0 0 0 0 0 0 0 0 0 0 0 0 0 0 0 0 0 0 0 0 0 0 0 0 0 0 0 0 0 0 0 0 0 0 0 0 0 0 0 0 0 0 0 0 0 0 0 0 0 0 0 0 0 0 0 0 0 0 0 0 0 0 0 0 0 0 0 0 0 0 0 0 0 0 0 0 0 0 0 0 0 0 0 0 0 0 0 0 0 0 0 0 0 0 0 0 0 0 0 0 0 0 0 0 0 -2147483648 
-2147483648 -2147483648 -2147483648 -2147483648 -2147483648 -2147483648 -2147483648 -2147483648 -2147483648 -2147483648 -2147483648 -2147483648 -2147483648 -2147483648 -2147483648 -2147483648 -2147483648 -2147483648 -2147483648 -2147483648 -2147483648 -2147483648 -2147483648 -2147483648 -2147483648 -2147483648 -2147483648 -2147483648 -2147483648 -2147483648 -2147483648 -2147483648 -2147483648 -2147483648 -2147483648 -2147483648 -2147483648 -2147483648 -2147483648 -2147483648 -2147483648 -2147483648 -2147483648 -2147483648 -2147483648 -2147483648 -2147483648 -2147483648 -2147483648 -2147483648 -2147483648 -2147483648 -2147483648 -2147483648 -2147483648 -2147483648 -2147483648 -2147483648 -2147483648 -2147483648 -2147483648 -2147483648 -2147483648 -2147483648 -2147483648 -2147483648 -2147483648 -2147483648 -2147483648 -2147483648 -2147483648 -2147483648 -2147483648 -2147483648 -2147483648 -2147483648 -2147483648 -2147483648 -2147483648 -2147483648 -2147483648 -2147483648 -2147483648 -2147483648 -2147483648 -2147483648 -2147483648 -2147483648 -2147483648 -2147483648 -2147483648 -2147483648 -2147483648 -2147483648 -2147483648 -2147483648 -2147483648 -2147483648 -2147483648 -2147483648 -2147483648 -2147483648 -2147483648 -2147483648 -2147483648 -2147483648 -2147483648 -2147483648 -2147483648 -2147483648 -2147483648 -2147483648 -2147483648 -2147483648 -2147483648 -2147483648 -2147483648 -2147483648 -2147483648 -2147483648 -2147483648 -2147483648 -2147483648 -2147483648 -2147483648 -2147483648 -2147483648 -2147483648 -2147483648 -2147483648 -2147483648 -2147483648 -2147483648 -2147483648 -2147483648 -2147483648 -2147483648 -2147483648 -2147483648 -2147483648 -2147483648 -2147483648 -2147483648 -2147483648 -2147483648 -2147483648 -2147483648 -2147483648 -2147483648 -2147483648 -2147483648 -2147483648 -2147483648 -2147483648 -2147483648 -2147483648 -2147483648 -2147483648 -2147483648 -2147483648 -2147483648 -2147483648 -2147483648 -2147483648 -2147483648 -2147483648 -2147483648 -2147483648 -2147483648 -2147483648 -2147483648 -2147483648 -2147483648 -2147483648 -2147483648 -2147483648 -2147483648 -2147483648 -2147483648 -2147483648 -2147483648 -2147483648 -2147483648 -2147483648 -2147483648 -2147483648 -2147483648 -2147483648 -2147483648 -2147483648 -2147483648 -2147483648 -2147483648 -2147483648 -2147483648 -2147483648 -2147483648 -2147483648 -2147483648 -2147483648 -2147483648 -2147483648 -2147483648 -2147483648 -2147483648 -2147483648 -2147483648 -2147483648 -2147483648 -2147483648 -2147483648 -2147483648 -2147483648 -2147483648 -2147483648 -2147483648 -2147483648 -2147483648 -2147483648 -2147483648 -2147483648 -2147483648 -2147483648 -2147483648 -2147483648 -2147483648 -2147483648 -2147483648 -2147483648 -2147483648 -2147483648 -2147483648 -2147483648 -2147483648 -2147483648 -2147483648 -2147483648 -2147483648 -2147483648 -2147483648 -2147483648 -2147483648 -2147483648 -2147483648 -2147483648 -2147483648 -2147483648 -2147483648 -2147483648 -2147483648 -2147483648 -2147483648 -2147483648 -2147483648 -2147483648 -2147483648 
