Type=GDR 2.0
Nb.Pixel/Ligne=256
Nb.Lignes=256
Nb.Bits=8
 
-2147483648 -2147483648 -2147483648 -2147483648 -2147483648 -2147483648 -2147483648 -2147483648 -2147483648 -2147483648 -2147483648 -2147483648 -2147483648 -2147483648 -2147483648 -2147483648 -2147483648 -2147483648 -2147483648 -2147483648 -2147483648 -2147483648 -2147483648 -2147483648 -2147483648 -2147483648 -2147483648 -2147483648 -2147483648 -2147483648 -2147483648 -2147483648 -2147483648 -2147483648 -2147483648 -2147483648 -2147483648 -2147483648 -2147483648 -2147483648 -2147483648 -2147483648 -2147483648 -2147483648 -2147483648 -2147483648 -2147483648 -2147483648 -2147483648 -2147483648 -2147483648 -2147483648 -2147483648 -2147483648 -2147483648 -2147483648 -2147483648 -2147483648 -2147483648 -2147483648 -2147483648 -2147483648 -2147483648 -2147483648 -2147483648 -2147483648 -2147483648 -2147483648 -2147483648 -2147483648 -2147483648 -2147483648 -2147483648 -2147483648 -2147483648 -2147483648 -2147483648 -2147483648 -2147483648 -2147483648 -2147483648 -2147483648 -2147483648 -2147483648 -2147483648 -2147483648 -2147483648 -2147483648 -2147483648 -2147483648 -2147483648 -2147483648 -2147483648 -2147483648 -2147483648 -2147483648 -2147483648 -2147483648 -2147483648 -2147483648 -2147483648 -2147483648 -2147483648 -2147483648 -2147483648 -2147483648 -2147483648 -2147483648 -2147483648 -2147483648 -2147483648 -2147483648 -2147483648 -2147483648 -2147483648 -2147483648 -2147483648 -2147483648 -2147483648 -2147483648 -2147483648 -2147483648 -2147483648 -2147483648 -2147483648 -2147483648 -2147483648 -2147483648 -2147483648 -2147483648 -2147483648 -2147483648 -2147483648 -2147483648 -2147483648 -2147483648 -2147483648 -2147483648 -2147483648 -2147483648 -2147483648 -2147483648 -2147483648 -2147483648 -2147483648 -2147483648 -2147483648 -2147483648 -2147483648 -2147483648 -2147483648 -2147483648 -2147483648 -2147483648 -2147483648 -2147483648 -2147483648 -2147483648 -2147483648 -2147483648 -2147483648 -2147483648 -2147483648 -2147483648 -2147483648 -2147483648 -2147483648 -2147483648 -2147483648 -2147483648 -2147483648 -2147483648 -2147483648 -2147483648 -2147483648 -2147483648 -2147483648 -2147483648 -2147483648 -2147483648 -2147483648 -2147483648 -2147483648 -2147483648 -2147483648 -2147483648 -2147483648 -2147483648 -2147483648 -2147483648 -2147483648 -2147483648 -2147483648 -2147483648 -2147483648 -2147483648 -2147483648 -2147483648 -2147483648 -2147483648 -2147483648 -2147483648 -2147483648 -2147483648 -2147483648 -2147483648 -2147483648 -2147483648 -2147483648 -2147483648 -2147483648 -2147483648 -2147483648 -2147483648 -2147483648 -2147483648 -2147483648 -2147483648 -2147483648 -2147483648 -2147483648 -2147483648 -2147483648 -2147483648 -2147483648 -2147483648 -2147483648 -2147483648 -2147483648 -2147483648 -2147483648 -2147483648 -2147483648 -2147483648 -2147483648 -2147483648 -2147483648 -2147483648 -2147483648 -2147483648 -2147483648 -2147483648 -2147483648 -2147483648 -2147483648 -2147483648 -2147483648 -2147483648 -2147483648 -2147483648 -2147483648 -2147483648 -2147483648 -2147483648 -2147483648 -2147483648 
-2147483648 0 0 0 0 0 0 12 14 4 2 0 2 2 0 0 2 2 0 2 2 0 2 4 1 3 0 1 1 1 2 2 0 3 4 2 1 1 0 0 1 4 4 6 5 35 146 162 64 20 16 13 13 13 14 18 24 23 20 18 20 22 22 20 17 15 13 13 15 16 15 13 12 13 12 11 9 8 8 8 7 4 1 0 0 0 0 0 0 0 0 0 0 0 0 0 0 0 25 60 52 61 83 50 11 3 7 10 29 83 101 69 32 4 0 0 0 0 0 0 0 0 0 0 1 41 137 114 92 150 42 0 0 0 0 0 0 0 0 0 0 0 0 0 0 0 0 0 0 0 1 3 4 4 5 7 9 11 13 16 20 24 32 58 130 149 71 20 9 6 1 10 8 3 4 4 1 3 4 4 4 3 1 0 0 0 3 3 1 0 0 2 2 0 4 4 0 0 0 2 3 3 4 3 1 0 0 0 1 3 2 3 1 0 0 2 2 0 0 1 3 1 2 0 0 0 0 0 1 2 0 3 3 0 2 0 0 0 0 2 2 1 3 4 3 1 1 12 11 0 0 0 0 0 0 -2147483648 
-2147483648 0 0 0 0 0 0 12 14 3 3 1 2 2 0 0 1 3 4 3 1 0 1 4 3 2 3 3 3 0 2 2 0 4 4 2 2 0 1 3 4 6 4 7 7 34 148 169 68 23 17 16 18 21 24 27 26 22 20 20 20 20 19 16 13 11 10 11 11 9 7 6 6 4 1 0 0 0 0 0 0 0 0 0 0 0 0 0 0 0 0 0 0 0 0 0 0 0 18 52 57 61 80 59 18 3 5 10 30 80 97 73 35 3 0 0 0 0 0 0 0 0 0 0 2 66 151 77 115 136 34 3 0 0 0 0 0 0 1 3 4 4 5 7 9 11 12 12 13 15 17 19 21 24 27 29 32 37 43 49 55 63 72 97 145 135 59 19 9 9 4 8 9 4 3 4 1 2 1 3 3 3 2 0 0 0 1 3 3 1 1 3 1 1 4 3 0 0 1 3 3 2 0 0 0 0 0 0 2 2 0 2 2 0 0 2 1 3 4 4 0 3 1 0 0 0 0 0 0 0 2 2 1 2 1 0 1 3 4 3 1 2 2 0 2 2 0 12 12 0 0 0 0 0 0 -2147483648 
-2147483648 0 0 0 0 0 0 13 14 1 2 2 1 3 4 3 1 0 1 2 1 0 0 3 4 3 3 2 4 0 2 2 0 3 4 3 1 0 2 2 1 4 4 6 6 33 151 176 72 23 18 17 17 19 19 16 12 6 5 7 7 5 3 1 0 0 0 0 0 0 0 0 0 0 0 0 1 3 4 4 4 4 4 4 4 4 4 4 3 1 0 0 0 1 3 3 1 3 12 37 60 68 77 64 23 3 6 11 32 81 97 74 34 2 0 0 0 0 0 0 0 0 0 1 17 96 155 40 131 120 31 13 10 11 12 12 13 16 19 21 23 25 28 32 35 37 40 44 48 53 59 64 69 76 83 89 97 105 113 121 128 134 140 143 139 97 34 12 6 11 7 9 10 3 1 4 1 1 3 3 3 4 1 0 0 0 0 0 3 3 3 2 1 4 4 1 0 0 2 2 1 3 4 3 1 0 0 0 2 2 1 3 1 0 0 2 0 2 0 3 3 1 1 2 1 0 0 1 3 4 3 1 0 0 0 0 2 2 0 0 0 1 3 4 3 1 0 12 12 0 0 0 0 0 0 -2147483648 
-2147483648 0 0 0 0 0 0 14 14 1 3 1 0 0 0 2 2 0 1 2 1 1 3 3 1 0 1 3 3 1 3 1 1 1 2 4 4 4 2 2 4 3 3 6 4 32 152 180 73 18 10 7 5 5 2 2 2 0 0 1 2 1 0 0 1 3 4 4 4 4 4 4 4 4 5 7 7 6 6 6 7 8 9 11 11 9 8 8 8 8 5 4 4 4 4 4 5 10 10 17 53 74 81 69 31 6 6 12 38 85 99 71 28 4 4 5 7 8 8 9 11 12 13 16 38 121 149 29 133 102 45 40 38 40 44 48 53 59 64 69 75 81 87 93 99 104 109 115 120 125 131 133 135 138 141 143 146 148 149 149 149 149 146 134 110 66 24 12 7 11 9 9 9 2 1 4 1 0 1 4 4 4 2 2 3 3 2 3 4 0 4 1 3 4 1 0 1 3 3 1 0 0 0 2 2 0 0 0 2 2 2 2 0 0 0 2 0 2 1 3 1 0 2 0 2 0 0 2 2 0 0 0 0 0 0 0 1 3 4 4 4 3 1 0 0 0 0 12 12 0 0 0 0 0 0 -2147483648 
-2147483648 0 0 0 0 0 0 14 14 2 2 0 1 3 4 2 1 1 1 2 1 2 2 1 2 1 1 1 1 3 2 0 2 0 2 0 0 0 2 2 0 0 2 6 5 29 148 182 80 23 9 7 6 4 4 4 4 4 5 8 7 6 4 5 8 8 8 8 8 8 8 8 8 9 11 12 11 9 8 8 8 8 8 8 8 9 10 9 9 11 12 12 12 11 9 9 12 13 7 6 37 73 87 78 46 13 1 13 48 88 93 61 27 21 23 25 28 31 34 39 44 48 53 62 85 138 126 33 123 113 100 102 107 112 116 121 126 128 129 133 136 139 141 141 140 140 140 140 140 139 133 128 123 118 113 108 104 98 93 89 85 76 64 49 34 13 9 9 8 9 7 6 7 2 2 3 1 1 1 1 3 3 0 0 2 2 0 2 1 3 3 0 3 4 3 1 2 2 0 1 3 4 4 2 1 1 0 0 1 3 1 2 0 1 2 3 1 4 4 3 0 1 3 2 3 3 1 1 3 1 0 0 0 0 0 0 0 0 0 0 0 2 2 0 0 0 0 12 12 0 0 0 0 0 0 -2147483648 
-2147483648 0 0 0 0 0 0 14 15 3 1 1 3 1 0 2 0 2 1 2 1 1 3 3 0 2 2 0 0 4 2 1 3 2 3 3 1 0 1 3 4 3 3 6 7 21 140 183 87 28 10 9 9 7 6 7 8 9 11 11 10 11 12 12 11 9 9 12 14 13 12 12 12 12 11 10 12 14 14 14 13 12 12 12 13 16 19 20 20 21 23 24 25 26 25 24 24 23 22 22 26 52 76 80 69 53 35 26 56 79 71 58 62 71 77 83 88 93 100 108 113 120 127 134 147 156 108 52 96 117 134 140 143 144 144 143 139 133 128 123 118 115 111 104 96 89 84 81 78 72 65 60 56 51 47 44 41 39 39 40 35 24 15 12 11 6 10 13 8 8 7 6 7 4 3 1 2 2 2 0 2 1 1 0 1 0 2 1 1 1 2 3 0 3 3 2 2 2 0 2 2 0 0 2 0 2 0 1 3 4 1 2 0 2 0 3 3 3 3 4 3 3 2 0 0 2 2 0 2 3 3 4 3 1 0 0 0 0 0 0 0 1 3 3 1 0 0 12 12 0 0 0 0 0 0 -2147483648 
-2147483648 0 0 0 0 0 0 14 17 3 1 3 3 1 1 3 1 2 0 0 0 0 2 4 0 1 3 2 2 3 2 2 2 0 0 2 2 0 0 0 0 2 4 6 9 13 128 186 97 29 10 7 8 8 9 11 12 13 13 10 9 11 12 12 12 13 15 18 19 20 20 21 23 24 24 24 24 24 24 25 27 28 29 31 33 35 37 39 41 44 46 46 49 54 56 57 59 63 70 75 74 67 63 53 37 30 20 7 45 77 102 123 135 139 141 143 143 142 143 142 139 139 139 137 129 103 58 46 72 85 88 88 86 81 76 71 65 60 55 49 44 42 38 33 29 28 27 25 20 18 18 17 16 15 13 12 14 20 21 16 4 4 3 5 7 4 10 15 10 8 8 4 5 2 0 1 3 0 3 2 3 1 2 0 0 2 0 0 2 0 2 2 2 3 4 1 2 2 0 2 2 1 3 3 1 2 0 2 2 3 3 1 0 1 2 0 3 0 3 1 2 3 3 4 4 3 1 1 1 3 3 0 3 3 2 3 3 1 1 3 4 4 3 3 2 0 0 12 12 0 0 0 0 0 0 -2147483648 
-2147483648 0 0 0 0 0 0 15 18 1 2 3 3 1 2 2 2 3 3 4 4 4 3 3 0 0 3 3 4 3 1 1 3 4 4 3 1 0 0 1 2 0 4 6 9 6 109 185 110 35 16 11 11 12 13 15 18 19 18 19 19 17 17 20 23 25 27 29 29 31 33 36 40 43 45 46 46 48 52 55 57 60 63 66 71 76 80 84 89 96 102 106 110 115 122 127 128 129 132 136 139 138 128 109 89 75 61 51 60 81 103 120 126 124 119 112 106 101 94 87 80 74 69 66 62 49 27 19 26 29 30 31 31 28 23 18 16 16 15 13 11 9 5 4 4 6 7 6 3 3 4 4 4 4 3 8 15 19 16 8 5 8 4 7 9 6 7 15 12 8 5 2 3 2 0 2 2 3 3 1 2 2 1 1 1 1 1 3 3 2 3 2 2 4 3 0 1 3 1 2 2 2 2 0 2 2 0 1 3 3 1 0 0 0 0 2 2 2 2 0 1 3 4 4 4 3 1 2 0 1 4 4 4 1 0 2 2 2 2 2 0 0 2 3 3 4 3 13 12 0 0 0 0 0 0 -2147483648 
-2147483648 0 0 0 0 0 0 16 18 1 3 1 2 0 2 1 3 3 2 0 0 1 3 3 2 2 3 2 0 1 3 3 1 0 1 3 4 4 3 3 0 2 4 5 6 1 88 174 122 46 25 23 24 24 24 26 27 28 29 32 35 37 40 44 45 47 51 55 57 61 67 72 76 79 82 87 94 102 108 112 116 120 123 125 127 128 129 132 134 133 133 135 134 131 131 131 128 124 120 116 111 103 92 79 68 57 46 41 46 52 54 52 48 44 40 36 33 31 28 24 21 20 19 20 22 14 5 11 13 10 9 7 5 4 4 4 2 2 3 2 3 3 2 3 4 4 4 3 2 3 3 0 0 0 1 11 18 17 10 3 8 8 2 6 11 9 4 14 14 10 4 0 2 2 0 2 1 4 1 3 3 1 0 2 2 0 2 3 2 1 0 2 3 3 0 2 1 2 2 1 3 3 1 0 1 3 4 3 2 3 4 4 3 1 0 1 3 1 1 3 3 1 0 0 0 2 2 1 2 2 3 4 3 2 2 1 1 3 3 1 0 0 2 1 2 1 2 14 12 0 0 0 0 0 0 -2147483648 
-2147483648 0 0 0 0 0 0 16 18 2 2 0 2 1 3 1 2 2 2 0 0 2 2 1 3 4 3 1 0 2 2 2 2 0 2 2 1 2 3 3 2 1 3 4 8 6 68 155 129 68 53 49 48 49 51 54 56 61 66 69 73 80 87 93 97 103 109 113 116 121 126 128 128 129 130 130 133 135 132 130 130 128 124 120 116 111 105 100 95 88 82 78 73 68 64 60 56 52 48 44 40 36 31 26 23 19 14 13 15 16 15 12 9 8 9 10 8 5 4 4 4 6 9 13 16 11 4 11 12 8 6 4 1 0 1 4 4 4 4 4 4 4 4 4 4 3 4 3 2 3 1 0 0 0 3 13 20 15 7 3 8 9 6 4 13 11 1 13 17 12 6 3 0 3 3 3 3 4 2 4 4 1 0 1 3 4 3 3 0 2 0 1 4 4 4 4 4 3 3 4 3 1 0 0 0 0 0 2 0 2 1 2 3 2 0 0 2 0 0 2 2 2 0 0 0 2 2 0 0 0 0 0 0 0 0 0 0 0 0 0 0 0 2 0 0 2 2 14 12 0 0 0 0 0 0 -2147483648 
-2147483648 0 0 0 0 0 0 17 18 1 1 2 1 2 1 3 1 2 2 0 1 3 1 2 2 0 0 0 0 2 2 1 3 2 3 1 2 0 3 3 4 4 4 6 10 8 45 131 136 102 100 101 104 109 115 120 122 127 132 135 136 137 139 137 137 135 133 129 125 122 118 114 109 104 99 93 87 78 72 67 61 56 52 48 44 40 36 32 29 27 25 23 21 18 14 12 11 8 5 4 4 4 3 1 1 4 3 3 2 0 0 3 4 4 3 1 2 2 0 2 1 6 9 11 15 10 2 12 12 7 4 3 1 3 3 3 2 2 3 4 3 1 0 1 2 1 3 3 1 2 0 0 0 0 5 14 19 14 4 1 6 10 11 6 16 13 3 9 18 14 4 2 2 0 2 1 3 1 0 1 4 4 4 4 4 4 4 3 2 3 4 3 3 4 6 5 6 4 1 0 2 2 0 0 0 0 1 1 1 1 2 0 3 3 4 4 3 2 2 1 1 3 4 3 1 2 2 0 0 0 0 1 2 1 0 0 0 0 0 0 0 0 1 2 2 3 4 15 13 0 0 0 0 0 0 -2147483648 
-2147483648 0 0 0 0 0 0 18 18 0 0 1 3 2 1 1 1 3 1 0 2 3 3 3 1 0 0 0 0 2 2 0 2 0 2 1 3 2 3 1 0 0 2 5 9 12 17 82 110 119 131 138 140 139 137 134 129 125 120 117 115 110 101 93 87 80 73 66 59 54 49 44 40 36 33 31 27 19 11 9 11 12 12 11 9 8 8 8 8 8 8 7 5 3 1 1 4 4 1 0 0 0 1 1 3 4 2 4 3 0 0 1 3 3 2 3 1 1 2 1 2 6 8 10 14 10 2 12 13 9 6 3 1 2 2 2 0 0 0 0 0 0 0 2 1 3 3 1 1 3 4 3 1 0 6 14 17 14 6 3 6 13 15 0 17 15 6 6 18 17 5 2 2 0 1 2 1 0 1 3 3 1 0 0 0 0 1 3 4 4 3 3 2 2 2 2 3 4 3 0 1 3 4 4 4 4 4 3 1 1 3 2 3 3 1 0 0 0 0 0 0 0 0 2 2 1 3 1 0 0 1 3 2 3 4 3 1 0 1 2 1 1 3 4 3 1 1 16 15 0 0 0 0 0 0 -2147483648 
-2147483648 0 0 0 0 0 0 17 18 1 0 2 2 3 3 1 2 2 0 1 3 3 2 0 0 1 3 4 4 3 1 0 1 2 1 2 3 2 3 3 2 1 1 4 7 11 3 41 69 82 86 84 80 75 68 61 55 48 41 36 33 30 26 23 20 17 15 13 11 11 10 9 8 8 7 5 4 8 7 5 5 3 4 4 4 4 3 1 0 0 0 2 2 1 3 1 1 4 4 3 1 0 0 3 4 1 0 4 4 0 0 0 0 2 4 2 0 0 0 1 3 4 8 12 14 9 1 12 15 9 4 3 0 3 3 1 0 0 0 0 1 3 4 3 3 3 4 4 3 2 2 3 2 0 5 13 16 15 9 3 4 12 17 6 15 18 10 4 18 18 8 3 2 0 0 0 0 0 2 2 0 0 0 0 0 0 2 2 0 0 3 4 1 1 3 3 1 4 3 2 1 0 0 0 0 0 1 3 1 2 2 0 0 2 2 0 0 0 0 0 0 0 0 1 3 4 4 3 0 1 3 0 2 1 0 2 2 0 2 0 2 2 2 0 2 2 0 16 16 0 0 0 0 0 0 -2147483648 
-2147483648 0 0 0 0 0 0 16 19 4 3 1 1 4 1 2 1 3 1 2 2 2 2 0 0 2 2 1 3 4 4 4 3 2 3 3 3 0 3 4 1 2 0 2 3 7 10 13 11 13 16 15 13 12 11 9 8 8 7 5 4 5 7 6 2 0 2 1 2 3 2 1 2 1 1 3 3 9 8 9 6 3 3 4 3 2 3 4 3 2 2 3 3 3 3 3 1 1 3 4 4 1 0 3 4 3 1 4 4 0 0 0 0 1 4 3 0 0 0 2 3 3 6 13 15 9 2 12 15 7 3 3 2 0 0 0 0 0 0 0 2 3 3 4 2 2 4 4 2 3 3 2 3 3 4 11 16 16 11 6 0 9 16 13 8 21 16 4 15 18 11 4 3 1 0 0 0 1 3 4 4 3 1 0 1 3 3 1 0 1 4 3 0 0 0 0 0 3 3 3 3 0 0 1 3 4 4 2 2 2 1 1 1 3 1 0 1 3 3 1 0 0 0 0 0 0 3 4 4 4 2 2 1 1 1 3 3 3 5 6 4 3 3 4 3 1 0 16 16 0 0 0 0 0 0 -2147483648 
-2147483648 0 0 0 0 0 0 17 20 3 2 0 0 3 2 0 2 3 2 1 3 3 2 0 0 1 3 3 2 0 0 0 2 0 2 1 3 1 2 3 3 1 0 1 3 5 6 6 4 3 3 3 2 0 0 0 0 2 0 0 2 0 0 2 2 0 2 2 0 2 2 2 0 2 1 3 4 8 6 6 3 3 3 1 2 0 1 3 4 4 4 4 1 2 1 3 4 1 0 1 4 3 0 1 3 4 4 4 3 0 1 2 1 0 3 4 1 0 1 3 3 2 3 11 15 11 0 12 14 7 4 4 1 0 0 0 1 2 1 0 2 4 2 1 4 3 1 0 2 1 3 3 3 3 4 9 15 16 12 7 3 7 15 18 6 20 21 6 9 17 14 6 3 2 1 3 4 4 3 3 0 2 2 0 2 2 1 3 3 3 3 3 4 3 1 0 0 1 2 3 4 3 1 2 2 0 0 2 2 2 0 2 2 2 0 0 2 2 2 2 0 0 0 0 0 1 1 2 3 0 3 1 1 4 9 13 15 16 16 15 13 9 7 5 3 1 0 16 16 0 0 0 0 0 0 -2147483648 
-2147483648 0 0 0 0 0 0 19 20 1 1 1 1 1 1 3 1 4 2 0 2 3 3 1 0 0 2 4 2 0 0 0 1 1 2 4 3 2 2 1 3 1 1 3 4 4 4 3 3 2 0 2 1 3 4 4 3 0 2 2 3 1 0 1 3 4 2 2 3 3 2 2 1 3 3 1 4 5 3 3 2 3 1 2 1 2 1 0 1 1 1 3 2 1 2 2 4 3 0 0 3 4 1 0 0 1 3 3 1 0 2 0 2 0 1 4 4 1 2 3 3 1 2 10 16 12 1 11 15 9 5 2 1 2 1 0 2 0 2 0 2 3 3 3 4 1 3 3 2 1 2 4 3 4 3 7 13 17 17 10 4 2 11 20 15 12 24 13 3 15 15 8 5 2 2 3 3 3 3 4 0 2 2 1 3 1 2 2 2 3 3 1 0 2 2 0 0 0 0 1 3 4 3 1 3 1 0 2 2 2 1 3 2 1 1 0 2 2 1 3 1 0 0 1 3 4 1 2 2 2 2 4 11 16 16 14 11 9 8 8 10 11 12 11 9 8 5 15 15 0 0 0 0 0 0 -2147483648 
-2147483648 0 0 0 0 0 0 20 20 0 0 2 2 0 2 1 3 3 3 3 3 1 2 2 0 0 2 4 2 0 1 2 1 2 2 4 4 1 3 3 3 2 2 2 0 0 1 3 3 1 0 2 0 2 1 2 3 2 0 0 3 3 2 3 4 3 3 2 2 3 3 3 2 0 0 0 3 4 4 4 4 3 2 3 3 1 0 0 0 2 2 1 3 4 4 3 5 4 0 0 1 4 4 3 1 0 1 3 4 4 3 2 3 1 0 1 4 3 1 3 3 0 2 10 16 13 1 9 13 12 8 3 2 0 2 0 1 2 1 0 1 3 4 3 3 2 4 2 2 0 1 4 2 3 4 7 10 15 18 13 6 1 8 18 20 4 23 18 3 13 15 9 6 3 3 3 2 0 4 4 0 2 2 2 2 0 2 1 3 1 3 4 4 3 0 3 4 3 1 0 0 4 3 2 3 2 0 2 2 2 2 0 2 0 2 0 2 2 0 2 2 0 0 2 2 3 3 1 2 4 10 17 20 16 12 8 5 4 4 5 8 11 13 15 16 16 13 13 12 0 0 0 0 0 0 -2147483648 
-2147483648 0 0 0 0 0 0 19 20 1 0 1 3 4 2 1 0 3 2 3 1 0 1 3 1 1 4 4 1 0 2 0 2 1 3 4 3 0 1 3 4 3 3 1 0 0 2 2 0 0 1 3 1 1 3 1 3 3 1 0 4 1 2 3 0 2 3 3 2 1 3 3 3 3 1 0 1 3 4 4 4 4 3 1 2 2 0 0 0 1 3 4 4 3 1 1 6 6 1 0 0 1 3 4 4 1 3 4 4 4 4 4 4 4 1 0 4 2 0 1 4 1 2 9 15 15 3 7 9 12 9 4 1 2 1 0 0 0 0 0 0 0 1 2 1 3 4 0 1 0 2 3 3 3 4 7 7 11 17 17 11 3 5 16 22 7 16 22 11 9 16 11 6 4 2 2 2 0 3 4 3 3 3 3 1 0 2 0 2 1 4 3 0 0 2 2 0 2 2 0 1 4 1 0 3 3 4 3 0 3 1 0 2 0 2 1 3 1 1 1 2 4 4 3 1 2 2 1 7 14 17 14 7 1 0 0 0 0 0 0 0 0 0 1 4 7 9 8 8 0 0 0 0 0 0 -2147483648 
-2147483648 0 0 0 0 0 0 18 20 3 2 1 1 2 3 1 4 4 3 1 3 0 0 3 4 4 4 1 0 0 1 2 1 0 0 2 2 0 2 1 4 4 4 4 4 4 3 1 0 0 2 2 2 0 1 3 1 3 2 0 4 0 1 4 4 2 1 1 1 3 4 1 0 2 2 0 0 0 1 2 1 0 2 2 1 3 4 4 4 3 1 0 0 2 2 1 4 7 4 4 4 3 1 1 4 4 4 4 3 4 4 4 5 7 6 3 4 3 2 2 3 2 1 8 15 15 4 5 8 12 10 4 0 0 0 0 0 0 0 0 0 0 0 0 0 4 3 4 4 4 4 4 2 2 4 7 5 7 15 18 15 6 3 13 23 16 10 25 17 8 17 11 6 4 1 2 2 0 1 3 4 4 4 3 1 1 3 1 2 2 3 3 4 4 3 1 0 1 3 3 3 3 2 1 2 0 0 0 2 2 0 0 2 0 2 2 3 3 4 1 2 0 0 0 0 3 7 13 21 21 13 6 0 4 9 14 16 17 18 17 14 9 4 1 1 4 8 8 4 0 0 0 0 0 0 -2147483648 
-2147483648 0 0 0 0 0 0 19 20 3 0 2 2 1 4 7 8 5 6 6 6 4 4 6 6 3 0 2 1 0 0 0 0 0 0 2 3 3 3 1 2 0 0 1 3 4 4 3 1 1 3 1 1 1 0 3 1 3 3 4 4 2 3 1 0 2 1 3 2 3 3 2 1 2 2 0 0 0 2 0 2 0 1 3 4 4 4 3 1 2 2 0 0 1 3 3 3 5 3 2 2 3 3 1 2 2 2 4 3 3 4 5 6 7 7 6 6 4 1 1 3 1 0 6 13 13 6 4 7 10 11 6 1 0 0 1 2 1 0 0 0 0 0 0 0 3 3 4 2 2 1 0 3 3 0 6 6 4 11 17 18 12 3 6 21 24 4 19 20 12 17 10 6 4 3 3 1 0 0 0 1 3 1 2 2 3 4 4 3 1 3 4 4 4 4 4 4 3 1 2 3 3 3 3 2 0 1 3 2 2 4 4 3 2 3 3 3 2 3 3 1 0 0 0 1 7 14 17 14 7 1 0 3 9 13 14 15 16 16 16 16 14 10 6 1 0 0 0 0 0 0 0 0 0 0 -2147483648 
-2147483648 0 0 0 0 0 0 20 20 1 1 2 3 3 3 3 3 2 3 3 3 2 3 4 3 0 2 0 3 2 2 2 1 1 3 3 3 2 0 2 2 0 0 3 3 1 0 2 2 2 2 0 0 2 0 1 3 1 0 0 1 2 1 0 1 3 3 3 3 1 2 0 2 2 2 0 0 0 1 2 1 0 0 0 0 0 0 2 2 2 1 2 1 1 2 1 3 4 4 1 0 1 3 3 1 3 3 3 5 6 7 8 8 9 10 8 6 5 2 2 1 2 2 5 10 13 8 6 7 5 10 6 4 1 0 2 0 2 0 0 0 0 0 0 0 1 2 1 0 0 0 0 3 3 4 6 7 6 10 16 18 15 6 3 17 28 14 16 21 4 13 7 1 4 3 0 1 3 3 1 0 3 4 2 2 4 3 4 4 0 0 0 0 0 0 0 0 2 2 2 2 0 3 4 1 0 2 2 2 2 1 2 1 1 3 4 3 1 1 3 4 4 4 3 9 18 21 14 6 1 9 15 20 21 17 11 8 7 6 7 11 17 20 20 16 12 9 6 3 0 0 0 0 0 0 -2147483648 
-2147483648 0 0 0 0 0 0 20 20 0 2 3 3 3 1 0 2 0 2 2 0 0 2 1 3 1 1 2 3 0 0 0 2 2 2 1 3 1 0 2 2 1 3 4 1 3 3 3 1 1 3 4 4 3 2 2 1 0 1 2 1 0 0 0 1 3 3 1 2 4 3 2 3 3 1 0 0 0 0 0 0 0 0 0 0 0 0 1 3 4 4 4 4 4 4 4 3 3 6 6 5 3 3 4 3 6 7 5 7 9 9 11 13 15 17 17 13 9 4 3 1 0 5 4 6 11 11 7 9 6 8 4 4 2 0 1 2 1 0 0 1 2 1 0 0 0 0 0 0 0 0 0 1 2 1 3 6 5 9 16 19 19 12 3 11 30 25 13 25 9 10 9 1 3 4 1 2 2 2 2 0 4 4 3 4 3 1 4 4 0 0 0 0 0 0 1 3 2 2 4 3 0 4 4 0 0 1 3 3 1 2 0 2 2 2 0 0 1 3 3 1 0 1 10 20 20 11 3 1 7 14 16 16 12 8 6 5 4 4 3 3 5 11 17 17 14 12 11 8 0 0 0 0 0 0 -2147483648 
-2147483648 0 0 0 0 0 0 20 20 1 3 3 2 0 0 0 1 1 2 3 2 2 1 0 2 3 3 3 0 1 1 2 3 3 1 2 2 0 0 3 3 3 2 1 2 3 2 0 0 0 0 1 3 3 1 0 0 0 2 0 2 1 3 3 2 3 3 2 2 0 1 3 4 4 4 4 3 2 3 4 4 4 4 4 4 4 4 3 1 1 3 5 6 5 4 6 4 3 3 3 4 4 5 7 5 6 5 6 7 10 10 10 11 12 14 18 18 13 6 3 3 3 6 3 3 9 13 4 14 1 3 6 4 2 0 0 0 0 0 1 3 1 2 0 0 0 0 0 0 0 0 0 0 0 0 2 4 1 4 13 19 22 17 9 10 26 32 4 28 15 6 11 3 2 4 2 1 3 3 1 0 3 4 4 3 0 0 4 3 2 1 0 0 0 0 2 2 2 2 3 4 1 3 4 3 1 0 0 0 0 1 2 1 1 3 4 3 3 2 2 3 6 13 23 23 11 0 9 16 20 19 11 4 1 2 2 0 0 0 2 2 2 1 6 10 10 11 16 13 0 0 0 0 0 0 -2147483648 
-2147483648 0 0 0 0 0 0 20 20 2 3 3 1 0 0 0 0 2 2 0 0 1 4 6 4 3 2 2 2 3 4 4 3 2 3 3 1 1 3 4 1 3 3 4 3 0 3 4 3 1 0 2 2 2 3 2 1 0 1 2 0 3 3 2 3 4 6 3 0 2 3 2 0 1 2 2 3 4 4 4 3 1 0 0 0 0 0 2 2 0 3 4 4 1 0 3 3 4 3 0 1 3 1 3 3 6 4 4 7 13 10 7 6 4 6 13 19 17 10 6 3 2 3 3 4 8 13 2 15 2 1 6 6 3 1 3 3 2 3 4 3 3 3 3 1 0 0 0 0 0 0 0 0 0 0 2 3 3 2 8 13 19 20 13 9 17 32 13 22 22 4 10 6 4 4 3 3 4 3 1 0 1 3 3 1 0 0 4 2 0 2 1 3 4 3 3 3 2 2 3 3 3 3 1 2 2 0 0 0 0 0 0 0 0 0 0 3 4 1 2 5 12 18 18 10 1 6 14 16 15 12 6 4 4 3 1 0 0 0 1 3 0 3 3 4 4 4 17 17 0 0 0 0 0 0 -2147483648 
-2147483648 0 0 0 0 0 0 20 21 3 3 2 0 0 0 0 0 2 2 0 0 3 6 4 4 3 1 1 3 4 3 0 2 0 2 0 0 2 2 1 2 1 0 0 2 2 0 0 2 3 3 2 2 3 3 0 2 0 0 0 2 1 4 1 1 4 3 0 2 1 4 1 0 2 0 0 1 2 1 0 2 2 0 0 0 0 0 2 1 3 4 3 3 3 2 3 3 4 4 4 3 3 2 1 3 4 3 5 10 13 7 6 4 2 4 10 17 18 11 7 4 1 3 4 6 9 13 7 12 8 4 3 7 3 3 4 4 3 1 1 2 1 1 3 3 0 0 0 0 0 0 0 0 0 0 1 3 3 2 6 11 16 18 16 6 8 25 25 13 30 10 7 8 6 4 4 4 4 4 4 2 3 3 1 0 0 0 3 3 2 3 4 4 3 3 2 0 2 3 2 1 4 2 0 2 2 1 3 4 4 4 4 4 4 4 4 4 3 1 7 16 23 20 10 1 12 19 20 13 9 6 4 4 4 4 4 4 4 4 3 3 3 1 0 1 3 4 19 19 0 0 0 0 0 0 -2147483648 
-2147483648 0 0 0 0 0 0 21 23 4 3 1 0 0 0 0 0 2 3 3 4 4 4 2 1 0 0 1 3 3 0 3 2 0 2 3 2 1 1 1 0 0 1 3 3 0 3 4 3 3 2 2 2 0 1 2 1 0 0 1 3 1 4 1 2 2 3 1 1 3 3 1 2 0 1 1 0 3 3 1 1 3 4 4 4 4 4 4 3 3 3 1 1 3 4 3 3 3 3 5 8 11 9 5 4 6 4 6 10 10 7 7 4 2 4 6 14 21 16 11 5 0 0 0 3 6 11 14 4 12 3 1 8 4 4 4 1 2 0 0 0 0 2 2 4 0 0 1 3 4 4 4 3 2 3 3 1 0 0 1 7 13 16 18 14 5 16 33 9 28 23 3 10 7 4 4 2 0 1 4 1 2 2 2 0 0 0 1 3 4 4 3 0 4 3 1 1 1 4 1 0 3 3 3 3 2 2 2 0 1 3 4 4 4 4 4 3 1 4 14 21 18 8 0 10 18 19 15 10 8 5 4 4 3 1 0 0 0 0 2 1 3 4 4 4 3 1 20 20 0 0 0 0 0 0 -2147483648 
-2147483648 0 0 0 0 0 0 23 24 1 0 0 0 1 3 4 4 3 4 4 3 1 2 0 0 0 0 2 2 0 2 2 2 0 2 2 0 0 0 2 0 0 2 3 2 3 2 0 0 1 3 2 1 1 1 2 1 1 3 4 4 4 4 3 2 2 4 3 2 3 1 2 0 1 3 1 2 2 2 3 3 3 1 1 2 1 0 2 4 4 4 0 0 0 0 2 3 3 6 12 16 18 16 9 6 7 6 9 11 11 9 3 2 3 4 3 8 20 21 14 8 1 0 0 1 3 7 13 7 10 7 3 7 7 5 4 1 1 3 4 4 4 2 3 3 0 1 4 4 4 4 4 4 2 4 4 3 0 0 0 3 8 11 14 15 6 9 29 25 17 32 7 10 11 5 4 2 0 0 3 3 1 1 3 1 0 0 0 0 0 0 1 4 4 1 0 2 0 3 3 1 2 0 3 4 1 1 3 1 2 2 0 0 1 2 1 1 6 16 24 20 7 6 17 23 21 11 6 6 4 4 3 1 2 2 0 0 0 0 1 1 1 1 0 0 2 2 20 20 0 0 0 0 0 0 -2147483648 
-2147483648 0 0 0 0 0 0 23 23 3 1 0 0 2 2 0 1 3 4 3 2 1 3 2 3 4 3 0 3 1 1 3 2 0 2 3 2 1 1 1 0 1 3 7 8 10 6 3 1 0 0 2 0 2 2 0 2 2 2 1 3 4 4 3 2 3 4 1 1 4 4 3 2 3 3 1 1 3 3 3 2 2 2 2 0 2 0 6 20 28 31 18 6 1 0 1 3 6 13 17 16 15 19 17 11 8 8 10 11 11 8 6 3 5 2 2 1 15 23 16 9 3 1 3 3 1 3 11 13 1 8 6 6 9 8 3 2 1 3 0 0 1 4 4 1 1 4 4 1 0 0 0 4 0 4 4 4 0 1 2 1 4 7 11 16 10 3 23 33 4 31 18 4 12 9 5 2 0 0 1 3 4 4 4 3 0 0 0 0 0 1 4 4 1 1 2 1 1 3 0 3 3 1 4 3 0 0 2 2 2 2 0 0 2 0 2 4 14 23 20 8 3 14 18 16 10 4 3 3 2 0 2 2 1 3 1 0 0 0 0 2 2 0 0 1 3 1 20 20 0 0 0 0 0 0 -2147483648 
-2147483648 0 0 0 0 0 0 21 22 3 2 0 0 2 1 2 3 2 2 2 1 1 1 2 3 1 2 2 3 3 1 0 2 0 2 0 0 2 2 0 0 2 3 8 3 8 4 2 2 0 0 1 2 1 1 2 0 3 1 0 0 2 2 1 3 3 1 1 3 4 3 4 4 3 2 3 4 4 4 3 1 1 3 3 2 3 9 34 59 61 56 38 14 6 1 1 4 10 14 11 6 7 13 14 10 6 7 7 9 8 1 8 4 5 3 3 1 9 22 20 11 4 3 4 4 4 4 9 13 9 4 8 7 12 12 4 0 3 1 0 1 4 4 1 0 3 4 1 0 0 0 0 3 2 3 4 3 3 4 3 3 4 5 9 14 12 4 14 32 15 27 27 3 9 11 7 2 1 3 3 1 0 0 3 4 1 0 0 0 0 2 3 3 1 0 0 0 2 2 2 2 4 2 4 1 3 4 3 1 2 3 3 4 3 1 4 13 23 20 6 9 19 23 17 10 6 3 3 3 1 0 1 3 3 3 2 0 0 0 0 1 3 4 3 3 2 0 20 20 0 0 0 0 0 0 -2147483648 
-2147483648 0 0 0 0 0 0 21 23 4 1 0 0 2 1 3 3 1 3 3 3 3 1 2 3 4 2 2 4 1 2 1 1 1 1 0 0 1 3 4 4 3 3 6 8 9 4 3 1 0 0 0 0 0 0 0 2 2 0 0 1 3 1 2 2 1 3 4 3 4 3 1 1 3 4 4 4 4 4 4 4 4 4 4 3 6 32 65 73 59 68 68 38 17 7 5 10 13 11 6 1 1 6 11 11 7 6 6 9 7 3 10 6 6 1 0 2 4 18 25 17 7 4 4 2 2 4 7 10 13 9 1 6 11 16 10 4 3 1 0 2 3 3 1 0 4 4 0 0 0 0 0 1 2 1 3 3 4 3 3 4 4 4 8 12 13 11 7 28 26 15 33 14 5 12 9 2 2 2 2 2 0 0 1 4 3 0 0 0 0 1 3 4 4 3 1 0 1 3 3 3 4 1 4 1 2 0 0 1 3 3 2 0 0 3 12 21 21 10 5 16 18 16 11 8 5 3 1 2 0 0 0 0 2 3 3 3 1 0 0 0 0 0 2 3 3 4 21 21 0 0 0 0 0 0 -2147483648 
-2147483648 0 0 0 0 0 0 23 25 3 1 1 3 3 3 3 1 0 3 4 4 4 3 1 1 1 2 3 3 1 2 2 0 2 0 0 1 2 2 3 4 4 3 1 2 3 4 4 4 4 4 3 1 0 0 1 3 1 0 0 3 4 4 3 1 2 2 1 3 4 1 2 2 3 3 4 4 3 1 0 0 0 0 1 17 43 73 83 63 44 59 77 56 23 11 12 13 10 6 3 2 1 2 7 8 4 4 6 9 4 8 15 10 11 7 1 3 4 13 25 23 11 4 3 3 2 2 5 8 10 12 6 6 10 16 14 9 6 3 0 1 3 4 3 1 4 3 0 0 0 0 1 3 3 1 1 2 1 0 1 4 4 4 7 10 11 10 4 20 29 6 33 24 3 11 9 4 3 3 3 1 0 0 0 4 4 0 0 0 0 0 0 1 3 4 4 3 1 0 0 4 4 0 3 3 1 1 2 3 2 2 2 1 6 13 21 23 10 8 19 21 16 10 6 1 0 1 2 1 0 0 0 0 1 3 3 3 2 0 0 0 0 0 1 3 4 3 23 22 0 0 0 0 0 0 -2147483648 
-2147483648 0 0 0 0 0 0 24 26 0 2 2 3 3 2 1 0 2 1 2 2 2 2 2 3 3 3 3 2 3 3 0 2 1 0 0 2 0 0 2 0 0 0 0 2 5 4 1 0 0 0 2 2 1 2 1 1 2 2 3 4 3 1 3 4 3 1 3 3 0 1 2 3 3 2 0 0 2 2 0 0 0 0 4 39 72 81 67 43 27 38 72 79 47 21 14 10 6 1 2 0 3 6 8 6 1 3 6 8 3 14 14 7 9 12 4 2 3 6 21 27 17 7 4 4 1 2 3 6 9 13 14 6 4 13 17 14 10 6 4 4 3 3 3 4 4 1 0 0 0 0 3 4 4 3 0 1 2 1 0 4 4 1 4 7 11 10 4 16 25 13 21 32 13 6 10 7 4 3 1 0 0 0 1 4 3 0 0 1 3 3 1 1 3 3 1 2 2 0 0 4 4 1 3 1 0 2 1 3 1 3 2 2 9 19 21 14 2 16 18 16 11 6 1 1 3 3 1 1 3 4 4 4 4 3 3 3 3 4 3 2 2 2 2 1 0 2 24 22 0 0 0 0 0 0 -2147483648 
-2147483648 0 0 0 0 0 0 24 26 0 1 3 3 2 2 0 2 1 3 4 4 4 4 3 3 3 3 3 0 4 1 2 0 0 0 0 2 1 2 0 3 3 2 3 3 4 4 4 4 3 2 1 2 4 4 3 1 0 4 3 3 1 2 2 1 3 4 4 1 2 2 3 3 3 1 0 0 1 3 4 4 3 2 19 64 81 53 30 20 10 23 56 83 70 35 15 8 4 0 2 5 6 7 6 3 3 6 7 4 11 14 9 3 6 13 8 3 3 2 14 26 23 13 8 4 0 1 3 6 9 13 19 15 3 6 13 17 14 7 4 3 3 1 3 4 1 0 0 0 0 0 3 4 4 3 0 2 0 2 0 4 4 0 1 6 13 11 4 17 15 20 11 38 23 2 9 6 3 3 2 1 3 4 4 6 4 4 5 8 6 4 2 2 2 1 3 3 1 0 1 4 3 2 2 0 0 1 3 1 0 3 4 10 20 24 14 1 16 21 14 9 6 1 0 2 2 2 2 2 2 0 0 0 0 2 4 1 2 1 2 0 0 0 0 2 0 1 24 23 0 0 0 0 0 0 -2147483648 
-2147483648 0 0 0 0 0 0 24 26 0 0 2 1 3 0 2 1 2 2 2 2 1 3 4 3 3 3 3 4 4 2 1 0 0 0 0 2 2 0 2 2 2 0 2 1 3 1 0 0 2 0 0 2 1 2 1 2 4 3 4 3 3 3 1 3 4 4 3 2 3 3 3 2 0 0 0 1 3 3 1 0 2 6 42 87 76 38 21 16 10 10 36 74 85 55 24 10 6 1 3 6 6 6 3 3 2 7 8 1 11 11 7 3 8 14 8 2 0 3 6 18 23 20 13 6 1 0 0 1 3 7 16 19 11 3 4 13 17 11 4 4 4 2 2 1 0 0 0 0 0 0 1 3 3 1 0 1 2 1 1 4 6 3 1 3 11 13 4 19 13 18 11 32 35 9 8 8 6 4 3 4 4 3 0 5 11 17 23 30 38 39 29 17 9 6 4 1 0 0 3 4 1 1 3 4 4 4 3 2 2 1 4 16 23 17 3 13 20 17 10 6 3 1 2 1 2 1 3 1 2 1 2 1 1 3 3 0 0 2 1 2 2 2 2 3 3 1 24 24 0 0 0 0 0 0 -2147483648 
-2147483648 0 0 0 0 0 0 25 25 1 2 3 1 2 2 0 1 3 1 2 2 0 0 0 1 3 3 2 3 4 2 3 4 3 2 2 1 1 3 3 1 1 2 1 2 2 0 1 3 3 1 1 3 1 0 0 2 0 1 4 3 2 0 1 4 3 0 1 3 4 4 3 1 0 0 0 2 2 2 2 0 4 30 82 98 55 21 13 9 6 2 23 59 83 63 28 11 5 3 6 6 1 2 2 4 1 9 6 2 11 11 5 6 14 13 5 3 4 4 3 9 19 24 18 9 3 0 0 0 0 3 11 16 16 9 0 7 16 16 9 7 4 0 0 0 0 0 0 0 0 0 0 0 0 0 0 0 0 0 2 2 4 2 3 3 6 11 3 23 19 6 16 16 42 17 8 24 39 49 57 67 75 80 84 89 95 100 103 104 99 80 56 30 13 7 7 6 3 1 3 4 4 3 1 1 2 1 0 1 3 3 13 23 17 2 13 23 20 11 6 3 1 3 2 2 4 3 3 0 2 2 0 2 2 2 1 2 2 3 4 3 1 0 0 0 2 2 24 24 0 0 0 0 0 0 -2147483648 
-2147483648 0 0 0 0 0 0 26 24 2 0 2 3 3 1 1 3 1 1 3 1 0 0 0 2 3 1 2 3 3 0 2 0 2 0 0 0 0 2 0 0 0 0 0 1 3 3 3 2 1 4 3 3 2 0 0 2 1 3 3 2 2 0 2 4 2 0 2 2 0 0 1 2 1 0 1 1 1 0 3 3 13 59 95 69 22 6 8 3 6 7 16 57 86 63 28 12 3 6 8 4 1 2 2 4 1 11 5 3 10 12 3 11 16 9 1 3 1 0 0 3 12 22 23 15 6 1 0 1 2 1 7 10 16 16 7 0 9 16 14 10 6 3 1 0 0 0 0 1 3 4 3 2 3 4 4 4 4 3 3 1 5 12 21 31 41 53 66 71 57 41 19 9 43 32 17 54 77 97 111 120 123 123 122 122 120 115 108 99 89 85 81 48 20 10 7 6 4 3 1 3 3 3 2 2 1 3 1 3 3 10 22 22 8 8 19 20 14 9 5 4 4 4 2 2 3 3 3 1 1 2 1 3 0 3 4 4 3 1 0 3 4 4 4 4 3 1 24 24 0 0 0 0 0 0 -2147483648 
-2147483648 0 0 0 0 0 0 26 25 3 4 3 3 2 0 2 2 0 2 2 0 0 0 0 2 4 1 3 2 1 0 2 3 0 2 1 1 2 1 0 0 0 0 0 0 0 3 4 1 3 3 3 4 1 0 0 3 4 3 1 2 2 0 2 4 2 1 3 1 0 0 2 0 2 0 2 0 0 2 1 16 51 87 77 33 14 10 5 5 4 3 24 72 85 53 24 9 5 4 1 0 1 3 1 5 3 13 7 5 10 9 8 14 10 1 4 2 0 0 0 1 7 17 24 18 7 4 2 3 2 2 4 6 10 15 11 3 3 11 17 14 9 8 6 4 4 3 1 1 4 9 17 24 33 43 52 60 69 79 87 93 100 107 113 120 125 132 135 117 82 60 30 14 36 43 20 78 89 80 79 74 68 64 60 56 52 47 42 40 40 62 85 54 21 9 6 4 4 4 3 1 2 3 3 3 3 3 4 1 9 23 24 9 9 20 23 14 7 3 0 1 3 3 2 2 0 4 1 2 0 2 2 2 2 0 0 0 3 3 1 4 4 0 0 0 0 0 24 24 0 0 0 0 0 0 -2147483648 
-2147483648 0 0 0 0 0 0 26 27 3 3 2 3 1 0 1 3 1 1 3 1 0 0 0 2 4 2 2 0 0 0 2 2 3 3 4 4 3 1 0 0 1 2 1 1 3 4 4 3 6 6 6 4 4 4 4 4 3 1 3 3 1 0 2 4 2 2 2 0 0 1 3 2 3 4 3 2 1 1 4 36 80 85 51 13 13 17 3 3 3 4 37 85 79 40 17 4 3 1 0 0 0 2 1 8 4 14 10 9 8 4 13 13 6 1 3 3 1 1 3 4 4 13 23 17 7 6 4 3 2 3 3 4 7 12 13 6 4 3 12 16 13 24 37 47 56 63 69 78 91 101 106 111 119 123 124 125 130 135 135 134 134 133 128 119 112 107 99 90 83 76 54 17 26 44 16 78 91 56 37 31 29 28 28 26 22 19 18 18 23 63 91 60 24 11 5 4 4 3 4 4 3 3 2 2 0 2 1 6 19 24 16 3 16 21 17 8 4 1 0 2 2 0 0 0 2 3 2 0 3 3 0 3 1 1 3 4 4 1 2 3 4 3 2 3 4 4 25 25 0 0 0 0 0 0 -2147483648 
-2147483648 0 0 0 0 0 0 26 28 2 2 0 2 0 0 0 2 1 2 3 2 0 0 0 2 4 1 3 2 2 2 3 3 3 2 1 3 4 4 3 1 2 0 2 2 2 2 4 1 1 1 1 2 0 1 3 3 1 2 3 3 4 4 3 3 3 3 1 0 0 2 2 0 0 1 2 1 2 4 27 72 89 58 18 7 16 22 11 12 6 10 53 92 65 25 10 3 2 2 1 2 2 1 3 8 3 10 10 4 4 9 10 4 0 2 1 3 4 3 3 3 7 16 20 13 6 5 3 8 15 24 38 49 54 57 66 78 72 46 16 21 54 83 101 111 115 116 120 127 132 131 128 124 116 104 93 85 80 73 65 60 57 51 45 41 40 36 33 44 66 75 67 27 16 39 12 61 104 76 34 14 12 12 12 11 9 9 11 11 18 63 95 64 27 13 4 4 4 0 1 4 3 2 0 0 2 0 4 16 23 15 4 17 23 17 7 4 4 4 4 3 1 1 2 1 2 2 0 2 2 0 2 2 0 2 2 0 1 1 1 0 3 4 1 2 0 0 26 26 0 0 0 0 0 0 -2147483648 
-2147483648 0 0 0 0 0 0 27 28 0 3 2 3 1 0 0 2 0 1 3 1 1 0 0 2 3 2 1 0 0 0 0 1 3 0 3 4 3 1 2 2 1 2 0 3 1 2 3 3 4 3 1 2 0 2 2 0 1 3 3 2 0 0 0 2 4 2 0 1 2 1 2 0 0 2 0 3 3 14 61 95 76 44 20 16 23 21 8 10 14 18 60 87 53 18 7 4 2 2 2 0 0 0 4 8 2 5 6 6 7 7 4 1 0 1 2 2 4 4 4 4 16 41 60 69 77 85 91 99 107 112 116 123 127 121 119 131 139 129 86 36 61 74 66 73 77 74 73 73 67 59 55 53 47 41 37 35 33 29 25 24 24 19 15 15 16 13 13 26 51 72 80 51 17 29 29 34 101 96 47 13 4 7 7 6 6 6 9 8 16 62 97 69 29 14 4 4 4 0 1 4 3 1 2 2 3 3 10 22 20 6 13 23 20 11 5 4 3 0 0 0 0 2 0 2 3 3 1 1 3 4 3 1 0 1 3 3 1 2 0 2 0 3 3 1 0 0 26 26 0 0 0 0 0 0 -2147483648 
-2147483648 0 0 0 0 0 0 27 28 1 2 0 2 2 0 1 3 2 3 1 0 2 0 0 1 3 4 4 4 4 4 4 4 3 2 2 0 0 1 3 1 0 0 2 2 1 3 1 1 2 1 2 2 1 3 1 0 3 4 3 1 0 0 0 2 4 2 0 2 0 0 2 0 0 1 2 4 18 57 98 88 47 27 18 17 14 11 2 2 11 25 65 84 48 18 8 4 1 2 3 2 2 3 4 6 3 4 8 8 7 4 0 0 0 0 0 0 4 4 3 19 59 101 118 125 131 134 137 138 134 126 116 105 99 94 86 89 97 124 119 52 36 84 78 44 26 29 34 35 28 21 18 17 15 15 13 12 12 9 8 11 13 11 9 11 9 8 10 18 39 66 78 66 27 15 30 7 84 109 65 22 7 4 4 6 6 4 6 4 14 59 99 73 30 14 4 4 3 2 3 4 2 0 1 2 2 10 23 24 9 11 24 20 9 4 3 3 1 0 0 0 0 2 1 3 4 1 3 3 4 4 4 3 1 0 1 3 3 1 2 1 1 1 1 1 1 3 27 27 0 0 0 0 0 0 -2147483648 
-2147483648 0 0 0 0 0 0 26 27 1 2 4 3 1 0 2 3 3 2 0 1 1 0 0 0 0 0 0 0 0 0 0 3 4 3 0 3 4 4 3 0 0 0 1 3 3 3 3 4 4 4 3 1 2 3 3 4 4 3 0 1 3 4 4 3 3 3 3 3 2 2 1 0 0 0 0 5 43 88 91 58 28 17 9 11 6 5 3 1 6 25 64 82 56 27 14 5 0 2 5 3 4 6 5 0 5 6 9 3 6 9 4 1 0 0 0 0 4 4 6 37 95 117 97 82 73 67 67 65 58 53 48 40 38 44 45 49 45 82 127 113 42 51 100 88 44 16 20 20 13 12 13 12 9 11 7 6 7 5 4 7 7 9 8 8 5 4 6 10 25 56 75 79 47 12 25 18 54 109 85 39 17 6 1 4 6 3 4 5 15 57 98 74 30 14 6 4 1 0 3 4 3 0 3 2 7 19 26 16 3 20 23 13 4 3 2 0 0 0 1 2 1 2 2 0 1 3 6 3 1 0 0 2 2 0 2 1 4 1 0 0 2 0 0 2 2 2 28 28 0 0 0 0 0 0 -2147483648 
-2147483648 0 0 0 0 0 0 27 26 1 2 0 0 0 0 2 4 2 2 0 3 3 3 1 0 0 0 1 3 4 4 4 3 1 0 2 3 2 4 4 2 2 2 2 4 4 3 3 3 3 2 3 4 3 3 2 1 3 1 0 3 3 2 3 4 3 3 3 2 1 1 3 3 1 0 4 31 84 98 59 29 13 6 1 8 3 2 4 3 1 18 54 83 70 37 19 7 3 1 6 3 2 2 4 9 8 7 1 18 22 18 9 3 0 0 0 0 4 8 25 77 126 108 62 38 28 30 31 25 19 15 15 15 19 26 28 29 24 49 95 122 92 13 75 109 83 40 26 19 6 5 9 8 7 11 7 6 4 1 1 8 7 6 4 4 4 4 5 9 20 46 70 82 66 20 16 30 28 100 100 53 25 9 2 2 6 4 5 8 15 54 95 75 31 14 8 4 1 1 1 4 4 4 3 4 17 27 19 3 17 24 19 7 4 3 1 0 0 1 3 2 4 3 1 1 3 4 4 1 2 0 0 2 2 0 2 0 4 2 0 0 1 2 2 3 3 1 28 28 0 0 0 0 0 0 -2147483648 
-2147483648 0 0 0 0 0 0 28 27 2 1 0 0 0 0 2 4 2 1 1 3 3 1 3 1 0 1 4 4 4 4 3 1 0 1 3 3 0 3 4 1 0 0 0 6 4 16 38 45 28 12 6 1 0 1 3 3 3 3 4 4 1 0 2 0 0 2 4 0 2 2 2 2 2 1 16 66 102 77 38 20 7 2 2 5 4 2 3 6 3 9 35 71 81 57 30 13 6 1 5 4 4 5 9 9 6 5 15 30 26 31 19 7 3 1 0 1 4 14 51 116 132 86 47 27 21 23 23 16 13 10 13 15 16 16 22 19 11 17 48 92 121 93 18 74 108 91 60 32 9 1 6 2 6 9 6 3 2 2 3 9 6 5 2 3 2 1 0 3 10 32 60 79 79 36 12 35 6 74 108 77 37 13 3 3 4 4 7 8 13 50 93 77 34 15 7 4 4 1 0 3 3 4 3 11 25 26 7 14 21 21 13 4 3 4 4 3 2 3 3 1 4 0 0 2 3 3 1 2 2 0 0 2 2 0 2 0 3 3 4 4 3 1 0 0 0 0 28 28 0 0 0 0 0 0 -2147483648 
-2147483648 0 0 0 0 0 0 27 28 1 0 0 1 3 4 3 3 2 0 2 1 4 2 3 4 4 4 4 1 0 0 3 3 1 2 2 1 2 3 4 3 2 2 3 6 16 65 85 81 61 27 11 6 1 0 3 4 3 2 1 3 2 1 2 4 4 5 8 11 12 14 17 16 16 32 64 96 87 43 17 10 4 3 1 2 4 4 1 4 6 3 22 55 82 73 45 21 8 3 1 5 5 4 6 4 2 8 29 31 13 31 24 8 3 2 0 3 10 38 99 142 105 47 26 14 14 20 17 8 10 5 10 9 13 10 10 7 4 10 29 58 98 118 73 20 87 112 95 54 19 4 5 3 5 8 6 1 3 1 4 9 4 7 4 6 4 3 2 3 3 21 52 75 82 54 15 28 27 45 106 97 49 16 3 2 2 4 7 8 13 46 93 81 36 16 6 1 4 2 2 1 0 1 10 23 27 13 11 23 20 12 5 2 2 1 2 3 0 1 2 3 4 4 4 3 3 2 0 2 2 1 2 0 3 4 3 2 3 1 0 0 2 2 0 0 0 0 28 28 0 0 0 0 0 0 -2147483648 
-2147483648 0 0 0 0 0 0 25 27 4 1 0 2 2 0 1 3 1 0 1 2 3 3 2 0 3 3 0 3 4 4 4 0 4 2 2 3 1 3 4 1 1 3 6 6 41 87 67 66 83 50 20 9 3 0 3 7 13 20 27 32 36 39 40 39 38 40 43 44 44 44 43 38 35 58 89 89 59 28 13 10 8 9 6 6 9 10 8 5 3 5 5 31 67 81 66 39 16 6 3 3 7 7 6 4 1 13 32 25 4 28 28 12 5 2 1 4 17 64 129 131 70 27 16 8 10 17 11 7 11 2 9 4 9 6 3 4 6 8 18 22 50 100 118 74 8 81 118 98 51 18 9 3 4 8 5 2 1 0 3 8 4 7 4 6 3 1 0 3 3 10 38 65 80 69 29 22 37 10 85 112 70 26 7 3 3 3 6 7 13 43 94 86 37 15 6 1 4 4 0 0 0 4 19 29 20 3 19 21 14 7 3 2 2 2 0 3 2 1 0 1 3 4 4 3 1 2 0 1 3 4 1 2 0 0 1 2 3 2 0 0 1 3 1 0 0 0 28 28 0 0 0 0 0 0 -2147483648 
-2147483648 0 0 0 0 0 0 26 26 4 3 1 2 2 0 2 3 2 1 0 0 1 3 1 2 2 0 2 2 0 1 3 3 4 4 4 4 4 4 3 1 4 4 4 17 75 93 44 36 72 62 55 59 63 65 68 70 69 68 69 71 72 70 65 60 56 52 49 46 42 39 35 32 39 72 73 45 25 15 7 10 9 10 10 13 10 10 7 5 3 4 4 17 50 79 79 53 25 9 3 13 15 14 12 6 4 11 32 27 4 23 31 16 7 4 3 10 35 96 139 99 32 9 10 10 13 13 5 8 10 3 10 3 7 4 4 6 8 7 17 12 25 65 105 111 59 28 98 122 86 37 19 8 4 8 4 0 1 2 1 5 3 5 2 4 2 2 0 5 4 6 24 54 74 76 46 18 35 24 52 113 90 37 13 1 4 1 4 6 11 42 95 89 38 15 8 3 4 4 0 0 4 16 27 22 4 18 23 16 9 4 1 2 3 3 2 3 3 1 0 0 0 0 0 2 0 2 0 0 0 3 3 1 1 2 3 0 4 2 0 0 0 2 2 0 0 0 28 28 0 0 0 0 0 0 -2147483648 
-2147483648 0 0 0 0 0 0 29 27 3 1 2 2 3 3 3 3 0 3 3 4 4 4 3 4 7 8 7 5 4 4 4 5 6 3 3 9 15 24 36 48 58 62 59 66 98 83 30 36 46 52 77 88 91 91 87 80 72 63 54 47 40 34 31 30 27 21 17 15 13 12 14 19 43 71 47 26 19 10 4 9 6 3 5 3 4 4 8 9 1 6 3 1 21 60 85 75 45 19 6 16 13 17 18 13 8 5 23 31 20 13 32 20 6 4 3 15 44 113 132 72 22 6 10 15 12 8 3 8 7 2 10 1 6 2 3 4 4 9 15 5 6 28 61 105 113 63 24 100 120 85 50 24 9 7 4 3 4 1 0 4 2 3 3 4 1 2 1 6 3 4 13 39 65 78 64 18 19 44 18 93 105 58 22 6 3 0 3 6 9 39 96 91 39 15 8 5 4 3 0 1 12 24 26 11 11 22 17 10 7 4 4 3 3 3 2 1 2 2 0 0 0 0 0 1 1 2 3 1 1 3 1 1 3 1 3 2 3 3 3 3 1 1 3 4 4 3 29 28 0 0 0 0 0 0 -2147483648 
-2147483648 0 0 0 0 0 0 29 29 1 2 3 3 3 2 0 1 3 6 6 6 6 8 8 7 4 3 12 24 38 53 69 79 84 90 99 107 112 114 114 114 114 107 95 86 88 50 12 36 26 39 42 37 33 29 23 18 17 13 9 6 6 5 6 7 7 8 6 4 4 3 8 25 55 54 23 18 13 7 7 10 10 3 1 9 7 1 8 9 5 4 2 4 4 34 75 88 63 29 9 16 10 11 16 13 8 3 16 29 28 3 31 28 7 2 3 18 53 125 126 55 14 5 11 15 9 3 2 5 6 2 10 1 8 4 4 4 3 10 13 3 4 16 34 72 109 100 41 49 109 113 80 40 15 6 4 1 4 3 2 4 4 5 6 5 4 3 3 4 5 8 13 33 60 74 73 29 13 34 25 60 108 77 28 8 1 2 3 6 9 38 95 93 42 17 9 7 4 1 1 8 21 26 13 7 21 20 9 4 6 3 0 0 1 4 1 3 1 1 2 3 4 3 1 0 2 2 2 2 3 3 1 2 2 3 3 1 1 4 4 3 1 1 3 3 1 2 30 28 0 0 0 0 0 0 -2147483648 
-2147483648 0 0 0 0 0 0 28 30 3 3 4 4 3 1 0 0 2 4 18 37 56 70 82 92 99 108 115 118 121 125 129 131 131 128 125 120 114 105 94 81 69 60 49 50 61 25 34 27 7 13 8 10 9 9 11 9 9 9 7 4 5 7 8 6 2 6 7 6 4 4 11 40 51 33 15 16 9 7 8 7 9 4 16 29 30 24 11 7 3 1 3 3 4 11 50 85 81 50 20 8 11 6 18 17 7 4 6 22 32 21 18 32 16 6 4 18 54 130 123 48 11 4 13 13 5 3 4 4 4 4 8 3 8 2 2 4 3 8 11 6 2 6 11 34 77 109 102 44 39 102 115 82 41 16 7 3 6 6 4 6 6 3 2 3 4 4 6 7 8 10 14 27 55 72 81 50 11 14 43 20 94 97 48 19 6 3 1 4 11 39 92 93 45 19 9 6 1 0 4 17 27 21 3 17 21 13 4 3 5 4 0 0 0 3 3 3 0 0 0 2 0 2 2 0 1 3 1 2 3 3 3 1 3 3 3 3 1 1 3 3 1 2 2 3 3 1 30 28 0 0 0 0 0 0 -2147483648 
-2147483648 0 0 0 0 0 0 29 30 3 2 0 0 1 3 3 1 13 47 80 101 114 123 126 123 122 124 118 103 89 76 63 53 48 43 35 27 24 23 22 22 18 35 20 37 30 18 42 11 18 9 6 8 11 11 12 11 11 10 8 5 6 8 7 4 1 4 4 4 3 8 31 50 33 14 10 11 6 6 12 7 11 35 64 77 69 56 24 8 6 6 8 9 6 7 33 68 84 65 34 4 11 12 21 14 4 4 3 14 28 30 3 28 22 8 6 15 48 132 126 47 14 8 12 7 3 3 1 2 2 4 5 3 4 3 2 3 3 6 10 6 3 4 9 21 51 86 109 92 28 57 109 112 72 30 11 8 8 6 4 6 4 3 0 3 3 3 3 2 3 7 8 20 45 67 79 65 9 12 38 20 68 105 65 26 11 6 3 7 13 39 89 91 46 20 10 4 0 3 13 25 22 5 18 24 14 6 4 4 6 4 1 0 1 3 1 1 2 2 2 1 0 1 3 3 1 2 0 2 1 3 1 0 3 3 4 1 2 0 1 3 0 1 2 4 1 0 30 28 0 0 0 0 0 0 -2147483648 
-2147483648 0 0 0 0 0 0 31 31 3 1 0 0 2 3 3 4 19 62 77 72 66 59 53 44 32 27 22 22 20 16 12 10 10 9 7 4 4 4 8 12 29 35 10 36 10 37 29 12 19 12 8 3 8 9 10 14 12 10 9 9 10 9 6 4 4 6 4 6 2 25 45 38 17 9 9 9 6 4 12 9 40 71 90 86 84 91 60 21 9 12 4 8 5 7 11 44 75 81 65 33 4 13 17 9 4 4 1 4 16 31 21 16 24 12 9 12 41 128 128 52 18 13 10 3 3 4 5 3 4 4 6 1 2 2 5 5 6 4 11 7 6 4 4 5 25 49 81 112 100 38 44 106 115 82 45 24 15 6 2 3 1 4 1 4 3 3 3 0 3 6 1 13 32 57 75 75 34 15 18 42 27 97 87 41 18 11 8 9 11 37 87 90 47 20 9 4 3 8 21 25 13 10 26 21 11 8 7 5 4 1 2 0 2 2 0 0 0 0 0 0 0 1 2 1 2 1 2 1 0 2 1 2 1 0 1 2 1 0 3 4 4 1 2 2 1 2 29 28 0 0 0 0 0 0 -2147483648 
-2147483648 0 0 0 0 0 0 32 32 0 0 0 1 3 3 1 4 20 79 80 38 27 27 22 22 16 13 10 11 14 14 15 15 13 10 7 4 7 9 6 13 36 23 25 22 20 40 7 23 9 5 6 5 8 8 14 23 21 18 14 11 10 6 3 4 4 4 6 2 25 59 45 14 11 9 9 6 3 3 9 44 81 88 75 59 57 88 82 37 14 16 11 16 15 16 8 26 62 83 84 57 21 12 11 4 3 4 1 1 8 24 29 4 22 13 9 11 35 120 131 59 21 15 8 2 4 3 8 2 6 3 8 3 3 6 6 6 6 4 9 6 4 6 6 6 16 30 51 88 112 88 24 59 108 112 79 45 26 12 4 4 3 3 2 4 4 2 3 3 6 4 1 10 23 46 69 75 56 6 6 41 16 80 99 56 22 13 8 4 8 34 84 92 49 20 7 3 6 19 25 17 5 24 24 11 4 3 3 0 1 2 1 0 1 3 1 0 0 1 3 3 2 4 4 3 1 0 0 0 0 2 2 0 1 3 4 3 1 0 4 3 3 2 1 3 2 0 28 28 0 0 0 0 0 0 -2147483648 
-2147483648 0 0 0 0 0 0 31 32 1 0 1 4 4 3 1 4 21 87 85 33 21 24 16 16 25 23 19 18 19 20 20 18 15 12 11 8 9 7 4 29 37 1 29 8 39 25 17 20 9 8 6 6 8 10 22 33 29 27 22 14 9 5 5 7 6 4 5 16 59 68 38 25 10 9 7 3 1 5 15 62 79 64 46 30 24 69 98 69 33 18 11 20 35 46 51 25 20 56 84 86 51 22 12 6 3 4 4 3 0 12 27 17 15 11 6 13 35 108 132 68 22 13 6 5 2 7 7 3 5 6 9 5 7 7 3 3 4 6 9 5 1 4 4 3 9 14 20 48 91 116 98 40 36 95 112 94 61 28 11 7 4 1 1 4 5 2 2 2 4 2 2 7 16 35 61 73 72 24 11 32 29 49 100 77 36 16 9 5 10 33 79 93 51 19 6 5 17 27 23 6 17 27 18 8 3 2 1 0 0 0 0 0 0 2 2 0 0 2 2 3 3 6 3 1 0 0 0 0 0 2 1 2 3 2 0 2 3 3 6 4 3 1 1 4 4 10 33 30 0 0 0 0 0 0 -2147483648 
-2147483648 0 0 0 0 0 0 30 32 2 1 4 4 3 3 3 5 23 93 90 33 20 22 21 18 22 20 20 22 20 15 10 9 12 13 14 9 6 3 12 39 23 23 21 21 39 9 27 11 9 8 7 7 5 15 30 29 18 13 12 12 7 7 8 8 5 1 17 52 71 45 14 23 8 10 12 4 2 3 27 76 74 39 22 13 10 43 85 91 60 28 13 44 67 68 77 62 16 27 64 93 76 34 16 9 3 1 3 3 2 6 19 21 5 9 4 16 34 93 132 78 21 11 7 4 4 10 4 5 3 6 7 1 2 1 0 2 3 4 11 5 2 3 1 3 6 9 10 26 61 96 112 89 31 44 95 115 94 48 18 10 8 7 4 5 6 1 3 1 3 3 3 5 11 26 56 72 74 49 5 11 39 17 89 90 47 19 9 5 12 30 74 91 52 18 8 14 26 25 8 14 26 21 10 4 4 1 0 0 0 0 0 0 1 3 1 0 1 3 0 4 3 4 3 0 0 0 0 0 0 2 0 0 3 3 4 3 3 2 4 3 1 1 3 8 17 11 38 33 0 0 0 0 0 0 -2147483648 
-2147483648 0 0 0 0 0 0 31 32 1 2 4 2 2 2 2 6 23 95 94 33 17 20 22 15 10 12 10 11 7 7 3 2 3 6 10 7 5 3 27 42 5 30 7 39 28 15 20 3 10 9 8 8 6 21 34 13 18 31 13 10 9 5 3 1 0 9 39 63 51 23 9 25 21 15 23 14 6 2 30 77 71 33 18 11 4 15 48 82 91 65 24 59 68 50 71 94 70 25 26 75 92 60 31 17 8 3 2 3 3 3 7 16 13 4 1 19 33 79 131 88 25 9 7 3 8 8 2 6 4 5 6 2 0 1 3 4 4 6 13 4 2 4 3 1 4 6 3 5 26 54 88 110 99 51 21 88 119 98 59 31 18 13 10 9 7 3 1 0 1 3 7 10 8 12 43 66 72 68 19 5 34 24 56 96 68 32 14 9 14 26 68 89 53 19 13 23 29 16 8 24 23 13 6 0 4 2 0 0 1 3 3 1 2 2 0 0 2 2 3 4 0 4 3 1 3 4 3 2 2 0 2 1 2 0 0 0 1 3 4 3 2 3 3 10 6 10 37 33 0 0 0 0 0 0 -2147483648 
-2147483648 0 0 0 0 0 0 32 32 0 2 4 2 1 3 3 4 20 93 98 37 17 18 19 14 3 8 2 8 0 8 6 3 2 4 7 4 4 17 40 24 22 24 22 46 10 22 13 8 10 9 8 7 9 25 26 10 10 35 25 9 10 3 0 0 8 37 64 57 29 9 13 35 43 36 40 26 10 1 25 75 78 37 18 9 2 7 24 54 85 79 23 69 72 44 55 87 93 56 4 45 86 81 47 22 11 7 3 3 1 0 3 9 12 6 2 22 32 64 126 99 31 10 6 5 9 6 2 4 6 3 6 2 0 2 2 3 4 6 11 2 5 3 3 1 4 5 4 4 13 33 61 89 105 92 40 36 97 118 96 57 27 16 13 10 9 8 5 4 4 5 8 8 5 4 32 60 67 70 40 10 16 38 24 88 82 42 18 9 10 19 62 89 56 23 24 31 22 4 23 26 14 6 3 0 3 3 3 1 2 2 2 2 2 2 0 0 1 3 4 3 2 3 3 3 2 0 2 0 0 2 0 2 3 2 1 0 1 2 0 3 1 4 0 7 14 13 32 31 0 0 0 0 0 0 -2147483648 
-2147483648 0 0 0 0 0 0 32 32 0 3 4 0 2 1 0 1 19 91 101 40 18 16 16 13 4 6 3 6 3 4 7 6 4 6 8 4 8 33 40 6 32 12 40 38 10 18 4 8 9 9 9 6 13 29 12 7 18 45 26 10 11 6 1 0 19 57 66 47 23 9 27 58 58 44 56 50 24 9 15 65 86 48 19 6 3 2 3 22 76 87 16 71 69 33 25 54 93 86 33 9 57 89 77 44 20 11 6 3 2 0 2 5 9 7 5 25 29 48 118 108 37 14 9 6 8 8 4 4 6 4 6 1 0 1 3 1 2 3 10 3 6 2 4 2 4 4 4 6 1 10 28 54 82 105 98 52 18 81 114 106 70 37 23 13 6 8 8 5 3 3 5 5 0 2 22 51 63 70 59 3 7 37 11 63 90 58 24 8 3 15 59 91 61 31 33 29 10 16 27 20 10 5 3 2 3 1 2 2 1 3 3 1 2 3 3 4 4 4 3 1 2 2 2 3 8 9 6 3 2 1 0 1 4 1 2 0 2 0 2 2 0 4 0 4 6 5 29 29 0 0 0 0 0 0 -2147483648 
-2147483648 0 0 0 0 0 0 32 32 1 4 3 2 0 3 3 3 19 90 103 43 15 13 13 12 8 4 4 4 6 3 5 4 2 4 7 5 20 44 23 24 30 11 49 21 22 12 4 3 6 10 10 9 20 27 3 4 34 45 14 11 9 5 4 19 51 73 54 20 6 30 58 74 58 39 52 63 35 11 4 52 92 61 20 6 5 8 14 30 73 83 8 72 70 29 12 28 79 92 44 13 34 71 86 65 33 16 9 4 3 4 3 2 6 9 10 25 27 38 109 114 43 15 11 7 6 7 4 6 4 7 6 1 2 2 4 3 3 3 11 6 8 1 4 1 4 5 4 6 0 3 13 31 58 86 99 86 43 26 81 111 105 68 40 24 10 6 7 6 4 2 3 4 3 1 13 40 61 68 68 28 14 24 34 34 90 74 32 11 3 12 58 96 71 42 33 14 13 27 22 9 3 0 0 0 2 2 1 3 1 0 0 1 3 3 2 1 3 4 3 1 2 2 1 4 4 4 3 1 3 3 1 0 4 2 2 0 1 2 1 1 2 3 0 6 4 0 28 28 0 0 0 0 0 0 -2147483648 
-2147483648 0 0 0 0 0 0 32 32 3 4 3 3 3 3 3 3 16 88 105 45 14 12 12 12 10 4 8 6 9 4 3 4 2 4 5 6 32 43 0 32 17 29 44 2 23 9 8 6 7 11 8 9 25 18 4 12 44 39 6 15 9 3 9 43 72 66 35 6 20 51 70 58 38 21 39 67 44 18 7 37 88 77 43 34 40 49 60 74 89 77 28 76 79 41 17 23 86 98 49 17 18 46 78 84 61 34 17 9 5 4 3 1 1 8 13 22 26 33 97 120 56 17 13 9 7 7 4 4 1 7 6 3 4 7 8 6 6 6 14 6 9 4 4 2 6 6 4 6 2 2 2 10 29 58 78 92 92 62 11 57 105 113 91 60 34 17 10 7 4 4 1 5 4 2 7 26 54 66 72 50 11 3 44 12 69 88 52 22 7 6 53 102 85 46 23 4 23 23 13 4 1 0 0 0 2 2 0 2 2 0 0 2 2 1 3 3 2 0 2 3 3 1 0 3 5 6 4 1 2 2 3 3 4 1 3 2 1 0 0 0 0 1 2 4 4 2 28 29 0 0 0 0 0 0 -2147483648 
-2147483648 0 0 0 0 0 0 32 33 4 3 2 0 1 3 3 1 12 84 109 47 13 12 12 12 10 3 10 3 6 4 1 4 3 4 5 13 41 31 20 29 6 43 24 20 17 5 7 8 8 12 9 11 23 9 3 29 49 24 11 14 6 3 27 68 68 34 6 16 48 75 63 29 25 18 34 66 46 24 11 24 67 89 82 78 83 85 83 78 70 50 28 72 99 82 69 79 105 88 42 17 17 34 62 84 77 51 24 11 6 4 4 4 1 5 13 19 25 32 85 122 68 19 13 11 10 10 6 3 1 6 6 2 5 4 3 4 6 7 15 3 8 2 1 0 7 6 6 8 1 0 3 6 17 39 61 78 90 90 62 10 58 101 114 95 60 31 17 10 6 7 0 7 4 1 5 17 44 65 68 61 10 24 32 38 42 89 68 30 12 7 58 109 89 40 10 18 21 11 6 4 4 4 3 1 2 3 2 0 3 1 0 1 3 1 2 3 3 1 2 4 2 0 0 0 1 3 1 2 1 3 3 2 1 3 6 3 3 0 0 0 0 0 0 2 4 0 28 30 0 0 0 0 0 0 -2147483648 
-2147483648 0 0 0 0 0 0 32 34 4 2 1 2 1 2 2 1 10 82 113 51 13 9 11 13 11 3 10 8 7 3 0 4 5 4 6 23 45 10 29 20 24 43 3 21 9 4 7 8 8 11 9 18 17 7 12 43 45 7 15 10 4 12 51 73 51 17 4 32 77 82 54 31 27 12 50 72 45 24 7 12 27 48 65 73 72 64 57 51 45 31 16 35 74 95 105 111 103 67 33 15 13 18 37 67 86 75 47 23 10 5 4 6 4 4 10 15 23 28 76 124 77 21 13 11 9 9 6 2 3 8 7 2 6 4 0 4 3 8 15 4 9 1 1 1 6 8 2 8 4 2 4 2 9 20 37 54 65 83 98 85 41 21 80 113 108 78 46 27 19 16 6 6 4 1 3 11 34 61 68 69 33 25 11 50 9 75 81 45 19 24 93 124 78 23 10 21 16 7 4 3 0 0 2 2 1 4 1 2 2 2 0 0 3 4 3 1 3 3 3 3 3 4 4 4 4 4 1 2 0 2 2 2 0 3 4 3 4 4 4 4 3 1 0 2 4 1 28 29 0 0 0 0 0 0 -2147483648 
-2147483648 0 0 0 0 0 0 33 34 3 2 0 0 2 2 2 1 9 83 116 55 13 6 9 14 13 4 10 7 3 4 7 9 10 6 11 34 35 16 33 3 39 31 17 17 1 4 8 8 9 10 11 20 9 3 29 53 32 8 15 5 9 39 65 56 33 4 27 67 95 71 38 30 12 31 70 63 34 17 3 11 14 24 38 42 36 29 24 21 18 12 7 17 40 64 72 65 48 24 11 7 8 14 25 48 76 83 62 33 14 6 4 4 3 2 6 15 20 26 69 124 87 23 13 12 9 9 7 4 4 9 8 4 7 4 2 4 3 8 14 0 10 1 3 3 3 6 4 6 3 0 3 5 4 13 23 37 47 64 87 100 90 47 20 75 110 109 78 44 27 21 9 2 4 4 3 7 25 52 66 65 49 7 17 42 27 54 88 55 34 83 125 98 37 9 21 16 7 4 3 1 0 1 3 1 0 3 3 1 1 3 4 4 4 3 1 3 4 1 4 2 1 2 2 3 4 6 4 3 2 3 3 2 0 4 4 1 3 1 0 0 2 2 0 2 4 2 28 28 0 0 0 0 0 0 -2147483648 
-2147483648 0 0 0 0 0 0 34 35 3 1 0 0 2 2 2 2 7 81 119 59 13 7 10 13 13 6 8 11 4 5 6 8 14 13 19 42 18 26 25 17 49 13 21 7 3 6 9 9 12 13 17 16 0 9 44 51 17 13 9 6 25 59 62 41 22 6 52 91 88 57 30 22 35 69 68 42 25 14 3 10 6 10 15 15 12 9 5 4 9 9 7 7 14 23 30 29 24 15 9 6 2 6 15 27 50 82 83 55 30 13 7 7 5 4 0 13 19 23 58 119 98 31 16 14 9 9 7 4 3 10 8 6 6 1 1 4 5 6 13 7 9 2 3 2 4 4 2 6 4 4 3 5 1 8 13 21 27 38 57 77 99 103 73 19 48 99 114 97 69 47 26 13 8 6 7 10 19 41 62 60 56 18 27 18 46 20 84 69 74 118 111 58 8 16 17 8 2 2 0 1 2 3 2 0 0 1 3 1 0 0 1 3 3 1 3 4 3 1 4 2 1 3 3 3 2 4 2 0 0 2 3 3 4 4 3 0 2 3 3 3 1 2 0 2 3 3 29 29 0 0 0 0 0 0 -2147483648 
-2147483648 0 0 0 0 0 0 34 36 2 0 0 1 3 1 2 1 5 77 122 65 17 10 9 11 14 11 8 13 9 5 7 2 11 16 30 42 3 31 11 35 42 6 18 6 7 9 13 14 16 17 19 6 2 24 51 42 3 15 12 31 58 68 54 27 0 38 84 92 62 33 12 24 76 86 43 16 14 11 5 7 3 4 9 8 7 11 11 12 14 16 13 12 13 8 7 8 9 6 6 2 1 3 12 20 31 67 91 69 42 21 9 7 6 6 6 6 17 22 49 111 108 43 21 16 9 9 6 0 2 9 6 2 4 3 3 5 8 6 11 8 6 2 3 4 8 3 5 9 6 5 5 7 6 9 13 16 20 27 36 51 71 91 97 75 22 46 94 116 111 87 55 32 22 19 16 15 16 30 56 58 53 36 17 9 45 21 68 92 104 88 31 24 27 17 10 4 4 1 1 2 0 4 2 1 2 1 2 2 0 0 2 3 3 4 4 3 1 4 4 1 1 3 3 3 3 4 3 1 0 2 2 0 0 2 2 0 2 4 2 2 0 2 0 1 3 3 31 30 0 0 0 0 0 0 -2147483648 
-2147483648 0 0 0 0 0 0 34 35 3 1 0 2 2 0 1 1 6 74 124 72 19 8 6 9 14 10 0 11 10 3 8 0 12 19 40 32 15 30 7 44 25 8 11 18 12 10 13 14 14 19 16 8 2 39 54 30 4 13 28 62 71 57 35 6 29 71 91 73 46 24 6 56 92 66 25 13 7 6 9 4 1 4 14 27 39 46 48 51 53 54 47 37 25 13 6 3 3 2 3 2 3 4 10 17 16 37 80 85 59 30 11 6 4 5 7 4 10 17 39 94 113 68 36 23 14 13 7 1 4 9 7 4 4 4 6 6 8 3 8 4 6 5 4 5 10 9 7 11 4 4 4 6 3 4 8 7 8 12 20 30 41 58 81 103 98 60 4 58 104 121 111 84 54 35 27 21 17 22 46 55 51 47 6 22 31 43 19 58 72 30 47 69 57 27 12 6 8 1 3 3 2 4 3 3 3 4 3 1 3 4 3 3 3 3 3 0 4 4 1 0 1 3 3 2 2 4 1 4 4 4 3 0 0 2 2 0 2 4 1 3 2 3 4 3 1 2 32 30 0 0 0 0 0 0 -2147483648 
-2147483648 0 0 0 0 0 0 33 34 3 2 0 1 3 4 3 3 7 71 125 77 18 1 4 8 12 10 1 10 10 2 7 2 11 25 43 17 25 21 22 49 12 9 22 19 10 10 11 13 14 16 4 9 16 51 48 13 9 29 65 78 48 20 10 32 69 87 69 48 32 11 30 80 84 44 17 11 9 5 4 7 8 25 45 61 71 73 72 72 72 74 75 72 59 37 20 12 10 8 4 0 4 4 4 13 14 21 56 93 80 35 15 6 3 4 6 4 4 13 32 74 110 84 44 29 18 16 9 4 6 9 7 4 4 4 6 4 8 3 9 4 6 6 5 5 9 10 4 9 3 3 3 3 0 4 5 4 4 6 16 25 33 44 60 81 98 98 71 20 47 92 115 115 92 60 39 25 16 14 35 51 47 45 28 20 29 51 38 25 19 88 111 69 60 27 10 6 7 3 3 2 0 3 4 4 1 4 4 0 2 0 0 2 4 2 0 3 4 0 2 1 0 2 2 3 3 6 5 3 0 4 3 3 4 2 1 2 3 3 0 2 1 3 3 3 2 2 32 30 0 0 0 0 0 0 -2147483648 
-2147483648 0 0 0 0 0 0 32 34 4 2 0 0 0 0 2 4 5 69 126 78 19 4 6 7 8 9 3 9 10 1 5 3 9 33 41 0 26 11 36 45 4 10 14 18 5 8 10 13 17 12 7 3 32 54 38 3 15 50 82 60 26 12 9 51 82 69 48 38 25 3 56 86 66 36 16 9 13 14 8 11 24 50 63 61 58 53 48 45 45 51 65 81 90 81 57 31 15 9 4 4 4 2 2 6 12 12 24 75 100 60 23 7 4 4 6 8 4 5 19 51 97 100 66 43 31 23 12 4 4 7 6 1 3 3 4 2 8 1 8 1 5 3 2 4 6 9 3 7 4 0 0 1 2 3 3 3 1 1 6 16 21 25 34 48 64 86 107 103 66 13 44 90 114 113 99 77 52 30 27 43 44 44 46 29 50 60 34 12 68 115 88 67 75 36 16 10 7 6 4 1 0 1 3 3 1 4 3 1 1 1 0 2 4 2 0 4 4 2 0 2 0 1 3 3 0 1 3 1 0 4 2 2 0 2 0 0 2 1 2 1 2 2 2 4 1 3 33 30 0 0 0 0 0 0 -2147483648 
-2147483648 0 0 0 0 0 0 32 34 4 2 0 0 1 3 3 2 4 66 126 81 22 6 4 6 9 11 7 6 11 3 6 4 12 38 33 14 25 4 46 32 17 19 25 16 9 12 11 14 16 3 12 12 44 49 20 14 35 68 72 33 9 7 42 79 73 44 34 29 13 28 75 80 51 30 14 8 10 18 24 34 54 67 58 40 28 22 17 18 23 29 39 54 74 88 79 47 21 14 11 9 6 4 3 4 11 16 12 44 107 101 39 10 5 6 6 9 8 1 10 36 77 103 84 59 60 51 26 8 4 8 7 1 4 4 3 1 8 4 9 4 7 3 2 4 4 7 3 6 6 4 4 4 4 3 3 4 4 4 3 9 13 15 23 36 46 60 82 103 108 85 38 19 65 96 110 111 102 87 74 67 66 65 65 53 41 20 10 31 88 109 42 61 80 36 16 11 6 4 4 4 4 4 3 1 1 4 3 2 0 3 3 3 3 2 0 3 4 0 1 2 3 1 1 3 3 1 2 2 0 3 3 1 1 3 1 1 3 3 1 1 3 1 2 4 0 2 34 30 0 0 0 0 0 0 -2147483648 
-2147483648 0 0 0 0 0 0 33 35 4 1 0 0 2 2 0 1 3 62 123 86 27 9 4 4 6 10 8 3 12 5 4 3 16 42 20 23 21 19 51 14 22 11 10 7 11 14 12 15 12 13 12 29 50 40 4 30 60 68 48 25 5 31 75 82 55 36 30 21 1 50 81 68 48 27 13 6 11 22 39 50 58 54 39 23 13 9 5 6 8 9 13 20 35 62 91 86 57 34 19 6 1 1 4 4 8 17 8 12 71 131 87 30 7 4 4 6 10 8 1 18 47 86 93 84 104 116 81 38 17 13 11 2 4 1 2 1 6 4 9 6 9 7 5 4 4 6 3 4 4 1 3 3 1 1 4 4 1 6 4 6 6 9 15 23 27 31 42 58 84 109 115 96 56 8 39 75 101 114 118 115 104 89 69 44 18 19 37 33 71 102 43 58 81 38 16 8 4 3 3 4 3 1 2 2 0 4 4 2 0 4 2 1 3 0 2 1 4 2 2 2 2 2 0 0 2 2 2 2 0 1 3 1 2 2 2 3 2 3 2 2 2 0 3 4 2 3 33 30 0 0 0 0 0 0 -2147483648 
-2147483648 0 0 0 0 0 0 35 36 1 0 1 3 3 1 0 1 3 55 118 89 31 10 9 9 9 10 8 1 12 7 4 6 24 40 6 27 11 31 49 2 22 1 8 8 11 13 14 16 8 17 9 46 51 27 16 54 64 44 28 17 16 63 83 60 35 28 23 9 28 72 78 54 35 15 8 7 15 34 60 63 47 28 16 10 7 6 5 7 6 4 5 8 17 36 68 93 83 51 27 14 6 4 4 1 5 14 11 13 24 108 118 50 11 2 3 5 9 11 6 8 31 67 93 101 109 131 118 60 23 16 13 1 4 1 3 3 4 3 9 7 7 6 4 3 3 4 1 4 4 3 4 4 3 3 4 1 0 5 4 7 3 4 6 14 18 21 27 34 49 73 97 112 111 91 54 12 29 52 61 58 46 30 6 20 29 48 34 16 45 103 62 49 79 40 15 6 6 3 0 0 2 3 4 3 1 4 4 2 0 3 3 4 4 1 0 1 4 1 2 2 2 2 0 0 1 3 1 2 0 0 2 2 1 3 3 3 0 4 1 3 0 3 4 3 1 3 33 31 0 0 0 0 0 0 -2147483648 
-2147483648 0 0 0 0 0 0 35 35 3 1 2 2 1 3 3 2 4 48 112 90 33 7 0 5 9 11 9 3 11 9 4 7 30 34 9 24 2 40 42 9 17 5 9 9 9 13 19 17 11 10 31 53 44 9 37 65 47 23 19 16 44 84 70 47 34 26 20 7 54 79 67 48 23 4 7 4 12 53 74 55 31 16 10 9 4 3 4 6 4 4 4 4 5 11 30 67 96 79 41 21 11 4 0 2 4 9 11 11 8 62 117 84 33 6 2 2 4 10 11 6 7 27 46 58 59 101 132 97 48 25 16 4 6 4 6 3 5 1 8 6 4 6 4 4 4 4 3 6 6 3 5 4 6 6 6 4 4 6 7 9 6 8 3 8 13 14 17 18 20 28 43 63 88 113 122 115 101 85 71 63 66 75 83 83 69 42 13 27 17 87 82 38 74 38 12 6 7 4 1 3 3 3 4 1 3 3 4 1 2 1 0 1 4 3 0 3 3 0 2 2 2 2 1 3 3 3 0 2 0 1 3 1 0 0 0 1 2 3 0 4 7 9 7 4 1 0 34 32 0 0 0 0 0 0 -2147483648 
-2147483648 0 0 0 0 0 0 34 34 3 4 3 1 2 2 2 0 4 45 110 92 34 9 5 4 6 9 9 4 9 11 4 8 33 24 19 21 8 48 32 14 11 7 7 10 13 20 22 5 17 7 47 53 28 21 60 58 29 10 13 25 68 79 50 37 27 17 4 36 83 78 55 38 12 6 3 4 25 76 74 37 16 8 8 6 1 3 4 3 2 1 3 4 4 6 16 41 84 100 64 29 13 4 4 2 4 3 7 6 4 27 88 105 56 15 2 6 4 9 11 11 3 9 15 11 22 63 106 113 71 33 20 9 8 6 7 5 7 3 8 6 3 6 6 4 4 6 4 6 7 2 6 1 4 9 8 5 4 5 7 9 8 10 7 2 8 9 11 16 16 17 24 35 47 65 90 113 131 139 142 143 143 134 109 81 64 29 15 34 16 57 84 21 67 35 10 8 8 3 2 2 1 3 2 3 1 1 4 4 3 1 0 0 2 4 0 3 3 1 1 3 3 1 2 2 3 3 1 1 0 2 2 0 0 0 0 0 0 1 3 11 13 13 10 6 2 2 33 32 0 0 0 0 0 0 -2147483648 
-2147483648 0 0 0 0 0 0 35 35 4 3 1 3 3 1 1 2 3 43 109 97 36 9 1 0 3 8 9 7 6 11 6 12 35 12 25 18 19 56 20 17 4 0 5 11 14 22 15 14 13 26 52 47 10 46 69 42 23 15 8 27 68 62 44 30 20 13 10 68 94 63 43 27 10 8 5 14 57 87 59 26 12 8 7 4 0 4 4 2 2 3 4 4 4 4 6 16 52 95 93 56 22 6 4 2 3 0 4 10 9 9 49 99 86 39 7 7 3 4 10 11 8 3 2 11 30 42 62 110 102 54 25 8 2 2 3 3 4 2 7 6 2 3 4 6 5 4 1 5 8 1 6 1 4 8 5 4 3 2 6 14 22 25 20 8 3 6 9 14 17 16 17 18 20 25 37 49 61 74 86 94 94 88 79 63 65 51 20 35 63 33 63 32 57 33 11 9 6 1 2 2 2 2 0 1 2 2 3 3 3 2 0 0 2 3 2 1 2 2 0 0 0 0 1 3 4 1 2 0 0 1 3 4 4 4 4 4 3 1 2 12 6 12 9 5 4 0 32 32 0 0 0 0 0 0 -2147483648 
-2147483648 0 0 0 0 0 0 36 36 1 3 4 4 1 0 1 4 5 38 109 102 38 9 6 5 3 4 6 7 3 10 11 21 34 2 27 12 28 56 9 18 1 0 7 13 17 21 4 19 10 44 51 26 33 73 63 26 14 10 13 38 71 62 37 21 15 6 33 97 87 37 30 20 9 13 18 47 77 70 35 13 9 6 5 4 0 4 4 1 3 6 6 3 3 3 0 6 27 70 102 78 31 11 6 3 7 29 59 63 41 10 27 75 92 51 11 4 4 6 9 9 7 4 3 18 34 24 38 96 114 68 30 10 4 0 3 3 1 0 6 7 3 3 1 3 3 1 0 4 8 0 7 6 7 7 4 4 4 4 7 20 23 25 27 9 5 7 8 10 12 13 14 17 18 20 21 23 26 30 33 34 34 40 55 56 60 62 17 51 56 49 33 37 39 28 9 6 4 1 2 2 2 2 1 3 4 3 1 3 4 1 0 0 2 2 0 0 1 3 4 4 3 1 1 3 3 1 2 0 1 3 4 4 4 3 1 0 2 2 1 10 11 11 6 4 3 0 32 32 0 0 0 0 0 0 -2147483648 
-2147483648 0 0 0 0 0 0 36 35 2 2 3 6 4 1 2 5 2 31 108 104 40 14 6 7 3 2 2 4 4 9 15 29 28 15 27 9 37 51 2 15 5 3 8 15 22 17 6 12 30 49 44 12 70 76 50 24 14 6 9 34 73 77 44 20 11 0 57 108 71 27 22 17 1 14 35 68 71 48 23 8 8 4 4 3 0 3 8 9 8 10 3 9 13 14 13 8 3 38 96 98 49 22 7 4 16 60 90 95 99 62 16 58 91 63 21 2 1 6 9 9 6 3 2 19 28 19 25 91 119 72 37 13 8 8 5 4 3 1 6 9 3 6 3 2 3 4 4 6 8 2 7 7 4 4 4 6 6 3 4 20 24 14 35 16 2 0 1 4 6 8 11 14 14 15 15 14 15 16 16 16 16 23 45 56 60 68 26 49 15 75 23 24 35 23 7 2 4 4 4 4 4 4 1 2 0 3 4 4 3 0 0 0 2 2 0 0 0 0 0 0 2 3 3 4 1 2 2 0 2 2 0 0 0 2 2 1 3 1 0 3 5 4 3 4 2 0 32 32 0 0 0 0 0 0 -2147483648 
-2147483648 0 0 0 0 0 0 36 34 0 0 0 4 4 3 3 3 4 28 104 106 44 18 5 7 5 3 3 5 4 7 19 35 17 26 23 3 46 44 11 14 4 4 11 21 23 12 12 29 36 29 30 77 85 48 21 10 9 10 9 17 57 87 66 27 10 18 84 106 53 20 17 13 1 22 57 81 59 27 10 6 6 4 3 4 14 23 24 17 12 10 14 21 19 16 17 13 7 17 76 110 68 28 16 10 43 96 97 64 91 87 29 37 86 78 34 9 3 6 8 8 3 1 1 13 24 22 24 87 110 83 48 16 6 6 7 6 4 2 6 10 0 3 3 3 1 0 1 6 10 4 4 8 5 5 9 8 8 4 5 16 30 4 34 25 9 6 3 3 4 5 9 11 9 9 11 13 15 14 14 13 12 16 34 55 60 64 41 35 40 72 70 20 17 7 1 0 1 3 4 4 3 4 3 2 5 6 4 3 0 3 4 3 0 3 4 4 4 4 4 4 3 3 1 4 4 1 2 0 2 1 3 4 4 3 1 2 2 0 0 0 1 3 3 3 3 2 31 32 0 0 0 0 0 0 -2147483648 
-2147483648 0 0 0 0 0 0 36 35 2 2 2 4 4 3 3 2 1 27 101 108 46 18 8 5 7 4 3 8 6 7 24 39 6 29 15 12 50 31 18 10 4 8 18 28 17 8 23 27 33 18 43 73 52 21 6 1 16 23 16 6 32 75 94 62 23 34 99 94 42 21 17 10 8 30 72 79 40 17 8 4 3 4 1 13 24 25 20 22 17 10 19 21 16 11 11 13 13 5 44 104 89 40 20 15 63 104 78 31 69 100 65 14 61 83 61 30 13 8 8 7 2 0 0 4 10 11 31 71 97 116 94 42 14 6 5 7 9 3 6 10 0 3 3 4 4 4 4 0 8 6 0 8 8 8 13 7 15 6 4 10 28 28 23 19 7 7 7 1 3 5 8 11 9 8 8 8 10 10 9 8 10 12 21 47 61 64 60 14 64 33 103 54 8 3 1 0 0 1 1 3 4 3 4 4 3 2 2 2 2 2 0 2 2 0 0 0 0 0 0 0 0 1 3 1 4 0 2 0 2 0 2 0 0 0 0 1 3 2 3 4 4 3 0 1 4 1 30 32 0 0 0 0 0 0 -2147483648 
-2147483648 0 0 0 0 0 0 36 37 3 4 4 4 3 2 3 1 1 24 100 109 47 20 11 9 10 8 9 11 10 11 29 41 5 26 8 22 50 16 22 6 7 14 24 22 8 8 28 32 32 24 65 65 29 8 6 12 23 21 7 11 18 46 91 94 39 59 103 75 24 12 11 4 9 43 84 71 26 11 7 4 2 3 13 30 27 10 15 19 14 16 17 12 6 8 8 9 11 8 20 85 101 50 15 17 72 100 62 21 45 93 81 25 30 70 76 51 22 8 4 8 10 8 5 3 3 3 21 54 81 116 123 68 22 8 2 3 11 6 7 11 4 7 7 7 4 1 3 3 6 8 3 6 9 12 16 8 19 11 7 10 21 28 19 14 6 8 8 4 4 4 5 10 11 8 6 4 7 4 4 4 6 8 14 36 61 62 64 23 65 35 100 91 22 1 1 2 1 2 0 1 4 3 1 4 6 4 3 1 2 2 1 3 0 3 4 4 4 4 4 3 1 0 2 1 3 0 2 4 3 2 3 4 3 1 0 0 2 1 4 4 6 6 3 1 3 3 31 32 0 0 0 0 0 0 -2147483648 
-2147483648 0 0 0 0 0 0 36 38 2 1 3 3 1 2 1 3 3 22 98 111 52 25 11 5 7 4 4 5 7 4 38 38 9 20 3 30 48 6 19 2 9 24 24 6 9 15 28 40 33 17 59 74 55 24 9 13 15 10 16 11 8 14 60 104 88 105 105 49 13 10 10 4 9 58 93 58 20 9 4 4 3 6 27 37 24 16 23 13 6 13 10 4 3 8 8 5 8 9 3 62 107 68 16 21 67 93 59 22 16 75 90 51 15 31 72 78 44 19 16 18 22 23 17 9 4 1 5 18 31 75 121 100 43 14 5 4 13 9 7 11 5 8 5 4 4 4 3 2 7 9 3 7 11 15 19 12 26 22 11 9 8 17 15 11 7 7 8 3 0 2 1 4 7 7 4 4 7 5 6 6 4 3 6 24 54 60 64 50 43 70 56 116 56 10 3 4 4 2 0 2 6 4 1 1 4 6 4 1 2 2 2 2 2 3 2 1 0 0 0 2 2 0 1 3 1 1 3 1 0 0 0 0 2 2 0 1 3 3 4 1 4 3 2 3 3 1 32 32 0 0 0 0 0 0 -2147483648 
-2147483648 0 0 0 0 0 0 36 37 3 3 2 0 1 3 2 2 1 21 95 112 57 27 9 3 8 3 1 4 9 11 41 28 16 13 4 38 42 11 18 7 20 25 12 8 8 18 34 45 27 5 31 62 71 38 6 4 14 16 10 6 11 24 47 87 98 87 55 18 13 13 7 3 21 72 89 44 15 8 1 4 4 23 38 28 7 22 23 8 10 6 3 2 4 8 8 4 6 9 3 43 102 79 21 20 52 88 66 25 3 53 80 57 29 17 57 85 64 30 21 19 18 20 20 12 3 0 8 22 29 40 91 117 69 22 9 7 13 7 6 10 3 9 6 5 5 7 7 4 7 10 1 8 13 18 27 21 31 34 16 7 4 11 13 7 2 4 5 2 0 2 2 1 4 7 4 4 7 3 3 4 6 4 4 16 43 61 60 58 12 88 24 118 87 20 3 1 1 2 1 4 4 1 2 0 3 6 6 4 3 1 1 3 2 3 1 3 3 4 4 3 1 0 1 3 2 3 1 2 1 3 4 4 3 1 0 2 2 3 4 6 7 5 3 3 2 0 32 32 0 0 0 0 0 0 -2147483648 
-2147483648 0 0 0 0 0 0 36 36 2 4 2 0 2 3 3 4 4 19 93 112 57 28 12 3 9 6 1 2 4 19 44 14 20 7 8 44 34 19 13 17 27 11 6 10 14 28 49 45 14 6 6 29 71 66 26 9 3 8 2 5 12 9 6 22 36 33 17 11 15 10 3 4 25 77 80 35 13 5 1 4 11 34 36 19 19 30 11 7 8 5 3 1 4 8 7 4 5 7 6 30 93 80 21 14 36 73 72 45 30 47 64 56 45 20 37 76 82 53 27 13 9 12 21 21 11 3 14 29 28 15 49 116 106 46 14 8 11 3 5 9 3 11 5 6 4 6 7 7 6 9 1 8 15 21 34 22 31 47 25 9 8 2 7 11 4 7 7 3 1 3 1 2 3 6 6 3 7 3 1 2 3 3 3 9 31 58 60 61 29 76 63 83 116 48 7 4 4 3 3 4 2 0 2 0 1 4 4 3 4 3 1 0 2 2 2 4 2 0 0 0 0 0 2 3 3 2 1 1 2 2 1 3 4 4 4 2 2 2 2 3 3 1 0 1 3 3 33 32 0 0 0 0 0 0 -2147483648 
-2147483648 0 0 0 0 0 0 37 37 2 3 4 3 3 4 3 0 1 16 92 113 56 28 15 4 6 8 6 7 17 40 36 9 20 3 17 50 24 22 11 26 16 8 3 13 26 45 50 25 4 7 1 16 55 81 45 14 6 6 3 9 14 5 1 6 12 12 7 9 4 3 6 4 28 80 76 29 12 4 2 5 26 37 23 5 30 24 4 6 3 1 2 3 6 9 6 4 6 5 4 22 86 82 22 6 24 54 78 81 74 71 69 65 56 32 33 59 79 70 37 11 5 6 16 24 20 6 18 28 20 13 31 101 115 59 19 9 8 4 3 8 2 12 2 4 0 4 4 3 3 7 2 5 13 24 41 30 25 51 34 12 9 6 1 13 13 9 12 6 3 2 0 1 3 4 6 1 5 3 2 3 3 4 4 6 23 50 63 57 47 36 98 38 133 77 13 4 1 0 4 4 2 0 2 0 0 3 4 1 0 2 2 1 1 3 1 4 2 1 3 3 1 1 3 3 2 2 3 3 3 1 2 2 0 0 0 2 2 2 2 3 4 4 0 0 0 2 34 32 0 0 0 0 0 0 -2147483648 
-2147483648 0 0 0 0 0 0 38 38 2 1 3 4 3 3 4 1 2 13 87 113 60 30 19 10 4 10 14 27 49 54 22 28 13 6 25 53 14 20 16 16 6 10 10 18 38 55 36 4 9 5 6 18 29 85 80 37 15 6 4 10 9 1 3 8 4 6 3 6 0 4 4 4 34 83 71 26 12 5 3 10 29 28 10 23 31 8 6 5 4 3 1 4 7 8 5 4 5 4 4 16 79 85 26 3 10 26 43 65 77 79 79 72 52 27 20 35 57 75 56 20 4 0 4 17 26 11 14 23 20 23 26 110 121 57 21 8 6 4 2 8 1 11 4 3 2 4 6 4 3 5 2 3 11 26 44 36 14 52 42 17 10 7 4 11 20 4 11 8 4 1 0 1 4 6 6 2 4 7 7 5 4 6 3 3 16 39 59 56 59 10 102 44 116 121 38 4 2 1 3 3 3 1 1 1 0 1 4 3 0 2 2 1 2 2 1 3 3 3 4 4 3 2 3 3 1 1 4 4 3 3 0 3 4 4 4 3 0 3 1 4 2 6 0 0 0 1 34 33 0 0 0 0 0 0 -2147483648 
-2147483648 0 0 0 0 0 0 37 38 1 2 0 4 5 3 3 2 1 10 77 111 63 30 18 9 6 16 34 41 30 7 35 32 5 12 38 51 9 18 10 7 10 7 20 32 50 47 13 6 3 3 13 31 34 72 98 57 19 10 9 8 3 3 4 10 15 9 7 9 9 11 9 8 43 87 66 24 11 6 2 16 26 19 20 27 15 5 3 0 4 4 0 4 8 8 6 4 4 4 4 12 75 87 28 6 9 19 28 40 49 53 51 38 17 3 10 23 41 68 68 33 11 10 7 7 24 15 9 21 25 22 36 122 118 51 20 10 8 4 2 8 0 10 7 3 4 5 7 6 1 5 6 7 13 26 46 46 6 50 44 19 12 7 9 1 18 10 10 9 3 0 1 4 4 4 4 3 5 5 4 2 3 3 0 2 11 29 54 59 54 35 69 110 74 156 65 9 1 2 1 3 4 3 0 3 2 2 4 3 0 2 2 1 2 1 2 1 4 4 3 3 4 3 3 2 0 0 4 6 2 2 2 1 3 3 1 0 2 2 0 3 1 4 3 1 0 0 34 34 0 0 0 0 0 0 -2147483648 
-2147483648 0 0 0 0 0 0 36 39 3 4 4 4 5 2 1 3 1 8 70 111 66 30 19 4 4 18 37 19 25 45 42 18 8 19 51 43 10 13 12 12 6 13 27 47 52 26 2 6 1 4 20 39 30 41 93 88 48 20 16 10 5 3 5 10 13 14 16 10 3 4 3 4 49 89 64 24 10 6 2 16 20 11 22 17 2 6 1 0 4 4 1 4 7 8 6 4 4 4 4 11 75 88 34 16 18 23 19 6 16 27 27 16 3 5 7 14 31 59 78 60 25 7 13 10 20 17 2 7 8 10 42 115 120 66 26 13 12 6 1 8 1 10 8 0 0 1 4 7 2 7 9 7 13 23 47 56 15 48 41 17 13 6 9 7 11 6 6 6 4 4 3 3 3 4 4 4 3 3 4 0 2 1 1 3 6 18 47 61 55 54 27 135 16 153 116 33 4 1 2 2 4 5 0 4 0 4 3 3 1 1 3 3 2 3 3 2 3 0 3 0 3 2 3 0 2 1 4 5 3 0 3 3 2 2 2 1 3 0 3 2 1 1 2 2 0 0 34 34 0 0 0 0 0 0 -2147483648 
-2147483648 0 0 0 0 0 0 37 40 3 3 5 6 4 1 0 2 2 7 69 114 68 29 19 2 6 16 32 20 34 23 6 7 14 38 59 31 6 21 24 5 15 22 40 53 34 4 9 4 6 10 28 42 24 21 65 96 76 37 24 13 7 3 8 10 2 8 13 16 14 18 13 6 48 89 64 24 11 7 3 15 18 17 9 6 8 6 3 1 3 4 3 4 6 8 6 4 4 4 4 14 81 91 38 21 20 14 45 48 47 31 13 4 1 6 9 14 27 51 76 78 48 16 7 10 10 15 11 9 7 5 32 90 121 89 37 15 11 8 2 8 4 8 9 4 3 4 6 9 4 8 11 6 10 19 41 57 26 42 36 15 11 4 4 7 13 9 9 9 6 4 3 1 5 4 3 3 2 3 3 2 1 0 3 3 3 14 39 60 58 55 15 111 97 114 158 57 8 0 0 0 4 5 3 4 2 4 4 4 4 1 0 1 3 3 1 0 2 2 2 2 2 0 2 2 0 2 3 4 3 1 4 4 1 2 2 2 2 2 2 2 2 0 1 3 3 1 34 34 0 0 0 0 0 0 -2147483648 
-2147483648 0 0 0 0 0 0 38 40 2 0 2 2 0 0 1 3 1 5 69 116 70 28 17 4 6 14 26 4 19 9 6 10 21 61 60 20 25 40 22 15 18 33 52 44 12 9 7 6 9 18 36 38 17 6 29 68 90 67 37 16 7 6 6 8 8 9 3 9 6 8 10 4 43 87 66 25 12 9 3 12 13 12 11 13 9 4 3 3 3 4 4 4 8 9 6 3 4 4 3 18 97 102 37 21 15 46 78 62 85 65 20 10 8 9 10 9 13 29 58 80 80 62 30 4 3 7 9 9 10 14 26 57 97 107 69 31 13 9 6 4 6 4 7 6 7 8 4 9 6 8 11 5 6 15 32 48 28 39 34 16 10 6 3 6 16 13 11 9 6 3 3 2 4 4 3 2 1 3 1 0 0 0 3 3 1 7 27 51 58 55 45 68 143 27 172 110 27 3 0 0 4 3 4 4 3 3 2 2 4 2 0 2 2 2 2 0 1 3 3 1 2 1 3 0 2 0 3 3 3 4 6 2 0 2 2 1 3 2 2 2 2 3 1 0 2 2 34 34 0 0 0 0 0 0 -2147483648 
-2147483648 0 0 0 0 0 0 38 40 2 0 1 3 3 2 3 1 0 4 66 116 74 28 17 8 6 11 24 14 17 17 13 17 41 73 33 25 49 33 13 21 30 50 49 20 7 4 6 13 18 27 34 27 8 9 18 40 85 90 51 25 14 14 13 9 8 18 42 58 53 26 14 4 38 86 70 26 12 11 7 12 10 12 20 12 3 3 4 4 6 7 6 6 9 8 3 2 4 4 1 36 126 105 30 22 11 77 97 44 91 104 34 17 9 12 16 18 18 21 44 71 104 115 78 25 6 3 4 5 10 13 17 33 69 115 106 52 22 12 7 4 7 4 6 4 9 11 7 7 2 6 9 6 2 12 25 37 18 27 25 9 9 7 5 12 18 4 11 8 4 4 3 0 1 4 6 3 1 4 5 3 0 0 1 3 2 6 17 40 58 53 52 20 143 72 150 158 49 6 0 1 3 1 3 2 2 4 3 4 4 1 0 1 3 3 1 0 0 0 0 0 2 2 2 2 0 2 2 1 3 4 1 2 1 3 1 0 0 2 1 4 3 3 2 0 1 3 35 34 0 0 0 0 0 0 -2147483648 
-2147483648 0 0 0 0 0 0 38 39 3 3 1 0 2 5 3 1 0 5 62 114 79 30 17 7 5 8 20 23 4 22 28 28 58 64 11 41 46 7 20 24 46 55 31 3 7 6 11 16 22 23 22 22 10 9 9 13 59 100 77 38 14 12 11 11 10 40 76 92 102 87 51 22 32 83 73 27 13 12 6 3 14 22 18 7 2 4 4 6 7 4 3 4 7 6 2 2 4 4 0 51 145 92 27 22 23 100 103 28 89 134 53 5 10 13 36 57 61 38 31 32 53 112 146 93 30 7 3 6 7 4 8 13 36 95 134 99 49 24 14 7 10 8 7 1 5 7 8 5 2 6 8 6 4 12 19 29 17 23 22 9 9 6 4 13 21 8 11 8 1 4 4 0 1 3 7 6 3 4 4 6 1 0 0 1 4 6 11 29 51 55 57 29 109 138 72 181 99 23 1 3 3 2 3 1 2 4 4 4 2 0 0 0 0 0 0 0 0 1 3 4 3 0 3 1 0 1 3 2 3 3 1 2 2 2 0 0 0 1 3 4 1 3 3 1 0 2 36 34 0 0 0 0 0 0 -2147483648 
-2147483648 0 0 0 0 0 0 37 38 1 2 2 0 2 5 3 1 0 5 59 114 83 31 16 7 4 10 19 25 35 50 54 43 55 42 18 46 36 9 22 34 56 44 9 9 6 9 15 18 18 13 18 25 20 8 3 10 35 87 98 55 20 4 6 6 23 71 85 65 66 87 60 25 20 78 77 30 14 12 6 6 22 23 11 3 4 6 6 7 6 3 4 4 5 6 3 3 4 4 2 64 157 81 19 11 26 114 105 34 67 138 105 32 26 43 64 37 58 32 10 6 30 62 141 144 53 15 2 4 1 6 11 15 17 51 107 118 72 33 20 6 9 6 10 3 2 3 2 4 4 5 8 6 5 11 16 25 19 20 18 7 8 4 3 9 18 11 11 9 4 6 6 5 6 4 7 4 3 6 6 6 1 1 2 1 3 6 10 22 43 59 55 46 52 157 33 170 145 42 6 4 3 3 2 0 3 4 2 4 3 0 0 0 0 0 0 0 0 2 2 0 0 2 2 0 0 0 2 1 3 1 2 3 1 2 4 3 1 0 2 1 3 3 3 1 0 2 36 34 0 0 0 0 0 0 -2147483648 
-2147483648 0 0 0 0 0 0 36 39 4 3 1 0 2 4 3 2 2 6 57 116 84 29 16 8 0 7 16 29 57 42 33 31 43 31 32 49 23 6 21 48 57 25 3 4 8 10 17 24 16 3 7 19 26 21 9 6 4 51 96 80 40 15 9 8 49 86 70 38 40 92 73 31 11 70 81 36 15 13 5 15 23 16 7 1 4 6 6 6 4 4 4 3 6 6 3 2 4 5 4 79 162 65 24 11 40 120 99 33 28 99 132 106 53 47 44 64 118 92 74 43 40 44 70 159 102 37 7 3 3 6 10 8 8 30 61 102 96 53 27 11 6 6 13 3 2 3 6 6 3 3 8 6 4 7 11 18 14 13 11 5 9 7 6 7 14 10 8 7 5 4 4 4 3 4 8 6 3 3 4 3 1 2 0 2 2 6 10 16 33 59 57 58 9 137 111 105 174 84 19 4 3 3 1 0 4 4 0 4 4 0 0 0 0 0 1 2 1 1 3 4 4 3 0 3 4 3 1 1 3 3 3 3 0 3 3 4 3 0 2 0 3 4 3 1 0 2 36 34 0 0 0 0 0 0 -2147483648 
-2147483648 0 0 0 0 0 0 37 40 3 0 0 0 2 4 5 3 4 6 54 116 87 29 15 7 0 5 16 39 62 34 10 1 33 15 47 50 14 8 28 58 48 8 4 4 11 15 23 25 10 3 3 7 17 23 14 3 6 20 69 91 58 23 13 9 71 91 51 23 25 86 82 37 3 62 84 43 17 12 8 20 19 11 6 1 4 5 6 4 5 4 1 3 6 4 3 1 4 6 9 100 156 42 23 7 54 119 87 30 18 62 113 137 115 83 13 131 146 94 94 82 58 58 7 120 144 63 15 2 7 11 10 9 17 24 35 74 105 76 34 14 1 7 14 3 4 6 9 4 2 4 8 5 4 5 7 15 11 6 8 8 11 4 4 6 13 8 3 9 6 4 3 3 2 2 6 9 4 1 3 2 3 3 2 4 8 9 12 15 27 52 61 55 39 83 149 26 174 126 33 6 1 0 0 0 3 4 4 6 6 4 3 1 0 0 2 0 2 0 0 0 0 0 2 2 0 2 0 1 3 1 2 2 5 4 1 3 4 1 1 2 3 3 2 1 0 1 36 35 0 0 0 0 0 0 -2147483648 
-2147483648 0 0 0 0 0 0 38 39 3 1 0 0 2 4 5 3 1 3 51 118 93 32 12 6 3 6 22 60 56 12 9 11 32 20 53 45 11 11 37 63 38 1 2 8 11 22 28 19 3 4 7 3 25 28 14 4 10 17 35 77 79 41 19 8 77 90 44 20 17 78 87 46 10 51 86 56 23 10 9 18 12 9 5 4 6 6 6 4 6 4 3 4 5 5 4 4 4 4 16 124 147 18 15 5 68 119 75 29 9 17 55 113 160 124 28 156 133 56 70 102 88 70 68 38 139 117 51 13 7 10 6 13 22 22 22 44 94 104 63 26 8 10 14 3 3 6 9 4 4 7 7 3 5 6 4 11 9 3 7 8 9 3 3 3 11 12 2 13 7 4 4 1 0 0 1 8 8 3 4 4 4 4 3 1 4 3 6 10 19 42 60 56 59 24 151 70 128 162 73 18 6 1 0 0 2 2 0 3 4 4 4 4 1 0 1 2 3 2 1 0 0 0 1 3 4 3 2 3 3 2 3 4 4 3 2 3 3 2 0 1 3 1 0 0 0 0 36 36 0 0 0 0 0 0 -2147483648 
-2147483648 0 0 0 0 0 0 38 38 2 3 2 2 3 4 3 1 3 1 47 121 100 33 8 3 2 6 37 68 37 9 9 12 27 25 39 38 7 14 41 66 34 4 6 10 17 28 23 7 4 4 5 21 30 19 5 13 30 39 31 33 78 63 27 1 73 99 49 21 13 75 95 53 18 38 84 70 31 11 11 14 9 8 3 5 6 6 6 6 7 6 4 3 4 6 3 0 2 2 44 149 125 13 15 3 81 120 64 24 8 2 22 95 176 132 41 168 127 41 37 79 92 64 60 38 86 148 89 32 11 12 9 4 19 24 23 33 74 116 93 37 13 13 14 5 1 6 8 3 2 5 4 1 8 7 3 7 9 5 6 7 8 2 2 1 9 15 4 11 11 2 3 1 3 3 1 5 8 3 3 0 0 0 2 1 4 5 1 6 15 33 55 59 56 23 114 130 64 173 111 28 7 4 1 0 2 3 3 3 1 0 1 4 4 4 4 4 4 4 4 1 0 0 0 1 2 1 0 0 0 0 0 1 3 3 3 3 1 1 1 2 2 0 0 0 0 0 36 36 0 0 0 0 0 0 -2147483648 
-2147483648 0 0 0 0 0 0 39 39 3 3 0 0 2 4 2 0 4 0 41 120 107 37 6 0 3 14 55 62 17 6 4 6 12 11 27 31 7 15 41 65 36 2 6 12 25 29 14 3 4 3 20 28 21 10 1 19 42 48 45 35 41 76 55 23 52 104 69 28 1 64 102 67 26 22 75 82 46 14 9 11 10 8 1 8 7 6 4 3 7 4 3 3 6 6 1 0 2 4 86 171 95 31 20 16 88 114 58 22 9 13 29 143 207 107 65 168 127 47 8 47 91 64 36 63 8 116 134 81 31 14 13 8 7 19 20 18 40 102 115 66 26 16 14 6 4 8 6 1 1 4 6 3 7 5 1 3 7 8 8 7 8 0 3 1 7 13 6 9 11 0 4 2 2 2 2 4 6 1 3 1 0 0 2 2 3 6 6 4 8 22 48 59 54 51 59 160 31 147 152 61 12 4 4 2 1 4 2 0 0 0 0 2 1 3 3 1 1 2 3 3 2 1 0 2 0 2 0 0 0 1 3 4 4 4 3 3 0 0 2 1 3 1 1 2 1 0 36 36 0 0 0 0 0 0 -2147483648 
-2147483648 0 0 0 0 0 0 40 40 0 1 1 1 1 3 3 1 4 0 36 119 113 40 6 4 6 33 71 47 6 8 3 4 7 13 24 16 10 11 37 65 41 6 10 20 30 22 4 2 7 19 28 20 7 4 3 24 57 53 27 33 18 66 80 42 25 97 91 38 9 47 101 84 35 15 64 95 63 20 6 10 8 8 5 10 7 6 3 1 8 4 2 3 4 3 0 1 0 40 143 159 44 26 22 25 87 113 71 75 128 175 198 203 167 49 60 163 146 58 18 69 131 100 44 25 42 55 142 125 58 20 13 10 1 13 18 10 22 70 111 95 44 21 15 8 7 8 4 1 3 3 6 1 6 5 2 0 2 1 3 5 6 2 2 3 6 13 8 6 11 1 4 1 3 3 1 4 6 2 2 2 0 0 3 4 5 7 8 4 5 15 38 59 58 50 20 147 110 103 173 97 18 3 6 1 1 4 1 0 0 0 0 2 0 2 2 3 3 3 1 4 0 2 0 1 2 1 0 0 0 3 3 1 0 0 0 1 1 1 1 0 2 1 3 1 2 0 36 36 0 0 0 0 0 0 -2147483648 
-2147483648 0 0 0 0 0 0 39 39 4 3 3 2 0 2 2 3 4 1 33 118 117 42 5 6 10 52 77 33 20 10 0 4 3 18 10 14 27 29 38 63 42 7 13 27 24 11 3 3 14 21 18 9 3 4 3 23 62 58 16 35 38 34 90 74 18 70 102 63 23 29 93 96 47 14 37 94 91 44 9 8 6 5 3 7 5 4 3 5 9 6 3 4 4 1 0 2 3 78 172 115 16 13 12 22 66 95 130 197 224 220 207 168 94 23 34 126 177 174 188 218 206 137 104 63 34 27 81 150 112 48 19 13 9 3 12 13 19 38 80 110 82 43 21 10 9 9 6 3 3 6 6 2 6 7 2 0 2 2 2 6 7 3 4 4 4 13 13 4 11 3 4 3 1 1 2 2 6 4 3 1 0 0 4 4 0 0 4 3 4 8 27 56 69 58 28 106 165 19 169 143 48 7 6 4 3 4 0 0 0 0 0 2 1 3 0 4 3 2 1 4 3 1 0 0 0 0 0 1 2 3 2 2 0 1 2 1 3 4 3 2 1 3 3 3 3 1 36 36 0 0 0 0 0 0 -2147483648 
-2147483648 0 0 0 0 0 0 38 38 1 4 4 1 0 2 3 4 3 2 29 114 121 46 6 8 29 73 69 9 23 12 6 4 7 22 6 17 9 21 34 49 33 11 25 33 13 1 7 13 20 16 8 4 4 4 3 14 52 67 44 46 41 29 80 92 36 40 100 87 34 16 83 97 52 23 16 72 110 71 14 5 5 4 4 7 7 4 3 4 6 4 3 4 4 3 3 1 37 132 164 60 11 11 10 15 47 107 156 153 102 54 25 12 4 0 16 70 144 186 196 167 98 50 68 82 33 34 26 126 144 75 28 13 10 6 4 16 23 26 47 93 105 69 31 13 9 9 7 2 1 8 8 3 6 8 4 4 5 7 8 10 8 3 3 4 1 9 12 1 10 5 3 4 3 2 1 3 6 4 1 1 3 3 4 4 4 4 4 1 3 5 18 48 80 68 32 52 170 86 137 175 80 13 5 5 4 2 3 4 4 4 3 3 2 2 2 3 4 3 3 3 4 2 3 4 4 3 1 2 0 1 3 1 1 2 0 3 4 2 3 1 1 3 1 1 2 2 36 36 0 0 0 0 0 0 -2147483648 
-2147483648 0 0 0 0 0 0 38 38 3 6 4 4 4 3 3 3 3 3 26 110 123 49 9 12 47 85 48 15 20 8 4 4 20 30 25 32 29 30 31 37 32 27 40 31 13 10 14 19 17 11 6 6 7 4 2 4 27 48 47 49 37 19 57 101 73 12 74 99 54 17 80 100 52 24 16 32 106 122 61 15 4 0 6 8 7 4 3 4 4 3 2 2 4 2 2 8 82 172 119 16 12 6 11 8 34 68 62 27 1 0 0 0 0 0 0 0 13 27 27 11 0 0 19 58 74 35 26 61 144 117 57 21 11 11 4 13 24 24 24 55 100 101 65 36 23 17 10 6 4 9 8 2 6 5 3 3 2 3 4 6 3 4 2 4 0 8 13 4 11 8 1 4 4 2 2 2 3 4 3 2 2 2 3 3 4 4 3 2 3 3 8 36 86 81 37 9 138 160 48 179 131 40 9 7 4 3 3 1 0 0 2 3 3 3 1 1 3 3 1 0 4 0 2 1 2 3 2 1 2 2 4 4 4 3 1 4 3 3 2 3 3 2 2 1 3 0 36 37 0 0 0 0 0 0 -2147483648 
-2147483648 0 0 0 0 0 0 38 38 3 6 3 1 2 1 1 3 3 1 25 106 121 51 11 22 71 80 11 27 16 6 4 13 27 22 4 11 14 25 34 37 34 41 53 29 15 17 19 18 13 6 4 7 6 1 3 4 10 29 35 32 20 12 34 86 99 43 40 98 82 50 84 94 48 20 15 27 71 140 103 26 7 6 7 5 5 4 3 3 4 1 3 4 4 3 7 41 132 156 44 21 12 6 7 23 54 49 15 0 0 0 0 0 0 0 0 0 0 0 0 0 0 0 4 22 52 58 8 5 104 141 86 33 10 12 9 6 20 26 24 34 74 108 96 76 58 37 16 6 7 11 8 1 6 4 1 3 1 1 3 6 4 2 3 3 1 8 13 5 8 9 3 4 4 2 1 3 1 3 4 3 1 1 3 4 4 4 4 4 4 3 6 26 82 101 41 13 84 173 60 149 172 68 11 8 6 3 3 3 2 3 3 1 0 0 0 1 3 4 1 0 4 0 2 2 0 3 3 4 4 3 3 3 4 3 3 4 2 2 1 4 2 3 1 3 2 2 36 38 0 0 0 0 0 0 -2147483648 
-2147483648 0 0 0 0 0 0 39 39 3 4 4 4 2 3 1 0 2 2 23 104 122 50 9 31 90 58 25 24 4 13 10 24 31 11 4 3 12 20 24 29 36 55 55 25 7 11 13 11 9 4 6 7 2 3 6 6 3 5 13 15 13 13 14 50 95 81 11 62 83 91 101 78 38 13 8 32 11 95 131 69 22 12 9 6 7 4 3 0 4 4 4 6 6 4 21 109 174 105 9 10 8 8 3 38 57 29 7 0 0 0 0 0 0 0 0 0 0 0 0 0 0 0 0 0 10 54 52 8 40 124 125 68 19 9 12 6 10 21 21 17 39 84 110 123 127 103 54 19 10 14 11 3 7 6 3 2 1 3 4 6 5 1 4 0 3 7 11 6 3 10 7 2 4 3 2 1 0 1 3 4 4 4 4 5 6 5 4 4 4 4 7 17 76 115 51 10 38 155 140 71 184 116 30 7 6 3 3 3 4 4 4 4 3 1 0 2 2 3 3 1 3 1 4 3 2 3 4 4 4 4 3 2 1 3 2 4 4 1 1 4 2 4 1 4 2 1 36 37 0 0 0 0 0 0 -2147483648 
-2147483648 0 0 0 0 0 0 40 40 0 1 3 4 4 1 2 1 3 0 21 105 125 51 4 53 92 21 52 19 26 11 26 30 15 9 1 3 16 20 22 27 38 63 53 20 5 4 7 7 7 6 7 4 4 6 6 4 5 5 3 1 4 10 14 29 76 97 41 21 55 71 62 37 20 7 3 17 26 31 122 123 58 23 13 10 9 6 3 3 3 1 0 3 7 53 136 202 147 38 17 14 8 12 27 54 39 1 0 0 0 3 8 8 4 0 0 0 0 0 0 0 0 0 0 0 0 23 62 29 6 80 140 102 35 9 9 7 6 18 14 14 34 63 89 106 126 135 87 33 14 17 16 2 5 6 4 4 3 1 2 5 6 2 4 2 3 6 12 11 9 13 10 1 4 3 3 3 1 0 0 0 0 1 3 4 4 4 1 0 0 6 7 13 68 119 71 10 23 114 168 20 160 157 52 9 6 4 3 3 2 3 4 4 4 4 4 3 0 3 3 2 1 3 3 0 0 0 0 0 1 4 3 1 3 3 2 3 6 3 1 4 3 3 1 3 2 0 36 36 0 0 0 0 0 0 -2147483648 
-2147483648 0 0 0 0 0 0 40 40 0 0 2 3 4 5 2 2 2 2 20 103 125 55 7 79 85 24 55 33 57 24 38 16 30 34 19 3 17 21 23 25 44 68 48 16 5 4 7 9 8 6 4 2 6 4 6 3 7 6 2 0 1 6 13 17 54 95 71 23 14 27 25 16 9 3 4 4 17 28 51 144 160 110 53 23 14 10 7 5 4 3 0 4 44 150 214 166 60 33 12 7 4 24 51 47 17 0 0 10 33 61 85 98 94 69 37 11 0 0 0 0 0 0 0 0 0 3 48 59 7 22 116 134 73 21 8 7 10 17 8 12 21 19 30 41 77 128 118 66 31 25 21 9 6 6 1 1 4 4 4 6 6 1 3 3 4 4 13 17 8 18 15 3 4 4 1 2 2 1 2 1 0 2 3 3 2 4 3 0 0 5 6 11 63 121 86 9 15 71 171 96 100 178 100 25 9 6 1 0 1 2 1 0 1 3 3 1 2 2 1 3 1 1 3 3 2 2 1 0 3 6 4 4 3 2 4 1 3 3 3 4 3 3 1 1 3 4 37 37 0 0 0 0 0 0 -2147483648 
-2147483648 0 0 0 0 0 0 40 41 3 4 3 1 0 3 4 3 1 1 18 96 125 59 25 98 68 40 63 17 46 25 27 36 29 31 25 8 19 26 25 28 55 70 40 13 5 6 8 9 7 3 1 7 6 4 6 1 8 6 2 0 0 2 6 13 37 82 92 49 24 18 10 4 3 4 6 4 10 40 54 97 164 179 129 66 32 19 10 5 6 10 42 119 196 213 132 7 44 42 21 16 16 53 52 20 0 17 56 106 144 164 169 170 172 164 141 100 48 13 0 0 0 0 0 0 0 0 21 62 38 10 59 132 106 37 9 7 11 12 5 13 25 11 5 12 48 87 117 90 44 31 21 10 5 4 2 2 1 0 0 4 4 0 2 5 4 4 11 20 13 16 18 4 3 4 1 2 2 1 3 3 1 2 4 2 1 4 6 1 0 3 4 10 58 121 99 22 22 41 149 147 38 164 142 42 9 6 2 0 2 0 2 0 0 0 2 3 3 1 1 4 3 1 0 2 0 0 2 0 3 6 3 0 0 0 4 3 3 3 3 3 2 2 3 1 0 0 38 38 0 0 0 0 0 0 -2147483648 
-2147483648 0 0 0 0 0 0 40 42 2 0 0 0 0 4 4 1 2 2 18 93 123 56 34 102 44 43 48 49 69 32 26 43 40 51 20 4 14 24 22 33 69 71 32 11 6 8 6 7 8 2 6 9 4 2 6 4 5 7 4 4 4 6 9 6 13 54 96 86 40 12 13 9 3 5 3 5 17 46 60 29 48 130 175 176 177 166 136 99 82 104 165 224 200 118 22 46 47 30 13 3 54 66 29 4 23 81 141 167 161 139 118 105 113 141 174 191 172 116 49 8 0 0 0 0 0 0 1 43 67 23 25 91 124 74 21 3 8 8 2 11 23 16 5 25 39 39 93 115 77 49 30 12 3 1 0 0 1 3 4 6 6 1 2 2 1 4 9 18 13 12 16 5 2 3 3 4 3 1 3 1 2 3 4 3 3 3 6 3 0 2 2 7 52 121 107 31 21 20 108 181 52 125 168 80 18 6 2 0 1 2 1 0 1 3 3 3 2 0 3 4 2 4 4 3 2 1 2 4 3 4 4 3 1 0 4 4 0 2 4 2 0 0 3 4 4 4 37 37 0 0 0 0 0 0 -2147483648 
-2147483648 0 0 0 0 0 0 40 42 1 3 4 4 3 4 4 4 4 3 26 93 116 52 45 99 24 39 21 44 36 22 31 9 76 51 9 16 16 17 19 40 80 69 24 7 7 7 3 7 7 4 9 6 3 3 4 4 3 8 6 4 5 9 10 8 4 26 74 106 71 21 14 12 7 7 4 9 29 56 50 22 4 44 104 149 177 194 204 206 204 204 193 135 34 28 51 46 21 7 17 36 71 46 18 64 124 166 155 107 67 43 31 26 31 48 75 120 165 177 126 40 1 0 0 0 0 0 0 17 56 63 27 40 115 108 39 3 8 6 3 8 18 16 10 28 20 30 69 110 95 68 44 17 4 2 2 2 4 4 3 5 6 2 1 3 2 3 8 15 12 6 15 8 3 3 0 3 4 1 2 1 3 6 6 4 2 3 5 3 2 3 2 5 47 118 110 43 14 29 64 179 124 85 171 119 30 7 4 3 1 0 0 0 2 2 0 2 2 1 4 2 4 3 0 0 0 3 3 1 0 1 3 4 4 2 4 3 1 3 3 2 1 3 4 3 0 0 36 36 0 0 0 0 0 0 -2147483648 
-2147483648 0 0 0 0 0 0 40 42 0 2 0 0 2 3 3 3 2 10 33 80 109 56 57 88 6 28 9 16 16 21 17 64 85 39 24 24 13 15 20 53 86 60 18 5 10 8 3 6 6 6 7 1 4 3 9 5 3 2 6 5 6 10 7 3 4 10 41 95 98 48 21 12 9 7 7 13 33 57 43 16 7 2 13 20 24 42 77 112 127 110 70 20 24 45 45 25 7 3 18 54 58 17 56 128 155 135 87 45 23 16 6 7 13 11 2 19 64 139 187 142 54 7 0 0 0 0 0 0 30 74 51 15 74 122 75 20 4 8 6 10 15 13 10 19 15 25 49 89 103 113 91 44 14 3 1 0 6 4 2 6 6 2 0 2 4 2 8 12 14 4 16 11 4 6 2 3 3 0 3 2 1 5 6 3 3 4 4 2 0 3 3 5 42 112 114 54 9 28 31 143 181 21 151 156 65 14 4 4 4 3 1 0 2 1 3 4 3 3 4 1 3 3 3 1 0 4 2 3 2 1 0 1 4 4 4 1 2 3 3 1 2 2 1 3 3 1 36 36 0 0 0 0 0 0 -2147483648 
-2147483648 0 0 0 0 0 0 40 41 2 0 3 4 3 1 2 2 6 20 25 64 107 58 63 76 6 26 3 20 11 40 20 97 68 16 23 28 23 21 29 68 86 48 13 6 12 9 4 0 6 8 4 3 7 17 15 11 2 5 5 6 7 7 1 10 9 11 26 70 106 73 29 15 9 3 7 11 25 64 77 51 23 7 0 0 0 0 0 0 0 0 4 21 38 39 28 13 9 13 43 54 16 50 127 155 103 50 19 10 9 6 15 23 23 24 21 13 12 66 142 184 115 18 0 0 0 0 0 0 13 57 72 32 36 105 106 39 6 10 9 11 12 9 9 21 23 22 41 74 99 129 127 72 23 8 6 6 6 3 1 6 8 3 1 3 6 3 7 9 11 4 16 13 4 8 6 4 3 1 4 1 3 7 6 1 4 3 3 3 2 3 3 5 37 108 115 59 20 20 31 88 187 91 112 172 101 24 6 3 3 3 2 0 1 3 3 4 4 6 6 3 1 0 2 3 2 4 3 3 0 2 0 0 1 1 2 4 3 4 3 2 3 1 0 0 3 3 35 36 0 0 0 0 0 0 -2147483648 
-2147483648 0 0 0 0 0 0 39 40 1 3 3 1 1 4 5 2 11 21 10 55 109 49 68 64 10 21 22 2 49 37 66 96 45 8 14 18 17 22 42 83 84 37 11 9 13 11 4 6 4 6 5 6 17 22 15 18 13 6 3 6 9 6 7 10 1 7 7 34 92 93 51 28 15 7 10 9 14 55 113 136 114 68 21 0 0 0 0 0 0 1 14 33 35 25 20 13 4 35 62 37 22 108 155 119 54 12 10 14 13 15 25 21 13 13 17 20 17 1 56 163 180 77 11 0 0 0 0 0 0 31 72 59 29 77 110 63 18 4 9 10 9 9 7 11 15 13 18 32 48 100 145 115 51 16 6 4 3 1 1 4 9 6 4 4 6 5 3 8 10 2 15 13 4 12 6 1 0 2 3 1 1 6 6 3 4 1 2 2 0 1 4 6 34 106 115 61 29 8 29 48 159 161 32 161 143 52 12 3 3 4 1 0 1 3 1 3 3 4 4 4 4 3 1 4 1 4 1 1 2 1 0 0 0 2 2 0 0 4 1 2 3 0 0 0 4 1 34 37 0 0 0 0 0 0 -2147483648 
-2147483648 0 0 0 0 0 0 38 40 3 4 1 2 2 5 2 6 20 13 6 55 108 41 68 46 9 19 22 26 49 33 101 80 25 6 13 16 15 23 59 96 75 29 11 11 13 9 2 9 7 4 5 9 19 14 11 17 20 9 7 9 8 4 11 7 6 11 9 11 63 96 75 41 22 10 9 25 74 110 128 149 155 133 62 0 0 0 0 1 11 27 41 45 34 20 12 11 24 60 54 9 89 152 121 49 11 17 13 13 15 25 19 9 4 7 9 13 17 13 19 104 190 140 32 0 0 0 0 0 0 16 51 59 41 60 95 77 31 8 6 6 6 8 8 6 7 6 8 12 25 54 107 129 74 25 9 1 1 3 4 4 9 7 4 2 3 4 1 8 10 1 14 16 4 15 8 1 0 1 3 2 2 3 6 1 4 4 4 3 0 1 3 7 32 102 115 61 31 7 25 39 117 179 59 129 170 81 17 4 3 4 1 0 1 3 3 1 3 4 1 0 0 2 0 3 3 4 3 4 4 3 2 3 4 3 1 0 0 3 2 1 4 0 0 0 4 0 34 38 0 0 0 0 0 0 -2147483648 
-2147483648 0 0 0 0 0 0 39 40 3 4 1 3 3 4 2 13 25 10 8 55 103 30 61 33 14 40 16 48 10 96 102 57 19 10 14 16 17 31 80 98 57 22 10 11 12 5 8 13 7 2 1 6 16 16 7 5 19 16 6 8 4 12 14 3 8 9 2 2 28 75 95 73 37 18 17 44 95 95 70 85 132 187 164 66 10 0 3 17 43 62 72 75 65 45 20 6 50 64 31 42 132 139 70 9 18 19 20 11 19 21 12 6 4 8 8 9 13 16 9 36 145 189 101 20 0 0 0 0 4 40 85 80 45 40 77 85 51 18 3 2 3 8 9 6 4 3 4 17 45 43 54 120 105 48 21 10 5 6 6 6 9 8 4 0 0 3 3 8 9 2 13 17 3 12 8 4 1 1 4 4 2 4 6 1 1 3 6 6 4 2 3 6 28 97 117 66 33 14 15 27 75 174 134 57 174 129 42 8 2 4 2 0 0 0 0 1 4 3 0 0 1 3 2 3 3 3 2 0 0 2 1 3 1 0 1 2 1 2 1 3 3 1 2 2 4 1 34 38 0 0 0 0 0 0 -2147483648 
-2147483648 0 0 0 0 0 0 40 40 1 4 3 1 2 1 8 24 19 11 13 51 95 29 50 16 30 33 20 33 93 109 54 19 10 12 17 18 17 32 91 102 47 21 13 12 9 7 11 9 0 4 6 10 18 22 19 10 16 17 4 12 3 16 13 3 11 8 2 1 11 45 87 97 57 19 13 53 98 68 28 30 70 144 207 142 25 18 57 102 127 130 131 128 105 77 43 49 61 35 21 101 151 97 18 23 19 13 19 11 18 8 6 6 8 9 8 8 11 13 9 10 82 183 156 42 0 0 0 3 40 115 142 100 53 20 53 80 67 31 8 7 13 17 16 11 7 5 12 29 40 24 45 106 119 60 25 13 7 6 6 7 8 10 6 0 0 2 1 6 9 5 12 18 3 9 5 4 4 4 4 3 3 4 3 2 0 2 4 4 0 2 3 4 25 93 117 68 35 19 6 27 48 146 171 29 148 170 68 13 3 3 3 4 4 3 1 2 3 3 3 1 2 2 0 0 0 1 3 2 2 0 3 1 2 0 1 2 1 2 3 3 0 3 1 0 3 3 35 38 0 0 0 0 0 0 -2147483648 
-2147483648 0 0 0 0 0 0 40 40 0 4 4 2 0 1 18 26 8 17 11 46 85 20 39 1 38 3 11 63 100 67 25 11 7 8 16 21 17 25 79 112 76 37 22 14 4 10 9 3 3 4 6 7 9 34 20 12 22 18 8 14 17 18 10 6 12 5 0 2 0 14 51 96 86 40 14 51 94 61 20 6 8 43 164 207 95 54 119 154 156 148 139 127 120 126 113 75 37 13 54 137 134 56 11 25 15 26 13 10 10 3 4 5 8 10 9 9 9 11 8 8 21 139 195 92 10 0 0 4 73 151 127 90 88 48 28 58 71 53 24 17 26 34 38 28 14 5 16 31 19 16 24 102 118 58 29 17 11 7 4 4 10 13 8 5 4 4 3 4 9 8 8 17 4 9 4 0 3 1 2 2 2 2 2 1 2 1 4 5 3 3 1 2 23 91 118 67 34 24 8 20 25 101 187 107 82 184 116 33 7 3 3 1 0 2 2 1 3 4 4 3 1 3 5 7 7 5 4 2 2 3 1 2 1 0 1 2 1 1 4 3 2 1 3 2 3 3 37 38 0 0 0 0 0 0 -2147483648 
-2147483648 0 0 0 0 0 0 40 41 3 4 3 1 1 10 26 17 10 18 8 42 85 23 36 19 29 16 65 100 64 21 6 6 4 4 12 19 20 20 50 101 99 55 30 17 9 10 4 4 6 6 4 7 21 21 23 27 24 14 9 12 16 13 5 8 11 6 3 0 2 4 27 73 96 62 20 34 92 79 28 7 2 11 92 192 135 99 159 130 92 74 60 48 64 131 160 81 8 17 93 150 93 11 26 15 18 27 8 14 4 3 5 6 8 11 10 9 8 9 8 8 4 82 198 143 17 0 0 16 109 167 98 45 80 60 14 30 60 64 34 33 51 59 62 51 24 9 17 23 16 17 42 115 100 45 28 20 13 10 5 6 9 12 8 6 1 3 4 4 6 7 7 14 2 8 2 2 2 1 3 3 2 2 2 0 0 0 5 8 3 2 3 3 20 88 117 67 33 25 16 10 29 60 170 159 19 159 157 54 10 0 3 4 3 0 3 3 1 0 3 4 1 1 4 4 4 4 4 2 2 4 3 1 0 0 2 1 3 1 3 4 0 2 1 1 3 4 39 39 0 0 0 0 0 0 -2147483648 
-2147483648 0 0 0 0 0 0 40 42 3 3 1 0 3 20 30 7 18 13 6 39 90 49 50 57 41 67 97 73 32 9 6 6 4 4 9 14 18 16 27 73 100 78 47 20 12 9 6 7 7 4 3 18 23 11 4 9 14 8 3 6 3 3 4 8 9 7 6 4 2 3 4 39 82 88 61 15 64 99 68 27 7 3 50 151 119 89 138 80 41 26 16 9 43 155 179 68 4 34 120 140 59 9 22 6 27 11 10 10 4 4 8 7 8 12 10 7 8 8 7 6 6 31 169 187 53 0 0 25 126 161 82 15 60 70 37 3 39 62 48 43 59 57 71 78 45 14 9 14 23 18 68 108 75 39 27 23 19 18 15 11 12 11 7 8 3 2 2 1 4 4 4 11 3 8 4 1 0 3 1 4 2 1 3 1 0 0 6 8 0 0 2 1 17 85 116 69 32 24 20 6 22 28 126 193 70 110 175 97 25 3 4 4 2 2 0 2 2 0 1 4 3 2 3 3 3 4 3 1 1 2 2 2 0 0 2 2 2 2 2 4 2 1 2 3 2 0 40 40 0 0 0 0 0 0 -2147483648 
-2147483648 0 0 0 0 0 0 40 42 4 2 1 3 13 32 21 17 21 7 4 37 98 85 65 82 88 94 65 18 4 1 2 4 4 5 10 14 18 16 27 59 79 75 51 19 5 4 8 9 8 2 16 21 10 3 11 17 20 18 19 18 14 6 2 8 7 6 6 6 6 4 4 17 58 86 86 50 17 82 98 57 17 3 53 138 100 73 127 62 25 9 4 5 49 165 178 58 7 65 141 118 28 17 13 23 17 7 10 2 5 8 9 7 6 11 11 8 8 7 6 4 4 14 123 202 93 0 0 25 130 162 78 18 43 89 95 84 74 73 64 42 56 31 47 72 52 20 7 13 11 14 64 105 89 57 43 39 31 22 16 12 15 11 6 8 6 3 2 1 4 3 3 11 6 8 6 1 2 1 2 3 2 0 2 2 0 0 5 8 1 1 3 4 16 84 118 69 31 23 18 13 10 30 75 191 135 66 166 135 39 7 4 4 0 3 4 3 1 0 1 4 3 1 3 1 1 4 1 2 2 2 1 3 2 3 3 1 1 3 3 3 3 3 0 4 2 0 40 40 0 0 0 0 0 0 -2147483648 
-2147483648 0 0 0 0 0 0 39 42 4 3 3 2 18 34 3 27 14 6 3 35 104 105 49 44 66 58 25 7 7 4 4 5 5 3 6 13 20 21 35 66 81 75 47 18 10 12 9 6 6 5 17 13 2 3 2 7 17 22 23 24 24 16 9 3 6 5 4 6 8 5 7 9 14 51 85 86 48 21 81 96 62 22 66 171 124 106 143 99 51 21 11 9 62 188 168 38 10 93 149 87 16 14 20 24 8 10 5 3 8 9 9 6 4 10 12 8 5 6 6 4 5 3 87 202 128 13 0 19 117 164 94 33 49 158 151 121 113 91 77 46 32 9 51 68 49 24 8 3 3 17 36 71 95 96 101 107 96 64 36 23 22 15 8 6 6 6 4 4 6 3 1 10 6 8 4 2 2 0 0 3 4 3 1 2 0 1 4 7 2 2 1 3 14 82 120 70 30 21 16 16 3 23 38 156 191 30 135 164 78 20 7 6 3 0 1 2 2 3 4 4 1 0 2 2 2 3 2 1 1 3 4 4 1 2 0 0 0 2 3 3 4 6 3 3 3 3 41 41 0 0 0 0 0 0 -2147483648 
-2147483648 0 0 0 0 0 0 38 41 4 4 6 4 19 31 27 26 8 4 1 36 106 110 59 33 18 5 3 6 6 1 6 8 8 6 6 10 16 23 45 79 87 70 40 18 12 6 1 4 7 6 20 23 17 12 9 2 4 7 9 16 24 17 11 7 4 6 5 7 8 6 4 12 5 24 59 89 76 24 42 94 98 65 108 200 112 98 144 134 87 37 14 13 90 203 136 12 22 118 147 62 12 17 17 3 12 7 4 4 7 9 9 6 6 9 11 8 5 8 6 3 6 3 58 195 157 18 0 11 91 164 122 62 116 192 122 45 81 77 68 47 13 39 60 59 37 18 9 6 11 14 18 48 85 106 116 121 123 98 55 31 26 18 11 8 7 7 4 4 4 1 3 10 6 8 6 1 3 3 4 4 3 2 0 2 1 4 4 5 3 3 3 2 13 79 121 73 29 19 16 16 9 13 32 98 201 109 93 168 115 30 8 7 4 0 2 0 0 3 3 1 1 3 3 0 3 1 0 0 0 0 0 3 3 1 1 3 4 3 1 1 4 7 6 3 3 2 42 42 0 0 0 0 0 0 -2147483648 
-2147483648 0 0 0 0 0 0 38 39 3 3 4 6 13 21 24 17 8 4 3 39 113 113 57 29 9 4 4 6 7 4 6 2 4 4 4 9 12 24 51 90 95 63 33 15 3 3 3 8 10 6 10 18 24 27 25 16 9 6 3 4 19 20 12 9 1 6 8 9 8 6 2 11 9 9 21 58 88 70 24 37 76 85 127 167 68 44 106 136 125 77 28 13 116 200 103 7 39 131 135 51 16 13 9 13 9 2 3 3 5 10 11 6 6 9 9 8 8 8 4 3 5 4 31 180 182 34 0 0 48 131 168 189 208 168 66 22 59 64 60 65 51 38 54 46 22 10 10 9 13 6 9 20 35 48 51 58 94 119 104 75 48 26 16 12 10 9 4 4 4 4 6 10 7 5 6 2 2 3 2 3 1 1 2 1 2 4 2 4 4 2 3 3 13 75 120 76 29 17 15 16 13 3 21 46 168 180 23 149 150 60 14 8 4 1 3 2 1 3 3 0 2 2 0 2 2 0 0 1 3 4 4 3 1 0 2 2 0 0 0 2 2 3 4 3 0 3 41 42 0 0 0 0 0 0 -2147483648 
-2147483648 0 0 0 0 0 0 37 38 3 3 1 3 9 8 5 4 4 4 4 36 118 119 52 25 11 3 5 4 9 3 5 5 1 3 2 6 13 25 55 102 103 54 24 15 7 4 6 10 6 3 2 3 8 15 25 26 19 11 6 3 11 25 17 9 7 2 8 10 9 7 0 7 9 12 9 26 70 91 52 3 35 59 96 109 49 15 72 111 129 109 44 19 141 196 73 0 56 142 122 46 14 7 18 12 3 0 0 1 6 8 11 7 5 9 9 8 8 6 3 3 4 3 21 165 190 46 0 0 20 72 128 146 110 49 4 20 44 48 46 56 70 67 49 26 12 10 10 8 10 6 14 12 6 12 14 23 54 96 119 113 80 41 21 13 11 10 6 3 3 3 7 10 8 4 7 3 5 6 6 1 2 1 0 0 1 4 3 4 4 1 3 1 11 69 117 81 32 15 13 16 13 5 14 34 115 196 83 115 170 94 22 7 4 3 3 2 3 1 4 1 1 3 4 3 0 3 3 3 2 0 0 1 3 4 3 1 0 1 2 0 3 1 2 1 3 1 40 42 0 0 0 0 0 0 -2147483648 
-2147483648 0 0 0 0 0 0 36 38 4 4 0 2 4 5 2 1 0 3 4 26 106 133 70 30 17 4 8 6 9 11 8 6 3 6 6 5 9 23 55 106 113 62 25 16 11 6 10 9 3 4 4 4 3 2 7 17 25 26 21 14 3 22 26 14 10 4 6 10 11 8 3 1 9 10 6 3 34 85 80 29 7 33 77 81 41 8 38 78 119 135 75 22 171 186 43 0 71 150 112 42 1 21 19 7 1 0 1 6 8 6 8 8 7 11 8 5 8 7 3 3 4 2 14 156 196 54 0 0 0 0 0 0 0 0 8 30 46 38 31 41 70 88 60 26 13 9 7 4 9 7 17 23 17 6 2 5 16 40 78 120 120 78 38 20 14 11 5 0 1 6 10 10 6 5 8 4 3 5 8 0 0 2 0 0 1 4 3 4 4 0 3 4 11 65 115 85 35 15 12 13 13 13 4 20 65 181 158 40 166 138 49 11 6 4 4 1 3 1 3 3 0 0 1 2 3 2 3 4 1 0 0 2 2 0 0 0 0 2 0 2 2 0 2 1 3 3 41 42 0 0 0 0 0 0 -2147483648 
-2147483648 0 0 0 0 0 0 36 37 4 5 1 3 6 7 4 4 3 0 4 18 91 131 78 33 19 4 7 8 6 6 3 3 4 4 6 4 5 17 46 98 131 93 35 14 9 8 11 6 4 3 4 4 4 4 0 6 14 24 27 24 13 6 25 22 9 3 3 9 12 7 3 6 7 1 0 1 14 62 95 61 22 36 77 64 23 9 18 55 111 152 108 61 190 149 17 1 80 154 103 31 17 23 10 1 1 3 6 8 7 4 6 8 8 11 8 5 8 7 3 3 3 2 13 146 197 64 0 0 0 0 0 0 0 0 16 39 37 23 23 32 57 90 82 42 18 9 6 3 7 6 7 18 18 9 3 0 4 16 40 88 127 103 51 26 18 13 6 1 4 10 8 5 4 4 8 6 2 6 7 1 2 0 2 2 3 2 3 5 4 1 4 3 9 62 115 87 35 16 13 11 13 15 4 17 40 141 188 49 136 171 78 17 9 6 4 3 1 2 1 4 1 0 2 0 3 3 6 4 1 0 0 1 3 2 3 3 2 3 2 3 2 1 0 1 1 1 42 42 0 0 0 0 0 0 -2147483648 
-2147483648 0 0 0 0 0 0 36 36 4 6 3 3 6 6 2 3 4 4 6 20 106 136 73 30 16 6 1 4 5 4 1 4 6 4 6 6 6 10 23 63 117 123 71 30 16 13 10 3 4 4 4 3 3 4 3 2 1 6 19 27 24 14 12 27 17 4 2 7 11 6 6 10 3 2 0 1 1 27 80 92 62 49 80 63 18 8 3 16 70 148 152 148 192 96 11 2 81 154 98 22 22 16 5 1 2 3 6 7 6 4 6 9 9 9 8 8 9 6 4 4 3 1 12 142 198 68 0 0 0 16 37 39 18 0 23 40 26 18 18 22 37 68 89 69 36 15 5 3 8 15 16 20 15 9 4 0 0 1 9 42 104 124 83 45 26 16 7 4 5 8 4 2 6 2 5 6 4 6 5 3 2 4 3 4 3 1 2 6 4 3 4 1 8 58 115 89 34 16 13 11 13 16 10 10 21 93 192 129 64 176 123 37 12 8 4 3 3 0 2 3 2 0 1 1 2 4 4 1 2 0 1 3 3 1 2 2 0 2 0 0 2 1 4 3 4 3 41 41 0 0 0 0 0 0 -2147483648 
-2147483648 0 0 0 0 0 0 37 37 4 5 4 3 4 3 0 1 6 9 7 25 114 133 65 27 15 8 2 5 5 4 3 3 5 4 7 4 3 7 16 40 88 133 111 53 25 18 12 5 3 4 4 3 3 3 3 3 3 1 10 20 25 22 3 21 25 11 1 6 9 6 9 11 3 3 3 1 2 9 45 88 89 70 91 72 18 3 2 0 24 97 150 142 105 26 0 3 80 152 91 17 11 3 3 4 3 4 8 9 7 6 9 10 9 9 9 9 8 4 4 4 3 3 14 145 197 65 0 0 25 94 127 112 62 4 27 33 23 22 16 17 28 49 77 84 58 25 9 6 4 6 8 12 7 8 6 1 1 4 4 17 69 119 103 68 60 41 17 8 8 9 4 3 4 3 4 2 3 6 6 6 3 7 2 1 1 2 4 4 3 6 6 4 9 55 114 92 35 16 11 10 13 15 12 3 19 56 170 172 16 149 159 58 14 8 4 0 2 2 0 1 3 1 0 2 2 0 1 1 1 2 4 3 1 1 3 3 1 1 2 2 1 3 4 3 6 2 40 40 0 0 0 0 0 0 -2147483648 
-2147483648 0 0 0 0 0 0 39 39 3 3 4 3 4 4 1 3 8 10 4 28 109 130 66 30 19 13 3 6 4 1 3 1 6 4 6 4 3 4 12 19 44 103 136 106 58 29 16 9 6 4 3 4 4 3 4 4 4 2 3 8 19 27 21 8 22 19 4 6 5 8 15 9 3 3 4 3 1 3 9 55 91 85 102 97 47 14 15 15 10 17 40 49 33 7 0 4 77 149 87 12 1 4 7 7 7 8 9 9 7 9 12 9 7 9 9 9 7 6 4 3 3 3 17 156 197 55 0 0 51 134 121 153 143 31 22 25 27 33 24 18 24 36 54 84 110 90 44 21 20 23 24 25 20 16 11 6 4 11 13 10 29 91 106 110 130 119 67 25 13 12 5 4 1 5 6 4 4 6 6 4 3 8 2 2 2 3 4 3 2 4 4 3 9 54 113 95 38 16 9 10 14 13 11 9 11 23 128 201 80 100 173 102 31 10 6 1 1 3 4 4 4 3 0 1 3 4 4 4 1 0 3 3 2 3 4 4 4 1 1 3 4 6 5 7 6 1 40 40 0 0 0 0 0 0 -2147483648 
-2147483648 0 0 0 0 0 0 40 40 0 2 4 1 3 4 3 6 10 9 3 29 106 129 63 27 18 14 4 5 4 4 5 6 7 7 5 7 4 3 10 13 23 61 112 128 88 40 17 10 9 6 4 6 6 4 3 4 4 4 3 2 8 20 24 11 12 23 10 4 6 14 17 6 3 4 6 6 3 1 3 27 75 92 90 107 96 66 48 34 37 68 84 76 44 11 0 3 69 149 95 14 5 7 7 7 8 8 9 9 9 10 10 8 8 9 9 9 7 4 1 2 4 1 23 168 191 43 0 4 76 159 105 108 179 72 17 28 35 49 58 56 49 44 46 75 123 144 89 42 29 25 26 30 29 23 13 7 13 17 9 8 12 59 93 105 116 139 107 44 19 17 8 5 4 4 4 3 4 8 7 1 4 7 3 3 1 4 4 0 4 4 4 1 10 51 111 98 42 16 7 10 13 11 9 10 5 22 79 204 144 56 159 143 47 12 7 4 1 0 0 0 4 4 0 0 0 0 0 3 3 0 1 0 3 3 1 2 4 3 3 3 2 4 4 4 1 0 40 40 0 0 0 0 0 0 -2147483648 
-2147483648 0 0 0 0 0 0 40 40 0 2 3 1 3 3 1 7 13 4 9 26 105 133 64 25 19 15 6 6 4 5 7 7 6 6 2 4 4 3 6 9 10 25 68 117 119 72 29 12 9 6 4 6 6 4 4 4 3 4 4 4 6 12 15 14 6 16 20 9 8 18 15 5 3 4 4 6 4 3 0 6 44 84 83 77 81 79 62 50 86 140 160 175 165 102 31 1 55 144 108 23 8 9 7 7 6 6 7 7 8 7 7 6 6 7 9 9 6 1 1 4 4 2 30 180 185 34 0 6 95 165 97 64 182 136 37 5 18 29 42 50 52 30 18 24 35 126 148 90 40 21 15 17 25 31 24 11 14 8 8 13 8 17 30 38 54 116 140 90 37 22 13 5 3 2 3 2 4 8 7 3 4 5 4 2 0 3 4 4 4 4 3 3 9 45 109 102 45 16 6 10 11 9 9 12 5 13 32 168 201 38 122 169 88 24 9 6 3 0 1 3 4 3 0 0 0 0 0 2 4 0 0 2 1 3 3 0 4 2 1 3 4 3 2 3 3 1 40 40 0 0 0 0 0 0 -2147483648 
-2147483648 0 0 0 0 0 0 40 40 1 3 1 2 3 3 4 10 7 9 14 23 102 137 67 22 17 12 3 3 1 6 6 6 3 4 3 4 5 7 9 8 9 19 46 87 124 100 43 15 9 6 1 3 4 1 3 4 4 4 6 11 15 12 4 10 13 8 22 22 10 20 13 2 2 3 1 4 6 7 5 1 20 61 91 73 43 37 41 61 131 145 125 134 166 155 64 4 40 136 123 33 12 11 10 8 6 7 6 6 6 5 8 7 4 6 9 8 4 3 4 4 3 1 43 188 173 26 0 15 111 164 90 38 147 187 123 40 0 4 36 98 113 74 39 27 42 67 150 128 51 20 9 10 18 30 31 14 4 9 14 10 1 4 4 6 24 73 127 118 58 27 17 3 4 1 2 3 3 7 6 3 1 4 4 2 0 1 4 6 5 4 0 4 6 41 109 105 45 16 7 8 10 10 11 12 7 6 25 106 212 116 79 165 125 35 9 7 4 0 2 2 1 3 1 1 3 4 3 3 3 2 2 3 3 3 3 2 3 3 3 3 1 0 0 1 4 3 39 40 0 0 0 0 0 0 -2147483648 
-2147483648 0 0 0 0 0 0 40 40 2 3 3 3 1 1 9 11 4 13 13 19 95 137 72 24 15 8 3 3 1 6 1 4 2 5 4 4 3 2 6 7 7 15 28 53 109 129 79 31 14 10 6 3 4 4 3 3 4 6 14 18 14 6 2 3 13 12 2 16 17 18 13 6 5 3 2 3 3 4 4 4 2 27 79 91 55 35 30 55 115 90 50 39 119 185 110 23 25 121 137 51 15 12 8 4 4 6 6 7 7 7 9 9 6 6 9 6 4 4 3 1 2 3 62 201 159 18 1 30 125 155 80 20 61 146 195 152 54 9 78 146 132 117 103 70 75 49 76 150 101 41 16 9 10 21 32 24 10 9 8 3 2 1 3 8 14 40 94 119 88 49 26 4 5 3 3 3 1 6 4 0 0 4 4 2 0 0 3 3 3 0 3 3 3 39 109 106 45 17 9 5 8 11 12 13 11 3 15 53 182 182 22 140 156 68 17 9 6 1 1 3 1 2 2 2 2 1 3 4 3 4 4 4 4 5 1 3 3 3 2 2 3 3 4 4 4 1 38 40 0 0 0 0 0 0 -2147483648 
-2147483648 0 0 0 0 0 0 40 40 1 4 3 0 0 4 12 3 12 11 7 14 86 137 80 26 13 8 4 6 4 4 2 3 0 6 7 3 4 1 3 6 7 14 23 37 81 134 117 54 20 11 10 6 5 7 6 4 9 21 24 13 7 7 11 15 13 7 3 2 8 10 11 3 3 2 1 3 4 3 1 3 6 14 53 95 79 40 25 51 113 76 26 13 82 181 141 33 14 103 149 69 18 14 9 4 4 7 9 9 9 8 7 8 4 6 8 4 4 3 0 0 1 11 105 214 121 1 11 56 136 136 64 25 22 68 139 190 117 24 123 155 86 71 99 98 84 78 18 120 141 63 23 10 4 12 25 26 18 9 4 3 1 1 6 10 19 33 58 98 107 73 32 8 3 4 0 3 3 7 4 0 0 4 4 1 2 1 4 1 4 4 2 2 4 36 107 109 47 18 10 4 5 9 11 13 13 8 9 35 131 201 79 104 168 104 27 9 8 3 0 2 3 3 1 1 3 4 3 3 1 2 2 3 4 5 0 2 1 1 2 3 3 3 2 0 3 3 39 40 0 0 0 0 0 0 -2147483648 
-2147483648 0 0 0 0 0 0 40 40 1 4 3 0 1 10 9 8 13 9 6 11 80 136 84 28 13 12 9 4 6 4 3 6 7 6 7 0 4 2 1 4 8 14 20 23 42 101 140 108 52 20 13 9 4 4 4 5 18 38 60 85 93 72 43 26 19 14 9 2 1 7 8 3 1 0 3 4 3 0 1 9 13 11 27 73 93 60 30 37 106 87 34 3 53 174 167 42 1 74 152 99 29 15 9 6 7 10 9 7 7 5 6 6 4 8 6 4 4 1 0 1 2 18 163 209 66 2 17 74 137 116 54 25 10 12 61 168 168 22 135 144 63 18 60 101 91 81 77 37 144 114 51 22 8 9 24 27 18 7 3 3 2 3 9 14 24 28 25 61 115 113 55 14 2 6 6 6 6 9 6 4 4 4 4 3 3 4 4 2 4 3 3 3 4 33 104 113 50 17 10 5 4 7 10 12 13 12 3 15 82 194 150 33 155 145 58 15 9 4 0 2 4 3 2 1 0 1 2 1 3 3 4 4 3 2 2 0 3 3 1 0 2 3 2 1 0 0 40 40 0 0 0 0 0 0 -2147483648 
-2147483648 0 0 0 0 0 0 41 41 4 4 1 0 3 9 8 16 11 7 4 10 80 135 82 26 13 12 11 5 3 4 4 3 3 2 6 1 4 4 3 4 3 8 12 17 28 62 119 138 86 30 14 9 6 4 8 22 61 107 143 163 175 170 134 80 38 17 10 7 1 7 6 0 2 1 4 3 4 4 8 14 10 8 18 44 91 80 37 9 92 103 48 11 44 174 175 43 0 41 141 135 46 18 9 8 7 6 4 6 6 5 7 6 6 8 4 4 3 0 0 2 1 57 204 171 18 1 21 86 138 103 45 21 9 6 44 148 170 30 135 151 66 19 26 86 93 61 72 38 94 146 84 34 16 15 26 25 15 5 2 3 4 10 17 21 23 17 14 40 99 137 84 20 5 10 8 4 5 7 4 4 4 3 4 1 4 6 3 3 4 3 1 4 4 30 100 114 53 17 11 7 4 4 9 13 10 12 6 10 48 163 185 39 119 168 88 22 11 5 0 2 4 3 3 3 1 1 2 1 3 3 2 3 4 3 1 2 1 3 1 0 1 4 4 3 3 1 40 40 0 0 0 0 0 0 -2147483648 
-2147483648 0 0 0 0 0 0 42 43 3 1 0 0 3 6 13 14 9 4 3 11 83 138 82 24 13 13 11 6 1 2 2 0 4 1 6 3 2 6 6 1 4 8 6 9 14 23 68 132 129 67 26 13 8 7 17 47 111 149 133 97 90 125 158 163 146 109 62 29 15 5 4 4 3 4 6 4 3 8 19 16 5 12 13 19 70 92 61 28 59 104 67 22 47 201 176 27 0 11 107 155 80 27 12 9 7 6 6 7 6 6 7 5 6 6 4 4 1 1 3 3 3 100 211 123 10 0 22 86 133 102 47 36 66 108 160 212 155 29 119 154 84 36 17 92 109 55 39 66 14 121 132 78 37 26 29 23 11 4 1 2 7 16 21 23 18 4 14 21 75 146 108 33 6 10 8 8 9 7 2 1 2 2 6 3 8 4 1 2 4 3 2 0 4 27 95 112 55 20 13 8 4 2 7 11 9 13 11 6 17 116 204 109 61 167 130 44 16 9 1 1 4 3 3 1 2 2 0 2 1 3 1 0 0 2 2 2 1 3 0 2 2 3 5 6 2 2 40 40 0 0 0 0 0 0 -2147483648 
-2147483648 0 0 0 0 0 0 42 45 4 3 2 3 5 8 8 4 2 1 6 13 82 140 85 23 10 10 10 3 7 6 4 1 4 3 4 4 3 0 3 3 1 7 8 7 10 14 38 98 144 105 40 18 12 17 57 117 154 123 60 25 13 25 63 108 145 162 145 95 47 22 7 6 8 3 7 6 7 18 20 6 8 12 10 13 41 86 83 39 23 94 90 31 98 221 134 0 0 4 70 149 109 36 15 10 6 4 6 7 6 4 3 1 6 6 4 3 1 4 4 4 36 156 199 76 8 13 24 65 113 116 104 141 191 209 198 145 51 14 89 163 136 77 106 167 138 61 16 39 42 62 144 123 64 39 28 16 5 2 1 6 11 20 21 17 6 11 23 11 69 138 105 36 9 16 13 12 13 9 4 3 1 1 6 5 10 2 0 2 4 2 0 3 4 24 91 110 57 23 14 7 4 3 5 9 9 12 12 1 14 70 198 161 21 142 167 68 18 12 6 1 3 3 1 1 3 3 2 3 1 2 2 1 3 3 0 3 1 2 2 0 3 4 7 3 3 1 40 40 0 0 0 0 0 0 -2147483648 
-2147483648 0 0 0 0 0 0 43 46 3 2 0 2 0 4 3 3 4 4 6 11 78 140 91 23 4 6 9 4 6 4 6 1 2 2 1 4 5 1 4 1 2 2 8 10 9 6 11 52 123 139 85 35 16 38 105 154 132 71 28 14 9 6 9 15 36 81 134 159 137 90 46 13 7 9 8 7 11 18 13 1 10 9 7 10 14 51 89 72 21 63 98 63 172 209 68 0 0 3 41 130 135 60 20 11 5 4 7 6 4 3 1 3 8 6 4 4 4 4 0 3 84 206 159 30 17 20 24 40 65 93 118 140 141 108 68 27 3 0 29 111 167 179 202 185 113 66 47 14 51 24 86 156 124 64 31 17 7 5 6 10 17 23 18 10 5 21 23 13 96 139 85 27 17 35 38 36 28 16 9 6 4 3 4 6 8 3 2 3 3 3 2 3 4 21 88 111 60 24 13 6 5 4 4 8 7 9 13 8 6 29 161 207 69 89 178 118 36 13 8 4 2 2 3 1 1 3 3 3 2 2 2 2 2 0 1 1 1 1 1 2 1 3 4 1 2 0 40 40 0 0 0 0 0 0 -2147483648 
-2147483648 0 0 0 0 0 0 45 46 1 1 2 1 0 4 3 2 3 6 5 9 74 141 97 26 6 4 8 3 5 7 3 2 3 4 3 4 6 1 3 4 5 3 4 10 12 8 9 30 81 136 126 61 58 118 152 129 63 17 8 5 6 6 4 3 6 16 47 99 143 142 91 36 5 10 13 9 12 18 11 4 10 10 6 8 8 24 70 90 47 22 78 112 193 127 6 0 6 19 15 90 156 96 30 14 5 6 8 5 5 4 4 6 8 4 4 4 3 1 3 37 152 208 82 19 17 11 12 20 47 70 73 66 48 12 0 0 0 0 4 38 93 125 102 44 9 39 46 16 34 57 23 132 164 96 43 21 10 8 9 17 25 23 11 1 17 26 17 24 107 129 68 28 47 74 86 89 71 34 13 6 4 3 0 5 5 3 3 3 1 4 0 1 4 19 85 115 64 23 12 7 6 4 3 8 7 9 12 11 4 21 100 218 136 41 151 159 58 16 10 4 2 2 2 2 2 2 2 4 2 2 2 1 3 1 1 2 1 0 0 0 0 3 4 3 1 1 40 39 0 0 0 0 0 0 -2147483648 
-2147483648 0 0 0 0 0 0 46 46 0 1 3 4 4 4 4 3 3 4 4 8 65 136 102 31 9 6 6 6 4 3 1 3 6 6 4 5 5 2 1 6 6 7 5 9 10 7 7 15 35 93 141 116 126 160 129 74 28 6 3 3 3 4 4 4 3 3 7 16 59 126 147 104 47 17 4 2 11 15 10 0 8 11 9 7 5 4 37 85 76 27 19 82 131 55 0 0 14 32 31 33 127 131 61 23 9 8 6 4 6 4 3 6 6 3 3 3 1 0 4 73 193 159 23 21 10 6 8 8 23 29 29 34 27 7 0 0 0 0 0 0 0 0 0 0 6 31 46 32 9 58 63 56 159 141 79 34 14 9 12 21 24 16 6 11 22 24 11 27 93 127 84 51 79 105 111 127 140 99 48 20 9 4 3 4 4 2 1 2 1 3 2 1 2 15 81 118 68 23 14 9 6 3 1 6 8 10 11 13 8 10 46 183 196 48 106 175 100 31 12 6 0 3 3 1 1 3 0 4 3 2 2 0 2 2 1 1 2 3 2 2 1 2 2 0 1 4 39 37 0 0 0 0 0 0 -2147483648 
-2147483648 0 0 0 0 0 0 46 46 0 2 2 0 1 3 3 3 3 3 3 8 57 131 108 37 12 5 5 6 3 0 2 9 12 8 6 6 5 1 2 6 5 3 8 13 13 4 3 10 21 53 112 138 134 104 43 18 9 1 2 3 3 5 8 10 8 7 5 6 19 60 126 143 85 37 17 12 18 23 20 11 10 9 8 7 6 4 16 60 89 56 25 67 95 38 0 6 26 38 25 15 67 144 101 36 14 9 6 6 6 3 3 4 3 2 2 2 2 6 64 161 187 86 23 19 9 6 3 17 13 5 7 18 9 0 0 0 0 0 0 0 0 0 0 0 4 25 48 44 19 30 74 22 116 164 113 49 20 14 21 24 17 3 13 21 23 18 6 17 67 122 108 89 110 110 88 83 126 126 73 27 11 7 4 4 6 5 4 4 3 2 0 3 4 12 76 118 71 25 16 10 4 2 0 4 8 9 9 13 10 5 31 125 213 110 65 159 135 46 14 7 4 1 1 3 4 4 4 4 3 2 3 3 3 1 0 2 2 2 0 0 2 2 2 1 4 4 37 36 0 0 0 0 0 0 -2147483648 
-2147483648 0 0 0 0 0 0 46 46 1 3 1 0 2 3 3 4 4 4 3 4 51 129 112 41 13 5 6 6 3 3 4 13 9 6 7 5 6 3 3 6 8 7 4 5 12 8 3 4 9 13 36 61 63 39 14 12 9 6 3 1 0 0 2 8 9 6 4 6 9 11 58 128 128 76 36 15 12 20 22 10 9 3 6 8 7 6 4 27 76 85 53 54 80 61 27 13 30 32 16 17 8 108 151 103 44 19 9 6 6 3 3 4 2 2 3 3 1 21 132 199 124 21 25 23 18 14 10 18 10 10 16 14 4 0 0 0 0 0 0 0 0 0 0 0 0 10 37 57 57 29 48 72 33 139 150 88 37 21 22 20 11 7 18 23 21 13 3 3 30 82 98 99 102 81 46 29 79 123 108 52 17 11 7 3 4 9 4 3 4 3 0 3 4 11 74 118 74 26 14 9 6 3 0 4 7 8 9 12 11 6 9 68 193 173 21 127 160 83 26 11 9 6 3 2 0 1 3 4 3 0 4 3 0 0 1 3 0 3 3 5 4 3 3 3 3 3 37 36 0 0 0 0 0 0 -2147483648 
-2147483648 0 0 0 0 0 0 46 46 2 2 0 1 4 6 4 4 3 0 1 3 47 128 113 42 15 6 5 6 6 4 6 13 13 6 6 4 6 5 6 6 7 5 4 2 8 12 7 3 6 8 10 11 8 4 2 7 3 10 4 1 0 0 2 1 4 6 5 7 8 7 25 79 131 105 44 17 15 19 18 3 3 6 6 7 8 8 7 8 50 92 74 51 68 76 52 17 20 29 22 4 19 49 143 170 99 39 17 10 6 1 2 4 2 2 4 1 25 86 166 151 32 29 18 14 13 8 18 24 16 14 11 4 0 0 0 0 0 0 0 0 0 0 0 0 0 3 16 38 61 56 5 62 36 85 161 123 47 19 15 8 4 16 22 22 13 5 2 4 16 48 69 66 56 30 3 22 43 95 126 80 22 10 8 6 7 8 4 1 4 4 4 4 4 13 73 119 78 26 11 8 6 4 3 5 5 6 11 13 11 8 3 39 148 200 71 88 164 119 35 11 7 6 4 2 1 2 1 2 0 2 3 4 3 1 2 2 2 3 4 4 4 4 3 3 3 4 39 37 0 0 0 0 0 0 -2147483648 
-2147483648 0 0 0 0 0 0 47 47 3 1 0 3 6 4 1 1 3 1 2 2 43 127 116 44 15 3 6 9 9 6 1 10 11 9 2 4 5 1 3 7 9 6 3 1 3 9 9 4 3 1 3 6 6 8 9 10 4 12 7 4 3 1 3 1 1 4 1 3 6 4 8 30 99 134 88 39 12 10 8 4 7 6 7 9 12 11 7 7 21 85 90 51 41 58 63 38 2 26 32 14 21 36 31 138 166 116 58 25 13 6 3 4 2 2 3 21 85 147 144 78 20 21 14 5 18 21 28 27 12 4 6 27 58 85 105 112 96 60 21 0 0 0 0 0 0 0 0 3 35 63 38 33 70 10 119 160 98 33 10 3 13 22 24 19 9 3 5 4 3 13 25 30 29 13 22 24 11 55 127 116 49 15 10 8 9 6 3 1 4 4 4 4 4 12 70 120 82 28 11 8 6 2 3 6 3 4 9 11 11 9 3 13 97 204 139 24 142 151 67 20 10 7 6 3 2 0 3 3 2 3 3 1 2 2 2 2 1 4 4 3 3 3 4 2 0 1 40 39 0 0 0 0 0 0 -2147483648 
-2147483648 0 0 0 0 0 0 48 48 0 1 3 4 4 3 4 3 4 3 1 2 40 125 120 46 14 2 3 9 9 8 4 6 7 7 6 4 8 6 5 3 8 6 4 4 3 6 9 8 3 0 1 3 4 8 10 7 4 13 13 3 6 3 3 2 1 3 3 3 6 6 6 14 57 128 131 69 31 21 18 14 13 9 3 11 15 14 6 15 16 68 98 64 33 39 55 50 18 19 34 21 14 36 33 37 137 180 155 101 52 25 13 9 9 29 74 129 157 134 69 19 15 20 15 9 30 34 25 13 13 46 88 122 137 144 152 155 159 160 130 64 16 0 0 0 0 0 0 0 20 55 51 13 62 49 53 155 148 54 10 12 21 26 22 11 4 4 6 4 4 6 11 10 1 20 29 13 13 35 110 141 82 25 7 5 6 0 1 3 1 3 0 1 3 10 68 122 85 31 13 8 6 4 4 4 3 5 7 9 10 11 7 9 57 183 184 31 106 164 97 27 11 8 7 4 1 2 3 2 1 2 2 3 3 1 2 2 1 4 2 2 2 3 3 2 0 0 40 40 0 0 0 0 0 0 -2147483648 
-2147483648 0 0 0 0 0 0 47 48 1 2 2 1 3 1 0 2 5 3 3 3 36 121 122 49 16 1 2 7 8 7 6 4 6 6 5 4 8 4 2 1 6 6 5 7 6 1 9 10 7 4 3 2 3 8 5 2 2 12 14 5 7 4 3 1 3 5 6 6 6 8 6 4 14 79 135 115 59 26 24 22 23 24 14 13 18 16 7 21 13 41 93 87 47 35 53 61 33 20 33 21 6 9 22 33 13 97 166 197 192 169 141 119 121 139 162 165 128 73 27 6 1 9 4 17 44 37 13 11 62 112 132 122 94 70 55 50 71 118 170 178 129 54 6 0 0 0 0 0 11 45 60 34 27 68 38 85 172 118 38 13 22 24 16 6 1 5 6 6 4 2 3 2 13 28 22 3 21 20 78 145 126 60 20 9 11 10 5 4 2 3 0 1 3 9 67 123 87 32 14 8 6 4 3 1 5 6 4 8 11 11 8 1 17 137 215 100 55 156 138 54 15 9 8 4 0 1 3 1 2 0 0 3 2 1 2 2 3 4 1 0 0 2 1 3 1 1 40 41 0 0 0 0 0 0 -2147483648 
-2147483648 0 0 0 0 0 0 47 49 3 0 3 3 4 3 1 2 3 2 3 4 33 117 124 53 18 3 3 6 7 5 4 1 6 5 4 2 8 6 3 1 4 3 4 3 7 2 5 8 7 4 3 1 3 5 3 4 4 11 11 2 3 3 3 3 2 2 3 5 5 7 4 4 8 33 96 131 81 25 19 12 3 13 10 13 20 13 4 18 20 16 72 99 66 39 50 58 44 20 18 21 27 20 4 26 37 11 38 99 147 171 180 173 165 151 118 72 31 13 3 2 1 9 8 33 50 21 37 89 124 114 74 37 21 18 17 11 11 19 61 127 175 140 37 0 0 0 0 0 6 28 58 51 3 48 63 17 140 166 84 29 21 19 10 3 1 5 7 4 0 4 12 17 18 24 10 20 23 13 47 117 148 92 29 13 13 11 7 4 2 1 0 3 4 9 64 120 89 33 14 9 4 4 4 4 6 5 1 8 12 11 10 5 10 79 215 165 18 125 166 85 24 11 7 4 1 2 2 0 2 1 2 3 0 2 2 2 3 4 0 1 0 1 1 2 2 2 40 42 0 0 0 0 0 0 -2147483648 
-2147483648 0 0 0 0 0 0 49 50 1 2 0 3 6 1 2 2 3 3 3 3 31 114 127 55 18 6 3 3 6 5 4 2 6 6 8 6 2 6 5 3 5 2 3 4 9 3 4 6 6 4 4 3 4 4 3 7 8 10 7 3 0 3 6 6 4 4 3 6 8 6 3 8 9 8 47 117 110 56 34 19 13 14 6 18 22 11 4 11 21 12 37 82 82 55 49 49 45 35 17 8 8 25 32 31 46 51 49 43 30 9 42 61 51 37 25 14 3 8 9 8 10 12 14 48 42 16 88 118 98 61 34 19 13 14 16 11 9 10 9 22 104 182 145 48 0 0 0 0 0 8 42 57 30 16 59 53 58 160 142 81 44 25 10 6 3 4 8 4 2 6 16 17 11 9 17 26 17 5 18 69 139 132 61 17 13 16 13 9 5 4 4 4 3 8 61 117 91 35 14 10 4 3 4 2 4 3 0 5 9 9 11 9 1 23 169 219 72 75 167 128 46 16 9 6 3 1 3 2 3 3 0 1 1 1 0 3 1 4 2 2 0 0 2 2 2 1 40 41 0 0 0 0 0 0 -2147483648 
-2147483648 0 0 0 0 0 0 49 50 0 3 4 4 4 2 1 2 4 2 1 3 29 112 129 57 17 7 1 3 8 8 4 2 4 4 6 9 7 1 4 4 6 4 6 8 6 2 4 7 4 0 4 3 4 2 6 10 11 9 1 6 6 1 3 4 6 6 5 6 8 4 4 6 6 7 24 81 120 89 43 23 12 11 16 24 19 6 3 8 16 10 18 55 84 72 50 47 46 42 38 50 94 110 84 59 49 41 29 28 28 27 20 20 9 7 5 4 1 10 10 7 9 8 39 48 13 86 118 83 41 26 17 10 8 13 16 10 7 8 7 8 37 114 189 126 16 0 0 0 0 3 27 51 39 10 31 65 17 108 154 112 63 37 16 9 6 4 7 4 3 13 19 10 4 4 12 13 4 4 11 37 104 149 96 21 7 13 12 7 4 5 7 7 6 10 56 115 94 35 14 11 4 2 4 5 4 1 0 3 8 9 9 8 4 13 97 227 146 34 141 162 65 18 9 7 4 1 4 4 2 3 3 1 2 0 2 2 0 4 2 1 1 1 1 2 2 0 40 40 0 0 0 0 0 0 -2147483648 
-2147483648 0 0 0 0 0 0 47 50 3 2 1 2 3 2 1 2 3 3 3 3 29 110 129 60 16 4 1 3 8 7 6 5 3 0 4 6 11 3 5 3 4 6 4 3 3 4 4 7 4 1 6 4 6 5 8 10 7 5 8 7 4 3 4 3 1 1 3 5 8 4 3 4 6 6 9 40 105 121 68 38 28 18 19 23 13 3 3 5 14 10 9 27 61 81 59 37 34 33 38 82 137 138 130 109 82 62 31 6 4 8 5 9 15 9 10 9 8 13 13 11 7 27 52 31 54 117 92 48 28 20 10 4 5 11 13 6 6 6 4 4 6 24 139 189 93 16 0 0 0 0 15 38 50 43 13 49 58 31 125 145 101 52 26 16 10 6 7 6 7 21 19 10 17 24 27 13 5 7 7 11 54 130 136 66 20 15 13 5 3 4 4 4 6 10 49 112 96 34 15 13 6 4 4 5 4 0 0 2 7 9 9 9 8 3 38 186 209 55 98 173 106 33 12 8 5 4 4 2 3 1 2 2 1 1 1 0 1 3 3 0 2 2 0 1 3 2 40 41 0 0 0 0 0 0 -2147483648 
-2147483648 0 0 0 0 0 0 46 49 3 1 2 2 4 0 2 1 3 4 4 3 28 104 129 65 17 4 4 4 4 4 6 6 3 3 3 7 9 3 4 7 8 7 8 8 7 5 3 4 4 4 8 6 8 6 3 7 9 6 7 12 2 1 3 0 3 4 2 6 6 6 6 6 7 5 7 24 74 130 102 42 28 14 10 12 2 7 6 4 12 10 13 22 30 68 71 38 26 21 41 105 115 75 85 110 118 111 81 34 18 14 11 17 20 15 25 27 17 14 17 16 3 45 52 13 102 110 49 23 19 13 7 5 6 12 11 8 9 6 6 6 6 9 64 171 153 35 0 0 0 0 7 22 42 57 38 49 71 26 75 147 133 62 27 16 9 6 6 4 9 22 17 16 18 13 27 12 4 6 6 6 26 87 141 105 37 20 14 4 4 3 1 0 3 8 44 110 98 35 15 12 6 6 4 3 4 1 0 2 5 8 9 9 10 4 24 117 223 124 57 156 143 52 16 8 6 4 1 2 0 3 3 1 0 2 0 2 2 2 3 3 3 1 0 0 2 0 40 42 0 0 0 0 0 0 -2147483648 
-2147483648 0 0 0 0 0 0 46 47 3 3 3 3 3 1 3 4 3 5 4 2 25 96 129 72 20 9 6 3 3 1 2 4 3 4 1 6 5 3 3 3 5 4 1 3 4 5 6 3 3 7 9 5 2 3 2 4 8 15 11 19 7 4 4 4 1 2 6 6 2 3 3 5 8 6 6 8 27 93 125 77 37 21 3 13 3 9 12 13 13 9 12 22 21 44 68 55 34 15 42 103 84 36 24 50 87 123 137 105 40 10 24 49 67 86 105 122 111 74 36 11 17 55 37 59 119 82 34 19 15 10 9 7 9 13 10 11 9 6 7 6 6 7 13 122 192 88 7 0 0 0 0 2 66 116 92 88 93 74 17 116 158 92 38 18 10 10 9 5 9 20 23 19 1 27 26 7 1 4 7 7 3 36 114 142 89 41 20 9 3 0 0 1 3 5 40 109 102 38 17 11 4 6 5 1 4 3 1 3 3 5 8 11 13 4 8 54 194 192 32 121 165 89 27 10 6 4 1 3 4 3 2 3 3 1 1 3 0 3 1 2 0 0 1 2 0 1 41 41 0 0 0 0 0 0 -2147483648 
-2147483648 0 0 0 0 0 0 46 46 3 4 4 4 4 4 4 4 4 4 3 2 20 89 131 78 25 12 3 0 2 4 4 4 4 4 1 6 6 6 5 3 6 3 1 3 2 1 1 3 1 5 11 6 2 3 3 4 9 27 12 23 6 1 2 4 2 2 3 3 2 4 3 3 7 7 7 8 14 42 102 100 49 29 13 19 8 15 19 16 12 3 5 20 30 25 50 71 49 27 40 116 92 31 9 17 35 71 120 126 71 73 117 145 157 153 145 143 137 100 47 18 34 52 22 109 105 49 22 17 13 11 10 6 7 12 11 11 9 7 7 5 6 7 7 66 191 145 12 0 0 0 0 24 113 148 80 89 94 77 45 64 166 133 55 24 11 9 6 4 8 18 30 26 25 31 14 1 3 7 6 6 17 31 80 141 132 67 27 13 6 1 0 3 4 4 37 108 105 41 17 9 3 6 5 0 4 4 2 2 2 4 6 11 13 6 4 31 137 215 95 82 165 123 39 14 8 4 4 4 2 2 0 2 2 0 2 2 3 3 1 2 0 0 2 0 2 2 42 40 0 0 0 0 0 0 -2147483648 
-2147483648 0 0 0 0 0 0 47 47 4 6 6 3 1 3 4 3 2 3 1 2 15 82 132 83 29 12 3 2 3 3 6 7 7 6 3 3 4 4 7 3 4 4 3 2 2 2 6 3 1 3 10 7 1 3 1 2 10 29 3 26 7 3 3 4 1 1 3 4 6 5 3 5 7 6 8 21 31 32 60 100 81 47 16 15 11 15 16 9 6 11 6 13 28 21 30 65 64 50 14 96 112 65 21 4 10 33 97 123 63 98 130 123 119 104 79 63 98 115 73 41 48 33 69 119 72 31 20 17 14 13 9 6 9 11 10 9 7 7 6 4 6 6 1 18 152 192 60 0 0 0 0 43 134 134 47 83 105 75 72 26 119 167 100 41 17 10 6 1 0 9 25 27 30 22 6 3 6 12 4 17 17 9 25 91 142 111 57 23 9 3 0 3 4 3 36 107 105 43 17 9 7 7 3 0 4 4 1 3 4 6 7 9 11 9 2 9 79 202 168 21 145 156 70 23 11 4 6 4 4 3 2 1 1 2 1 1 4 4 1 3 2 2 1 0 2 3 41 40 0 0 0 0 0 0 -2147483648 
-2147483648 0 0 0 0 0 0 48 49 4 6 3 2 3 1 0 2 4 2 1 4 13 78 132 85 29 12 3 0 2 5 3 3 6 4 4 3 4 3 3 3 3 5 3 3 6 6 7 4 2 0 7 9 6 4 3 3 9 26 16 23 7 4 3 3 0 1 2 3 6 5 6 3 9 11 14 23 25 13 35 91 115 73 25 10 6 8 18 8 1 11 15 11 17 28 27 47 72 65 23 48 114 107 49 12 5 24 84 114 38 98 93 48 28 18 13 11 68 110 80 50 51 31 105 95 36 16 18 16 11 10 6 4 7 9 9 8 6 6 3 1 6 6 4 11 89 204 127 0 0 0 0 53 142 127 41 58 111 83 59 54 38 150 132 53 23 12 7 7 7 3 11 16 13 3 6 6 9 5 17 15 12 27 25 37 104 130 86 34 11 4 3 0 5 5 34 105 104 45 19 10 8 3 2 1 3 4 1 0 2 6 7 8 11 11 6 7 45 159 206 66 110 172 102 32 16 7 7 5 6 6 6 6 5 4 4 4 4 6 3 3 0 0 0 0 3 2 39 40 0 0 0 0 0 0 -2147483648 
-2147483648 0 0 0 0 0 0 48 50 3 4 1 3 3 4 3 3 3 3 4 4 11 74 130 88 30 12 4 0 2 1 4 3 5 3 1 1 4 4 3 1 4 3 3 1 5 5 10 8 6 6 2 8 4 3 3 2 4 14 14 20 9 6 3 3 2 3 3 6 7 6 7 3 11 14 12 11 25 30 29 61 126 111 53 27 13 6 18 12 6 3 16 16 10 22 27 30 62 83 56 10 64 119 105 57 19 16 80 112 14 92 79 28 7 3 4 8 67 114 85 61 47 46 104 65 24 14 17 13 9 10 7 4 5 10 10 7 7 6 3 4 7 6 4 4 32 169 185 49 0 0 0 52 139 129 53 20 92 96 54 48 43 108 131 71 31 14 6 10 11 9 4 1 4 9 6 8 6 13 20 8 27 29 25 18 49 120 123 67 24 9 8 6 5 7 31 101 105 48 20 10 8 2 0 3 3 3 3 3 3 5 6 6 11 12 9 1 13 100 213 143 44 163 145 61 23 11 9 7 6 7 8 8 8 5 4 3 3 3 3 3 2 2 2 2 3 0 38 40 0 0 0 0 0 0 -2147483648 
-2147483648 0 0 0 0 0 0 48 50 2 3 3 2 3 5 2 0 1 4 5 1 9 72 128 90 33 13 4 1 3 0 3 1 3 4 3 1 3 4 2 3 4 1 1 3 6 3 4 3 6 9 3 9 6 4 6 6 6 7 9 8 1 4 0 3 2 4 6 1 6 6 3 3 8 14 16 17 22 25 19 32 95 129 80 31 19 7 14 20 11 5 9 18 11 18 30 30 48 89 88 38 18 80 122 97 41 16 85 115 42 98 110 50 11 3 4 12 78 122 85 58 26 81 104 45 19 17 16 10 10 13 8 6 4 12 9 5 8 6 4 6 7 6 4 5 20 110 201 108 0 0 0 41 132 137 61 1 72 98 53 17 13 50 130 122 57 25 14 10 9 10 6 6 7 13 9 4 8 14 10 31 28 16 8 6 21 89 142 102 36 9 4 6 3 7 29 97 109 51 19 10 8 3 2 3 2 2 4 2 0 3 6 7 9 12 11 3 10 56 188 191 28 132 173 91 33 15 11 12 13 11 9 6 6 4 1 2 3 3 4 4 3 1 0 0 1 2 39 40 0 0 0 0 0 0 -2147483648 
-2147483648 0 0 0 0 0 0 48 50 2 1 3 3 3 2 3 3 1 3 6 1 7 70 127 91 35 15 6 4 3 1 3 1 3 4 6 3 1 4 6 3 9 0 3 5 7 3 5 6 5 14 6 4 4 3 3 4 6 3 1 5 8 6 4 1 4 3 4 3 4 4 4 7 7 6 9 13 10 13 9 9 44 104 109 62 32 13 9 19 17 10 1 15 14 14 20 24 27 65 111 91 43 8 79 122 97 56 108 125 63 83 132 117 64 22 8 18 93 122 73 46 20 97 85 33 17 13 9 7 11 11 3 6 3 12 9 8 9 6 3 4 6 4 3 4 6 55 183 160 31 0 0 28 114 144 80 46 135 154 93 48 25 32 93 164 124 57 27 16 12 11 9 9 9 12 7 7 14 4 23 27 18 11 7 12 16 36 124 138 75 27 10 6 3 5 28 95 111 52 19 11 8 4 0 1 3 3 4 2 1 4 6 7 8 11 11 6 4 20 136 218 108 76 178 132 54 21 12 9 11 12 11 10 7 6 4 4 4 3 1 0 2 2 0 0 0 0 40 40 0 0 0 0 0 0 -2147483648 
-2147483648 0 0 0 0 0 0 48 49 3 1 0 3 4 1 0 2 2 1 6 4 6 65 125 95 38 14 4 4 4 1 4 2 3 1 5 7 6 6 9 6 8 3 6 2 2 2 4 6 4 13 5 2 2 2 3 4 4 1 3 3 3 2 6 3 3 7 6 2 4 3 3 4 4 5 6 9 8 6 5 11 22 63 110 90 39 17 6 9 19 12 5 8 13 10 9 12 15 35 88 119 89 41 14 83 116 105 119 112 54 61 102 136 109 43 13 29 102 110 58 39 41 94 59 21 15 13 9 8 9 9 3 6 6 12 11 9 8 4 3 6 6 3 2 1 3 32 152 178 54 0 0 17 86 160 178 179 187 125 58 47 20 11 17 112 151 78 30 19 14 11 9 8 6 3 11 16 4 20 25 16 9 6 1 12 23 16 84 143 112 45 16 7 3 4 27 93 109 53 22 12 7 4 1 0 3 6 6 4 3 3 4 6 8 9 10 10 6 19 81 212 169 27 156 171 79 31 15 9 9 10 10 11 10 9 8 6 4 3 2 0 1 3 4 4 4 4 39 39 0 0 0 0 0 0 -2147483648 
-2147483648 0 0 0 0 0 0 48 48 2 3 4 5 3 3 3 3 1 0 4 4 6 60 123 99 41 15 5 6 4 1 3 6 2 0 6 10 5 7 8 7 3 4 6 1 0 1 4 6 6 12 6 4 4 4 6 6 3 3 4 3 1 0 3 5 3 3 3 3 3 4 2 2 6 12 9 9 3 2 6 11 9 26 87 116 75 32 5 3 13 17 14 7 1 3 4 6 5 9 21 78 110 90 54 16 47 78 85 69 24 17 32 91 129 83 28 34 106 99 48 27 43 88 46 18 17 14 11 10 9 9 6 5 6 10 11 9 7 6 4 4 4 3 1 3 2 15 125 195 81 0 0 0 21 76 130 144 99 31 27 46 45 24 17 40 139 128 65 30 18 14 10 7 6 5 10 5 17 25 18 10 6 6 5 11 27 11 39 106 136 96 44 17 7 6 25 89 108 57 24 11 5 4 3 0 4 6 3 3 2 3 3 6 8 8 11 12 6 10 35 171 219 65 121 182 101 47 22 10 12 15 18 20 20 17 11 7 6 4 3 4 4 4 3 1 0 1 38 37 0 0 0 0 0 0 -2147483648 
-2147483648 0 0 0 0 0 0 48 49 3 4 6 4 3 3 2 0 0 1 4 4 5 54 123 103 42 15 6 6 5 5 3 3 2 0 5 11 4 8 4 4 5 6 5 4 2 3 5 3 4 10 3 3 12 28 38 40 38 29 16 8 5 3 3 5 4 5 6 3 4 7 5 4 6 9 11 9 6 4 8 8 7 13 48 112 120 56 17 7 6 16 17 7 4 4 11 16 18 21 16 17 73 87 57 27 20 29 26 28 29 25 14 46 115 109 42 39 109 95 42 21 50 90 40 17 17 13 10 8 9 9 6 4 4 9 11 9 7 4 3 3 3 3 3 4 2 11 101 197 103 0 0 0 0 3 4 3 0 3 16 36 56 59 25 20 88 145 97 39 20 14 10 8 7 9 11 20 28 20 9 6 4 1 1 15 28 9 21 68 129 136 79 30 11 6 21 85 110 60 23 10 4 5 4 0 4 5 3 3 4 3 3 5 8 8 12 12 7 5 26 106 220 170 155 162 97 52 30 17 16 17 20 24 24 21 17 11 9 6 1 0 0 0 2 2 4 14 38 31 0 0 0 0 0 0 -2147483648 
-2147483648 0 0 0 0 0 0 48 50 2 3 6 3 2 3 1 1 3 4 5 4 4 47 122 109 44 14 5 4 3 3 6 6 2 0 4 8 5 6 1 4 7 4 1 4 0 2 6 2 6 8 2 3 25 42 37 31 20 17 12 3 1 3 5 4 1 3 6 6 6 5 1 3 2 3 4 4 3 6 8 7 8 7 9 66 130 105 50 18 3 8 18 11 6 3 12 13 11 8 14 13 35 77 70 51 32 19 14 8 14 16 11 11 90 123 64 52 114 87 40 19 61 92 40 18 16 13 9 7 7 6 4 4 6 10 10 9 6 3 4 4 3 4 4 3 3 9 93 199 113 0 0 0 0 0 0 0 0 0 0 0 10 40 45 4 24 106 133 81 33 17 10 7 7 9 8 16 17 10 3 6 6 4 3 24 27 7 9 26 84 144 136 78 30 10 16 82 112 62 22 10 5 6 4 3 4 4 4 4 2 4 4 6 8 8 12 11 9 6 17 46 137 191 213 169 106 57 28 13 6 1 0 3 10 17 21 20 16 11 6 1 0 0 1 5 17 28 33 18 0 0 0 0 0 0 -2147483648 
-2147483648 0 0 0 0 0 0 48 49 3 4 6 6 3 0 0 2 2 4 6 4 3 42 121 114 45 14 5 2 2 0 2 2 2 1 4 4 2 1 0 4 5 4 3 3 2 3 7 3 2 6 6 7 24 37 36 43 38 28 17 9 8 6 3 4 1 1 4 2 1 3 5 7 6 3 3 1 1 6 8 6 8 9 6 31 95 127 80 28 12 6 17 21 10 4 15 15 6 3 6 6 11 57 80 64 45 32 14 1 3 6 10 5 59 114 95 86 109 65 34 15 71 96 40 20 16 11 7 7 6 4 4 4 6 9 9 9 7 8 8 5 4 6 6 4 4 7 87 201 122 0 0 0 11 40 51 35 7 0 0 0 0 16 44 37 13 42 133 124 47 22 13 9 7 7 2 11 16 11 7 6 4 5 16 31 21 7 14 18 45 106 148 113 46 15 12 77 112 66 23 11 8 7 4 1 2 4 3 3 3 3 3 8 9 9 11 10 11 10 15 37 72 92 84 62 36 17 8 4 1 0 0 1 6 12 19 23 20 14 10 6 4 5 11 21 27 23 17 9 0 0 0 0 0 0 -2147483648 
-2147483648 0 0 0 0 0 0 48 48 0 3 6 6 3 0 0 2 1 4 4 4 3 39 122 117 43 14 7 2 2 3 6 6 3 4 3 2 3 2 3 6 6 6 6 1 4 4 8 5 0 2 2 4 14 23 35 32 21 13 7 2 1 3 3 3 3 0 3 4 1 0 1 3 6 6 5 4 3 4 9 7 9 11 8 8 44 115 120 61 24 5 4 21 17 9 19 14 4 5 5 4 1 28 69 78 59 45 28 8 4 3 8 10 25 72 95 106 90 44 30 20 75 105 46 19 15 9 6 7 7 7 6 5 7 10 11 10 8 7 5 4 5 7 6 4 3 7 83 202 127 0 0 0 34 96 113 118 50 0 0 0 0 8 44 52 4 20 80 149 97 40 20 13 9 6 6 3 14 16 12 6 4 9 24 29 11 9 16 11 10 51 118 133 83 34 11 71 110 69 25 12 8 6 1 2 3 4 4 4 6 6 3 8 11 10 9 11 12 10 6 13 20 24 28 23 8 1 0 0 0 0 0 0 0 2 6 14 21 20 14 9 5 9 20 26 19 7 11 9 0 0 0 0 0 0 -2147483648 
-2147483648 0 0 0 0 0 0 48 49 3 6 7 4 3 2 1 2 0 4 2 3 4 38 121 118 43 15 8 3 4 6 3 3 3 4 2 3 3 4 2 4 4 4 6 4 0 5 8 5 0 2 1 3 6 8 6 5 7 4 3 2 1 2 3 1 4 3 1 4 3 2 3 2 4 6 4 3 4 4 9 8 9 10 6 5 20 75 130 97 35 13 0 10 23 16 17 8 3 7 6 3 0 11 45 82 70 48 41 19 8 4 5 10 12 38 53 48 30 12 20 19 70 111 50 20 15 8 4 8 9 7 5 6 9 11 13 9 6 3 1 3 4 6 4 4 3 8 91 203 119 0 0 13 83 144 92 143 93 0 0 0 0 4 38 56 16 21 22 125 145 68 28 15 11 7 7 5 7 17 17 7 7 16 25 18 4 13 15 3 14 35 73 120 110 53 11 66 108 70 26 11 8 5 2 1 2 3 4 4 3 4 6 10 11 10 9 11 12 11 7 5 9 13 12 6 1 0 0 0 0 0 0 0 0 1 4 10 18 22 15 7 12 21 21 10 5 9 14 13 0 0 0 0 0 0 -2147483648 
-2147483648 0 0 0 0 0 0 48 50 3 4 4 3 3 0 2 1 2 3 3 3 3 37 117 118 46 16 10 7 6 4 3 3 3 3 3 2 3 4 6 3 4 4 6 3 2 5 8 4 0 1 3 3 1 2 1 6 7 6 4 4 5 3 1 1 2 4 2 4 6 3 6 4 5 8 9 6 6 4 7 4 7 10 8 9 10 33 104 130 76 35 11 2 12 18 14 4 6 9 6 1 0 0 18 63 76 55 44 27 13 10 8 12 3 10 13 13 14 10 13 15 68 110 51 22 15 8 9 10 7 6 6 8 8 10 9 4 3 1 2 3 3 4 6 7 8 11 105 204 106 0 0 20 110 143 48 145 148 48 4 0 0 0 23 50 42 2 36 40 147 136 71 30 16 10 8 8 3 13 18 10 8 19 17 9 11 16 10 5 23 31 32 86 128 86 23 60 107 70 27 11 8 5 3 3 3 4 4 2 1 3 9 11 9 11 11 9 12 12 5 0 0 2 2 0 0 0 0 0 0 0 0 0 0 0 0 2 10 20 19 14 21 21 9 3 9 12 19 19 0 0 0 0 0 0 -2147483648 
-2147483648 0 0 0 0 0 0 48 50 4 3 3 3 3 2 1 1 3 3 3 2 1 33 114 121 48 15 10 8 8 4 4 2 3 3 2 3 3 3 5 1 4 6 7 4 3 3 9 5 0 1 4 5 2 2 3 4 9 10 9 4 3 4 4 4 3 4 3 3 7 6 7 7 4 3 7 6 4 4 8 3 3 7 9 10 9 19 65 127 110 51 24 5 6 6 4 9 11 10 6 4 3 1 9 37 75 69 41 30 16 13 12 16 65 102 114 100 71 37 17 21 69 118 56 22 15 10 10 9 6 7 7 6 7 8 5 5 4 3 1 4 3 6 7 3 5 16 129 203 86 0 0 29 127 143 48 108 177 113 20 0 0 0 15 37 48 37 44 41 91 164 113 44 19 12 9 7 6 7 18 11 13 19 12 11 17 13 2 18 27 19 17 59 119 95 28 53 105 71 29 14 8 5 2 0 1 4 6 3 0 7 12 10 9 11 12 9 11 11 4 0 0 2 2 0 0 0 0 0 0 0 0 0 0 0 0 1 7 17 22 20 13 1 8 11 13 13 25 25 0 0 0 0 0 0 -2147483648 
-2147483648 0 0 0 0 0 0 48 50 3 3 3 4 2 0 1 3 3 0 1 3 4 28 111 124 50 15 11 8 5 4 1 4 4 4 3 4 0 2 5 3 0 4 9 8 7 1 9 6 1 3 4 4 3 4 6 3 3 6 10 9 6 4 1 3 3 4 0 4 4 0 6 7 3 2 7 7 7 13 18 12 6 2 6 5 6 4 21 91 128 87 45 19 4 12 10 14 13 9 5 4 4 3 3 13 58 82 54 34 28 25 9 56 110 127 129 131 131 96 52 34 54 124 68 27 16 8 7 6 6 8 7 6 7 7 6 7 6 4 4 4 4 8 6 1 6 21 163 199 54 0 0 35 132 140 53 35 141 171 104 30 0 1 50 107 116 82 65 84 11 120 158 95 38 19 12 8 8 3 16 17 17 14 12 16 14 6 12 26 23 3 8 72 134 87 25 48 103 74 30 16 9 4 2 0 0 2 3 3 6 10 9 8 9 9 12 11 11 9 3 0 0 2 2 0 0 0 0 0 0 0 0 0 0 0 0 0 2 6 8 7 4 10 14 16 15 13 30 32 0 0 0 0 0 0 -2147483648 
-2147483648 0 0 0 0 0 0 48 49 3 4 4 3 2 0 2 1 4 3 1 0 0 26 107 125 56 17 10 8 4 6 6 4 3 1 4 3 3 2 3 3 3 4 8 10 11 3 6 8 4 6 6 6 8 12 8 7 3 4 8 10 9 8 4 1 1 2 6 9 8 8 9 8 2 5 9 3 3 17 20 20 16 9 8 1 5 2 7 49 112 114 61 30 15 17 17 18 13 8 5 3 4 4 3 7 34 80 78 42 38 37 18 96 121 71 43 60 106 105 65 48 34 118 79 32 18 9 7 7 7 8 7 6 6 7 7 6 3 1 2 3 6 8 3 2 7 41 184 180 30 0 0 42 138 137 55 22 84 156 165 75 0 34 128 160 118 78 73 77 54 46 158 146 61 24 15 11 8 8 12 20 15 10 14 16 8 7 21 22 9 10 28 112 125 63 20 46 103 77 30 15 10 5 2 1 3 3 1 4 8 8 6 8 11 9 11 12 11 8 1 0 0 1 3 4 3 1 0 0 0 0 0 0 0 0 1 4 6 6 8 13 14 17 17 16 11 2 31 33 0 0 0 0 0 0 -2147483648 
-2147483648 0 0 0 0 0 0 48 48 2 6 5 3 0 3 2 1 1 3 3 1 1 22 99 127 63 19 8 6 5 7 6 3 1 0 3 4 6 6 0 5 5 4 4 10 15 7 3 7 6 7 5 3 5 7 3 8 4 4 3 7 7 9 8 2 1 2 5 5 2 4 6 8 6 6 8 4 8 22 20 9 12 14 9 4 4 2 6 19 70 116 96 56 31 12 18 18 11 8 8 6 6 6 4 3 8 49 89 78 56 47 11 98 112 51 15 25 88 108 69 55 14 112 92 37 18 9 6 7 7 7 6 3 4 6 4 3 1 0 0 3 8 6 1 2 9 64 198 158 21 1 3 66 155 126 50 17 23 88 182 139 25 64 151 121 53 81 101 88 85 49 87 170 116 50 23 15 11 12 9 11 13 13 17 13 2 17 22 9 10 10 74 125 89 46 16 47 104 78 31 14 10 6 1 2 2 0 1 4 7 8 7 8 12 11 9 12 12 5 0 0 0 0 0 0 2 2 0 0 0 0 0 0 0 0 2 5 6 10 16 16 16 17 14 13 6 19 34 24 0 0 0 0 0 0 -2147483648 
-2147483648 0 0 0 0 0 0 49 49 3 6 12 15 19 18 10 6 6 4 1 2 2 19 92 127 68 22 9 6 4 6 6 4 3 0 1 3 1 5 3 8 9 6 4 6 14 8 3 4 6 8 6 3 3 4 4 6 3 3 3 3 7 10 10 3 3 0 6 7 5 3 4 6 2 6 6 3 1 12 18 16 16 14 8 8 8 6 11 15 33 86 119 90 41 15 6 7 4 3 4 4 4 4 4 3 2 20 64 97 76 53 14 91 122 59 16 13 77 111 74 56 10 101 111 44 19 10 7 6 4 4 3 1 4 5 4 2 0 0 1 6 8 3 0 2 15 111 214 116 1 4 17 96 158 99 35 13 8 44 162 162 31 85 158 106 37 56 104 103 80 70 13 138 160 83 35 18 15 15 11 4 6 9 10 3 13 22 13 7 7 37 108 108 55 35 15 46 104 81 32 14 10 6 3 3 1 1 4 4 5 8 8 8 12 12 9 12 11 4 0 0 0 0 0 0 2 2 0 0 0 0 0 0 1 4 9 13 15 17 17 16 19 16 5 11 26 30 23 13 0 0 0 0 0 0 -2147483648 
-2147483648 0 0 0 0 0 0 50 50 1 8 15 12 8 13 11 5 4 3 2 3 3 17 87 121 72 32 14 6 1 4 4 3 4 1 0 1 2 2 3 7 8 1 3 6 13 8 1 3 7 9 6 6 4 3 3 3 2 1 4 6 10 10 7 3 1 1 1 3 2 3 4 4 1 4 7 3 1 4 9 3 6 9 6 4 4 7 13 12 13 40 105 123 65 27 18 9 1 3 4 4 3 4 4 4 4 15 24 87 102 80 46 60 123 83 27 4 62 110 86 54 28 71 125 65 24 11 9 6 4 6 4 4 6 6 4 1 0 0 3 6 5 2 0 3 20 164 206 61 3 9 31 114 148 77 25 10 5 30 172 173 19 91 154 101 39 9 75 115 80 64 60 50 153 144 85 38 22 18 13 6 3 6 3 7 17 16 0 13 9 74 109 65 38 80 92 59 94 81 31 14 9 6 3 0 0 3 4 1 4 8 9 9 11 11 10 12 10 4 0 0 0 0 0 0 2 2 0 0 0 0 0 7 13 11 13 16 16 17 16 17 17 7 14 23 22 13 13 10 0 0 0 0 0 0 -2147483648 
-2147483648 0 0 0 0 0 0 49 50 3 6 13 17 19 18 10 3 2 1 0 0 1 16 80 110 68 42 29 13 3 4 4 3 3 3 2 1 0 0 2 4 9 4 1 3 12 12 4 6 8 10 6 6 8 8 7 5 3 3 4 4 9 6 3 4 4 3 2 1 1 1 2 5 6 2 4 6 4 4 8 9 10 13 8 9 5 3 12 15 16 24 66 122 93 34 21 15 3 4 3 4 6 7 4 5 14 23 22 59 104 103 67 14 110 110 40 6 44 104 100 52 43 45 136 91 31 14 9 6 6 9 8 7 6 4 3 2 2 3 4 5 4 2 0 5 41 191 182 25 6 17 41 113 133 60 30 56 83 124 185 136 14 85 157 108 44 13 61 112 78 39 55 26 97 165 134 66 32 20 13 8 7 4 4 14 16 4 11 6 39 95 70 54 114 137 136 85 71 74 29 12 7 7 3 2 1 3 4 3 5 8 10 11 10 10 10 11 10 4 0 1 3 4 4 4 3 1 0 0 0 8 18 22 18 16 17 17 16 16 13 8 6 25 35 27 17 13 13 8 0 0 0 0 0 0 -2147483648 
-2147483648 0 0 0 0 0 0 48 50 4 3 6 7 7 6 3 2 0 0 0 1 4 16 75 108 63 30 25 19 10 5 5 4 3 3 0 2 0 1 3 3 7 8 4 4 9 16 10 0 5 8 6 8 10 9 10 13 11 5 4 6 9 4 2 1 0 1 4 4 3 1 2 1 5 3 2 3 3 3 4 8 11 11 4 12 6 2 8 16 17 20 38 93 105 54 25 18 6 3 3 3 4 9 6 6 19 21 13 21 75 115 89 22 84 126 70 21 26 92 111 62 58 13 128 130 57 22 13 6 6 8 4 3 3 3 3 1 1 4 4 6 6 3 1 7 60 201 162 17 8 20 40 91 116 115 166 194 200 204 170 77 13 60 144 135 75 47 92 123 76 31 37 51 6 111 167 128 66 32 17 10 9 6 8 16 8 7 13 9 65 87 16 84 90 52 74 87 72 62 26 10 6 7 1 3 4 3 3 4 7 8 9 11 11 11 10 10 10 4 0 2 2 0 0 0 0 0 0 0 0 18 18 9 3 7 16 17 16 15 8 3 13 24 22 16 13 11 8 3 0 0 0 0 0 0 -2147483648 
-2147483648 0 0 0 0 0 0 49 50 4 4 4 3 1 4 4 1 1 2 1 3 4 15 75 115 72 34 24 17 11 6 6 3 1 3 1 2 0 2 2 1 4 11 6 0 6 15 11 3 2 6 5 6 6 3 14 23 24 14 6 10 10 6 3 2 4 7 8 4 2 3 4 3 4 2 3 2 3 1 3 6 3 4 4 13 4 1 11 18 16 18 34 73 99 63 27 19 9 3 4 0 1 6 7 13 21 14 3 7 46 123 121 40 48 122 100 34 11 77 116 77 47 42 83 157 86 29 15 10 8 6 3 2 1 3 0 1 4 6 4 6 6 3 4 16 103 214 123 9 12 16 32 65 105 149 166 143 118 80 31 0 0 30 110 174 187 187 173 123 55 23 15 40 30 44 139 167 100 45 26 16 10 7 6 13 8 14 8 27 67 55 75 75 4 46 17 46 58 40 17 7 4 5 1 3 3 2 0 4 8 8 8 10 12 11 10 11 9 4 1 2 2 0 0 0 0 0 0 0 6 21 12 4 9 16 16 16 10 0 12 16 11 15 20 22 22 20 14 6 0 0 0 0 0 0 -2147483648 
-2147483648 0 0 0 0 0 0 50 51 4 3 1 3 3 3 3 3 3 2 1 4 4 13 74 122 81 29 17 14 10 6 5 2 3 4 4 4 3 3 3 4 4 10 6 1 6 12 10 6 1 4 4 2 6 2 20 17 21 19 3 9 6 1 2 4 5 6 7 7 3 2 1 1 3 0 3 4 7 6 6 4 1 1 0 11 6 4 13 14 11 17 38 79 100 61 28 21 9 2 4 4 1 3 5 16 17 9 0 3 16 93 145 102 28 87 117 60 8 70 123 85 32 49 21 140 124 51 19 12 8 5 3 3 3 0 3 3 10 9 7 6 4 3 7 39 181 210 58 16 15 11 17 25 26 48 35 6 0 0 0 0 0 0 25 80 133 154 136 92 52 24 12 19 39 27 63 159 151 85 41 26 16 9 3 8 8 13 6 36 48 50 72 31 46 65 69 66 18 22 12 4 3 4 3 3 3 1 0 4 7 8 9 10 12 10 10 12 8 4 2 2 2 0 0 0 0 0 0 0 8 15 11 6 14 18 16 11 5 18 21 17 14 11 5 8 14 17 20 14 0 0 0 0 0 0 -2147483648 
-2147483648 0 0 0 0 0 0 49 52 5 1 2 3 4 2 0 2 1 1 4 6 3 9 70 127 88 30 10 5 4 3 4 3 3 4 2 1 3 1 3 4 2 6 8 3 5 9 10 10 1 3 1 1 6 3 18 21 17 22 4 8 8 3 4 5 5 6 3 6 4 6 4 4 2 1 5 5 4 5 6 5 4 4 4 9 11 8 10 12 7 17 56 100 93 49 30 22 9 3 3 6 6 6 10 14 11 1 9 10 3 40 116 114 40 50 117 88 24 78 117 73 28 38 31 77 145 87 27 12 9 6 3 4 2 2 4 11 13 8 5 3 0 6 43 136 221 133 9 16 1 4 13 18 8 28 22 3 0 0 0 0 0 0 0 0 0 0 3 19 36 23 4 6 29 45 10 108 163 116 51 29 19 11 4 3 7 7 3 28 48 44 12 34 55 69 56 96 80 8 6 0 2 3 3 1 0 0 0 3 6 9 11 10 12 11 9 12 9 3 3 4 4 1 0 0 0 0 0 0 7 11 13 19 21 18 8 9 23 21 10 6 6 7 8 8 5 2 17 19 0 0 0 0 0 0 -2147483648 
-2147483648 0 0 0 0 0 0 48 51 6 1 0 3 4 3 0 1 1 3 5 1 3 8 68 129 90 30 11 4 4 4 3 3 3 5 6 4 3 3 4 4 3 3 8 6 4 6 9 12 5 3 3 3 5 5 13 16 17 15 3 7 8 6 6 8 7 8 4 3 2 6 7 5 4 4 5 7 3 0 3 0 3 0 1 8 11 9 9 13 12 33 87 111 75 41 30 18 6 3 4 4 6 7 13 13 6 7 16 15 17 9 86 127 73 8 88 117 90 111 110 56 14 9 33 16 114 140 74 26 12 6 5 3 3 1 11 13 10 4 3 0 3 8 80 195 173 54 12 14 4 3 7 14 15 21 21 4 0 0 0 0 0 0 0 0 0 0 0 8 30 32 14 10 3 38 44 39 140 149 87 41 23 16 10 3 4 4 0 6 13 13 32 43 37 60 66 49 91 31 3 3 1 3 3 2 0 1 2 1 4 7 11 11 13 12 8 12 10 2 1 3 5 2 0 0 0 0 0 0 7 16 22 23 18 10 10 21 17 9 1 1 4 4 1 3 3 6 17 17 0 0 0 0 0 0 -2147483648 
-2147483648 0 0 0 0 0 0 48 50 5 3 2 3 5 4 0 0 2 4 3 5 4 9 66 127 91 30 13 5 3 6 3 3 3 1 3 1 3 4 1 4 4 2 7 8 4 6 5 10 7 3 1 3 4 5 8 9 6 7 8 4 4 10 6 14 20 17 10 2 3 3 4 5 7 9 9 10 6 3 2 1 3 0 1 6 7 10 11 16 21 57 106 94 49 30 23 11 5 4 6 6 8 10 11 4 6 18 24 18 20 8 52 124 111 36 35 97 108 99 70 29 11 11 3 19 52 154 145 63 22 9 6 1 3 8 13 9 3 3 3 1 7 34 139 210 93 14 19 13 4 2 4 9 15 20 16 3 0 0 0 0 0 0 0 0 0 0 0 3 18 34 38 38 27 6 45 16 100 161 123 57 27 18 13 4 4 4 0 3 16 41 48 31 18 29 58 38 65 43 2 4 1 2 4 2 0 2 1 3 4 5 9 12 14 11 9 12 10 3 2 1 6 4 1 0 0 0 0 4 14 23 26 21 8 10 24 18 7 3 0 0 1 4 4 3 2 3 15 14 0 0 0 0 0 0 -2147483648 
-2147483648 0 0 0 0 0 0 48 50 3 3 3 3 5 4 1 1 3 3 0 2 2 9 62 125 93 33 14 5 3 6 4 5 6 4 1 3 4 1 0 3 4 3 5 6 4 5 1 6 7 8 5 2 3 4 7 4 2 6 5 3 3 6 15 11 8 16 16 6 4 3 2 3 3 6 7 6 7 4 3 2 3 1 2 3 8 10 9 10 25 79 112 75 40 28 16 6 7 6 0 1 4 8 7 3 14 26 24 13 20 17 9 80 123 83 31 13 42 50 31 16 10 11 14 9 37 54 163 164 100 40 13 3 8 11 9 4 3 4 3 6 27 112 216 169 27 29 27 19 13 9 3 6 13 13 6 0 0 0 0 0 0 0 0 0 0 0 0 0 4 15 25 35 44 33 25 41 33 133 156 98 45 26 16 6 5 4 0 9 35 50 35 18 10 5 24 31 50 34 7 6 4 4 6 3 0 1 3 3 1 4 8 11 13 11 11 13 11 6 1 1 4 6 3 0 0 0 0 8 20 26 26 18 9 29 28 18 12 8 5 4 3 1 1 3 4 4 17 15 0 0 0 0 0 0 -2147483648 
-2147483648 0 0 0 0 0 0 48 49 3 1 2 3 4 6 4 3 2 2 0 2 1 10 59 121 96 37 14 4 3 3 2 3 7 5 3 6 6 3 1 1 4 1 5 6 4 6 2 4 4 3 5 4 4 6 4 3 6 4 8 8 4 3 11 20 15 7 15 7 3 4 3 5 3 3 3 2 7 4 4 2 3 4 3 4 3 11 11 6 15 75 123 88 44 27 12 6 6 6 8 6 5 6 1 13 26 28 11 11 18 12 4 40 107 104 49 18 14 10 6 11 9 1 7 11 29 35 77 178 184 112 47 18 9 5 4 7 7 6 14 71 159 217 177 46 33 31 22 19 16 14 9 10 9 1 13 42 71 88 91 81 53 18 0 0 0 0 0 0 0 0 0 6 26 34 8 38 17 84 158 133 62 34 20 9 7 8 15 34 50 40 18 10 6 3 6 6 28 35 15 6 4 4 6 4 3 1 3 4 4 6 9 11 13 11 10 11 11 7 0 3 4 9 9 5 4 4 6 16 25 27 23 10 24 34 10 9 17 19 14 7 2 4 3 3 0 1 18 17 0 0 0 0 0 0 -2147483648 
-2147483648 0 0 0 0 0 0 48 48 2 2 2 2 2 3 4 6 4 4 3 1 0 15 61 112 94 40 17 6 4 1 3 1 6 6 5 6 7 6 4 1 3 2 6 8 5 8 4 4 4 6 8 6 4 3 2 4 6 4 13 9 8 7 4 8 13 13 13 9 4 3 2 6 4 3 2 1 6 1 4 5 7 7 1 4 6 9 8 8 9 47 113 124 76 34 17 9 5 10 11 10 10 5 7 22 33 24 10 17 18 13 8 15 81 115 74 36 20 10 7 13 13 5 7 12 4 48 49 40 150 193 157 98 50 26 15 9 9 21 84 194 227 160 56 17 35 31 22 24 23 24 16 9 0 30 78 116 130 135 141 148 156 149 120 67 17 0 0 0 0 0 0 0 14 32 26 22 45 19 120 164 107 49 25 11 4 4 24 44 40 26 13 8 5 5 6 43 62 77 40 14 6 5 5 3 4 3 1 3 1 4 8 10 11 12 11 9 11 9 2 4 3 3 6 3 0 0 5 16 24 25 22 12 31 41 35 26 18 15 19 25 19 7 4 7 5 3 17 18 0 0 0 0 0 0 -2147483648 
-2147483648 0 0 0 0 0 0 48 48 1 3 3 2 1 3 4 6 4 4 4 1 1 18 60 103 89 43 20 9 4 2 1 1 4 4 1 1 4 5 3 3 3 2 6 9 3 5 5 5 4 4 10 7 1 1 3 4 2 4 13 10 2 9 6 4 1 6 10 7 3 3 3 4 4 4 3 1 6 2 10 8 11 10 8 3 10 9 9 10 6 20 76 138 116 51 22 14 18 14 8 12 9 8 20 31 27 3 20 23 20 13 6 11 54 110 97 48 25 13 6 8 13 8 3 10 8 18 40 40 31 131 194 207 182 137 100 100 146 198 225 208 102 6 27 30 32 24 14 31 36 26 4 32 73 114 131 110 76 57 57 72 110 147 166 158 85 16 0 0 0 0 0 0 13 32 26 7 37 24 64 163 156 71 32 15 4 16 39 41 23 14 7 3 3 8 42 95 62 81 48 17 8 6 4 1 3 4 2 4 4 6 9 11 11 11 11 8 9 10 5 3 4 2 4 6 3 2 9 20 25 25 19 13 22 39 30 12 13 35 63 66 46 30 17 9 4 0 16 17 0 0 0 0 0 0 -2147483648 
-2147483648 0 0 0 0 0 0 47 47 3 3 3 3 1 1 4 4 1 3 4 1 2 17 58 99 88 46 19 9 6 3 1 0 2 3 3 2 4 5 2 0 1 3 6 9 6 6 9 7 8 7 5 9 5 3 3 0 3 3 8 13 10 14 9 3 6 10 8 4 3 4 4 2 1 3 4 4 4 4 13 4 9 6 6 8 9 8 7 7 4 1 24 103 142 92 38 20 17 13 13 14 4 10 26 31 13 15 26 24 17 7 2 6 27 81 106 73 34 17 10 6 8 13 6 6 5 11 17 40 51 21 47 127 186 206 211 216 225 211 155 67 13 19 23 25 22 14 12 47 43 3 46 96 120 112 83 48 27 19 17 16 15 22 62 148 180 121 41 0 0 0 0 0 16 33 24 11 22 44 18 102 183 128 57 26 15 35 44 31 18 14 11 9 6 17 85 105 63 99 58 20 11 7 4 3 3 4 6 4 1 3 8 11 10 10 10 8 8 9 6 0 3 4 3 3 2 0 11 22 26 24 10 20 41 49 41 21 9 58 36 35 25 20 26 25 18 13 21 19 0 0 0 0 0 0 -2147483648 
-2147483648 0 0 0 0 0 0 46 46 2 4 2 2 3 6 6 3 3 6 4 1 2 15 59 100 88 47 17 6 6 6 4 3 3 2 2 5 6 4 4 5 6 3 4 8 5 9 11 6 5 4 7 10 4 3 4 8 8 7 2 7 4 9 1 9 10 4 3 0 4 4 5 4 3 3 3 4 1 8 9 3 7 3 5 6 9 13 6 3 6 7 13 60 134 128 58 25 16 19 18 11 9 24 30 17 11 26 23 13 4 13 13 5 18 52 94 97 58 27 13 6 5 8 9 5 3 4 6 17 34 46 49 38 17 56 89 89 56 20 31 32 29 26 23 20 13 13 10 40 47 90 119 115 79 44 30 17 10 13 13 11 11 11 15 57 137 185 120 18 0 0 0 0 16 33 26 13 12 33 40 31 160 174 80 31 24 37 28 15 11 10 9 7 18 67 116 76 59 109 65 21 12 9 4 4 4 6 6 1 0 2 8 11 10 11 10 8 8 8 7 6 7 9 10 9 7 5 14 26 27 19 13 43 53 38 19 41 31 35 75 51 19 49 46 30 25 22 31 27 0 0 0 0 0 0 -2147483648 
-2147483648 0 0 0 0 0 0 46 46 2 4 3 3 3 5 3 1 2 3 3 1 2 13 58 106 91 44 15 2 3 5 1 3 6 3 1 6 9 5 4 0 6 1 4 7 4 10 10 1 3 9 8 13 11 6 7 9 8 8 9 3 2 6 6 8 4 3 3 2 3 3 9 4 6 2 2 4 8 10 4 2 5 5 4 4 10 13 6 2 4 7 8 20 91 137 99 55 44 42 25 8 20 34 26 7 22 26 17 3 13 21 25 24 9 30 65 90 80 47 20 12 8 4 4 6 8 12 11 6 7 16 27 40 50 48 43 42 38 31 25 15 7 11 17 14 6 4 9 12 68 110 94 62 35 21 17 10 9 13 10 7 9 9 8 9 29 140 191 118 34 0 0 0 11 29 37 25 5 13 43 46 82 186 136 55 19 25 17 11 9 10 10 2 40 106 103 47 66 114 72 24 12 10 5 4 4 3 4 4 3 4 7 9 11 12 10 8 8 8 8 6 2 0 0 0 0 2 17 29 28 16 21 40 20 23 53 19 47 25 14 63 89 59 49 23 19 17 38 36 0 0 0 0 0 0 -2147483648 
-2147483648 0 0 0 0 0 0 46 46 2 4 4 2 1 4 4 3 3 3 3 3 2 10 55 110 95 42 15 3 3 6 0 1 6 8 10 9 11 11 7 6 6 2 4 7 7 3 11 14 15 9 6 10 13 6 6 4 3 4 8 6 2 3 2 4 6 5 4 3 3 1 6 4 4 3 5 6 8 5 0 1 4 7 4 4 9 11 7 4 6 4 6 10 48 110 125 95 66 56 26 20 34 28 3 22 25 18 5 13 25 26 22 25 13 23 48 68 84 53 18 13 9 6 9 10 5 19 39 43 32 18 7 3 7 16 9 3 10 9 14 20 16 13 14 7 4 7 6 48 78 63 34 21 13 10 12 10 10 11 7 6 9 8 5 10 11 58 150 181 86 0 0 0 4 17 37 39 16 9 27 55 18 148 176 85 11 17 14 14 12 10 10 30 94 111 62 15 69 116 76 28 13 10 6 4 4 1 3 3 3 6 6 9 12 11 10 8 8 8 7 6 4 1 0 0 0 3 19 30 27 13 25 40 18 20 59 51 36 18 72 91 39 49 45 13 7 7 42 42 0 0 0 0 0 0 -2147483648 
-2147483648 0 0 0 0 0 0 46 46 2 5 3 2 3 3 4 2 2 4 4 2 2 7 50 107 98 47 18 4 3 6 5 2 2 6 9 11 14 14 9 7 5 4 5 6 9 4 5 9 8 5 3 6 12 3 4 3 0 3 3 9 6 3 5 4 6 8 3 2 3 3 6 4 3 2 3 2 4 7 3 0 4 7 4 6 9 11 10 5 6 4 7 6 12 51 85 109 120 85 28 25 31 12 21 26 20 11 7 24 31 22 17 27 28 9 40 65 87 69 37 18 7 11 13 8 18 76 116 132 125 94 51 22 10 17 16 11 3 15 17 17 25 26 20 8 8 12 31 74 64 38 23 13 8 10 11 10 9 8 3 4 8 6 5 9 15 8 64 178 169 52 0 0 0 3 25 49 47 51 56 69 59 68 172 143 61 9 16 30 33 23 16 75 120 81 35 8 67 116 79 32 15 9 6 6 6 3 1 3 4 5 7 10 12 10 9 8 8 8 6 4 4 2 0 0 0 4 20 30 27 9 28 37 17 2 23 37 22 32 56 24 57 56 24 7 3 2 44 44 0 0 0 0 0 0 -2147483648 
-2147483648 0 0 0 0 0 0 46 46 2 5 3 3 3 4 4 2 2 3 5 4 4 3 40 102 104 52 21 6 1 3 3 1 4 4 4 6 13 14 9 5 4 4 3 3 10 8 1 3 3 1 0 5 11 4 3 2 2 2 1 6 9 8 2 5 9 8 3 4 6 4 6 4 3 4 7 6 7 10 7 1 4 5 3 4 6 10 10 4 4 3 6 7 9 23 34 64 133 115 43 35 15 17 30 21 11 6 23 33 25 13 13 21 32 16 28 65 81 94 81 40 13 14 21 30 87 142 130 115 130 135 96 41 16 17 20 44 73 107 135 128 86 40 11 2 6 18 61 78 45 23 16 9 7 9 9 9 8 5 2 4 8 6 6 7 15 16 28 114 200 116 0 0 0 0 12 70 123 111 100 93 81 13 124 165 92 29 16 15 30 34 56 118 103 32 10 3 65 117 80 34 17 7 4 6 6 4 3 3 4 6 9 9 11 10 8 8 8 8 6 4 3 5 4 1 0 5 21 30 27 8 29 37 17 2 6 17 46 60 12 42 30 9 1 3 4 3 44 44 0 0 0 0 0 0 -2147483648 
-2147483648 0 0 0 0 0 0 46 47 3 2 2 2 4 3 4 2 2 3 12 13 10 5 29 93 110 60 21 6 1 2 4 0 3 3 4 3 8 10 8 4 3 4 4 2 8 11 1 1 3 4 4 4 8 4 3 3 3 2 1 3 6 9 8 6 8 6 4 6 4 1 3 3 5 6 3 5 6 10 11 3 4 5 4 4 3 7 8 4 4 4 6 6 6 9 9 27 107 135 70 52 40 30 27 16 7 8 19 21 16 6 7 13 29 35 8 38 50 65 93 81 39 16 13 31 107 118 65 35 59 112 134 85 33 56 113 146 159 167 171 169 145 88 30 4 3 30 77 65 30 17 16 12 10 11 10 9 6 4 4 6 9 6 5 7 16 20 6 46 176 178 47 0 0 0 10 105 157 82 95 110 93 70 44 150 138 68 22 9 13 47 106 122 63 16 6 3 62 117 82 34 18 7 2 4 5 4 3 2 5 9 12 11 11 10 9 9 9 8 3 6 10 15 17 11 3 6 23 31 25 8 25 39 21 5 38 74 104 73 64 27 11 7 4 1 3 4 45 44 0 0 0 0 0 0 -2147483648 
-2147483648 0 0 0 0 0 0 46 48 3 3 4 4 3 1 4 4 4 7 13 4 9 3 24 88 113 64 21 8 4 3 3 1 3 4 6 7 9 7 7 6 2 1 3 3 5 11 3 4 4 4 3 1 5 4 3 3 6 4 3 4 3 3 3 0 5 6 6 6 4 3 1 3 5 5 3 5 4 9 14 5 4 7 5 3 4 5 4 4 4 4 7 8 8 5 5 15 67 132 70 25 55 36 20 9 7 4 17 27 31 31 27 10 16 35 21 16 42 42 68 97 63 29 15 44 116 97 35 13 20 66 126 99 61 131 150 139 123 97 73 81 123 110 43 10 6 56 81 42 12 11 14 9 7 9 7 7 6 4 4 6 8 3 4 8 15 20 9 24 121 198 99 0 0 0 26 132 162 62 65 117 93 73 28 100 168 107 33 9 11 62 136 105 30 8 4 4 58 115 85 35 18 9 3 4 7 4 3 4 9 12 12 11 9 9 9 9 8 3 8 12 17 24 28 29 16 8 21 33 26 12 22 41 25 80 125 89 27 39 54 20 4 0 2 2 2 5 46 43 0 0 0 0 0 0 -2147483648 
-2147483648 0 0 0 0 0 0 46 48 4 2 0 1 3 3 5 6 4 6 7 10 9 5 22 88 113 64 24 11 5 2 1 2 0 1 4 8 8 4 4 6 6 6 3 1 3 8 6 4 3 2 3 1 4 4 3 5 7 3 3 4 3 3 3 2 2 6 7 6 4 3 2 4 3 4 6 2 4 9 10 9 3 8 4 2 6 5 1 1 1 2 4 10 12 6 3 1 22 100 117 64 49 17 29 55 52 28 6 11 21 29 39 45 36 21 22 11 27 31 39 86 95 61 28 38 107 98 43 15 1 49 121 92 51 111 75 45 30 21 11 48 125 122 49 12 17 70 72 28 9 10 12 9 4 5 7 8 6 3 3 6 6 3 4 7 14 21 15 8 70 189 150 27 0 0 37 139 150 59 34 109 107 73 71 28 129 156 95 36 6 60 124 121 72 27 5 4 56 114 87 38 18 9 5 4 7 5 4 6 9 11 11 11 9 9 8 7 6 1 8 8 37 119 166 155 91 49 22 29 28 13 13 37 70 146 88 49 43 40 26 9 1 0 2 2 3 6 45 42 0 0 0 0 0 0 -2147483648 
-2147483648 0 0 0 0 0 0 46 48 3 3 3 1 0 3 6 5 3 6 7 6 3 4 21 83 112 67 27 12 6 0 1 4 4 4 3 2 3 3 3 3 4 6 3 1 4 8 8 6 6 4 5 2 2 2 1 6 7 5 3 3 4 6 7 7 4 3 6 3 3 3 0 4 2 4 5 4 8 7 5 7 2 8 7 5 3 6 2 2 2 4 4 9 12 8 1 1 10 55 126 138 85 81 103 90 77 48 18 8 13 13 17 31 39 31 17 17 17 26 29 61 102 89 41 8 86 119 72 27 6 45 117 93 51 113 55 18 12 10 2 57 130 118 49 13 32 80 62 23 10 10 13 10 5 6 9 8 4 2 1 6 7 6 6 7 16 24 17 6 42 163 177 49 0 0 38 142 151 60 16 84 115 69 48 43 51 162 174 128 146 153 104 69 74 38 8 1 54 115 91 40 17 8 6 4 6 6 5 7 11 11 10 11 9 9 7 6 4 4 8 34 139 223 153 151 78 42 10 21 29 17 17 55 91 58 73 73 22 7 5 4 3 1 3 4 4 4 44 43 0 0 0 0 0 0 -2147483648 
-2147483648 0 0 0 0 0 0 46 48 2 0 2 2 1 4 5 4 3 1 3 4 6 8 20 74 111 73 29 12 5 1 3 4 3 4 3 1 1 2 2 2 6 5 3 1 2 2 3 4 6 7 7 1 3 1 0 4 4 0 0 0 1 3 1 1 4 3 5 2 3 4 2 4 3 3 4 1 7 6 6 6 1 7 8 1 1 6 6 1 6 6 4 6 10 10 3 3 6 16 64 126 132 135 108 78 89 80 44 16 3 9 9 7 12 22 22 9 12 13 2 24 79 106 84 46 27 107 124 78 31 48 119 92 40 113 85 40 19 13 3 68 134 106 44 20 42 90 57 22 9 9 10 6 3 6 8 5 5 3 5 8 9 7 6 7 19 27 14 6 19 130 199 84 0 0 37 139 152 65 9 64 118 75 22 48 64 34 145 180 201 202 190 154 97 37 11 7 52 115 95 41 16 9 7 4 6 7 9 11 11 10 10 10 9 9 7 4 0 7 7 43 141 139 175 180 94 51 20 22 32 23 23 29 30 72 76 37 14 5 1 0 2 2 4 4 1 3 45 45 0 0 0 0 0 0 -2147483648 
-2147483648 0 0 0 0 0 0 46 48 2 0 1 3 4 4 3 3 4 3 2 1 4 10 21 72 114 78 29 11 4 4 4 3 2 0 3 3 6 6 4 0 6 6 3 1 3 2 2 4 1 7 8 3 1 0 0 4 4 1 3 3 1 1 2 1 3 1 5 4 4 3 1 3 3 3 4 3 6 6 6 7 3 4 9 4 1 3 8 4 7 6 3 6 10 12 6 1 1 9 25 61 81 65 42 50 73 91 67 28 12 7 6 6 1 7 11 21 23 16 13 3 37 82 101 71 24 58 124 118 59 67 117 82 34 100 124 84 38 21 10 82 135 98 51 30 56 99 57 20 7 9 9 7 8 8 6 4 6 3 4 7 7 7 6 11 25 25 10 6 14 90 206 127 0 0 29 133 159 73 13 60 112 74 14 32 72 59 43 79 63 32 29 34 22 16 17 1 49 113 98 42 17 11 8 5 8 10 13 13 10 10 11 10 9 8 3 6 8 10 7 25 112 174 163 93 37 16 2 18 29 27 24 39 49 35 14 9 7 6 4 4 3 1 3 4 3 1 46 46 0 0 0 0 0 0 -2147483648 
-2147483648 0 0 0 0 0 0 46 47 3 4 4 4 7 4 2 2 1 3 1 2 1 6 16 72 120 81 28 10 5 6 3 1 3 1 1 1 3 3 2 1 4 6 4 1 0 3 4 2 3 2 7 6 2 1 0 3 4 1 2 4 2 1 4 6 6 3 6 4 3 1 3 3 0 3 3 3 2 4 5 8 9 4 6 4 1 1 6 6 4 6 3 3 8 10 6 1 3 9 12 16 23 27 34 39 54 85 85 47 17 11 20 23 16 12 17 21 11 5 9 13 9 28 83 103 67 20 61 125 126 130 122 69 29 50 113 137 96 47 16 89 127 86 59 21 76 106 52 18 6 8 9 9 6 3 3 6 6 1 4 7 8 6 4 18 31 21 8 6 10 60 195 157 20 0 21 124 162 76 13 91 133 72 23 18 46 86 56 14 0 0 6 25 42 18 31 20 39 109 102 43 19 13 8 7 11 12 12 11 10 11 10 7 6 3 11 16 19 20 18 18 13 5 7 11 13 16 15 16 22 25 15 4 4 3 4 3 2 3 3 4 4 3 1 2 2 2 46 46 0 0 0 0 0 0 -2147483648 
-2147483648 0 0 0 0 0 0 46 46 0 0 0 4 8 4 2 2 0 1 3 0 2 3 15 74 121 81 28 10 6 4 3 3 3 2 0 1 3 2 3 2 4 5 4 0 0 3 4 4 1 4 6 11 2 3 3 4 6 1 2 3 4 8 8 9 12 7 3 4 4 3 2 3 1 2 2 3 2 3 0 2 5 3 3 4 2 1 4 5 2 4 0 3 9 9 4 6 6 10 12 13 20 27 34 40 50 78 83 51 17 24 25 24 17 14 20 16 4 1 3 3 2 8 47 105 88 33 30 84 113 98 66 43 32 35 65 124 127 64 13 85 118 78 65 21 94 101 43 18 7 7 11 8 1 0 2 6 5 3 6 9 9 7 13 29 30 11 4 4 9 46 181 172 30 0 16 115 168 83 63 146 131 40 40 22 20 63 72 32 0 0 4 23 52 44 9 21 29 105 105 46 22 14 10 12 14 13 11 10 9 7 5 6 13 23 27 25 25 27 27 23 18 13 13 14 14 15 13 9 15 23 15 3 1 3 4 1 1 3 1 0 0 2 0 2 1 3 47 47 0 0 0 0 0 0 -2147483648 
-2147483648 0 0 0 0 0 0 46 47 3 4 4 4 7 4 2 2 1 2 3 3 3 3 16 75 119 82 29 9 5 2 0 2 4 2 0 1 4 3 3 4 3 4 6 3 1 1 3 2 4 4 8 12 4 1 2 2 5 3 6 7 7 7 5 4 7 9 4 0 3 4 3 0 2 3 2 3 2 3 1 3 2 3 3 4 1 2 4 3 4 7 6 7 11 6 6 7 2 6 4 7 12 16 25 30 52 97 91 40 8 23 11 21 12 7 13 8 4 6 6 4 1 0 15 87 110 65 32 8 10 13 29 52 55 55 49 101 142 90 19 81 114 73 62 13 98 90 39 20 11 8 9 6 3 4 3 5 7 4 6 9 9 10 23 34 23 8 4 4 8 32 168 186 46 0 1 79 160 149 168 183 95 45 44 15 10 37 68 54 14 0 0 1 25 53 30 17 23 102 106 50 25 15 13 14 13 12 10 9 8 5 3 15 26 28 26 24 26 25 22 20 19 16 16 16 13 13 15 13 14 18 12 4 3 3 4 1 2 3 3 1 1 4 5 2 1 2 49 48 0 0 0 0 0 0 -2147483648 
-2147483648 0 0 0 0 0 0 46 48 2 0 1 3 4 4 3 2 2 1 4 3 2 1 15 70 119 87 30 8 5 3 1 2 4 2 0 1 4 0 4 3 1 3 4 2 3 2 1 2 6 2 4 10 8 1 1 2 3 2 3 0 1 4 1 0 2 6 4 2 0 2 2 2 1 4 3 3 3 1 2 1 3 5 6 4 2 3 2 4 9 9 4 8 12 4 4 3 3 7 5 8 10 10 19 23 65 119 81 19 18 8 16 25 11 9 13 10 8 8 4 3 0 0 9 52 113 116 61 27 18 12 36 58 33 33 44 87 137 109 23 89 112 64 47 22 97 84 34 15 6 4 7 7 4 3 2 6 9 6 6 8 9 19 30 26 10 4 3 4 8 28 155 190 58 0 0 34 107 149 142 93 33 68 46 13 8 26 54 74 38 0 0 0 8 33 43 21 22 99 110 53 26 18 15 14 13 11 8 4 6 12 25 32 27 22 21 20 22 22 22 22 22 18 17 19 19 22 25 25 20 14 8 2 2 1 4 3 1 3 1 2 3 4 4 3 2 0 50 48 0 0 0 0 0 0 -2147483648 
-2147483648 0 0 0 0 0 0 46 47 3 1 2 3 3 3 3 3 3 3 4 1 3 3 13 63 120 92 30 9 7 2 1 4 4 1 0 0 3 3 2 3 2 6 6 3 4 2 3 1 6 3 6 10 10 4 4 4 4 2 3 4 3 5 3 3 4 6 4 4 1 3 3 3 1 3 3 3 3 0 2 0 3 10 23 24 15 5 3 4 8 4 4 8 12 4 3 0 1 8 7 6 10 11 17 23 74 125 77 28 23 17 25 19 6 6 10 10 8 4 3 4 1 0 4 6 51 108 94 45 15 12 44 59 40 21 33 70 114 121 92 125 108 55 35 22 95 78 30 13 6 5 8 7 4 4 4 7 9 7 7 7 12 28 30 17 7 3 3 4 6 23 155 195 59 0 0 0 13 30 30 14 30 69 52 18 28 60 65 57 40 10 0 0 0 7 27 38 41 104 115 56 29 22 15 15 14 11 7 1 12 28 33 30 26 22 18 18 24 75 147 180 149 83 34 23 22 20 18 19 18 13 8 4 1 1 4 6 4 6 6 4 4 4 4 4 3 1 50 48 0 0 0 0 0 0 -2147483648 
-2147483648 0 0 0 0 0 0 46 46 2 2 1 4 3 1 3 1 0 3 4 3 3 4 11 56 119 98 33 11 8 3 2 2 3 3 1 0 2 5 3 3 2 5 5 2 2 2 3 0 4 4 9 10 4 3 3 0 4 4 3 4 4 6 3 2 3 6 7 10 6 3 3 3 1 3 3 3 4 0 2 3 13 23 21 16 17 3 3 6 7 1 3 9 11 3 4 5 4 8 8 4 8 12 16 18 57 126 105 41 20 30 25 11 4 9 14 14 10 6 3 4 3 0 3 5 27 82 115 74 23 10 40 47 33 23 30 52 72 118 126 118 73 32 31 31 108 81 29 14 7 4 5 4 2 1 3 7 9 7 6 11 23 32 24 10 4 3 3 4 7 23 157 195 57 0 0 0 0 0 0 0 26 64 53 18 71 87 73 44 16 20 0 0 0 0 4 15 45 115 118 60 35 24 17 17 13 7 3 19 30 32 24 17 17 17 16 18 82 183 188 143 137 88 31 13 9 7 4 3 4 4 3 3 1 3 0 4 3 4 2 3 3 3 3 3 2 3 50 47 0 0 0 0 0 0 -2147483648 
-2147483648 0 0 0 0 0 0 46 46 2 2 0 3 4 1 2 2 0 1 3 3 4 4 11 50 111 101 41 14 8 4 1 2 1 2 2 1 4 6 1 3 4 8 12 9 8 6 2 0 3 1 9 7 0 1 3 3 3 4 6 4 2 4 4 3 1 2 3 6 3 1 1 4 4 2 3 4 3 4 1 11 21 14 8 23 19 6 3 6 8 3 4 10 9 2 5 4 6 8 8 3 0 4 11 11 24 86 114 75 47 33 17 10 5 6 8 14 14 11 6 4 4 1 1 7 17 40 106 108 55 20 34 37 35 25 34 30 18 40 58 70 46 24 27 31 115 86 30 14 7 7 4 4 3 2 3 8 9 7 6 18 30 28 16 6 2 4 2 4 7 24 164 194 51 0 0 0 0 0 0 0 22 55 59 27 75 51 4 18 11 15 11 4 0 0 0 0 33 112 129 75 42 26 18 15 7 2 17 30 30 24 17 13 14 14 12 4 145 188 59 96 152 82 24 9 5 6 4 3 3 1 2 4 3 3 4 3 2 4 4 3 1 1 0 2 1 3 49 47 0 0 0 0 0 0 -2147483648 
-2147483648 0 0 0 0 0 0 45 46 3 2 0 1 4 3 2 2 1 2 3 4 5 6 10 45 106 101 45 17 7 4 0 3 4 3 3 4 4 2 2 6 11 15 20 22 20 17 13 12 9 4 10 6 2 3 2 3 3 1 1 6 6 4 6 3 1 2 4 3 3 3 1 3 5 5 4 4 3 3 8 18 11 11 18 14 10 3 3 6 9 3 7 10 7 3 4 3 5 8 7 4 3 5 10 8 14 48 102 106 64 36 21 15 8 4 3 4 12 12 8 4 4 4 4 13 13 13 63 112 86 32 27 31 45 44 34 11 6 4 27 32 16 12 16 34 109 89 33 14 3 6 4 7 6 5 6 10 7 8 14 28 31 16 6 4 1 4 2 4 7 47 177 178 43 0 0 0 0 0 0 0 13 43 72 61 62 33 0 7 13 5 11 11 0 0 0 0 17 94 145 97 49 28 18 10 6 22 32 30 23 17 13 12 4 13 23 38 194 147 43 132 135 56 18 9 6 7 4 4 4 4 3 3 3 2 1 0 0 1 2 1 1 3 1 1 2 0 48 49 0 0 0 0 0 0 -2147483648 
-2147483648 0 0 0 0 0 0 44 46 3 3 3 1 4 4 2 2 2 1 4 3 6 7 8 40 105 103 46 17 7 6 3 2 2 0 2 3 3 1 0 6 12 7 5 10 14 19 20 18 13 11 12 9 4 3 3 0 4 4 4 6 2 4 7 2 2 1 4 7 8 7 4 3 8 4 5 4 3 7 17 15 7 17 11 7 6 0 3 6 9 2 8 10 6 0 2 1 4 6 6 4 3 5 9 7 6 16 74 117 109 98 67 34 17 11 15 12 6 11 9 6 3 4 8 15 0 20 28 75 108 68 30 19 30 33 27 39 88 124 143 130 65 13 9 29 101 92 35 13 4 2 4 7 4 5 7 9 4 9 25 31 21 9 4 4 1 4 2 4 9 72 198 156 28 0 0 0 0 0 0 0 0 8 32 50 43 17 0 0 6 17 1 17 4 0 0 0 0 73 150 112 54 30 18 4 19 33 33 28 21 16 11 8 30 37 29 108 202 87 75 148 107 41 18 8 5 7 5 5 3 0 0 1 3 4 3 1 0 0 0 2 3 3 4 3 1 3 48 49 0 0 0 0 0 0 -2147483648 
-2147483648 0 0 0 0 0 0 45 46 0 2 3 3 4 3 1 3 2 3 4 3 5 7 10 39 103 105 45 14 7 7 3 2 2 0 1 3 3 3 2 6 11 14 11 6 3 6 7 5 8 11 14 13 8 3 3 4 4 3 1 4 6 3 4 4 0 3 3 1 3 6 7 4 6 4 8 6 9 19 19 2 13 8 1 3 2 2 0 6 7 2 8 9 7 1 4 2 5 4 5 6 3 3 8 10 7 11 40 83 108 118 99 47 23 13 7 11 1 9 9 8 5 3 9 10 36 63 56 10 83 100 41 9 10 9 33 102 150 155 165 172 120 31 11 21 102 102 39 14 6 3 3 6 4 5 4 6 8 21 33 22 8 5 4 3 2 4 2 4 13 102 212 120 0 0 0 0 0 0 0 0 0 0 0 0 0 0 0 0 0 14 8 14 8 0 0 0 6 78 152 112 54 28 11 18 37 35 26 19 13 2 27 47 44 18 41 168 179 25 114 144 74 26 14 6 3 6 8 9 4 4 4 4 4 3 3 3 2 1 0 2 3 1 2 6 4 1 48 48 0 0 0 0 0 0 -2147483648 
-2147483648 0 0 0 0 0 0 46 47 3 4 4 3 3 3 1 0 2 4 4 3 4 5 12 40 101 108 48 17 13 10 6 6 4 1 0 2 3 4 2 4 8 13 14 10 11 7 14 10 6 7 9 6 6 7 2 6 3 4 4 2 1 2 1 4 3 2 2 3 3 0 4 6 1 4 6 4 17 23 9 14 10 2 6 6 2 2 3 6 5 3 7 8 7 3 7 5 8 7 7 5 4 5 6 5 8 11 14 21 35 91 121 78 35 16 13 13 5 10 11 10 7 4 5 10 53 77 72 82 35 96 69 20 9 1 48 108 99 53 34 124 156 62 17 5 94 110 48 18 9 6 4 6 8 4 4 9 19 31 28 13 6 6 4 1 2 4 2 4 17 140 210 83 0 0 0 0 0 0 0 0 0 0 0 0 0 0 0 0 1 8 12 13 8 0 0 0 10 93 155 103 48 21 11 31 40 30 20 13 8 31 51 45 22 12 93 199 135 36 141 123 53 21 11 5 2 2 4 9 6 1 0 1 3 4 5 4 0 3 2 1 2 1 3 3 4 0 48 48 0 0 0 0 0 0 -2147483648 
-2147483648 0 0 0 0 0 0 46 48 1 2 1 1 3 3 2 0 2 4 3 4 5 4 10 40 103 112 53 16 9 6 4 4 4 3 3 3 1 4 5 3 4 9 13 15 15 10 20 10 10 12 11 8 7 8 3 6 6 3 6 0 2 1 2 4 3 3 6 6 4 4 2 4 4 4 9 16 20 7 18 19 5 4 3 5 0 0 4 6 4 3 8 9 6 1 5 3 4 9 10 9 3 4 8 3 7 11 13 14 19 56 112 102 47 21 18 12 6 9 13 12 8 5 2 16 68 84 41 65 37 72 95 35 11 6 55 115 86 34 11 94 167 93 16 9 76 117 58 20 9 2 5 7 8 3 4 17 30 30 16 6 6 6 3 0 2 4 3 6 29 171 197 49 3 4 3 0 0 0 0 0 0 0 0 0 0 0 0 0 6 6 3 4 2 1 0 4 22 103 154 95 38 10 28 35 28 17 7 13 40 51 38 10 10 33 149 199 59 97 147 90 31 14 8 4 2 3 3 5 6 2 0 1 3 6 7 3 1 3 0 0 1 3 4 3 3 0 48 48 0 0 0 0 0 0 -2147483648 
-2147483648 0 0 0 0 0 0 47 48 1 0 0 0 2 3 3 1 2 3 3 4 6 5 8 40 108 114 51 14 5 2 2 3 4 4 4 4 4 4 5 2 0 4 12 17 17 21 18 11 10 11 10 7 6 6 0 4 4 3 5 1 3 1 1 4 1 4 2 1 3 2 4 2 6 7 19 24 10 13 17 8 3 1 4 1 2 1 4 7 4 5 10 9 3 2 4 4 2 5 6 8 6 6 4 7 10 9 10 14 15 28 79 111 81 41 20 12 6 6 8 13 10 5 3 15 65 86 30 63 63 50 118 78 22 16 51 114 94 40 11 67 160 123 36 14 50 120 76 23 8 4 6 9 9 5 10 29 34 21 10 6 6 4 1 0 3 4 3 6 42 200 185 27 4 8 17 17 7 0 0 0 0 0 0 0 0 0 0 0 7 8 11 8 11 12 6 9 30 101 148 92 28 17 35 30 21 14 9 36 47 37 20 6 11 58 194 173 20 126 131 64 24 12 9 6 3 3 3 4 4 3 1 1 3 6 6 2 3 3 2 2 3 3 3 3 3 1 48 48 0 0 0 0 0 0 -2147483648 
-2147483648 0 0 0 0 0 0 48 48 0 0 0 0 1 3 3 2 2 2 3 4 4 6 8 38 110 115 48 15 6 3 3 5 4 6 5 3 1 2 4 2 1 1 6 14 13 15 14 12 7 4 4 3 2 3 1 3 3 0 4 3 3 4 4 6 5 1 3 3 3 1 4 3 12 24 25 9 14 15 5 4 0 3 1 2 0 3 4 6 4 4 11 9 6 5 6 4 3 4 2 6 7 6 4 5 12 11 7 10 14 23 49 96 113 79 58 42 21 11 1 13 14 4 4 19 60 103 82 77 65 51 116 148 68 9 34 108 117 54 19 41 137 138 48 16 33 117 95 28 10 8 7 7 7 12 26 35 26 10 6 4 3 1 1 3 4 3 2 9 78 219 150 0 9 33 48 54 40 11 0 0 0 0 0 0 0 0 0 0 4 18 16 28 29 25 20 20 32 97 144 85 23 32 33 21 12 6 34 47 35 18 5 8 25 116 216 108 79 142 103 39 18 11 8 4 2 1 4 3 3 3 2 1 3 4 4 3 1 2 0 0 2 0 2 2 0 1 48 47 0 0 0 0 0 0 -2147483648 
-2147483648 0 0 0 0 0 0 47 48 1 0 0 0 0 2 4 2 2 3 4 3 2 6 7 35 109 116 50 17 6 2 4 5 3 2 4 4 4 1 4 2 3 2 1 7 3 9 9 3 2 2 4 3 3 2 3 2 4 3 4 4 3 4 3 1 2 1 3 4 4 1 2 11 28 31 8 17 19 6 3 6 4 2 1 1 1 6 4 3 4 2 8 8 2 1 4 2 3 4 3 6 5 4 1 2 9 12 9 8 12 19 22 52 97 103 105 94 54 26 13 8 18 9 9 18 26 65 77 75 53 29 55 148 147 51 10 78 129 85 36 17 111 155 79 20 24 108 117 44 12 7 6 4 6 20 33 28 16 7 5 2 0 0 2 3 3 3 4 15 123 213 103 6 27 47 38 36 57 29 0 0 0 0 0 0 0 0 0 0 0 20 23 23 28 29 23 22 33 102 140 66 14 28 25 16 6 29 46 38 23 10 1 12 46 186 200 34 113 138 73 29 16 9 4 4 4 3 4 3 3 3 3 1 2 3 3 3 2 3 3 3 3 1 3 3 2 1 48 46 0 0 0 0 0 0 -2147483648 
-2147483648 0 0 0 0 0 0 46 48 2 0 0 0 0 1 4 3 2 4 3 3 4 6 5 32 105 117 55 19 6 1 4 4 4 3 0 1 4 3 3 2 3 2 2 6 2 7 5 1 2 2 4 4 3 3 3 2 4 4 3 4 0 3 4 4 3 1 2 2 2 4 17 30 23 7 25 21 5 5 3 7 4 4 4 4 4 6 3 4 4 4 8 8 3 2 4 2 1 4 6 7 6 6 3 1 8 11 9 8 12 18 17 29 55 62 68 89 69 32 18 3 16 14 16 19 11 27 32 22 14 11 19 78 163 97 9 43 115 110 49 2 89 157 104 18 6 85 143 76 20 15 9 10 23 35 31 17 9 4 1 2 0 1 3 3 3 6 9 41 166 192 54 27 38 36 22 11 56 37 0 0 0 0 0 0 0 0 0 0 0 16 32 15 21 17 7 13 47 108 119 44 22 23 14 3 25 42 37 23 13 4 7 24 110 222 124 63 137 113 45 22 14 8 1 1 1 3 3 2 3 3 3 2 1 3 4 3 0 2 2 2 3 3 1 3 2 0 48 47 0 0 0 0 0 0 -2147483648 
-2147483648 0 0 0 0 0 0 47 48 1 0 0 0 0 0 3 4 3 4 2 3 6 5 3 29 99 118 62 20 6 2 3 3 4 4 1 0 1 3 3 0 3 1 1 6 6 6 4 3 1 2 3 4 0 3 2 2 4 3 1 4 3 1 3 3 1 1 3 4 8 21 33 22 10 23 19 8 6 6 4 4 3 1 2 0 3 6 6 7 3 6 10 4 3 3 6 4 3 3 4 6 4 8 6 2 5 10 11 9 10 17 17 17 27 32 35 68 84 54 26 11 5 13 19 16 5 9 12 3 8 9 9 33 148 153 56 13 84 125 76 18 79 153 106 20 18 34 141 129 49 13 24 33 39 33 19 7 1 1 3 1 0 3 4 3 4 6 8 79 203 157 14 40 32 20 15 26 60 27 0 0 0 0 0 0 0 0 0 0 4 34 35 18 27 20 4 25 71 115 89 18 17 16 6 19 36 37 28 19 11 3 10 33 174 206 43 98 141 85 36 19 11 5 0 0 3 6 4 2 1 4 4 1 0 0 3 4 4 2 2 3 1 1 2 3 0 2 48 48 0 0 0 0 0 0 -2147483648 
-2147483648 0 0 0 0 0 0 48 48 0 0 0 0 0 0 2 4 4 4 2 4 5 4 3 26 95 120 67 20 6 4 1 3 4 4 3 0 1 2 1 2 2 3 3 3 2 1 4 2 0 2 2 4 2 1 4 3 0 3 2 4 3 2 2 2 2 3 8 19 33 32 7 22 30 20 5 3 6 7 4 1 3 3 4 2 3 4 8 7 2 6 11 3 0 3 7 4 4 3 4 7 4 8 8 2 4 9 13 10 9 15 16 16 24 33 32 45 77 74 39 18 8 6 9 3 7 13 12 1 11 11 8 16 85 161 98 22 62 127 104 32 80 137 94 20 16 13 89 166 115 35 21 26 20 8 4 4 5 6 5 4 4 4 4 3 6 9 55 161 201 87 29 33 16 12 22 47 48 10 0 0 0 0 0 0 0 0 0 1 16 31 20 31 6 19 20 49 97 107 51 7 13 4 14 32 35 28 22 17 7 6 16 86 216 146 44 130 126 56 24 13 9 4 1 0 3 6 3 2 1 6 3 0 0 0 2 2 0 2 2 0 0 1 2 0 1 2 47 47 0 0 0 0 0 0 -2147483648 
-2147483648 0 0 0 0 0 0 47 48 1 0 0 1 2 1 2 3 4 5 2 4 4 3 4 23 92 124 70 20 6 3 1 3 3 3 6 4 3 0 1 3 4 4 0 4 3 1 4 3 2 3 4 4 1 3 4 2 3 3 0 4 2 1 3 2 1 5 8 22 28 3 28 31 21 9 4 3 4 7 6 2 4 3 4 4 6 9 10 7 3 8 9 3 2 6 6 1 4 2 2 6 4 8 7 3 3 5 12 9 8 15 17 15 21 31 30 30 56 76 58 33 19 10 6 4 13 14 9 7 15 12 4 3 25 134 154 75 17 95 126 79 108 121 66 19 9 28 7 119 155 85 36 17 9 4 4 3 2 2 1 3 4 3 4 4 6 14 122 212 142 34 22 24 30 34 35 25 26 10 0 0 0 0 0 0 0 0 0 2 19 16 32 23 11 11 21 66 110 87 25 8 10 8 27 30 27 25 20 13 2 11 20 155 218 73 80 144 98 39 18 11 8 3 3 3 0 6 7 3 3 5 2 0 0 0 2 2 0 1 3 3 1 2 0 2 2 3 46 45 0 0 0 0 0 0 -2147483648 
-2147483648 0 0 0 0 0 0 46 48 2 0 0 2 0 3 3 1 4 6 2 4 4 2 3 21 90 127 73 20 7 4 3 2 3 4 4 6 4 1 3 4 4 1 4 3 2 3 4 4 2 3 4 1 0 3 4 4 1 4 1 4 4 2 3 4 4 7 13 25 36 36 33 13 3 3 3 3 4 6 7 4 6 3 3 3 6 7 7 6 3 11 8 1 3 7 4 2 4 4 3 5 3 8 7 3 2 6 10 8 6 16 19 13 18 29 30 27 39 65 71 44 22 12 6 12 16 10 2 13 15 7 2 1 10 76 153 133 50 38 111 118 107 82 43 18 8 11 14 52 150 130 56 26 13 6 4 4 3 1 2 2 1 3 6 7 14 81 197 178 49 6 17 15 22 26 19 13 18 12 0 0 0 0 0 0 0 0 0 1 14 15 10 13 15 12 42 96 108 53 6 11 3 23 31 25 22 22 18 10 4 15 61 202 176 14 121 135 66 23 11 10 5 3 1 2 1 3 4 4 3 5 3 2 2 2 3 1 0 0 1 3 3 3 2 3 3 3 46 44 0 0 0 0 0 0 -2147483648 
-2147483648 0 0 0 0 0 0 47 48 0 3 4 3 1 4 2 0 4 5 3 6 6 3 2 20 88 126 75 22 9 5 2 1 0 1 3 5 4 2 3 1 3 6 3 3 3 3 4 5 2 1 4 0 1 3 4 3 1 4 3 4 7 7 3 2 1 3 7 15 24 24 15 4 3 4 4 3 1 4 5 3 6 4 4 3 2 6 8 5 2 11 8 1 4 9 5 4 4 7 6 5 2 5 6 2 3 4 8 11 10 16 20 13 16 25 30 28 24 46 72 61 32 13 8 16 14 5 9 17 12 4 2 1 0 12 79 136 105 46 17 56 60 44 25 8 5 7 13 1 97 156 108 51 24 13 7 6 5 5 6 5 4 6 9 11 40 170 215 101 18 10 10 9 16 13 10 6 12 8 0 0 0 0 0 0 0 0 0 0 3 3 6 13 9 20 70 114 87 23 10 8 14 27 25 22 21 19 16 6 8 15 106 210 121 57 143 111 48 18 10 9 4 3 0 3 2 4 6 4 1 5 3 1 0 0 3 2 1 0 3 3 1 3 3 4 3 0 46 45 0 0 0 0 0 0 -2147483648 
-2147483648 0 0 0 0 0 0 48 48 2 2 0 0 2 3 3 2 4 3 0 3 6 4 3 20 81 124 81 26 10 6 1 3 4 3 3 4 3 1 3 4 2 6 6 3 3 3 3 5 2 1 4 1 4 4 4 2 4 4 4 3 5 7 4 3 2 0 1 3 4 4 1 0 1 3 4 4 1 3 4 4 3 0 3 4 3 6 9 7 2 10 9 1 7 7 1 1 3 4 6 6 3 6 8 4 3 3 4 7 9 16 19 14 18 22 27 29 22 39 66 61 34 9 12 14 4 9 15 15 6 3 3 4 1 4 39 106 119 68 22 4 8 16 17 18 18 16 16 19 23 118 155 97 43 21 10 6 4 4 6 7 8 10 17 74 162 214 135 11 3 12 4 13 3 11 25 26 27 9 0 0 0 0 0 0 0 0 0 1 6 12 16 13 13 42 98 110 52 3 8 7 25 29 21 18 20 18 13 2 13 40 155 196 53 107 144 81 29 13 8 5 4 3 3 3 4 2 4 4 1 2 3 3 1 2 3 0 3 3 6 4 2 4 3 0 3 4 47 47 0 0 0 0 0 0 -2147483648 
-2147483648 0 0 0 0 0 0 47 47 3 1 0 1 3 1 2 5 4 1 0 2 5 4 4 19 72 121 89 30 10 6 2 0 0 0 2 3 3 1 0 4 5 3 6 4 4 4 3 2 2 3 4 2 4 1 4 5 4 1 4 4 7 6 3 4 2 1 2 1 2 3 3 1 0 0 2 3 3 3 3 3 1 0 4 3 6 6 9 7 2 9 10 1 6 7 6 1 4 2 5 6 3 4 8 6 4 5 5 8 8 14 15 12 20 24 26 25 23 51 79 61 27 3 14 9 7 16 17 11 3 4 3 4 4 5 11 61 117 90 39 17 9 11 5 3 9 10 4 3 11 34 115 165 151 89 38 17 9 7 6 6 9 16 54 172 216 143 51 0 4 7 11 7 0 15 27 12 29 9 0 0 0 0 0 0 0 0 0 4 11 14 13 10 16 61 113 91 27 6 4 18 30 26 20 19 21 18 11 7 13 68 197 165 27 137 123 57 24 13 6 3 4 4 0 3 3 0 1 6 4 3 3 3 2 0 1 2 3 2 4 4 0 3 4 1 3 4 47 47 0 0 0 0 0 0 -2147483648 
-2147483648 0 0 0 0 0 0 45 45 3 1 0 2 3 3 4 6 3 0 0 3 6 7 8 15 66 121 92 31 11 7 2 0 0 0 1 3 4 3 0 4 7 2 4 2 1 0 0 0 1 4 3 2 4 1 4 4 4 3 3 3 5 4 1 4 4 1 0 1 4 3 0 3 1 0 2 1 3 4 4 3 3 2 3 1 4 9 8 4 2 7 9 4 3 5 6 1 4 4 4 4 4 6 4 3 6 9 8 7 6 11 13 12 18 24 27 25 34 74 82 43 12 14 11 4 15 18 13 4 1 4 3 1 4 9 9 36 104 104 49 26 16 8 2 6 14 9 2 3 10 13 29 108 180 167 91 43 23 17 16 27 94 171 207 208 121 14 1 2 1 3 2 1 0 13 25 29 18 4 0 0 0 0 0 0 0 8 16 15 11 11 7 7 30 88 113 59 3 9 7 29 27 20 18 18 20 13 4 11 29 127 212 87 96 145 88 32 16 9 2 1 4 4 3 3 3 3 1 5 7 4 4 3 3 2 1 1 4 7 6 3 0 1 4 3 1 3 45 45 0 0 0 0 0 0 -2147483648 
-2147483648 0 0 0 0 0 0 44 44 2 2 1 3 3 3 6 7 4 1 1 4 6 6 5 12 63 122 92 30 13 7 3 1 0 0 0 1 4 3 0 4 8 1 4 1 0 0 0 0 2 3 3 4 4 1 4 1 3 4 3 0 3 3 4 4 6 2 2 1 4 1 3 1 2 0 1 2 2 3 3 3 2 0 3 2 1 6 4 1 3 6 8 5 2 6 5 3 3 5 5 5 3 3 5 7 7 11 11 4 4 10 13 16 18 21 26 30 61 94 68 24 6 14 7 11 16 16 9 1 3 4 1 1 4 8 9 19 81 111 64 29 17 6 4 10 7 11 11 9 6 3 24 26 59 143 185 206 209 209 213 216 233 223 179 113 28 18 16 8 6 6 11 12 6 4 26 85 135 118 51 0 0 0 0 0 1 18 19 16 8 11 7 9 47 107 96 31 7 4 19 30 21 16 19 18 16 9 4 13 46 185 191 22 127 129 59 23 13 7 2 0 5 4 1 1 2 3 3 6 8 3 0 1 4 4 5 8 7 5 3 1 0 0 3 4 3 1 44 44 0 0 0 0 0 0 -2147483648 
-2147483648 0 0 0 0 0 0 44 45 3 1 3 4 3 4 6 3 2 2 2 4 5 6 6 13 62 122 93 31 13 6 3 2 0 0 1 4 4 3 3 6 8 3 4 3 0 0 0 0 1 3 4 6 3 2 3 3 4 7 7 5 3 1 1 4 6 3 0 1 4 3 2 0 1 2 2 3 3 2 4 3 2 3 2 2 1 5 4 3 1 6 7 4 2 4 6 1 0 3 6 7 4 5 6 4 7 14 12 2 2 9 12 14 17 18 20 27 80 102 48 13 13 6 9 17 17 13 7 1 3 4 4 6 6 6 15 21 57 111 86 30 16 11 7 3 3 4 1 2 0 3 12 23 19 32 99 154 187 199 199 189 140 52 16 26 22 7 8 7 13 18 15 14 8 25 103 166 166 178 131 16 0 0 0 0 3 19 13 9 1 10 10 24 73 112 67 8 11 11 29 36 18 15 20 18 13 5 9 20 102 219 118 82 141 99 33 16 12 6 3 3 6 3 1 3 4 4 6 6 5 2 0 2 3 2 1 3 3 4 3 0 3 4 3 1 2 2 44 44 0 0 0 0 0 0 -2147483648 
-2147483648 0 0 0 0 0 0 43 46 4 3 4 3 1 4 4 3 1 1 3 3 4 4 4 12 61 121 95 32 11 8 5 2 0 0 3 3 1 3 2 4 6 2 3 4 2 2 1 0 0 2 6 6 2 2 1 3 2 4 7 5 4 4 6 7 3 1 1 0 4 4 3 2 1 0 4 3 3 3 3 1 3 4 3 3 1 4 2 2 0 6 6 1 3 3 5 2 1 1 3 7 4 1 1 4 6 12 13 3 3 6 13 13 14 18 23 28 73 103 59 25 17 10 16 18 15 8 5 3 1 3 4 6 4 3 16 21 35 90 106 60 27 13 7 6 6 11 6 4 2 4 11 16 15 25 40 46 39 33 34 36 38 42 39 27 17 13 5 11 13 13 11 20 6 51 122 119 50 118 186 73 1 0 0 1 9 14 7 1 3 9 14 36 93 103 40 3 10 31 47 67 35 21 21 18 13 1 11 27 176 212 36 116 135 72 26 13 10 5 3 3 3 2 2 2 0 3 4 2 4 4 1 1 3 1 1 3 1 2 0 2 2 0 0 0 2 2 44 44 0 0 0 0 0 0 -2147483648 
-2147483648 0 0 0 0 0 0 42 46 6 2 1 3 3 4 2 2 1 3 4 3 3 4 4 12 59 119 96 33 11 8 6 2 0 0 3 3 1 3 3 4 6 3 1 4 5 0 2 0 1 3 5 6 2 1 2 1 0 0 3 3 4 4 4 2 3 1 2 0 3 4 3 1 3 2 2 4 3 1 2 1 3 6 1 2 2 4 2 1 3 7 6 1 3 5 4 1 2 0 1 5 3 3 3 3 4 10 14 5 5 4 12 13 14 18 27 31 59 106 82 30 16 20 20 17 11 4 4 3 0 1 3 4 1 3 13 30 30 48 100 91 39 17 13 10 11 7 28 57 68 52 26 18 19 17 16 25 40 42 40 40 38 26 9 16 16 20 26 14 4 13 23 13 19 71 114 94 52 53 174 108 2 0 1 7 14 10 4 4 3 8 22 59 105 79 12 11 31 65 48 80 46 28 23 18 9 9 16 83 224 142 68 139 111 42 15 9 8 3 4 4 2 3 3 1 1 4 3 0 1 4 4 3 3 3 3 4 4 4 3 1 1 3 4 4 4 4 44 43 0 0 0 0 0 0 -2147483648 
-2147483648 0 0 0 0 0 0 42 46 5 3 3 3 3 4 3 2 3 3 1 0 1 4 5 12 57 115 95 37 15 9 5 3 1 0 2 3 3 1 2 4 5 4 1 4 5 2 0 2 4 4 4 5 1 2 1 0 0 0 1 2 1 2 2 0 1 3 1 0 1 3 2 3 1 0 0 1 3 3 3 1 0 3 2 0 3 6 3 1 4 7 3 3 3 3 3 3 3 1 3 3 0 3 4 1 5 9 11 8 7 5 12 12 10 13 23 20 31 81 94 52 28 26 22 14 6 4 4 2 0 3 4 3 2 6 7 32 35 22 69 107 78 34 10 10 13 16 63 111 129 144 118 73 42 30 18 8 10 6 4 9 11 14 24 11 16 24 17 12 18 21 14 12 48 77 96 85 50 50 163 112 16 2 3 9 10 4 4 6 5 10 28 81 106 53 2 11 51 77 52 100 55 31 24 18 4 13 15 143 214 57 101 141 82 28 12 9 6 3 4 3 2 4 2 1 4 4 3 3 4 3 1 3 3 3 3 3 3 1 2 0 0 2 0 0 3 6 45 42 0 0 0 0 0 0 -2147483648 
-2147483648 0 0 0 0 0 0 42 46 4 0 2 3 3 5 4 2 3 3 3 3 5 4 5 11 54 112 95 38 16 11 6 3 3 3 3 3 2 1 3 3 4 4 2 4 4 0 1 3 6 3 2 4 0 0 2 0 0 0 0 0 3 3 3 1 2 1 0 0 1 4 4 1 0 1 2 1 0 4 3 4 3 4 3 4 4 8 4 6 4 5 1 4 3 4 4 3 3 2 2 3 4 7 6 4 4 6 9 7 7 5 12 12 8 10 19 16 18 54 94 78 41 29 20 11 4 4 4 2 1 6 4 2 4 5 3 22 42 30 33 86 109 69 23 10 6 36 108 121 87 109 140 130 90 55 33 22 11 6 13 13 15 19 33 23 13 1 10 17 26 14 31 73 81 68 82 76 28 63 140 106 21 1 6 10 6 5 6 4 4 12 43 99 93 26 9 26 76 76 57 112 63 33 24 15 5 15 50 184 173 25 129 124 52 18 9 7 5 4 4 1 3 4 1 2 3 3 4 3 0 1 3 4 1 1 3 4 4 4 3 1 1 3 3 1 2 4 46 44 0 0 0 0 0 0 -2147483648 
-2147483648 0 0 0 0 0 0 42 46 4 0 2 2 3 6 4 3 1 0 3 9 9 9 5 9 51 111 98 39 14 9 8 5 4 2 1 3 3 2 3 3 2 4 4 3 3 1 1 3 3 2 3 4 2 2 1 0 0 0 0 1 4 1 4 2 1 2 1 0 3 4 1 0 0 2 0 3 3 3 1 2 3 6 3 0 3 6 3 9 7 4 3 4 4 3 1 1 3 4 4 4 4 4 1 0 2 4 8 5 8 4 16 12 8 10 16 15 11 29 77 98 72 37 17 10 5 4 4 1 6 8 4 6 4 2 4 10 31 38 13 29 93 107 58 24 15 62 120 90 42 24 61 114 142 149 139 116 76 29 11 6 0 12 16 13 11 15 27 27 17 3 72 106 91 87 96 71 16 89 128 93 20 6 13 10 6 6 4 4 5 15 65 107 72 11 9 44 93 63 73 119 69 35 22 9 11 13 94 204 119 68 141 97 38 16 9 7 7 4 1 1 4 4 3 3 3 2 3 4 0 2 2 1 2 2 1 1 1 0 0 2 2 0 2 2 2 1 46 47 0 0 0 0 0 0 -2147483648 
-2147483648 0 0 0 0 0 0 42 45 4 1 2 3 4 5 4 2 0 1 4 9 6 1 3 8 47 110 102 40 12 8 7 6 6 6 3 3 3 2 4 2 1 3 4 2 3 3 1 1 3 2 4 4 0 0 0 0 0 0 0 3 4 3 6 6 4 3 3 0 4 4 0 1 2 3 3 7 6 4 2 3 3 3 6 7 4 1 7 8 7 7 4 3 6 4 0 1 4 7 3 1 4 4 3 1 3 4 6 4 6 3 17 13 8 9 13 12 10 23 48 88 105 75 38 18 10 7 6 5 8 4 4 8 3 1 10 14 9 33 30 4 44 107 94 45 16 57 118 81 32 15 11 44 87 123 147 154 124 55 13 1 8 14 7 3 16 22 18 8 9 60 133 120 84 84 68 6 77 107 97 66 13 14 13 4 1 4 3 6 9 28 84 101 44 4 17 68 97 37 83 124 73 36 20 4 13 31 147 197 38 121 133 64 23 11 6 8 6 1 0 3 4 3 2 0 3 4 5 3 0 1 3 1 0 0 2 3 2 1 0 1 3 1 1 3 3 2 46 47 0 0 0 0 0 0 -2147483648 
-2147483648 0 0 0 0 0 0 42 43 4 3 2 4 4 4 3 3 1 2 4 8 5 2 1 6 43 109 104 42 15 10 6 2 3 4 5 3 3 3 4 1 1 3 6 6 4 4 3 1 4 2 3 4 1 0 1 2 1 0 1 4 3 3 4 7 4 3 4 1 4 3 0 3 3 4 4 6 3 4 5 2 0 1 3 1 2 3 8 7 5 6 6 5 5 4 4 4 6 6 1 1 3 2 4 4 6 6 6 6 4 3 16 15 9 9 13 10 12 20 25 51 90 93 58 24 10 8 4 4 6 2 8 6 1 3 15 14 9 13 39 19 7 62 115 103 58 29 103 102 54 22 7 1 5 13 36 97 142 91 31 14 11 12 3 6 25 19 7 17 39 138 166 112 75 62 34 63 112 98 82 52 4 15 7 3 1 4 5 6 7 38 97 89 25 4 27 89 91 23 88 128 76 38 16 9 10 52 190 165 43 143 108 44 18 7 5 8 4 0 1 4 3 1 3 3 4 4 1 0 1 2 3 2 1 3 3 3 0 2 0 0 3 4 4 4 4 4 45 45 0 0 0 0 0 0 -2147483648 
-2147483648 0 0 0 0 0 0 42 43 4 3 2 4 4 3 3 3 2 2 5 7 3 2 3 7 42 108 106 46 18 9 4 4 4 4 4 3 4 4 4 3 2 6 4 4 3 4 3 3 3 3 3 6 3 0 2 0 2 1 3 3 3 4 3 4 4 4 3 3 3 1 1 4 3 3 3 2 3 3 4 3 0 2 6 6 3 4 7 6 2 2 6 6 4 2 0 0 4 4 2 6 4 3 2 1 4 6 5 5 7 5 17 13 10 12 13 7 11 21 23 32 68 94 62 25 10 6 4 6 3 6 8 2 3 8 21 17 10 7 28 35 7 24 77 117 93 20 65 116 89 38 14 6 4 4 12 65 129 107 50 30 17 10 3 5 25 17 13 17 125 178 113 50 33 11 61 117 109 75 57 18 14 13 3 2 2 4 5 6 11 58 107 71 9 10 49 100 72 9 92 133 79 38 10 16 14 104 213 91 112 145 73 25 13 4 4 8 4 0 2 3 3 1 1 3 4 3 2 0 2 0 4 2 2 3 3 3 2 3 2 3 4 3 0 0 0 0 44 44 0 0 0 0 0 0 -2147483648 
-2147483648 0 0 0 0 0 0 43 45 4 1 2 4 3 3 3 4 2 2 6 5 3 3 1 5 41 107 110 51 17 8 4 4 4 3 1 0 3 4 3 3 4 4 3 5 1 4 3 4 0 3 4 7 6 2 3 2 3 4 2 1 5 4 2 3 6 4 3 4 0 2 3 4 4 0 0 0 3 4 2 4 2 3 1 1 4 6 3 6 4 4 6 5 4 3 1 3 4 2 3 5 2 4 2 1 3 6 6 2 9 4 18 10 6 11 15 6 9 21 24 29 69 102 68 28 12 6 7 6 3 9 6 2 6 14 29 25 23 23 4 35 22 16 10 82 116 76 11 80 119 94 47 20 13 25 60 115 150 120 53 37 21 11 5 2 17 31 19 82 169 128 56 20 11 49 109 106 70 65 37 7 14 7 1 2 2 2 4 6 18 79 106 51 4 17 70 97 51 6 93 138 83 34 7 11 16 173 204 26 141 123 50 19 9 5 4 7 4 0 1 3 5 3 3 4 4 4 3 2 3 1 4 2 1 4 3 0 0 2 0 2 1 3 1 0 0 0 44 44 0 0 0 0 0 0 -2147483648 
-2147483648 0 0 0 0 0 0 44 46 2 0 2 3 3 3 3 4 3 2 5 4 3 3 3 4 37 106 115 55 16 8 3 0 0 1 3 4 3 4 6 4 2 3 4 7 3 4 4 4 3 2 1 5 6 4 4 4 4 2 2 1 4 4 3 1 6 6 4 3 3 2 3 3 4 1 0 0 1 4 3 2 2 0 2 2 3 1 1 4 1 4 6 6 4 3 2 4 1 2 3 6 2 4 1 3 3 6 5 3 7 7 19 13 7 7 13 7 8 19 23 28 62 110 91 38 16 6 4 3 9 9 2 6 13 27 38 24 23 26 15 25 35 12 17 45 108 113 52 27 96 127 86 38 54 105 142 141 109 73 23 22 17 6 5 9 27 26 42 149 159 72 26 4 40 104 116 70 52 59 23 16 9 0 2 4 2 2 3 7 34 95 94 29 8 35 87 84 33 6 92 140 86 25 13 6 77 220 125 98 147 89 29 11 7 7 4 5 4 0 0 3 5 4 3 3 3 3 2 3 2 2 4 2 0 4 4 1 3 3 2 3 1 2 2 0 1 3 43 43 0 0 0 0 0 0 -2147483648 
-2147483648 0 0 0 0 0 0 43 46 3 0 1 3 3 4 2 4 4 2 4 2 2 4 4 4 33 105 119 57 16 6 2 0 0 3 4 4 4 4 5 2 0 0 4 7 4 4 5 3 3 1 2 4 3 4 2 0 0 2 1 3 3 6 4 2 4 6 3 1 1 3 4 2 3 3 1 3 4 3 0 2 2 1 3 3 3 5 4 3 3 4 4 6 3 0 1 3 5 4 6 4 3 3 1 3 6 7 6 1 3 11 20 13 5 3 8 5 4 15 18 15 34 93 114 69 27 10 4 7 10 5 3 9 21 36 40 23 31 32 22 5 28 32 28 19 63 114 107 56 17 96 133 121 125 149 151 127 84 45 25 20 34 32 22 21 36 12 106 160 110 45 17 16 87 130 92 61 69 47 2 17 7 1 3 3 4 1 3 9 50 104 78 14 8 53 94 64 23 11 93 139 85 12 14 9 149 211 28 130 131 62 22 7 6 6 3 4 3 1 2 2 4 4 4 1 2 2 0 1 3 3 3 2 0 4 4 2 2 0 1 3 3 1 3 4 4 3 42 42 0 0 0 0 0 0 -2147483648 
-2147483648 0 0 0 0 0 0 42 46 4 0 0 2 4 4 3 4 3 2 4 2 2 4 3 4 32 103 120 60 16 6 3 0 0 4 4 0 0 2 4 2 0 0 3 6 4 3 2 3 3 2 1 4 4 3 3 0 0 1 2 1 3 6 1 0 1 4 3 2 1 4 3 3 2 4 3 4 4 3 3 1 2 1 3 6 6 4 6 1 3 3 4 4 2 1 0 1 3 5 7 3 4 4 3 1 3 6 8 2 4 13 20 9 4 5 7 6 5 13 16 12 20 60 115 98 38 16 8 8 8 4 9 18 33 39 29 4 35 37 21 8 10 15 8 6 30 81 129 90 23 46 95 117 106 92 83 59 43 24 22 13 23 33 31 24 18 71 149 123 55 22 14 72 128 108 44 35 50 23 21 13 5 4 2 2 5 1 7 17 66 107 59 3 17 70 88 42 12 21 93 135 76 10 4 40 195 152 69 145 99 35 16 6 4 4 4 4 1 2 0 1 4 4 4 4 4 4 3 1 0 1 3 1 0 3 4 3 1 0 2 2 4 0 0 0 3 4 43 42 0 0 0 0 0 0 -2147483648 
-2147483648 0 0 0 0 0 0 34 47 43 44 44 45 47 49 51 53 55 56 57 59 60 61 63 64 74 125 174 206 225 232 235 236 236 237 239 240 240 240 241 243 244 244 245 247 248 248 248 248 247 245 244 245 246 246 247 248 248 248 248 248 247 244 242 242 242 243 245 247 248 247 245 245 246 245 243 241 240 240 241 243 244 243 241 241 243 243 241 240 240 240 241 243 244 244 244 244 245 245 242 240 240 240 241 242 241 239 236 233 233 232 225 217 213 213 214 212 209 205 197 189 184 176 161 121 61 43 37 33 28 25 25 30 40 53 68 78 76 58 37 25 21 22 23 24 26 51 138 158 168 183 182 166 160 182 221 244 247 237 237 247 252 247 235 228 238 247 216 141 86 63 56 88 119 153 184 202 226 243 242 236 234 235 235 234 236 238 236 233 226 193 136 112 114 141 174 202 218 222 214 178 98 60 60 84 170 194 240 212 136 90 75 69 67 65 63 61 60 59 58 59 59 57 55 53 51 49 48 48 48 48 48 48 48 47 45 44 44 44 45 46 45 44 44 44 43 41 45 34 0 0 0 0 0 0 -2147483648 
-2147483648 0 0 0 0 0 0 16 36 47 48 48 48 49 51 53 55 56 57 59 60 61 63 64 65 78 121 176 214 229 233 235 236 236 237 239 240 240 241 243 244 244 244 244 245 247 248 248 247 245 244 244 244 244 245 247 248 248 248 248 248 247 245 244 244 244 245 247 248 247 245 245 247 247 245 243 241 240 241 243 244 244 244 245 247 247 244 240 238 239 241 243 244 244 244 244 245 246 244 241 240 241 243 243 241 240 239 236 235 237 233 223 217 217 218 216 212 208 203 198 194 189 179 149 99 62 47 38 32 29 29 33 42 57 70 77 73 60 43 30 25 25 29 32 30 29 42 104 171 195 190 187 187 189 197 220 243 249 246 249 252 252 247 238 239 237 201 138 88 66 58 68 111 162 192 203 211 221 228 231 232 232 233 235 236 236 235 232 223 194 149 119 115 125 158 195 214 217 207 173 117 74 67 63 97 181 227 201 139 96 80 73 69 68 67 65 64 64 64 64 64 63 61 60 59 56 53 53 55 56 55 53 52 52 52 52 52 52 52 52 51 49 48 48 48 48 47 36 16 0 0 0 0 0 0 -2147483648 
-2147483648 0 0 0 0 0 0 0 0 0 0 0 0 0 0 0 0 0 0 0 0 0 0 0 0 0 0 0 0 0 0 0 0 0 0 0 0 0 0 0 0 0 0 0 0 0 0 0 0 0 0 0 0 0 0 0 0 0 0 0 0 0 0 0 0 0 0 0 0 0 0 0 0 0 0 0 0 0 0 0 0 0 0 0 0 0 0 0 0 0 0 0 0 0 0 0 0 0 0 0 0 0 0 0 0 0 0 0 0 0 0 0 0 0 0 0 0 0 0 0 0 0 0 0 0 0 0 0 0 0 0 0 0 0 0 0 0 0 0 0 0 0 0 0 0 0 0 0 0 0 0 0 0 0 0 0 0 0 0 0 0 0 0 0 0 0 0 0 0 0 0 0 0 0 0 0 0 0 0 0 0 0 0 0 0 0 0 0 0 0 0 0 0 0 0 0 0 0 0 0 0 0 0 0 0 0 0 0 0 0 0 0 0 0 0 0 0 0 0 0 0 0 0 0 0 0 0 0 0 0 0 0 0 0 0 0 0 0 0 0 0 0 0 0 0 0 0 0 0 0 0 0 0 0 0 -2147483648 
-2147483648 0 0 0 0 0 0 0 0 0 0 0 0 0 0 0 0 0 0 0 0 0 0 0 0 0 0 0 0 0 0 0 0 0 0 0 0 0 0 0 0 0 0 0 0 0 0 0 0 0 0 0 0 0 0 0 0 0 0 0 0 0 0 0 0 0 0 0 0 0 0 0 0 0 0 0 0 0 0 0 0 0 0 0 0 0 0 0 0 0 0 0 0 0 0 0 0 0 0 0 0 0 0 0 0 0 0 0 0 0 0 0 0 0 0 0 0 0 0 0 0 0 0 0 0 0 0 0 0 0 0 0 0 0 0 0 0 0 0 0 0 0 0 0 0 0 0 0 0 0 0 0 0 0 0 0 0 0 0 0 0 0 0 0 0 0 0 0 0 0 0 0 0 0 0 0 0 0 0 0 0 0 0 0 0 0 0 0 0 0 0 0 0 0 0 0 0 0 0 0 0 0 0 0 0 0 0 0 0 0 0 0 0 0 0 0 0 0 0 0 0 0 0 0 0 0 0 0 0 0 0 0 0 0 0 0 0 0 0 0 0 0 0 0 0 0 0 0 0 0 0 0 0 0 0 -2147483648 
-2147483648 0 0 0 0 0 0 0 0 0 0 0 0 0 0 0 0 0 0 0 0 0 0 0 0 0 0 0 0 0 0 0 0 0 0 0 0 0 0 0 0 0 0 0 0 0 0 0 0 0 0 0 0 0 0 0 0 0 0 0 0 0 0 0 0 0 0 0 0 0 0 0 0 0 0 0 0 0 0 0 0 0 0 0 0 0 0 0 0 0 0 0 0 0 0 0 0 0 0 0 0 0 0 0 0 0 0 0 0 0 0 0 0 0 0 0 0 0 0 0 0 0 0 0 0 0 0 0 0 0 0 0 0 0 0 0 0 0 0 0 0 0 0 0 0 0 0 0 0 0 0 0 0 0 0 0 0 0 0 0 0 0 0 0 0 0 0 0 0 0 0 0 0 0 0 0 0 0 0 0 0 0 0 0 0 0 0 0 0 0 0 0 0 0 0 0 0 0 0 0 0 0 0 0 0 0 0 0 0 0 0 0 0 0 0 0 0 0 0 0 0 0 0 0 0 0 0 0 0 0 0 0 0 0 0 0 0 0 0 0 0 0 0 0 0 0 0 0 0 0 0 0 0 0 0 -2147483648 
-2147483648 0 0 0 0 0 0 0 0 0 0 0 0 0 0 0 0 0 0 0 0 0 0 0 0 0 0 0 0 0 0 0 0 0 0 0 0 0 0 0 0 0 0 0 0 0 0 0 0 0 0 0 0 0 0 0 0 0 0 0 0 0 0 0 0 0 0 0 0 0 0 0 0 0 0 0 0 0 0 0 0 0 0 0 0 0 0 0 0 0 0 0 0 0 0 0 0 0 0 0 0 0 0 0 0 0 0 0 0 0 0 0 0 0 0 0 0 0 0 0 0 0 0 0 0 0 0 0 0 0 0 0 0 0 0 0 0 0 0 0 0 0 0 0 0 0 0 0 0 0 0 0 0 0 0 0 0 0 0 0 0 0 0 0 0 0 0 0 0 0 0 0 0 0 0 0 0 0 0 0 0 0 0 0 0 0 0 0 0 0 0 0 0 0 0 0 0 0 0 0 0 0 0 0 0 0 0 0 0 0 0 0 0 0 0 0 0 0 0 0 0 0 0 0 0 0 0 0 0 0 0 0 0 0 0 0 0 0 0 0 0 0 0 0 0 0 0 0 0 0 0 0 0 0 0 -2147483648 
-2147483648 0 0 0 0 0 0 0 0 0 0 0 0 0 0 0 0 0 0 0 0 0 0 0 0 0 0 0 0 0 0 0 0 0 0 0 0 0 0 0 0 0 0 0 0 0 0 0 0 0 0 0 0 0 0 0 0 0 0 0 0 0 0 0 0 0 0 0 0 0 0 0 0 0 0 0 0 0 0 0 0 0 0 0 0 0 0 0 0 0 0 0 0 0 0 0 0 0 0 0 0 0 0 0 0 0 0 0 0 0 0 0 0 0 0 0 0 0 0 0 0 0 0 0 0 0 0 0 0 0 0 0 0 0 0 0 0 0 0 0 0 0 0 0 0 0 0 0 0 0 0 0 0 0 0 0 0 0 0 0 0 0 0 0 0 0 0 0 0 0 0 0 0 0 0 0 0 0 0 0 0 0 0 0 0 0 0 0 0 0 0 0 0 0 0 0 0 0 0 0 0 0 0 0 0 0 0 0 0 0 0 0 0 0 0 0 0 0 0 0 0 0 0 0 0 0 0 0 0 0 0 0 0 0 0 0 0 0 0 0 0 0 0 0 0 0 0 0 0 0 0 0 0 0 0 -2147483648 
-2147483648 0 0 0 0 0 0 0 0 0 0 0 0 0 0 0 0 0 0 0 0 0 0 0 0 0 0 0 0 0 0 0 0 0 0 0 0 0 0 0 0 0 0 0 0 0 0 0 0 0 0 0 0 0 0 0 0 0 0 0 0 0 0 0 0 0 0 0 0 0 0 0 0 0 0 0 0 0 0 0 0 0 0 0 0 0 0 0 0 0 0 0 0 0 0 0 0 0 0 0 0 0 0 0 0 0 0 0 0 0 0 0 0 0 0 0 0 0 0 0 0 0 0 0 0 0 0 0 0 0 0 0 0 0 0 0 0 0 0 0 0 0 0 0 0 0 0 0 0 0 0 0 0 0 0 0 0 0 0 0 0 0 0 0 0 0 0 0 0 0 0 0 0 0 0 0 0 0 0 0 0 0 0 0 0 0 0 0 0 0 0 0 0 0 0 0 0 0 0 0 0 0 0 0 0 0 0 0 0 0 0 0 0 0 0 0 0 0 0 0 0 0 0 0 0 0 0 0 0 0 0 0 0 0 0 0 0 0 0 0 0 0 0 0 0 0 0 0 0 0 0 0 0 0 0 -2147483648 
-2147483648 0 0 0 0 0 0 0 0 0 0 0 0 0 0 0 0 0 0 0 0 0 0 0 0 0 0 0 0 0 0 0 0 0 0 0 0 0 0 0 0 0 0 0 0 0 0 0 0 0 0 0 0 0 0 0 0 0 0 0 0 0 0 0 0 0 0 0 0 0 0 0 0 0 0 0 0 0 0 0 0 0 0 0 0 0 0 0 0 0 0 0 0 0 0 0 0 0 0 0 0 0 0 0 0 0 0 0 0 0 0 0 0 0 0 0 0 0 0 0 0 0 0 0 0 0 0 0 0 0 0 0 0 0 0 0 0 0 0 0 0 0 0 0 0 0 0 0 0 0 0 0 0 0 0 0 0 0 0 0 0 0 0 0 0 0 0 0 0 0 0 0 0 0 0 0 0 0 0 0 0 0 0 0 0 0 0 0 0 0 0 0 0 0 0 0 0 0 0 0 0 0 0 0 0 0 0 0 0 0 0 0 0 0 0 0 0 0 0 0 0 0 0 0 0 0 0 0 0 0 0 0 0 0 0 0 0 0 0 0 0 0 0 0 0 0 0 0 0 0 0 0 0 0 0 -2147483648 
-2147483648 0 0 0 0 0 0 0 0 0 0 0 0 0 0 0 0 0 0 0 0 0 0 0 0 0 0 0 0 0 0 0 0 0 0 0 0 0 0 0 0 0 0 0 0 0 0 0 0 0 0 0 0 0 0 0 0 0 0 0 0 0 0 0 0 0 0 0 0 0 0 0 0 0 0 0 0 0 0 0 0 0 0 0 0 0 0 0 0 0 0 0 0 0 0 0 0 0 0 0 0 0 0 0 0 0 0 0 0 0 0 0 0 0 0 0 0 0 0 0 0 0 0 0 0 0 0 0 0 0 0 0 0 0 0 0 0 0 0 0 0 0 0 0 0 0 0 0 0 0 0 0 0 0 0 0 0 0 0 0 0 0 0 0 0 0 0 0 0 0 0 0 0 0 0 0 0 0 0 0 0 0 0 0 0 0 0 0 0 0 0 0 0 0 0 0 0 0 0 0 0 0 0 0 0 0 0 0 0 0 0 0 0 0 0 0 0 0 0 0 0 0 0 0 0 0 0 0 0 0 0 0 0 0 0 0 0 0 0 0 0 0 0 0 0 0 0 0 0 0 0 0 0 0 0 -2147483648 
-2147483648 0 0 0 0 0 0 0 0 0 0 0 0 0 0 0 0 0 0 0 0 0 0 0 0 0 0 0 0 0 0 0 0 0 0 0 0 0 0 0 0 0 0 0 0 0 0 0 0 0 0 0 0 0 0 0 0 0 0 0 0 0 0 0 0 0 0 0 0 0 0 0 0 0 0 0 0 0 0 0 0 0 0 0 0 0 0 0 0 0 0 0 0 0 0 0 0 0 0 0 0 0 0 0 0 0 0 0 0 0 0 0 0 0 0 0 0 0 0 0 0 0 0 0 0 0 0 0 0 0 0 0 0 0 0 0 0 0 0 0 0 0 0 0 0 0 0 0 0 0 0 0 0 0 0 0 0 0 0 0 0 0 0 0 0 0 0 0 0 0 0 0 0 0 0 0 0 0 0 0 0 0 0 0 0 0 0 0 0 0 0 0 0 0 0 0 0 0 0 0 0 0 0 0 0 0 0 0 0 0 0 0 0 0 0 0 0 0 0 0 0 0 0 0 0 0 0 0 0 0 0 0 0 0 0 0 0 0 0 0 0 0 0 0 0 0 0 0 0 0 0 0 0 0 0 -2147483648 
-2147483648 0 0 0 0 0 0 0 0 0 0 0 0 0 0 0 0 0 0 0 0 0 0 0 0 0 0 0 0 0 0 0 0 0 0 0 0 0 0 0 0 0 0 0 0 0 0 0 0 0 0 0 0 0 0 0 0 0 0 0 0 0 0 0 0 0 0 0 0 0 0 0 0 0 0 0 0 0 0 0 0 0 0 0 0 0 0 0 0 0 0 0 0 0 0 0 0 0 0 0 0 0 0 0 0 0 0 0 0 0 0 0 0 0 0 0 0 0 0 0 0 0 0 0 0 0 0 0 0 0 0 0 0 0 0 0 0 0 0 0 0 0 0 0 0 0 0 0 0 0 0 0 0 0 0 0 0 0 0 0 0 0 0 0 0 0 0 0 0 0 0 0 0 0 0 0 0 0 0 0 0 0 0 0 0 0 0 0 0 0 0 0 0 0 0 0 0 0 0 0 0 0 0 0 0 0 0 0 0 0 0 0 0 0 0 0 0 0 0 0 0 0 0 0 0 0 0 0 0 0 0 0 0 0 0 0 0 0 0 0 0 0 0 0 0 0 0 0 0 0 0 0 0 0 0 -2147483648 
-2147483648 0 0 0 0 0 0 0 0 0 0 0 0 0 0 0 0 0 0 0 0 0 0 0 0 0 0 0 0 0 0 0 0 0 0 0 0 0 0 0 0 0 0 0 0 0 0 0 0 0 0 0 0 0 0 0 0 0 0 0 0 0 0 0 0 0 0 0 0 0 0 0 0 0 0 0 0 0 0 0 0 0 0 0 0 0 0 0 0 0 0 0 0 0 0 0 0 0 0 0 0 0 0 0 0 0 0 0 0 0 0 0 0 0 0 0 0 0 0 0 0 0 0 0 0 0 0 0 0 0 0 0 0 0 0 0 0 0 0 0 0 0 0 0 0 0 0 0 0 0 0 0 0 0 0 0 0 0 0 0 0 0 0 0 0 0 0 0 0 0 0 0 0 0 0 0 0 0 0 0 0 0 0 0 0 0 0 0 0 0 0 0 0 0 0 0 0 0 0 0 0 0 0 0 0 0 0 0 0 0 0 0 0 0 0 0 0 0 0 0 0 0 0 0 0 0 0 0 0 0 0 0 0 0 0 0 0 0 0 0 0 0 0 0 0 0 0 0 0 0 0 0 0 0 0 -2147483648 
-2147483648 0 0 0 0 0 0 0 0 0 0 0 0 0 0 0 0 0 0 0 0 0 0 0 0 0 0 0 0 0 0 0 0 0 0 0 0 0 0 0 0 0 0 0 0 0 0 0 0 0 0 0 0 0 0 0 0 0 0 0 0 0 0 0 0 0 0 0 0 0 0 0 0 0 0 0 0 0 0 0 0 0 0 0 0 0 0 0 0 0 0 0 0 0 0 0 0 0 0 0 0 0 0 0 0 0 0 0 0 0 0 0 0 0 0 0 0 0 0 0 0 0 0 0 0 0 0 0 0 0 0 0 0 0 0 0 0 0 0 0 0 0 0 0 0 0 0 0 0 0 0 0 0 0 0 0 0 0 0 0 0 0 0 0 0 0 0 0 0 0 0 0 0 0 0 0 0 0 0 0 0 0 0 0 0 0 0 0 0 0 0 0 0 0 0 0 0 0 0 0 0 0 0 0 0 0 0 0 0 0 0 0 0 0 0 0 0 0 0 0 0 0 0 0 0 0 0 0 0 0 0 0 0 0 0 0 0 0 0 0 0 0 0 0 0 0 0 0 0 0 0 0 0 0 0 -2147483648 
-2147483648 0 0 0 0 0 0 0 0 0 0 0 0 0 0 0 0 0 0 0 0 0 0 0 0 0 0 0 0 0 0 0 0 0 0 0 0 0 0 0 0 0 0 0 0 0 0 0 0 0 0 0 0 0 0 0 0 0 0 0 0 0 0 0 0 0 0 0 0 0 0 0 0 0 0 0 0 0 0 0 0 0 0 0 0 0 0 0 0 0 0 0 0 0 0 0 0 0 0 0 0 0 0 0 0 0 0 0 0 0 0 0 0 0 0 0 0 0 0 0 0 0 0 0 0 0 0 0 0 0 0 0 0 0 0 0 0 0 0 0 0 0 0 0 0 0 0 0 0 0 0 0 0 0 0 0 0 0 0 0 0 0 0 0 0 0 0 0 0 0 0 0 0 0 0 0 0 0 0 0 0 0 0 0 0 0 0 0 0 0 0 0 0 0 0 0 0 0 0 0 0 0 0 0 0 0 0 0 0 0 0 0 0 0 0 0 0 0 0 0 0 0 0 0 0 0 0 0 0 0 0 0 0 0 0 0 0 0 0 0 0 0 0 0 0 0 0 0 0 0 0 0 0 0 0 -2147483648 
-2147483648 0 0 0 0 0 0 0 0 0 0 0 0 0 0 0 0 0 0 0 0 0 0 0 0 0 0 0 0 0 0 0 0 0 0 0 0 0 0 0 0 0 0 0 0 0 0 0 0 0 0 0 0 0 0 0 0 0 0 0 0 0 0 0 0 0 0 0 0 0 0 0 0 0 0 0 0 0 0 0 0 0 0 0 0 0 0 0 0 0 0 0 0 0 0 0 0 0 0 0 0 0 0 0 0 0 0 0 0 0 0 0 0 0 0 0 0 0 0 0 0 0 0 0 0 0 0 0 0 0 0 0 0 0 0 0 0 0 0 0 0 0 0 0 0 0 0 0 0 0 0 0 0 0 0 0 0 0 0 0 0 0 0 0 0 0 0 0 0 0 0 0 0 0 0 0 0 0 0 0 0 0 0 0 0 0 0 0 0 0 0 0 0 0 0 0 0 0 0 0 0 0 0 0 0 0 0 0 0 0 0 0 0 0 0 0 0 0 0 0 0 0 0 0 0 0 0 0 0 0 0 0 0 0 0 0 0 0 0 0 0 0 0 0 0 0 0 0 0 0 0 0 0 0 0 -2147483648 
-2147483648 0 0 0 0 0 0 0 0 0 0 0 0 0 0 0 0 0 0 0 0 0 0 0 0 0 0 0 0 0 0 0 0 0 0 0 0 0 0 0 0 0 0 0 0 0 0 0 0 0 0 0 0 0 0 0 0 0 0 0 0 0 0 0 0 0 0 0 0 0 0 0 0 0 0 0 0 0 0 0 0 0 0 0 0 0 0 0 0 0 0 0 0 0 0 0 0 0 0 0 0 0 0 0 0 0 0 0 0 0 0 0 0 0 0 0 0 0 0 0 0 0 0 0 0 0 0 0 0 0 0 0 0 0 0 0 0 0 0 0 0 0 0 0 0 0 0 0 0 0 0 0 0 0 0 0 0 0 0 0 0 0 0 0 0 0 0 0 0 0 0 0 0 0 0 0 0 0 0 0 0 0 0 0 0 0 0 0 0 0 0 0 0 0 0 0 0 0 0 0 0 0 0 0 0 0 0 0 0 0 0 0 0 0 0 0 0 0 0 0 0 0 0 0 0 0 0 0 0 0 0 0 0 0 0 0 0 0 0 0 0 0 0 0 0 0 0 0 0 0 0 0 0 0 0 -2147483648 
-2147483648 0 0 0 0 0 0 0 0 0 0 0 0 0 0 0 0 0 0 0 0 0 0 0 0 0 0 0 0 0 0 0 0 0 0 0 0 0 0 0 0 0 0 0 0 0 0 0 0 0 0 0 0 0 0 0 0 0 0 0 0 0 0 0 0 0 0 0 0 0 0 0 0 0 0 0 0 0 0 0 0 0 0 0 0 0 0 0 0 0 0 0 0 0 0 0 0 0 0 0 0 0 0 0 0 0 0 0 0 0 0 0 0 0 0 0 0 0 0 0 0 0 0 0 0 0 0 0 0 0 0 0 0 0 0 0 0 0 0 0 0 0 0 0 0 0 0 0 0 0 0 0 0 0 0 0 0 0 0 0 0 0 0 0 0 0 0 0 0 0 0 0 0 0 0 0 0 0 0 0 0 0 0 0 0 0 0 0 0 0 0 0 0 0 0 0 0 0 0 0 0 0 0 0 0 0 0 0 0 0 0 0 0 0 0 0 0 0 0 0 0 0 0 0 0 0 0 0 0 0 0 0 0 0 0 0 0 0 0 0 0 0 0 0 0 0 0 0 0 0 0 0 0 0 0 -2147483648 
-2147483648 0 0 0 0 0 0 0 0 0 0 0 0 0 0 0 0 0 0 0 0 0 0 0 0 0 0 0 0 0 0 0 0 0 0 0 0 0 0 0 0 0 0 0 0 0 0 0 0 0 0 0 0 0 0 0 0 0 0 0 0 0 0 0 0 0 0 0 0 0 0 0 0 0 0 0 0 0 0 0 0 0 0 0 0 0 0 0 0 0 0 0 0 0 0 0 0 0 0 0 0 0 0 0 0 0 0 0 0 0 0 0 0 0 0 0 0 0 0 0 0 0 0 0 0 0 0 0 0 0 0 0 0 0 0 0 0 0 0 0 0 0 0 0 0 0 0 0 0 0 0 0 0 0 0 0 0 0 0 0 0 0 0 0 0 0 0 0 0 0 0 0 0 0 0 0 0 0 0 0 0 0 0 0 0 0 0 0 0 0 0 0 0 0 0 0 0 0 0 0 0 0 0 0 0 0 0 0 0 0 0 0 0 0 0 0 0 0 0 0 0 0 0 0 0 0 0 0 0 0 0 0 0 0 0 0 0 0 0 0 0 0 0 0 0 0 0 0 0 0 0 0 0 0 0 -2147483648 
-2147483648 0 0 0 0 0 0 0 0 0 0 0 0 0 0 0 0 0 0 0 0 0 0 0 0 0 0 0 0 0 0 0 0 0 0 0 0 0 0 0 0 0 0 0 0 0 0 0 0 0 0 0 0 0 0 0 0 0 0 0 0 0 0 0 0 0 0 0 0 0 0 0 0 0 0 0 0 0 0 0 0 0 0 0 0 0 0 0 0 0 0 0 0 0 0 0 0 0 0 0 0 0 0 0 0 0 0 0 0 0 0 0 0 0 0 0 0 0 0 0 0 0 0 0 0 0 0 0 0 0 0 0 0 0 0 0 0 0 0 0 0 0 0 0 0 0 0 0 0 0 0 0 0 0 0 0 0 0 0 0 0 0 0 0 0 0 0 0 0 0 0 0 0 0 0 0 0 0 0 0 0 0 0 0 0 0 0 0 0 0 0 0 0 0 0 0 0 0 0 0 0 0 0 0 0 0 0 0 0 0 0 0 0 0 0 0 0 0 0 0 0 0 0 0 0 0 0 0 0 0 0 0 0 0 0 0 0 0 0 0 0 0 0 0 0 0 0 0 0 0 0 0 0 0 0 -2147483648 
-2147483648 0 0 0 0 0 0 0 0 0 0 0 0 0 0 0 0 0 0 0 0 0 0 0 0 0 0 0 0 0 0 0 0 0 0 0 0 0 0 0 0 0 0 0 0 0 0 0 0 0 0 0 0 0 0 0 0 0 0 0 0 0 0 0 0 0 0 0 0 0 0 0 0 0 0 0 0 0 0 0 0 0 0 0 0 0 0 0 0 0 0 0 0 0 0 0 0 0 0 0 0 0 0 0 0 0 0 0 0 0 0 0 0 0 0 0 0 0 0 0 0 0 0 0 0 0 0 0 0 0 0 0 0 0 0 0 0 0 0 0 0 0 0 0 0 0 0 0 0 0 0 0 0 0 0 0 0 0 0 0 0 0 0 0 0 0 0 0 0 0 0 0 0 0 0 0 0 0 0 0 0 0 0 0 0 0 0 0 0 0 0 0 0 0 0 0 0 0 0 0 0 0 0 0 0 0 0 0 0 0 0 0 0 0 0 0 0 0 0 0 0 0 0 0 0 0 0 0 0 0 0 0 0 0 0 0 0 0 0 0 0 0 0 0 0 0 0 0 0 0 0 0 0 0 0 -2147483648 
-2147483648 0 0 0 0 0 0 0 0 0 0 0 0 0 0 0 0 0 0 0 0 0 0 0 0 0 0 0 0 0 0 0 0 0 0 0 0 0 0 0 0 0 0 0 0 0 0 0 0 0 0 0 0 0 0 0 0 0 0 0 0 0 0 0 0 0 0 0 0 0 0 0 0 0 0 0 0 0 0 0 0 0 0 0 0 0 0 0 0 0 0 0 0 0 0 0 0 0 0 0 0 0 0 0 0 0 0 0 0 0 0 0 0 0 0 0 0 0 0 0 0 0 0 0 0 0 0 0 0 0 0 0 0 0 0 0 0 0 0 0 0 0 0 0 0 0 0 0 0 0 0 0 0 0 0 0 0 0 0 0 0 0 0 0 0 0 0 0 0 0 0 0 0 0 0 0 0 0 0 0 0 0 0 0 0 0 0 0 0 0 0 0 0 0 0 0 0 0 0 0 0 0 0 0 0 0 0 0 0 0 0 0 0 0 0 0 0 0 0 0 0 0 0 0 0 0 0 0 0 0 0 0 0 0 0 0 0 0 0 0 0 0 0 0 0 0 0 0 0 0 0 0 0 0 0 -2147483648 
-2147483648 0 0 0 0 0 0 0 0 0 0 0 0 0 0 0 0 0 0 0 0 0 0 0 0 0 0 0 0 0 0 0 0 0 0 0 0 0 0 0 0 0 0 0 0 0 0 0 0 0 0 0 0 0 0 0 0 0 0 0 0 0 0 0 0 0 0 0 0 0 0 0 0 0 0 0 0 0 0 0 0 0 0 0 0 0 0 0 0 0 0 0 0 0 0 0 0 0 0 0 0 0 0 0 0 0 0 0 0 0 0 0 0 0 0 0 0 0 0 0 0 0 0 0 0 0 0 0 0 0 0 0 0 0 0 0 0 0 0 0 0 0 0 0 0 0 0 0 0 0 0 0 0 0 0 0 0 0 0 0 0 0 0 0 0 0 0 0 0 0 0 0 0 0 0 0 0 0 0 0 0 0 0 0 0 0 0 0 0 0 0 0 0 0 0 0 0 0 0 0 0 0 0 0 0 0 0 0 0 0 0 0 0 0 0 0 0 0 0 0 0 0 0 0 0 0 0 0 0 0 0 0 0 0 0 0 0 0 0 0 0 0 0 0 0 0 0 0 0 0 0 0 0 0 0 -2147483648 
-2147483648 -2147483648 -2147483648 -2147483648 -2147483648 -2147483648 -2147483648 -2147483648 -2147483648 -2147483648 -2147483648 -2147483648 -2147483648 -2147483648 -2147483648 -2147483648 -2147483648 -2147483648 -2147483648 -2147483648 -2147483648 -2147483648 -2147483648 -2147483648 -2147483648 -2147483648 -2147483648 -2147483648 -2147483648 -2147483648 -2147483648 -2147483648 -2147483648 -2147483648 -2147483648 -2147483648 -2147483648 -2147483648 -2147483648 -2147483648 -2147483648 -2147483648 -2147483648 -2147483648 -2147483648 -2147483648 -2147483648 -2147483648 -2147483648 -2147483648 -2147483648 -2147483648 -2147483648 -2147483648 -2147483648 -2147483648 -2147483648 -2147483648 -2147483648 -2147483648 -2147483648 -2147483648 -2147483648 -2147483648 -2147483648 -2147483648 -2147483648 -2147483648 -2147483648 -2147483648 -2147483648 -2147483648 -2147483648 -2147483648 -2147483648 -2147483648 -2147483648 -2147483648 -2147483648 -2147483648 -2147483648 -2147483648 -2147483648 -2147483648 -2147483648 -2147483648 -2147483648 -2147483648 -2147483648 -2147483648 -2147483648 -2147483648 -2147483648 -2147483648 -2147483648 -2147483648 -2147483648 -2147483648 -2147483648 -2147483648 -2147483648 -2147483648 -2147483648 -2147483648 -2147483648 -2147483648 -2147483648 -2147483648 -2147483648 -2147483648 -2147483648 -2147483648 -2147483648 -2147483648 -2147483648 -2147483648 -2147483648 -2147483648 -2147483648 -2147483648 -2147483648 -2147483648 -2147483648 -2147483648 -2147483648 -2147483648 -2147483648 -2147483648 -2147483648 -2147483648 -2147483648 -2147483648 -2147483648 -2147483648 -2147483648 -2147483648 -2147483648 -2147483648 -2147483648 -2147483648 -2147483648 -2147483648 -2147483648 -2147483648 -2147483648 -2147483648 -2147483648 -2147483648 -2147483648 -2147483648 -2147483648 -2147483648 -2147483648 -2147483648 -2147483648 -2147483648 -2147483648 -2147483648 -2147483648 -2147483648 -2147483648 -2147483648 -2147483648 -2147483648 -2147483648 -2147483648 -2147483648 -2147483648 -2147483648 -2147483648 -2147483648 -2147483648 -2147483648 -2147483648 -2147483648 -2147483648 -2147483648 -2147483648 -2147483648 -2147483648 -2147483648 -2147483648 -2147483648 -2147483648 -2147483648 -2147483648 -2147483648 -2147483648 -2147483648 -2147483648 -2147483648 -2147483648 -2147483648 -2147483648 -2147483648 -2147483648 -2147483648 -2147483648 -2147483648 -2147483648 -2147483648 -2147483648 -2147483648 -2147483648 -2147483648 -2147483648 -2147483648 -2147483648 -2147483648 -2147483648 -2147483648 -2147483648 -2147483648 -2147483648 -2147483648 -2147483648 -2147483648 -2147483648 -2147483648 -2147483648 -2147483648 -2147483648 -2147483648 -2147483648 -2147483648 -2147483648 -2147483648 -2147483648 -2147483648 -2147483648 -2147483648 -2147483648 -2147483648 -2147483648 -2147483648 -2147483648 -2147483648 -2147483648 -2147483648 -2147483648 -2147483648 -2147483648 -2147483648 -2147483648 -2147483648 -2147483648 -2147483648 -2147483648 -2147483648 -2147483648 -2147483648 -2147483648 -2147483648 -2147483648 -2147483648 -2147483648 
