Type=GDR 2.0
Nb.Pixel/Ligne=256
Nb.Lignes=256
Nb.Bits=8
 
-2147483648 -2147483648 -2147483648 -2147483648 -2147483648 -2147483648 -2147483648 -2147483648 -2147483648 -2147483648 -2147483648 -2147483648 -2147483648 -2147483648 -2147483648 -2147483648 -2147483648 -2147483648 -2147483648 -2147483648 -2147483648 -2147483648 -2147483648 -2147483648 -2147483648 -2147483648 -2147483648 -2147483648 -2147483648 -2147483648 -2147483648 -2147483648 -2147483648 -2147483648 -2147483648 -2147483648 -2147483648 -2147483648 -2147483648 -2147483648 -2147483648 -2147483648 -2147483648 -2147483648 -2147483648 -2147483648 -2147483648 -2147483648 -2147483648 -2147483648 -2147483648 -2147483648 -2147483648 -2147483648 -2147483648 -2147483648 -2147483648 -2147483648 -2147483648 -2147483648 -2147483648 -2147483648 -2147483648 -2147483648 -2147483648 -2147483648 -2147483648 -2147483648 -2147483648 -2147483648 -2147483648 -2147483648 -2147483648 -2147483648 -2147483648 -2147483648 -2147483648 -2147483648 -2147483648 -2147483648 -2147483648 -2147483648 -2147483648 -2147483648 -2147483648 -2147483648 -2147483648 -2147483648 -2147483648 -2147483648 -2147483648 -2147483648 -2147483648 -2147483648 -2147483648 -2147483648 -2147483648 -2147483648 -2147483648 -2147483648 -2147483648 -2147483648 -2147483648 -2147483648 -2147483648 -2147483648 -2147483648 -2147483648 -2147483648 -2147483648 -2147483648 -2147483648 -2147483648 -2147483648 -2147483648 -2147483648 -2147483648 -2147483648 -2147483648 -2147483648 -2147483648 -2147483648 -2147483648 -2147483648 -2147483648 -2147483648 -2147483648 -2147483648 -2147483648 -2147483648 -2147483648 -2147483648 -2147483648 -2147483648 -2147483648 -2147483648 -2147483648 -2147483648 -2147483648 -2147483648 -2147483648 -2147483648 -2147483648 -2147483648 -2147483648 -2147483648 -2147483648 -2147483648 -2147483648 -2147483648 -2147483648 -2147483648 -2147483648 -2147483648 -2147483648 -2147483648 -2147483648 -2147483648 -2147483648 -2147483648 -2147483648 -2147483648 -2147483648 -2147483648 -2147483648 -2147483648 -2147483648 -2147483648 -2147483648 -2147483648 -2147483648 -2147483648 -2147483648 -2147483648 -2147483648 -2147483648 -2147483648 -2147483648 -2147483648 -2147483648 -2147483648 -2147483648 -2147483648 -2147483648 -2147483648 -2147483648 -2147483648 -2147483648 -2147483648 -2147483648 -2147483648 -2147483648 -2147483648 -2147483648 -2147483648 -2147483648 -2147483648 -2147483648 -2147483648 -2147483648 -2147483648 -2147483648 -2147483648 -2147483648 -2147483648 -2147483648 -2147483648 -2147483648 -2147483648 -2147483648 -2147483648 -2147483648 -2147483648 -2147483648 -2147483648 -2147483648 -2147483648 -2147483648 -2147483648 -2147483648 -2147483648 -2147483648 -2147483648 -2147483648 -2147483648 -2147483648 -2147483648 -2147483648 -2147483648 -2147483648 -2147483648 -2147483648 -2147483648 -2147483648 -2147483648 -2147483648 -2147483648 -2147483648 -2147483648 -2147483648 -2147483648 -2147483648 -2147483648 -2147483648 -2147483648 -2147483648 -2147483648 -2147483648 -2147483648 -2147483648 -2147483648 -2147483648 -2147483648 -2147483648 -2147483648 -2147483648 
-2147483648 0 0 0 0 0 0 0 0 0 0 0 0 0 0 0 0 0 0 0 0 0 0 0 0 0 0 1 0 0 0 0 0 1 3 2 0 0 0 0 1 2 0 0 0 1 0 0 0 0 0 0 0 0 0 0 0 0 0 0 0 0 0 0 0 0 0 0 0 0 0 0 0 0 0 0 0 0 0 0 0 0 0 0 0 0 0 0 0 0 0 0 0 0 0 0 0 0 0 0 0 0 0 0 0 0 0 0 0 1 7 7 2 0 0 0 0 0 0 0 0 0 0 0 1 17 38 20 0 0 0 0 0 0 0 0 0 0 0 0 0 0 0 0 0 0 0 0 0 0 1 3 4 4 5 7 9 11 13 16 20 24 30 41 47 35 17 8 4 2 1 0 0 0 0 0 0 0 0 0 0 0 0 0 0 0 0 0 0 0 0 0 0 0 0 0 0 0 0 0 1 3 4 3 1 0 0 0 0 0 0 0 0 0 0 0 0 0 0 1 2 1 0 0 0 0 0 0 0 0 0 2 1 0 0 0 0 0 0 0 0 1 3 4 3 1 0 0 0 0 0 0 0 0 0 -2147483648 
-2147483648 0 0 0 0 0 0 0 0 1 2 1 0 0 0 0 1 3 4 3 1 0 1 2 1 0 1 2 1 0 0 0 0 0 0 0 0 0 0 0 0 0 0 0 0 0 0 0 0 0 0 0 0 0 0 0 0 0 0 0 0 0 0 0 0 0 0 0 0 0 0 0 0 0 0 0 0 0 0 0 0 0 0 0 0 0 0 0 0 0 0 0 0 0 0 0 0 0 0 0 0 0 0 0 0 0 0 0 0 0 1 1 0 0 0 0 0 0 0 0 0 0 0 0 0 13 35 28 0 0 0 2 0 0 0 0 0 0 1 3 4 4 5 7 9 11 12 12 13 15 17 19 21 24 27 29 32 37 43 48 54 62 70 80 84 66 35 15 8 4 0 0 0 0 0 0 0 0 0 0 0 0 0 0 0 0 0 0 0 0 0 0 0 1 2 1 0 0 1 2 1 0 0 0 0 0 0 0 0 0 0 0 0 0 0 0 0 0 0 0 0 2 1 0 0 0 0 0 0 0 0 0 0 0 0 0 1 3 4 3 1 0 0 0 0 0 0 0 0 0 0 0 0 0 0 -2147483648 
-2147483648 0 0 0 0 0 0 0 0 0 0 0 1 3 4 3 1 0 1 2 1 0 0 1 3 3 1 0 0 0 0 0 0 0 0 0 0 0 0 0 0 0 0 0 0 0 0 0 0 0 0 0 0 0 0 0 0 0 0 0 0 0 0 0 0 0 0 0 0 0 0 0 0 0 0 0 1 3 4 4 4 4 4 4 4 4 4 4 3 1 0 0 0 1 3 3 1 2 0 0 0 0 0 0 0 2 4 4 2 0 0 0 0 0 0 0 0 0 0 0 0 0 0 1 12 34 40 15 0 4 14 12 10 11 12 12 13 16 19 21 23 25 28 32 35 37 40 44 48 53 59 64 69 76 83 89 96 104 112 120 127 133 138 133 103 57 25 12 6 3 1 1 2 1 0 0 0 1 2 1 1 2 1 0 0 0 0 0 1 2 1 0 1 3 3 1 0 0 0 0 0 0 0 0 0 0 0 0 0 0 1 2 1 0 0 0 0 0 0 0 0 0 1 2 1 0 0 1 3 4 3 1 0 0 0 0 0 0 0 0 0 0 0 0 0 0 0 0 0 0 0 0 0 0 0 -2147483648 
-2147483648 0 0 0 0 0 0 0 0 0 0 0 0 0 0 0 0 0 0 0 0 0 0 0 0 0 0 0 0 0 0 0 1 1 0 0 0 0 0 2 4 3 1 0 0 0 2 4 1 0 0 0 0 0 0 0 0 0 0 1 2 1 0 0 1 3 4 4 4 4 4 4 4 4 5 7 7 6 6 6 7 8 9 11 11 9 8 8 8 7 5 4 4 4 4 4 5 8 8 0 0 0 0 0 0 2 5 6 2 0 0 0 0 4 4 5 7 8 8 9 11 12 13 16 25 43 50 29 12 23 37 39 38 40 44 48 53 59 64 69 75 81 87 93 99 104 109 115 120 125 130 133 135 137 140 143 145 147 148 148 148 148 144 129 98 56 24 11 5 3 5 4 1 0 1 2 1 0 1 3 3 2 2 2 3 3 2 3 3 0 0 0 1 2 1 0 1 3 3 1 0 0 0 0 0 0 0 0 0 0 0 0 0 0 0 0 0 0 1 2 1 0 0 0 0 0 0 0 0 0 0 0 0 0 0 0 0 0 0 0 0 0 0 0 0 0 0 0 0 0 0 0 0 0 0 -2147483648 
-2147483648 0 0 0 0 0 0 0 0 0 0 0 0 0 0 0 1 1 0 0 0 0 0 0 0 0 0 0 1 1 0 0 0 0 0 0 0 0 0 0 0 0 0 0 1 6 13 15 11 6 5 6 5 4 4 4 4 4 5 7 7 5 4 5 7 8 8 8 8 8 8 8 8 9 11 12 11 9 8 8 8 8 8 8 8 9 10 9 9 11 12 12 12 11 9 9 12 12 7 0 0 0 0 0 0 0 0 0 0 0 0 7 17 21 23 25 28 31 34 39 44 48 53 61 73 73 47 30 52 84 98 102 107 112 116 121 126 128 129 132 136 139 140 140 140 140 140 140 140 138 133 128 123 117 112 108 103 97 92 88 83 75 63 47 28 12 5 3 2 3 4 3 1 0 0 0 0 1 1 1 2 1 0 0 0 0 0 0 0 0 0 0 0 0 0 0 0 0 0 1 3 4 4 2 0 0 0 0 1 2 1 0 0 0 0 0 0 0 0 0 0 1 2 2 3 3 1 0 0 0 0 0 0 0 0 0 0 0 0 0 0 0 0 0 0 0 0 0 0 0 0 0 0 0 0 -2147483648 
-2147483648 0 0 0 0 0 0 0 0 0 0 0 0 0 0 0 0 0 1 2 1 1 2 1 0 0 0 0 0 0 0 1 2 2 3 3 1 0 0 0 0 0 0 0 1 6 15 20 16 10 8 8 8 7 6 7 8 9 11 11 10 11 12 12 11 9 9 12 14 13 12 12 12 12 11 10 12 14 14 14 13 12 12 12 13 16 19 20 20 21 23 24 25 26 25 24 24 23 22 22 16 0 0 0 0 0 0 0 0 0 12 41 61 71 77 83 88 93 100 107 113 120 127 133 138 124 81 49 66 108 133 140 143 144 144 143 139 133 128 123 118 115 111 104 96 89 84 81 78 72 65 60 56 51 46 43 40 37 37 38 34 24 15 11 8 6 6 4 2 3 4 4 4 4 3 1 0 0 0 0 0 0 0 0 0 0 2 1 0 0 2 3 0 0 0 0 0 0 0 0 0 0 0 0 0 0 0 1 3 3 1 0 0 0 0 0 0 0 0 0 0 0 0 0 0 0 0 0 0 1 3 4 3 1 0 0 0 0 0 0 0 0 0 0 0 0 0 0 0 0 0 0 0 0 0 -2147483648 
-2147483648 0 0 0 0 0 0 0 0 0 0 0 0 0 1 2 1 0 0 0 0 0 0 0 0 0 0 0 0 0 0 0 0 0 0 0 0 0 0 0 0 0 0 0 1 7 19 23 14 8 7 6 7 8 9 11 12 13 13 10 9 11 12 12 12 13 15 17 19 20 20 21 23 24 24 24 24 24 24 25 27 28 29 31 33 35 37 39 41 44 46 46 49 54 56 57 59 63 70 75 73 60 38 15 0 0 0 5 24 58 95 122 135 139 141 143 143 142 142 141 139 138 138 136 122 87 50 43 64 83 88 88 86 81 76 71 65 60 55 49 44 41 38 33 29 28 27 24 20 18 18 17 16 15 12 10 12 16 17 12 4 0 0 0 1 4 6 6 6 6 6 4 1 0 0 1 2 0 0 0 0 0 0 0 0 0 0 0 0 0 0 0 0 1 2 1 0 0 0 0 0 0 0 0 0 0 0 0 0 1 2 1 0 1 2 0 0 0 2 1 0 0 0 0 0 0 0 1 1 0 0 0 0 0 0 0 0 0 0 0 0 0 0 0 0 0 0 0 0 0 0 0 0 0 0 -2147483648 
-2147483648 0 0 0 0 0 0 0 0 0 0 1 2 1 0 0 0 0 0 0 0 0 0 0 0 0 0 0 0 0 0 0 0 0 0 0 0 0 0 1 2 0 0 0 0 0 9 25 25 17 12 10 11 12 12 14 18 19 18 19 19 17 17 20 23 25 27 28 29 31 33 36 40 43 45 46 46 48 52 55 57 60 63 66 71 76 80 84 89 96 102 106 110 115 122 127 128 129 132 136 139 137 125 105 86 71 58 51 58 79 103 120 126 124 119 112 106 101 94 87 80 73 68 64 57 43 26 17 20 26 29 31 31 28 23 18 16 16 15 13 11 8 5 4 4 5 6 5 3 2 3 4 4 4 3 3 7 11 11 7 1 0 0 0 0 0 4 7 6 2 1 2 1 0 0 0 0 0 0 0 0 0 0 0 1 1 0 0 0 0 0 0 2 3 1 0 0 0 0 0 0 0 0 0 0 0 0 0 0 0 0 0 0 0 0 0 0 0 0 0 0 0 0 0 0 0 0 0 0 0 0 0 0 0 0 0 0 0 0 0 0 0 0 0 0 0 0 0 0 0 0 0 0 0 0 -2147483648 
-2147483648 0 0 0 0 0 0 0 0 0 0 0 0 0 0 0 0 0 0 0 0 0 0 0 0 0 0 0 0 0 0 0 0 0 0 0 0 0 0 0 0 0 0 0 0 1 15 33 35 26 22 23 24 24 24 25 27 28 29 32 35 37 40 43 45 47 50 54 57 61 67 72 76 79 82 87 94 102 108 112 116 120 123 125 127 128 129 132 134 133 133 135 134 131 131 131 128 124 120 116 111 103 91 78 67 56 45 41 46 52 54 52 48 44 40 36 33 31 28 24 21 19 17 15 12 8 5 4 4 5 7 7 5 4 4 3 2 2 2 2 2 2 2 3 4 3 2 2 2 2 1 0 0 0 1 4 7 7 5 3 2 2 0 0 0 1 4 5 2 0 0 0 0 0 0 0 0 0 0 1 2 1 0 0 0 0 0 0 0 0 0 0 1 2 0 0 0 0 0 0 0 0 0 0 0 0 0 0 0 0 0 0 0 0 0 1 2 1 0 0 0 0 0 0 0 0 0 0 0 0 0 0 0 0 0 0 0 0 0 0 0 0 0 0 0 0 0 0 0 0 0 0 0 0 0 -2147483648 
-2147483648 0 0 0 0 0 0 0 0 0 0 0 0 0 0 0 0 0 0 0 0 0 0 0 0 0 0 0 0 0 0 0 0 0 0 0 0 0 0 0 0 0 0 0 0 3 13 35 51 53 51 49 48 49 51 53 56 61 66 69 73 80 87 92 97 103 108 112 116 121 126 128 128 129 130 130 132 134 132 130 130 128 124 120 116 111 105 100 95 88 82 78 73 68 64 60 56 52 48 44 40 36 31 26 23 19 14 13 15 16 15 12 9 8 9 10 8 5 4 4 4 4 4 4 4 4 4 3 2 3 4 3 1 0 1 3 4 4 4 4 4 4 4 4 4 3 2 2 2 2 1 0 0 0 1 3 5 6 4 2 3 4 2 0 0 0 1 4 6 5 4 3 0 0 0 0 0 0 0 0 0 0 0 0 0 0 0 0 0 0 0 0 0 0 0 0 0 0 0 0 0 0 0 0 0 0 0 0 0 0 0 0 0 0 0 0 0 0 0 0 0 0 0 0 0 0 0 0 0 0 0 0 0 0 0 0 0 0 0 0 0 0 0 0 0 0 0 0 0 0 0 0 0 0 0 -2147483648 
-2147483648 0 0 0 0 0 0 0 0 0 0 0 0 0 0 0 0 0 0 0 0 0 0 0 0 0 0 0 0 0 0 0 0 0 0 0 0 0 0 0 0 0 0 0 0 0 19 55 82 94 99 101 104 109 115 119 122 127 132 135 136 137 138 137 136 135 132 128 125 122 118 114 109 104 99 93 86 78 72 67 61 56 52 48 44 40 36 32 29 27 25 23 21 18 14 12 11 8 5 4 4 4 3 1 0 0 0 0 0 0 0 1 3 4 3 1 0 0 0 0 1 3 4 3 1 0 0 0 0 0 0 0 1 3 3 2 2 2 3 4 3 1 0 1 2 1 0 0 0 0 0 0 0 0 1 2 1 0 0 1 3 2 0 0 0 0 1 4 5 2 0 0 0 0 0 0 0 0 0 0 0 0 0 0 0 0 0 0 0 0 0 0 0 0 0 0 0 0 0 0 0 0 0 0 0 0 1 1 0 0 0 0 0 0 0 0 0 0 0 0 0 0 0 0 0 0 0 0 0 0 0 0 0 0 0 0 0 0 0 0 0 0 0 0 0 0 0 0 0 0 0 0 0 0 0 -2147483648 
-2147483648 0 0 0 0 0 0 0 0 0 0 0 0 0 1 1 0 0 0 0 0 0 0 0 0 0 0 0 0 0 0 0 0 0 0 0 0 0 0 0 0 0 0 0 0 0 1 32 81 116 131 138 140 139 137 134 129 124 120 117 115 110 101 93 87 80 73 66 59 54 49 44 40 36 33 31 27 19 11 9 11 12 12 11 9 8 8 8 8 8 8 7 5 3 1 1 3 3 1 0 0 0 1 1 0 0 0 0 0 0 0 1 3 3 0 0 0 1 2 1 0 0 0 0 0 0 0 0 0 0 0 0 0 0 0 0 0 0 0 0 0 0 0 0 1 3 3 1 0 0 0 0 0 0 0 0 0 0 0 3 4 4 3 0 0 0 0 3 4 3 1 0 0 0 0 0 0 0 1 3 3 1 0 0 0 0 0 0 0 0 0 0 0 0 0 0 0 0 0 0 0 0 0 0 0 0 0 0 0 0 0 0 0 0 0 0 0 0 0 0 0 0 0 0 0 0 0 0 0 0 0 0 0 0 0 0 0 0 0 0 0 0 0 0 0 0 0 0 0 0 0 0 0 0 0 -2147483648 
-2147483648 0 0 0 0 0 0 1 2 1 0 0 0 1 2 1 0 0 0 0 0 0 0 0 0 0 0 0 0 0 0 0 0 0 0 0 0 0 0 1 2 1 0 0 0 0 0 25 60 81 86 84 80 75 68 61 55 48 41 36 33 30 26 23 20 17 15 13 11 10 10 9 8 8 7 5 4 2 0 0 1 3 4 4 4 4 3 1 0 0 0 0 0 1 2 1 1 3 4 3 1 0 0 0 0 0 0 0 0 0 0 0 0 0 0 0 0 0 0 1 2 0 0 0 2 1 1 2 1 1 3 3 0 0 0 0 0 0 0 0 1 3 4 3 2 3 4 4 3 0 0 0 0 0 0 0 0 0 0 1 3 5 6 2 0 0 0 3 4 4 3 1 0 0 0 0 0 0 0 0 0 0 0 0 0 0 0 0 0 0 1 2 1 1 3 3 1 0 0 0 0 0 0 0 0 0 0 0 0 0 0 0 0 0 0 0 0 0 0 0 0 0 0 0 0 0 0 0 0 0 0 0 2 1 0 0 0 0 0 0 0 0 0 0 0 0 0 0 0 0 0 0 0 0 0 -2147483648 
-2147483648 0 0 0 0 0 0 0 0 0 0 0 1 2 1 0 1 2 1 0 0 0 0 0 0 0 0 0 0 0 0 0 0 0 0 0 0 0 0 0 0 0 0 0 0 0 0 0 3 13 16 15 13 12 11 9 8 8 7 5 4 5 7 6 2 0 0 1 2 1 0 1 2 1 1 3 3 3 6 7 4 2 3 4 3 2 3 4 3 2 2 2 3 3 2 2 1 1 3 4 3 1 0 1 3 3 1 0 0 0 0 0 0 1 2 1 0 0 0 0 1 2 0 0 0 0 0 0 0 1 2 1 0 0 0 0 0 0 0 0 0 1 3 4 2 0 0 0 0 2 3 0 0 0 0 0 0 0 0 0 0 3 5 4 0 0 0 0 1 5 4 2 2 1 0 0 0 0 0 0 0 0 0 0 0 0 0 0 0 1 2 1 0 0 0 0 0 0 0 0 0 0 0 1 3 4 4 2 0 0 1 1 1 2 1 0 0 0 0 0 0 0 0 0 0 0 0 0 0 0 0 0 0 0 1 2 2 3 5 6 4 2 3 4 3 1 0 0 0 0 0 0 0 0 0 -2147483648 
-2147483648 0 0 0 0 0 0 0 0 0 0 0 0 0 0 0 2 1 0 1 2 1 0 0 0 1 2 1 0 0 0 0 0 0 0 0 0 0 0 0 0 0 0 0 0 0 0 0 0 0 0 0 0 0 0 0 0 0 0 0 0 0 0 0 0 0 0 0 0 0 0 0 0 0 1 3 3 3 5 5 3 2 2 1 0 0 1 3 4 4 4 3 1 0 1 3 3 1 0 1 2 1 0 1 3 4 4 3 1 0 1 2 1 0 1 2 1 0 1 2 1 0 0 0 0 0 0 0 0 0 0 0 0 0 0 0 0 0 0 0 0 0 0 0 0 0 0 0 0 1 1 0 0 0 0 0 0 0 0 1 2 4 7 5 0 0 0 0 3 6 5 3 1 0 0 0 0 0 0 0 0 0 0 0 0 0 0 0 0 0 0 0 0 0 0 0 0 0 0 0 0 0 0 0 0 0 0 0 0 0 0 0 0 0 0 0 0 0 0 0 0 0 0 0 0 1 1 0 0 0 2 1 1 4 8 12 15 16 16 15 12 9 7 5 3 1 0 0 0 0 0 0 0 0 0 -2147483648 
-2147483648 0 0 0 0 0 0 0 0 0 0 0 1 1 0 0 0 0 0 0 0 1 2 1 0 0 0 0 0 0 0 0 0 0 2 3 1 0 0 0 0 0 0 0 0 0 0 0 0 0 0 0 1 3 4 4 3 0 0 0 0 0 0 1 3 4 2 0 0 0 0 0 1 3 3 1 0 1 3 3 2 2 1 0 1 2 1 0 1 1 0 0 0 1 2 2 2 1 0 0 1 2 1 0 0 1 3 3 1 0 0 0 0 0 1 3 3 1 0 1 2 1 0 0 0 0 1 3 4 3 1 0 0 0 0 0 0 0 0 0 0 0 0 0 0 0 1 3 2 0 0 2 2 2 1 0 0 0 0 0 0 0 4 7 4 0 0 0 0 3 4 3 1 0 0 0 0 0 0 0 0 0 0 0 0 0 0 0 0 0 0 0 0 0 0 0 0 0 0 0 0 0 0 0 0 0 0 0 0 0 1 3 2 0 0 0 0 0 0 0 0 0 0 0 0 0 0 0 0 0 0 3 10 15 15 13 11 9 8 8 9 11 12 11 9 7 5 3 1 0 0 0 0 0 0 -2147483648 
-2147483648 0 0 0 0 0 0 0 0 0 0 0 0 0 0 0 0 0 0 0 0 0 0 0 0 0 0 0 0 0 0 0 0 0 0 0 0 0 0 0 0 0 0 0 0 0 0 0 0 0 0 0 0 0 1 2 1 0 0 0 1 2 2 3 4 3 1 0 0 0 0 0 0 0 0 0 1 3 4 4 4 3 2 3 3 1 0 0 0 0 0 1 3 4 4 3 1 0 0 0 1 3 4 3 1 0 1 3 4 4 3 2 2 1 0 1 2 2 1 0 0 0 0 0 0 1 1 1 4 5 3 1 0 0 0 0 1 2 1 0 0 0 0 0 0 0 0 0 0 0 1 3 2 0 0 0 0 0 0 0 0 1 3 4 2 0 0 0 0 3 3 1 0 0 0 0 0 0 0 0 0 0 0 0 0 0 0 1 2 1 1 3 4 3 0 0 0 0 0 0 0 0 0 0 0 0 0 0 0 0 0 0 0 0 0 0 0 0 0 0 0 0 0 0 0 0 0 0 0 2 8 15 18 16 12 8 5 4 4 5 8 11 13 15 16 15 12 7 2 0 0 0 0 0 0 -2147483648 
-2147483648 0 0 0 0 0 0 1 2 1 0 0 0 0 0 1 0 0 0 2 1 0 1 2 1 0 0 0 0 0 0 0 0 0 0 0 0 0 0 0 0 0 0 0 0 0 0 0 0 0 0 0 0 0 0 0 1 2 1 0 0 0 0 0 0 0 1 3 2 0 0 0 0 0 0 0 1 3 4 4 4 4 3 1 0 0 0 0 0 1 3 4 4 3 1 1 3 3 1 0 0 1 3 4 3 1 1 3 4 4 4 4 4 3 1 0 0 0 0 0 0 0 0 0 0 0 0 0 1 2 1 0 1 2 1 0 0 0 0 0 0 0 0 0 0 1 2 0 0 0 0 0 0 0 0 0 0 0 0 0 0 0 1 4 7 4 0 0 0 0 2 1 0 0 0 0 0 0 0 0 0 0 0 0 0 0 0 0 0 1 2 1 0 0 0 0 0 0 0 0 1 2 1 0 0 0 0 0 0 2 1 0 0 0 0 0 0 0 1 1 0 0 0 0 0 0 0 1 5 11 14 11 5 1 0 0 0 0 0 0 0 0 0 1 3 5 7 6 2 0 0 0 0 0 0 -2147483648 
-2147483648 0 0 0 0 0 0 0 0 0 0 0 0 0 0 0 0 0 0 1 1 0 0 0 0 0 0 0 0 0 1 2 1 0 0 0 0 0 0 0 0 0 0 0 0 0 0 0 0 0 0 0 0 0 0 0 1 1 0 0 0 0 0 0 0 0 1 1 1 3 3 1 0 0 0 0 0 0 0 0 0 0 0 0 1 3 4 4 4 3 1 0 0 0 0 1 3 4 4 4 4 3 1 1 3 4 3 2 3 4 4 4 5 6 5 3 2 2 2 2 1 0 0 0 0 0 0 0 0 0 0 0 0 0 0 0 0 0 0 0 0 0 0 0 0 0 0 0 0 0 0 0 0 2 3 1 0 0 0 0 0 0 2 7 9 2 0 0 0 0 0 0 0 0 0 0 0 0 0 0 0 0 0 0 0 0 0 0 0 0 0 0 0 0 0 0 0 0 0 0 0 0 0 0 0 0 0 0 0 0 0 0 0 0 0 0 0 0 0 0 0 0 0 0 0 1 5 12 18 18 12 5 0 0 0 0 0 0 0 0 0 0 0 0 1 4 8 8 3 0 0 0 0 0 0 -2147483648 
-2147483648 0 0 0 0 0 0 0 0 0 0 0 0 0 0 0 0 0 0 0 0 0 0 0 0 0 0 2 1 0 0 0 0 0 0 0 0 0 0 0 0 0 0 0 0 0 0 0 0 0 0 0 0 0 0 0 0 1 3 4 3 2 2 1 0 0 1 2 2 2 2 2 1 0 0 0 0 0 0 0 0 0 1 3 4 4 4 3 1 0 0 0 0 1 3 3 1 1 2 2 2 2 2 1 0 0 0 0 1 3 4 5 6 6 6 5 4 3 1 1 2 1 0 0 0 0 0 0 0 2 4 3 1 0 0 0 0 0 0 0 0 0 0 0 0 0 0 0 0 0 0 0 1 2 0 0 0 0 0 0 0 0 0 2 6 7 2 0 0 0 0 0 0 0 0 0 0 0 0 0 0 0 0 0 0 0 0 0 0 0 0 0 0 0 0 0 0 0 0 0 0 0 0 0 0 0 1 3 2 0 0 0 0 0 0 0 0 0 0 0 0 0 0 0 1 4 9 13 11 5 1 0 0 0 0 0 0 0 0 0 0 0 0 0 0 0 0 0 0 0 0 0 0 0 0 -2147483648 
-2147483648 0 0 0 0 0 0 0 0 1 1 0 0 0 0 0 0 0 0 0 0 0 0 0 0 0 0 0 0 0 0 0 0 0 0 0 0 0 0 0 0 0 0 0 0 0 0 0 0 0 0 0 0 0 0 0 0 0 0 0 0 0 0 0 1 2 2 3 3 1 0 0 0 0 0 0 0 0 1 2 1 0 0 0 0 0 0 0 0 0 1 2 1 1 2 1 1 3 3 1 0 1 2 1 1 3 3 1 1 4 7 8 8 9 9 6 3 1 0 0 0 0 0 1 0 0 0 0 0 0 2 3 3 1 0 0 0 0 0 0 0 0 0 0 0 0 0 0 0 0 0 0 0 0 0 0 0 0 0 0 0 0 0 2 7 7 0 0 0 0 1 1 1 2 1 0 0 0 0 0 0 1 3 2 0 0 0 0 0 0 0 0 0 0 0 0 0 0 0 0 0 0 1 2 1 0 0 0 0 0 0 0 0 0 0 0 0 0 0 0 0 0 0 0 5 14 17 12 5 0 0 0 0 0 0 0 0 0 0 0 0 0 0 0 0 0 0 0 0 0 0 0 0 0 0 -2147483648 
-2147483648 0 0 0 0 0 0 0 0 0 0 0 0 0 0 0 0 0 0 0 0 0 0 1 2 1 0 0 0 0 0 0 0 0 0 0 0 0 0 0 0 0 0 0 0 1 3 3 1 1 3 4 4 3 2 2 1 0 0 0 0 0 0 0 0 0 0 0 2 4 3 2 3 3 1 0 0 0 0 0 0 0 0 0 0 0 0 1 3 4 4 4 4 4 4 3 2 3 5 6 5 3 2 2 3 6 7 5 4 5 8 11 13 15 16 14 9 5 4 3 1 0 1 2 0 0 0 0 0 0 0 0 0 0 0 1 2 1 0 0 0 0 0 0 0 0 0 0 0 0 0 0 0 0 0 0 0 0 0 0 0 0 0 0 1 2 0 0 0 0 2 3 1 1 2 1 0 0 0 0 0 0 0 0 0 0 0 0 0 0 0 0 0 0 0 1 3 2 0 0 0 0 0 0 0 0 0 0 0 0 0 0 0 0 0 0 0 0 0 0 0 0 1 6 13 14 8 2 0 0 0 0 0 0 0 0 0 0 0 0 0 0 0 0 0 0 0 0 0 0 0 0 0 0 0 -2147483648 
-2147483648 0 0 0 0 0 0 0 0 0 0 0 0 0 0 0 1 1 0 0 0 0 0 0 0 0 0 0 0 1 0 0 0 0 0 0 0 0 0 1 2 1 0 1 2 1 0 0 0 0 0 1 3 3 1 0 0 0 0 0 0 1 3 3 0 0 0 0 0 0 1 3 4 4 4 4 3 2 3 4 4 4 4 4 4 4 4 3 1 1 3 5 6 5 4 4 4 3 2 3 4 4 5 6 5 4 5 6 5 5 7 9 11 12 13 14 12 8 5 3 2 3 3 1 0 0 0 0 0 0 2 2 0 0 0 0 0 0 0 0 0 0 0 0 0 0 0 0 0 0 0 0 0 0 0 0 0 0 0 0 0 0 0 0 0 0 2 0 0 0 2 3 1 0 0 0 1 3 3 1 0 0 0 0 0 0 0 0 0 0 0 0 0 0 0 0 0 0 0 0 0 0 0 0 0 0 0 0 0 0 1 2 1 1 3 4 3 1 0 0 1 5 12 18 17 9 0 0 0 0 0 0 0 0 0 0 0 0 0 0 0 0 0 0 0 0 0 0 0 0 0 0 0 0 0 -2147483648 
-2147483648 0 0 0 0 0 0 0 0 0 0 0 0 0 0 0 0 0 0 0 0 0 0 0 0 0 0 0 0 0 0 0 0 0 0 0 0 1 3 3 1 1 3 4 3 0 0 0 0 0 0 0 0 0 0 0 0 0 1 2 0 0 0 0 1 3 4 3 0 0 0 0 0 1 2 2 3 4 4 4 3 1 0 0 0 0 0 0 0 0 1 3 3 1 0 1 3 3 1 0 1 2 1 1 3 4 4 4 5 7 7 5 4 4 5 8 11 11 8 4 1 0 0 0 0 0 0 0 1 0 0 2 3 1 0 0 0 0 0 0 0 0 0 0 0 0 0 0 0 0 0 0 0 0 0 0 0 0 0 0 0 0 0 0 0 1 10 8 0 0 0 2 3 0 0 0 0 0 0 0 0 0 0 0 0 0 0 0 0 0 0 0 0 0 0 0 0 0 2 3 1 1 2 1 0 0 0 0 0 0 0 0 0 0 0 0 0 0 0 0 1 6 13 13 6 1 0 0 0 0 0 0 0 0 0 0 0 0 0 0 0 0 3 3 0 0 0 0 0 0 0 0 0 0 0 -2147483648 
-2147483648 0 0 0 0 0 0 0 0 0 0 0 0 0 0 0 0 0 0 0 0 0 0 0 0 0 0 0 0 0 0 0 0 0 0 0 0 0 0 0 0 0 0 0 0 0 0 0 0 1 3 2 0 0 0 0 0 0 0 0 0 0 0 0 1 2 1 0 0 1 2 1 0 0 0 0 1 2 1 0 0 0 0 0 0 0 0 0 1 3 3 1 1 2 2 3 3 2 3 4 3 1 0 1 2 2 3 5 7 7 5 4 3 2 4 8 10 8 4 1 0 0 0 0 0 0 0 0 2 0 0 0 0 0 0 0 0 0 0 1 2 1 0 0 0 0 0 0 0 0 0 0 0 0 0 0 0 0 0 0 0 0 0 0 0 3 11 5 0 0 0 1 0 0 0 0 0 0 0 0 0 0 0 0 0 0 0 0 0 0 0 0 0 0 0 0 0 0 1 2 1 0 0 0 0 0 0 0 0 0 0 0 0 0 0 0 0 0 1 5 12 17 15 8 0 0 0 0 0 0 0 0 0 0 0 0 0 0 0 0 0 0 0 0 0 0 0 0 0 0 0 0 0 0 0 -2147483648 
-2147483648 0 0 0 0 0 0 0 0 0 0 0 0 0 0 0 0 0 0 0 0 0 0 2 1 0 0 0 0 0 0 3 2 0 2 3 2 1 0 0 0 0 0 0 0 0 3 4 3 1 0 0 0 0 1 2 1 0 0 0 0 0 0 1 2 0 0 0 1 2 1 1 2 0 0 1 0 0 0 0 1 3 4 4 4 4 4 4 3 2 2 1 1 3 4 3 1 1 3 5 8 10 8 5 4 4 4 5 6 5 5 6 4 2 3 5 8 10 8 4 1 0 0 0 0 0 0 0 0 5 3 1 3 3 2 2 1 0 0 0 0 0 0 0 0 0 0 0 0 0 0 0 0 0 0 0 0 0 0 0 0 0 0 0 0 0 2 8 1 0 0 0 2 1 0 0 0 0 0 0 0 0 0 0 0 0 0 0 0 0 0 0 0 3 2 0 0 0 0 0 0 0 0 0 0 0 0 0 0 0 0 0 0 0 0 0 0 0 2 8 14 13 6 0 0 0 0 0 0 0 0 0 0 0 0 0 0 0 0 0 0 0 0 0 0 0 0 0 0 0 0 0 0 0 0 -2147483648 
-2147483648 0 0 0 0 0 0 0 0 0 0 0 0 0 0 0 0 0 0 0 0 0 0 0 0 0 0 0 0 0 0 0 0 0 0 0 0 0 0 0 0 0 0 0 0 0 0 0 0 0 0 0 1 1 1 2 1 1 3 4 4 4 3 2 2 2 3 3 2 2 1 0 0 1 2 1 0 0 0 1 3 3 1 1 2 1 0 0 0 0 0 0 0 0 0 0 1 3 6 11 16 17 13 8 6 6 6 7 8 8 7 3 0 2 3 2 6 11 9 5 3 1 0 0 0 0 0 0 0 6 5 3 5 4 1 0 1 1 0 0 0 0 0 1 1 0 0 0 0 0 0 0 0 0 0 0 0 0 0 0 0 0 0 0 0 0 3 8 3 0 0 0 5 4 1 0 0 0 0 0 0 0 0 0 0 0 0 0 0 0 0 1 3 3 1 0 0 0 0 0 0 0 0 1 2 1 1 2 1 0 0 0 0 0 0 0 1 5 12 17 14 5 0 0 0 0 0 0 0 0 0 0 0 0 0 0 0 0 0 0 0 1 1 0 0 0 0 0 0 0 0 0 0 0 0 -2147483648 
-2147483648 0 0 0 0 0 0 1 3 3 1 0 0 0 0 0 0 0 0 0 0 0 0 0 0 0 0 0 2 1 0 0 0 0 0 0 0 0 1 1 0 0 0 0 0 0 0 0 0 0 0 0 0 0 0 0 0 0 0 1 3 4 4 3 2 3 3 1 1 3 4 3 2 3 3 1 1 3 3 1 0 0 0 0 0 0 0 0 0 0 0 0 0 0 0 1 3 6 11 15 15 14 15 15 11 7 7 8 8 8 7 3 0 0 0 0 1 4 6 5 3 1 0 0 0 0 0 0 0 0 6 6 4 3 0 0 0 0 0 0 0 1 3 3 1 0 0 0 0 0 0 0 0 0 0 0 0 0 0 0 0 0 0 0 0 0 0 6 11 4 0 0 0 5 4 1 0 0 0 0 0 0 0 0 0 0 0 0 0 0 1 3 3 1 1 2 1 1 2 0 0 0 1 2 1 0 0 0 0 0 0 0 0 0 0 0 2 9 16 14 6 0 0 0 0 0 0 0 0 0 0 0 0 0 0 0 0 0 0 0 0 0 0 0 1 2 1 0 0 0 0 0 0 0 0 -2147483648 
-2147483648 0 0 0 0 0 0 1 2 1 0 0 0 0 1 2 1 0 0 0 0 0 1 2 2 1 0 0 0 0 0 0 0 0 0 0 0 0 0 0 0 0 0 0 0 0 0 0 0 0 0 0 0 0 0 0 0 2 1 0 0 0 0 1 3 3 1 1 2 2 3 4 4 3 2 3 4 4 4 3 1 1 3 3 2 2 0 0 0 0 0 0 0 0 0 1 4 8 10 8 5 6 10 11 8 6 6 5 4 3 1 0 0 0 0 0 0 3 7 5 1 0 0 0 0 0 0 0 0 0 4 7 6 6 5 3 0 0 0 0 1 3 3 1 0 0 0 0 0 0 0 0 0 0 0 0 0 0 0 0 0 0 0 0 0 0 0 5 9 0 0 0 0 3 3 1 0 0 0 0 0 0 0 0 0 0 0 0 0 0 0 0 0 0 0 0 0 0 0 0 0 0 0 0 0 0 0 0 0 0 0 0 0 0 0 2 8 14 13 4 0 0 0 0 0 0 0 0 0 0 0 0 0 0 0 0 0 0 0 0 0 0 0 0 0 0 0 0 0 0 0 0 0 0 0 -2147483648 
-2147483648 0 0 0 0 0 0 0 0 0 0 0 0 0 0 0 0 1 1 0 0 0 1 2 3 4 2 0 0 0 0 1 1 0 0 0 0 0 0 0 0 0 0 3 8 7 3 2 1 0 0 0 0 0 0 0 0 0 0 0 1 2 1 0 0 1 3 4 3 2 2 1 1 3 4 4 4 4 4 4 4 4 4 4 3 0 0 0 0 0 0 0 0 0 0 1 7 10 8 4 1 1 4 7 8 7 5 4 4 4 2 0 0 0 0 0 0 2 8 12 9 4 2 3 2 0 0 0 0 0 0 1 5 8 10 7 3 2 1 0 0 0 0 0 0 0 0 0 0 0 0 0 0 0 0 0 0 0 0 0 0 0 0 0 0 0 0 0 2 4 0 0 0 0 2 1 0 0 0 0 0 0 0 0 0 0 0 0 0 0 0 0 0 0 0 0 0 0 0 0 0 0 0 0 0 0 0 0 0 0 0 0 0 0 1 6 13 13 6 0 0 0 0 0 0 0 0 0 0 0 0 0 0 0 0 0 0 0 0 0 0 0 0 0 0 0 0 0 0 0 0 0 0 0 0 -2147483648 
-2147483648 0 0 0 0 0 0 0 0 0 0 0 0 0 0 0 0 0 1 3 4 3 2 1 0 0 0 0 0 0 0 0 0 0 0 0 0 0 0 0 0 0 0 0 0 1 3 4 4 4 4 3 1 0 0 1 2 1 0 0 1 3 4 3 1 0 0 1 3 3 1 0 0 1 3 4 4 3 1 0 0 0 0 0 0 0 0 0 0 0 0 0 0 0 1 6 8 7 4 2 2 1 0 1 3 4 4 4 4 2 0 0 0 0 0 1 2 4 9 12 9 4 2 2 1 0 0 0 0 0 0 0 6 9 10 9 7 4 1 0 0 0 0 0 0 0 0 0 0 0 0 0 0 0 0 0 0 0 0 0 0 0 0 0 0 0 0 0 0 3 0 0 0 0 1 3 3 2 3 3 1 0 0 0 0 0 0 0 0 0 0 0 0 0 0 0 0 0 0 0 0 0 0 0 0 0 1 2 1 0 0 0 1 5 11 15 14 6 0 0 0 0 0 0 0 0 0 0 0 0 0 0 0 0 0 0 0 0 0 0 0 0 0 0 0 0 0 0 0 0 0 0 0 0 0 -2147483648 
-2147483648 0 0 0 0 0 0 0 0 0 0 0 0 0 0 1 0 0 0 0 0 0 0 0 0 0 0 0 0 1 2 0 0 0 0 0 0 0 0 0 0 0 0 0 0 1 2 1 0 0 0 0 0 1 2 1 0 0 0 3 3 1 1 3 4 3 1 1 2 0 0 2 3 1 0 0 0 0 0 0 0 0 0 0 0 0 0 0 0 0 0 0 0 0 0 5 5 3 1 0 0 0 0 0 0 0 1 3 3 0 0 0 0 0 0 0 0 1 4 9 12 9 4 0 0 0 0 0 0 0 0 0 0 4 9 13 11 6 4 4 4 3 1 0 0 0 0 0 0 0 0 0 0 0 0 0 1 2 1 0 0 0 0 0 0 0 0 0 0 1 3 0 0 0 2 6 5 4 3 1 0 0 0 1 2 1 0 0 1 3 3 1 1 3 3 1 0 0 0 0 0 0 1 2 1 0 0 0 0 1 1 0 0 3 11 15 9 0 0 0 0 0 0 0 0 0 0 0 0 0 0 0 0 0 0 0 0 0 0 0 0 0 0 0 0 0 0 0 0 0 0 0 0 0 0 -2147483648 
-2147483648 0 0 0 0 0 0 0 0 0 0 0 0 0 0 0 0 0 0 0 0 0 0 0 0 0 0 0 0 2 1 0 0 0 0 0 0 0 0 0 3 3 2 3 3 0 0 0 0 0 0 0 2 4 4 3 1 0 0 1 2 1 0 0 1 3 4 3 1 0 0 1 3 3 1 0 0 1 3 4 4 3 0 0 0 0 0 0 0 0 0 0 0 0 0 0 0 0 0 0 0 0 0 0 0 0 0 0 0 0 0 0 0 0 1 3 3 1 2 8 13 12 7 2 0 0 0 0 0 0 0 0 0 0 5 10 11 8 5 4 3 1 0 0 0 0 0 0 0 0 0 1 3 3 1 0 0 0 0 0 0 0 0 0 0 0 0 0 0 1 2 0 0 0 2 3 2 2 1 0 1 3 4 4 4 4 4 5 7 6 2 0 0 0 1 3 3 1 0 1 2 1 0 0 0 0 0 0 0 0 1 4 9 14 15 10 0 0 0 0 0 0 0 0 0 0 0 0 0 0 0 0 0 0 0 0 0 0 0 0 0 0 0 0 0 0 0 0 0 0 0 0 0 0 0 -2147483648 
-2147483648 0 0 0 0 0 0 0 0 0 0 0 1 2 0 0 0 0 0 0 0 0 0 0 0 0 0 0 0 0 0 0 0 0 0 0 0 0 0 0 0 0 0 0 1 2 1 0 0 0 0 0 0 0 0 0 2 4 2 0 1 3 3 1 1 3 4 3 2 3 3 1 0 0 0 0 1 3 3 1 0 0 0 0 0 0 0 0 0 0 0 0 0 0 0 0 0 0 0 0 0 0 0 0 0 0 0 0 0 0 0 0 0 0 2 2 2 0 0 0 5 12 11 6 3 1 0 0 0 0 0 0 0 0 0 2 7 10 8 4 0 0 0 0 0 0 0 0 0 0 0 1 3 3 1 0 0 0 0 0 0 0 0 0 0 0 0 0 0 0 0 1 0 0 0 3 6 4 2 3 4 4 3 0 0 0 0 0 0 0 0 0 0 0 0 0 0 0 0 1 2 1 0 0 0 0 0 0 0 0 0 2 9 15 11 2 0 0 0 0 0 0 0 0 0 0 0 0 0 0 1 2 1 1 2 1 0 0 0 0 0 0 0 0 0 0 0 0 0 0 0 0 0 0 0 -2147483648 
-2147483648 0 0 0 0 0 0 0 0 1 2 2 1 0 0 0 0 0 0 0 0 0 0 0 0 0 0 0 0 0 0 0 0 0 0 0 0 1 3 3 1 1 2 1 0 0 0 1 3 3 1 0 0 0 0 0 0 0 1 2 1 0 0 1 2 1 0 1 3 4 4 3 1 0 0 0 0 0 0 0 0 0 0 0 0 0 0 0 0 0 0 0 0 0 0 0 0 0 0 0 0 0 0 0 0 1 3 2 0 1 1 1 5 9 7 1 0 0 0 0 4 10 11 8 4 1 0 0 0 0 0 0 0 0 0 0 5 10 10 5 1 0 0 0 0 0 0 0 0 0 0 0 0 0 0 0 0 0 0 0 0 0 0 1 2 0 0 0 0 0 0 2 0 0 0 0 0 0 0 0 0 0 0 0 0 0 0 0 0 0 0 0 0 0 0 0 0 0 0 0 0 0 0 0 0 0 0 0 0 0 0 7 13 10 0 0 0 0 0 0 0 0 0 0 0 0 0 0 0 0 0 0 0 0 0 0 0 0 0 0 0 0 0 0 0 0 0 0 0 0 0 0 0 0 0 -2147483648 
-2147483648 0 0 0 0 0 0 0 0 0 0 0 0 0 0 0 0 0 0 0 0 0 0 0 0 0 0 2 3 1 0 0 0 0 0 0 0 0 0 0 0 0 0 0 0 0 0 0 0 0 0 0 0 0 0 0 0 1 2 1 0 0 0 0 0 0 0 0 0 0 0 1 2 1 0 1 1 0 0 3 3 0 0 0 0 0 0 0 1 6 7 5 7 11 8 2 0 0 0 0 0 0 0 0 0 0 0 1 1 0 0 2 7 10 7 1 0 0 0 0 1 5 11 12 7 3 1 0 1 2 1 0 0 0 0 0 0 5 9 8 5 4 3 1 0 0 0 0 1 3 4 3 2 3 4 4 4 4 3 1 0 0 0 0 0 0 0 0 0 0 0 0 0 0 0 0 0 0 0 0 0 0 0 0 0 0 0 0 0 0 0 0 0 0 0 0 0 0 0 0 0 0 0 0 0 0 0 0 0 0 2 10 12 6 0 0 0 0 0 0 0 0 0 0 0 0 1 1 0 0 0 1 2 0 0 0 0 0 0 0 1 3 4 4 4 3 1 0 0 0 0 0 0 0 0 -2147483648 
-2147483648 0 0 0 0 0 0 0 0 0 0 0 0 0 0 0 0 0 0 0 0 0 0 0 0 0 1 2 2 1 0 2 3 0 0 0 1 2 1 0 0 0 0 0 0 0 1 2 1 0 0 2 3 1 0 0 1 3 3 1 0 0 0 0 0 0 1 2 1 0 0 0 0 0 0 0 0 0 0 0 0 0 0 0 0 8 2 1 5 4 2 10 25 27 15 5 0 0 0 0 0 0 0 0 0 0 0 0 0 0 1 7 9 5 1 0 0 0 0 0 1 4 7 7 5 4 3 2 2 2 2 0 0 0 0 0 0 2 7 10 9 8 7 5 4 4 3 1 0 0 0 0 0 0 0 0 0 0 0 0 0 0 0 0 0 0 0 0 0 0 0 0 0 0 0 0 0 0 0 0 0 0 0 0 0 0 0 0 0 0 0 0 0 0 0 0 0 0 0 0 0 0 0 0 0 0 0 0 0 8 16 14 3 0 0 0 0 0 0 0 0 0 0 0 0 0 2 1 0 0 0 0 0 0 0 0 0 1 2 1 0 0 0 0 0 0 0 0 0 0 0 0 0 0 0 -2147483648 
-2147483648 0 0 0 0 0 0 0 0 0 0 0 0 0 0 1 2 1 1 2 1 0 0 0 0 0 0 0 0 0 0 0 0 0 0 0 0 0 0 0 0 1 2 1 1 3 3 2 3 5 6 5 4 4 4 4 3 1 1 3 3 1 0 0 0 0 0 0 0 0 1 2 2 3 4 3 2 1 0 0 0 0 0 0 0 3 1 0 0 2 4 10 24 29 18 6 0 0 0 0 0 0 0 0 0 0 0 0 0 0 4 10 10 5 1 1 2 1 0 0 0 0 0 1 3 4 4 4 3 2 3 3 2 1 0 0 0 0 0 6 9 0 0 0 0 0 0 0 0 0 0 0 0 0 0 0 0 0 0 0 0 0 0 0 0 0 0 0 0 0 0 0 0 0 0 0 2 5 0 0 0 0 0 0 0 0 0 0 0 0 0 0 0 0 0 0 0 0 0 0 0 0 0 0 0 0 2 1 3 11 16 11 1 0 0 0 0 0 0 0 0 0 0 0 0 0 0 0 0 3 3 0 0 0 1 3 4 3 1 0 0 0 0 0 0 0 0 0 0 0 0 0 0 0 0 -2147483648 
-2147483648 0 0 0 0 0 0 0 0 0 0 0 0 0 0 0 0 1 2 1 0 0 0 0 0 0 0 0 0 0 0 0 0 0 0 0 0 0 0 0 0 0 0 0 0 0 0 0 0 0 1 1 0 0 1 3 3 1 0 1 3 4 4 3 1 1 2 1 0 0 0 0 0 0 1 2 1 0 0 0 0 0 0 0 0 0 0 0 0 0 9 22 26 17 6 0 0 2 2 0 0 0 0 0 0 0 0 0 0 4 9 7 2 0 0 1 3 3 1 0 0 0 0 0 0 2 1 0 0 0 0 0 0 0 0 0 0 0 0 0 0 0 0 0 0 0 0 0 0 0 0 0 0 0 0 0 0 0 0 0 0 0 0 0 0 0 0 0 0 0 0 0 0 0 0 0 17 22 6 0 0 0 0 0 0 0 0 0 0 0 0 0 0 0 0 0 0 0 0 0 0 0 0 0 0 0 0 3 10 13 7 0 0 0 0 0 0 0 0 0 0 0 1 2 1 0 0 0 0 0 0 0 0 0 0 0 0 0 0 1 0 0 0 0 0 0 0 0 0 0 0 0 0 0 0 -2147483648 
-2147483648 0 0 0 0 0 0 0 0 0 2 2 2 1 0 0 0 0 0 0 1 1 0 0 0 1 2 1 0 0 0 0 0 0 0 3 4 3 1 0 0 0 0 0 2 1 0 0 0 0 0 0 0 0 0 0 0 1 2 1 0 0 0 0 0 0 0 0 1 2 1 0 0 0 0 0 0 0 0 0 0 0 0 0 0 0 0 0 0 0 0 9 14 10 4 1 0 0 0 0 0 0 0 0 0 0 0 0 0 4 6 4 1 0 1 2 2 2 2 3 2 0 0 0 0 0 0 0 0 0 0 0 0 0 0 0 0 0 0 0 0 0 0 0 0 0 0 0 0 0 0 0 0 0 0 0 0 0 0 0 0 0 0 0 0 0 0 0 0 0 0 0 0 0 0 0 0 24 28 13 1 0 0 0 0 0 0 0 0 0 0 0 0 0 0 0 0 0 0 1 2 1 0 0 0 0 0 2 10 12 5 0 0 0 0 0 0 0 0 0 0 0 0 0 0 1 2 1 0 0 0 0 0 0 0 0 0 0 0 0 0 0 0 0 0 0 0 0 0 0 0 0 0 0 0 -2147483648 
-2147483648 0 0 0 0 0 0 1 2 1 0 0 0 0 0 0 0 0 0 0 0 0 0 0 1 3 4 4 4 4 4 4 3 1 0 0 0 0 1 2 1 0 0 0 0 1 2 1 1 2 1 0 0 1 2 1 0 1 3 3 1 0 0 0 0 0 0 0 0 0 0 0 0 0 0 0 0 0 0 0 0 0 0 0 0 0 0 2 0 0 0 0 0 0 0 0 2 1 0 0 0 0 0 0 0 2 2 3 3 1 0 0 0 0 0 0 0 0 0 0 0 0 0 0 0 0 0 0 0 0 0 0 0 0 0 0 0 0 0 0 0 9 33 21 0 0 0 0 0 0 0 0 0 0 0 0 0 0 0 0 0 0 0 0 0 0 0 0 0 0 0 0 0 0 0 0 5 30 34 20 8 1 0 0 0 0 0 0 0 0 0 0 0 0 0 0 0 0 0 0 0 0 0 0 0 0 7 15 14 4 0 0 0 0 0 0 0 0 0 0 0 0 0 1 3 3 1 0 0 0 0 0 0 0 0 0 0 0 0 0 0 1 1 0 0 0 0 0 0 0 0 0 0 0 0 -2147483648 
-2147483648 0 0 0 0 0 0 0 1 1 0 0 0 0 0 0 0 0 0 0 0 0 0 0 0 0 0 0 0 0 0 0 1 3 3 0 0 0 0 0 0 0 0 0 0 0 1 3 4 4 4 3 1 0 1 3 4 3 1 0 1 3 4 4 3 1 1 3 3 2 2 1 0 0 0 0 0 0 0 0 0 0 0 0 0 0 1 3 1 0 0 0 0 0 0 0 0 0 0 0 0 0 0 0 0 5 5 4 1 0 0 0 0 0 0 0 0 0 0 0 0 0 0 0 0 0 0 0 0 0 0 0 0 0 0 0 0 0 0 0 0 0 22 59 56 28 4 0 0 0 0 0 0 0 0 0 0 0 0 0 0 0 0 0 0 0 0 0 0 0 0 0 0 0 0 0 0 14 37 37 22 9 2 0 0 0 0 0 1 3 3 0 0 0 0 0 2 1 0 0 0 0 0 0 0 1 9 15 11 1 0 0 0 0 0 0 0 0 0 0 0 0 0 0 0 0 0 0 0 0 0 0 0 0 0 0 0 0 0 0 0 0 0 0 0 0 0 0 0 0 0 0 0 0 0 -2147483648 
-2147483648 0 0 0 0 0 0 0 0 0 0 0 0 0 0 0 0 0 0 0 0 0 0 0 0 0 0 0 0 0 0 0 0 0 0 0 0 0 0 0 0 0 0 0 0 2 1 1 3 3 2 3 4 3 1 0 1 2 1 0 1 2 2 3 4 3 1 1 2 1 1 3 3 1 0 0 0 0 0 0 0 0 0 0 0 0 2 3 1 0 0 0 0 0 0 0 0 0 0 0 0 0 0 4 7 8 7 0 0 0 0 0 0 0 0 0 0 0 0 0 0 0 0 0 0 0 0 0 0 0 0 0 0 0 0 0 0 0 0 0 0 0 3 54 70 48 18 2 0 0 0 0 0 0 0 0 0 0 0 0 0 0 0 0 0 0 0 0 0 0 0 0 0 0 0 0 0 20 41 37 19 6 1 0 0 0 0 1 3 3 0 0 0 0 0 0 0 1 1 0 0 0 0 0 3 10 15 10 0 0 0 0 0 0 0 0 0 0 1 2 2 3 3 1 0 0 0 0 0 0 0 0 0 0 0 0 0 0 0 0 0 0 0 0 0 0 0 0 0 0 0 0 0 0 0 -2147483648 
-2147483648 0 0 0 0 0 0 0 0 0 0 0 0 0 0 0 0 0 0 0 1 1 0 0 0 0 0 0 0 0 0 0 0 0 0 0 0 0 0 0 0 0 0 0 0 0 0 0 0 0 0 0 0 0 0 0 0 1 3 4 3 1 0 0 0 0 0 0 0 0 0 0 0 0 0 0 0 0 0 0 0 0 0 2 1 0 0 2 4 1 0 0 0 0 0 0 0 0 0 1 3 4 5 7 7 6 5 0 0 0 0 0 0 0 0 0 0 0 0 0 0 0 0 0 0 0 0 0 0 0 0 0 0 0 0 0 0 0 0 0 0 0 0 0 40 73 67 39 16 5 1 0 0 0 0 0 0 0 0 0 0 0 0 0 0 0 0 0 0 0 0 0 0 0 0 0 0 0 24 42 32 13 4 2 2 0 0 0 0 0 0 0 0 0 0 0 0 0 0 0 0 0 0 0 4 12 14 6 0 0 0 0 0 0 0 0 0 0 0 0 0 0 0 0 0 0 0 0 0 0 0 0 0 0 0 0 0 0 0 0 0 0 0 0 0 0 0 0 0 0 0 0 0 0 0 -2147483648 
-2147483648 0 0 0 0 0 0 1 2 1 0 0 0 0 0 0 0 0 0 0 1 2 0 0 0 0 0 0 0 0 0 1 2 1 0 0 1 2 2 2 2 2 2 3 3 0 0 0 0 0 0 0 0 0 0 1 2 1 0 1 2 2 1 0 0 0 0 0 0 0 0 0 0 0 0 0 0 0 0 0 0 0 0 1 0 0 0 0 0 0 0 0 0 0 0 0 0 0 0 1 5 5 4 3 2 2 0 0 0 0 0 0 0 0 0 0 0 0 0 0 0 0 0 0 0 0 0 0 0 0 0 0 0 0 0 0 0 0 0 0 0 0 0 0 19 67 78 55 27 10 2 1 2 1 0 0 1 2 1 0 1 3 4 4 4 4 3 2 2 0 0 0 0 0 0 0 0 0 24 40 29 12 4 1 0 0 0 0 0 0 0 0 0 0 0 0 0 0 0 2 1 0 1 6 14 15 4 0 0 0 0 0 0 0 0 0 0 0 0 0 0 0 0 0 0 0 0 0 0 0 1 2 0 0 0 0 0 0 0 0 0 0 0 0 0 0 0 0 0 0 0 0 0 0 0 -2147483648 
-2147483648 0 0 0 0 0 0 1 3 3 1 0 0 0 0 0 0 0 0 0 0 0 1 2 0 0 0 0 3 4 4 3 0 0 0 2 3 1 1 2 1 1 3 5 5 0 0 0 0 0 0 0 0 0 0 0 0 0 0 0 0 0 0 0 0 0 0 0 0 0 0 0 0 0 0 0 0 0 0 0 0 0 0 0 0 0 0 0 0 2 5 0 0 0 0 0 0 0 0 0 0 0 0 0 0 1 1 0 0 0 0 0 0 0 0 0 0 0 0 0 0 0 0 0 0 0 0 0 0 0 0 0 0 0 0 0 0 0 0 0 0 0 0 0 0 0 50 76 65 35 14 5 1 0 0 0 0 0 0 1 3 4 4 4 4 3 1 0 1 3 2 0 0 0 0 0 0 0 0 24 39 27 10 1 0 0 0 0 0 0 0 0 0 0 0 0 0 0 0 0 0 0 2 9 16 13 1 0 0 0 0 0 0 0 0 0 0 0 0 0 0 0 0 0 0 0 0 0 0 0 0 0 0 0 0 0 0 0 0 0 0 0 0 0 0 0 0 0 0 0 0 0 0 0 0 -2147483648 
-2147483648 0 0 0 0 0 0 0 0 0 0 0 0 0 0 0 0 0 0 0 0 1 2 1 0 0 0 0 0 0 1 2 2 3 4 4 4 4 3 1 1 3 4 3 0 0 0 0 0 0 0 0 0 0 0 0 0 0 0 0 0 0 0 0 0 0 0 0 0 0 0 0 0 0 0 0 0 0 0 0 0 0 0 0 0 0 0 0 0 2 0 0 0 0 0 0 0 0 0 0 0 0 0 0 0 0 1 7 8 0 0 0 0 0 0 0 0 0 0 0 0 0 0 0 0 0 0 1 2 0 0 0 0 0 0 0 0 0 0 0 0 0 0 0 0 0 24 68 76 51 25 11 3 0 0 0 0 0 0 0 1 2 1 0 0 0 0 0 1 3 2 0 0 0 0 0 0 0 0 20 37 26 11 4 1 0 0 0 0 0 0 0 0 0 0 0 0 0 0 0 0 3 11 16 10 0 0 0 0 0 0 0 0 0 0 0 0 0 0 0 0 0 0 0 0 0 0 0 0 0 0 0 0 1 2 1 0 0 0 0 0 0 0 0 0 0 0 0 0 0 0 0 0 0 0 -2147483648 
-2147483648 0 0 0 0 0 0 0 0 0 0 0 0 0 0 0 0 0 1 3 4 4 3 2 4 7 8 7 5 4 4 4 5 6 3 0 0 0 0 0 0 0 0 0 0 0 0 0 0 0 0 0 0 0 0 0 0 0 0 0 0 0 0 0 0 0 0 0 0 0 0 0 0 0 0 0 0 0 0 0 1 2 0 0 0 0 0 0 0 0 0 0 0 0 0 0 0 0 0 0 0 0 0 0 0 0 0 8 16 13 1 0 0 0 0 0 0 0 0 0 0 0 0 0 0 0 0 2 3 1 0 0 0 0 0 0 0 0 3 3 1 0 0 0 0 0 0 5 60 84 67 37 18 9 4 2 3 3 1 0 0 0 0 0 0 0 0 1 2 1 0 0 0 0 0 0 0 0 0 0 22 39 27 12 6 2 0 0 0 0 0 0 0 0 0 0 1 2 1 0 1 6 14 16 8 0 0 0 0 0 0 0 0 0 0 0 0 0 0 0 0 0 0 0 0 0 2 3 1 1 2 1 0 0 0 1 2 1 1 3 3 1 0 0 0 0 0 0 0 0 0 0 0 0 0 -2147483648 
-2147483648 0 0 0 0 0 0 1 1 0 0 0 0 0 0 0 1 3 4 5 6 6 7 8 7 4 0 0 0 0 0 0 0 0 0 0 0 0 0 0 0 0 0 0 0 0 0 0 0 0 0 0 0 0 0 0 0 0 0 0 0 0 0 0 0 0 0 0 0 0 0 0 0 0 0 0 0 0 4 6 7 6 1 1 7 7 1 0 0 0 0 2 4 0 0 0 0 0 0 0 0 0 0 0 0 0 3 11 17 13 0 0 0 0 0 0 0 0 0 0 0 0 0 0 0 0 1 2 1 0 0 0 1 3 4 4 3 2 2 1 0 0 0 0 0 0 0 0 40 79 78 50 26 13 6 3 1 0 0 0 0 0 0 0 0 0 0 0 0 0 0 0 0 0 0 0 0 0 0 0 25 39 25 10 3 0 0 0 0 0 0 0 0 0 3 4 4 3 1 1 6 13 14 6 0 0 0 0 0 2 1 0 0 1 2 1 1 1 0 0 0 0 0 0 0 0 0 0 0 1 2 1 0 0 1 2 1 0 0 0 0 0 0 0 0 0 0 0 0 0 0 0 0 0 0 -2147483648 
-2147483648 0 0 0 0 0 0 0 0 0 0 0 0 0 0 0 0 0 0 0 0 0 0 0 0 0 0 0 0 0 0 0 0 0 0 0 0 0 0 0 0 0 0 0 0 0 0 2 9 0 0 0 0 0 0 0 0 0 0 1 2 1 1 3 3 0 0 0 0 0 0 0 0 0 0 0 0 4 6 3 0 0 2 11 25 30 21 10 4 1 0 0 0 0 0 0 0 0 0 0 0 4 3 4 6 4 2 5 11 16 14 0 0 0 0 0 0 0 0 0 0 0 0 0 0 0 3 4 3 0 0 0 2 3 2 2 2 2 0 0 0 0 0 0 0 0 0 0 0 20 67 81 62 33 15 7 1 0 0 0 0 0 0 0 0 0 0 0 0 0 0 0 0 0 0 0 0 0 0 0 0 29 40 26 11 5 3 1 0 1 3 2 0 0 1 3 3 1 0 2 9 16 14 3 0 0 0 0 0 0 0 0 0 0 1 2 1 0 0 0 0 0 0 0 0 0 0 0 0 0 0 0 0 1 1 0 0 0 0 0 0 0 0 0 1 2 1 0 0 0 0 0 0 0 0 -2147483648 
-2147483648 0 0 0 0 0 0 0 0 0 0 0 0 0 0 0 0 0 0 0 0 0 0 0 0 0 0 0 0 0 0 0 0 0 0 0 0 0 0 0 0 0 0 0 0 0 8 12 0 0 0 0 0 0 0 0 0 0 0 0 1 3 3 1 0 1 2 0 0 0 0 0 0 0 0 0 0 3 4 2 1 11 33 57 72 68 46 22 8 3 0 0 0 0 0 0 0 0 0 0 0 8 11 10 5 2 2 3 9 18 17 2 0 0 0 0 0 6 10 8 5 2 0 0 0 3 3 1 0 0 0 1 1 0 0 0 0 0 0 0 0 0 0 0 0 0 0 0 0 0 45 79 76 48 22 8 2 0 0 0 0 0 0 0 0 0 0 0 0 0 0 0 0 0 0 0 0 0 0 0 0 32 41 26 14 9 4 3 5 6 5 3 1 0 0 0 0 0 2 8 13 10 0 0 0 0 0 0 0 0 0 0 0 0 0 0 0 0 0 0 0 0 0 0 0 0 0 0 0 0 0 0 0 0 0 0 0 0 0 1 2 0 0 2 3 1 0 0 0 0 0 0 0 0 0 -2147483648 
-2147483648 0 0 0 0 0 0 0 0 0 0 0 0 0 0 0 0 0 0 0 0 0 0 0 0 0 0 0 0 0 0 0 0 0 0 0 0 0 0 0 0 0 3 0 0 0 11 12 0 0 0 0 0 0 0 0 0 2 2 3 5 7 7 4 2 3 4 4 4 2 0 0 0 0 0 0 0 0 0 0 9 31 60 78 81 81 73 45 16 4 0 0 0 5 6 0 0 0 0 0 0 0 9 10 5 2 2 1 2 8 15 14 2 0 0 0 0 0 6 10 6 0 0 0 0 2 4 1 0 0 3 3 1 0 0 0 0 0 0 0 0 0 0 0 0 0 0 0 0 0 0 26 74 88 67 37 17 6 0 0 0 1 2 1 0 0 0 0 0 0 0 0 0 0 0 0 0 0 3 0 0 5 36 41 25 13 9 8 7 4 1 0 0 0 0 0 0 0 2 10 13 7 0 0 0 0 0 0 0 0 0 0 0 0 0 0 0 0 0 0 0 0 1 2 1 0 0 0 0 0 0 1 2 1 0 1 2 1 0 1 3 3 1 0 0 1 2 1 0 0 0 0 0 0 0 -2147483648 
-2147483648 0 0 0 0 0 0 0 0 0 0 0 0 0 0 0 0 0 0 0 0 0 0 0 0 0 0 0 0 0 0 0 0 0 0 0 0 0 0 0 3 9 0 0 0 11 15 0 0 0 0 0 1 2 2 5 12 17 16 12 9 7 5 3 2 2 2 4 2 0 0 0 0 0 0 0 0 1 1 9 36 64 72 63 53 55 57 40 18 9 9 11 12 14 14 2 0 0 0 0 0 0 2 1 0 0 0 0 1 6 15 16 4 0 0 0 0 0 6 7 1 0 0 0 0 2 1 0 0 0 0 0 0 0 0 0 0 0 0 0 0 0 0 0 0 0 0 0 0 0 0 0 49 84 84 57 29 13 6 4 4 3 1 0 0 0 0 0 0 0 0 1 0 0 0 0 0 0 6 4 0 13 38 39 23 12 10 8 4 2 0 0 0 0 0 0 0 2 10 13 7 0 0 0 0 0 0 0 0 1 2 1 0 1 2 1 0 0 1 3 3 2 3 4 3 1 0 0 0 0 0 0 0 1 3 4 3 1 0 0 0 0 0 0 0 0 0 0 0 0 0 0 0 0 0 -2147483648 
-2147483648 0 0 0 0 0 0 1 2 1 0 0 0 0 0 0 0 0 0 0 0 0 0 0 0 0 0 0 0 0 0 0 0 0 0 0 0 0 0 0 6 14 1 0 0 11 12 0 0 0 0 0 0 0 0 5 15 23 26 22 14 8 5 5 6 5 3 1 0 0 0 0 0 0 0 0 0 1 1 6 25 44 46 36 25 23 38 54 46 24 13 11 14 29 46 44 21 0 0 0 0 0 0 0 0 0 0 0 0 0 5 12 13 4 0 0 0 0 0 8 4 0 0 0 1 0 0 0 0 0 0 0 0 0 0 0 0 0 0 0 0 0 0 0 0 0 0 0 0 0 0 0 0 21 68 86 72 43 21 11 6 3 1 1 2 1 0 0 0 0 0 0 0 0 0 0 0 0 0 8 4 0 16 38 37 22 11 7 5 5 6 3 0 0 0 0 1 9 16 15 5 0 0 0 0 0 0 0 0 0 0 0 0 0 0 0 0 0 0 0 0 0 0 0 0 0 0 0 0 0 0 0 0 0 0 0 0 0 0 0 0 0 0 1 2 0 0 0 0 0 0 0 0 0 0 -2147483648 
-2147483648 0 0 0 0 0 0 0 0 0 0 0 0 0 0 0 0 0 0 0 0 0 0 0 0 0 0 0 0 0 0 0 0 0 0 0 0 0 0 6 13 3 0 0 9 10 0 0 0 0 0 0 1 1 3 9 6 0 3 12 11 7 7 8 7 5 1 0 0 0 0 0 0 0 7 5 0 0 1 9 18 21 16 10 7 10 28 53 58 39 18 13 30 54 68 66 43 11 0 0 0 0 0 0 0 0 0 0 0 0 3 11 14 5 0 0 0 0 5 10 4 1 3 4 2 0 0 0 0 0 0 0 0 0 0 0 0 0 0 0 0 0 0 1 2 0 0 0 0 0 0 0 0 0 37 75 81 58 31 14 7 7 7 4 1 0 0 0 0 1 2 2 1 0 0 0 0 0 0 5 0 0 13 38 35 19 9 5 5 6 4 0 0 0 0 0 5 13 13 3 0 0 0 0 0 0 0 0 0 0 0 0 0 0 0 0 0 1 2 0 0 0 0 0 0 0 0 0 0 0 0 0 0 0 0 0 0 0 0 0 1 1 0 0 0 0 0 0 0 0 0 0 0 0 0 -2147483648 
-2147483648 0 0 0 0 0 0 0 0 0 0 0 0 0 0 0 0 1 3 2 0 0 0 0 0 0 0 0 0 0 0 0 0 0 0 0 0 0 0 11 19 5 0 0 11 14 0 0 0 0 1 2 2 3 6 9 1 0 0 0 9 9 5 3 1 0 0 0 0 0 0 0 0 6 15 16 11 5 2 2 1 1 3 4 4 3 6 25 55 66 46 24 25 38 48 61 71 57 24 0 0 0 0 0 0 0 0 0 0 0 0 1 8 10 4 1 1 0 5 16 15 6 3 5 3 0 0 0 0 0 0 0 0 0 1 3 3 2 3 4 3 0 0 0 0 0 0 0 0 0 0 0 0 0 0 9 57 84 77 49 27 17 12 8 5 4 3 1 0 1 3 6 9 7 0 0 0 0 0 0 0 0 0 14 38 33 18 10 9 10 7 0 0 0 0 1 8 12 8 0 0 0 0 0 0 0 0 0 0 1 3 3 1 0 0 0 0 0 0 0 0 0 2 1 1 3 4 3 2 2 0 0 0 0 0 0 0 1 3 3 1 0 0 0 0 0 5 5 1 0 0 0 0 0 0 -2147483648 
-2147483648 0 0 0 0 0 0 0 0 0 0 0 0 1 3 3 0 0 3 2 0 0 0 0 0 0 0 0 2 0 0 0 0 0 0 0 0 0 10 19 7 0 0 12 18 5 0 4 8 6 3 2 1 3 8 2 0 0 1 8 9 6 2 0 0 0 0 0 0 0 0 0 10 26 36 31 16 5 1 0 0 0 0 2 1 0 4 19 41 47 31 21 26 32 38 52 69 64 34 4 0 0 0 0 0 0 0 0 0 0 0 1 4 6 5 2 0 0 9 20 16 8 5 3 1 1 2 0 0 0 0 0 0 0 0 0 1 3 3 1 0 0 0 0 1 2 1 0 0 0 0 0 0 0 0 0 31 75 90 73 44 23 13 8 6 7 7 5 4 4 5 6 6 5 0 0 0 0 0 0 0 0 0 16 36 32 19 12 9 6 1 0 0 0 3 11 16 10 0 0 0 0 0 0 0 0 0 0 0 0 0 0 0 0 0 0 0 0 0 0 0 0 0 0 0 0 0 0 0 0 0 0 0 1 2 1 0 1 2 0 0 0 0 0 6 14 11 4 1 0 0 0 0 0 0 -2147483648 
-2147483648 0 0 0 0 0 0 0 0 0 0 0 0 2 1 0 0 0 0 0 0 0 0 0 3 2 0 0 0 1 0 0 0 0 0 0 0 0 11 19 5 0 0 9 16 2 0 3 8 7 5 4 3 3 6 2 0 2 13 13 7 4 3 1 0 0 0 0 0 0 0 9 27 38 43 44 32 16 9 3 0 0 0 1 0 0 0 3 10 16 16 14 15 17 19 25 40 53 45 21 0 0 0 0 0 0 0 0 0 0 0 0 1 4 5 1 0 0 4 15 18 13 8 4 2 3 3 2 3 3 0 0 0 0 0 0 0 0 0 0 0 0 0 0 0 0 0 0 0 0 0 0 0 0 0 0 0 8 59 90 87 58 30 15 7 5 7 7 5 3 2 1 0 0 2 0 0 0 0 0 0 7 0 0 18 35 27 14 7 1 0 0 0 0 5 14 16 7 0 0 0 0 0 0 0 0 0 0 0 0 0 0 0 0 0 0 0 0 0 0 0 0 0 0 0 0 0 0 0 0 0 0 0 0 0 0 0 0 0 0 0 0 0 0 2 5 5 3 1 0 0 0 0 0 0 -2147483648 
-2147483648 0 0 0 0 0 0 0 0 0 0 0 0 0 0 0 0 0 0 0 0 0 0 1 2 0 0 0 3 4 3 1 0 0 0 0 0 8 17 6 0 0 4 10 0 0 0 0 2 3 6 7 7 11 9 1 4 15 16 5 0 0 0 0 0 0 0 0 0 2 19 39 46 40 37 38 31 18 8 0 0 0 0 0 0 0 0 0 0 0 0 0 0 2 5 10 19 22 13 0 0 0 0 0 0 0 0 0 0 0 0 0 0 4 5 2 1 3 9 18 17 8 4 3 1 0 1 3 4 3 1 0 1 2 2 3 3 1 1 3 4 3 1 0 0 0 0 0 0 0 0 0 0 0 0 0 0 0 25 67 87 77 49 27 16 9 6 6 5 4 2 0 0 0 1 0 0 0 0 0 0 0 0 0 20 36 27 13 4 0 0 0 0 5 15 14 2 0 0 0 0 0 0 0 0 0 0 0 0 0 0 0 0 0 0 0 0 0 0 0 0 0 0 0 0 0 0 0 0 0 0 0 0 0 0 0 0 0 0 0 0 0 0 0 0 0 0 0 0 0 0 0 0 0 0 -2147483648 
-2147483648 0 0 0 0 0 0 0 0 0 0 0 0 0 0 0 0 0 2 3 1 0 0 0 0 0 0 2 6 7 4 1 0 0 0 0 0 4 10 0 0 0 8 14 0 0 0 0 0 0 1 3 5 9 8 0 2 14 17 6 0 0 0 0 0 0 0 0 0 8 25 41 36 20 16 21 23 17 7 0 0 0 0 0 0 0 0 0 0 0 0 0 0 0 0 0 0 0 0 0 0 0 0 0 0 0 0 0 0 0 0 0 0 1 3 3 4 7 8 16 24 16 6 4 4 4 4 4 3 1 1 2 2 4 7 7 5 3 3 5 5 4 4 3 2 3 3 2 2 2 2 0 0 0 0 0 0 0 0 0 39 80 93 76 50 29 15 8 5 4 2 0 0 0 0 0 0 0 0 0 0 0 0 0 0 23 39 27 11 4 0 0 0 3 12 9 0 0 0 0 0 0 0 0 0 0 0 0 0 0 0 0 0 0 1 2 1 0 0 0 1 2 1 0 2 5 5 3 1 0 0 1 3 3 1 0 0 0 0 0 0 0 1 2 0 0 0 0 0 0 0 0 0 0 0 -2147483648 
-2147483648 0 0 0 0 0 0 0 0 0 0 0 0 0 0 0 0 0 4 3 0 0 0 0 0 0 0 0 0 0 0 0 0 0 0 1 7 13 3 0 0 5 17 4 0 0 0 0 0 0 0 0 3 3 0 0 12 18 7 0 0 0 0 0 0 0 0 0 9 30 47 38 15 3 4 2 0 0 0 0 0 0 0 0 0 0 0 0 0 0 0 0 0 0 0 0 0 0 0 0 0 0 0 0 0 0 0 0 0 0 0 0 0 0 1 3 6 8 10 17 19 11 6 7 8 8 7 5 3 1 0 0 0 1 3 3 2 3 4 4 3 2 2 1 0 1 3 4 3 1 0 0 0 0 0 0 0 0 0 0 2 50 84 92 73 45 24 12 7 4 1 0 1 2 1 0 0 0 0 0 0 2 0 0 0 23 34 24 12 5 4 13 23 21 9 0 0 0 0 0 0 0 0 0 0 0 1 2 0 0 0 0 1 2 1 0 1 2 1 0 0 0 0 0 0 1 2 1 0 1 2 1 0 0 0 0 0 0 0 0 0 0 0 0 0 0 0 0 0 0 0 0 0 0 0 -2147483648 
-2147483648 0 0 0 0 0 0 0 0 0 0 1 2 1 0 0 1 2 2 1 0 0 0 1 1 0 0 0 0 0 0 0 0 1 2 2 8 16 6 0 0 2 13 3 0 0 0 0 0 0 0 0 0 1 0 0 10 16 5 0 0 0 0 0 0 0 0 0 13 37 53 45 30 19 5 0 0 0 0 0 0 0 0 0 0 0 0 0 0 0 0 0 0 0 0 0 0 0 0 0 0 0 0 0 0 0 0 0 0 0 0 0 0 0 0 0 3 6 9 13 17 14 9 8 7 5 4 3 2 3 3 1 0 0 0 0 0 1 3 4 4 3 1 1 1 0 0 0 3 3 2 2 0 0 0 0 0 0 0 0 0 0 13 61 90 89 64 38 24 17 11 5 0 0 0 0 0 0 0 0 0 0 5 4 0 0 22 31 20 9 16 44 60 42 13 0 0 0 0 0 0 0 0 0 0 0 0 0 0 0 0 0 0 0 0 0 0 0 0 0 0 0 0 0 0 0 0 0 0 0 0 0 0 0 0 0 0 0 0 0 0 0 0 0 0 0 1 2 1 0 0 0 0 0 0 -2147483648 
-2147483648 0 0 0 0 0 0 0 0 0 0 0 0 0 0 0 1 3 3 0 0 0 0 0 0 0 0 0 0 0 0 0 0 0 0 4 12 6 0 0 0 10 3 0 0 0 0 0 0 1 2 4 4 0 0 11 19 9 0 0 0 0 0 0 0 0 3 18 43 53 43 34 30 12 0 0 0 0 0 0 0 0 0 0 0 0 0 0 0 0 0 0 0 0 0 0 0 0 0 0 0 0 0 0 0 0 0 0 0 0 0 0 0 0 0 3 6 7 10 17 22 16 9 7 5 4 4 4 4 4 3 2 3 4 3 2 2 1 0 0 0 0 1 2 2 1 0 0 0 0 0 1 1 0 0 0 0 0 0 0 0 0 0 19 64 89 84 60 36 20 10 4 0 0 0 0 0 0 0 0 0 0 6 1 0 0 23 29 21 34 69 82 53 14 0 0 0 0 0 0 0 0 1 2 1 0 0 0 0 0 0 0 0 0 0 0 0 0 0 0 0 0 0 0 0 0 0 0 0 0 0 0 0 0 0 0 0 0 0 0 0 0 0 0 0 0 0 0 0 0 0 0 0 0 0 -2147483648 
-2147483648 0 0 0 0 0 0 0 0 0 0 0 0 0 0 0 0 1 5 7 3 0 0 0 0 0 0 0 0 0 0 0 0 0 0 1 11 8 0 0 1 15 9 0 0 2 4 4 4 5 7 10 8 0 1 12 18 10 0 0 0 0 0 0 0 0 3 23 50 55 39 27 22 3 0 0 0 0 0 0 0 0 0 0 0 0 0 0 0 1 1 0 0 0 0 0 0 0 0 0 0 0 0 0 0 0 0 0 0 0 0 0 0 0 0 0 4 6 6 11 21 23 15 8 5 4 4 4 4 3 2 3 4 3 1 1 2 1 0 0 0 0 0 0 0 2 3 0 0 0 0 0 0 0 0 0 0 0 0 0 0 0 0 0 0 34 77 95 84 58 35 21 13 8 5 5 7 6 0 0 0 0 0 8 0 0 4 33 49 69 92 84 45 7 0 0 0 0 0 0 0 0 0 0 0 0 0 0 0 0 0 0 0 0 0 0 0 0 0 0 0 1 3 3 1 0 0 0 0 0 0 0 0 0 0 0 0 0 1 3 3 1 0 0 0 0 0 0 0 0 0 0 0 0 0 -2147483648 
-2147483648 0 0 0 0 0 0 0 0 0 0 0 0 0 0 0 0 0 1 0 0 0 0 0 0 0 0 0 0 0 0 0 0 0 2 9 9 0 0 3 17 11 0 0 6 6 7 9 11 11 11 11 4 0 10 18 11 1 0 0 0 0 0 0 0 0 28 50 47 30 18 10 0 0 0 0 0 0 4 5 1 0 2 8 8 6 8 11 12 12 11 8 2 0 0 0 0 0 0 0 0 0 0 0 0 0 0 0 0 0 0 0 0 0 0 0 0 6 10 19 31 31 19 9 5 3 1 0 0 0 1 2 0 0 0 0 0 0 0 0 0 0 0 0 0 0 0 0 0 0 0 0 0 0 0 0 0 0 0 0 0 0 0 0 0 0 41 82 100 92 69 46 30 22 19 16 13 9 0 0 0 0 0 10 3 0 10 51 87 97 67 14 0 0 0 0 0 0 1 1 0 0 0 0 0 0 0 0 0 0 0 0 0 0 0 0 0 1 3 3 1 1 2 1 1 2 2 2 1 0 0 0 0 0 0 0 0 0 0 0 0 0 0 0 0 0 0 0 0 0 0 0 0 0 0 -2147483648 
-2147483648 0 0 0 0 0 0 0 1 2 1 0 0 0 0 1 1 0 0 0 0 0 0 0 0 0 0 0 0 0 0 0 0 0 1 7 7 0 0 0 9 9 2 11 18 12 8 8 9 10 11 10 3 0 10 20 14 3 1 0 0 0 0 0 0 16 43 56 43 25 14 4 0 0 0 0 0 0 5 9 4 0 2 13 27 38 44 48 51 53 52 43 29 17 9 4 1 1 2 1 0 0 0 0 0 0 0 0 0 0 0 0 0 0 0 0 0 2 9 14 28 44 38 22 13 8 4 1 0 0 0 0 0 0 0 0 0 0 0 0 0 0 0 0 0 0 0 0 0 0 0 0 0 0 0 0 0 0 0 0 0 0 0 0 0 0 0 0 48 86 104 100 77 51 35 27 21 15 8 0 0 0 0 0 11 1 0 19 58 67 30 0 0 0 0 0 0 0 0 0 0 0 0 0 0 0 0 0 0 0 0 0 0 0 0 0 0 3 3 1 0 0 0 0 0 0 0 0 0 0 0 0 0 0 0 0 0 0 0 0 0 0 0 0 0 0 0 0 0 0 0 0 0 0 0 -2147483648 
-2147483648 0 0 0 0 0 0 1 2 1 0 0 1 3 4 3 1 1 3 3 1 0 0 0 0 0 2 1 0 0 0 1 2 1 5 8 0 0 0 8 13 5 9 20 16 9 8 7 6 8 8 0 0 9 19 14 3 0 0 0 0 0 0 7 28 51 56 38 21 13 4 0 0 0 0 0 0 0 0 4 6 8 19 39 58 69 72 72 72 72 72 70 63 49 31 17 11 10 8 4 0 0 0 0 0 0 0 0 0 0 0 0 0 0 0 0 0 3 8 16 34 46 36 21 12 5 0 0 0 0 0 0 0 0 0 0 0 0 0 0 0 0 0 0 0 0 0 0 0 0 0 0 0 0 0 0 0 0 0 0 0 0 0 0 0 0 0 0 0 42 82 103 102 82 56 37 25 16 8 0 0 0 0 0 19 25 22 27 23 0 0 0 0 0 0 0 0 0 0 0 0 0 0 0 0 0 0 0 0 0 0 0 0 0 0 0 1 2 0 0 0 0 0 0 0 0 0 0 0 0 0 0 0 0 0 1 2 2 1 0 0 0 0 0 0 0 0 0 0 0 0 0 0 0 0 -2147483648 
-2147483648 0 0 0 0 0 0 0 0 0 0 0 0 0 0 0 0 1 3 4 4 3 0 0 0 0 1 1 0 0 0 1 3 3 5 8 0 0 0 6 13 4 0 0 0 0 2 5 6 7 6 0 0 10 20 16 3 0 0 0 0 0 0 0 23 48 47 30 18 11 1 0 0 0 0 0 0 0 0 0 11 22 36 49 55 55 52 48 45 45 50 61 74 80 71 49 27 13 5 0 0 0 0 2 0 0 0 0 0 0 0 0 0 0 0 0 0 0 1 9 21 39 49 39 26 16 6 0 0 0 0 0 0 0 0 0 0 0 0 0 0 0 0 0 0 0 0 0 0 0 0 0 1 2 1 0 0 0 0 0 0 0 0 0 0 0 0 0 0 0 0 38 79 103 107 95 74 50 30 15 1 0 0 2 23 46 46 27 5 0 0 0 0 0 0 0 0 0 0 0 0 0 0 0 0 0 0 0 0 1 1 0 0 0 0 0 0 0 0 0 0 0 0 0 0 0 0 0 0 0 0 0 0 0 0 0 0 0 0 0 0 0 0 0 0 0 0 0 0 0 0 0 0 0 0 -2147483648 
-2147483648 0 0 0 0 0 0 0 0 0 0 0 0 0 0 0 0 3 6 8 5 0 0 0 4 7 7 4 0 0 2 4 4 6 9 3 0 0 2 11 2 0 0 0 0 0 0 3 5 5 0 0 5 17 15 2 0 0 0 0 0 0 5 29 46 37 22 17 12 1 0 0 0 0 0 0 0 0 0 10 29 48 54 45 33 25 20 17 18 23 29 37 50 66 72 56 29 10 0 0 0 0 0 0 0 0 0 0 0 0 0 0 0 0 0 0 0 0 0 6 19 41 55 50 48 49 34 15 6 4 3 1 1 3 3 1 1 3 4 4 4 4 3 2 3 3 1 1 3 4 4 4 4 4 3 2 3 4 2 0 0 0 0 0 0 0 0 0 0 0 0 0 19 61 91 105 105 97 86 73 60 52 48 43 41 35 13 0 0 0 0 0 0 0 0 0 0 0 0 0 0 0 0 0 0 0 0 0 0 0 0 0 0 0 0 0 0 0 0 1 0 0 0 1 3 3 1 0 0 0 0 0 0 1 2 1 0 0 0 0 0 0 0 0 0 0 0 0 0 0 0 0 0 0 0 -2147483648 
-2147483648 0 0 0 0 0 0 0 0 0 0 0 0 0 0 0 1 2 4 9 11 8 5 4 4 3 2 2 1 0 1 2 2 5 11 7 0 0 0 10 5 0 0 0 0 0 0 0 1 0 0 0 1 14 14 2 0 0 0 0 0 0 15 43 54 38 21 14 9 0 0 0 0 0 0 0 0 1 4 11 30 46 44 31 19 11 7 5 5 7 9 12 18 29 47 65 64 43 22 10 4 1 1 3 3 0 0 0 0 0 0 0 0 0 0 0 0 0 0 0 7 22 45 65 81 100 98 65 32 15 8 4 2 2 1 0 1 3 4 4 5 7 7 5 4 4 3 1 0 0 1 3 3 1 1 3 3 1 0 0 0 0 0 0 0 0 0 0 0 0 0 0 0 0 0 37 71 97 113 118 113 100 83 61 37 17 0 0 0 0 15 13 4 0 0 2 0 0 0 0 0 0 0 0 0 0 0 0 0 0 0 0 0 0 0 2 1 0 0 0 0 0 0 0 0 0 0 0 0 0 0 0 0 0 0 0 0 0 0 0 0 0 0 1 2 2 2 1 0 0 0 0 0 0 0 -2147483648 
-2147483648 0 0 0 0 0 0 0 0 0 0 0 0 0 0 0 0 0 3 11 12 8 7 9 8 4 2 2 1 0 1 3 5 10 9 0 0 0 8 7 0 0 0 0 0 0 0 0 0 0 0 3 18 18 6 0 0 0 0 0 0 12 36 43 31 23 19 12 1 0 0 0 0 0 1 7 6 4 13 30 37 31 20 10 6 6 5 5 6 5 4 5 8 15 30 53 66 51 27 16 11 6 4 3 1 0 0 0 0 0 0 0 0 0 0 0 0 0 0 0 6 23 50 81 101 108 103 74 36 14 5 1 0 0 0 1 2 2 3 4 5 6 5 3 1 1 2 1 0 0 1 3 3 1 1 2 1 0 1 3 4 3 0 0 0 0 0 0 0 0 0 0 0 0 0 0 0 29 52 61 57 44 26 2 0 0 0 0 0 19 35 25 8 1 0 0 0 0 0 0 0 0 1 3 3 1 0 0 0 0 1 3 4 3 1 0 1 2 1 0 0 0 0 0 0 1 2 1 0 0 0 0 0 0 0 0 0 0 0 0 0 0 3 3 1 0 0 0 0 0 0 0 0 0 0 -2147483648 
-2147483648 0 0 0 0 0 0 1 3 3 1 0 0 0 0 0 0 0 0 2 4 3 1 0 1 3 4 4 3 1 1 4 6 9 10 1 0 0 9 11 3 1 5 5 4 3 3 6 7 0 0 6 19 18 4 0 0 0 0 3 12 28 46 42 27 22 20 15 4 0 0 0 0 0 0 7 4 0 8 28 31 20 11 7 5 3 2 3 4 4 4 4 4 5 9 20 41 56 46 26 15 9 4 0 0 0 0 0 0 0 0 0 0 0 0 2 0 0 0 0 0 5 20 43 58 57 61 70 58 30 11 5 4 4 4 4 3 1 1 2 2 3 3 2 3 3 2 3 4 3 1 1 3 4 4 4 4 4 5 7 7 6 6 3 0 0 0 0 0 0 0 0 0 0 0 0 0 0 0 0 0 0 0 0 0 0 0 0 0 6 30 41 25 8 2 0 0 0 0 1 3 3 1 0 1 2 1 0 0 0 0 0 1 3 2 0 1 1 0 0 0 0 0 1 3 3 1 0 0 0 1 2 1 0 0 0 1 2 1 0 0 0 0 0 0 0 0 0 0 0 0 0 0 0 0 -2147483648 
-2147483648 0 0 0 0 0 0 0 0 0 0 0 0 0 0 0 0 0 1 2 0 0 0 0 0 0 3 4 3 1 1 3 6 8 2 0 0 2 11 7 0 4 7 5 5 8 12 12 1 0 6 19 19 7 0 0 0 0 0 9 25 43 41 28 21 15 11 3 0 0 0 0 0 0 0 0 0 13 30 28 14 5 2 3 3 1 1 2 1 0 1 3 4 4 6 13 30 52 55 35 15 6 4 3 2 2 0 0 0 3 0 0 0 0 0 2 0 0 0 0 0 1 9 15 11 5 18 46 51 29 14 11 9 7 6 6 5 4 3 2 2 2 3 4 4 4 4 4 3 1 0 0 1 4 7 7 5 4 5 7 8 8 7 4 0 0 0 0 0 0 0 0 0 0 0 0 0 0 0 0 0 0 0 0 0 0 0 0 0 0 21 33 20 7 3 2 3 3 1 0 0 1 2 0 0 0 0 0 0 0 0 0 0 0 0 0 0 0 0 1 3 3 1 0 0 0 0 1 1 0 0 0 0 0 0 0 0 0 0 0 0 0 0 0 0 0 2 1 0 0 0 0 0 0 0 -2147483648 
-2147483648 0 0 0 0 0 0 0 0 0 0 0 0 0 0 0 0 0 1 3 1 0 0 0 0 1 3 5 6 3 0 0 5 10 5 0 0 0 9 8 0 0 0 1 3 5 8 7 0 0 7 20 19 6 0 0 0 0 0 0 8 22 25 23 18 11 7 0 0 0 0 0 0 0 0 0 12 35 46 33 15 6 3 1 0 0 0 0 0 0 1 3 4 4 4 5 11 29 53 55 31 11 4 2 2 1 0 4 9 7 3 0 0 0 0 0 0 0 0 0 0 0 0 0 0 0 0 16 50 52 29 12 6 2 0 0 0 0 2 1 0 0 1 4 6 5 3 1 1 2 1 0 1 4 6 5 4 3 2 4 11 21 23 15 7 1 0 0 0 0 0 0 0 0 0 0 0 0 0 0 0 0 0 0 0 0 0 0 0 0 0 15 31 18 6 4 4 3 1 0 0 0 0 0 0 0 0 0 0 0 0 0 0 0 1 2 1 0 0 0 0 0 0 0 0 0 0 0 0 0 0 0 0 0 0 0 0 0 0 0 0 2 5 4 1 0 0 0 0 0 0 0 0 0 0 -2147483648 
-2147483648 0 0 0 0 0 0 0 0 1 3 4 3 1 0 0 0 0 0 3 0 0 0 0 0 0 0 4 6 3 0 3 10 10 0 0 0 4 4 0 0 0 0 1 3 6 6 0 0 8 21 21 4 0 0 0 0 0 0 0 0 0 6 11 9 7 2 0 0 0 0 0 0 0 0 5 31 49 37 17 7 4 3 1 0 0 0 0 0 0 2 4 2 0 0 0 5 19 41 45 27 11 1 0 0 4 24 55 63 38 10 0 0 0 0 0 0 3 4 3 1 0 0 0 0 0 5 30 45 36 19 9 5 3 0 0 0 0 0 0 1 2 1 1 3 3 1 0 0 0 0 1 4 6 5 4 4 4 4 4 8 17 19 9 0 0 0 0 0 0 0 0 0 0 0 0 0 0 0 0 0 0 0 0 0 0 0 0 0 0 0 21 34 20 7 3 0 0 0 0 0 0 0 0 0 0 0 0 1 2 1 0 0 0 0 0 0 0 0 0 0 0 0 0 0 0 0 0 0 0 0 0 0 0 0 0 0 0 0 1 6 11 8 3 2 1 0 0 0 0 0 0 0 0 0 -2147483648 
-2147483648 0 0 0 0 0 0 0 1 2 2 3 4 3 1 0 0 0 1 6 8 6 0 0 0 0 0 0 0 0 0 0 6 10 1 0 0 3 7 0 0 0 0 0 0 4 6 3 10 22 26 21 0 0 0 0 0 0 0 0 0 0 0 0 2 3 0 0 0 0 0 0 0 0 0 6 25 37 30 15 6 3 2 2 1 0 0 0 0 0 0 0 0 0 0 0 0 0 15 35 38 22 8 1 0 4 30 70 95 87 51 15 0 0 0 0 0 1 3 4 4 3 1 0 1 7 18 23 17 12 13 11 7 7 7 5 4 3 1 0 1 3 4 3 2 3 4 4 3 2 2 1 1 2 2 4 6 5 3 0 0 0 5 10 4 0 0 0 0 0 0 0 0 0 0 0 0 0 0 0 0 0 0 0 0 0 0 0 0 0 0 0 23 30 16 5 0 0 0 0 0 0 0 0 0 0 1 3 3 1 0 0 0 0 0 0 0 0 0 0 0 0 1 3 3 1 0 0 0 0 0 0 0 0 0 0 1 2 1 0 2 5 4 1 0 0 0 0 0 0 0 0 0 0 0 -2147483648 
-2147483648 0 0 0 0 0 0 0 0 0 0 0 0 0 0 0 1 4 4 6 6 2 0 0 0 1 2 2 1 0 0 1 5 0 0 0 3 12 7 0 0 0 0 3 9 8 2 11 28 30 11 0 0 0 0 0 0 0 6 9 0 0 0 0 0 0 0 0 0 0 0 0 0 0 8 24 34 25 11 5 4 3 2 1 0 0 0 0 0 0 0 0 0 0 0 0 0 0 11 34 40 24 13 10 9 24 49 60 64 65 47 17 0 0 0 0 0 0 2 2 2 1 0 0 6 18 22 11 9 27 31 17 8 5 5 7 6 2 0 0 0 0 1 3 3 1 0 1 4 6 4 0 0 0 1 5 7 2 0 0 0 0 0 10 12 9 6 1 0 0 0 0 0 0 0 0 0 0 0 0 0 0 0 0 0 0 0 0 8 0 0 0 12 15 6 1 0 0 0 0 0 0 0 0 2 5 5 3 2 0 0 0 0 0 3 4 4 4 4 4 4 3 1 1 3 3 1 0 0 0 1 3 4 4 3 1 0 0 0 0 0 1 3 3 1 1 2 1 0 0 0 0 0 0 0 -2147483648 
-2147483648 0 0 0 0 0 0 0 0 0 0 0 0 0 0 0 0 0 1 3 4 4 4 3 0 0 0 0 0 0 0 0 0 0 0 0 2 9 6 0 0 0 3 7 13 11 3 6 18 27 18 0 0 0 0 0 1 5 13 16 6 0 0 0 0 0 0 0 0 0 0 0 0 0 4 16 25 18 6 2 2 1 0 0 0 0 0 0 0 0 0 0 0 0 0 0 0 0 0 11 34 37 22 13 13 23 36 34 29 40 52 41 13 0 0 0 0 0 3 3 1 0 0 0 2 7 10 11 26 60 80 62 30 11 5 5 6 4 1 0 0 0 0 0 0 0 0 0 0 3 3 0 0 0 0 4 6 4 0 0 0 0 0 0 1 6 4 1 0 0 0 0 0 0 0 0 0 0 0 0 0 0 0 0 0 0 0 0 0 8 0 0 0 0 3 1 0 0 1 1 0 0 0 0 0 0 0 0 0 0 0 0 0 0 0 0 0 0 0 0 0 0 0 0 0 0 0 0 0 0 0 0 0 0 0 0 0 0 0 0 0 0 0 0 0 0 0 0 0 0 0 0 0 0 0 -2147483648 
-2147483648 0 0 0 0 0 0 0 0 0 0 0 0 0 0 1 1 0 0 2 1 0 0 0 0 0 0 0 0 0 0 0 0 0 0 2 8 9 0 0 0 0 5 11 5 0 0 4 9 18 20 17 15 12 8 6 10 14 9 1 0 0 0 0 0 0 0 0 0 0 2 4 3 1 8 20 17 7 3 1 0 0 0 0 0 0 0 0 0 0 0 0 0 0 0 0 0 0 0 8 28 27 11 6 12 18 17 11 13 30 43 34 12 0 0 0 0 0 0 0 0 0 0 0 0 0 1 13 40 68 81 65 32 12 6 2 1 1 0 0 0 0 0 0 0 0 0 0 0 0 0 0 0 0 2 5 7 6 1 0 0 0 0 0 0 0 0 0 0 0 0 0 0 0 0 0 0 0 0 0 0 0 0 0 0 0 0 0 0 12 0 0 0 0 0 1 2 1 0 0 0 0 0 0 0 0 0 1 1 0 0 1 2 0 0 0 0 0 0 0 0 0 0 0 0 0 0 0 0 0 0 0 0 0 0 0 0 0 0 0 0 0 0 0 0 0 0 0 0 0 0 0 0 0 0 -2147483648 
-2147483648 0 0 0 0 0 0 0 0 0 0 0 0 0 0 1 3 3 2 4 5 0 0 0 0 0 0 0 0 0 0 2 4 0 0 1 9 14 6 0 0 1 7 11 2 0 0 0 0 6 12 28 45 40 20 9 8 4 0 0 0 0 0 0 0 0 0 0 0 0 2 2 2 3 11 22 19 8 3 0 0 0 0 0 0 0 0 1 3 0 0 0 0 0 0 0 0 0 0 0 13 26 19 9 10 7 0 0 0 5 23 36 32 14 0 0 0 0 0 0 0 0 0 0 0 0 0 1 5 11 26 49 49 25 8 1 0 0 0 0 0 0 0 0 0 0 0 0 0 0 0 0 0 1 3 6 12 15 8 0 0 0 0 0 0 0 0 0 0 0 0 0 0 0 0 0 0 0 0 0 0 0 0 0 0 0 0 0 0 5 19 0 0 0 0 2 4 4 2 0 2 4 3 1 0 0 0 0 0 0 0 0 0 0 0 0 0 0 0 0 0 0 0 0 0 0 0 0 0 0 0 0 0 0 0 0 1 2 1 0 1 2 1 0 1 2 1 0 0 0 0 0 0 0 0 -2147483648 
-2147483648 0 0 0 0 0 0 0 1 2 1 0 0 0 0 0 0 0 1 3 4 3 1 0 0 0 0 1 3 5 9 10 0 0 0 3 9 7 0 0 4 13 12 0 0 0 2 9 13 5 1 19 42 39 18 6 0 0 0 0 0 0 0 0 0 0 0 0 0 0 0 0 3 13 24 21 9 4 3 1 0 0 0 0 0 0 4 3 0 0 0 0 0 0 0 0 0 0 0 0 10 20 19 16 12 0 0 0 0 0 13 26 24 6 0 0 0 0 0 0 0 0 0 0 0 0 0 0 0 0 4 40 50 26 4 0 0 0 0 0 0 0 0 0 0 0 0 0 0 0 0 0 0 0 2 9 18 19 9 0 0 0 0 0 0 0 0 0 0 0 0 0 1 2 1 0 0 0 0 0 0 0 0 0 0 0 0 0 0 12 21 0 0 0 0 1 0 0 0 1 3 3 1 0 0 0 0 0 0 0 0 0 0 0 1 1 1 3 4 4 3 1 0 0 0 0 0 0 0 1 3 4 4 3 1 0 0 0 1 3 5 6 5 3 1 0 0 0 0 0 0 0 0 0 0 -2147483648 
-2147483648 0 0 0 0 0 0 0 0 0 0 0 0 0 0 0 0 0 0 0 0 1 2 0 0 0 0 0 0 2 10 18 10 0 0 0 6 7 0 0 6 15 9 0 0 0 10 22 24 10 0 0 15 38 40 21 5 0 0 0 1 0 0 0 0 0 0 0 0 0 0 0 3 5 10 13 8 3 1 1 2 0 0 0 0 0 10 4 0 0 0 0 0 0 0 0 0 0 0 0 0 9 15 14 10 2 0 0 0 0 0 0 0 0 0 0 0 0 0 0 0 0 0 0 0 0 0 0 0 0 0 22 52 48 21 5 0 0 1 1 0 0 0 0 0 0 0 0 0 0 0 0 0 0 0 2 11 19 19 11 5 3 0 0 0 2 6 4 1 0 0 0 0 0 0 0 0 1 2 1 0 0 0 0 0 0 0 0 0 0 18 24 0 0 0 0 0 0 0 0 0 0 0 0 0 0 0 0 0 0 0 0 0 0 0 0 0 0 0 0 0 0 0 0 0 0 0 1 1 0 0 1 3 4 4 4 2 0 0 2 2 0 0 0 0 0 0 0 0 0 0 0 0 0 0 -2147483648 
-2147483648 0 0 0 0 0 0 0 0 0 2 4 3 2 2 1 0 1 4 6 5 4 4 4 3 0 0 4 7 16 29 21 0 0 2 9 14 7 2 11 16 4 0 0 6 13 24 24 8 0 0 1 16 40 43 20 5 5 3 0 0 0 0 1 0 0 0 0 0 0 1 2 2 4 6 4 1 0 0 0 0 0 0 0 5 12 5 0 0 0 0 0 1 3 4 3 2 2 1 0 4 11 11 5 0 0 0 0 0 0 0 0 0 0 0 0 0 0 0 0 0 0 0 0 0 0 0 0 0 2 13 25 27 18 8 1 0 2 3 1 0 0 0 0 0 0 0 0 0 0 0 0 0 0 0 3 10 17 18 12 6 4 3 0 0 3 8 6 3 1 0 0 0 0 0 0 0 1 2 2 2 2 3 3 0 0 0 0 0 0 20 20 0 0 0 0 0 0 0 0 0 0 0 0 0 0 0 0 0 0 0 0 1 1 0 0 0 0 0 0 0 0 0 0 0 0 0 1 3 3 1 0 0 0 0 0 0 0 0 0 0 0 0 0 0 0 0 0 0 0 0 0 0 0 0 -2147483648 
-2147483648 0 0 0 0 0 0 0 0 0 1 3 3 1 1 2 1 0 1 7 14 14 12 11 8 4 2 8 25 44 47 22 0 0 0 5 13 10 5 12 11 0 0 0 8 16 26 21 2 0 0 0 7 26 49 48 28 14 5 0 0 0 1 2 3 3 0 0 0 0 2 0 0 0 7 7 2 0 1 2 0 0 0 2 16 20 6 0 0 0 0 0 0 0 0 1 2 1 0 0 2 7 9 7 3 0 0 0 0 0 0 0 0 0 0 0 0 0 0 0 0 0 0 0 0 0 0 0 8 16 21 15 0 0 0 0 0 0 0 0 0 1 3 2 0 0 0 0 0 0 0 0 0 0 0 0 0 10 17 15 9 5 4 2 0 0 0 1 0 0 0 0 1 3 4 3 2 4 7 7 5 4 4 3 1 0 0 0 0 0 0 25 12 0 0 0 0 0 1 1 0 0 0 1 1 0 0 0 0 0 0 0 0 0 0 1 0 0 0 0 0 0 0 0 0 0 0 0 0 3 3 0 0 0 0 0 0 0 2 1 0 0 0 0 0 0 0 0 0 0 0 0 0 0 0 -2147483648 
-2147483648 0 0 0 0 0 0 1 2 1 0 0 0 0 0 0 0 0 0 7 12 10 7 5 5 6 9 21 33 24 0 0 0 0 2 12 13 8 12 7 0 0 1 7 18 28 20 3 0 0 1 6 15 31 52 53 30 11 5 1 0 1 3 4 10 14 9 0 0 0 0 0 0 0 5 4 2 1 0 0 0 0 9 20 19 7 0 0 0 0 0 0 0 0 0 0 0 0 0 0 2 5 5 2 0 0 0 0 0 0 0 0 0 0 0 0 0 0 0 0 0 7 10 6 0 0 0 7 17 24 21 9 0 0 3 5 5 2 0 0 0 0 0 0 0 0 0 0 0 0 0 0 0 0 0 0 0 6 9 7 6 5 5 5 0 0 0 0 0 0 0 1 3 3 2 2 3 5 5 3 2 2 1 0 0 0 0 0 0 0 0 29 10 0 0 0 0 1 0 0 0 0 0 0 0 0 0 2 1 0 0 0 0 0 0 0 0 0 0 0 0 0 0 0 0 0 0 0 0 0 0 0 0 0 0 0 0 0 0 0 1 1 0 0 0 0 0 0 0 0 0 0 0 0 0 -2147483648 
-2147483648 0 0 0 0 0 0 0 0 0 0 0 0 0 0 1 2 1 0 2 3 0 0 0 0 3 7 8 0 0 0 0 0 0 3 13 16 10 9 0 0 0 6 11 22 29 16 0 0 0 2 5 13 18 27 49 55 33 11 0 0 0 0 1 8 13 12 9 6 2 0 0 0 0 0 0 0 0 0 0 0 2 11 21 16 2 0 0 0 0 0 1 2 1 0 0 0 0 0 0 0 0 0 0 0 0 0 0 0 0 0 0 0 0 1 1 0 0 0 0 0 0 5 11 10 4 0 0 4 8 10 11 23 36 28 13 7 5 2 0 0 0 0 0 0 0 0 0 0 0 0 0 0 0 0 0 0 0 0 0 3 4 4 5 6 3 0 0 2 4 4 3 1 1 2 2 3 3 1 0 0 0 0 0 1 0 0 0 0 0 0 0 33 8 0 0 0 0 0 0 0 0 0 0 0 0 0 0 0 0 0 0 0 0 0 0 0 0 0 2 0 0 0 0 0 2 1 0 0 0 0 2 1 0 0 0 1 2 0 0 0 1 1 0 0 0 0 0 0 0 0 0 0 0 0 -2147483648 
-2147483648 0 0 0 0 0 0 0 0 0 0 0 0 0 0 0 0 0 1 1 0 0 0 0 0 0 0 0 0 0 0 0 4 8 20 27 15 0 0 0 0 4 11 22 25 12 0 0 0 0 6 13 14 10 17 42 56 38 11 0 0 0 0 0 0 0 2 8 12 14 17 13 6 2 0 0 0 0 1 3 6 13 17 9 0 0 0 0 0 0 0 0 0 0 0 0 0 0 0 0 0 0 0 0 0 0 0 32 48 30 6 0 0 0 0 0 0 0 0 0 0 0 0 7 10 2 0 0 0 0 0 4 29 46 33 13 3 1 2 0 0 0 2 4 4 2 0 0 0 0 0 0 0 0 0 0 0 0 0 0 0 0 0 2 7 10 9 8 7 5 4 3 1 1 2 1 0 0 0 1 2 1 0 1 1 0 0 0 0 0 0 3 37 5 0 0 0 0 0 0 0 0 0 0 0 0 0 0 0 0 0 0 0 0 0 0 0 0 0 0 0 0 0 0 0 0 0 0 0 0 0 0 0 0 0 0 0 0 0 0 0 0 0 0 0 0 0 0 0 0 0 0 0 0 0 -2147483648 
-2147483648 0 0 0 0 0 0 0 0 0 0 0 0 0 0 0 0 0 1 3 4 2 0 1 0 0 0 0 0 3 5 4 5 10 27 37 20 0 0 0 0 2 11 24 23 5 0 0 0 1 7 16 16 7 0 3 24 43 34 17 10 6 4 2 0 0 0 0 4 6 6 5 3 0 0 0 0 0 1 3 6 12 12 1 0 0 0 0 1 2 2 2 2 3 4 3 1 0 0 0 0 0 0 0 0 0 4 38 62 57 24 0 0 0 0 0 0 0 0 0 0 0 0 0 0 1 0 0 0 0 0 0 0 30 52 39 16 6 4 3 0 0 0 4 6 4 0 0 0 0 0 0 0 0 0 0 0 0 0 0 0 0 0 0 2 10 13 9 5 4 3 2 2 0 0 0 0 0 0 0 0 0 0 0 0 0 0 0 0 0 0 0 11 41 0 0 0 0 0 0 0 0 0 0 0 0 0 0 0 0 0 0 0 0 0 0 0 0 0 0 0 0 1 2 0 0 0 2 1 0 0 0 0 0 0 0 0 0 0 2 2 0 0 0 0 0 0 0 0 0 0 0 0 0 0 -2147483648 
-2147483648 0 0 0 0 0 0 0 0 0 0 1 3 3 0 0 0 0 0 2 4 2 0 0 0 0 0 0 0 12 14 12 13 25 33 15 0 0 0 0 3 12 25 22 4 0 0 3 8 13 16 12 5 0 0 2 25 47 42 27 19 14 13 13 9 7 17 39 58 52 24 5 2 0 0 0 2 2 3 6 11 9 0 0 0 0 1 2 2 4 6 5 4 4 3 1 0 0 0 0 0 0 0 0 0 0 12 32 42 36 4 0 0 0 0 0 0 0 0 0 0 0 0 0 0 0 0 0 0 0 0 0 11 48 72 56 27 12 6 4 4 4 4 4 4 5 7 7 4 0 0 0 0 0 0 0 0 0 0 0 0 0 0 0 0 2 4 3 2 3 3 1 0 0 0 0 0 1 4 5 2 0 0 0 0 0 2 0 0 0 0 0 17 44 0 0 0 0 0 0 1 1 0 0 0 0 0 1 3 3 1 0 1 3 3 1 0 0 0 0 0 0 0 0 0 0 0 0 0 0 0 0 0 1 2 1 0 0 0 0 0 0 0 0 0 0 0 0 0 0 0 0 0 0 0 -2147483648 
-2147483648 0 0 0 0 0 0 0 1 3 3 1 0 0 0 0 0 0 0 0 4 3 0 0 0 0 0 0 0 4 21 28 26 30 30 11 0 0 0 5 7 15 24 16 0 0 0 3 8 12 12 4 0 0 0 1 10 32 54 47 25 13 10 11 10 10 27 60 90 98 75 41 19 7 0 0 0 1 2 2 3 0 0 0 0 0 2 2 3 4 3 2 2 1 0 0 0 0 0 0 0 0 0 0 0 0 0 12 19 33 43 25 0 0 0 0 0 0 0 0 0 0 0 0 0 0 0 0 0 0 0 0 11 33 63 82 66 35 18 11 7 7 7 4 1 1 5 8 5 0 0 0 0 0 2 0 0 0 0 0 0 0 0 0 0 0 0 0 0 0 0 0 0 0 0 0 0 0 2 4 3 1 0 0 0 0 0 0 0 0 0 0 0 23 46 0 0 0 0 0 1 2 0 0 0 0 0 0 0 0 0 0 0 0 0 0 0 0 1 3 4 3 0 0 0 0 0 0 0 0 0 0 0 0 0 0 0 0 0 0 0 0 0 0 0 0 0 0 0 0 0 0 0 0 0 -2147483648 
-2147483648 0 0 0 0 0 0 1 2 1 0 0 0 0 1 2 1 0 1 3 2 0 0 0 0 0 0 0 0 18 48 54 43 29 11 0 0 0 8 8 15 23 14 0 0 0 0 1 4 4 0 0 0 0 0 2 10 29 52 49 29 15 4 0 0 14 43 56 57 57 45 25 12 2 0 0 0 2 2 2 0 0 0 0 1 2 3 4 4 3 2 3 3 1 0 1 2 2 2 0 0 0 0 0 0 4 13 14 17 42 72 59 10 0 0 0 0 0 17 6 0 0 0 0 0 0 0 0 0 1 6 10 14 17 31 57 61 39 21 12 6 4 3 0 0 0 2 0 0 0 0 0 0 0 0 0 0 0 0 0 0 0 0 0 0 0 0 0 0 0 0 0 0 0 0 0 0 0 0 0 0 0 0 0 0 0 0 0 0 0 0 0 0 28 48 0 0 0 0 0 0 0 0 0 0 1 2 0 0 0 0 0 0 0 0 0 0 0 0 0 0 0 0 0 0 0 0 0 0 0 0 0 1 1 0 0 0 0 0 0 1 2 2 2 1 0 0 0 0 0 0 0 0 0 0 -2147483648 
-2147483648 0 0 0 0 0 0 0 0 0 0 0 0 0 0 0 0 0 0 0 0 0 0 0 0 0 0 0 0 5 23 32 31 26 16 2 0 0 0 3 12 21 12 0 0 0 2 3 7 8 2 0 0 0 0 0 2 3 19 45 47 26 7 0 0 8 32 37 27 26 29 22 14 7 0 0 0 0 1 1 0 0 0 0 1 2 2 3 3 2 3 3 2 3 3 1 0 0 1 2 0 0 0 2 7 14 22 19 11 18 52 85 75 31 0 0 14 68 88 72 38 18 14 0 0 0 0 0 0 1 5 10 8 0 0 7 41 51 31 15 9 3 0 0 0 0 1 0 0 0 0 0 0 0 0 0 0 0 0 0 0 0 0 0 0 0 0 0 0 0 0 0 0 0 0 0 0 0 0 0 0 0 0 0 0 0 0 0 0 0 0 0 0 0 38 48 0 0 0 0 0 0 0 0 0 0 0 0 0 0 0 0 0 0 0 1 2 1 0 0 0 0 0 0 3 4 3 1 1 2 2 2 1 0 0 0 0 0 0 0 0 1 3 3 1 0 0 0 0 0 0 0 0 0 0 -2147483648 
-2147483648 0 0 0 0 0 0 0 0 0 0 0 0 0 0 0 0 0 0 0 2 0 0 0 0 0 0 0 10 13 0 0 0 6 3 0 0 0 0 4 13 9 0 0 2 4 7 12 11 5 2 0 0 0 0 2 0 0 7 34 40 20 6 3 5 15 21 15 9 12 20 20 10 0 0 0 0 0 0 0 0 0 0 0 1 2 1 0 0 1 2 1 1 2 2 2 1 0 0 0 0 0 2 8 5 16 21 12 7 18 48 84 94 56 7 13 58 84 90 85 61 41 40 4 0 0 0 0 2 5 8 10 5 0 0 14 40 49 31 13 5 1 0 0 0 0 0 0 0 0 0 0 0 0 0 0 0 0 0 0 0 0 0 0 0 0 0 1 0 0 0 0 1 2 0 0 0 0 0 0 0 0 0 0 0 0 0 0 0 0 0 0 0 0 38 43 0 0 0 0 0 0 0 0 0 0 0 0 0 0 0 0 0 0 0 0 0 0 0 0 0 0 0 0 0 0 0 0 1 2 1 0 0 0 0 0 0 0 0 1 2 1 0 0 0 0 0 0 0 0 0 0 0 0 0 -2147483648 
-2147483648 0 0 0 0 0 0 0 1 2 1 0 0 0 0 1 2 1 1 3 2 0 0 0 0 0 0 0 14 22 5 0 0 0 0 0 0 0 0 1 7 7 1 0 3 4 8 14 11 2 0 0 1 11 14 9 3 0 0 0 23 36 21 6 0 0 2 4 4 6 11 12 6 0 0 0 0 0 0 0 0 0 0 1 3 4 4 3 2 2 2 3 3 1 1 3 4 3 0 0 0 0 0 3 0 4 16 14 6 4 11 35 65 62 25 10 29 44 47 60 76 69 55 49 4 0 0 0 0 1 2 4 8 10 10 11 21 46 57 36 15 7 2 0 0 0 0 0 0 0 0 0 0 1 3 3 1 0 0 0 0 1 2 1 0 0 0 2 4 1 0 0 0 0 0 0 0 0 0 0 0 0 0 0 0 0 0 0 0 0 0 0 0 0 0 44 35 0 0 0 0 0 0 0 0 0 0 0 0 0 0 0 0 0 0 0 0 0 0 0 0 0 0 0 0 0 0 0 0 0 0 0 0 0 0 0 2 1 0 0 1 2 1 0 0 0 0 0 0 0 0 0 0 0 0 -2147483648 
-2147483648 0 0 0 0 0 0 0 0 0 0 0 0 0 0 0 1 1 1 5 7 2 0 0 0 0 3 14 18 3 0 0 0 0 0 0 0 0 0 3 4 4 4 4 5 10 14 9 1 0 0 5 17 18 9 1 0 0 0 0 6 33 24 9 0 0 0 0 3 10 17 12 3 0 0 0 0 0 0 0 0 0 0 0 1 3 4 4 4 4 4 4 3 2 2 1 0 0 0 0 0 0 0 0 2 12 13 6 0 0 0 12 5 0 0 1 12 12 16 35 55 53 39 37 7 0 0 0 0 0 0 0 2 10 14 15 27 53 62 40 18 8 3 2 1 0 0 0 0 0 0 0 1 3 4 3 0 0 0 0 0 0 0 0 0 0 0 0 0 0 0 0 0 0 0 0 0 0 0 0 0 0 0 0 1 2 1 0 0 0 0 0 0 0 3 46 29 0 0 0 0 0 0 0 0 0 1 3 3 1 0 0 0 0 0 0 0 0 0 0 0 0 0 0 0 0 0 0 0 0 0 0 1 3 3 1 1 1 0 0 0 0 0 0 0 0 0 0 0 0 0 0 0 0 0 -2147483648 
-2147483648 0 0 0 0 0 0 0 0 0 0 0 0 0 0 0 0 0 0 3 8 7 1 0 0 3 8 21 25 9 0 0 0 0 0 0 0 1 1 0 0 0 2 4 5 11 16 10 2 0 3 13 21 16 6 1 0 0 0 0 0 8 43 37 14 0 0 0 0 1 13 23 15 2 0 0 0 0 0 0 0 0 0 1 3 4 4 3 1 1 2 2 3 4 3 1 0 0 0 0 0 0 0 0 0 0 2 0 0 0 0 0 0 0 0 0 0 0 0 6 16 17 4 4 23 7 0 0 0 0 0 0 0 1 9 13 17 26 44 55 38 14 4 2 2 0 0 0 0 1 3 3 2 1 0 0 0 0 0 0 0 0 0 2 1 0 0 0 0 0 0 0 0 0 0 0 0 0 1 2 1 0 0 0 0 1 4 6 4 0 0 0 0 0 0 12 50 19 0 0 0 0 0 0 2 1 0 0 0 0 0 0 0 0 0 0 0 1 2 1 1 2 1 0 0 0 0 0 0 0 1 3 4 4 4 3 1 0 0 0 0 0 0 0 0 0 0 0 0 0 0 0 0 0 0 -2147483648 
-2147483648 0 0 0 0 0 0 0 0 0 1 1 0 0 1 2 1 0 0 2 3 0 0 0 0 5 19 33 24 5 0 0 0 0 0 0 0 8 4 0 0 0 4 8 13 14 8 3 2 7 17 20 13 5 2 3 2 0 0 0 0 14 47 41 14 0 0 0 0 1 15 24 15 1 0 0 0 0 0 0 0 0 3 5 6 5 4 3 1 0 0 0 1 2 1 0 1 0 0 0 0 0 0 0 0 0 0 0 0 0 0 0 0 0 0 0 0 0 0 0 0 0 0 0 3 9 0 0 0 0 0 0 0 1 8 12 9 10 31 53 43 18 6 4 3 1 0 0 1 2 1 0 0 0 0 0 0 0 1 2 1 0 0 0 0 0 0 0 2 3 1 0 1 3 3 1 0 0 0 0 0 0 0 1 3 5 7 7 4 1 0 0 0 0 0 20 53 15 0 0 0 0 0 0 0 1 2 1 0 0 0 0 0 0 0 0 1 3 3 1 0 0 0 0 1 2 1 0 0 0 1 2 1 0 0 0 0 0 1 1 0 0 0 0 0 0 0 0 0 0 0 0 0 0 0 -2147483648 
-2147483648 0 0 0 0 0 0 1 3 4 3 1 0 0 0 0 0 0 0 1 4 5 2 0 0 2 17 32 27 11 2 0 0 0 0 0 13 27 29 24 15 7 4 7 15 15 4 0 2 9 15 12 5 2 2 2 6 14 17 14 10 9 24 44 40 17 0 0 0 0 1 14 18 10 0 0 0 0 0 0 0 0 1 2 1 1 2 3 5 5 4 3 2 2 1 0 0 0 0 0 0 0 0 0 0 0 0 0 0 0 0 0 0 0 0 0 0 0 0 0 0 0 0 0 0 0 5 0 0 0 0 0 0 0 0 6 7 1 6 33 59 52 26 10 5 4 4 3 2 2 0 0 0 0 0 0 0 0 0 0 0 0 0 0 0 0 0 0 0 0 0 0 0 0 1 2 0 0 0 0 0 0 0 0 0 0 0 0 1 2 0 0 0 0 0 0 31 61 9 0 0 0 0 0 0 0 0 0 0 0 0 0 0 1 2 0 0 0 0 0 0 0 0 0 0 0 0 0 1 2 1 0 0 0 0 0 0 1 3 3 2 1 0 0 0 0 0 0 0 0 0 0 0 0 0 -2147483648 
-2147483648 0 0 0 0 0 0 0 0 0 0 0 0 0 0 0 0 0 0 3 8 7 2 0 2 15 32 27 9 3 5 6 4 0 0 0 1 7 18 23 13 0 0 12 19 11 1 1 9 13 9 3 0 2 3 2 9 27 41 42 36 26 29 43 35 7 0 0 0 0 0 5 7 6 3 0 0 0 0 0 0 1 3 4 4 4 3 2 3 3 2 3 3 2 3 3 0 0 0 0 0 1 0 0 0 0 0 0 0 0 0 0 0 0 0 0 0 0 0 0 0 0 0 0 0 0 4 0 0 0 0 0 0 0 0 3 5 3 7 28 56 58 34 14 6 4 4 4 2 0 0 0 0 0 0 0 0 0 0 0 0 0 0 0 0 0 0 0 0 0 0 0 0 0 0 0 0 0 0 0 0 0 0 0 0 0 0 0 0 0 0 0 0 0 0 2 36 64 8 0 0 0 0 0 1 2 0 0 0 0 0 0 0 0 0 0 0 0 0 0 0 0 0 0 0 0 0 0 0 0 0 0 1 1 0 0 1 2 0 0 0 0 0 1 1 0 0 0 0 0 0 0 0 0 0 -2147483648 
-2147483648 0 0 0 0 0 0 0 0 0 0 0 0 0 0 0 1 3 3 2 4 7 7 5 5 15 31 26 4 0 0 4 4 0 0 0 0 0 0 0 0 0 0 6 16 13 10 10 11 11 8 5 4 4 4 2 0 9 30 46 45 32 19 25 43 38 12 0 0 0 0 0 0 0 0 0 0 0 0 0 0 0 0 4 6 5 4 3 2 2 1 0 0 0 0 0 0 0 0 0 0 12 3 0 0 0 0 0 0 0 0 0 0 0 0 0 0 0 0 0 0 0 0 0 0 0 0 4 0 0 0 0 0 0 0 0 4 10 11 11 26 54 63 47 30 20 12 7 6 4 1 0 0 0 0 0 0 0 0 0 0 0 0 0 0 0 0 1 3 4 3 1 0 0 0 0 0 0 0 0 0 0 0 0 0 0 0 0 0 0 0 0 0 0 0 3 9 43 67 4 0 0 0 0 0 0 0 0 0 0 0 0 0 0 0 0 0 0 0 0 0 0 0 0 0 0 0 0 0 0 0 0 0 0 0 0 0 0 0 0 1 1 0 0 1 2 0 0 0 0 0 0 0 0 0 -2147483648 
-2147483648 0 0 0 0 0 0 0 0 1 2 1 0 0 0 1 3 3 1 1 4 7 8 7 12 29 29 1 0 0 0 0 0 0 0 4 0 0 0 0 0 0 0 10 12 14 17 17 13 8 4 3 5 4 1 0 0 6 24 35 31 20 11 22 49 52 21 0 0 0 0 0 0 0 0 0 0 0 0 0 0 0 0 1 1 1 3 3 1 0 0 0 0 0 0 0 0 0 0 0 16 11 4 0 0 0 0 0 0 0 0 0 0 0 0 0 0 0 0 0 0 0 0 0 0 0 0 0 0 0 0 0 0 0 0 0 4 11 14 14 24 51 73 76 69 50 25 10 6 5 3 2 1 0 0 1 2 1 1 3 4 3 0 0 1 1 0 0 0 2 3 1 0 0 0 1 2 1 0 0 0 0 0 0 0 0 0 0 0 0 0 0 0 0 0 8 12 44 62 0 0 0 0 0 0 0 0 2 3 2 3 3 1 0 0 0 0 0 0 0 0 0 0 0 0 0 0 0 0 0 0 0 0 0 0 0 0 0 0 0 0 0 1 0 0 0 0 0 0 0 0 0 0 0 0 -2147483648 
-2147483648 0 0 0 0 0 0 0 0 0 0 3 3 0 0 0 0 0 0 1 2 0 0 0 6 23 23 0 0 0 13 6 0 0 0 3 2 0 2 0 0 0 1 7 6 7 11 11 8 5 4 4 4 2 0 0 0 0 5 13 15 12 9 8 21 43 39 9 0 0 0 0 0 0 0 2 12 8 0 0 0 0 0 0 0 1 2 2 0 0 0 0 0 0 0 0 0 0 0 0 6 2 2 0 0 0 0 0 0 0 0 0 0 0 0 0 0 0 0 0 0 0 0 0 0 0 0 0 0 0 0 0 0 0 0 0 0 0 6 9 14 31 65 100 119 115 83 42 16 7 5 1 0 0 0 0 0 1 3 4 3 1 0 0 0 2 1 0 0 1 5 4 0 0 0 0 0 0 0 0 0 0 0 0 0 0 0 0 0 0 0 1 0 0 0 1 9 15 49 59 0 0 0 0 0 0 0 0 0 0 0 0 0 0 0 0 0 0 0 0 1 1 0 0 0 0 0 0 0 0 0 0 0 1 2 0 0 0 0 0 0 0 2 1 0 0 1 2 1 0 0 0 0 0 0 -2147483648 
-2147483648 0 0 0 0 0 0 0 0 0 1 2 2 2 1 0 0 0 0 3 3 1 0 3 21 25 0 0 0 2 11 0 0 1 7 0 0 2 4 4 3 4 8 7 2 1 3 4 4 4 5 6 3 0 0 0 0 0 1 2 1 2 6 8 17 34 36 17 0 0 0 0 0 0 0 0 9 16 0 0 0 0 0 0 0 0 0 0 0 0 0 0 0 0 0 0 0 0 0 0 0 0 0 0 0 0 0 0 0 0 2 7 8 3 0 0 0 0 0 0 0 0 0 0 0 0 0 0 0 0 0 0 0 0 0 0 0 0 0 2 14 34 61 87 104 108 87 48 20 10 6 2 0 0 0 0 0 0 0 0 0 0 0 0 0 0 0 0 4 9 7 2 0 0 0 0 0 0 0 0 0 0 0 0 0 0 0 0 0 0 0 0 0 0 0 5 10 18 50 52 0 0 0 0 0 0 0 0 0 0 0 0 0 0 0 0 0 0 2 1 0 0 0 0 0 0 0 0 0 1 2 1 1 3 3 0 0 0 0 0 0 0 0 1 1 0 0 0 0 0 0 0 0 0 0 -2147483648 
-2147483648 0 0 0 0 0 0 0 0 0 0 0 1 4 5 2 0 0 0 0 3 7 5 5 22 34 14 0 0 0 0 0 2 29 33 11 0 0 0 0 0 2 9 9 4 1 0 1 4 6 5 3 0 0 0 0 0 0 0 0 0 1 4 8 10 20 39 37 13 0 0 0 0 0 1 0 0 9 7 0 0 0 0 0 0 0 0 0 0 0 0 0 0 0 0 0 0 0 0 5 5 4 0 0 0 0 0 0 7 29 58 83 98 93 67 33 8 0 0 0 0 0 0 0 0 0 0 0 0 0 0 0 0 0 0 0 0 0 0 0 2 9 19 30 39 47 62 66 46 24 13 10 8 5 3 1 0 0 0 0 0 0 0 0 0 0 0 0 0 6 8 3 0 0 0 0 0 0 1 2 1 0 0 0 0 0 0 0 0 0 0 0 0 0 0 0 9 13 23 53 42 0 0 0 0 0 0 0 0 1 2 1 0 0 0 0 0 0 0 0 0 0 1 3 3 2 2 1 0 1 3 4 4 3 2 2 1 0 0 0 0 0 0 0 0 0 0 0 0 0 0 0 0 0 0 -2147483648 
-2147483648 0 0 0 0 0 0 0 0 0 0 0 0 0 0 0 0 0 0 0 6 9 8 18 31 22 9 7 0 0 0 12 36 28 0 0 0 0 0 0 0 7 13 7 1 1 3 3 1 1 2 0 0 0 0 0 0 0 0 0 0 0 0 2 8 23 42 39 13 0 0 0 0 0 0 0 0 0 0 0 0 0 0 0 0 0 0 0 0 0 0 0 0 0 0 0 0 28 22 17 16 0 0 0 0 0 12 50 99 137 159 167 170 170 158 132 91 42 9 0 0 0 0 0 0 0 0 0 0 0 10 0 0 0 0 0 0 0 0 0 0 0 3 5 0 4 34 59 48 26 14 9 7 5 3 2 2 1 0 0 0 0 0 0 0 0 0 0 0 0 0 0 0 0 0 0 0 0 0 0 0 0 0 0 0 0 0 0 0 0 0 0 0 0 0 0 11 12 26 56 35 0 0 0 0 0 0 0 0 0 0 0 0 0 0 0 1 2 1 1 3 3 1 0 0 0 0 0 0 0 0 0 0 0 0 0 0 0 0 0 0 0 0 0 0 0 0 0 0 0 0 0 0 0 0 -2147483648 
-2147483648 0 0 0 0 0 0 0 0 0 0 0 0 0 0 0 0 0 0 0 0 0 0 7 17 12 0 14 48 56 31 26 39 14 0 0 0 2 0 0 0 3 12 10 4 2 3 3 1 0 0 0 0 0 0 4 4 0 0 0 0 0 0 0 0 4 23 45 40 14 5 8 5 1 0 0 0 0 0 0 0 0 0 0 0 0 0 0 0 0 0 0 0 0 0 0 28 35 22 8 2 0 0 0 0 18 61 117 152 152 134 116 105 111 136 166 179 158 103 40 6 0 0 0 0 0 0 0 0 0 0 9 0 0 0 0 0 0 0 0 1 0 0 0 0 0 10 50 67 50 28 14 6 3 1 0 0 1 3 4 4 3 1 0 0 0 0 0 0 0 0 0 1 0 0 0 0 0 0 0 0 0 0 0 0 0 0 0 0 0 0 0 0 0 0 0 0 10 12 33 62 29 0 0 0 0 0 0 0 0 0 0 0 1 3 3 1 0 0 1 2 0 0 0 0 0 0 2 4 3 0 0 0 0 0 0 0 0 0 0 0 0 0 1 3 4 4 3 1 0 0 0 0 0 0 -2147483648 
-2147483648 0 0 0 0 0 0 0 0 1 3 4 4 3 2 3 4 4 1 0 0 0 2 10 9 0 0 18 42 32 22 28 1 0 0 0 8 11 3 0 2 11 10 4 1 1 1 0 0 0 0 0 0 1 3 4 2 0 0 0 0 0 0 0 0 0 13 40 50 34 16 8 6 5 4 3 0 0 0 0 0 0 0 0 0 0 0 0 0 0 0 0 0 0 22 36 28 9 0 0 0 0 0 13 55 111 142 128 91 59 39 29 26 31 46 72 111 147 141 83 23 1 0 0 0 0 0 0 0 0 0 0 0 0 0 0 0 2 2 3 2 0 0 0 0 5 29 48 58 53 36 18 6 0 0 0 0 0 3 3 1 0 0 1 2 0 0 0 0 0 2 3 0 0 0 0 0 0 0 0 0 0 0 0 0 0 1 1 0 0 0 0 0 0 0 0 0 13 16 39 66 24 0 0 0 0 0 0 0 0 0 0 0 0 0 0 0 0 1 2 0 0 0 0 0 0 1 2 1 0 0 0 0 0 0 0 0 1 2 1 0 1 3 3 1 0 0 0 0 0 0 0 0 0 0 -2147483648 
-2147483648 0 0 0 0 0 0 0 0 0 0 0 0 0 1 2 2 2 0 0 0 14 14 15 15 2 0 0 0 0 0 12 0 0 0 0 0 0 0 0 5 15 13 4 0 0 3 3 0 0 0 0 0 2 0 0 0 2 0 0 0 0 0 0 0 3 6 20 47 55 31 10 6 5 5 5 3 3 3 0 0 0 0 0 0 0 0 0 0 0 0 0 0 16 29 30 18 5 0 0 0 0 0 27 84 126 115 73 37 19 12 5 0 0 0 0 16 49 100 138 110 42 5 0 0 0 0 0 0 0 0 0 0 0 0 0 0 2 6 6 7 6 1 0 3 15 24 28 45 76 86 61 28 9 3 1 0 0 0 0 0 0 0 0 0 0 0 0 0 0 0 0 0 0 0 0 2 1 0 0 0 0 0 0 0 0 0 0 0 0 0 0 0 0 0 0 0 4 14 16 44 71 20 0 0 0 0 0 0 0 0 0 0 0 0 0 0 0 1 2 1 1 3 3 1 0 0 0 0 0 0 0 0 0 0 0 0 0 1 2 1 0 0 0 0 0 0 0 0 0 0 0 0 0 0 -2147483648 
-2147483648 0 0 0 0 0 0 0 1 2 0 0 0 0 0 0 0 0 0 0 11 16 17 20 13 6 7 0 0 0 12 0 0 0 0 0 0 0 0 0 11 15 6 0 0 2 3 4 0 0 0 0 0 0 0 0 0 0 0 0 0 0 0 1 6 8 10 21 42 48 29 12 4 0 0 0 1 18 46 58 43 19 4 0 0 0 0 0 0 0 0 3 14 25 21 10 7 9 1 0 0 0 39 87 98 68 33 10 0 0 0 0 0 0 0 0 0 11 54 107 110 51 7 0 0 0 0 0 0 0 0 0 0 0 0 0 0 3 9 9 8 6 3 8 19 22 20 31 60 90 96 69 32 12 7 6 6 4 1 1 3 3 1 1 3 4 3 1 0 0 0 0 0 0 0 3 4 3 1 0 1 2 1 0 1 2 1 0 0 0 0 0 0 0 0 0 0 2 11 14 43 68 16 0 0 0 0 0 0 0 0 0 0 0 0 0 0 0 0 0 0 0 0 0 0 0 0 0 0 0 0 0 0 0 0 2 4 3 2 2 2 2 1 0 0 1 2 1 0 0 0 0 0 0 0 -2147483648 
-2147483648 0 0 0 0 0 0 1 2 1 0 0 0 0 0 0 0 0 0 0 8 9 12 21 19 8 10 8 0 18 25 0 0 0 0 0 0 0 0 0 7 16 10 3 3 4 4 4 2 0 0 0 0 0 0 0 0 0 0 0 0 0 0 0 2 0 0 0 7 32 44 31 14 3 0 0 0 10 55 109 129 105 57 15 0 0 0 0 0 0 1 8 18 19 12 5 3 4 0 0 0 8 60 98 81 38 6 0 0 0 0 0 0 0 0 0 0 0 1 31 80 96 50 8 0 0 0 0 0 0 0 0 0 0 0 0 0 0 4 9 8 5 4 6 11 14 12 14 27 42 60 76 64 33 12 5 4 3 1 1 3 4 4 4 4 5 5 1 0 0 0 0 0 0 0 2 1 0 0 1 1 0 0 2 2 2 1 0 0 0 0 0 0 0 0 0 0 0 3 12 18 48 65 9 0 0 0 0 0 1 2 1 0 0 0 0 0 0 0 0 0 0 0 0 0 1 2 1 1 2 1 0 0 0 0 0 0 0 0 0 0 0 0 0 0 0 0 0 0 0 0 0 0 0 0 -2147483648 
-2147483648 0 0 0 0 0 0 0 0 0 0 0 0 0 0 0 0 0 0 6 8 8 17 19 6 0 0 0 20 19 0 0 0 0 0 0 0 0 0 15 26 17 6 4 4 4 3 0 0 0 0 0 0 0 0 0 0 0 0 0 0 0 0 3 1 0 0 0 3 31 49 37 16 7 6 8 24 59 98 128 143 135 88 26 0 0 0 0 1 9 25 36 35 27 16 5 0 0 0 0 9 57 88 66 22 0 0 0 0 0 0 0 0 0 0 0 0 0 0 16 64 95 60 13 0 0 0 0 0 0 0 0 0 0 0 0 0 0 3 6 5 3 2 3 5 6 5 6 6 0 4 38 51 31 13 5 1 1 3 4 4 5 6 4 2 3 3 1 0 0 1 2 0 0 0 0 0 0 1 2 0 0 0 0 0 0 0 0 0 0 0 0 0 0 0 0 0 0 4 12 22 51 59 3 0 0 0 0 0 0 0 0 0 1 3 3 1 1 2 1 0 0 0 0 1 2 2 3 4 4 3 2 3 4 3 1 0 0 0 0 0 0 0 0 0 0 0 0 0 0 0 0 0 0 0 -2147483648 
-2147483648 0 0 0 0 0 0 0 0 0 0 0 0 0 0 2 0 0 0 0 5 9 18 21 11 0 0 0 11 0 0 0 0 0 0 0 0 0 0 11 25 18 4 0 1 2 0 0 0 0 0 1 4 9 12 6 0 0 0 0 0 0 0 5 3 0 0 0 0 9 37 55 43 23 16 17 29 53 66 67 81 111 139 121 53 7 0 2 13 34 55 67 70 64 44 20 0 0 0 0 12 56 71 42 4 0 0 0 0 0 0 0 0 0 0 0 0 0 0 0 12 64 100 64 14 0 0 0 0 3 24 57 62 35 6 0 0 0 0 0 0 0 0 0 0 0 0 0 0 0 0 6 48 53 31 16 9 5 5 6 6 7 6 2 0 0 1 3 3 1 0 1 3 3 0 0 0 0 0 0 0 0 0 0 0 0 0 0 0 0 0 1 0 0 0 0 0 0 0 6 12 26 58 57 0 0 0 0 0 0 0 0 0 0 0 0 1 2 1 0 0 1 2 2 3 3 1 0 0 0 0 1 2 1 0 1 2 1 0 1 2 1 1 2 2 2 1 0 0 0 0 0 0 0 0 -2147483648 
-2147483648 0 0 0 0 0 0 0 0 1 2 1 0 0 0 0 0 0 1 4 7 16 23 17 2 0 0 11 0 0 0 0 0 0 0 0 0 0 0 0 0 0 0 0 2 0 0 0 0 0 3 5 10 16 7 0 0 0 1 4 5 3 2 1 0 0 0 0 0 8 31 54 52 30 15 13 19 26 24 20 30 63 119 133 67 11 14 50 94 119 124 127 126 104 62 10 0 0 0 15 56 70 39 0 0 0 0 0 0 0 0 0 0 0 0 0 0 0 0 0 9 55 88 56 12 0 0 0 2 27 81 116 98 52 14 0 0 0 0 0 0 0 0 0 0 0 0 0 0 0 17 41 50 40 23 13 9 7 5 5 7 6 2 0 0 0 0 0 0 0 1 5 5 3 1 0 0 0 0 0 0 0 0 0 0 0 0 0 0 0 0 0 0 0 0 0 0 0 0 6 12 30 62 53 0 0 0 0 0 0 0 0 0 0 0 0 0 0 0 0 0 0 0 0 0 0 0 0 0 0 0 2 1 0 0 0 0 0 0 1 2 0 0 0 0 0 0 0 0 0 0 0 0 0 0 -2147483648 
-2147483648 0 0 0 0 0 0 0 0 0 0 0 0 0 0 0 0 0 3 4 4 9 13 11 0 0 2 7 0 0 0 0 0 0 0 0 0 0 0 0 0 0 0 0 0 0 0 0 0 1 2 3 4 1 0 0 2 8 8 7 12 17 14 6 0 0 0 0 0 0 5 25 50 51 30 14 7 2 1 2 2 7 28 78 107 68 43 84 133 149 144 136 126 114 90 34 0 0 0 17 54 65 34 0 0 0 0 4 0 0 0 0 0 0 0 1 3 3 1 0 0 9 47 74 43 7 0 0 0 19 63 91 90 74 44 13 0 0 0 0 0 0 0 0 0 0 0 0 0 0 14 19 6 2 11 15 13 11 7 3 4 6 6 6 5 4 3 1 0 0 0 0 3 4 4 3 0 0 0 0 0 0 0 0 0 0 0 0 1 3 3 1 0 0 0 0 0 0 0 0 8 12 32 65 49 0 0 0 0 0 0 0 0 0 0 0 0 0 0 0 0 0 0 0 0 0 0 0 0 0 0 0 0 0 0 0 0 0 0 0 0 0 0 0 0 0 0 0 0 0 0 0 0 0 0 -2147483648 
-2147483648 0 0 0 0 0 0 0 0 0 0 0 1 1 0 0 0 6 7 3 4 3 0 0 0 0 0 0 0 0 0 0 0 0 0 0 0 0 0 0 0 0 0 0 0 0 0 0 0 3 4 2 0 0 0 21 25 16 9 7 12 16 12 5 2 3 4 3 0 0 3 19 42 51 35 13 0 0 0 0 0 0 7 43 80 78 82 102 99 83 70 57 48 47 26 0 0 0 12 40 51 27 0 0 0 8 5 0 0 0 0 0 0 0 1 2 1 0 0 0 0 3 41 68 35 3 0 0 9 32 45 41 45 50 37 14 0 0 0 0 0 0 0 0 0 0 0 0 3 16 14 0 0 0 5 14 15 12 8 5 4 4 5 6 4 1 1 3 3 0 0 0 0 0 0 0 0 0 1 2 1 0 0 0 0 0 0 1 3 3 2 3 3 0 0 0 0 0 0 0 8 12 35 68 46 0 0 0 0 0 0 1 3 3 0 0 0 0 0 0 0 0 0 0 0 0 0 0 0 0 0 0 0 0 0 0 0 0 0 0 0 0 2 1 0 0 0 0 0 0 0 0 0 0 0 -2147483648 
-2147483648 0 0 0 0 0 0 0 0 0 0 0 0 0 0 0 0 7 8 3 3 2 0 0 0 0 0 0 0 0 0 0 0 0 0 0 0 0 0 0 0 0 0 0 0 0 0 0 0 1 2 0 0 0 0 0 4 5 3 0 0 0 3 3 2 4 6 5 3 0 0 0 17 45 61 48 14 0 0 0 0 0 0 0 18 43 53 53 43 30 22 14 9 8 3 0 0 0 9 33 45 25 0 0 4 16 7 0 0 0 0 3 4 3 2 2 1 0 0 0 0 0 6 43 61 26 0 0 3 13 20 15 14 29 40 26 2 0 0 0 0 0 0 0 0 0 0 0 12 22 17 2 0 5 14 17 18 17 16 15 11 6 4 4 3 1 0 0 0 0 0 0 0 0 0 0 1 0 0 0 0 0 1 2 1 0 0 0 0 0 0 0 0 0 0 0 0 0 0 0 0 7 13 40 70 37 0 0 0 0 0 0 0 0 0 0 0 0 0 0 0 0 0 1 3 3 2 1 0 0 0 0 0 0 0 0 0 0 0 0 0 0 1 2 1 0 0 0 0 0 0 0 0 0 0 -2147483648 
-2147483648 0 0 0 0 0 0 0 0 0 0 0 0 0 0 0 6 9 5 3 3 0 0 0 0 0 0 0 0 0 1 0 0 0 0 0 0 0 0 0 1 0 0 0 0 0 0 3 4 3 0 0 0 0 0 0 0 0 0 0 0 0 0 0 3 4 4 4 3 0 0 0 15 44 65 58 28 0 0 0 0 0 0 0 0 0 0 0 0 0 0 0 0 0 0 0 0 5 27 47 33 7 0 8 17 9 0 0 0 1 3 4 4 3 1 1 3 3 1 0 0 0 10 39 48 19 0 0 0 0 0 0 5 13 0 0 0 0 0 0 0 0 0 0 0 0 0 7 13 10 5 19 45 51 42 38 35 27 20 16 11 6 3 2 3 3 1 0 1 2 1 2 4 3 3 3 1 0 0 0 0 0 0 0 0 0 0 0 0 0 0 0 0 0 0 0 0 0 0 0 0 7 13 40 67 28 0 0 0 0 0 0 0 0 3 4 3 1 0 1 2 1 1 2 1 1 2 1 0 0 0 0 0 0 0 0 0 0 0 0 0 0 0 0 0 0 0 0 0 0 0 0 0 0 0 -2147483648 
-2147483648 0 0 0 0 0 0 1 2 2 2 1 0 0 0 0 9 8 4 3 3 4 0 0 0 0 0 0 0 0 0 0 0 0 0 0 0 0 0 0 9 20 22 15 8 8 10 7 2 0 0 0 0 0 2 0 0 0 0 0 0 0 0 0 0 2 1 0 0 0 0 0 0 9 32 53 57 36 0 0 0 0 0 0 0 0 0 0 0 0 0 0 0 0 0 0 0 0 16 40 33 11 8 19 21 7 0 0 1 3 4 4 3 2 2 2 2 1 0 0 0 1 3 17 38 32 9 0 0 0 0 0 0 0 0 0 0 0 0 0 0 0 9 21 19 8 0 0 2 0 0 2 34 70 89 100 105 89 58 33 19 11 6 3 2 3 4 4 4 4 3 1 0 0 0 0 0 0 0 0 0 0 0 0 0 0 1 2 1 0 0 0 0 0 0 0 0 0 0 0 0 0 8 16 50 78 28 0 0 0 0 0 0 0 0 1 2 2 3 4 3 1 0 0 0 0 0 0 0 0 0 0 0 0 0 0 0 0 0 0 0 0 0 0 0 0 0 0 0 0 0 0 0 0 0 -2147483648 
-2147483648 0 0 0 0 0 0 0 1 3 4 4 3 6 19 26 16 6 3 1 0 0 0 0 0 0 0 1 2 2 0 0 0 0 0 0 0 0 0 0 10 19 19 14 12 10 5 1 0 1 6 15 20 17 11 5 0 0 0 0 0 0 0 0 0 0 2 1 0 0 0 0 0 1 16 41 57 43 7 0 0 0 0 0 0 0 0 0 0 0 0 0 0 0 0 0 0 10 27 27 14 10 17 16 2 0 0 3 3 1 1 3 4 4 3 1 0 1 3 3 1 0 1 20 37 18 0 0 0 0 0 0 0 0 0 0 0 0 0 0 0 8 36 38 27 13 2 0 0 0 0 12 43 78 103 116 119 106 74 40 19 10 8 7 6 6 5 4 4 3 1 0 0 0 0 0 0 0 0 0 0 0 0 0 0 1 3 3 1 1 2 1 0 0 0 0 0 0 0 0 0 0 7 16 53 80 26 0 0 0 0 0 0 0 0 0 0 0 1 2 1 0 0 0 0 2 1 0 0 0 0 0 0 0 0 1 3 4 3 1 0 0 0 0 0 0 0 0 0 0 0 0 0 0 0 -2147483648 
-2147483648 0 0 0 0 0 0 0 1 2 2 3 4 8 19 24 16 8 4 1 0 0 0 0 0 0 0 0 0 1 3 3 0 0 0 0 0 0 0 0 0 12 15 8 4 2 0 0 3 6 6 9 17 24 25 21 14 8 4 1 0 0 0 0 0 0 3 3 1 0 0 0 0 0 0 3 27 49 41 15 0 0 0 0 0 0 0 0 0 0 0 0 0 0 0 0 0 8 23 25 15 12 13 4 0 0 0 3 3 1 0 1 3 4 4 3 2 3 3 2 2 1 0 5 23 31 13 0 0 0 0 0 0 0 0 0 0 0 0 0 0 0 9 29 25 10 0 0 0 0 0 7 20 34 47 51 54 71 89 84 58 31 16 11 10 8 5 4 4 4 4 3 2 1 0 0 0 0 2 0 0 0 0 0 0 0 0 0 0 0 0 1 3 4 1 0 0 0 0 0 0 0 0 6 17 55 77 20 0 0 0 0 0 0 1 2 2 1 0 0 0 0 0 0 0 0 0 0 1 3 4 4 3 1 0 0 0 0 0 0 0 0 0 0 0 0 2 1 0 0 0 0 0 0 0 -2147483648 
-2147483648 0 0 0 0 0 0 1 2 1 0 0 3 7 7 5 4 4 3 2 7 13 9 4 5 3 0 0 0 0 0 1 1 0 0 0 0 0 0 0 0 7 6 0 0 0 0 0 2 0 0 0 3 8 14 21 22 15 7 3 0 0 0 0 0 0 0 2 2 1 0 0 0 0 0 0 16 42 46 24 0 0 0 0 0 1 0 0 0 0 0 0 0 0 0 0 0 9 22 19 12 10 1 0 0 0 0 0 1 3 2 0 0 1 3 4 3 2 2 1 1 2 1 6 14 10 2 0 0 0 0 0 0 0 0 0 4 0 0 0 0 0 0 8 2 0 0 0 0 0 0 0 0 5 12 14 21 44 77 95 80 49 26 15 10 7 6 5 3 2 2 1 0 0 0 1 3 5 5 2 1 2 1 0 0 0 0 0 0 0 1 2 1 0 0 0 0 0 0 0 0 0 0 8 20 55 71 14 0 0 0 0 0 0 0 1 2 1 0 0 0 1 3 4 3 0 0 0 0 0 0 0 1 3 4 3 1 0 0 0 0 2 1 0 0 0 0 0 0 0 0 0 0 0 0 -2147483648 
-2147483648 0 0 0 0 0 0 0 0 0 0 0 0 0 0 0 0 0 1 3 10 30 42 27 9 1 0 0 0 0 0 0 0 0 0 0 0 0 0 0 0 0 0 0 0 0 0 0 1 0 0 0 0 0 0 4 13 21 23 18 9 0 0 0 0 0 0 0 2 1 0 1 0 0 0 0 0 15 38 38 15 0 0 0 0 0 0 0 0 0 0 0 0 0 0 0 0 7 19 20 12 1 0 0 0 0 0 1 4 6 4 0 0 0 1 2 1 0 1 2 1 0 0 0 6 12 6 0 0 0 0 0 0 0 0 3 13 21 15 1 0 0 0 0 0 0 0 0 0 0 0 0 0 0 0 2 5 11 28 57 83 81 53 27 14 8 4 1 0 0 0 0 0 0 1 2 3 3 1 0 0 0 0 0 0 1 2 1 0 0 0 0 0 0 0 0 0 0 0 0 0 0 0 2 8 23 59 66 4 0 0 0 0 0 0 0 0 1 1 0 0 0 0 1 2 1 0 1 2 1 0 0 0 0 0 0 0 0 0 0 0 0 0 0 0 0 0 0 0 0 0 0 0 0 0 -2147483648 
-2147483648 0 0 0 0 0 0 0 1 2 1 0 0 0 0 0 0 0 0 4 7 5 0 0 0 0 0 0 0 0 0 0 0 0 0 0 0 0 0 0 0 0 0 0 0 0 0 1 0 0 0 0 0 0 0 0 5 13 21 21 14 7 0 0 0 0 0 0 1 2 4 3 0 0 0 0 1 11 35 47 28 2 0 0 0 0 0 0 0 0 0 0 0 0 0 0 1 4 6 3 0 0 0 0 0 1 3 5 6 5 4 3 2 2 1 0 1 2 1 1 2 1 0 1 6 9 4 0 0 0 0 0 0 0 0 5 13 10 0 0 0 0 0 0 0 0 0 0 0 0 0 0 0 0 0 0 0 3 13 33 61 71 50 26 13 5 1 0 0 0 0 0 0 2 0 0 0 0 0 0 0 0 0 2 2 2 0 0 0 0 0 0 0 0 0 0 0 0 0 0 0 0 0 2 7 23 58 60 0 0 0 0 0 0 0 0 0 0 0 0 0 0 0 0 0 1 3 4 3 1 0 0 0 0 0 0 0 0 0 0 0 0 1 0 0 1 1 0 0 0 0 0 0 0 0 -2147483648 
-2147483648 0 0 0 0 0 0 0 0 0 0 0 0 0 0 0 0 0 0 4 2 0 0 0 0 0 0 0 0 0 0 0 0 0 0 0 0 0 0 0 0 0 0 0 0 0 0 0 0 0 0 0 0 0 0 0 0 0 3 10 17 18 11 0 0 0 0 0 1 3 5 4 0 0 0 0 0 0 12 42 58 40 13 0 0 0 0 0 0 0 0 0 0 0 0 0 0 0 0 0 0 0 0 0 0 0 1 3 4 4 4 4 4 4 3 2 3 4 3 2 3 3 1 0 0 0 0 0 0 0 11 35 37 13 0 3 6 2 0 0 0 0 0 0 0 0 0 0 2 8 14 16 13 6 1 0 0 0 1 5 19 47 64 49 24 10 5 4 3 1 0 0 2 4 2 0 0 0 0 0 0 0 0 3 4 3 1 0 0 0 0 0 0 0 0 0 0 0 0 0 0 0 0 0 5 10 30 65 56 0 0 0 0 0 0 0 0 0 0 2 1 0 0 0 0 2 4 3 1 0 0 1 3 3 1 0 0 0 0 0 0 0 0 0 0 0 3 3 1 0 0 0 0 0 0 -2147483648 
-2147483648 0 0 0 0 0 0 0 0 0 0 0 0 0 0 0 1 3 5 5 3 4 7 7 5 3 0 0 0 0 0 0 0 0 0 0 0 0 0 0 0 0 0 0 0 0 0 0 0 0 0 0 0 0 0 0 0 0 1 6 14 17 12 1 0 0 0 1 2 4 4 0 0 0 0 0 0 0 7 32 54 47 31 19 4 0 0 0 0 0 0 0 0 0 0 0 1 2 0 0 0 0 0 1 3 3 2 3 5 6 6 7 7 5 4 4 4 3 2 2 2 3 3 0 0 0 0 0 0 18 73 121 95 29 3 6 0 0 0 0 0 0 0 0 0 0 0 1 4 4 5 7 6 1 0 0 0 0 0 0 9 38 58 54 52 49 30 13 6 3 1 0 1 2 2 2 0 0 0 0 0 0 0 0 0 0 2 4 2 0 0 0 0 0 0 0 0 0 0 0 0 0 0 0 3 9 32 62 44 0 0 0 0 0 0 0 0 0 0 0 0 0 0 0 0 0 0 0 0 1 2 3 3 1 1 3 3 1 1 2 2 1 0 0 0 0 0 0 0 0 0 0 0 0 0 -2147483648 
-2147483648 0 0 0 0 0 0 0 0 0 0 0 1 3 3 1 1 3 5 4 0 1 6 9 10 9 6 2 0 0 0 0 0 0 0 0 0 0 0 0 0 0 0 0 0 0 0 0 0 0 0 0 0 0 0 0 0 0 0 0 3 11 18 17 6 0 0 0 0 1 0 0 0 0 0 0 0 0 0 1 22 44 46 48 51 33 13 13 15 6 0 0 0 0 0 0 0 0 0 0 0 0 4 6 6 7 7 5 4 5 8 10 8 5 4 4 4 4 4 3 1 1 2 1 0 0 0 0 0 13 53 100 118 83 25 0 0 0 0 0 0 0 0 0 0 0 0 0 0 0 0 0 0 0 0 0 0 0 0 0 0 6 37 74 107 123 101 53 19 7 2 0 0 1 5 5 4 3 0 0 0 0 0 0 0 0 1 3 3 0 0 0 0 0 0 0 0 0 2 1 0 0 0 0 0 1 8 37 66 37 0 0 0 0 0 0 0 0 0 0 0 0 0 0 0 0 0 0 0 0 0 0 0 0 2 4 4 3 1 1 3 4 4 5 6 4 1 0 0 0 0 0 0 0 0 -2147483648 
-2147483648 0 0 0 0 0 0 0 0 0 0 0 1 2 2 3 4 5 4 0 0 0 0 0 0 0 0 0 0 0 0 0 0 0 0 0 0 0 0 0 0 0 0 0 0 0 0 0 0 0 0 0 0 0 0 0 0 0 0 0 0 6 14 16 7 0 0 0 0 0 0 0 0 0 0 0 0 0 0 2 17 40 46 54 76 78 64 48 32 37 64 84 73 37 8 0 0 0 0 0 0 1 4 6 6 7 8 7 5 5 7 8 8 7 5 4 4 4 3 1 0 0 1 0 0 0 0 0 3 18 35 46 66 62 19 0 0 0 0 0 0 0 0 0 0 0 0 0 0 0 0 0 0 0 0 0 0 0 0 0 0 10 43 84 105 109 96 58 23 10 6 2 1 3 4 4 3 2 2 1 1 2 1 1 2 1 0 0 0 0 0 0 1 2 0 0 0 0 2 1 0 0 0 0 0 5 12 45 73 31 0 0 0 0 0 0 0 0 0 0 0 0 0 0 0 0 0 0 0 0 0 0 0 2 1 1 2 2 2 2 2 2 3 4 3 1 0 0 0 0 0 0 0 0 0 -2147483648 
-2147483648 0 0 0 0 0 0 0 0 0 0 1 1 0 0 1 4 7 4 0 0 0 0 0 0 0 0 0 0 0 0 0 0 0 0 0 0 0 0 0 0 0 0 0 0 0 0 0 0 0 0 0 0 0 0 0 0 0 0 0 0 0 0 0 8 6 0 0 0 0 0 0 0 0 0 0 0 0 0 0 2 18 44 49 46 64 75 58 48 79 127 159 172 150 85 23 1 0 0 0 0 2 4 5 6 5 5 6 5 3 1 1 4 6 5 4 4 3 1 1 3 3 2 0 0 0 0 0 0 9 22 21 35 74 75 30 0 0 0 0 0 0 0 0 0 0 0 0 0 0 0 0 0 0 0 0 0 0 0 2 7 7 12 28 38 42 63 79 56 22 8 4 1 0 0 0 0 0 0 1 3 3 1 0 0 0 0 0 0 0 0 0 2 3 0 0 0 0 0 0 0 0 0 0 0 0 4 12 50 79 30 0 0 0 0 0 0 0 0 1 3 3 1 0 0 0 0 0 0 0 0 0 0 0 0 0 0 0 0 0 0 0 0 0 0 0 0 0 0 0 0 0 0 0 0 -2147483648 
-2147483648 0 0 0 0 0 0 0 0 0 0 0 0 1 2 3 5 1 0 0 0 0 0 0 0 0 0 2 1 0 0 0 0 0 0 0 0 0 0 0 0 0 0 0 0 0 0 0 0 0 0 0 0 0 0 0 0 0 0 0 0 0 0 0 9 7 0 0 0 0 0 0 0 0 0 0 0 0 0 0 0 14 38 45 32 24 23 28 59 103 121 121 132 128 77 22 2 0 0 0 0 5 7 8 7 6 6 5 4 3 1 0 1 3 4 4 3 2 3 4 3 2 1 0 0 0 0 0 7 19 19 13 37 97 129 87 24 0 3 28 74 96 74 38 20 0 0 0 0 0 0 0 0 0 0 0 0 0 9 10 5 1 2 4 3 11 38 60 49 23 9 3 0 0 1 0 0 0 1 3 3 1 0 0 0 0 0 0 0 0 0 0 2 0 0 0 0 0 0 0 0 0 0 0 0 0 4 13 52 80 30 0 0 0 0 0 0 0 0 0 0 0 0 0 0 0 0 0 0 0 0 0 0 0 0 0 0 0 0 0 0 0 0 0 1 3 3 1 0 0 0 0 0 0 0 -2147483648 
-2147483648 0 0 0 0 0 0 0 0 0 0 0 0 0 1 5 7 0 0 0 0 1 7 4 0 0 0 3 3 1 0 1 2 2 1 0 0 0 0 0 0 0 0 0 0 0 0 0 0 0 0 0 0 0 0 0 0 0 0 0 0 0 0 0 0 1 5 0 0 0 0 0 0 0 0 0 0 0 0 0 0 0 11 36 45 29 18 20 29 43 48 41 38 54 68 47 14 0 0 0 0 0 0 3 4 4 4 5 6 6 6 5 4 4 4 4 3 2 3 3 1 0 0 0 0 0 0 1 10 26 28 13 7 39 108 153 117 42 7 33 88 118 116 95 58 37 22 0 0 0 0 0 0 0 0 0 0 0 5 6 1 0 0 0 0 0 0 18 46 49 27 10 3 0 0 0 0 0 0 0 0 0 0 0 0 0 0 0 0 0 0 2 1 0 0 0 0 0 0 0 0 0 0 0 0 0 1 7 18 55 74 21 0 0 0 0 0 0 0 0 0 0 0 0 0 0 0 0 0 0 0 0 0 0 0 0 0 0 0 0 0 1 3 4 4 3 1 0 0 0 0 0 0 0 0 -2147483648 
-2147483648 0 0 0 0 0 0 0 0 1 2 1 0 0 3 6 1 0 0 0 2 8 11 6 2 3 2 0 0 0 0 2 1 0 0 0 0 0 0 0 0 0 0 0 0 0 0 0 0 0 0 0 0 0 0 0 0 0 0 0 0 0 0 0 0 0 0 1 0 0 0 0 0 0 0 0 1 3 3 1 1 4 12 32 47 36 19 12 7 3 4 7 12 33 47 25 3 0 0 0 0 0 0 1 3 4 5 7 8 8 7 5 3 2 3 3 2 2 1 0 0 0 0 0 0 0 1 8 27 40 27 8 5 22 58 103 107 51 21 45 61 60 70 79 65 51 43 0 0 0 0 0 0 0 0 0 0 0 0 0 0 0 0 0 0 0 0 16 50 52 25 7 2 0 0 0 3 3 1 0 0 0 0 0 1 2 1 0 1 3 4 2 0 0 0 0 0 0 0 0 0 0 0 0 0 0 0 4 18 55 67 14 0 0 0 0 0 0 0 0 0 1 2 1 1 3 4 3 1 1 2 2 3 3 1 0 0 0 0 2 3 1 1 2 0 0 0 0 0 0 0 0 0 0 0 -2147483648 
-2147483648 0 0 0 0 0 0 0 0 0 0 0 0 1 5 5 0 0 0 0 0 2 6 8 7 6 5 1 0 0 0 0 0 0 0 0 0 0 0 0 0 0 0 0 0 0 0 0 0 0 0 0 0 0 0 0 0 0 0 0 0 0 0 0 0 0 0 0 0 1 0 0 2 1 0 1 2 1 0 1 5 10 10 11 29 43 29 13 0 0 0 0 1 10 21 18 4 0 0 0 0 0 3 3 3 6 8 7 6 6 5 4 3 2 3 3 2 2 1 0 1 2 0 0 0 0 0 3 16 30 27 14 5 2 6 24 56 59 22 3 8 10 17 39 56 49 43 40 0 0 0 0 0 0 3 5 5 2 0 0 0 0 0 0 0 0 0 3 33 61 55 24 5 2 3 5 6 5 4 4 4 4 3 2 3 3 0 0 0 2 2 2 1 0 0 0 0 0 0 0 0 0 0 0 0 0 0 0 6 27 62 61 3 0 0 0 0 0 0 0 0 0 1 2 1 0 1 2 1 1 3 4 4 3 0 0 0 3 3 1 0 0 0 0 0 0 0 0 0 0 0 0 0 0 0 -2147483648 
-2147483648 0 0 0 0 0 0 0 0 0 0 0 0 1 0 0 0 0 0 0 0 0 0 0 0 0 0 0 0 0 0 0 0 0 0 0 0 0 0 0 0 0 0 0 0 0 0 0 0 0 0 0 0 0 0 0 0 0 0 0 0 0 0 0 0 0 0 0 0 0 1 2 0 0 0 0 0 0 0 3 9 7 2 4 22 37 29 17 0 0 0 0 0 2 0 0 0 0 0 0 0 0 0 1 3 4 3 2 3 4 5 6 5 4 3 2 2 1 0 0 0 0 0 0 0 0 0 0 4 8 5 1 0 0 0 0 0 0 0 0 0 0 0 15 23 16 17 30 4 0 0 0 0 0 6 10 8 4 1 0 0 0 0 0 0 0 0 13 36 57 51 24 7 5 7 7 4 1 1 3 4 4 3 2 1 0 0 0 0 0 0 1 3 3 0 0 0 0 0 0 1 2 0 0 0 0 0 0 5 26 60 52 0 0 0 0 0 0 0 0 0 0 0 0 0 0 0 0 0 0 0 0 0 0 0 0 0 1 2 1 0 0 0 0 1 3 1 0 0 0 0 0 0 0 0 -2147483648 
-2147483648 0 0 0 0 0 0 0 0 0 0 0 0 0 0 0 0 0 0 0 0 0 0 0 0 0 0 0 0 0 0 0 0 0 1 2 1 0 0 0 0 3 3 0 0 0 0 0 0 0 0 0 0 0 0 0 0 0 0 0 0 0 0 0 0 0 0 0 0 0 0 2 2 0 0 0 0 0 2 10 12 5 0 0 3 25 46 40 24 0 0 0 0 0 0 0 0 0 0 0 0 0 0 0 3 4 4 4 4 4 5 6 5 4 3 2 2 1 1 3 3 1 0 0 0 0 0 0 0 0 0 0 0 0 0 0 0 0 0 0 0 0 0 0 0 0 0 0 29 8 0 0 0 0 2 12 12 7 3 1 0 0 0 0 0 0 0 10 21 33 40 31 15 6 5 7 7 4 1 0 1 2 2 3 2 0 0 0 0 0 0 0 0 3 3 0 0 0 0 0 0 0 0 0 0 0 0 0 0 3 32 65 45 0 0 0 0 0 0 0 0 0 0 0 0 0 0 0 0 0 0 0 0 0 0 0 0 0 0 0 2 0 0 0 0 0 0 0 0 0 0 0 0 0 0 -2147483648 
-2147483648 0 0 0 0 0 0 0 0 0 0 0 0 0 0 0 0 0 0 0 0 0 0 0 0 0 0 0 2 6 6 2 0 0 0 0 2 1 0 1 2 0 0 0 0 0 0 0 0 0 0 0 0 0 0 0 0 0 0 0 0 0 0 0 0 0 0 0 0 0 0 0 4 3 0 0 0 5 12 11 4 0 0 2 7 27 52 47 21 0 0 0 0 0 0 0 0 0 0 0 0 0 0 1 2 2 2 3 4 4 3 1 1 3 4 3 1 1 3 4 4 0 0 0 0 7 13 14 0 0 0 0 0 0 0 0 0 0 0 0 0 0 0 0 0 0 0 0 16 7 0 0 0 0 3 7 4 1 0 0 0 0 0 0 0 0 7 14 11 0 0 0 7 9 11 12 10 6 4 4 3 1 1 2 1 0 0 0 0 0 0 0 1 2 0 0 0 0 0 0 0 0 0 0 0 0 0 0 1 9 40 68 37 0 0 0 0 0 0 0 0 0 0 0 0 0 0 0 0 0 0 0 1 3 3 0 0 0 0 0 0 1 4 5 1 0 0 0 0 0 0 0 0 0 0 -2147483648 
-2147483648 0 0 0 0 0 0 0 0 0 0 0 0 0 0 1 3 3 0 0 0 2 4 1 0 0 0 3 4 3 0 0 0 0 0 1 2 1 1 2 1 0 0 0 0 0 0 0 0 0 0 0 0 0 0 0 0 0 0 0 0 0 0 0 0 0 0 0 0 0 0 0 0 4 8 7 4 3 5 4 1 0 1 4 6 8 25 47 42 16 0 0 0 0 0 0 0 0 2 0 0 0 0 0 1 1 0 1 2 2 2 1 1 3 4 4 4 4 3 0 0 0 0 0 0 14 19 18 7 0 0 0 0 0 0 0 0 0 0 0 0 0 0 0 0 0 0 0 0 18 14 0 0 0 0 0 0 0 0 0 0 0 0 0 0 1 10 13 4 0 0 0 3 16 29 38 33 20 12 9 6 3 2 0 0 0 2 2 2 1 1 2 1 0 0 0 0 0 0 0 0 0 0 0 0 0 0 0 0 4 12 48 75 35 0 0 0 0 0 0 3 2 0 0 0 0 0 0 0 0 0 0 0 0 0 1 1 0 0 0 0 0 1 2 1 0 0 0 0 0 0 0 0 0 0 -2147483648 
-2147483648 0 0 0 0 0 0 0 0 0 0 0 0 0 0 0 0 0 0 1 4 9 12 10 7 4 2 3 1 0 0 0 2 2 3 3 2 2 1 0 0 0 0 0 0 0 0 0 0 0 0 0 0 0 0 0 0 0 0 0 0 0 0 0 0 0 0 0 0 0 0 0 0 0 10 13 9 5 4 4 4 5 5 2 0 2 17 41 44 23 0 0 0 0 0 0 0 4 15 4 0 0 0 0 0 1 3 3 1 1 3 4 4 3 2 3 4 3 1 0 0 0 0 0 11 12 9 5 0 0 0 0 0 0 0 0 0 0 0 0 0 0 0 0 0 0 0 0 2 27 28 0 0 0 0 0 0 0 0 0 0 0 0 0 1 10 14 10 2 1 9 16 24 41 64 84 83 55 25 9 3 3 3 0 0 1 2 3 3 1 0 0 0 0 0 0 0 0 0 0 0 0 0 0 0 0 0 0 0 3 10 49 79 37 0 0 0 0 0 0 0 0 0 0 0 0 0 0 0 0 0 0 0 0 0 1 2 1 0 0 0 0 0 0 0 0 1 2 1 0 0 0 0 0 0 -2147483648 
-2147483648 0 0 0 0 0 0 0 0 0 0 0 0 0 0 0 0 0 0 2 0 3 13 15 8 1 0 0 0 0 0 0 2 5 5 3 1 1 2 1 0 0 0 0 0 0 0 0 0 0 0 0 0 0 0 0 0 0 0 0 0 0 0 0 0 1 0 0 0 0 0 0 0 0 0 0 2 4 1 0 0 2 1 0 0 1 3 17 41 43 18 0 0 0 0 0 0 5 18 31 15 0 0 0 0 0 3 3 2 2 2 3 4 3 1 0 0 0 0 0 0 0 0 0 13 8 3 2 0 0 0 0 0 0 0 0 0 0 0 0 0 0 0 0 0 0 0 0 0 9 31 36 0 0 0 0 0 0 0 0 0 0 0 0 3 10 11 8 9 27 48 50 51 66 86 106 123 117 79 38 16 8 4 1 0 0 0 0 0 0 0 0 0 0 0 0 0 0 0 0 3 3 1 0 0 0 0 0 0 0 2 15 59 85 37 0 0 0 0 0 0 0 3 3 1 1 2 0 0 0 0 0 0 0 0 0 0 2 3 2 2 1 0 0 0 1 3 3 1 0 0 0 0 0 0 -2147483648 
-2147483648 0 0 0 0 0 0 0 0 0 0 0 0 0 0 0 0 0 0 0 2 8 12 8 1 0 0 0 0 0 0 0 4 10 8 3 2 1 0 0 0 1 0 0 0 0 0 0 0 0 0 0 0 0 0 0 0 0 0 0 0 0 0 0 0 0 0 0 0 0 0 0 0 0 0 0 0 0 0 0 0 0 0 2 4 4 3 11 34 42 20 0 0 12 9 0 4 13 18 23 14 0 0 0 0 0 1 3 4 3 1 1 2 1 0 0 0 0 0 0 0 0 0 22 15 9 6 0 0 0 0 0 0 0 0 0 0 0 0 0 0 0 0 0 0 0 0 0 0 0 24 38 0 0 0 0 0 0 0 0 0 0 0 8 13 12 7 3 11 39 69 82 89 95 90 79 81 90 73 37 15 8 4 2 3 4 1 0 0 0 0 0 1 3 2 0 0 0 0 0 0 0 0 0 0 0 0 0 0 0 5 21 61 78 30 0 0 0 0 0 0 0 0 1 3 4 4 4 3 1 0 1 3 3 1 0 0 0 0 0 0 0 0 0 1 3 3 1 0 0 0 0 0 0 0 -2147483648 
-2147483648 0 0 0 0 0 0 0 0 0 0 0 0 0 0 0 0 0 0 0 0 3 5 6 5 3 1 0 0 0 0 0 0 1 2 1 1 2 2 3 5 6 5 3 0 0 0 1 0 0 0 0 0 0 0 0 0 0 0 1 1 0 0 0 0 0 0 0 0 0 0 0 0 0 0 0 0 0 0 0 0 0 0 4 6 5 3 0 8 33 42 22 11 27 38 25 12 10 7 4 9 0 0 0 0 0 0 0 2 4 3 1 0 0 0 1 2 1 0 0 0 0 0 23 23 18 14 6 0 0 0 0 0 0 0 0 0 0 0 0 0 0 0 0 0 0 0 0 0 0 0 17 41 5 0 0 0 0 0 0 0 0 0 7 12 13 8 2 2 14 46 83 98 90 68 41 23 31 56 56 29 11 7 4 2 2 1 0 0 0 0 0 0 0 0 0 0 0 2 0 0 0 0 0 0 0 0 0 0 0 0 1 19 61 73 21 0 0 0 0 0 0 0 0 0 0 1 3 4 3 0 0 0 0 0 1 2 0 0 0 0 0 0 0 0 0 0 0 0 0 0 0 0 0 0 -2147483648 
-2147483648 0 0 0 0 0 0 0 0 0 0 0 0 0 0 0 0 0 0 0 0 1 4 3 2 1 0 1 2 0 0 0 0 0 0 0 2 3 5 6 4 1 1 3 2 0 0 0 0 0 0 0 0 0 0 0 0 0 0 2 1 0 0 0 0 0 0 0 0 0 0 0 0 0 0 0 3 15 15 7 1 3 6 5 4 2 0 0 6 29 38 27 27 46 55 39 16 0 0 0 4 3 0 0 0 0 0 0 0 0 0 0 0 0 0 0 0 0 0 0 0 12 16 13 14 9 0 0 0 0 0 0 0 0 0 0 0 0 0 0 0 0 0 0 0 0 0 0 0 0 0 5 33 7 0 0 0 0 0 0 0 2 8 10 8 3 0 0 4 14 38 63 66 48 24 2 0 13 48 54 27 4 0 0 0 0 0 0 0 0 0 0 0 0 0 0 0 0 0 0 0 0 0 0 0 0 0 0 0 0 0 1 22 61 64 12 0 0 0 0 0 0 0 0 0 0 0 0 0 0 0 0 0 0 0 0 0 0 0 0 0 0 0 0 0 0 0 0 0 0 0 0 0 0 0 -2147483648 
-2147483648 0 0 0 0 0 0 0 0 0 0 0 0 0 0 0 1 2 1 0 0 1 3 2 0 0 1 5 5 4 3 0 0 0 0 0 2 1 0 0 0 0 0 0 0 0 0 0 0 2 1 0 0 0 0 0 0 0 0 1 4 2 0 0 0 0 0 0 0 0 0 0 0 0 0 0 0 0 5 2 0 4 6 6 4 0 0 0 0 13 34 39 26 21 32 39 26 2 0 0 0 6 16 0 0 0 0 0 0 0 0 0 0 0 0 0 0 0 0 0 0 14 16 8 5 0 0 0 0 0 0 4 23 55 84 105 112 95 55 15 0 0 0 0 0 0 0 0 0 0 0 0 11 32 8 0 0 0 0 0 0 4 11 14 11 5 1 1 2 3 9 21 30 27 13 0 0 0 26 53 49 19 0 0 0 0 0 0 0 0 0 0 0 0 0 0 0 0 0 0 0 0 0 1 2 1 0 0 0 0 0 1 6 29 65 57 4 0 0 0 0 0 0 0 0 0 0 1 2 2 3 3 1 0 0 0 0 1 2 2 3 3 1 0 0 0 0 0 0 0 0 0 0 0 0 -2147483648 
-2147483648 0 0 0 0 0 0 0 0 0 0 0 0 0 3 4 3 0 0 0 0 2 5 4 2 2 2 3 4 4 3 0 0 0 0 0 0 0 0 0 0 3 4 4 4 3 0 0 0 0 0 0 0 0 0 0 0 0 0 0 3 3 1 0 0 0 0 0 0 0 0 0 0 0 0 0 0 0 0 0 0 0 0 0 0 0 0 0 3 16 32 34 19 11 17 21 11 0 0 0 3 13 30 27 0 0 0 0 0 0 0 0 0 0 0 0 0 0 0 0 0 15 18 14 4 0 0 0 0 9 40 83 115 131 141 150 155 156 150 116 55 11 0 0 0 0 0 0 0 0 0 0 13 35 19 0 0 0 0 5 11 13 14 12 7 3 3 3 2 3 6 10 10 1 0 0 0 12 31 55 54 26 5 0 0 0 0 1 1 0 0 0 0 0 0 0 0 0 1 3 3 2 3 3 0 0 1 1 0 0 0 1 5 34 68 49 0 0 0 0 0 0 0 0 0 1 2 1 0 1 2 2 3 3 1 0 0 0 0 0 2 2 2 1 0 0 0 0 0 0 0 0 0 0 0 -2147483648 
-2147483648 0 0 0 0 0 0 1 2 1 0 0 1 2 1 0 0 1 3 3 1 2 7 10 7 2 0 0 0 0 1 3 3 2 2 1 0 0 0 0 1 3 4 5 7 5 0 0 0 0 0 0 0 0 0 0 0 0 0 0 0 0 0 0 0 0 0 0 0 0 0 0 0 0 0 0 0 0 0 0 0 0 0 0 0 0 0 0 0 0 11 36 42 27 17 18 21 19 13 5 0 0 0 10 22 0 0 0 0 0 0 0 0 0 0 0 0 0 0 0 0 0 1 3 1 0 0 0 8 46 91 119 115 89 65 51 50 70 113 155 161 114 42 4 0 0 0 0 0 0 0 0 0 5 29 20 0 0 0 0 6 12 11 8 4 1 1 3 4 3 2 2 0 0 0 0 1 14 20 38 67 67 37 14 8 10 10 5 2 2 1 0 1 3 4 3 1 1 2 2 3 3 2 2 1 1 2 0 0 0 0 0 0 6 41 75 45 0 0 0 0 0 0 0 0 0 1 2 1 0 0 0 1 2 1 0 0 0 0 0 0 0 0 0 0 0 0 0 0 0 0 0 0 0 0 -2147483648 
-2147483648 0 0 0 0 0 0 0 0 0 0 3 3 0 0 0 0 1 2 2 2 3 5 4 1 0 0 0 0 0 1 2 1 0 0 0 0 3 4 3 1 0 1 3 3 1 0 0 0 0 0 0 0 0 0 2 4 4 3 1 0 1 2 1 0 0 0 0 0 1 1 0 0 0 0 0 0 0 0 0 2 2 0 0 0 0 0 0 0 0 11 39 47 32 20 20 27 31 20 0 0 0 0 0 20 26 10 0 0 0 0 0 0 0 0 0 0 0 0 0 0 0 0 0 0 0 0 31 76 103 90 57 31 18 12 9 9 11 19 55 116 138 86 22 0 0 0 0 0 0 0 0 0 0 24 28 0 0 0 0 0 1 3 0 0 1 1 1 2 0 0 0 0 0 0 5 13 14 13 30 63 69 39 16 13 13 9 4 2 2 1 0 1 3 4 2 0 0 0 0 1 2 2 3 4 3 1 0 0 0 0 0 0 6 46 81 43 0 0 0 0 0 0 0 0 0 0 0 0 0 1 2 1 0 0 0 0 1 2 0 0 0 0 0 0 0 0 0 0 0 0 0 0 0 0 -2147483648 
-2147483648 0 0 0 0 0 0 0 0 0 0 0 0 0 0 0 0 0 0 0 0 1 4 5 3 2 0 0 0 0 0 0 0 0 0 0 0 0 5 5 3 1 0 0 0 0 0 0 0 0 0 0 0 0 0 2 6 8 6 1 0 0 3 4 4 4 4 3 2 3 3 2 3 4 3 0 0 0 0 0 9 13 11 3 0 0 0 0 0 0 0 3 29 42 31 22 27 35 33 17 0 0 12 26 31 41 48 47 43 28 0 0 0 0 0 0 0 0 0 5 8 10 10 0 0 0 5 55 89 80 48 25 16 12 9 8 8 8 8 9 19 67 129 110 34 0 0 0 0 0 0 0 0 0 2 28 31 0 0 0 0 0 0 0 0 0 0 0 0 0 0 0 0 0 3 17 20 13 5 5 26 62 69 39 16 12 11 9 7 5 4 4 3 1 0 0 0 0 0 0 0 0 0 0 0 2 1 0 0 0 0 0 0 0 8 53 87 41 0 0 0 0 0 0 0 0 0 0 0 0 0 0 0 0 1 0 0 0 0 0 0 0 0 0 0 0 1 2 1 0 0 0 0 0 0 -2147483648 
-2147483648 0 0 0 0 0 0 1 2 0 0 0 0 0 2 1 0 0 0 0 0 0 0 0 0 0 0 1 2 0 0 0 0 0 0 0 0 0 1 0 0 0 0 0 0 0 0 0 0 0 0 0 0 0 0 3 6 10 9 1 0 0 0 1 4 6 6 5 3 2 2 3 2 0 0 0 0 0 0 0 0 0 0 0 0 0 0 0 0 0 0 5 29 44 35 28 34 38 37 35 50 88 106 84 58 45 32 25 28 28 25 20 12 7 4 1 0 1 2 2 5 8 0 0 0 13 61 77 51 25 16 11 7 7 8 8 7 6 6 6 8 32 92 117 63 11 0 0 0 0 0 0 0 0 0 20 31 0 0 0 0 0 0 0 0 0 2 1 0 0 0 0 0 0 0 6 7 2 0 3 22 58 70 41 13 6 6 5 4 4 5 7 7 6 6 2 0 0 0 0 0 0 0 0 1 2 1 0 0 0 0 0 0 0 7 51 85 40 0 0 0 0 0 0 0 0 1 3 4 2 0 0 0 0 0 0 0 0 0 0 0 0 1 1 0 0 0 0 0 0 0 0 0 0 0 -2147483648 
-2147483648 0 0 0 0 0 0 1 2 2 2 1 0 0 0 0 0 1 2 1 0 0 0 1 0 0 0 1 0 0 4 6 5 3 0 0 0 0 0 0 1 3 4 3 2 3 4 3 1 0 1 3 4 4 5 6 5 4 5 6 4 0 0 0 0 0 0 0 0 0 0 0 0 0 0 0 0 0 0 0 0 0 0 0 0 0 0 2 1 0 0 0 3 23 40 33 23 24 27 37 71 115 135 128 104 71 42 19 3 0 0 1 0 0 0 0 0 0 0 0 1 5 0 0 0 19 63 63 35 18 12 7 2 1 3 3 2 3 3 2 3 4 16 71 112 66 11 0 0 0 0 0 0 0 0 0 15 27 0 0 0 0 0 0 0 0 0 0 0 0 0 0 0 0 0 0 0 0 0 0 1 19 57 75 47 15 4 1 1 3 4 4 4 5 6 3 0 0 0 0 0 0 0 2 1 0 0 0 0 0 0 0 0 0 1 12 60 92 42 0 0 0 0 0 0 1 3 3 2 2 1 0 0 0 0 1 0 0 1 1 0 0 0 0 0 0 0 0 0 0 0 0 0 0 0 -2147483648 
-2147483648 0 0 0 0 0 0 0 1 2 1 0 0 0 0 0 1 2 0 0 0 2 8 11 7 3 0 0 0 0 4 6 5 3 1 2 5 4 2 4 7 7 6 7 8 7 5 3 0 0 0 3 5 7 6 1 0 0 0 6 6 2 1 2 0 0 0 0 0 0 0 0 0 0 0 0 0 0 0 0 0 0 0 0 0 0 1 4 4 0 0 0 0 9 29 29 18 13 15 36 68 75 69 83 100 101 88 55 10 0 0 0 0 0 6 25 26 17 10 9 9 0 0 0 12 45 43 22 13 10 6 5 5 3 2 1 2 5 5 4 4 4 9 46 83 55 11 0 0 0 0 0 0 0 12 34 40 38 4 0 0 0 0 0 0 0 0 0 0 0 0 0 0 0 0 1 0 0 0 0 0 14 52 74 50 18 5 2 3 4 3 1 0 0 0 0 0 0 0 0 0 0 0 0 0 0 0 0 0 0 0 0 0 0 4 15 60 86 35 0 0 0 0 0 0 0 0 0 0 0 3 3 1 0 0 0 0 0 0 1 3 3 1 0 0 0 0 0 0 0 0 0 0 0 0 -2147483648 
-2147483648 0 0 0 0 0 0 0 1 1 0 0 0 0 0 0 0 0 0 0 0 1 6 11 9 4 0 0 0 0 0 0 0 0 0 0 0 0 0 2 3 1 0 1 3 4 5 6 3 0 0 0 0 0 0 0 0 0 3 11 11 6 4 4 3 1 2 5 4 0 0 0 0 0 0 0 0 0 0 0 0 0 0 2 7 3 1 6 13 12 5 5 7 1 7 28 29 12 1 2 14 23 22 24 42 74 102 103 69 25 7 23 49 63 77 104 122 109 73 36 11 0 0 0 24 54 41 17 9 7 5 5 7 8 7 5 4 4 5 6 5 4 5 10 45 76 43 5 0 0 0 0 0 16 57 88 79 57 44 14 0 0 0 0 2 5 7 7 5 5 8 6 0 0 12 14 5 0 0 0 0 0 19 59 84 60 25 12 7 2 0 0 1 2 1 0 0 0 0 3 3 0 0 0 0 0 0 1 2 1 0 0 0 0 0 2 17 63 83 29 0 0 0 0 0 0 0 1 3 4 3 2 3 3 1 1 2 0 0 0 0 0 0 1 2 0 0 1 1 0 0 0 0 0 0 -2147483648 
-2147483648 0 0 0 0 0 0 0 0 1 2 0 0 0 0 0 0 0 0 0 0 4 12 14 8 1 0 0 0 2 4 2 0 0 0 0 0 0 0 0 0 0 0 0 0 0 1 1 1 1 0 0 0 0 1 3 3 3 9 12 6 2 1 0 0 0 0 0 0 0 3 2 0 0 0 0 0 5 0 0 0 0 0 9 11 6 7 11 14 12 2 0 5 4 9 28 30 16 1 0 0 0 0 7 15 31 54 66 58 51 69 108 143 155 147 141 143 125 78 33 4 0 0 22 62 53 23 10 7 6 7 7 6 6 6 7 7 5 5 6 5 4 4 7 40 68 35 2 0 0 0 0 16 52 74 74 60 45 45 24 0 0 0 0 0 3 4 4 4 7 12 13 16 23 20 8 1 0 0 0 6 16 30 62 88 70 34 15 7 3 1 0 1 3 3 1 0 1 3 3 1 1 2 1 0 0 0 0 0 0 0 0 0 0 0 3 20 62 75 22 0 0 0 0 0 3 3 3 4 2 0 0 0 0 0 0 0 0 0 0 0 0 0 0 0 0 0 0 0 0 0 0 0 0 0 -2147483648 
-2147483648 0 0 0 0 0 0 0 0 0 0 0 0 1 3 4 3 0 0 0 0 1 4 6 5 3 2 2 2 2 2 4 6 5 4 3 1 0 0 0 0 2 3 1 0 0 0 0 0 1 1 0 0 0 2 1 0 0 0 0 0 0 0 0 0 0 0 0 0 0 0 0 0 0 0 0 9 23 26 0 0 0 0 0 4 8 6 4 3 4 4 0 0 7 10 9 24 35 29 10 0 0 0 0 4 9 15 27 37 49 77 106 118 117 101 76 63 65 59 37 17 0 0 35 63 47 21 11 10 9 8 7 6 7 7 5 4 4 4 4 4 4 3 1 5 45 75 35 0 0 0 0 8 27 37 37 47 50 42 46 26 0 0 0 0 0 0 0 0 0 3 13 25 28 19 6 0 0 0 0 9 15 9 9 37 72 68 35 12 4 1 0 0 0 0 0 0 0 0 0 1 4 5 2 0 0 0 0 0 0 0 0 0 0 0 0 4 25 70 76 16 0 0 0 0 0 3 4 4 3 2 2 1 1 2 1 1 3 3 1 1 2 2 1 0 2 3 1 0 0 0 0 0 0 0 -2147483648 
-2147483648 0 0 0 0 0 0 0 0 0 0 0 2 3 1 0 0 0 0 0 0 0 0 2 1 1 2 1 0 0 0 0 1 2 3 4 3 2 2 1 1 2 1 1 3 5 6 5 3 2 0 0 0 0 0 0 0 0 0 0 0 0 0 0 0 0 0 0 0 0 0 0 0 1 7 10 6 0 0 0 0 0 0 0 0 0 0 0 0 1 7 7 4 10 14 15 33 46 36 14 0 0 0 0 0 5 10 15 20 32 48 48 36 25 17 11 8 11 13 8 0 0 31 58 43 19 10 8 8 7 5 4 4 4 4 4 3 2 2 1 1 3 4 4 9 50 80 37 0 0 0 0 3 6 5 13 37 51 42 40 37 0 0 0 0 0 0 0 0 0 0 8 16 13 3 0 0 0 1 12 7 0 0 0 8 52 61 33 10 3 3 3 0 0 1 0 0 0 0 0 0 0 0 0 0 0 0 0 0 0 0 0 0 0 0 2 6 29 72 71 9 0 0 0 0 0 4 6 5 5 6 6 6 5 4 4 4 4 4 3 1 0 0 0 0 1 2 1 0 0 0 0 0 0 0 -2147483648 
-2147483648 0 0 0 0 0 0 0 0 1 2 1 1 2 0 0 0 0 0 0 0 0 2 6 6 2 0 0 0 0 0 0 0 0 0 0 1 2 3 3 0 0 0 2 1 1 5 9 8 6 4 0 0 0 0 0 0 0 0 0 0 0 0 0 0 0 0 0 0 0 0 0 0 0 0 2 0 0 0 0 0 0 0 0 0 0 0 0 0 0 2 9 9 5 11 20 26 42 50 33 7 0 0 0 0 0 0 2 0 0 0 0 4 4 1 0 0 0 0 0 0 0 2 31 30 15 10 9 6 4 5 6 4 1 2 5 5 4 3 2 3 4 4 4 4 12 54 79 35 0 0 0 0 0 0 0 8 34 42 28 31 43 17 0 0 0 0 0 0 0 0 0 1 3 0 0 0 0 8 14 0 0 0 0 0 13 55 65 39 16 9 7 4 1 1 1 0 0 0 0 0 0 0 0 1 2 1 1 3 3 1 0 0 0 0 0 1 4 31 71 60 0 0 0 0 0 4 7 7 6 7 8 8 7 5 4 3 1 1 3 3 2 2 2 2 1 0 0 0 0 0 0 0 0 0 -2147483648 
-2147483648 0 0 0 0 0 0 0 0 0 1 2 0 0 0 0 0 1 2 1 1 3 4 4 4 3 1 0 0 0 0 2 1 1 3 3 1 0 0 0 2 0 0 1 2 2 1 0 3 6 3 0 0 0 0 0 0 0 0 0 0 1 2 0 0 0 4 5 1 0 0 0 1 0 0 0 0 0 0 0 0 0 0 0 0 0 0 0 0 0 0 5 7 8 17 26 29 43 60 48 18 0 0 0 0 0 0 0 0 0 0 0 0 0 0 0 0 0 0 0 0 7 32 31 16 11 13 11 6 5 7 7 4 2 2 1 1 3 4 4 4 4 4 4 5 15 55 76 33 0 0 0 0 0 0 0 1 6 0 0 6 13 0 0 0 0 0 0 0 0 0 0 0 0 0 0 0 8 8 0 0 0 0 0 0 20 59 72 44 16 5 2 3 2 0 0 0 0 1 1 0 0 1 2 1 0 0 0 0 0 0 0 0 0 0 0 2 6 33 70 55 0 0 0 0 0 6 9 12 13 11 9 6 4 3 1 0 1 3 4 4 3 1 0 0 0 0 0 0 0 0 0 0 0 0 -2147483648 
-2147483648 0 0 0 0 0 0 0 0 0 1 3 2 0 0 3 3 1 1 2 1 1 4 7 7 5 4 4 3 1 0 0 1 2 4 5 2 0 0 0 3 4 0 1 5 5 3 1 2 5 5 3 0 0 0 0 0 0 0 0 5 8 6 2 1 2 2 2 2 3 4 4 5 5 0 0 0 0 0 0 0 0 0 0 0 0 0 0 0 0 0 0 7 13 14 18 23 27 48 73 64 33 0 0 0 0 0 0 0 0 0 0 0 0 0 0 0 0 0 0 0 19 40 34 15 7 6 5 4 4 3 2 2 1 0 1 3 4 4 3 2 2 2 3 4 5 18 50 57 22 0 0 0 0 0 0 0 0 0 0 0 0 0 0 0 0 0 0 0 0 0 0 0 0 0 0 1 9 3 0 0 0 0 0 0 0 21 58 72 47 19 7 4 3 1 0 0 0 0 0 0 0 0 0 0 0 0 0 0 1 3 3 1 0 0 0 0 3 7 40 78 50 0 0 0 0 0 6 9 11 12 11 8 5 4 4 4 4 3 1 0 0 0 0 0 0 0 0 0 0 0 0 0 0 0 -2147483648 
-2147483648 0 0 0 0 0 0 0 1 2 1 0 1 2 1 0 0 0 1 3 3 2 5 9 7 2 0 0 0 0 0 0 0 2 1 0 0 0 0 0 0 0 2 2 2 0 0 0 0 0 0 0 0 0 0 1 2 0 0 1 2 2 2 3 2 0 0 0 0 0 1 2 0 0 1 6 8 7 3 0 0 0 0 0 0 0 0 4 0 0 0 0 7 12 10 9 11 15 33 68 86 66 32 0 0 0 0 0 0 0 0 0 0 0 0 0 0 0 0 2 14 28 31 17 6 4 4 5 6 4 1 1 4 6 5 4 4 3 2 3 4 3 1 0 1 3 16 36 31 9 0 0 0 0 0 0 0 0 0 0 0 0 1 0 0 0 0 0 0 0 0 0 0 0 1 11 13 0 0 0 0 0 0 0 0 1 16 50 73 54 23 9 4 1 0 0 0 0 0 0 0 0 0 0 0 1 3 4 4 3 1 0 0 0 0 0 0 5 11 45 76 42 0 0 0 0 0 6 8 9 10 9 8 8 8 7 5 3 1 0 0 1 3 4 4 4 4 3 1 0 0 0 0 0 0 -2147483648 
-2147483648 0 0 0 0 0 0 0 0 0 0 0 0 0 0 0 0 0 0 0 0 0 2 5 5 3 1 0 0 0 0 0 0 0 0 0 0 0 0 0 0 0 4 4 1 0 0 0 0 0 0 0 0 0 0 0 0 0 1 2 2 1 0 1 1 0 0 0 1 1 0 0 0 2 6 8 7 3 0 2 3 0 0 0 0 0 0 1 1 0 0 0 0 0 3 3 0 0 0 9 52 81 71 46 12 0 0 0 0 0 0 0 0 0 0 0 0 0 0 0 1 8 15 14 8 7 8 8 8 7 5 4 5 6 5 4 4 4 4 4 3 2 2 1 1 2 4 23 37 17 0 0 0 0 0 0 0 0 0 0 0 0 0 3 0 0 0 0 0 0 0 0 0 0 0 6 5 0 0 0 0 0 4 5 3 3 3 11 46 79 66 31 11 5 4 3 0 0 0 2 1 0 0 0 0 0 0 0 0 0 2 1 0 0 0 1 2 2 6 14 53 83 36 0 0 0 0 0 7 12 15 17 19 19 15 9 5 3 2 3 4 4 4 3 1 0 1 2 1 0 0 0 0 0 0 -2147483648 
-2147483648 0 0 0 0 0 0 0 0 0 0 0 0 0 0 0 0 0 0 0 0 0 4 7 3 0 1 2 3 5 5 3 1 0 0 1 3 4 3 0 0 1 5 5 3 2 2 1 0 0 0 0 0 6 25 38 40 38 29 16 8 5 3 1 1 3 5 5 2 2 5 5 4 2 0 0 0 0 0 0 0 0 0 0 0 0 0 0 0 0 0 0 0 0 0 0 0 0 0 0 11 41 45 30 9 0 0 0 9 26 24 8 0 0 0 0 0 0 0 0 0 2 6 6 7 7 6 6 6 7 7 5 4 4 4 4 4 4 3 2 2 1 1 3 3 2 4 12 16 7 0 0 0 0 0 0 0 0 0 0 0 0 0 0 0 0 0 0 0 0 0 0 0 0 0 0 0 0 0 0 0 0 0 1 6 9 5 14 52 89 82 44 17 9 6 1 0 0 0 0 0 0 0 0 0 0 0 0 0 0 1 2 1 0 0 0 0 1 5 13 57 119 138 121 77 35 20 14 13 15 17 20 23 22 17 12 8 5 3 1 0 0 0 0 0 3 12 15 6 0 0 0 0 0 0 -2147483648 
-2147483648 0 0 0 0 0 0 0 0 0 1 3 2 0 0 0 1 3 3 1 0 0 3 8 7 2 0 1 3 3 3 6 6 2 0 0 2 5 4 1 0 0 0 0 0 0 0 0 0 0 0 0 1 8 24 36 31 19 11 5 1 1 2 1 0 1 3 5 6 4 1 1 2 0 0 0 0 0 0 0 0 0 0 0 0 0 0 0 0 0 0 0 0 0 0 0 0 0 0 0 0 3 29 35 23 10 0 0 3 13 16 11 0 0 0 0 0 0 0 0 0 0 6 7 7 8 7 5 4 4 4 4 4 5 6 5 4 3 2 3 4 3 2 3 3 3 5 7 7 3 0 0 0 0 0 0 0 0 0 0 0 0 0 0 0 4 0 0 0 0 0 0 0 0 0 0 0 0 0 0 0 0 0 0 7 11 7 9 25 56 91 92 56 24 9 2 0 0 0 0 0 1 2 2 3 3 2 3 3 0 0 0 0 2 2 2 1 1 4 9 21 84 181 203 149 91 50 24 10 4 1 0 1 5 12 17 16 12 8 4 1 0 0 1 5 13 22 20 7 0 0 0 0 0 0 -2147483648 
-2147483648 0 0 0 0 0 0 0 1 3 4 4 3 1 0 0 0 0 0 0 0 1 4 5 2 1 2 1 0 0 0 0 0 0 0 0 0 2 1 0 0 0 0 0 1 2 2 1 0 0 4 6 6 0 0 0 0 0 0 0 0 0 0 0 2 1 0 0 0 1 0 0 0 0 0 2 1 0 0 0 0 0 0 0 0 0 0 0 0 0 0 0 0 0 0 0 0 0 1 0 0 7 30 38 29 20 10 2 1 3 5 5 0 0 0 0 0 0 0 0 0 0 2 6 8 8 7 5 4 3 2 3 4 4 4 4 4 5 7 7 5 4 4 4 4 4 4 9 13 6 0 0 0 8 35 51 29 5 0 0 0 0 0 0 10 13 0 0 0 0 0 0 0 0 0 0 7 9 7 4 2 3 5 11 15 9 7 12 17 37 73 85 56 22 7 2 0 0 0 0 1 3 4 3 1 0 0 0 0 0 1 1 0 1 3 3 2 3 6 14 31 64 91 80 52 30 15 8 4 1 0 0 1 5 11 16 17 13 9 7 5 4 5 10 19 23 16 6 1 0 0 0 0 0 0 -2147483648 
-2147483648 0 0 0 0 0 0 0 0 0 0 0 0 0 0 0 0 0 0 0 2 1 1 2 1 1 2 1 0 0 0 0 0 0 0 0 2 3 0 0 0 0 0 0 1 4 3 2 1 0 0 0 0 0 0 0 0 0 0 0 0 0 0 0 1 1 0 0 0 0 0 0 0 0 0 0 0 0 0 0 0 0 0 0 0 0 0 0 0 0 0 0 0 0 0 0 0 0 0 1 2 1 10 33 42 32 25 18 8 4 2 2 5 0 0 0 0 0 0 0 0 0 0 0 3 4 4 4 4 5 6 5 5 6 6 7 7 6 6 5 4 5 6 5 4 3 1 0 0 0 0 0 0 15 64 113 94 30 0 0 0 0 0 0 0 2 4 0 0 0 0 0 0 0 0 0 2 9 10 5 2 4 8 14 16 8 5 10 9 6 15 42 62 48 22 9 3 0 0 0 0 0 0 0 0 0 0 0 0 0 0 0 0 1 2 1 1 2 2 5 12 18 24 27 18 6 1 0 0 0 0 0 0 0 0 2 8 14 14 10 7 5 7 15 21 17 6 0 0 0 0 0 0 0 0 -2147483648 
-2147483648 0 0 0 0 0 0 0 0 0 0 0 0 0 0 0 0 0 0 0 1 2 2 3 4 3 1 0 0 0 0 0 0 0 0 0 2 1 0 0 0 0 0 0 0 0 0 0 0 0 0 1 1 0 0 0 0 0 0 0 0 1 2 1 1 3 3 1 0 1 2 1 0 0 0 0 0 0 0 0 0 0 0 0 0 0 0 0 0 0 0 0 0 0 0 0 0 0 1 2 1 0 8 29 41 35 30 25 15 8 3 1 0 0 0 0 0 0 0 2 6 4 3 4 4 4 3 2 3 5 6 5 5 7 8 8 7 4 1 1 3 4 4 4 4 3 2 0 0 0 0 0 9 43 81 90 64 21 0 0 0 0 0 0 0 0 9 0 0 0 0 0 0 0 0 0 0 6 9 6 4 6 12 13 5 2 6 7 3 0 0 23 55 50 26 11 4 2 2 2 1 0 0 0 0 0 1 3 4 2 0 0 2 3 2 3 3 2 3 4 5 9 13 11 5 1 0 0 0 0 0 0 0 0 1 4 9 13 11 6 6 12 18 16 5 0 0 0 0 0 0 0 0 0 0 -2147483648 
-2147483648 0 0 0 0 0 0 0 0 0 0 0 2 1 0 0 0 0 0 0 0 0 1 5 8 6 5 6 5 2 0 2 3 2 2 1 0 1 4 5 2 0 0 0 0 0 0 0 0 0 1 3 3 1 0 0 0 0 0 0 0 0 0 0 0 2 3 0 0 0 3 3 0 0 0 0 0 0 0 0 0 0 0 0 0 0 0 0 0 0 0 0 0 0 0 0 0 2 4 3 1 0 0 5 24 38 30 22 18 11 7 3 0 1 5 11 13 8 0 0 7 11 8 7 8 7 6 7 7 4 3 6 7 6 6 4 2 2 1 0 1 2 2 4 7 7 4 0 0 0 0 0 2 17 36 44 69 80 37 3 0 0 0 0 0 0 0 19 0 0 0 0 0 0 0 0 0 0 3 7 7 6 9 9 3 4 8 5 0 0 0 4 40 62 44 16 2 0 0 0 0 0 1 3 3 2 2 2 2 1 1 3 3 1 1 3 3 2 2 1 0 0 0 0 0 0 0 0 0 0 0 0 0 0 0 0 0 2 7 11 14 19 19 9 0 0 0 0 0 0 0 0 0 0 0 -2147483648 
-2147483648 0 0 0 0 0 0 0 0 0 1 2 1 1 2 1 0 0 0 0 0 1 6 11 9 6 6 5 3 2 3 3 2 2 1 0 1 3 3 1 0 0 0 0 0 0 2 3 1 0 0 0 0 0 0 0 0 0 0 0 0 0 0 0 0 0 0 0 0 0 0 0 0 0 0 0 0 0 0 0 0 0 0 0 0 0 0 0 0 0 0 0 1 2 0 0 5 8 7 5 4 3 1 4 22 36 26 16 14 8 0 0 14 60 99 113 98 60 23 1 0 0 0 0 4 7 8 8 7 5 4 5 6 5 3 1 1 3 3 1 0 1 3 4 3 1 0 0 0 0 0 0 6 16 18 32 79 101 57 11 0 0 0 1 3 9 24 32 0 0 0 0 0 0 0 0 0 0 4 8 8 10 9 5 7 10 7 0 0 0 0 15 24 18 9 4 0 0 0 0 0 2 1 0 0 0 0 0 0 0 4 6 5 4 3 2 3 3 1 0 0 0 0 0 0 0 0 0 0 0 0 0 0 0 0 0 1 5 12 19 20 12 1 0 0 0 0 0 0 0 0 0 0 0 0 -2147483648 
-2147483648 0 0 0 0 0 0 0 0 1 2 1 0 0 0 1 2 1 0 1 3 4 4 5 6 4 1 0 0 1 3 0 0 0 0 0 0 0 0 1 2 0 0 0 0 0 0 1 2 1 0 0 0 0 0 0 0 0 0 0 0 0 0 0 0 0 0 0 3 3 0 0 0 0 0 4 6 7 12 16 12 6 2 0 0 0 0 0 0 0 0 0 0 3 10 8 8 10 8 5 4 3 1 1 6 23 36 28 20 13 0 0 22 76 117 128 125 107 71 36 15 0 0 0 0 4 6 5 4 5 6 5 5 6 5 4 4 4 4 4 3 2 3 3 1 0 0 0 0 0 0 0 1 4 6 7 24 75 114 80 21 0 1 28 83 106 80 48 36 11 0 0 0 0 0 0 0 0 3 10 15 15 10 6 8 8 3 0 0 0 0 8 0 0 0 0 0 0 0 0 0 0 0 0 0 0 0 0 0 3 6 4 2 3 3 2 3 4 3 1 0 0 0 0 0 0 0 0 0 0 0 0 0 0 0 0 0 0 2 6 6 0 0 0 0 0 0 0 0 0 0 0 0 0 0 -2147483648 
-2147483648 0 0 0 0 0 0 0 1 2 0 0 0 0 0 0 1 3 3 1 0 0 2 7 9 4 0 0 3 3 0 0 0 0 0 0 0 0 0 1 1 0 0 0 0 0 0 2 3 0 0 0 0 0 0 0 0 0 0 0 0 0 0 0 0 0 2 5 7 8 7 5 3 0 0 1 1 2 9 17 19 14 5 0 1 1 0 0 0 0 0 0 0 4 17 17 13 11 8 5 3 2 2 2 5 23 46 42 24 16 11 17 38 50 45 41 49 55 45 31 20 4 0 0 2 4 5 6 6 6 6 6 5 4 5 6 4 1 1 2 2 3 3 1 0 0 0 0 0 0 0 0 6 15 14 10 22 65 110 90 28 0 23 79 121 115 72 36 36 24 0 0 0 0 0 0 0 0 3 12 19 15 9 9 8 3 0 0 0 4 8 0 0 0 0 0 0 0 0 0 0 0 0 0 1 3 3 1 0 0 0 0 0 1 3 3 2 3 3 1 0 0 0 0 0 0 0 0 0 0 0 0 0 0 0 0 0 0 0 0 0 0 0 0 0 0 0 5 3 0 0 0 0 0 0 -2147483648 
-2147483648 0 0 0 0 0 0 0 0 0 0 0 0 0 3 2 0 0 0 0 0 0 0 7 11 7 3 2 2 1 1 3 3 1 0 0 0 0 0 0 1 0 0 0 0 0 0 0 1 2 1 0 0 0 0 0 0 0 0 0 0 0 0 0 2 1 0 1 1 0 0 0 3 4 3 0 0 0 0 0 0 0 0 0 0 0 0 3 3 0 0 0 0 0 10 18 16 10 8 7 5 4 4 3 2 6 29 59 56 33 20 9 0 0 3 4 9 20 25 20 13 0 0 0 0 0 1 3 5 6 5 4 3 2 2 2 2 1 0 0 1 3 3 1 0 0 0 0 0 0 1 3 19 43 40 20 11 18 49 80 62 18 14 40 49 51 63 67 57 47 26 0 0 0 0 0 0 0 0 5 11 13 12 12 9 2 0 0 0 9 10 0 0 0 0 0 0 0 0 1 2 2 2 1 0 0 0 1 2 1 0 1 2 2 3 3 2 2 1 0 0 0 0 0 0 0 0 0 0 0 0 0 0 0 0 0 0 0 0 0 0 0 0 0 0 0 11 17 7 0 0 0 0 0 0 -2147483648 
-2147483648 0 0 0 0 0 0 0 0 0 0 0 0 0 0 0 0 0 0 0 0 0 1 4 7 6 2 0 0 0 3 4 3 1 0 0 0 0 0 0 0 0 0 0 0 0 0 0 0 2 2 3 3 2 3 4 3 2 3 3 1 1 2 2 3 3 0 0 0 0 0 0 0 0 3 3 2 1 0 0 0 0 0 0 0 0 0 3 4 0 0 0 0 0 0 2 6 4 2 2 2 2 2 2 1 2 19 51 58 35 18 0 0 0 0 0 6 17 19 13 11 0 0 0 0 0 0 1 2 2 2 1 1 2 1 0 0 0 0 1 3 3 1 0 0 0 0 0 0 1 3 13 34 41 24 8 4 7 21 28 12 5 17 22 17 23 50 67 49 33 31 0 0 0 0 0 0 0 0 1 3 6 8 5 0 0 0 0 6 4 0 0 0 0 1 1 0 0 0 2 2 2 2 3 3 1 1 3 3 1 0 0 0 0 0 1 2 1 0 0 0 0 0 0 0 0 0 0 0 0 0 0 0 0 0 0 0 0 0 0 0 0 0 0 11 23 22 12 3 0 0 0 0 0 0 -2147483648 
-2147483648 0 0 0 0 0 0 0 0 0 0 0 0 0 0 0 0 0 0 0 0 0 0 3 12 18 12 2 0 0 0 0 1 2 1 0 1 2 0 0 0 0 1 3 3 1 0 1 3 4 4 5 5 3 3 3 1 0 1 4 6 6 5 1 0 0 1 1 0 0 0 0 0 1 0 0 0 1 0 0 0 0 0 0 0 2 1 0 0 0 0 0 0 0 0 0 0 1 1 0 0 1 2 2 2 3 7 21 47 60 47 26 0 0 0 0 0 9 22 18 11 9 0 0 0 0 3 4 3 2 3 4 4 4 4 3 1 0 0 1 2 1 0 0 0 0 0 0 0 1 5 15 30 34 20 5 0 0 0 0 0 0 1 2 1 1 9 25 31 24 30 36 0 0 0 0 0 0 0 0 0 1 4 1 0 0 0 0 8 1 0 0 0 32 79 88 55 20 5 1 0 0 0 0 0 0 1 2 1 0 0 1 3 3 1 0 0 0 0 0 0 0 0 0 0 0 0 0 0 0 0 0 0 0 0 0 0 0 0 0 0 0 0 5 17 18 8 1 0 0 0 0 0 0 0 -2147483648 
-2147483648 0 0 0 0 0 0 1 2 1 2 8 15 19 17 9 3 2 1 0 0 0 0 2 10 18 22 17 8 1 0 0 0 0 0 0 0 0 0 0 2 5 4 1 0 0 0 2 6 6 6 5 5 7 8 7 5 3 2 3 4 4 2 0 0 0 0 0 1 0 0 2 5 4 0 0 0 0 0 0 0 0 0 0 0 1 0 0 0 0 0 0 0 0 0 0 0 0 0 1 4 6 4 2 5 12 16 21 44 64 54 30 0 0 0 0 0 11 22 17 11 0 0 0 0 0 0 3 4 4 5 7 7 5 3 2 2 2 3 3 1 0 0 0 0 0 0 0 0 2 9 17 14 1 0 0 0 0 0 0 0 0 0 0 0 0 0 0 0 0 11 22 0 0 0 0 0 0 0 0 0 0 0 0 0 0 0 8 3 0 0 0 54 110 137 125 79 33 11 5 2 0 0 0 0 0 0 0 0 0 0 0 1 2 2 2 1 0 0 0 1 3 4 4 4 3 1 0 0 0 0 0 0 0 0 0 0 0 0 0 0 6 22 29 23 16 13 9 3 0 0 0 0 0 0 -2147483648 
-2147483648 0 0 0 0 0 0 0 0 0 1 3 5 7 6 2 0 0 0 0 0 0 0 0 0 0 0 8 10 5 1 0 0 0 0 0 0 0 1 2 3 5 3 0 0 0 0 0 0 1 3 5 8 10 9 10 13 11 5 2 4 5 3 2 1 0 0 0 0 0 0 0 0 0 2 2 0 0 0 0 0 0 0 0 0 0 0 0 0 3 4 0 0 0 0 0 0 0 1 2 3 4 4 3 4 10 14 11 14 33 37 12 0 0 0 0 0 2 20 29 19 9 0 0 0 0 0 0 0 3 3 2 3 3 2 2 1 1 3 4 4 4 3 1 0 0 0 0 0 0 0 0 0 0 0 0 0 0 0 0 0 0 0 0 0 0 0 0 0 0 0 0 12 0 0 0 0 0 0 0 0 0 0 0 0 0 4 8 1 0 0 11 65 79 52 47 72 66 33 13 6 3 1 0 0 0 0 0 0 0 0 0 0 0 0 0 0 0 0 0 0 0 0 0 0 0 0 0 0 0 0 0 0 0 0 0 0 0 0 0 1 8 11 12 12 12 11 7 2 0 0 0 0 0 0 -2147483648 
-2147483648 0 0 0 0 0 0 0 0 0 0 0 0 0 0 0 0 0 0 0 0 0 0 0 0 0 0 0 0 0 0 0 0 0 0 0 0 0 0 0 1 2 1 0 0 0 0 0 0 0 3 5 6 4 2 10 22 21 12 6 6 8 6 3 0 0 0 0 0 0 0 0 0 0 0 0 0 0 0 0 0 0 2 4 4 2 1 4 5 2 0 0 0 0 0 0 0 1 3 3 0 0 2 6 10 10 5 1 5 25 43 34 9 0 0 0 0 4 17 15 0 1 0 0 0 0 0 0 0 3 3 1 0 1 2 0 0 2 4 4 4 4 3 0 0 0 0 0 9 10 4 0 0 0 0 0 0 0 0 0 0 0 0 0 0 0 0 0 0 0 0 0 15 9 0 0 0 0 0 0 0 0 0 0 3 8 10 6 0 0 29 69 54 0 0 0 44 58 33 12 5 3 1 1 2 1 0 0 0 0 0 0 0 0 0 0 0 0 0 0 0 0 0 0 0 0 0 0 0 0 0 0 0 0 0 0 0 0 0 10 14 9 0 0 0 0 0 0 0 0 0 0 0 0 0 -2147483648 
-2147483648 0 0 0 0 0 0 0 0 0 0 1 2 1 1 3 3 2 2 1 0 0 1 4 4 0 0 0 0 0 0 0 0 0 0 0 0 0 0 0 0 0 0 2 1 0 0 0 0 1 3 4 2 0 0 2 9 14 9 2 0 0 0 0 0 0 0 0 0 0 0 1 0 0 0 0 0 0 0 0 0 0 1 0 0 0 2 4 2 0 0 0 3 13 8 2 3 3 2 3 3 1 1 5 10 10 5 0 0 5 44 83 71 28 0 0 0 0 0 0 0 0 15 6 0 0 0 0 0 0 1 2 2 2 0 0 1 6 8 7 5 3 1 0 0 0 0 0 11 15 9 0 0 0 0 0 0 0 0 0 0 0 0 0 0 0 0 0 0 0 0 0 1 20 18 0 0 0 0 0 0 0 0 0 3 8 9 6 4 17 50 64 31 0 0 0 0 0 22 12 4 2 2 2 3 3 1 0 0 0 0 0 0 0 0 0 0 0 0 0 0 0 0 0 0 0 0 0 0 0 4 8 2 0 0 0 0 1 14 19 16 14 10 1 0 0 0 0 0 0 0 0 0 0 0 -2147483648 
-2147483648 0 0 0 0 0 0 1 2 1 1 2 1 0 0 0 0 1 1 0 0 0 3 8 7 2 0 0 1 2 2 2 1 1 3 2 0 0 0 0 0 0 2 3 1 0 0 0 0 0 0 0 1 2 1 0 0 0 0 0 0 0 1 2 0 0 0 0 0 0 0 0 0 0 1 1 0 0 0 0 0 0 0 0 0 0 2 2 0 1 6 22 38 30 12 7 7 5 3 3 5 5 6 9 8 4 0 0 0 0 23 46 35 7 0 0 0 0 0 0 0 14 30 26 0 0 0 0 0 0 0 1 3 2 0 4 9 9 7 5 3 0 0 0 0 0 0 0 0 0 0 0 0 0 4 7 2 0 0 0 0 0 0 0 0 0 0 0 0 0 0 0 6 23 25 0 0 0 0 0 0 0 0 0 3 6 4 3 18 44 43 10 0 0 0 0 0 0 0 0 0 0 0 0 0 0 0 0 0 0 0 0 0 0 0 0 0 0 0 0 0 0 0 0 0 0 0 0 0 1 1 0 0 0 0 0 7 18 16 9 5 5 7 8 7 5 2 0 0 0 0 0 0 0 0 -2147483648 
-2147483648 0 0 0 0 0 0 0 1 2 1 0 1 2 1 0 1 1 0 0 1 3 3 2 3 4 4 3 2 2 0 0 1 3 5 5 4 2 0 0 0 0 1 2 0 0 0 0 0 0 0 0 0 0 0 0 0 0 0 2 4 3 2 4 6 6 6 4 1 0 0 0 0 0 0 0 0 0 0 2 0 0 0 1 3 1 0 0 0 2 15 38 53 41 21 12 7 3 3 4 4 4 6 10 10 4 0 0 0 0 0 20 42 33 3 0 0 0 0 0 0 0 7 25 11 0 0 0 0 0 0 1 1 0 1 7 10 8 4 1 0 0 0 0 0 0 0 0 0 0 0 0 0 0 0 0 0 0 0 0 0 0 0 0 0 0 0 0 0 0 0 0 0 2 20 27 0 0 0 0 0 0 0 0 0 0 0 0 4 12 6 0 0 0 16 37 13 0 0 1 2 0 0 0 0 0 1 2 1 0 0 0 0 0 0 0 0 0 0 0 0 0 0 0 0 0 0 0 0 0 0 0 0 0 0 5 14 12 5 1 0 0 0 0 1 3 6 7 3 0 0 0 0 0 0 -2147483648 
-2147483648 0 0 0 0 0 0 0 0 1 2 2 2 1 0 0 0 0 0 2 5 4 1 2 5 5 4 3 1 1 2 2 3 3 1 1 1 0 0 0 0 0 0 1 2 2 2 0 0 0 0 0 0 0 0 0 0 0 5 7 3 0 0 0 14 19 15 8 2 0 0 0 0 0 0 0 0 0 0 0 1 1 0 1 0 0 0 0 0 0 15 39 35 19 13 8 1 0 3 6 6 7 8 7 3 0 0 0 0 0 0 30 64 57 20 0 0 0 0 0 0 0 0 0 1 0 0 0 0 0 0 2 1 2 6 7 5 2 0 0 0 0 0 0 0 0 13 16 10 4 0 0 0 0 0 0 0 0 0 0 0 0 0 0 0 0 0 0 0 0 0 0 0 0 4 19 0 0 0 0 0 0 0 0 0 0 0 0 0 0 0 0 0 0 15 42 38 7 0 0 0 0 0 0 0 0 0 1 3 3 1 0 0 0 0 0 0 0 0 0 0 0 0 0 0 0 0 0 0 0 0 0 0 0 9 18 13 5 1 0 0 0 0 0 0 0 0 0 0 0 0 0 0 0 0 -2147483648 
-2147483648 0 0 0 0 0 0 0 0 1 3 3 1 1 2 1 0 0 0 0 0 0 1 4 7 7 3 0 1 2 3 4 5 4 0 0 0 0 0 0 0 0 0 0 2 3 1 0 0 0 0 0 0 2 4 5 2 2 6 5 0 0 0 0 0 7 11 9 4 2 1 0 0 0 0 0 0 0 0 0 0 0 0 0 0 0 0 0 0 0 0 2 7 6 7 5 0 0 0 0 1 4 6 4 0 0 0 0 0 0 0 1 33 61 49 19 0 0 0 0 0 0 0 0 3 18 0 0 0 0 0 0 1 7 9 5 0 0 0 0 0 0 0 0 0 0 25 27 19 11 5 1 0 0 0 0 0 0 0 0 0 0 0 0 0 0 0 0 0 0 0 0 0 0 0 0 17 0 0 0 0 0 0 0 0 0 0 0 0 0 0 0 0 0 1 15 31 29 7 0 0 0 0 0 0 0 0 0 1 1 0 0 0 0 0 0 0 0 0 0 0 0 0 0 0 0 0 0 0 0 0 0 0 0 17 24 18 12 8 5 4 3 1 0 0 0 0 0 0 0 0 0 0 0 0 -2147483648 
-2147483648 0 0 0 0 0 0 0 1 2 1 0 1 3 4 3 1 0 0 0 0 1 0 0 3 4 1 0 0 0 0 2 3 1 1 3 4 4 3 1 0 0 0 0 0 0 0 0 0 0 0 1 2 4 6 4 2 4 4 0 0 0 0 0 0 0 0 1 1 1 3 3 1 0 0 0 0 0 0 0 0 0 2 3 0 0 0 0 0 0 0 0 0 0 0 0 0 0 0 0 0 0 2 0 0 0 0 0 3 4 0 2 23 45 36 13 0 0 0 0 1 0 0 0 3 23 10 0 0 0 0 0 0 0 0 0 0 0 0 0 0 0 0 0 0 22 24 22 16 9 2 0 0 0 0 9 37 70 88 91 80 48 13 0 0 0 0 0 0 0 0 0 0 0 0 2 20 0 0 0 0 0 0 0 0 0 0 0 0 0 0 0 0 0 0 3 0 0 0 0 0 0 0 0 0 0 0 0 0 0 0 0 0 0 0 0 0 0 0 0 0 0 0 0 0 0 0 0 0 0 0 0 0 4 10 6 0 0 0 0 0 2 4 3 1 0 0 0 0 0 0 0 0 0 0 -2147483648 
-2147483648 0 0 0 0 0 0 0 0 0 0 0 0 0 1 3 4 4 4 3 1 0 0 0 0 6 9 6 2 0 1 2 1 2 5 5 5 6 5 3 1 0 0 0 0 0 0 0 0 0 0 0 3 4 3 2 3 3 0 0 0 0 0 0 0 0 0 0 0 0 0 0 0 0 0 0 1 2 1 0 0 0 0 0 0 5 5 0 0 1 0 0 0 0 0 0 0 0 0 0 0 0 0 0 0 0 0 0 3 7 8 6 6 22 40 35 21 13 8 6 7 7 5 4 0 0 12 28 0 0 0 0 0 0 0 0 0 0 0 0 0 0 0 0 12 24 24 22 16 6 0 0 0 0 24 66 104 125 135 141 147 150 146 117 58 12 0 0 0 0 0 0 0 0 0 0 11 24 3 0 0 0 0 0 0 0 0 0 0 0 0 0 0 0 0 0 0 0 0 0 0 0 0 0 0 0 0 0 0 0 0 0 0 0 0 0 0 0 0 0 2 1 0 0 0 0 0 0 0 0 0 0 0 0 0 0 0 0 0 0 0 0 0 4 6 5 3 1 0 0 0 0 0 0 0 -2147483648 
-2147483648 0 0 0 0 0 0 0 0 1 2 1 0 1 3 4 4 4 4 3 1 0 0 0 5 9 8 5 3 2 2 1 1 3 3 1 1 2 1 1 3 3 2 3 4 2 0 0 1 3 2 0 1 1 1 3 3 0 0 3 2 0 1 3 4 1 0 0 0 0 0 0 0 3 3 1 0 0 0 0 0 0 0 0 0 6 8 7 5 2 0 0 0 0 0 0 0 0 0 0 0 0 0 0 0 0 1 12 13 11 9 6 7 27 50 44 24 13 7 2 3 8 6 0 0 0 4 30 30 0 0 0 0 0 0 0 0 0 0 0 0 0 0 16 18 18 16 10 0 0 0 0 26 67 103 114 97 70 56 57 72 108 146 157 125 59 11 0 0 0 0 0 0 1 2 0 7 21 7 0 0 0 0 0 0 0 0 0 0 0 0 0 0 0 0 0 0 0 0 0 0 0 0 0 0 0 0 0 3 4 4 4 4 4 3 1 0 0 0 0 1 3 2 0 0 0 0 0 0 0 0 0 0 0 0 0 0 12 0 0 0 0 0 0 0 0 0 2 1 0 0 0 0 0 0 -2147483648 
-2147483648 0 0 0 0 0 0 1 3 3 1 1 2 1 0 0 0 0 0 0 0 0 1 2 3 4 2 1 3 4 3 1 0 0 1 2 0 0 0 0 0 1 3 4 4 3 3 5 5 6 7 1 0 0 0 1 0 0 0 2 8 10 10 8 3 0 0 0 0 0 0 0 0 1 2 3 4 2 0 0 0 0 0 0 0 0 0 5 4 2 1 0 0 0 0 0 0 0 0 0 2 0 0 0 0 0 6 16 17 12 5 2 3 8 28 47 36 15 7 5 4 6 7 4 2 5 10 14 25 37 21 0 0 0 0 0 0 0 0 0 0 9 17 9 6 2 0 0 0 0 0 37 79 105 100 70 41 24 17 15 13 14 22 55 117 149 102 29 0 0 0 0 0 2 5 5 4 12 26 16 0 0 0 0 0 0 0 0 0 0 0 0 0 0 0 0 0 0 0 0 0 0 0 0 1 2 2 3 3 1 0 0 0 0 0 0 0 0 0 0 0 3 4 3 1 0 0 0 0 0 0 0 20 41 46 35 16 9 16 21 17 3 0 0 0 0 0 0 0 0 0 0 0 0 0 -2147483648 
-2147483648 0 0 0 0 0 0 0 0 0 0 0 0 0 0 0 0 0 0 0 0 0 1 1 0 0 0 0 2 5 5 4 3 1 0 0 0 0 0 0 0 0 0 0 0 0 3 7 6 1 0 0 0 0 0 0 0 0 0 0 4 4 1 0 0 0 0 2 0 0 0 1 4 2 1 3 4 1 0 0 2 1 1 1 0 0 0 0 0 0 0 0 0 0 0 0 0 0 0 0 0 0 0 0 0 8 14 12 6 0 0 0 0 5 23 45 48 32 15 6 2 0 2 8 5 0 0 0 9 27 42 45 37 3 0 0 0 0 7 29 30 29 26 19 8 0 0 0 7 42 82 105 97 64 34 20 13 9 9 10 9 8 9 15 52 118 130 67 13 0 0 0 0 0 0 0 4 11 24 22 0 0 0 0 0 0 0 0 0 0 0 0 0 0 0 0 0 0 0 0 0 0 1 2 2 3 4 3 1 0 0 0 0 0 0 0 0 0 0 1 4 7 9 10 9 7 5 2 0 0 0 11 34 51 38 0 0 0 30 72 51 0 0 0 0 0 0 0 0 0 0 0 0 0 0 -2147483648 
-2147483648 0 0 0 0 0 0 0 0 0 0 0 0 0 1 2 1 0 1 2 1 0 1 4 2 0 0 0 0 2 1 1 3 3 1 1 4 5 1 0 0 2 1 0 1 3 2 0 1 0 0 0 0 0 0 0 0 0 0 0 0 0 0 0 0 2 3 1 0 1 3 4 4 3 0 0 0 0 0 0 0 0 0 0 0 0 0 0 0 0 0 0 0 0 0 0 0 0 0 0 0 0 0 0 0 11 15 10 1 0 0 0 0 0 4 20 42 43 24 11 6 3 3 3 0 0 0 0 0 4 12 24 40 49 47 43 42 38 31 24 14 7 10 15 12 4 0 0 11 61 94 83 53 30 17 9 6 7 8 7 5 4 4 3 3 23 86 135 94 24 0 0 0 0 0 0 0 0 10 25 27 0 0 0 0 0 0 0 0 0 0 0 0 0 0 0 0 0 0 0 0 0 0 0 0 0 0 0 0 0 0 1 0 0 0 0 0 0 0 0 0 0 0 0 0 0 0 0 0 0 0 0 4 5 1 0 0 0 0 0 0 0 0 0 0 0 0 0 0 0 0 0 0 0 0 -2147483648 
-2147483648 0 0 0 0 0 0 0 0 0 0 0 0 1 3 3 2 2 1 0 0 0 2 5 6 5 4 4 3 1 0 0 1 4 8 10 9 8 7 6 6 4 2 3 6 6 0 0 0 0 0 0 0 0 0 0 0 0 0 0 0 2 3 2 4 5 1 0 0 0 0 0 0 0 0 0 0 0 0 0 0 0 0 0 0 0 0 0 0 0 0 0 0 0 0 0 0 0 0 0 0 0 0 0 11 12 7 0 0 0 0 0 0 0 3 9 16 13 3 2 4 5 2 0 0 0 16 37 43 30 13 5 3 5 9 7 3 0 0 0 0 0 0 2 6 3 0 2 32 51 38 22 15 10 7 5 5 7 7 5 4 4 3 1 0 7 48 107 98 32 0 0 0 0 0 0 0 0 9 21 26 0 0 0 0 0 3 8 9 5 2 2 0 0 0 0 0 0 0 0 0 0 0 0 0 0 0 0 0 0 0 0 1 2 1 0 0 0 0 0 0 0 0 0 0 0 0 0 0 0 1 5 4 2 14 41 47 22 0 0 0 0 29 23 6 0 0 0 0 0 0 0 0 0 0 -2147483648 
-2147483648 0 0 0 0 0 0 0 0 0 0 0 2 3 1 0 0 0 0 0 0 0 1 6 14 17 13 7 2 1 4 5 2 2 6 9 11 11 9 8 7 5 4 5 6 4 0 0 0 0 0 0 0 0 0 0 0 0 2 0 0 0 1 5 4 0 0 0 0 0 0 0 0 0 0 1 0 3 5 2 0 0 0 0 0 0 0 0 0 0 0 0 0 0 0 0 0 0 0 0 0 0 0 6 14 11 4 0 0 0 0 0 0 0 0 14 21 31 38 24 8 5 7 6 2 13 56 108 132 120 84 45 20 8 0 0 0 1 13 15 17 22 22 15 8 6 6 16 35 38 24 13 8 6 7 7 5 4 3 1 0 0 0 1 1 0 3 33 91 99 37 0 0 0 0 0 0 8 47 53 40 29 0 0 0 0 0 16 29 27 16 4 0 0 0 0 0 0 0 0 0 0 0 0 0 0 0 0 1 2 1 1 2 2 2 1 0 0 0 0 0 0 0 0 0 0 0 0 0 0 0 2 3 1 2 14 29 22 0 0 17 55 49 19 5 1 0 0 0 0 0 0 0 0 0 -2147483648 
-2147483648 0 0 0 0 0 0 0 0 0 1 3 3 1 0 0 0 0 1 1 0 0 0 9 18 15 6 1 0 1 2 1 1 3 3 3 6 8 8 7 5 4 4 3 2 2 0 0 2 3 1 0 0 0 0 0 0 0 0 0 0 0 0 0 0 0 0 0 0 0 0 0 0 0 3 6 6 7 7 4 1 0 0 0 0 0 0 0 0 0 0 0 0 0 0 0 0 0 0 0 0 0 7 13 9 3 0 0 0 0 0 0 0 0 0 19 36 57 73 55 25 12 13 17 30 69 107 115 115 121 110 69 26 4 3 20 42 69 106 135 128 85 39 11 2 4 18 40 42 25 13 8 5 4 4 4 4 3 1 0 0 0 0 0 0 0 4 24 73 89 36 0 0 0 0 0 16 68 104 90 63 45 0 0 0 0 0 9 15 19 10 0 0 0 0 0 0 0 0 0 0 0 0 0 0 0 0 0 0 0 0 3 3 1 0 0 0 0 0 0 0 0 0 0 0 0 0 0 0 0 0 0 0 0 0 2 6 0 0 0 41 27 9 1 0 0 0 0 0 0 0 0 0 0 0 -2147483648 
-2147483648 0 0 0 0 0 0 0 0 0 0 2 0 0 0 0 0 0 0 0 0 0 0 0 7 10 4 1 2 1 0 0 0 0 0 0 0 0 2 3 0 0 0 0 0 2 3 1 1 3 4 4 3 0 0 0 0 0 0 1 2 0 0 0 0 0 2 0 0 0 0 0 0 0 0 2 5 6 6 3 0 0 0 2 3 2 1 0 0 0 0 0 0 0 0 0 0 0 0 0 0 0 4 11 8 4 0 0 3 4 0 0 0 0 0 0 15 31 44 63 59 33 12 3 15 45 60 46 35 51 80 82 47 25 54 108 142 153 162 171 165 127 65 19 2 0 12 37 41 24 11 9 10 9 8 7 5 3 2 3 4 4 3 1 1 2 2 4 18 61 79 33 0 0 0 0 16 48 68 74 64 49 41 0 0 0 0 0 0 1 5 0 0 0 0 0 0 0 0 0 0 0 0 0 0 1 2 1 0 1 3 5 7 7 5 4 4 4 3 0 0 0 0 0 0 0 0 0 0 0 0 0 0 0 0 0 0 0 0 0 0 0 0 0 0 0 0 0 0 0 0 0 0 0 0 -2147483648 
-2147483648 0 0 0 0 0 0 0 0 0 0 0 0 0 1 2 0 0 0 0 2 5 3 4 6 5 4 3 0 0 0 0 0 0 0 0 0 0 0 0 0 0 0 0 0 0 1 2 3 4 4 3 1 0 0 0 0 2 4 3 3 2 0 0 0 1 2 2 3 4 3 1 1 1 0 1 5 4 1 0 0 0 0 0 0 0 1 0 0 0 0 0 0 2 1 0 0 0 0 0 12 22 15 5 0 0 0 13 22 26 30 26 9 0 0 0 11 22 29 52 61 37 12 3 6 11 9 6 9 19 32 35 33 61 112 137 134 118 91 72 67 54 28 8 0 4 20 28 19 10 7 5 5 6 5 4 4 4 3 2 3 3 1 0 0 0 0 1 17 57 71 29 0 0 0 13 34 34 30 43 47 41 42 9 0 0 0 0 3 11 2 0 0 0 0 0 0 0 0 0 0 0 0 0 0 1 2 2 3 5 6 5 4 4 4 4 4 3 0 0 0 0 0 0 0 0 0 0 1 0 0 0 0 0 0 0 0 0 39 36 11 2 0 0 0 0 1 2 1 0 0 0 0 0 0 -2147483648 
-2147483648 0 0 0 0 0 0 0 0 0 0 0 1 3 3 1 0 0 0 4 10 9 5 4 4 5 6 4 1 0 0 0 0 0 0 0 0 0 0 0 4 6 4 1 0 0 3 6 4 2 2 1 0 0 0 0 0 0 0 0 0 0 0 0 0 0 3 4 4 4 3 2 2 1 0 0 0 0 0 2 5 2 0 0 0 0 1 1 0 0 0 0 0 0 0 0 1 0 0 0 0 16 3 0 0 0 0 0 8 19 29 38 42 36 15 0 0 9 23 32 52 59 38 20 6 0 0 0 0 1 5 11 15 26 45 49 37 25 16 10 6 1 0 0 0 3 16 18 10 7 7 5 4 3 1 1 3 4 3 1 0 0 1 2 1 0 1 4 7 22 53 54 19 0 0 1 5 8 8 21 48 53 41 46 22 0 0 0 0 0 9 47 73 52 17 1 0 0 0 0 0 2 1 1 2 1 1 3 4 4 4 4 4 4 4 3 1 0 0 0 0 0 0 0 0 0 0 0 0 0 0 0 0 0 0 0 0 35 39 24 7 1 0 0 0 1 2 1 0 0 0 0 0 0 0 -2147483648 
-2147483648 0 0 0 0 0 0 0 0 1 3 3 1 0 0 0 0 1 4 7 6 2 0 0 3 8 5 1 0 0 0 0 0 0 0 0 0 3 3 2 2 0 0 0 1 4 7 7 6 6 4 1 0 0 0 0 0 0 0 0 0 0 0 0 0 0 0 0 1 2 1 0 0 0 0 0 0 0 0 0 1 2 2 4 5 1 0 0 2 0 0 0 0 0 0 1 1 0 0 0 0 0 0 0 0 0 0 0 7 13 13 17 30 38 30 16 10 14 20 27 46 60 47 26 0 0 0 0 0 0 0 1 0 0 0 0 0 0 0 0 0 0 0 0 0 0 11 11 6 7 8 8 7 5 4 4 3 2 2 1 0 1 3 4 4 5 7 7 6 22 46 37 10 0 0 0 0 1 4 16 33 32 23 34 26 0 0 0 0 0 0 0 0 9 4 0 0 0 0 0 2 1 0 0 0 0 0 1 4 7 7 5 4 4 4 4 3 0 0 0 0 0 0 0 0 0 0 0 3 5 1 0 0 0 0 58 44 7 0 0 0 0 0 1 3 3 0 0 0 0 0 0 0 0 0 -2147483648 
-2147483648 0 0 0 0 0 0 0 0 0 0 0 0 0 0 0 0 0 0 2 4 3 0 0 2 7 5 1 0 1 1 0 0 0 0 0 1 1 0 0 0 0 1 2 1 0 0 1 4 6 4 1 1 2 1 0 0 0 0 0 0 0 0 0 0 0 0 0 0 0 0 0 0 0 0 0 0 0 0 0 0 0 0 0 0 0 0 0 1 0 0 0 0 0 0 0 0 0 0 0 0 0 0 0 0 0 0 0 0 1 8 8 7 11 19 22 9 0 0 2 18 45 70 65 36 0 0 0 0 0 0 0 0 0 0 0 0 0 0 0 0 0 0 0 0 0 2 8 7 5 5 5 3 3 4 3 1 1 3 5 6 5 4 4 4 6 9 8 5 6 30 49 23 0 0 0 0 0 0 1 11 20 15 11 33 43 0 0 0 0 0 0 0 0 0 0 0 0 0 0 0 0 0 0 0 0 1 4 7 7 6 6 5 4 4 4 3 0 0 0 0 18 89 159 135 74 39 19 11 10 8 3 0 23 71 68 32 13 5 1 0 0 0 0 0 0 0 0 0 0 0 0 0 0 0 -2147483648 
-2147483648 0 0 0 0 0 0 0 0 0 0 1 2 0 0 0 1 3 3 0 0 2 6 10 11 6 0 0 1 2 0 0 0 0 0 0 0 0 0 0 0 3 3 1 0 0 0 2 3 1 1 3 3 1 0 0 0 0 0 0 0 1 1 0 1 2 1 0 0 0 0 1 1 0 0 0 0 0 3 5 6 3 0 0 0 0 0 0 0 0 0 0 0 0 0 0 0 0 0 0 0 0 0 0 0 0 0 0 0 0 0 0 0 0 0 0 0 0 0 0 0 24 60 64 33 0 0 0 0 0 0 0 0 0 0 0 0 0 0 0 0 0 0 0 0 0 5 8 7 5 4 4 5 7 7 4 2 2 2 3 4 4 4 4 7 12 11 6 4 8 32 47 21 0 0 0 0 0 0 0 0 0 0 11 32 48 21 0 0 0 0 0 0 0 16 10 1 0 0 0 0 0 0 0 1 3 5 7 8 7 6 7 7 5 3 0 0 0 0 0 13 90 172 156 81 31 9 2 4 8 9 14 36 49 31 12 8 7 5 4 4 3 1 0 0 0 0 0 0 0 0 0 0 0 0 -2147483648 
-2147483648 0 0 0 0 0 0 0 1 3 4 4 3 1 0 0 0 1 2 1 0 1 3 5 6 4 1 0 0 0 0 0 1 2 1 0 0 1 1 0 0 0 0 0 0 0 1 3 2 0 0 5 2 0 0 0 0 0 0 0 0 0 0 0 0 0 0 0 0 0 0 1 2 0 0 0 0 0 3 5 7 7 4 0 0 0 0 0 0 0 3 3 1 0 0 0 0 0 0 0 0 0 0 0 0 0 0 0 0 0 0 0 0 0 0 0 0 0 0 0 0 0 10 42 56 39 13 0 0 0 0 0 0 0 0 0 0 0 0 0 0 0 0 3 0 0 13 11 5 4 3 3 5 5 3 2 3 3 1 0 1 3 3 2 7 15 14 7 5 6 11 29 35 14 0 1 0 0 0 0 0 0 0 0 5 21 39 33 10 0 0 0 1 4 14 24 18 3 0 0 0 0 0 0 1 4 6 5 4 6 8 6 4 3 0 0 0 0 0 0 0 0 0 0 0 0 0 0 0 0 3 4 4 3 2 2 1 0 1 3 4 4 3 1 0 0 0 0 0 0 0 0 0 0 0 -2147483648 
-2147483648 0 0 0 0 0 0 0 0 0 0 0 0 0 0 0 0 0 1 2 0 0 0 0 0 0 0 0 0 0 0 3 3 1 0 0 0 0 0 2 0 0 0 0 0 0 0 0 0 0 3 2 0 0 0 0 0 0 0 0 0 0 0 0 0 0 0 0 3 4 3 0 0 0 0 0 1 2 1 0 0 1 2 1 0 0 1 2 1 0 0 0 1 3 3 0 0 0 0 0 0 0 0 0 0 0 0 0 0 0 0 0 0 0 0 0 0 0 1 2 1 0 6 30 42 18 0 0 0 0 0 0 0 0 0 0 0 0 0 0 0 4 8 7 14 26 21 8 5 6 5 4 3 1 0 0 0 1 3 4 4 4 5 10 16 14 7 4 4 4 14 25 15 2 0 0 0 0 0 0 0 0 0 0 0 2 24 28 10 0 0 0 0 0 0 0 3 0 0 0 0 0 0 2 6 8 8 7 5 3 1 0 0 0 0 0 0 0 0 0 0 0 0 0 0 0 0 0 0 0 3 4 3 1 1 2 1 1 2 1 0 0 0 0 0 0 0 0 0 0 0 0 0 0 0 -2147483648 
-2147483648 0 0 0 0 0 0 0 0 0 0 0 0 0 0 0 0 1 2 1 0 0 0 0 0 1 0 0 0 0 0 0 0 0 0 0 0 0 0 0 0 1 3 4 3 1 0 0 0 2 3 3 5 4 1 0 0 0 0 0 0 0 0 0 0 0 0 0 0 3 4 3 0 0 0 0 0 0 0 0 0 0 2 2 2 1 0 0 0 0 0 0 0 0 0 0 0 0 0 0 1 0 0 0 0 0 5 22 12 0 0 0 0 0 0 0 2 4 5 6 4 1 0 3 24 47 37 18 8 0 0 0 0 0 0 0 0 0 0 0 0 0 0 4 12 18 18 14 11 10 8 4 2 3 4 3 1 1 3 4 4 4 6 14 21 16 7 4 3 2 4 17 26 12 0 0 0 0 0 0 0 0 0 4 0 0 5 24 27 10 0 0 0 0 0 0 0 1 0 0 0 0 1 3 5 6 6 6 5 3 1 0 0 0 0 0 0 0 0 0 0 0 0 0 0 0 0 0 0 0 0 2 4 3 1 0 1 2 2 2 1 1 4 5 2 0 0 0 0 0 0 0 0 0 0 -2147483648 
-2147483648 0 0 0 0 0 0 0 0 0 0 0 0 0 2 1 0 0 0 0 0 0 0 0 4 7 3 0 0 0 0 0 0 0 0 0 1 2 0 0 0 1 1 0 0 0 0 0 0 0 0 2 5 3 0 0 0 0 0 0 0 1 2 1 0 0 0 0 0 0 0 0 0 0 0 0 0 0 0 0 1 3 5 6 4 2 2 0 0 0 0 0 0 0 0 0 0 0 0 1 2 2 0 0 0 0 14 10 0 0 0 10 13 7 5 7 8 8 7 4 1 0 0 4 37 81 76 43 25 18 12 2 0 0 0 0 0 0 0 0 0 0 0 1 20 24 16 10 6 4 4 4 4 4 3 2 3 4 4 4 3 3 10 17 13 6 4 3 2 3 7 11 8 2 0 0 0 0 0 0 0 0 0 0 1 6 15 35 39 15 0 0 0 0 0 0 0 0 0 0 1 2 4 6 5 4 4 3 0 0 0 0 0 0 0 0 0 0 0 0 0 0 0 0 0 0 0 0 0 0 0 0 0 0 0 0 0 0 0 0 0 1 3 3 1 0 0 0 0 0 0 0 0 0 0 -2147483648 
-2147483648 0 0 0 0 0 0 0 1 2 1 0 0 0 0 1 3 3 1 0 1 2 1 1 5 8 6 4 3 1 0 0 0 0 0 0 0 1 1 0 0 0 0 0 0 0 0 0 0 0 0 0 0 0 0 0 0 0 0 3 4 3 1 0 0 0 0 0 0 1 1 0 0 0 0 0 0 0 0 0 0 1 8 21 24 13 5 3 0 0 0 0 0 0 0 0 0 0 0 0 0 0 0 0 0 0 0 0 0 0 0 9 11 5 3 6 8 7 4 2 2 1 0 0 2 23 59 62 32 14 12 12 18 26 20 8 0 0 0 0 0 0 0 0 0 3 8 7 6 5 5 6 5 4 4 4 4 4 5 6 5 5 10 14 10 5 3 1 0 0 1 1 0 0 0 0 0 0 0 0 0 0 0 0 0 0 0 0 0 4 7 0 0 0 0 0 0 0 0 0 0 1 5 6 7 8 7 5 1 0 0 0 0 0 0 0 0 0 0 0 0 0 0 0 0 0 0 0 0 0 0 0 0 0 0 0 0 0 0 0 0 0 0 0 0 0 0 0 0 0 0 0 0 0 0 -2147483648 
-2147483648 0 0 0 0 0 0 0 0 0 0 1 2 1 1 2 1 0 1 3 3 1 0 1 6 12 11 5 1 0 0 0 0 3 3 1 0 0 0 0 0 0 0 0 0 0 2 1 0 0 0 0 0 0 3 3 0 0 0 0 0 0 0 0 0 0 0 0 0 0 0 1 1 0 0 0 0 0 0 0 2 9 17 17 10 3 0 0 0 0 1 1 1 1 0 0 0 0 0 0 0 0 0 0 0 0 0 0 0 0 9 8 3 4 9 13 12 8 4 2 2 1 0 1 5 25 59 65 39 18 8 6 13 18 14 10 0 0 0 0 0 0 0 0 0 0 5 8 8 7 4 1 0 0 1 3 4 4 4 4 8 16 17 10 5 3 1 1 2 1 0 0 0 0 0 0 0 0 0 0 0 0 0 0 0 0 0 0 0 0 5 0 0 0 0 0 0 0 0 0 0 3 7 9 10 8 4 0 0 0 0 0 0 0 0 0 0 0 0 0 0 0 0 0 0 0 0 0 0 0 0 0 0 1 2 0 0 0 0 0 0 0 0 0 0 0 1 2 1 0 0 0 0 0 0 -2147483648 
-2147483648 0 0 0 0 0 0 0 0 0 0 0 1 2 1 0 0 0 1 2 1 0 0 0 0 7 12 8 2 0 0 1 2 1 0 0 0 0 0 0 1 4 8 10 9 8 6 2 0 1 1 0 0 0 1 2 1 0 0 0 0 0 3 3 2 1 0 2 2 0 0 1 3 3 0 0 0 0 0 0 7 14 9 0 0 0 0 0 0 0 0 0 2 1 0 0 0 0 0 0 0 0 0 0 0 0 0 0 0 0 5 3 0 1 4 8 11 11 8 4 2 2 1 1 5 12 28 57 66 37 8 4 14 17 17 20 9 0 0 0 0 0 0 0 0 0 0 2 5 7 6 3 2 2 2 2 3 4 4 4 8 17 19 10 2 0 0 0 0 1 2 0 0 0 0 0 0 0 0 0 0 0 0 0 0 0 0 0 0 0 4 10 3 0 0 0 0 0 0 0 0 0 4 7 7 4 0 0 0 0 0 0 0 0 0 0 0 0 0 0 15 39 24 2 0 0 0 0 1 2 1 0 0 1 3 4 3 2 3 4 2 0 0 0 0 1 1 0 0 0 0 0 0 0 0 -2147483648 
-2147483648 0 0 0 0 0 0 1 2 1 0 0 1 2 1 0 0 1 2 1 0 0 0 0 3 6 5 3 1 1 2 0 0 0 0 0 0 0 0 2 3 8 15 20 22 20 16 13 12 9 2 0 0 0 0 0 1 2 1 1 3 4 3 0 0 0 0 0 0 0 0 1 2 1 0 0 0 0 0 2 8 3 0 0 0 0 0 0 0 0 0 0 0 0 0 0 1 1 0 0 0 0 0 0 0 0 0 0 0 0 0 0 0 0 0 0 2 6 5 3 2 3 3 4 8 6 9 37 54 32 10 11 23 35 42 31 8 0 0 0 0 0 0 4 7 1 0 0 0 1 3 4 5 6 5 5 6 4 3 10 18 16 8 3 2 1 0 0 0 0 0 0 0 0 0 0 0 0 0 0 0 0 0 0 0 0 0 0 0 0 0 8 4 0 0 0 0 0 0 0 0 1 4 4 2 0 0 0 0 0 0 0 0 0 13 21 0 0 0 21 44 33 9 2 1 0 1 2 2 3 4 3 1 0 0 0 0 0 1 2 1 0 0 0 1 2 0 0 0 0 0 0 0 0 0 -2147483648 
-2147483648 0 0 0 0 0 0 0 0 1 3 3 1 0 0 0 0 0 0 0 0 0 0 0 0 3 3 2 3 4 3 1 0 0 0 0 1 2 1 0 0 0 1 5 10 14 18 20 18 12 7 6 5 4 2 0 0 3 4 4 3 0 0 0 0 0 0 0 0 0 0 0 0 0 0 1 2 3 6 10 7 0 0 0 0 0 0 0 0 0 0 0 0 0 0 0 1 2 0 0 0 0 0 0 0 0 0 0 0 0 0 0 0 0 0 0 0 0 3 4 3 1 0 3 7 0 0 0 20 56 42 17 15 24 31 27 37 80 123 140 120 62 13 3 3 0 0 0 0 0 0 3 4 4 5 6 5 3 3 11 19 14 5 2 2 1 0 0 0 0 0 0 0 0 0 0 0 0 0 0 0 0 0 0 0 0 0 0 0 0 0 1 7 3 0 0 0 0 0 0 0 4 7 7 2 0 0 0 0 0 0 0 0 22 35 29 0 0 0 19 48 42 16 5 3 1 0 0 1 1 0 0 0 0 0 0 0 0 0 0 0 0 0 0 0 1 2 2 1 0 0 0 0 0 0 -2147483648 
-2147483648 0 0 0 0 0 0 0 0 0 2 1 0 0 0 1 3 2 0 0 0 0 1 0 0 0 0 0 0 1 0 0 0 0 0 1 2 1 0 0 0 0 0 0 0 1 5 4 1 3 8 10 10 7 1 0 2 3 1 0 0 0 0 2 3 0 0 0 0 0 0 0 0 0 4 6 5 8 16 15 2 0 0 0 0 0 2 0 0 0 0 0 0 0 1 0 0 0 0 1 3 2 0 0 0 0 0 0 0 0 0 0 0 0 0 0 0 1 3 4 3 1 1 1 0 0 0 0 0 42 38 10 0 0 5 30 83 128 150 163 141 73 19 1 0 0 0 0 0 3 3 1 0 2 5 4 2 6 15 18 10 2 1 2 1 0 0 0 0 0 0 0 0 0 0 0 0 0 0 0 0 0 0 0 0 0 0 0 0 0 0 0 2 2 0 0 0 4 15 22 17 9 4 0 0 0 0 0 0 0 0 24 42 37 18 0 0 0 5 45 45 21 7 2 0 0 0 0 0 0 0 0 0 0 0 0 1 2 1 0 0 1 1 0 0 0 0 0 0 0 0 0 0 0 0 -2147483648 
-2147483648 0 0 0 0 0 0 0 0 0 0 0 0 1 2 1 0 0 0 0 0 0 0 0 0 1 0 0 0 0 0 0 0 0 0 0 0 1 2 0 0 0 0 0 0 3 6 0 0 0 0 0 0 2 1 0 0 1 2 0 0 0 0 1 2 1 0 0 1 2 0 0 0 0 3 3 3 10 17 9 0 0 2 6 4 2 2 1 0 1 2 1 0 0 0 0 0 0 0 0 0 0 0 0 0 0 0 0 0 0 0 0 0 0 0 0 4 5 7 7 5 4 3 0 0 0 0 0 0 0 25 29 7 0 0 12 34 43 33 32 51 53 22 1 0 0 0 0 0 4 6 4 2 3 4 4 5 11 20 19 9 3 2 2 1 0 0 0 0 0 0 0 0 0 0 0 0 0 0 0 0 0 0 0 0 0 0 0 0 1 0 0 0 0 0 0 0 2 12 23 21 12 3 0 0 0 0 0 0 0 19 39 40 22 6 0 0 0 0 47 50 25 9 4 1 0 0 0 0 0 0 0 0 0 0 0 0 0 0 0 0 0 1 2 1 0 0 0 0 0 0 0 0 0 0 -2147483648 
-2147483648 0 0 0 0 0 0 0 0 0 0 0 1 2 1 0 0 0 0 1 2 1 0 2 4 1 0 0 0 0 0 0 0 0 0 0 0 0 0 0 0 0 0 0 0 0 0 0 0 0 0 0 0 0 0 0 0 0 0 0 0 0 0 0 0 0 3 6 5 4 3 0 0 0 2 5 13 13 0 0 0 0 0 0 0 0 0 0 0 0 1 3 4 3 1 1 1 0 0 0 0 0 2 3 1 0 0 0 0 0 0 0 0 0 0 2 2 4 7 7 5 3 1 0 0 0 0 0 0 0 32 30 11 7 6 3 3 4 4 11 29 35 17 9 9 0 0 0 2 1 2 5 5 3 2 4 11 19 18 10 5 4 3 1 0 0 0 0 0 0 0 0 0 2 4 2 0 0 0 0 0 0 0 0 0 0 0 0 0 3 5 0 0 0 1 0 3 12 19 17 12 6 0 0 0 0 0 0 10 31 37 24 7 0 0 0 0 0 44 50 26 8 2 0 0 0 1 2 1 0 0 0 1 3 4 4 2 0 0 0 0 1 3 4 3 1 0 0 0 0 0 0 0 0 0 -2147483648 
-2147483648 0 0 0 0 0 0 0 0 0 0 0 0 0 1 2 1 0 1 2 2 2 1 0 0 0 0 0 2 1 0 0 0 0 0 0 0 0 0 0 0 0 0 0 0 0 0 0 0 0 0 0 0 0 0 0 2 0 0 0 0 0 0 0 0 0 0 0 0 0 0 2 0 0 1 10 18 10 0 0 0 2 0 0 0 2 1 0 0 0 0 2 4 2 0 0 0 0 0 0 0 0 0 0 0 0 0 0 0 0 0 0 0 0 0 0 0 0 0 0 4 2 1 1 3 15 26 27 24 20 38 62 34 0 0 0 0 0 0 1 17 44 50 28 10 0 0 0 0 0 2 6 8 7 5 7 16 22 16 8 6 5 3 1 0 0 0 0 0 0 0 0 0 0 6 17 16 5 0 0 0 0 0 0 0 0 0 0 0 0 3 9 8 10 11 4 3 10 12 8 6 0 0 0 0 0 0 0 19 31 26 14 4 0 0 0 0 0 41 51 29 10 5 4 4 3 1 1 2 0 0 0 1 3 4 3 2 2 2 2 2 3 3 2 3 3 1 0 0 0 0 0 0 0 0 -2147483648 
-2147483648 0 0 0 0 0 0 0 0 0 0 0 0 1 2 1 0 0 0 0 0 0 2 2 4 6 5 4 3 2 2 1 0 0 0 0 0 0 0 0 0 1 1 0 0 0 0 0 0 0 0 0 0 0 1 1 0 0 0 2 1 1 3 4 5 5 1 0 0 0 1 3 3 6 17 19 4 0 0 1 3 0 0 0 0 0 0 0 0 2 0 0 0 0 0 0 0 0 0 0 0 0 0 0 0 0 0 0 0 0 0 0 0 0 0 0 0 0 0 0 4 2 0 4 19 48 76 80 63 43 51 86 83 38 7 0 0 0 0 0 16 38 32 7 0 0 0 0 2 5 6 6 6 6 11 21 23 15 8 5 4 3 1 0 0 0 0 0 0 0 0 0 0 4 21 45 51 31 8 0 0 0 0 0 0 0 0 0 0 0 0 16 28 28 22 18 17 13 9 6 0 0 0 0 0 0 4 22 27 18 8 1 0 0 0 0 0 36 51 32 11 5 4 3 2 2 1 0 0 0 0 0 0 0 0 0 0 0 0 0 0 0 0 0 0 0 1 2 1 0 0 0 0 0 0 -2147483648 
-2147483648 0 0 0 0 0 0 1 2 1 0 0 0 0 0 0 0 0 0 0 0 0 0 1 3 5 6 4 1 0 0 0 1 1 0 0 0 0 0 0 0 1 2 1 0 0 0 0 0 0 0 0 0 0 2 2 0 0 0 0 0 0 0 0 0 0 1 3 4 3 1 2 10 21 23 8 0 0 0 2 0 0 0 1 1 0 0 0 0 0 0 0 0 0 1 0 0 0 0 0 0 0 0 0 0 0 0 0 0 0 0 0 0 0 0 0 0 0 0 0 3 8 5 5 12 24 50 75 71 46 25 41 96 99 34 0 0 0 0 0 0 21 33 10 0 0 0 0 0 6 5 4 3 3 11 22 21 11 6 5 2 0 0 0 0 0 0 0 0 0 0 0 4 17 27 27 32 30 11 0 0 0 0 0 0 0 0 0 0 0 0 0 20 28 23 22 20 19 23 22 6 0 0 0 0 0 15 28 24 13 5 0 0 0 0 0 0 37 53 33 11 5 3 0 0 0 0 0 0 0 0 0 0 0 0 0 0 0 0 0 0 0 0 0 0 0 0 0 0 0 0 0 0 0 0 -2147483648 
-2147483648 0 0 0 0 0 0 0 0 0 0 0 0 0 1 2 1 0 0 1 2 0 0 0 2 7 9 5 1 0 1 2 2 2 1 0 0 0 0 0 0 0 0 0 0 0 0 1 1 0 0 0 0 0 0 0 0 0 0 1 2 0 0 0 0 0 0 0 0 0 3 14 26 19 0 0 0 0 1 1 1 3 4 4 4 3 2 1 0 0 0 3 3 1 0 0 0 0 0 0 0 0 0 0 1 2 1 0 0 0 0 0 0 0 0 0 0 0 0 0 2 8 11 12 10 11 22 30 22 11 8 19 50 54 16 0 0 0 0 0 0 14 18 11 8 0 0 0 0 13 15 9 9 19 26 21 13 8 4 1 0 0 0 0 0 0 0 0 0 0 0 0 22 27 16 4 0 0 0 0 0 0 0 0 0 0 0 0 0 0 2 4 0 0 0 0 4 23 36 19 0 0 0 0 2 17 23 17 9 4 0 0 0 0 0 0 31 51 35 13 7 5 3 1 0 0 1 1 0 0 0 0 0 0 0 0 0 0 0 0 0 0 0 0 1 2 0 0 0 0 0 0 0 0 0 -2147483648 
-2147483648 0 0 0 0 0 0 0 0 0 0 0 0 0 0 1 2 1 0 0 0 0 0 1 3 7 10 6 2 2 0 0 1 2 2 1 0 0 0 0 0 2 1 0 0 0 0 0 0 0 0 1 2 0 0 0 2 3 1 1 2 1 0 0 0 0 0 0 0 3 16 26 20 0 0 0 0 0 0 0 0 2 1 0 0 1 3 2 0 0 0 0 0 0 0 0 0 0 0 0 0 0 0 0 2 0 0 0 0 0 0 0 0 0 0 0 0 0 0 0 0 1 13 17 12 5 1 0 1 3 4 4 15 61 90 51 7 0 0 0 0 0 3 11 14 13 0 0 0 0 11 24 31 34 28 15 5 1 0 0 0 0 0 0 0 0 0 0 0 0 0 0 24 26 12 1 0 0 0 0 0 0 0 0 0 0 0 0 0 3 17 23 0 0 0 0 9 26 43 31 0 0 0 0 6 19 21 14 9 7 3 0 0 0 0 0 31 53 41 19 9 4 1 0 0 1 3 4 2 0 0 2 1 0 0 0 0 0 0 2 3 1 1 2 1 0 0 0 0 0 0 0 0 0 0 -2147483648 
-2147483648 0 0 0 0 0 0 0 0 0 0 0 0 0 0 0 0 0 0 0 0 1 2 1 2 5 4 1 0 0 0 1 2 2 2 1 0 0 0 0 0 0 0 0 0 0 0 0 0 0 0 0 0 0 1 3 3 0 0 0 0 0 0 0 0 0 2 7 16 28 28 5 0 0 0 0 0 0 0 0 0 0 0 0 0 0 0 0 0 0 0 0 0 0 0 0 0 0 0 0 0 0 0 0 0 0 0 0 0 0 0 0 0 0 0 0 0 0 0 0 0 0 4 5 1 0 0 0 0 4 7 6 12 54 76 25 0 0 0 0 0 0 0 6 11 13 0 0 0 0 0 15 23 15 3 0 0 0 0 0 0 0 0 0 0 0 0 0 0 0 0 6 0 0 0 0 0 0 0 0 0 0 0 0 0 0 0 0 1 9 6 0 0 3 11 14 29 47 41 12 0 0 0 10 18 14 9 8 7 4 0 0 0 0 0 27 53 44 20 10 6 4 3 1 0 0 0 0 0 1 2 1 0 0 0 0 0 0 0 0 0 0 1 2 0 0 2 3 1 0 0 0 0 0 0 -2147483648 
-2147483648 0 0 0 0 0 0 1 2 1 0 0 1 2 1 0 1 2 1 0 0 0 1 2 3 6 6 2 0 0 1 1 0 0 2 5 4 1 0 0 0 0 0 0 3 3 1 0 0 0 0 0 0 0 1 2 0 0 0 0 0 0 1 3 2 0 0 2 8 13 3 0 0 0 0 0 0 0 0 0 0 0 0 0 0 0 0 0 0 0 0 1 0 0 0 0 0 0 0 0 0 0 0 0 0 0 0 0 0 0 0 0 0 0 0 0 0 0 0 0 0 0 0 0 0 0 0 0 0 4 6 4 2 11 50 85 64 15 0 0 0 0 0 0 6 7 14 4 0 0 0 0 0 0 0 0 0 0 0 0 0 0 0 0 0 0 0 0 0 0 0 0 0 0 0 0 0 4 5 0 0 0 0 0 0 0 0 0 0 0 0 0 0 0 1 1 18 42 42 17 0 0 0 12 17 12 6 4 3 0 0 0 0 0 0 21 52 45 20 7 4 3 2 3 3 0 0 0 0 1 1 0 0 0 0 0 0 0 0 0 0 0 0 0 0 0 1 2 1 0 0 0 0 0 0 -2147483648 
-2147483648 0 0 0 0 0 0 0 0 0 0 0 0 0 0 0 0 0 0 0 0 0 0 1 3 4 3 1 0 0 0 0 0 3 4 4 3 2 1 0 0 0 1 4 2 0 0 0 0 0 0 0 0 0 0 0 0 0 0 1 3 3 0 0 0 0 0 0 0 0 0 0 0 0 0 0 0 0 0 0 0 0 0 0 0 0 0 0 0 0 0 0 0 0 0 0 0 0 0 1 1 0 0 0 0 0 2 0 0 0 0 0 0 0 0 0 0 0 0 0 0 0 0 0 0 0 0 0 6 6 1 0 0 7 53 107 89 30 0 0 0 0 0 0 0 0 1 5 0 0 0 0 0 0 0 0 0 0 0 0 0 0 0 0 0 0 0 0 0 0 0 0 0 0 0 0 0 0 0 0 0 0 0 0 0 0 0 0 0 0 0 0 3 0 0 18 41 39 13 0 0 3 14 15 11 10 8 4 0 0 0 0 0 0 11 46 44 21 9 3 0 0 0 0 0 1 2 2 2 1 1 2 2 2 2 2 1 0 0 1 2 2 2 2 3 3 1 0 0 0 0 0 0 0 0 -2147483648 
-2147483648 0 0 0 0 0 0 0 0 0 3 4 3 1 0 0 0 0 1 3 4 3 1 0 0 2 6 7 4 1 0 0 0 0 0 0 0 0 0 1 1 0 0 0 0 0 0 0 0 0 0 0 0 0 0 0 0 0 0 1 4 6 4 1 0 0 0 0 0 0 0 0 0 0 0 0 0 0 0 0 0 0 0 0 0 0 3 3 1 0 0 0 0 0 0 0 0 0 0 0 0 0 0 0 0 1 0 0 0 0 0 0 0 0 0 0 0 0 0 0 0 0 0 0 0 0 0 3 7 6 3 2 1 0 5 32 68 70 37 0 0 0 0 0 3 5 4 6 0 0 0 0 0 0 0 0 0 0 0 0 0 0 0 0 0 0 0 0 0 0 5 6 0 0 0 0 0 0 0 0 0 0 0 0 0 0 0 0 0 0 0 3 7 3 4 22 45 41 12 0 0 2 11 12 8 6 6 5 2 0 0 0 0 0 8 44 44 21 8 6 4 2 2 0 0 0 3 4 3 1 0 0 0 0 0 1 2 1 0 1 2 1 1 3 4 3 0 0 0 0 0 0 0 0 0 -2147483648 
-2147483648 0 0 0 0 0 0 0 0 0 0 0 0 0 1 2 0 0 0 0 1 2 2 2 2 7 13 9 2 0 0 0 0 0 0 0 0 0 1 3 3 0 0 0 0 0 0 0 1 2 1 0 0 0 0 0 0 3 3 2 2 1 1 2 1 0 0 0 0 0 0 0 0 0 0 0 0 0 0 0 0 0 0 0 0 1 4 3 1 0 0 1 1 0 0 0 0 1 0 0 0 0 0 0 0 0 0 0 0 0 0 0 0 0 0 0 0 0 0 4 5 2 0 0 0 0 3 7 6 2 1 3 3 1 2 23 57 57 28 10 2 0 5 12 18 18 14 14 18 0 0 0 0 0 0 0 0 0 0 0 0 0 0 0 0 0 0 0 0 2 2 0 0 0 1 13 26 17 3 0 0 0 0 0 0 0 0 0 1 5 11 13 10 10 23 42 39 14 0 0 5 12 12 9 7 5 4 3 0 0 0 0 0 0 49 51 25 8 3 2 1 0 1 2 2 2 0 0 0 1 0 0 0 1 2 1 0 0 0 0 0 0 0 0 0 0 0 0 0 0 0 0 0 0 0 -2147483648 
-2147483648 0 0 0 0 0 0 1 3 3 1 0 0 0 0 0 0 0 0 0 0 1 2 0 0 4 9 7 2 0 0 0 0 0 0 0 1 2 1 0 0 0 0 0 0 0 0 0 0 2 1 0 0 0 0 0 0 0 0 0 0 0 0 0 0 0 1 2 1 0 0 0 0 0 0 0 0 0 0 0 0 0 0 0 0 0 0 0 0 0 0 0 0 2 5 4 1 0 0 0 0 0 0 0 0 0 0 1 3 3 0 0 0 0 0 0 0 0 3 20 24 12 0 0 0 1 8 10 7 2 0 1 3 3 0 0 12 34 36 22 7 0 0 1 2 0 0 0 2 8 0 0 0 0 0 0 0 0 0 0 0 0 0 0 0 0 0 0 0 0 0 0 0 0 3 1 0 0 0 0 0 0 0 0 0 0 0 0 2 7 11 11 9 10 23 43 41 16 0 0 5 14 14 11 10 10 8 4 0 0 0 0 0 0 51 56 29 11 7 3 0 0 0 0 2 1 0 0 0 0 3 3 1 0 0 0 0 0 0 0 0 0 0 0 0 1 3 3 1 0 0 0 0 0 0 -2147483648 
-2147483648 0 0 0 0 0 0 1 3 3 1 0 0 0 0 0 0 0 0 0 0 0 0 0 0 2 3 2 3 3 1 0 0 0 0 1 3 3 1 0 0 0 0 0 0 0 0 0 0 0 0 0 0 0 1 2 0 0 0 0 0 0 0 1 3 3 1 0 1 3 3 0 0 0 0 0 0 0 0 0 0 0 0 0 0 0 0 0 0 0 0 0 0 1 1 0 0 0 0 2 2 3 4 2 0 0 0 0 0 0 0 0 0 0 0 0 0 2 24 27 10 0 0 0 0 6 8 6 2 1 2 1 1 2 1 1 16 37 33 15 4 0 0 0 0 0 0 0 2 10 11 0 0 0 0 0 0 0 0 0 0 0 0 0 0 0 0 1 2 0 0 0 1 0 0 0 0 0 0 0 0 0 0 0 0 0 6 16 15 7 4 4 5 17 39 41 18 0 0 4 12 11 7 7 8 8 6 0 0 0 0 0 0 45 53 29 10 4 1 0 0 0 0 0 0 0 0 1 1 1 3 4 3 2 2 1 1 4 7 6 2 0 0 0 0 1 3 3 1 0 0 0 0 0 0 -2147483648 
-2147483648 0 0 0 0 0 0 0 0 0 0 0 0 0 0 0 0 0 0 0 0 0 0 0 0 1 2 2 2 1 1 2 1 0 0 0 0 0 0 0 0 0 0 0 0 0 0 0 0 0 1 2 0 0 0 0 0 0 0 1 0 0 2 4 4 3 0 0 0 0 1 2 1 0 0 0 0 0 0 0 0 0 0 0 0 0 0 0 1 2 2 2 1 0 0 1 3 2 0 0 1 1 0 0 0 0 0 3 2 0 0 0 0 0 0 0 0 0 25 28 10 0 0 0 1 4 4 3 1 1 2 1 0 0 0 1 0 7 16 6 0 1 2 0 0 1 10 11 9 4 0 4 14 0 0 0 0 0 0 0 0 0 0 0 0 0 18 16 8 6 6 10 11 4 0 14 76 134 111 36 0 0 0 0 0 1 7 15 14 7 4 4 5 15 35 38 15 0 0 6 12 9 4 3 5 4 1 0 0 0 0 0 0 43 52 28 8 3 1 0 0 1 2 1 1 2 1 1 3 3 1 0 1 3 4 5 7 7 5 3 1 0 0 0 0 0 0 0 0 0 0 0 0 0 0 -2147483648 
-2147483648 0 0 0 0 0 0 0 0 0 0 0 0 0 0 0 0 0 0 0 0 1 3 4 4 4 4 3 1 1 2 1 0 0 0 0 0 0 0 0 0 0 0 0 0 0 0 0 0 1 2 0 0 0 0 0 0 0 0 0 0 0 0 0 0 0 0 0 0 0 0 0 0 0 0 0 3 3 2 3 2 0 0 0 2 1 1 3 3 1 0 0 0 0 2 3 1 0 0 0 0 0 0 0 0 0 0 0 0 0 0 0 0 0 0 0 0 2 6 0 0 0 0 3 7 7 3 0 0 0 0 0 0 0 0 0 0 8 26 18 7 4 0 0 0 3 3 1 0 0 1 6 19 18 0 0 0 0 0 0 0 0 0 16 26 21 7 2 7 13 18 15 5 0 18 70 129 162 138 64 11 0 0 0 0 1 0 0 0 1 2 5 17 36 39 17 0 0 0 0 0 0 3 4 4 3 0 0 0 0 0 0 40 53 32 11 4 2 2 2 3 3 1 1 3 4 4 4 3 1 0 0 0 0 0 0 0 0 0 0 0 3 4 3 1 0 0 0 0 0 0 0 0 0 0 -2147483648 
-2147483648 0 0 0 0 0 0 1 2 0 0 0 0 0 0 0 2 1 0 0 0 0 0 0 0 1 3 3 2 3 3 1 0 0 0 0 0 1 1 0 0 0 0 0 0 0 2 1 0 0 0 0 0 0 0 0 0 0 0 0 0 0 0 0 0 0 1 1 0 0 0 0 0 0 0 0 1 3 3 1 0 0 0 3 3 1 0 0 0 0 0 0 0 0 0 0 0 1 1 0 0 0 0 1 3 2 0 0 0 0 0 0 0 0 0 0 0 0 0 0 0 0 0 5 8 7 3 0 0 0 0 0 0 0 0 2 1 3 29 52 35 9 3 6 6 0 0 0 0 2 4 11 16 14 19 33 40 37 33 34 36 38 41 38 27 7 0 0 11 12 12 3 0 0 13 33 26 14 56 88 41 1 0 0 1 5 5 0 0 2 1 2 12 33 42 22 1 0 0 0 0 0 0 3 4 4 1 0 0 0 0 0 39 55 36 15 7 2 0 0 1 1 0 0 0 0 1 2 0 0 0 0 0 0 0 0 0 0 0 0 0 0 0 0 0 0 0 0 0 0 0 0 0 0 0 -2147483648 
-2147483648 0 0 0 0 0 0 0 0 0 0 1 2 1 0 0 0 0 0 0 0 0 0 0 0 1 3 4 3 1 0 0 0 0 0 1 2 1 1 2 2 2 1 0 0 0 0 0 0 0 0 0 0 0 0 0 0 0 0 0 0 0 0 0 0 2 1 0 0 0 0 0 1 2 2 0 0 0 0 0 1 3 3 1 0 0 0 0 1 3 4 3 1 0 0 0 0 0 0 1 1 0 0 0 0 0 0 0 0 0 0 0 0 0 0 0 0 0 0 0 0 0 2 7 7 4 2 2 1 0 0 0 0 0 2 8 7 2 24 49 36 16 13 12 6 3 7 22 52 68 50 26 18 16 10 9 23 39 42 40 40 38 26 4 0 0 20 24 14 3 0 0 0 15 29 20 0 0 7 17 8 0 0 1 5 9 7 3 3 3 2 7 24 35 20 0 0 0 0 0 0 0 0 3 4 1 0 0 0 0 0 32 51 37 15 6 4 3 1 0 0 0 1 2 1 1 2 1 0 0 0 0 0 0 1 3 4 4 4 3 1 0 0 0 0 0 0 2 1 0 0 0 0 0 0 -2147483648 
-2147483648 0 0 0 0 0 0 0 0 1 3 3 1 1 2 1 0 0 0 0 0 1 2 1 0 1 5 9 8 4 1 1 2 1 0 0 0 0 0 0 0 1 2 1 0 0 0 0 2 0 0 0 0 1 2 1 0 0 0 0 0 0 0 0 0 0 0 0 0 0 0 0 2 1 0 0 0 0 0 1 1 0 0 0 0 3 3 1 1 3 4 2 0 0 0 0 0 0 1 2 1 0 1 2 1 1 1 0 0 0 0 0 0 0 0 0 0 0 0 0 0 0 2 5 5 2 0 0 0 0 0 0 0 0 3 5 10 11 7 27 59 54 23 5 5 10 15 38 86 129 140 113 68 35 20 13 3 0 0 4 9 11 10 4 3 15 23 17 10 0 0 0 6 33 42 29 17 9 0 0 15 11 2 2 3 2 0 2 4 5 6 7 20 34 22 2 0 0 0 0 0 0 3 4 4 2 0 0 0 0 0 30 50 36 13 5 4 3 2 2 1 0 0 0 1 3 3 2 3 4 3 1 1 1 0 0 0 0 0 0 0 0 0 0 0 0 0 0 0 0 0 0 0 0 0 -2147483648 
-2147483648 0 0 0 0 0 0 0 0 0 0 0 1 2 1 0 0 1 3 3 0 0 0 0 1 4 6 5 4 4 4 3 1 0 0 0 0 0 0 0 0 0 0 0 0 0 0 0 0 0 0 0 0 0 0 0 0 0 0 0 0 1 2 1 0 0 0 0 0 1 3 3 1 0 0 0 0 0 0 0 0 0 0 3 4 4 3 3 5 4 1 1 2 2 3 4 3 1 0 0 1 4 6 5 4 2 0 0 0 0 0 0 0 0 0 0 0 0 0 0 0 0 6 4 1 0 0 0 0 0 0 0 0 2 1 2 12 18 10 24 63 69 38 14 5 2 22 61 76 80 107 128 111 72 41 22 7 0 2 9 13 14 16 20 21 12 0 0 0 0 0 25 61 70 49 30 18 0 0 0 2 1 1 4 5 2 1 2 2 3 6 19 33 24 4 0 0 0 0 0 0 1 5 5 1 0 0 0 0 0 22 49 38 14 5 3 1 1 3 3 1 1 2 1 0 0 0 0 0 0 1 3 3 1 0 0 0 0 0 0 0 1 3 3 1 0 0 0 0 0 0 0 0 0 0 -2147483648 
-2147483648 0 0 0 0 0 0 0 0 0 0 0 0 0 0 0 0 0 0 0 0 0 0 0 0 1 3 2 0 0 3 3 1 0 0 1 2 1 0 0 0 0 3 4 2 0 0 0 0 0 0 0 0 0 0 0 0 0 0 0 1 2 1 0 0 1 2 1 0 1 2 1 0 0 0 0 1 3 2 0 0 2 2 2 0 0 0 3 7 7 4 2 3 2 0 0 0 0 0 3 3 2 2 1 0 0 0 0 0 0 0 0 2 2 2 0 0 0 0 0 0 0 0 0 0 0 0 0 0 0 0 0 0 2 0 0 0 6 16 8 16 53 66 40 17 14 25 39 36 22 23 51 94 128 141 133 107 67 28 8 4 0 0 0 11 8 0 0 0 0 3 35 76 87 81 73 49 5 0 0 0 0 2 9 9 5 3 0 0 0 3 18 35 28 7 0 0 0 0 0 0 0 3 4 1 0 0 0 0 0 13 53 44 19 8 5 4 4 3 1 1 2 2 3 3 2 2 1 0 0 0 0 0 0 0 0 1 1 0 0 0 0 0 0 0 0 0 0 0 0 0 0 0 0 0 -2147483648 
-2147483648 0 0 0 0 0 0 0 1 2 1 0 0 0 0 0 0 0 0 0 0 0 0 0 0 1 4 2 0 0 0 1 3 5 6 3 0 0 0 0 0 1 3 3 0 0 0 0 1 1 0 0 0 0 0 0 0 0 0 0 1 2 3 5 5 4 3 1 0 0 0 0 1 2 2 3 5 6 4 2 3 3 0 0 0 0 1 5 6 7 7 4 1 0 0 0 1 3 4 2 0 0 0 0 0 1 2 0 0 0 1 0 0 0 0 0 0 0 0 0 0 0 0 0 0 0 0 0 0 0 0 2 3 1 0 0 0 0 15 9 2 32 65 57 31 12 0 0 0 0 1 10 39 82 119 141 133 87 38 13 1 0 0 0 0 0 0 0 3 9 46 88 90 81 79 57 6 0 0 0 0 3 8 8 4 1 0 1 3 5 13 26 24 6 0 0 0 0 0 0 0 3 4 2 0 0 0 0 0 0 47 45 22 9 4 2 3 3 1 0 1 2 1 0 0 1 4 5 2 0 0 0 0 0 0 0 1 2 1 0 0 0 0 1 3 3 2 2 1 0 0 0 0 0 0 -2147483648 
-2147483648 0 0 0 0 0 0 0 1 2 1 0 0 0 0 1 2 1 0 0 0 1 2 1 0 1 3 4 2 0 0 0 0 3 3 1 1 2 1 0 1 1 0 0 0 0 0 0 0 0 0 1 2 1 0 1 2 1 0 1 2 1 1 4 6 4 1 0 1 2 1 0 1 3 4 4 3 2 4 5 2 0 0 0 0 0 1 3 4 5 6 4 1 1 3 4 4 4 3 1 1 1 0 0 0 0 0 0 0 0 0 0 0 0 0 0 0 0 0 0 0 0 0 0 0 0 0 0 0 0 0 3 3 1 0 0 0 0 3 20 15 7 41 86 82 45 6 0 0 0 0 0 0 1 8 29 59 71 51 24 10 3 0 0 0 0 0 5 7 22 85 124 101 73 59 34 0 0 0 0 0 0 6 4 2 1 0 1 2 1 6 21 25 9 0 0 0 0 0 0 0 0 4 4 0 0 0 0 0 0 47 46 21 8 4 1 0 0 0 1 2 1 0 0 0 0 0 0 0 0 0 0 0 1 3 3 1 0 0 0 0 1 3 4 4 4 4 3 1 0 0 0 0 0 0 -2147483648 
-2147483648 0 0 0 0 0 0 0 0 0 0 0 0 0 1 2 1 0 0 0 0 1 2 3 4 4 4 2 0 0 0 0 0 0 0 0 3 3 2 3 3 0 0 0 0 0 0 0 0 1 2 3 3 1 0 0 0 0 1 2 1 1 2 2 2 0 0 0 1 1 0 0 0 1 3 3 0 0 2 3 1 0 2 6 6 3 2 1 0 0 0 0 0 0 0 0 0 0 0 2 5 4 1 0 0 0 0 0 0 0 0 0 0 0 0 0 0 0 0 0 0 0 2 6 3 2 0 0 0 0 2 3 0 0 0 0 0 0 4 19 18 7 24 65 80 55 13 0 0 0 0 0 0 0 0 0 0 0 0 0 0 0 0 0 1 6 3 0 13 84 111 76 45 33 8 0 0 0 0 0 0 10 7 2 0 2 3 1 0 4 19 29 17 3 0 0 0 0 0 0 0 3 2 0 0 0 0 0 0 50 53 25 6 1 0 0 0 0 0 0 0 0 1 1 1 2 1 0 0 0 0 0 0 0 1 3 3 2 2 2 3 3 1 0 0 0 0 0 0 0 0 0 0 0 0 -2147483648 
-2147483648 0 0 0 0 0 0 0 0 0 0 0 0 1 2 1 0 0 0 0 1 3 3 1 1 3 5 4 0 0 0 0 0 0 0 0 0 1 2 1 0 0 0 2 1 0 0 0 0 0 3 4 4 3 2 2 2 3 4 2 0 0 0 0 1 2 2 3 3 0 0 0 0 0 0 0 0 0 0 0 2 2 2 1 1 4 5 1 0 0 0 0 0 0 0 0 2 3 0 0 0 0 0 0 1 2 2 2 0 0 0 0 0 0 0 0 0 0 0 0 0 0 0 0 0 0 0 0 0 0 3 3 0 0 0 0 0 0 0 0 18 18 2 8 45 69 52 11 0 0 0 0 0 0 0 0 0 0 0 0 0 0 0 0 0 7 6 0 23 78 74 34 16 11 0 0 0 0 0 0 1 10 6 1 0 0 0 0 0 4 19 30 19 4 0 0 0 0 0 0 0 1 2 0 0 0 0 0 0 50 54 29 11 3 1 2 1 0 0 0 0 0 1 3 3 2 3 3 0 0 0 0 0 0 0 0 0 0 0 0 0 0 0 0 0 0 0 0 0 0 0 0 0 0 0 -2147483648 
-2147483648 0 0 0 0 0 0 0 0 0 0 0 1 2 1 1 2 1 0 1 3 3 1 0 0 1 4 1 0 0 0 0 0 0 0 0 0 0 0 0 0 0 3 3 1 0 0 0 2 2 2 1 1 3 4 4 4 4 2 0 1 0 0 0 1 3 4 4 3 2 2 1 0 0 0 0 0 0 0 0 0 2 0 0 0 1 0 0 0 0 0 0 0 0 0 0 0 0 0 0 0 0 0 0 0 0 0 0 0 0 4 6 7 6 1 0 0 0 0 0 0 0 0 0 0 0 0 0 0 4 4 0 0 0 0 0 0 0 0 4 21 25 12 10 38 72 68 28 0 0 0 0 0 0 0 0 0 0 0 0 0 0 0 1 0 0 0 39 86 68 28 10 0 0 0 0 0 0 0 0 2 1 0 2 4 2 0 0 0 10 24 18 1 0 0 0 0 0 0 2 2 2 0 0 0 0 0 0 45 52 28 12 8 5 4 3 1 0 0 0 1 1 0 2 3 1 0 0 0 0 0 0 0 0 0 0 0 0 0 0 0 0 0 0 0 1 3 3 1 0 0 0 0 0 0 -2147483648 
-2147483648 0 0 0 0 0 0 1 2 1 0 1 2 1 0 0 0 0 0 0 0 0 0 0 0 1 3 3 1 0 0 0 0 0 0 0 0 0 0 0 0 0 0 0 1 3 3 1 0 0 0 0 0 2 4 2 0 0 0 1 2 2 3 3 2 3 4 3 1 1 3 4 2 0 0 1 3 4 3 0 0 0 0 2 2 0 0 0 0 0 0 0 0 0 0 1 0 0 0 0 0 0 0 0 0 0 0 0 0 1 4 7 7 5 2 0 0 0 0 0 0 0 0 0 0 0 0 0 0 0 0 0 0 0 0 0 0 0 0 0 5 20 31 25 19 37 68 67 31 0 0 0 0 0 0 0 0 0 0 0 0 0 0 0 0 0 0 52 91 64 23 6 0 0 0 0 0 0 0 0 10 5 1 1 3 2 0 0 1 9 22 21 5 0 0 0 0 0 1 5 5 3 0 0 0 0 0 0 46 55 30 10 5 4 3 2 2 1 1 2 0 0 0 0 0 0 0 0 1 3 3 1 0 0 0 0 0 0 0 0 0 0 0 0 0 0 0 0 0 0 0 0 0 0 0 -2147483648 
-2147483648 0 0 0 0 0 0 0 0 0 0 0 0 0 0 0 0 0 0 0 0 0 0 1 3 4 5 6 4 2 2 1 0 0 0 0 0 0 0 0 0 0 0 1 3 4 3 0 0 0 0 1 3 4 3 1 0 0 1 2 1 1 2 1 0 1 2 1 0 1 3 3 1 0 0 1 3 4 3 1 0 0 0 0 0 0 0 0 0 0 0 0 0 2 1 0 0 0 0 0 0 0 0 0 0 0 0 0 0 0 0 0 0 0 0 0 0 1 1 0 0 0 0 0 0 0 0 0 2 0 0 0 0 0 0 0 0 1 3 3 3 9 13 8 6 22 53 48 4 0 0 0 0 0 0 0 0 0 0 0 0 0 0 0 0 0 43 71 52 21 5 0 0 0 0 0 0 2 17 18 10 5 3 0 0 0 1 4 10 21 24 10 0 0 0 0 0 5 13 14 9 0 0 0 0 0 0 39 53 32 11 5 4 3 2 3 3 1 0 0 0 0 0 0 0 0 3 3 1 0 1 2 1 0 0 0 0 0 0 0 0 0 0 0 0 0 0 0 0 0 0 0 0 0 0 -2147483648 
-2147483648 0 0 0 0 0 0 10 31 43 44 44 45 47 49 51 53 55 56 57 59 60 61 63 64 69 96 150 201 225 232 235 236 236 237 239 240 240 240 241 243 244 244 245 247 248 248 248 248 247 245 244 245 246 246 247 248 248 248 248 248 247 244 242 242 242 243 245 247 248 247 245 245 246 245 243 241 240 240 241 243 244 243 241 241 243 243 241 240 240 240 241 243 244 244 244 244 245 245 242 240 240 240 241 242 241 239 236 233 233 232 225 217 213 213 214 212 209 205 197 189 184 175 143 91 54 41 36 32 28 25 24 26 34 49 67 78 71 51 34 25 21 21 23 24 26 39 78 132 168 183 182 166 160 180 215 243 247 237 237 247 252 247 234 228 238 236 192 127 82 62 53 58 93 147 183 201 225 243 242 236 234 235 235 234 236 238 236 232 218 179 133 112 112 128 165 201 218 221 202 149 88 60 59 56 94 186 230 189 126 88 74 69 67 65 63 61 60 59 58 59 59 57 55 53 51 49 48 48 48 48 48 48 48 47 45 44 44 44 45 46 45 44 44 44 43 41 30 10 0 0 0 0 0 0 -2147483648 
-2147483648 0 0 0 0 0 0 11 34 47 48 48 48 49 51 53 55 56 57 59 60 61 63 64 65 77 117 174 214 229 233 235 236 236 237 239 240 240 241 243 244 244 244 244 245 247 248 248 247 245 244 244 244 244 245 247 248 248 248 248 248 247 245 244 244 244 245 247 248 247 245 245 247 247 245 243 241 240 241 243 244 244 244 245 247 247 244 240 238 239 241 243 244 244 244 244 245 246 244 241 240 241 243 243 241 240 239 236 235 237 233 223 217 217 218 216 212 208 203 198 194 189 179 147 96 61 47 38 32 29 29 33 42 56 70 77 73 59 42 30 25 25 29 32 30 29 41 95 168 195 190 187 187 189 197 219 243 249 246 249 252 252 247 238 239 237 198 134 87 66 58 67 107 160 192 203 211 221 228 231 232 232 233 235 236 236 235 232 223 193 147 119 115 125 156 194 214 217 207 171 113 74 67 63 91 174 227 198 136 95 80 73 69 68 67 65 64 64 64 64 64 63 61 60 59 56 53 53 55 56 55 53 52 52 52 52 52 52 52 52 51 49 48 48 48 48 47 34 11 0 0 0 0 0 0 -2147483648 
-2147483648 0 0 0 0 0 0 0 0 0 0 0 0 0 0 0 0 0 0 0 0 0 0 0 0 0 0 0 0 0 0 0 0 0 0 0 0 0 0 0 0 0 0 0 0 0 0 0 0 0 0 0 0 0 0 0 0 0 0 0 0 0 0 0 0 0 0 0 0 0 0 0 0 0 0 0 0 0 0 0 0 0 0 0 0 0 0 0 0 0 0 0 0 0 0 0 0 0 0 0 0 0 0 0 0 0 0 0 0 0 0 0 0 0 0 0 0 0 0 0 0 0 0 0 0 0 0 0 0 0 0 0 0 0 0 0 0 0 0 0 0 0 0 0 0 0 0 0 0 0 0 0 0 0 0 0 0 0 0 0 0 0 0 0 0 0 0 0 0 0 0 0 0 0 0 0 0 0 0 0 0 0 0 0 0 0 0 0 0 0 0 0 0 0 0 0 0 0 0 0 0 0 0 0 0 0 0 0 0 0 0 0 0 0 0 0 0 0 0 0 0 0 0 0 0 0 0 0 0 0 0 0 0 0 0 0 0 0 0 0 0 0 0 0 0 0 0 0 0 0 0 0 0 0 0 -2147483648 
-2147483648 0 0 0 0 0 0 0 0 0 0 0 0 0 0 0 0 0 0 0 0 0 0 0 0 0 0 0 0 0 0 0 0 0 0 0 0 0 0 0 0 0 0 0 0 0 0 0 0 0 0 0 0 0 0 0 0 0 0 0 0 0 0 0 0 0 0 0 0 0 0 0 0 0 0 0 0 0 0 0 0 0 0 0 0 0 0 0 0 0 0 0 0 0 0 0 0 0 0 0 0 0 0 0 0 0 0 0 0 0 0 0 0 0 0 0 0 0 0 0 0 0 0 0 0 0 0 0 0 0 0 0 0 0 0 0 0 0 0 0 0 0 0 0 0 0 0 0 0 0 0 0 0 0 0 0 0 0 0 0 0 0 0 0 0 0 0 0 0 0 0 0 0 0 0 0 0 0 0 0 0 0 0 0 0 0 0 0 0 0 0 0 0 0 0 0 0 0 0 0 0 0 0 0 0 0 0 0 0 0 0 0 0 0 0 0 0 0 0 0 0 0 0 0 0 0 0 0 0 0 0 0 0 0 0 0 0 0 0 0 0 0 0 0 0 0 0 0 0 0 0 0 0 0 0 -2147483648 
-2147483648 0 0 0 0 0 0 0 0 0 0 0 0 0 0 0 0 0 0 0 0 0 0 0 0 0 0 0 0 0 0 0 0 0 0 0 0 0 0 0 0 0 0 0 0 0 0 0 0 0 0 0 0 0 0 0 0 0 0 0 0 0 0 0 0 0 0 0 0 0 0 0 0 0 0 0 0 0 0 0 0 0 0 0 0 0 0 0 0 0 0 0 0 0 0 0 0 0 0 0 0 0 0 0 0 0 0 0 0 0 0 0 0 0 0 0 0 0 0 0 0 0 0 0 0 0 0 0 0 0 0 0 0 0 0 0 0 0 0 0 0 0 0 0 0 0 0 0 0 0 0 0 0 0 0 0 0 0 0 0 0 0 0 0 0 0 0 0 0 0 0 0 0 0 0 0 0 0 0 0 0 0 0 0 0 0 0 0 0 0 0 0 0 0 0 0 0 0 0 0 0 0 0 0 0 0 0 0 0 0 0 0 0 0 0 0 0 0 0 0 0 0 0 0 0 0 0 0 0 0 0 0 0 0 0 0 0 0 0 0 0 0 0 0 0 0 0 0 0 0 0 0 0 0 0 -2147483648 
-2147483648 0 0 0 0 0 0 0 0 0 0 0 0 0 0 0 0 0 0 0 0 0 0 0 0 0 0 0 0 0 0 0 0 0 0 0 0 0 0 0 0 0 0 0 0 0 0 0 0 0 0 0 0 0 0 0 0 0 0 0 0 0 0 0 0 0 0 0 0 0 0 0 0 0 0 0 0 0 0 0 0 0 0 0 0 0 0 0 0 0 0 0 0 0 0 0 0 0 0 0 0 0 0 0 0 0 0 0 0 0 0 0 0 0 0 0 0 0 0 0 0 0 0 0 0 0 0 0 0 0 0 0 0 0 0 0 0 0 0 0 0 0 0 0 0 0 0 0 0 0 0 0 0 0 0 0 0 0 0 0 0 0 0 0 0 0 0 0 0 0 0 0 0 0 0 0 0 0 0 0 0 0 0 0 0 0 0 0 0 0 0 0 0 0 0 0 0 0 0 0 0 0 0 0 0 0 0 0 0 0 0 0 0 0 0 0 0 0 0 0 0 0 0 0 0 0 0 0 0 0 0 0 0 0 0 0 0 0 0 0 0 0 0 0 0 0 0 0 0 0 0 0 0 0 0 -2147483648 
-2147483648 0 0 0 0 0 0 0 0 0 0 0 0 0 0 0 0 0 0 0 0 0 0 0 0 0 0 0 0 0 0 0 0 0 0 0 0 0 0 0 0 0 0 0 0 0 0 0 0 0 0 0 0 0 0 0 0 0 0 0 0 0 0 0 0 0 0 0 0 0 0 0 0 0 0 0 0 0 0 0 0 0 0 0 0 0 0 0 0 0 0 0 0 0 0 0 0 0 0 0 0 0 0 0 0 0 0 0 0 0 0 0 0 0 0 0 0 0 0 0 0 0 0 0 0 0 0 0 0 0 0 0 0 0 0 0 0 0 0 0 0 0 0 0 0 0 0 0 0 0 0 0 0 0 0 0 0 0 0 0 0 0 0 0 0 0 0 0 0 0 0 0 0 0 0 0 0 0 0 0 0 0 0 0 0 0 0 0 0 0 0 0 0 0 0 0 0 0 0 0 0 0 0 0 0 0 0 0 0 0 0 0 0 0 0 0 0 0 0 0 0 0 0 0 0 0 0 0 0 0 0 0 0 0 0 0 0 0 0 0 0 0 0 0 0 0 0 0 0 0 0 0 0 0 0 -2147483648 
-2147483648 0 0 0 0 0 0 0 0 0 0 0 0 0 0 0 0 0 0 0 0 0 0 0 0 0 0 0 0 0 0 0 0 0 0 0 0 0 0 0 0 0 0 0 0 0 0 0 0 0 0 0 0 0 0 0 0 0 0 0 0 0 0 0 0 0 0 0 0 0 0 0 0 0 0 0 0 0 0 0 0 0 0 0 0 0 0 0 0 0 0 0 0 0 0 0 0 0 0 0 0 0 0 0 0 0 0 0 0 0 0 0 0 0 0 0 0 0 0 0 0 0 0 0 0 0 0 0 0 0 0 0 0 0 0 0 0 0 0 0 0 0 0 0 0 0 0 0 0 0 0 0 0 0 0 0 0 0 0 0 0 0 0 0 0 0 0 0 0 0 0 0 0 0 0 0 0 0 0 0 0 0 0 0 0 0 0 0 0 0 0 0 0 0 0 0 0 0 0 0 0 0 0 0 0 0 0 0 0 0 0 0 0 0 0 0 0 0 0 0 0 0 0 0 0 0 0 0 0 0 0 0 0 0 0 0 0 0 0 0 0 0 0 0 0 0 0 0 0 0 0 0 0 0 0 -2147483648 
-2147483648 0 0 0 0 0 0 0 0 0 0 0 0 0 0 0 0 0 0 0 0 0 0 0 0 0 0 0 0 0 0 0 0 0 0 0 0 0 0 0 0 0 0 0 0 0 0 0 0 0 0 0 0 0 0 0 0 0 0 0 0 0 0 0 0 0 0 0 0 0 0 0 0 0 0 0 0 0 0 0 0 0 0 0 0 0 0 0 0 0 0 0 0 0 0 0 0 0 0 0 0 0 0 0 0 0 0 0 0 0 0 0 0 0 0 0 0 0 0 0 0 0 0 0 0 0 0 0 0 0 0 0 0 0 0 0 0 0 0 0 0 0 0 0 0 0 0 0 0 0 0 0 0 0 0 0 0 0 0 0 0 0 0 0 0 0 0 0 0 0 0 0 0 0 0 0 0 0 0 0 0 0 0 0 0 0 0 0 0 0 0 0 0 0 0 0 0 0 0 0 0 0 0 0 0 0 0 0 0 0 0 0 0 0 0 0 0 0 0 0 0 0 0 0 0 0 0 0 0 0 0 0 0 0 0 0 0 0 0 0 0 0 0 0 0 0 0 0 0 0 0 0 0 0 0 -2147483648 
-2147483648 0 0 0 0 0 0 0 0 0 0 0 0 0 0 0 0 0 0 0 0 0 0 0 0 0 0 0 0 0 0 0 0 0 0 0 0 0 0 0 0 0 0 0 0 0 0 0 0 0 0 0 0 0 0 0 0 0 0 0 0 0 0 0 0 0 0 0 0 0 0 0 0 0 0 0 0 0 0 0 0 0 0 0 0 0 0 0 0 0 0 0 0 0 0 0 0 0 0 0 0 0 0 0 0 0 0 0 0 0 0 0 0 0 0 0 0 0 0 0 0 0 0 0 0 0 0 0 0 0 0 0 0 0 0 0 0 0 0 0 0 0 0 0 0 0 0 0 0 0 0 0 0 0 0 0 0 0 0 0 0 0 0 0 0 0 0 0 0 0 0 0 0 0 0 0 0 0 0 0 0 0 0 0 0 0 0 0 0 0 0 0 0 0 0 0 0 0 0 0 0 0 0 0 0 0 0 0 0 0 0 0 0 0 0 0 0 0 0 0 0 0 0 0 0 0 0 0 0 0 0 0 0 0 0 0 0 0 0 0 0 0 0 0 0 0 0 0 0 0 0 0 0 0 0 -2147483648 
-2147483648 0 0 0 0 0 0 0 0 0 0 0 0 0 0 0 0 0 0 0 0 0 0 0 0 0 0 0 0 0 0 0 0 0 0 0 0 0 0 0 0 0 0 0 0 0 0 0 0 0 0 0 0 0 0 0 0 0 0 0 0 0 0 0 0 0 0 0 0 0 0 0 0 0 0 0 0 0 0 0 0 0 0 0 0 0 0 0 0 0 0 0 0 0 0 0 0 0 0 0 0 0 0 0 0 0 0 0 0 0 0 0 0 0 0 0 0 0 0 0 0 0 0 0 0 0 0 0 0 0 0 0 0 0 0 0 0 0 0 0 0 0 0 0 0 0 0 0 0 0 0 0 0 0 0 0 0 0 0 0 0 0 0 0 0 0 0 0 0 0 0 0 0 0 0 0 0 0 0 0 0 0 0 0 0 0 0 0 0 0 0 0 0 0 0 0 0 0 0 0 0 0 0 0 0 0 0 0 0 0 0 0 0 0 0 0 0 0 0 0 0 0 0 0 0 0 0 0 0 0 0 0 0 0 0 0 0 0 0 0 0 0 0 0 0 0 0 0 0 0 0 0 0 0 0 -2147483648 
-2147483648 0 0 0 0 0 0 0 0 0 0 0 0 0 0 0 0 0 0 0 0 0 0 0 0 0 0 0 0 0 0 0 0 0 0 0 0 0 0 0 0 0 0 0 0 0 0 0 0 0 0 0 0 0 0 0 0 0 0 0 0 0 0 0 0 0 0 0 0 0 0 0 0 0 0 0 0 0 0 0 0 0 0 0 0 0 0 0 0 0 0 0 0 0 0 0 0 0 0 0 0 0 0 0 0 0 0 0 0 0 0 0 0 0 0 0 0 0 0 0 0 0 0 0 0 0 0 0 0 0 0 0 0 0 0 0 0 0 0 0 0 0 0 0 0 0 0 0 0 0 0 0 0 0 0 0 0 0 0 0 0 0 0 0 0 0 0 0 0 0 0 0 0 0 0 0 0 0 0 0 0 0 0 0 0 0 0 0 0 0 0 0 0 0 0 0 0 0 0 0 0 0 0 0 0 0 0 0 0 0 0 0 0 0 0 0 0 0 0 0 0 0 0 0 0 0 0 0 0 0 0 0 0 0 0 0 0 0 0 0 0 0 0 0 0 0 0 0 0 0 0 0 0 0 0 -2147483648 
-2147483648 0 0 0 0 0 0 0 0 0 0 0 0 0 0 0 0 0 0 0 0 0 0 0 0 0 0 0 0 0 0 0 0 0 0 0 0 0 0 0 0 0 0 0 0 0 0 0 0 0 0 0 0 0 0 0 0 0 0 0 0 0 0 0 0 0 0 0 0 0 0 0 0 0 0 0 0 0 0 0 0 0 0 0 0 0 0 0 0 0 0 0 0 0 0 0 0 0 0 0 0 0 0 0 0 0 0 0 0 0 0 0 0 0 0 0 0 0 0 0 0 0 0 0 0 0 0 0 0 0 0 0 0 0 0 0 0 0 0 0 0 0 0 0 0 0 0 0 0 0 0 0 0 0 0 0 0 0 0 0 0 0 0 0 0 0 0 0 0 0 0 0 0 0 0 0 0 0 0 0 0 0 0 0 0 0 0 0 0 0 0 0 0 0 0 0 0 0 0 0 0 0 0 0 0 0 0 0 0 0 0 0 0 0 0 0 0 0 0 0 0 0 0 0 0 0 0 0 0 0 0 0 0 0 0 0 0 0 0 0 0 0 0 0 0 0 0 0 0 0 0 0 0 0 0 -2147483648 
-2147483648 0 0 0 0 0 0 0 0 0 0 0 0 0 0 0 0 0 0 0 0 0 0 0 0 0 0 0 0 0 0 0 0 0 0 0 0 0 0 0 0 0 0 0 0 0 0 0 0 0 0 0 0 0 0 0 0 0 0 0 0 0 0 0 0 0 0 0 0 0 0 0 0 0 0 0 0 0 0 0 0 0 0 0 0 0 0 0 0 0 0 0 0 0 0 0 0 0 0 0 0 0 0 0 0 0 0 0 0 0 0 0 0 0 0 0 0 0 0 0 0 0 0 0 0 0 0 0 0 0 0 0 0 0 0 0 0 0 0 0 0 0 0 0 0 0 0 0 0 0 0 0 0 0 0 0 0 0 0 0 0 0 0 0 0 0 0 0 0 0 0 0 0 0 0 0 0 0 0 0 0 0 0 0 0 0 0 0 0 0 0 0 0 0 0 0 0 0 0 0 0 0 0 0 0 0 0 0 0 0 0 0 0 0 0 0 0 0 0 0 0 0 0 0 0 0 0 0 0 0 0 0 0 0 0 0 0 0 0 0 0 0 0 0 0 0 0 0 0 0 0 0 0 0 0 -2147483648 
-2147483648 0 0 0 0 0 0 0 0 0 0 0 0 0 0 0 0 0 0 0 0 0 0 0 0 0 0 0 0 0 0 0 0 0 0 0 0 0 0 0 0 0 0 0 0 0 0 0 0 0 0 0 0 0 0 0 0 0 0 0 0 0 0 0 0 0 0 0 0 0 0 0 0 0 0 0 0 0 0 0 0 0 0 0 0 0 0 0 0 0 0 0 0 0 0 0 0 0 0 0 0 0 0 0 0 0 0 0 0 0 0 0 0 0 0 0 0 0 0 0 0 0 0 0 0 0 0 0 0 0 0 0 0 0 0 0 0 0 0 0 0 0 0 0 0 0 0 0 0 0 0 0 0 0 0 0 0 0 0 0 0 0 0 0 0 0 0 0 0 0 0 0 0 0 0 0 0 0 0 0 0 0 0 0 0 0 0 0 0 0 0 0 0 0 0 0 0 0 0 0 0 0 0 0 0 0 0 0 0 0 0 0 0 0 0 0 0 0 0 0 0 0 0 0 0 0 0 0 0 0 0 0 0 0 0 0 0 0 0 0 0 0 0 0 0 0 0 0 0 0 0 0 0 0 0 -2147483648 
-2147483648 0 0 0 0 0 0 0 0 0 0 0 0 0 0 0 0 0 0 0 0 0 0 0 0 0 0 0 0 0 0 0 0 0 0 0 0 0 0 0 0 0 0 0 0 0 0 0 0 0 0 0 0 0 0 0 0 0 0 0 0 0 0 0 0 0 0 0 0 0 0 0 0 0 0 0 0 0 0 0 0 0 0 0 0 0 0 0 0 0 0 0 0 0 0 0 0 0 0 0 0 0 0 0 0 0 0 0 0 0 0 0 0 0 0 0 0 0 0 0 0 0 0 0 0 0 0 0 0 0 0 0 0 0 0 0 0 0 0 0 0 0 0 0 0 0 0 0 0 0 0 0 0 0 0 0 0 0 0 0 0 0 0 0 0 0 0 0 0 0 0 0 0 0 0 0 0 0 0 0 0 0 0 0 0 0 0 0 0 0 0 0 0 0 0 0 0 0 0 0 0 0 0 0 0 0 0 0 0 0 0 0 0 0 0 0 0 0 0 0 0 0 0 0 0 0 0 0 0 0 0 0 0 0 0 0 0 0 0 0 0 0 0 0 0 0 0 0 0 0 0 0 0 0 0 -2147483648 
-2147483648 0 0 0 0 0 0 0 0 0 0 0 0 0 0 0 0 0 0 0 0 0 0 0 0 0 0 0 0 0 0 0 0 0 0 0 0 0 0 0 0 0 0 0 0 0 0 0 0 0 0 0 0 0 0 0 0 0 0 0 0 0 0 0 0 0 0 0 0 0 0 0 0 0 0 0 0 0 0 0 0 0 0 0 0 0 0 0 0 0 0 0 0 0 0 0 0 0 0 0 0 0 0 0 0 0 0 0 0 0 0 0 0 0 0 0 0 0 0 0 0 0 0 0 0 0 0 0 0 0 0 0 0 0 0 0 0 0 0 0 0 0 0 0 0 0 0 0 0 0 0 0 0 0 0 0 0 0 0 0 0 0 0 0 0 0 0 0 0 0 0 0 0 0 0 0 0 0 0 0 0 0 0 0 0 0 0 0 0 0 0 0 0 0 0 0 0 0 0 0 0 0 0 0 0 0 0 0 0 0 0 0 0 0 0 0 0 0 0 0 0 0 0 0 0 0 0 0 0 0 0 0 0 0 0 0 0 0 0 0 0 0 0 0 0 0 0 0 0 0 0 0 0 0 0 -2147483648 
-2147483648 0 0 0 0 0 0 0 0 0 0 0 0 0 0 0 0 0 0 0 0 0 0 0 0 0 0 0 0 0 0 0 0 0 0 0 0 0 0 0 0 0 0 0 0 0 0 0 0 0 0 0 0 0 0 0 0 0 0 0 0 0 0 0 0 0 0 0 0 0 0 0 0 0 0 0 0 0 0 0 0 0 0 0 0 0 0 0 0 0 0 0 0 0 0 0 0 0 0 0 0 0 0 0 0 0 0 0 0 0 0 0 0 0 0 0 0 0 0 0 0 0 0 0 0 0 0 0 0 0 0 0 0 0 0 0 0 0 0 0 0 0 0 0 0 0 0 0 0 0 0 0 0 0 0 0 0 0 0 0 0 0 0 0 0 0 0 0 0 0 0 0 0 0 0 0 0 0 0 0 0 0 0 0 0 0 0 0 0 0 0 0 0 0 0 0 0 0 0 0 0 0 0 0 0 0 0 0 0 0 0 0 0 0 0 0 0 0 0 0 0 0 0 0 0 0 0 0 0 0 0 0 0 0 0 0 0 0 0 0 0 0 0 0 0 0 0 0 0 0 0 0 0 0 0 -2147483648 
-2147483648 0 0 0 0 0 0 0 0 0 0 0 0 0 0 0 0 0 0 0 0 0 0 0 0 0 0 0 0 0 0 0 0 0 0 0 0 0 0 0 0 0 0 0 0 0 0 0 0 0 0 0 0 0 0 0 0 0 0 0 0 0 0 0 0 0 0 0 0 0 0 0 0 0 0 0 0 0 0 0 0 0 0 0 0 0 0 0 0 0 0 0 0 0 0 0 0 0 0 0 0 0 0 0 0 0 0 0 0 0 0 0 0 0 0 0 0 0 0 0 0 0 0 0 0 0 0 0 0 0 0 0 0 0 0 0 0 0 0 0 0 0 0 0 0 0 0 0 0 0 0 0 0 0 0 0 0 0 0 0 0 0 0 0 0 0 0 0 0 0 0 0 0 0 0 0 0 0 0 0 0 0 0 0 0 0 0 0 0 0 0 0 0 0 0 0 0 0 0 0 0 0 0 0 0 0 0 0 0 0 0 0 0 0 0 0 0 0 0 0 0 0 0 0 0 0 0 0 0 0 0 0 0 0 0 0 0 0 0 0 0 0 0 0 0 0 0 0 0 0 0 0 0 0 0 -2147483648 
-2147483648 0 0 0 0 0 0 0 0 0 0 0 0 0 0 0 0 0 0 0 0 0 0 0 0 0 0 0 0 0 0 0 0 0 0 0 0 0 0 0 0 0 0 0 0 0 0 0 0 0 0 0 0 0 0 0 0 0 0 0 0 0 0 0 0 0 0 0 0 0 0 0 0 0 0 0 0 0 0 0 0 0 0 0 0 0 0 0 0 0 0 0 0 0 0 0 0 0 0 0 0 0 0 0 0 0 0 0 0 0 0 0 0 0 0 0 0 0 0 0 0 0 0 0 0 0 0 0 0 0 0 0 0 0 0 0 0 0 0 0 0 0 0 0 0 0 0 0 0 0 0 0 0 0 0 0 0 0 0 0 0 0 0 0 0 0 0 0 0 0 0 0 0 0 0 0 0 0 0 0 0 0 0 0 0 0 0 0 0 0 0 0 0 0 0 0 0 0 0 0 0 0 0 0 0 0 0 0 0 0 0 0 0 0 0 0 0 0 0 0 0 0 0 0 0 0 0 0 0 0 0 0 0 0 0 0 0 0 0 0 0 0 0 0 0 0 0 0 0 0 0 0 0 0 0 -2147483648 
-2147483648 0 0 0 0 0 0 0 0 0 0 0 0 0 0 0 0 0 0 0 0 0 0 0 0 0 0 0 0 0 0 0 0 0 0 0 0 0 0 0 0 0 0 0 0 0 0 0 0 0 0 0 0 0 0 0 0 0 0 0 0 0 0 0 0 0 0 0 0 0 0 0 0 0 0 0 0 0 0 0 0 0 0 0 0 0 0 0 0 0 0 0 0 0 0 0 0 0 0 0 0 0 0 0 0 0 0 0 0 0 0 0 0 0 0 0 0 0 0 0 0 0 0 0 0 0 0 0 0 0 0 0 0 0 0 0 0 0 0 0 0 0 0 0 0 0 0 0 0 0 0 0 0 0 0 0 0 0 0 0 0 0 0 0 0 0 0 0 0 0 0 0 0 0 0 0 0 0 0 0 0 0 0 0 0 0 0 0 0 0 0 0 0 0 0 0 0 0 0 0 0 0 0 0 0 0 0 0 0 0 0 0 0 0 0 0 0 0 0 0 0 0 0 0 0 0 0 0 0 0 0 0 0 0 0 0 0 0 0 0 0 0 0 0 0 0 0 0 0 0 0 0 0 0 0 -2147483648 
-2147483648 0 0 0 0 0 0 0 0 0 0 0 0 0 0 0 0 0 0 0 0 0 0 0 0 0 0 0 0 0 0 0 0 0 0 0 0 0 0 0 0 0 0 0 0 0 0 0 0 0 0 0 0 0 0 0 0 0 0 0 0 0 0 0 0 0 0 0 0 0 0 0 0 0 0 0 0 0 0 0 0 0 0 0 0 0 0 0 0 0 0 0 0 0 0 0 0 0 0 0 0 0 0 0 0 0 0 0 0 0 0 0 0 0 0 0 0 0 0 0 0 0 0 0 0 0 0 0 0 0 0 0 0 0 0 0 0 0 0 0 0 0 0 0 0 0 0 0 0 0 0 0 0 0 0 0 0 0 0 0 0 0 0 0 0 0 0 0 0 0 0 0 0 0 0 0 0 0 0 0 0 0 0 0 0 0 0 0 0 0 0 0 0 0 0 0 0 0 0 0 0 0 0 0 0 0 0 0 0 0 0 0 0 0 0 0 0 0 0 0 0 0 0 0 0 0 0 0 0 0 0 0 0 0 0 0 0 0 0 0 0 0 0 0 0 0 0 0 0 0 0 0 0 0 0 -2147483648 
-2147483648 0 0 0 0 0 0 0 0 0 0 0 0 0 0 0 0 0 0 0 0 0 0 0 0 0 0 0 0 0 0 0 0 0 0 0 0 0 0 0 0 0 0 0 0 0 0 0 0 0 0 0 0 0 0 0 0 0 0 0 0 0 0 0 0 0 0 0 0 0 0 0 0 0 0 0 0 0 0 0 0 0 0 0 0 0 0 0 0 0 0 0 0 0 0 0 0 0 0 0 0 0 0 0 0 0 0 0 0 0 0 0 0 0 0 0 0 0 0 0 0 0 0 0 0 0 0 0 0 0 0 0 0 0 0 0 0 0 0 0 0 0 0 0 0 0 0 0 0 0 0 0 0 0 0 0 0 0 0 0 0 0 0 0 0 0 0 0 0 0 0 0 0 0 0 0 0 0 0 0 0 0 0 0 0 0 0 0 0 0 0 0 0 0 0 0 0 0 0 0 0 0 0 0 0 0 0 0 0 0 0 0 0 0 0 0 0 0 0 0 0 0 0 0 0 0 0 0 0 0 0 0 0 0 0 0 0 0 0 0 0 0 0 0 0 0 0 0 0 0 0 0 0 0 0 -2147483648 
-2147483648 -2147483648 -2147483648 -2147483648 -2147483648 -2147483648 -2147483648 -2147483648 -2147483648 -2147483648 -2147483648 -2147483648 -2147483648 -2147483648 -2147483648 -2147483648 -2147483648 -2147483648 -2147483648 -2147483648 -2147483648 -2147483648 -2147483648 -2147483648 -2147483648 -2147483648 -2147483648 -2147483648 -2147483648 -2147483648 -2147483648 -2147483648 -2147483648 -2147483648 -2147483648 -2147483648 -2147483648 -2147483648 -2147483648 -2147483648 -2147483648 -2147483648 -2147483648 -2147483648 -2147483648 -2147483648 -2147483648 -2147483648 -2147483648 -2147483648 -2147483648 -2147483648 -2147483648 -2147483648 -2147483648 -2147483648 -2147483648 -2147483648 -2147483648 -2147483648 -2147483648 -2147483648 -2147483648 -2147483648 -2147483648 -2147483648 -2147483648 -2147483648 -2147483648 -2147483648 -2147483648 -2147483648 -2147483648 -2147483648 -2147483648 -2147483648 -2147483648 -2147483648 -2147483648 -2147483648 -2147483648 -2147483648 -2147483648 -2147483648 -2147483648 -2147483648 -2147483648 -2147483648 -2147483648 -2147483648 -2147483648 -2147483648 -2147483648 -2147483648 -2147483648 -2147483648 -2147483648 -2147483648 -2147483648 -2147483648 -2147483648 -2147483648 -2147483648 -2147483648 -2147483648 -2147483648 -2147483648 -2147483648 -2147483648 -2147483648 -2147483648 -2147483648 -2147483648 -2147483648 -2147483648 -2147483648 -2147483648 -2147483648 -2147483648 -2147483648 -2147483648 -2147483648 -2147483648 -2147483648 -2147483648 -2147483648 -2147483648 -2147483648 -2147483648 -2147483648 -2147483648 -2147483648 -2147483648 -2147483648 -2147483648 -2147483648 -2147483648 -2147483648 -2147483648 -2147483648 -2147483648 -2147483648 -2147483648 -2147483648 -2147483648 -2147483648 -2147483648 -2147483648 -2147483648 -2147483648 -2147483648 -2147483648 -2147483648 -2147483648 -2147483648 -2147483648 -2147483648 -2147483648 -2147483648 -2147483648 -2147483648 -2147483648 -2147483648 -2147483648 -2147483648 -2147483648 -2147483648 -2147483648 -2147483648 -2147483648 -2147483648 -2147483648 -2147483648 -2147483648 -2147483648 -2147483648 -2147483648 -2147483648 -2147483648 -2147483648 -2147483648 -2147483648 -2147483648 -2147483648 -2147483648 -2147483648 -2147483648 -2147483648 -2147483648 -2147483648 -2147483648 -2147483648 -2147483648 -2147483648 -2147483648 -2147483648 -2147483648 -2147483648 -2147483648 -2147483648 -2147483648 -2147483648 -2147483648 -2147483648 -2147483648 -2147483648 -2147483648 -2147483648 -2147483648 -2147483648 -2147483648 -2147483648 -2147483648 -2147483648 -2147483648 -2147483648 -2147483648 -2147483648 -2147483648 -2147483648 -2147483648 -2147483648 -2147483648 -2147483648 -2147483648 -2147483648 -2147483648 -2147483648 -2147483648 -2147483648 -2147483648 -2147483648 -2147483648 -2147483648 -2147483648 -2147483648 -2147483648 -2147483648 -2147483648 -2147483648 -2147483648 -2147483648 -2147483648 -2147483648 -2147483648 -2147483648 -2147483648 -2147483648 -2147483648 -2147483648 -2147483648 -2147483648 -2147483648 -2147483648 -2147483648 -2147483648 
