Type=GDR 2.0
Nb.Pixel/Ligne=256
Nb.Lignes=256
Nb.Bits=8
 
-2147483648 -2147483648 -2147483648 -2147483648 -2147483648 -2147483648 -2147483648 -2147483648 -2147483648 -2147483648 -2147483648 -2147483648 -2147483648 -2147483648 -2147483648 -2147483648 -2147483648 -2147483648 -2147483648 -2147483648 -2147483648 -2147483648 -2147483648 -2147483648 -2147483648 -2147483648 -2147483648 -2147483648 -2147483648 -2147483648 -2147483648 -2147483648 -2147483648 -2147483648 -2147483648 -2147483648 -2147483648 -2147483648 -2147483648 -2147483648 -2147483648 -2147483648 -2147483648 -2147483648 -2147483648 -2147483648 -2147483648 -2147483648 -2147483648 -2147483648 -2147483648 -2147483648 -2147483648 -2147483648 -2147483648 -2147483648 -2147483648 -2147483648 -2147483648 -2147483648 -2147483648 -2147483648 -2147483648 -2147483648 -2147483648 -2147483648 -2147483648 -2147483648 -2147483648 -2147483648 -2147483648 -2147483648 -2147483648 -2147483648 -2147483648 -2147483648 -2147483648 -2147483648 -2147483648 -2147483648 -2147483648 -2147483648 -2147483648 -2147483648 -2147483648 -2147483648 -2147483648 -2147483648 -2147483648 -2147483648 -2147483648 -2147483648 -2147483648 -2147483648 -2147483648 -2147483648 -2147483648 -2147483648 -2147483648 -2147483648 -2147483648 -2147483648 -2147483648 -2147483648 -2147483648 -2147483648 -2147483648 -2147483648 -2147483648 -2147483648 -2147483648 -2147483648 -2147483648 -2147483648 -2147483648 -2147483648 -2147483648 -2147483648 -2147483648 -2147483648 -2147483648 -2147483648 -2147483648 -2147483648 -2147483648 -2147483648 -2147483648 -2147483648 -2147483648 -2147483648 -2147483648 -2147483648 -2147483648 -2147483648 -2147483648 -2147483648 -2147483648 -2147483648 -2147483648 -2147483648 -2147483648 -2147483648 -2147483648 -2147483648 -2147483648 -2147483648 -2147483648 -2147483648 -2147483648 -2147483648 -2147483648 -2147483648 -2147483648 -2147483648 -2147483648 -2147483648 -2147483648 -2147483648 -2147483648 -2147483648 -2147483648 -2147483648 -2147483648 -2147483648 -2147483648 -2147483648 -2147483648 -2147483648 -2147483648 -2147483648 -2147483648 -2147483648 -2147483648 -2147483648 -2147483648 -2147483648 -2147483648 -2147483648 -2147483648 -2147483648 -2147483648 -2147483648 -2147483648 -2147483648 -2147483648 -2147483648 -2147483648 -2147483648 -2147483648 -2147483648 -2147483648 -2147483648 -2147483648 -2147483648 -2147483648 -2147483648 -2147483648 -2147483648 -2147483648 -2147483648 -2147483648 -2147483648 -2147483648 -2147483648 -2147483648 -2147483648 -2147483648 -2147483648 -2147483648 -2147483648 -2147483648 -2147483648 -2147483648 -2147483648 -2147483648 -2147483648 -2147483648 -2147483648 -2147483648 -2147483648 -2147483648 -2147483648 -2147483648 -2147483648 -2147483648 -2147483648 -2147483648 -2147483648 -2147483648 -2147483648 -2147483648 -2147483648 -2147483648 -2147483648 -2147483648 -2147483648 -2147483648 -2147483648 -2147483648 -2147483648 -2147483648 -2147483648 -2147483648 -2147483648 -2147483648 -2147483648 -2147483648 -2147483648 -2147483648 -2147483648 -2147483648 -2147483648 -2147483648 -2147483648 -2147483648 -2147483648 
-2147483648 0 0 0 0 0 0 0 0 0 0 0 0 0 0 0 0 0 0 0 5 4 0 0 5 8 8 14 14 10 22 16 8 34 22 14 24 24 27 27 0 0 0 0 0 0 38 0 0 23 176 255 147 0 0 0 0 0 0 0 0 0 0 0 0 0 0 0 0 0 0 6 3 0 0 0 0 0 0 0 0 20 117 255 255 75 0 0 0 0 0 0 0 2 4 2 7 17 20 17 20 19 21 18 17 15 14 18 6 0 0 0 117 103 0 0 70 247 157 0 0 24 0 0 0 0 0 0 3 0 0 0 0 0 0 9 7 0 0 112 242 255 110 0 0 0 0 0 0 0 11 1 0 3 7 2 1 0 1 6 0 0 1 2 0 0 3 0 0 0 0 0 0 0 0 0 0 0 11 79 142 124 37 0 0 0 0 0 0 0 0 0 0 0 0 0 0 0 0 0 0 0 0 24 33 34 44 17 0 0 2 45 46 126 145 85 54 0 4 89 77 35 41 39 21 18 11 1 15 40 25 0 0 0 3 4 0 0 0 13 12 8 2 16 10 2 14 10 9 11 11 7 14 12 15 -2147483648 
-2147483648 0 0 0 0 0 0 0 0 0 0 0 0 0 0 0 0 0 5 34 52 40 6 3 22 27 18 23 23 11 23 16 4 28 15 0 3 11 4 0 0 0 0 0 0 0 36 1 0 22 187 255 134 0 0 0 0 0 0 0 0 0 0 0 1 0 0 3 0 0 5 10 9 1 0 0 0 0 0 0 0 24 122 255 255 81 0 0 0 0 4 11 8 11 16 13 14 21 22 16 16 15 14 11 7 5 5 7 3 0 0 0 122 103 0 0 85 251 158 0 0 15 0 0 0 0 0 0 3 0 0 0 0 0 0 9 10 0 0 118 249 255 114 5 0 0 0 0 0 0 11 0 0 2 4 0 0 0 0 1 0 0 0 0 0 0 0 0 0 0 0 0 0 0 0 0 0 2 9 44 48 19 0 0 0 0 0 0 4 0 0 8 0 0 0 0 0 0 0 0 0 44 29 18 21 7 15 1 0 0 0 12 0 79 157 108 89 44 24 59 64 35 26 37 15 4 6 12 15 11 10 9 0 0 7 13 15 0 0 17 7 7 7 17 14 8 18 14 16 14 11 16 23 14 23 -2147483648 
-2147483648 0 0 0 0 0 0 0 2 7 1 0 0 0 0 0 0 0 24 103 137 73 3 0 16 17 9 7 4 0 10 2 0 4 3 0 0 3 0 0 0 0 0 0 0 0 34 0 0 26 195 255 121 0 0 0 0 0 0 0 0 0 0 4 0 0 4 5 0 0 6 10 14 0 0 0 0 0 0 0 0 25 131 255 255 98 0 0 6 8 9 15 13 10 11 9 8 8 9 6 4 3 3 2 0 0 0 0 0 0 0 0 125 112 0 0 83 249 155 0 0 8 0 4 0 0 0 1 4 0 2 0 0 0 0 11 8 0 0 110 255 255 115 1 0 0 0 0 0 0 0 0 0 0 0 0 0 0 0 0 0 0 0 0 0 0 0 0 0 0 0 0 0 3 0 0 4 1 8 16 4 0 0 1 2 2 2 9 29 13 0 0 2 0 0 0 0 0 0 0 0 29 6 0 0 0 0 0 0 0 0 0 4 100 159 123 110 68 36 52 56 37 19 34 21 5 6 11 19 7 2 15 1 0 8 14 21 13 7 12 7 17 18 16 27 17 17 26 25 13 9 21 28 10 18 -2147483648 
-2147483648 1 9 4 0 1 2 11 20 20 10 0 0 0 0 0 0 0 38 148 188 79 0 0 0 0 0 0 0 0 2 0 0 0 0 0 0 0 0 0 0 0 0 0 0 0 28 0 0 36 207 255 122 0 0 0 0 0 0 0 0 0 2 0 2 0 6 10 0 6 11 15 17 3 0 0 0 0 0 0 0 30 142 255 255 121 3 6 8 1 0 0 0 0 0 0 0 28 40 24 6 0 0 0 0 0 0 0 0 0 0 0 127 122 0 0 77 248 150 0 0 8 2 4 0 0 0 5 2 2 4 0 0 0 0 14 7 0 0 99 255 255 88 0 0 0 0 0 0 0 0 0 0 0 0 0 0 0 0 0 0 0 0 0 0 0 0 0 0 0 0 0 0 7 0 3 16 0 1 14 2 0 0 8 1 0 0 11 33 25 0 0 0 0 0 0 0 0 0 0 0 0 0 0 0 0 0 0 0 0 0 0 38 107 127 98 91 91 74 69 59 40 25 32 19 14 26 16 17 17 14 15 6 11 17 15 21 22 18 9 6 23 20 12 26 19 6 18 21 4 0 5 16 4 0 -2147483648 
-2147483648 11 15 8 9 9 6 15 16 12 3 0 0 0 0 0 0 0 41 157 189 70 0 0 0 0 0 0 0 0 0 0 0 0 0 0 0 0 4 2 0 0 0 0 0 0 23 0 0 44 217 255 135 0 0 0 0 0 0 5 1 1 4 5 18 11 16 18 7 13 18 21 15 5 0 0 0 0 0 0 0 27 151 255 255 115 0 0 0 0 0 0 0 0 0 0 0 116 194 152 70 19 4 5 2 0 0 0 0 0 0 0 131 127 0 0 76 255 154 0 0 2 4 11 0 0 0 0 4 11 0 0 0 0 0 13 11 0 0 90 215 184 35 0 0 0 0 0 0 0 0 0 0 0 0 0 0 0 0 0 0 0 0 0 0 0 0 0 0 0 22 8 0 4 5 17 11 0 0 9 0 0 0 3 0 0 0 8 20 24 0 0 0 0 0 0 0 0 0 0 0 0 0 0 0 3 0 0 0 5 0 1 40 97 101 64 50 108 139 99 77 71 47 30 21 30 40 30 18 15 19 12 5 11 18 14 9 8 9 0 3 13 7 1 4 5 0 5 10 0 0 1 6 3 0 -2147483648 
-2147483648 6 6 3 5 4 3 2 0 3 0 0 0 0 0 0 0 0 34 161 189 63 0 0 0 0 0 0 0 0 0 0 2 0 0 0 0 0 6 1 0 0 0 0 0 0 22 0 0 49 219 255 153 0 0 0 0 0 4 13 14 11 7 15 24 15 17 17 10 9 10 10 6 2 0 0 0 0 0 0 0 13 157 255 236 0 0 0 0 0 0 0 0 0 0 0 10 168 255 255 255 127 48 27 10 5 3 0 0 0 0 0 136 128 0 0 81 255 155 2 0 0 11 17 0 0 0 0 10 18 0 0 0 0 0 13 9 0 0 58 98 63 0 0 0 0 0 0 0 0 0 0 0 0 0 0 0 0 0 0 0 0 1 5 0 0 0 0 0 0 28 3 0 2 1 22 0 0 0 0 0 0 0 1 0 0 0 0 15 21 0 0 0 0 8 0 0 0 0 0 0 0 0 0 8 10 6 2 7 14 29 43 67 119 98 3 0 71 155 93 126 155 51 0 16 42 35 30 14 0 0 4 0 0 7 2 0 0 0 0 0 7 10 4 0 0 10 8 11 4 0 14 11 6 11 -2147483648 
-2147483648 0 0 0 0 0 0 0 0 1 0 0 0 0 0 0 0 0 30 168 203 60 0 0 0 0 0 0 1 0 0 0 0 3 0 0 8 2 0 0 0 0 0 0 0 0 20 0 0 56 223 255 179 0 0 0 8 9 6 10 17 12 5 8 10 6 6 6 4 2 1 0 0 0 0 0 0 0 0 0 0 0 157 255 0 0 0 0 0 0 0 0 0 0 0 0 17 100 228 255 255 255 211 104 38 19 9 0 0 0 0 0 144 132 0 0 97 247 152 10 0 3 16 12 0 0 0 0 13 21 0 0 0 0 0 8 0 0 0 9 11 1 0 9 16 1 8 7 0 0 0 0 0 8 6 0 0 0 1 0 0 4 1 0 0 0 0 0 0 3 25 0 0 16 3 20 5 0 0 0 0 0 0 2 0 0 8 0 19 15 0 0 0 1 17 0 0 0 0 0 0 0 0 0 26 21 12 13 13 32 79 92 95 120 73 0 0 8 105 45 175 202 0 0 2 45 42 21 5 0 0 3 1 0 1 0 0 0 7 11 0 5 21 14 0 0 17 16 19 16 4 23 18 7 17 -2147483648 
-2147483648 0 0 0 0 0 0 0 0 0 0 0 0 0 0 0 0 0 31 169 214 61 0 0 0 0 0 0 0 0 3 0 0 10 1 0 15 9 0 1 0 0 0 0 0 0 19 0 0 61 232 255 202 21 0 3 5 5 2 3 6 4 1 0 0 0 0 0 0 0 0 0 0 0 0 0 0 0 0 0 0 0 161 255 0 0 0 0 0 0 0 0 0 0 0 0 6 20 57 179 255 255 255 255 103 18 0 0 0 0 0 0 150 150 0 0 116 255 149 11 0 21 16 0 0 0 0 0 14 11 0 0 0 0 0 2 0 0 0 0 0 0 0 41 46 14 11 0 0 0 0 0 0 0 11 0 0 0 4 0 0 9 0 0 5 0 0 0 0 5 24 0 0 33 21 25 19 0 0 0 0 7 0 0 9 7 13 8 18 18 8 0 0 1 2 0 0 0 0 0 0 0 0 0 13 11 0 17 7 36 97 96 104 82 18 0 0 0 51 9 182 158 0 0 12 43 63 23 6 12 0 11 11 5 0 5 19 0 5 22 4 10 18 16 10 6 22 17 24 23 15 31 25 10 16 -2147483648 
-2147483648 0 0 0 0 0 0 0 0 0 0 0 0 0 0 0 0 0 35 177 212 63 0 0 0 0 0 0 0 1 9 0 0 10 6 0 12 10 9 9 0 0 0 0 3 0 20 0 0 60 234 255 214 29 0 0 0 0 0 0 0 0 0 0 0 0 0 0 0 0 0 0 0 0 0 0 0 0 0 0 0 0 174 255 0 0 0 0 0 0 0 0 0 0 1 5 9 7 10 46 156 255 255 255 132 0 0 0 0 0 0 0 144 168 0 0 135 255 147 9 9 26 15 0 0 0 0 7 16 0 0 0 0 0 0 2 0 0 0 1 0 0 0 36 42 11 0 0 0 0 0 0 0 0 11 2 0 0 7 0 0 16 0 0 7 0 0 16 0 0 31 9 0 59 57 43 21 0 0 0 5 11 0 6 17 11 8 4 8 27 11 0 5 0 0 0 0 0 0 0 0 0 0 0 0 0 0 26 10 40 80 97 142 57 0 19 0 0 29 8 170 118 0 0 27 45 79 35 13 25 10 21 16 5 6 9 28 12 5 20 16 22 20 24 20 19 31 21 31 31 27 34 33 18 14 -2147483648 
-2147483648 0 0 0 0 0 0 0 0 0 0 0 0 0 0 0 0 0 41 191 212 71 0 0 0 0 4 0 0 2 10 9 7 8 6 4 6 4 6 5 0 0 0 0 0 0 16 0 0 54 232 255 221 28 0 0 0 0 0 0 0 0 0 0 0 0 0 0 0 0 0 0 0 0 0 0 0 0 0 0 0 2 183 255 227 0 0 0 0 0 0 10 6 4 2 5 9 6 24 36 77 137 204 214 90 0 0 0 0 0 0 37 142 170 0 0 156 255 153 10 5 11 8 0 0 0 0 11 23 0 0 0 0 0 0 0 0 0 4 6 0 0 0 13 16 4 0 0 0 0 0 0 0 0 10 7 0 1 10 0 5 15 5 0 0 0 4 19 0 0 34 18 2 70 63 50 18 0 0 1 7 3 0 4 7 0 0 0 0 20 0 0 3 0 0 0 0 0 0 0 0 0 0 0 0 0 14 30 16 41 63 133 186 24 0 73 0 0 23 11 164 140 0 0 20 87 122 53 22 34 21 27 20 8 20 23 32 24 18 27 22 25 34 39 29 27 35 26 30 38 31 25 31 22 16 -2147483648 
-2147483648 0 0 1 0 0 0 0 0 0 0 0 0 0 0 0 0 0 45 203 227 78 0 0 2 0 5 1 2 1 5 5 2 3 2 2 2 0 0 0 0 0 0 0 0 0 9 0 0 55 230 255 230 28 0 0 0 0 0 0 0 0 0 0 0 0 0 0 0 0 0 0 0 0 0 0 0 0 0 0 0 3 156 255 255 0 0 0 0 0 0 0 0 0 0 0 0 0 18 25 44 66 71 88 71 46 0 0 7 35 70 76 133 156 0 0 171 255 163 14 0 0 0 0 1 5 0 11 22 0 0 0 0 0 0 1 0 0 10 8 0 0 0 0 0 0 0 0 0 0 0 8 0 0 15 11 0 0 7 19 15 0 9 7 0 0 11 7 0 0 25 8 0 29 22 48 31 0 0 0 0 0 0 0 0 0 0 0 0 10 0 0 6 0 0 0 0 0 0 0 0 1 15 14 12 23 40 27 17 49 59 136 150 0 0 100 27 0 15 0 164 180 0 0 12 168 222 99 38 39 26 28 30 23 34 37 38 29 17 28 24 24 34 37 29 18 27 22 15 28 19 14 20 9 16 -2147483648 
-2147483648 0 0 0 0 0 0 0 0 0 0 0 0 0 0 0 0 0 47 219 243 73 0 0 2 1 2 0 0 0 0 0 0 0 0 0 0 0 0 0 0 0 0 0 0 0 5 0 0 63 230 255 238 28 0 0 0 0 0 0 0 0 0 0 0 0 0 0 0 0 0 0 0 0 0 0 0 0 0 0 0 0 78 178 104 0 0 0 0 0 0 0 0 0 0 0 0 0 8 46 84 89 65 51 59 58 0 0 0 61 100 67 78 115 0 0 177 255 173 16 0 0 1 6 7 8 0 7 9 0 0 0 0 0 0 5 0 0 13 19 0 2 1 0 0 0 0 0 0 1 0 6 2 9 17 1 3 3 4 24 5 0 0 0 0 0 0 0 0 0 13 0 0 0 16 64 37 0 0 0 0 0 0 0 0 2 2 0 4 11 9 11 5 0 0 0 0 0 0 0 15 30 40 31 37 58 56 28 22 46 38 49 8 0 0 119 57 0 0 0 169 197 0 0 22 233 255 190 62 35 23 29 31 23 30 30 28 22 3 12 18 16 15 18 17 3 9 13 5 7 1 8 11 0 7 -2147483648 
-2147483648 0 0 0 0 0 0 0 0 0 0 0 0 0 0 0 0 0 44 231 253 71 0 0 0 0 0 0 0 0 0 0 0 0 0 0 0 0 0 0 0 0 0 0 0 0 7 0 0 61 243 255 231 29 0 0 0 0 0 0 0 0 0 0 0 0 0 0 0 0 0 0 0 0 0 0 0 0 0 0 0 0 5 49 14 0 0 0 0 0 0 0 0 0 0 0 0 0 7 90 156 104 39 27 27 25 0 0 0 64 91 45 16 74 0 0 179 255 173 11 0 0 0 16 14 5 1 0 1 3 0 0 0 0 0 0 0 0 20 22 0 0 0 3 0 0 9 0 0 0 0 3 4 10 5 0 0 0 0 2 0 3 0 0 0 0 0 0 0 0 6 0 0 0 64 83 8 0 0 0 0 9 16 12 7 14 13 0 11 21 18 20 7 15 3 0 0 0 0 0 0 24 31 15 26 36 7 0 0 0 6 20 0 0 0 144 78 0 0 0 160 196 0 0 31 253 255 255 90 24 12 23 23 6 7 11 12 8 0 0 7 5 5 4 1 0 0 2 2 0 0 2 0 0 3 -2147483648 
-2147483648 0 0 0 0 0 0 0 0 0 0 0 0 0 0 0 0 0 30 243 255 79 0 0 0 0 0 0 0 0 0 0 0 0 0 0 0 0 0 0 0 0 0 0 0 0 11 0 0 58 255 255 209 19 0 0 0 0 0 0 0 0 0 0 0 0 0 0 0 0 0 0 0 0 0 0 0 0 0 0 0 0 0 6 2 0 0 0 0 0 0 0 0 0 0 0 0 0 2 64 111 56 10 31 37 35 61 40 33 54 65 37 0 62 0 0 181 255 161 1 2 0 0 24 21 0 0 0 4 13 0 0 0 0 0 2 0 28 2 0 1 0 0 8 4 0 0 0 0 0 0 0 0 1 0 0 0 0 1 0 0 9 0 0 0 0 2 5 4 4 4 0 0 11 106 70 0 0 0 0 38 52 40 27 27 28 23 18 23 34 30 36 28 31 33 19 3 0 0 0 0 0 0 0 2 0 0 0 0 0 26 158 76 0 0 152 75 0 0 0 134 189 0 0 17 244 255 255 101 9 1 12 15 0 0 0 0 0 0 0 2 1 3 0 0 1 0 0 0 4 1 0 0 1 10 -2147483648 
-2147483648 0 0 0 0 0 0 0 0 0 0 0 0 0 0 0 0 0 1 255 255 85 0 0 0 0 0 0 0 0 0 0 0 0 0 0 0 0 0 0 0 0 0 0 0 0 9 0 0 57 225 255 144 0 0 0 0 0 0 0 0 0 0 0 0 0 0 0 0 0 0 0 0 0 0 0 0 0 0 0 0 0 0 5 0 0 0 0 0 0 0 0 0 0 0 0 0 0 0 14 26 15 18 38 51 64 77 65 56 73 87 54 3 70 11 0 186 255 147 0 6 0 0 15 15 0 0 0 10 18 10 0 0 0 0 18 18 36 0 0 2 0 0 4 11 0 0 0 0 0 0 0 0 1 0 0 0 0 7 6 0 14 4 0 8 10 12 7 15 16 0 0 0 14 92 43 0 0 0 12 115 164 109 46 45 37 32 32 29 38 36 40 40 34 32 34 23 3 0 0 0 0 0 0 8 0 0 0 0 0 80 241 135 0 0 140 66 0 0 0 118 174 25 0 0 232 255 255 82 0 0 8 3 1 0 0 0 0 0 0 2 3 0 0 0 5 4 0 0 8 2 0 0 6 14 -2147483648 
-2147483648 0 0 0 0 0 0 0 0 0 0 0 0 0 0 0 0 0 0 255 255 90 0 0 0 0 0 0 0 0 0 0 0 0 0 0 0 0 0 0 0 0 0 0 0 0 8 0 0 32 120 147 49 0 0 0 0 0 0 0 0 0 0 0 0 0 0 0 0 0 0 8 0 0 0 0 0 0 0 0 0 0 0 0 0 0 0 0 0 0 0 0 0 0 0 0 0 0 1 6 10 11 15 15 20 46 41 52 87 127 130 69 14 68 0 0 197 255 135 0 7 5 0 0 7 5 0 9 12 18 17 0 0 0 0 23 10 23 0 0 4 15 0 0 18 3 0 0 0 0 0 0 5 13 6 0 0 11 18 13 16 23 20 24 34 32 26 26 34 16 0 0 0 0 37 36 1 0 0 31 196 255 218 60 36 33 34 28 22 27 18 18 24 15 12 15 2 0 0 0 0 0 6 10 27 23 0 21 4 2 82 98 0 0 0 128 53 0 0 4 107 153 24 0 0 226 255 255 51 0 0 8 0 0 0 0 0 0 5 0 6 9 0 0 5 8 7 0 0 11 5 0 4 12 13 -2147483648 
-2147483648 0 0 0 0 0 0 0 0 0 0 0 0 0 0 0 0 0 0 255 255 99 0 0 0 0 0 0 0 0 0 0 0 0 0 0 0 0 0 0 0 0 0 0 0 0 10 0 0 0 23 27 10 0 0 0 2 0 0 0 0 0 0 0 0 3 5 5 0 0 0 0 0 0 0 0 0 10 6 0 0 0 0 0 0 0 0 0 0 0 0 0 0 0 0 0 0 0 4 20 30 13 1 5 0 15 20 65 124 130 100 60 41 32 0 0 203 255 133 0 16 19 0 0 1 7 3 20 9 9 14 0 0 0 0 19 1 22 0 0 7 36 7 0 23 8 0 0 0 2 1 21 31 32 18 4 14 38 38 22 33 42 43 40 48 48 33 45 48 0 0 0 0 0 4 32 14 0 0 41 255 255 255 61 13 18 15 16 11 7 0 0 2 0 0 0 0 0 0 0 0 0 11 12 22 16 5 23 22 26 30 0 0 0 0 97 37 0 0 11 95 130 9 0 0 225 255 255 33 0 0 5 0 0 0 2 0 0 7 0 12 8 1 0 3 8 10 3 0 10 3 0 10 12 12 -2147483648 
-2147483648 0 0 0 0 0 0 0 0 0 0 0 0 0 0 0 0 0 0 255 255 99 0 0 0 0 0 0 0 0 0 0 0 0 0 0 0 0 0 0 0 0 0 0 0 0 3 0 0 0 0 7 30 33 0 0 18 0 0 0 0 0 0 0 0 0 2 0 0 0 0 0 0 0 0 0 0 17 18 0 0 0 0 4 1 0 0 0 0 0 0 0 0 0 0 0 0 0 0 3 11 0 0 6 0 0 14 60 97 63 36 67 100 16 0 0 206 255 138 0 12 18 0 0 0 5 0 5 0 0 3 0 0 0 9 13 5 29 0 0 25 60 56 30 31 28 17 20 22 19 22 49 52 44 30 22 29 43 42 29 36 43 41 31 35 42 22 26 33 0 0 0 0 0 0 25 9 0 0 43 255 255 255 51 0 9 0 2 4 0 0 0 0 0 0 0 0 0 0 0 0 0 0 0 6 5 3 9 15 25 0 0 0 0 0 60 35 0 0 16 89 118 4 0 0 225 255 255 32 0 0 0 0 0 0 0 0 1 3 11 10 0 6 0 0 9 11 6 0 9 2 0 9 9 13 -2147483648 
-2147483648 0 0 0 0 0 0 0 0 0 0 0 0 0 0 0 0 0 0 212 255 64 0 0 0 0 0 0 0 0 0 0 0 0 0 0 0 0 0 0 0 0 0 11 0 0 0 0 0 0 0 13 41 42 0 0 0 0 0 0 0 0 0 0 0 0 0 0 0 0 0 0 1 0 1 0 0 18 36 13 0 0 4 15 12 12 2 0 5 0 0 0 12 5 0 0 0 0 0 0 0 0 0 0 0 0 17 42 47 12 19 101 162 32 0 0 204 255 121 0 0 0 0 0 0 0 0 0 0 0 0 0 0 0 37 2 15 36 0 1 56 130 178 104 46 50 33 36 33 30 29 40 42 33 24 19 21 21 21 23 17 14 18 11 8 21 10 0 9 0 0 0 0 0 0 30 8 0 0 37 255 255 255 33 0 0 0 0 0 0 0 0 0 0 0 0 0 0 0 0 0 0 2 0 2 0 0 8 10 15 0 0 0 0 0 63 40 0 0 21 80 139 18 0 0 216 255 255 35 0 0 0 1 2 0 0 5 0 0 15 4 0 10 3 0 5 6 5 4 12 3 5 10 9 11 -2147483648 
-2147483648 0 0 0 0 0 0 0 0 0 0 0 0 0 0 0 0 0 0 76 111 12 0 0 0 0 0 0 0 0 0 0 6 3 0 0 0 0 0 0 0 12 1 8 0 0 0 0 0 0 0 3 15 17 0 0 0 0 0 0 0 0 3 0 0 2 1 11 0 0 1 3 9 7 1 2 1 4 49 60 0 0 5 24 17 16 3 0 0 0 0 0 0 0 0 0 0 0 0 0 0 0 0 1 0 0 12 21 21 7 24 110 172 37 0 0 148 255 73 0 0 0 0 0 0 0 0 0 0 0 0 0 0 0 42 0 34 54 0 0 73 219 255 204 44 31 26 24 13 13 12 14 12 7 6 1 3 2 7 9 0 0 1 0 0 0 0 0 0 0 0 0 0 0 0 36 9 0 0 36 247 255 255 15 0 0 0 0 0 0 0 0 0 0 0 0 0 0 0 0 0 2 16 0 0 0 4 12 10 15 0 0 0 0 0 87 36 0 0 14 77 168 21 0 0 199 255 255 39 0 0 2 3 0 0 0 10 0 1 7 5 10 6 2 2 0 1 7 8 10 2 9 14 7 7 -2147483648 
-2147483648 0 0 0 0 0 0 0 0 0 0 0 0 0 0 0 0 0 0 0 10 0 0 0 0 0 0 0 0 0 0 2 22 17 0 0 0 0 0 0 0 15 0 1 0 0 0 0 0 0 0 0 0 0 0 0 0 0 5 0 0 0 7 0 0 9 10 20 12 0 18 16 2 11 0 0 0 0 44 104 0 0 0 22 15 1 0 0 0 0 0 0 0 0 0 0 0 0 0 0 0 0 19 12 0 0 8 16 21 0 0 64 154 52 13 0 60 167 42 14 2 0 16 9 0 7 11 16 8 9 28 14 0 0 4 6 45 74 0 0 78 255 255 255 28 0 4 0 0 0 0 7 0 0 0 0 0 0 3 0 0 0 0 0 0 0 0 0 0 0 0 0 0 0 0 42 6 0 0 36 240 255 250 6 0 0 0 0 0 0 1 0 0 0 0 0 4 0 0 0 0 10 14 0 0 0 12 12 6 23 0 0 0 0 0 73 11 0 0 7 80 162 0 0 0 189 255 255 42 0 0 1 7 0 0 0 7 3 1 0 8 20 4 0 3 0 1 9 9 6 4 11 11 1 8 -2147483648 
-2147483648 0 0 0 0 0 0 0 0 0 0 0 0 0 0 0 0 0 0 0 0 0 0 0 0 0 0 0 0 0 0 0 11 13 0 0 0 0 0 0 0 12 0 0 0 0 0 0 0 0 0 1 0 0 3 0 4 10 7 0 0 15 10 5 7 2 4 12 7 0 7 8 0 0 0 0 0 0 36 121 0 0 0 26 16 0 0 0 0 2 0 0 0 0 0 0 0 0 0 0 0 33 50 39 17 25 6 0 0 0 0 4 155 65 9 0 55 176 68 27 25 43 36 18 12 20 16 23 30 24 31 9 0 0 0 15 31 80 0 0 77 253 255 255 20 0 0 0 0 0 0 4 0 0 0 0 0 0 0 0 0 0 0 1 0 0 0 4 0 0 0 0 0 0 10 53 1 0 0 28 224 255 242 4 0 4 0 0 0 0 5 1 0 0 0 0 1 0 0 0 6 19 5 0 0 0 19 15 0 24 0 0 0 0 0 24 0 0 11 7 77 139 0 0 12 188 255 255 40 0 0 0 4 0 0 0 0 2 0 0 8 22 5 3 6 0 1 5 8 6 6 12 9 5 11 -2147483648 
-2147483648 0 0 0 0 0 0 0 0 0 2 0 0 0 0 0 0 0 0 0 0 0 0 0 0 0 0 0 0 0 0 0 1 0 0 0 0 0 0 0 0 11 0 0 0 0 1 9 9 0 5 12 8 0 0 10 12 14 0 0 0 6 0 0 0 0 0 0 0 0 0 0 0 0 0 0 0 0 38 91 0 0 0 41 29 12 14 14 0 16 5 0 0 9 12 2 11 0 0 17 31 66 67 64 56 43 0 0 0 0 0 2 163 32 0 0 127 255 116 2 18 45 25 14 3 12 6 9 35 19 11 0 0 0 0 15 25 85 0 0 72 245 255 254 6 0 0 0 0 0 0 0 0 0 0 0 0 0 0 4 0 0 0 11 0 0 0 12 5 0 0 0 0 0 18 49 1 0 0 19 215 255 242 11 0 9 0 0 0 0 11 8 0 0 0 0 0 0 0 0 7 22 1 0 7 0 20 19 0 16 0 0 0 0 0 0 0 0 21 8 75 132 0 0 20 188 255 255 40 0 0 0 1 2 7 0 0 1 3 1 9 14 2 5 10 4 0 3 9 4 5 12 8 11 15 -2147483648 
-2147483648 0 0 0 0 0 0 0 0 0 0 0 0 0 0 0 0 0 0 0 0 0 0 0 0 0 0 0 0 0 0 0 0 0 0 0 0 0 0 10 3 4 0 0 0 0 11 43 35 0 4 0 1 0 0 0 0 0 0 0 0 0 0 0 0 0 0 0 0 0 0 0 0 0 0 0 8 15 39 45 0 0 9 74 74 48 36 29 29 43 28 8 19 42 43 37 40 33 42 50 50 63 53 51 50 26 0 0 0 0 0 28 168 0 0 1 167 255 134 0 5 17 2 8 1 4 2 2 22 13 4 0 0 0 0 11 37 89 0 0 71 238 255 231 0 0 0 0 0 0 0 0 0 0 3 0 0 0 0 3 6 0 0 8 0 0 2 9 9 0 0 0 0 6 18 37 1 0 0 20 219 255 242 21 0 4 0 0 0 0 13 15 0 0 0 0 0 0 0 0 6 18 1 0 9 0 12 15 4 14 0 0 0 0 0 0 0 5 18 9 86 134 0 0 12 195 255 255 43 0 0 0 2 2 5 0 0 1 5 9 10 5 1 3 6 6 0 8 10 0 4 15 7 5 20 -2147483648 
-2147483648 0 0 0 0 0 0 0 0 0 0 0 0 0 0 0 0 0 0 0 0 0 0 0 0 0 0 0 0 0 0 0 0 0 4 0 0 0 0 10 8 0 0 0 0 0 8 50 29 0 0 0 0 0 0 0 0 0 0 0 0 3 0 0 4 1 0 0 0 11 19 7 0 4 0 0 0 12 18 23 0 0 30 161 215 134 56 47 56 55 40 33 41 56 42 31 37 34 38 34 22 26 22 18 13 5 0 0 0 0 0 12 169 0 0 2 160 255 128 0 1 0 1 9 3 0 0 2 7 8 8 0 0 0 0 11 33 85 0 0 77 241 255 215 0 0 0 0 0 0 0 0 0 0 10 3 0 0 0 3 2 4 5 1 0 0 3 4 12 0 0 0 0 6 10 34 1 0 0 23 214 255 251 20 0 0 0 0 0 0 8 14 0 0 0 0 0 0 0 0 2 12 5 0 7 8 3 8 17 13 0 0 0 0 0 0 0 0 11 9 92 125 0 0 7 203 255 255 47 0 0 0 5 0 0 0 0 1 0 8 13 7 2 2 1 3 1 14 8 0 8 17 7 6 21 -2147483648 
-2147483648 0 0 0 0 0 0 0 0 0 0 0 0 1 0 0 0 0 7 0 0 0 0 1 0 0 1 0 0 0 0 0 0 0 0 0 0 0 0 0 0 0 0 0 0 0 0 30 3 0 0 0 0 0 3 0 1 1 0 0 12 23 18 6 19 31 15 4 16 30 33 31 27 24 0 0 0 0 0 17 15 0 31 255 255 247 63 41 44 33 25 22 20 23 14 8 13 10 11 9 1 2 3 1 0 0 0 0 0 0 0 0 145 0 0 0 146 255 127 0 0 2 19 10 0 0 0 0 0 8 6 0 0 0 0 21 31 87 0 0 80 245 255 209 2 0 0 0 0 0 0 0 0 0 9 11 0 0 8 8 0 1 9 3 0 3 1 5 15 0 0 0 0 0 9 34 1 0 0 12 206 255 255 15 0 0 0 0 0 0 0 11 0 0 0 0 0 0 5 0 0 11 14 0 1 11 6 9 15 5 0 0 0 0 0 5 1 0 9 3 76 113 0 0 1 198 255 255 55 0 0 1 9 0 0 0 0 2 0 0 13 14 4 0 0 7 8 12 3 0 16 13 2 10 16 -2147483648 
-2147483648 0 0 0 0 0 3 2 0 0 5 0 0 0 0 0 0 0 15 1 0 0 0 0 0 0 0 0 0 0 0 0 0 0 0 0 0 0 0 0 0 0 0 0 0 0 0 24 0 0 11 26 19 20 14 8 18 28 16 17 38 45 43 32 39 52 31 30 41 40 40 45 40 30 0 0 0 0 0 11 18 0 33 255 255 255 56 14 14 7 5 4 1 0 0 0 0 0 0 0 0 0 0 0 0 0 0 0 0 0 0 0 111 0 0 0 134 255 129 0 0 22 28 2 0 0 1 0 0 11 8 0 0 0 0 23 47 88 0 0 78 238 255 217 7 0 0 0 0 0 0 0 0 0 2 6 0 0 15 7 0 0 8 5 0 5 0 6 15 0 0 0 0 0 14 35 0 0 0 0 210 255 255 17 0 0 4 0 0 0 0 5 0 0 9 0 0 6 10 0 0 11 18 0 0 7 9 10 9 2 0 0 0 0 0 1 0 3 6 0 63 115 0 0 0 191 255 255 68 0 0 0 8 0 0 1 0 1 6 0 5 14 8 0 0 11 10 9 3 8 19 11 1 9 8 -2147483648 
-2147483648 0 0 0 0 0 0 0 0 0 2 0 0 0 0 0 0 8 8 0 0 0 0 0 0 0 0 0 0 0 0 0 0 0 0 0 0 0 0 0 0 0 0 0 0 0 0 34 0 0 43 118 116 76 45 30 39 51 41 32 55 55 42 40 41 44 30 31 31 24 27 25 19 14 0 0 0 0 0 8 11 0 50 255 255 255 48 0 1 0 0 0 0 0 0 0 0 0 0 0 0 0 0 0 0 0 0 0 0 0 0 0 100 0 0 0 119 255 122 0 0 36 28 2 0 0 0 0 0 6 16 0 0 0 0 14 44 59 0 0 83 226 255 230 6 0 0 0 0 0 0 0 0 0 0 0 0 0 12 4 0 0 6 4 2 2 0 8 11 0 0 0 0 0 11 40 0 0 0 5 206 255 255 19 0 0 8 0 0 0 0 0 0 6 15 0 0 0 0 0 0 9 10 0 0 6 9 8 11 6 0 0 0 0 0 1 0 0 0 0 65 122 0 0 0 187 255 255 82 0 0 0 4 0 0 0 0 0 13 0 0 13 9 0 4 8 4 11 12 10 12 13 10 14 4 -2147483648 
-2147483648 0 0 0 0 0 0 0 0 0 0 0 0 0 0 0 2 18 3 0 0 0 0 0 0 0 0 0 0 0 0 0 0 2 11 12 13 4 13 1 0 0 0 0 0 0 0 34 0 0 55 255 255 161 63 37 36 38 35 24 31 28 16 15 16 15 11 11 8 5 7 4 2 1 0 0 0 0 0 6 0 0 68 255 255 255 46 0 0 0 0 0 0 0 0 0 0 0 0 0 0 0 0 0 0 0 0 0 0 0 0 0 92 0 0 0 105 255 115 4 14 25 25 13 6 0 0 0 0 4 32 0 0 0 0 6 18 26 0 0 93 216 255 238 9 0 0 0 0 0 0 0 0 0 0 0 0 0 4 4 0 0 2 8 1 0 4 10 2 0 0 0 0 0 4 43 0 0 0 15 194 255 255 14 0 0 6 2 0 0 0 3 0 2 15 1 9 0 0 5 0 3 4 0 0 5 15 4 4 12 0 0 0 0 0 7 0 0 0 0 72 126 0 0 0 183 255 255 89 0 0 0 2 0 0 1 0 0 13 0 0 11 6 2 10 6 0 10 19 9 2 16 19 13 4 -2147483648 
-2147483648 0 0 0 0 0 0 0 0 0 0 0 0 0 0 0 1 23 10 10 0 0 7 0 0 7 0 0 12 13 19 24 18 25 33 30 33 32 34 0 0 0 0 0 0 0 0 25 0 0 52 255 255 220 37 15 12 10 11 7 5 3 1 0 0 0 0 0 0 0 0 0 0 0 0 0 0 0 4 2 0 0 67 255 255 255 48 0 0 0 0 0 0 0 0 0 0 0 0 0 0 0 0 0 0 0 0 0 0 0 0 0 59 19 0 0 100 255 117 20 22 9 17 12 0 0 0 0 0 11 42 4 0 0 0 1 7 23 0 0 102 209 255 243 14 0 0 0 0 0 0 0 0 0 3 0 0 0 0 5 3 0 3 11 0 0 5 6 0 6 0 0 0 0 8 39 0 0 0 15 194 255 255 11 0 4 0 0 0 0 0 2 0 0 6 12 8 0 0 2 0 0 2 2 6 2 6 0 0 19 0 0 0 0 0 16 17 0 0 0 75 129 0 0 0 180 255 255 91 0 0 0 1 0 1 0 1 0 7 9 2 3 3 12 10 7 0 8 16 2 4 20 19 9 7 -2147483648 
-2147483648 0 0 0 0 0 0 0 0 0 0 0 0 0 0 0 0 25 30 62 52 22 16 11 23 27 12 22 30 27 34 39 38 36 38 27 30 33 26 0 0 0 0 0 0 0 7 14 0 0 42 255 255 230 11 0 0 0 0 0 0 0 0 0 0 0 0 0 0 0 0 0 0 0 0 0 0 0 12 4 0 0 62 255 255 255 50 0 0 0 0 0 0 0 0 0 0 0 0 0 0 0 0 0 0 0 0 0 0 0 0 0 33 53 10 0 100 255 119 11 18 15 12 5 4 0 0 0 0 4 30 2 0 0 0 4 8 24 0 0 96 211 255 245 17 0 0 0 0 0 0 0 0 0 4 0 0 0 0 6 0 2 5 8 0 0 2 3 9 13 0 0 0 0 17 37 0 0 0 12 196 255 255 16 0 7 0 0 0 0 0 0 0 0 2 13 0 0 0 0 0 1 2 3 4 0 0 0 0 15 0 0 0 0 0 26 41 0 0 0 78 136 0 0 0 182 255 255 89 0 0 8 0 0 4 0 6 0 2 14 7 0 4 20 7 6 2 7 8 0 14 22 13 10 9 -2147483648 
-2147483648 0 0 0 9 8 0 2 5 0 0 0 0 0 0 0 0 23 51 163 180 77 22 21 38 31 15 26 27 22 21 17 18 16 15 9 10 11 7 0 0 0 0 0 0 0 17 10 0 0 28 255 255 228 4 0 0 0 0 0 0 0 0 0 0 0 0 0 0 0 0 0 0 0 0 0 0 0 20 14 0 0 75 255 255 255 49 0 0 0 0 0 0 0 0 0 0 0 0 0 0 0 0 0 0 0 0 0 0 0 0 0 37 68 4 0 99 255 118 4 16 24 10 7 13 0 0 0 0 0 15 0 0 0 0 8 0 18 0 0 81 219 255 245 21 0 0 0 0 0 0 0 2 0 0 0 0 0 2 4 0 1 5 6 0 0 2 7 13 17 0 0 0 0 19 41 5 0 0 13 188 255 255 28 0 3 0 0 0 0 0 0 0 0 3 9 0 2 0 0 1 4 6 3 0 0 0 0 0 3 0 0 0 0 0 26 68 0 0 0 99 171 0 0 0 212 255 210 95 89 48 26 3 2 6 0 5 1 0 10 6 1 10 17 6 5 6 4 6 0 14 21 12 9 5 -2147483648 
-2147483648 0 3 7 17 17 8 16 15 8 0 0 0 0 0 0 0 16 60 254 255 117 13 9 17 12 5 9 9 7 4 0 0 0 0 0 0 0 0 0 0 0 0 0 0 0 22 16 0 0 31 255 255 241 5 0 0 0 0 0 0 0 0 0 0 0 0 0 0 0 0 0 0 0 0 0 0 0 18 15 0 0 86 255 255 255 45 0 0 0 0 0 0 0 0 0 0 0 0 0 0 0 0 0 0 0 0 0 0 0 0 0 42 71 0 0 103 255 122 18 22 15 0 6 8 0 0 0 0 0 0 0 0 0 0 6 1 18 0 0 82 222 255 248 22 0 0 0 0 0 0 0 0 0 0 0 0 0 0 1 0 0 9 4 0 0 0 3 11 21 0 0 0 0 15 50 5 0 0 10 179 255 255 41 0 0 0 2 0 0 0 0 0 0 2 9 1 4 0 0 2 3 8 6 0 0 0 0 0 0 0 3 61 1 0 17 104 0 0 0 137 235 0 0 0 255 234 0 97 255 199 54 11 9 3 6 3 6 0 2 8 8 14 11 4 8 7 2 12 1 8 17 12 11 6 -2147483648 
-2147483648 18 18 14 12 14 15 17 11 6 0 0 0 0 0 0 0 14 63 255 255 122 2 0 0 0 0 0 0 0 0 0 0 0 0 0 0 0 0 0 0 0 0 0 0 0 17 24 0 0 43 255 255 253 8 0 0 0 0 0 0 0 0 0 0 0 0 0 0 0 0 0 0 0 0 0 0 0 9 7 0 0 85 255 255 255 41 0 0 0 0 0 0 0 0 0 0 0 0 0 0 0 0 0 0 0 0 0 0 0 0 0 32 57 0 0 109 255 132 27 25 1 0 0 9 11 10 0 0 0 0 0 0 0 0 3 8 17 0 0 86 223 255 248 11 0 0 0 0 0 0 1 0 0 0 0 0 1 0 1 2 0 13 3 0 0 0 0 7 19 0 0 0 0 7 53 4 0 0 4 175 255 255 43 0 0 0 3 5 0 0 2 0 0 6 5 0 4 0 0 0 5 11 8 0 0 0 0 0 0 0 60 196 72 0 9 137 0 0 0 169 255 0 0 0 255 144 0 42 255 255 109 21 18 4 14 7 2 0 0 15 11 14 7 0 9 6 6 12 8 9 8 7 12 15 -2147483648 
-2147483648 10 9 6 3 4 6 6 3 0 0 0 0 0 0 0 0 18 56 255 255 118 0 0 0 0 0 0 0 0 0 0 0 0 0 0 0 0 0 0 0 0 0 0 0 0 30 39 0 0 44 255 255 248 7 0 0 0 0 0 0 0 0 0 0 0 0 0 0 0 0 0 0 0 0 0 0 0 3 9 0 0 91 255 255 255 44 0 0 0 0 0 0 0 0 0 0 0 0 0 0 0 0 0 0 0 0 0 0 0 0 0 20 43 11 0 105 255 144 21 11 0 0 0 23 23 0 0 3 0 0 0 0 0 0 5 2 10 0 0 82 227 255 242 2 0 0 0 0 0 0 1 11 0 0 1 0 1 0 1 4 0 7 4 0 0 0 4 3 14 0 0 0 0 5 43 8 0 0 1 179 255 255 36 0 0 0 4 0 0 0 0 2 2 7 0 0 9 0 0 0 1 14 6 0 0 0 0 0 0 0 64 205 72 0 13 140 0 0 0 177 255 3 0 0 255 111 0 0 255 255 211 47 21 18 17 8 2 0 0 15 15 10 4 1 6 6 10 6 11 15 2 4 8 16 -2147483648 
-2147483648 0 0 0 0 0 0 0 0 0 0 0 0 0 0 0 0 16 51 255 255 123 0 0 0 0 0 0 0 0 0 0 0 0 0 0 0 0 0 0 0 0 0 0 0 0 38 46 0 0 49 255 255 238 7 0 0 0 0 0 0 0 0 0 0 0 0 0 0 0 0 0 0 0 0 0 0 0 3 18 0 0 97 255 255 255 47 0 0 0 0 0 0 0 0 0 0 0 0 0 0 0 0 0 0 0 0 0 0 0 0 0 21 52 13 0 100 255 148 8 0 0 7 7 25 15 0 0 0 1 4 5 0 0 0 6 0 11 0 0 84 235 255 235 4 0 0 0 0 0 0 0 14 0 0 8 0 0 0 0 8 8 0 0 0 0 0 5 4 13 0 0 0 0 16 33 7 0 0 2 188 255 255 28 0 1 1 0 0 4 0 0 3 0 3 0 0 8 0 0 0 0 12 3 0 0 0 0 0 0 0 56 200 69 0 24 131 0 0 0 169 255 15 0 0 255 115 0 0 255 255 255 102 24 23 14 11 10 4 0 6 17 6 7 8 5 3 8 5 5 16 5 5 9 10 -2147483648 
-2147483648 0 0 0 0 0 0 0 0 0 0 0 0 0 0 0 0 9 66 255 255 129 0 0 0 0 0 0 0 0 0 0 0 0 0 0 0 0 0 0 0 0 0 0 0 0 11 30 0 0 64 255 255 229 8 0 0 0 0 0 0 0 0 0 0 0 0 0 0 0 0 0 0 0 0 0 0 0 9 17 0 0 93 255 255 255 44 0 0 0 0 0 0 0 0 0 0 0 0 0 0 0 0 0 0 0 0 0 0 0 0 0 28 67 10 0 99 255 140 0 0 6 22 16 12 3 0 0 0 2 18 0 0 0 0 6 0 13 0 0 96 250 255 202 0 0 0 0 16 44 25 14 7 0 3 9 0 0 0 0 12 9 0 0 1 2 0 0 5 13 0 0 0 0 19 30 6 0 0 9 186 255 255 26 0 10 0 0 7 0 0 0 3 0 0 3 1 0 0 0 0 0 6 0 0 0 0 0 0 0 0 47 199 82 0 24 130 0 0 0 167 255 11 0 0 255 127 0 0 224 255 255 186 38 14 17 19 13 10 0 0 12 8 8 9 9 1 4 5 1 12 9 8 13 10 -2147483648 
-2147483648 0 0 0 0 0 0 0 0 0 0 0 0 0 0 0 0 8 82 255 255 127 0 0 0 0 0 0 0 0 0 0 0 0 0 0 0 0 0 0 0 0 0 0 0 0 0 14 0 0 80 255 255 223 7 0 0 0 0 0 0 0 0 0 0 0 0 0 0 0 0 0 0 0 0 0 0 0 6 8 0 0 94 255 255 255 40 0 0 0 0 0 0 0 0 0 0 0 0 0 0 0 0 0 0 0 0 0 0 0 0 0 30 74 15 0 93 255 136 0 4 16 6 7 9 9 1 0 0 4 16 0 0 0 0 0 0 14 0 0 121 255 254 26 0 0 0 0 93 171 149 98 44 18 14 11 0 0 7 9 8 0 3 0 0 3 2 1 3 16 0 0 0 0 4 34 8 0 0 15 175 255 255 29 0 9 0 0 7 0 0 2 4 0 0 1 2 0 0 2 4 0 0 0 2 0 0 0 0 0 0 48 196 80 0 25 128 0 0 0 173 255 0 0 0 255 126 0 0 108 255 255 255 68 17 26 18 10 16 10 2 5 8 9 6 9 7 2 2 5 10 10 11 11 7 -2147483648 
-2147483648 0 0 0 0 0 0 0 0 0 0 0 0 0 0 0 0 11 81 255 255 122 0 0 0 0 0 0 0 0 0 0 0 0 0 0 0 0 0 0 0 0 0 0 0 0 0 10 0 0 95 255 255 221 5 0 0 0 0 0 0 0 0 0 0 0 0 0 0 0 0 0 0 0 0 0 0 0 3 8 0 0 96 255 255 255 39 0 0 0 0 0 0 0 0 0 0 0 0 0 0 0 0 0 0 0 0 0 0 0 0 0 32 72 23 0 88 255 137 0 7 12 0 0 22 18 0 0 0 5 5 0 0 0 0 0 0 8 0 0 158 255 24 0 0 0 0 0 87 189 231 231 172 79 42 31 7 4 18 14 2 3 6 0 0 4 7 0 5 27 0 0 0 0 0 42 8 0 0 13 168 255 255 34 0 7 0 1 0 0 5 6 0 0 0 0 0 3 0 1 8 0 0 1 0 2 0 0 0 0 0 50 191 65 0 39 126 0 0 0 174 255 0 0 0 251 115 0 0 33 255 255 255 127 31 29 16 8 15 10 3 6 7 9 11 9 12 0 0 11 10 8 11 5 3 -2147483648 
-2147483648 0 0 0 0 0 0 0 0 0 0 0 0 0 0 0 0 8 77 255 255 120 0 0 0 0 0 0 0 0 0 0 0 0 0 0 0 0 0 0 0 0 0 0 0 0 0 7 0 0 103 255 255 220 5 0 0 0 0 0 0 0 0 0 0 0 0 0 0 0 0 0 0 0 0 0 0 0 11 11 0 0 89 255 255 255 45 0 0 0 0 0 0 0 0 0 0 0 0 0 0 0 0 0 0 0 0 0 0 0 0 0 38 64 21 0 93 255 130 0 0 0 0 3 27 13 0 0 0 3 0 0 0 0 0 2 0 0 0 0 199 255 0 0 0 0 0 3 25 70 139 236 255 204 142 85 32 14 26 21 3 11 4 0 0 9 7 0 7 33 0 0 0 0 8 49 14 0 0 7 161 255 255 46 0 4 0 0 0 0 5 7 0 0 2 0 0 6 0 0 9 0 0 0 0 9 0 0 0 0 0 48 189 69 0 49 109 0 0 0 167 255 5 0 0 224 99 0 0 3 158 255 255 215 47 28 21 12 12 2 2 12 11 5 13 13 9 0 0 13 6 8 9 2 5 -2147483648 
-2147483648 0 0 0 0 0 0 0 0 0 0 0 0 0 0 0 0 4 83 255 255 122 0 0 0 0 0 0 0 0 0 0 0 0 0 0 0 0 0 0 0 0 0 0 0 0 0 0 0 4 107 255 255 220 8 0 0 0 0 0 0 0 0 0 0 0 0 0 0 0 0 0 0 0 0 0 0 0 13 9 0 0 81 255 255 255 51 0 0 0 0 0 0 0 0 0 0 0 0 0 0 0 0 0 0 0 0 0 0 0 0 0 36 58 19 0 94 255 132 0 0 5 0 2 20 7 0 0 4 0 0 0 0 0 0 4 0 0 0 0 236 255 0 0 0 0 0 0 0 1 26 93 179 237 255 210 111 49 43 31 12 15 3 0 0 8 8 0 4 28 0 0 0 0 6 43 21 0 0 5 154 255 255 58 0 0 0 0 0 0 1 4 2 0 0 2 0 0 0 0 14 5 0 0 2 7 0 0 0 0 0 57 203 82 0 48 87 0 0 0 153 255 28 0 0 197 109 0 0 0 73 255 255 255 72 23 19 14 15 5 6 9 14 7 5 12 5 0 6 5 2 10 9 6 5 -2147483648 
-2147483648 0 0 0 0 0 0 0 0 0 0 0 0 0 0 0 0 6 87 255 255 123 0 0 0 0 0 0 0 0 0 0 0 0 0 0 0 0 0 0 0 0 0 0 0 0 0 0 0 9 114 255 255 221 11 0 0 0 0 0 0 0 0 0 0 0 0 0 0 0 0 0 0 0 0 0 0 0 3 7 0 0 73 255 255 255 53 0 0 0 0 0 0 0 0 0 0 0 0 0 0 0 0 0 0 0 0 0 0 0 0 0 27 54 21 0 88 255 140 0 0 17 0 0 9 8 1 3 3 0 0 0 0 0 0 0 0 0 0 0 250 255 0 0 0 0 0 0 0 0 0 6 42 108 211 255 246 156 96 49 24 22 10 0 2 5 8 6 1 25 0 0 0 0 4 27 20 0 0 5 143 255 255 64 0 0 0 3 8 0 0 2 3 0 0 5 6 0 0 0 14 4 0 1 8 5 0 0 0 0 0 82 193 38 0 42 82 0 0 0 141 255 29 0 0 185 167 0 0 0 41 255 255 255 101 14 11 14 17 11 12 6 9 6 0 13 6 3 8 0 4 11 9 6 7 -2147483648 
-2147483648 0 0 0 0 0 0 0 0 0 0 0 0 0 0 0 0 8 81 255 255 120 0 0 0 0 0 0 0 0 0 0 0 0 0 0 0 0 0 0 0 0 0 0 0 0 0 0 0 5 119 255 255 225 12 0 0 0 0 0 0 0 0 0 0 0 0 0 0 0 0 0 0 0 0 0 0 0 0 2 0 0 71 255 255 255 55 0 0 0 0 0 0 0 0 0 0 0 0 0 0 0 0 0 0 0 0 0 0 0 0 0 26 55 18 0 82 255 137 0 0 14 10 0 1 17 4 0 0 0 1 0 0 0 0 0 0 0 0 0 233 255 0 0 0 0 0 0 0 0 0 0 0 11 64 171 255 255 225 126 55 32 20 10 2 2 7 9 0 30 0 0 0 0 6 27 22 0 0 5 124 255 255 63 0 8 0 5 8 0 0 0 3 2 0 3 4 0 0 0 6 1 1 6 7 8 0 0 0 0 0 74 49 0 0 36 67 0 0 0 116 217 16 0 0 171 251 0 0 0 19 213 255 255 100 8 10 15 13 8 10 9 2 2 0 15 10 2 8 0 5 12 9 0 7 -2147483648 
-2147483648 0 0 0 0 0 0 0 0 0 0 0 0 0 0 0 0 6 69 255 255 119 0 0 0 0 0 0 0 0 0 0 0 0 0 0 0 0 0 0 0 0 0 0 0 0 0 0 0 7 121 255 255 226 13 0 0 0 0 0 0 0 0 0 0 0 0 0 0 0 0 0 0 0 0 0 0 0 0 0 0 0 76 255 255 255 56 0 0 0 0 0 0 0 0 0 0 0 0 0 0 0 0 0 0 0 0 0 0 0 0 0 24 58 18 0 72 255 136 0 0 11 19 0 5 31 5 0 0 0 7 0 0 0 0 0 0 0 0 0 212 255 255 0 0 0 0 0 0 0 0 0 0 0 1 35 109 225 255 255 164 59 32 26 4 0 11 8 0 34 0 0 0 0 7 36 31 0 0 7 116 255 255 63 0 17 0 0 1 0 0 0 4 3 0 3 8 0 0 1 3 7 16 1 0 6 0 0 0 0 0 2 0 0 0 33 50 0 0 0 66 151 8 0 0 143 255 210 0 0 0 98 199 166 61 1 5 11 9 11 5 4 1 1 5 12 9 3 5 4 5 8 12 3 3 -2147483648 
-2147483648 0 0 0 0 0 0 0 0 0 0 0 0 0 0 0 0 6 70 255 255 125 0 0 0 0 0 0 0 0 0 0 0 0 0 0 0 0 0 0 0 0 0 0 0 0 0 0 0 23 124 255 255 223 14 0 0 0 0 0 0 0 0 0 0 0 0 0 0 0 0 0 0 0 0 0 0 0 0 0 0 0 83 255 255 255 60 0 0 0 0 0 0 0 0 0 0 0 0 0 0 0 0 0 0 0 0 0 0 0 0 0 19 57 18 0 69 255 139 0 0 24 22 0 7 35 1 0 0 1 0 0 0 0 0 0 0 0 0 0 210 255 255 180 0 0 0 0 0 0 0 0 0 0 0 0 9 76 198 255 255 166 68 31 5 7 17 8 0 33 0 0 0 0 7 35 34 0 0 4 122 255 255 73 0 9 0 0 0 0 0 0 6 0 0 2 11 0 0 4 7 14 14 0 0 0 1 0 0 0 0 0 0 0 0 30 40 0 0 0 30 106 0 0 0 138 255 255 160 0 0 20 50 34 22 0 0 4 8 16 5 0 3 1 10 6 5 8 2 8 5 4 16 10 3 -2147483648 
-2147483648 4 0 0 0 0 0 0 0 0 0 0 0 0 0 0 0 11 84 255 255 129 0 0 0 0 0 0 0 0 0 0 0 0 0 0 0 0 0 0 0 0 0 0 0 0 0 0 0 33 134 255 255 224 12 0 0 0 0 0 0 0 0 0 0 0 0 0 0 0 0 0 0 0 0 0 0 0 0 0 0 0 95 255 255 255 67 0 0 0 0 0 0 0 0 0 0 0 0 0 0 0 0 0 0 0 0 0 0 0 0 0 14 57 21 0 74 255 139 0 0 39 18 0 1 23 0 0 0 6 0 0 0 0 0 0 0 7 0 0 212 255 255 255 0 0 0 0 0 0 0 0 0 19 25 15 15 31 89 255 255 255 97 15 2 18 16 7 1 28 0 0 0 0 4 35 25 0 0 0 121 255 255 81 0 0 5 0 0 0 0 0 2 2 3 2 3 0 0 0 9 10 8 2 1 0 2 9 11 12 1 0 0 0 0 20 21 4 0 0 18 91 0 0 0 156 255 255 225 0 0 0 6 0 4 2 0 0 8 16 5 0 7 5 3 1 5 7 6 11 3 4 17 13 5 -2147483648 
-2147483648 16 0 0 0 0 0 0 0 0 0 0 0 0 0 0 0 10 88 255 255 123 0 0 0 0 0 0 0 0 0 0 0 0 0 0 0 0 0 0 0 0 0 0 0 0 0 0 0 29 142 255 255 225 12 0 0 0 0 0 0 0 0 0 0 0 0 0 0 0 0 0 0 0 0 0 0 0 5 7 0 0 97 255 255 255 70 0 0 0 0 0 0 0 0 0 0 0 0 0 0 0 0 0 0 0 0 0 0 0 0 0 13 59 28 0 68 255 136 0 4 47 11 0 0 12 0 0 0 7 12 0 0 0 0 0 0 16 0 0 211 255 255 255 42 0 0 0 0 0 0 0 1 66 75 43 39 65 85 149 233 191 65 0 0 22 7 2 1 24 0 0 0 0 1 39 21 0 0 0 112 255 255 88 0 0 6 0 0 0 0 0 0 7 6 6 0 0 0 0 4 6 13 7 4 5 0 18 21 4 4 0 0 0 0 7 8 8 0 0 16 86 0 0 0 167 255 255 236 0 0 0 7 0 2 0 0 0 6 16 4 5 8 6 0 3 8 0 10 13 3 3 13 13 12 -2147483648 
-2147483648 30 0 0 0 0 0 0 0 0 0 0 0 0 0 0 0 4 90 255 255 120 0 0 0 0 0 0 0 0 0 0 0 0 0 0 0 0 0 0 0 0 0 0 0 0 0 0 0 28 143 255 255 225 14 0 0 0 0 0 0 0 0 0 0 0 0 0 0 0 0 0 0 0 0 0 0 0 24 17 0 0 85 255 255 255 72 0 0 0 0 0 0 0 0 0 0 0 0 0 0 0 0 0 0 0 0 0 0 0 0 0 15 57 33 0 54 255 136 0 24 41 2 1 0 7 0 0 0 5 9 0 0 0 0 0 0 20 0 0 205 255 255 255 55 0 0 0 0 0 0 0 8 79 76 39 31 53 49 52 72 52 22 0 0 14 3 0 2 27 0 0 0 0 0 31 27 0 0 0 108 255 255 99 0 4 1 0 0 0 0 0 3 8 6 10 0 0 2 0 0 17 18 9 1 7 0 21 21 0 11 0 0 0 0 3 0 5 0 0 15 74 0 0 0 166 255 255 238 0 0 0 12 0 3 0 0 2 0 12 6 10 5 3 0 5 5 0 10 11 3 1 8 8 13 -2147483648 
-2147483648 38 0 0 0 0 0 0 0 0 0 0 0 0 0 0 0 3 90 255 255 122 0 0 0 0 0 0 0 0 0 0 0 0 0 0 0 0 0 0 0 0 0 0 0 0 0 0 0 23 143 255 255 228 13 0 0 0 0 0 0 0 0 0 0 0 0 0 0 0 0 0 0 0 0 0 0 0 44 23 0 0 73 255 255 255 74 0 0 0 0 0 0 0 0 0 0 0 0 0 0 0 0 0 0 0 0 0 0 0 0 0 9 58 35 0 56 255 136 0 24 18 0 3 8 3 0 0 0 3 3 0 0 0 0 5 0 19 0 0 178 255 255 255 61 0 0 0 0 0 0 0 4 36 23 8 7 16 8 3 4 0 13 6 0 0 5 0 6 32 0 0 0 0 0 22 26 0 1 0 107 255 255 113 0 2 0 0 0 1 0 0 6 1 6 11 0 0 0 0 0 25 11 11 7 5 14 15 14 9 13 0 0 0 0 0 0 0 0 0 8 63 0 0 0 151 255 255 245 0 0 0 6 0 0 0 0 0 0 5 0 1 5 1 0 0 0 0 6 5 1 0 0 0 0 -2147483648 
-2147483648 39 0 0 0 0 0 0 0 0 0 0 0 0 0 0 0 2 82 255 255 121 0 0 0 0 0 0 0 0 0 0 0 0 0 0 0 0 0 0 0 0 0 0 0 0 0 0 0 14 138 255 255 228 15 0 0 0 0 0 0 0 0 0 0 0 0 0 0 0 0 0 0 0 0 0 0 0 54 21 0 0 70 255 255 255 69 0 0 0 0 0 0 0 0 0 0 0 0 0 0 0 0 0 0 0 0 0 0 0 0 0 0 64 36 0 71 255 137 0 0 1 8 15 12 2 0 0 0 2 11 0 0 0 0 31 0 13 0 0 146 255 255 255 63 0 0 0 0 0 0 0 0 0 0 0 0 4 4 0 0 3 12 1 0 0 4 0 10 37 0 0 0 0 3 30 19 0 0 0 108 255 255 133 0 0 0 0 0 0 0 2 0 0 11 6 0 0 0 0 0 18 2 4 17 10 12 7 9 8 11 0 0 0 0 0 0 0 0 0 10 70 0 0 0 127 255 255 213 0 0 0 0 0 0 0 0 0 0 1 0 0 2 3 0 0 0 0 4 4 7 3 0 0 0 -2147483648 
-2147483648 39 0 0 0 0 0 0 0 0 0 0 0 0 0 0 0 2 85 255 255 122 0 0 0 0 0 0 0 0 0 0 0 0 0 0 0 0 0 0 0 0 0 0 0 0 0 0 10 13 140 255 255 223 18 0 0 0 0 0 0 0 0 0 0 0 0 0 0 0 0 0 0 0 0 0 0 0 52 20 0 0 77 255 255 255 62 0 0 0 0 0 0 0 0 0 0 0 0 0 0 0 0 0 0 0 0 0 0 0 0 0 0 62 43 0 77 255 144 0 0 0 7 16 2 0 8 1 0 8 8 0 0 0 0 37 0 3 0 0 129 255 255 255 66 0 0 0 0 0 0 0 0 0 0 5 0 4 5 0 0 5 11 0 0 0 1 0 8 37 0 0 0 0 13 40 19 0 0 0 107 255 255 142 0 0 3 0 0 1 0 0 0 0 11 0 0 0 0 0 0 0 0 0 3 0 0 0 4 0 0 0 0 0 0 0 0 0 0 0 18 83 13 0 0 97 190 234 134 0 0 0 1 0 0 0 0 18 17 7 0 0 8 17 13 1 0 1 15 12 17 15 0 10 18 -2147483648 
-2147483648 42 0 0 0 0 0 0 0 0 0 0 0 0 0 0 0 7 96 255 255 127 0 0 0 0 0 0 0 0 0 0 0 0 0 0 0 0 0 0 0 0 0 0 0 0 0 0 10 17 148 255 255 220 16 0 0 0 0 0 0 0 0 0 0 0 0 0 0 0 0 0 0 0 0 0 0 0 44 24 0 0 85 255 255 255 63 0 0 0 0 0 0 0 0 0 0 0 0 0 0 0 0 0 0 0 0 0 0 0 0 0 1 51 43 0 76 255 146 0 0 0 0 0 0 0 16 7 6 25 3 0 0 0 0 22 0 0 0 0 120 245 255 255 70 0 0 0 0 0 0 0 0 2 3 1 0 3 4 4 0 0 11 0 0 2 2 0 1 33 0 0 0 0 18 40 27 0 0 0 99 255 255 126 0 0 0 0 0 0 0 0 0 0 0 0 0 0 0 0 0 0 0 0 0 0 0 3 0 0 0 0 0 0 0 0 0 1 4 0 20 89 20 0 0 60 125 157 99 24 0 13 18 0 5 10 10 26 25 23 3 0 23 33 20 12 10 6 22 19 13 21 9 16 34 -2147483648 
-2147483648 44 0 0 0 0 0 0 0 0 0 0 0 0 0 0 0 5 101 255 255 135 0 0 0 0 0 0 0 0 0 0 0 0 0 0 0 0 0 0 0 0 0 0 0 0 0 0 4 24 155 255 255 219 13 0 0 0 0 0 0 0 0 0 0 0 0 0 0 0 0 0 0 0 0 0 0 0 34 24 0 0 88 255 255 255 68 0 0 0 0 0 0 0 0 0 0 0 0 0 0 0 0 0 0 0 0 0 0 0 0 0 6 47 33 0 77 255 145 5 0 0 0 0 0 0 8 6 22 32 7 0 0 0 0 14 0 4 0 0 112 233 255 255 84 0 0 0 0 0 0 0 0 3 0 0 0 0 0 2 0 0 4 0 0 0 0 0 0 18 0 0 0 0 18 32 34 12 0 0 75 255 255 82 0 0 0 0 0 0 0 0 0 0 0 0 0 0 0 0 0 0 0 0 0 2 13 29 4 7 21 0 0 0 0 0 1 0 0 0 21 86 27 0 0 49 174 250 158 52 8 22 19 5 14 12 16 17 23 28 6 2 18 24 19 11 9 4 15 21 6 15 16 14 26 -2147483648 
-2147483648 44 0 0 0 0 0 0 0 0 0 0 0 0 0 0 0 1 102 255 255 139 0 0 0 0 0 0 0 0 0 0 0 0 0 0 0 0 0 0 0 0 0 0 0 0 0 0 0 32 159 255 255 219 12 0 0 0 0 0 0 0 0 0 0 0 0 0 0 0 0 0 0 0 0 0 0 0 31 27 0 0 87 255 255 255 75 0 0 0 0 0 0 0 0 0 0 0 0 0 0 0 0 0 0 0 0 0 0 0 0 0 9 54 30 0 74 255 148 0 0 0 0 0 0 0 6 7 34 22 0 0 0 0 0 13 0 16 0 0 97 211 255 255 86 0 0 0 0 0 0 0 0 0 0 0 0 0 0 0 0 0 0 0 0 0 0 0 0 0 0 0 0 0 22 24 39 37 0 0 43 168 174 45 0 0 0 0 3 10 9 2 16 25 15 1 6 12 0 0 17 23 8 16 19 17 34 41 17 15 31 13 0 0 0 0 6 0 0 2 19 86 50 0 0 60 243 255 255 60 0 6 6 0 8 2 6 12 18 13 3 5 4 1 13 6 2 6 8 20 9 4 21 16 10 -2147483648 
-2147483648 44 0 0 0 0 0 0 0 0 0 0 0 0 0 0 0 7 105 255 255 139 0 0 0 0 0 0 0 0 0 0 0 0 0 0 0 0 0 0 0 0 0 0 0 0 0 0 0 38 159 255 255 219 14 0 0 0 0 0 0 0 0 0 0 0 0 0 0 0 0 0 0 0 0 0 0 0 38 27 0 0 87 255 255 255 82 0 0 0 0 0 0 0 0 0 0 0 0 0 0 0 0 0 0 0 0 0 0 0 0 0 17 56 36 0 67 255 150 0 0 13 1 0 0 16 19 12 29 15 0 0 0 0 0 13 0 30 0 0 72 179 255 255 46 0 0 0 0 0 0 0 0 0 0 0 0 0 0 0 0 0 7 0 0 0 5 2 0 2 0 0 0 0 38 20 45 40 0 0 44 177 184 67 20 32 10 0 29 32 24 15 26 38 23 12 17 25 11 0 22 20 9 25 24 15 23 28 20 10 14 0 0 0 0 0 0 0 0 0 18 96 65 0 0 66 255 255 255 71 0 0 3 0 0 0 1 9 8 0 5 8 0 0 5 2 0 12 5 14 16 0 16 20 7 -2147483648 
-2147483648 44 0 0 0 0 0 0 0 0 0 0 0 0 0 0 0 16 108 255 255 143 0 0 0 0 0 0 0 0 0 0 0 0 0 0 0 0 0 0 0 0 0 0 0 0 0 3 0 34 165 255 255 219 16 0 0 0 0 0 0 0 0 0 0 0 0 0 0 0 0 0 0 0 0 0 0 0 35 22 0 0 76 255 255 255 85 0 0 0 0 0 0 0 0 0 0 0 0 0 0 0 0 0 0 0 0 0 0 0 0 0 16 53 39 0 66 255 154 0 0 24 3 0 0 31 21 0 2 12 0 0 0 0 0 12 0 35 0 0 53 130 165 97 0 0 0 0 0 0 0 0 7 24 19 0 17 20 7 21 20 23 27 14 1 13 25 23 5 27 9 0 0 0 61 22 54 21 0 0 70 255 255 130 16 20 18 12 23 16 12 15 13 16 16 15 10 12 9 0 11 6 10 15 16 16 9 19 16 16 14 0 0 0 0 0 0 0 0 0 20 94 62 0 0 68 255 255 255 89 0 0 7 0 0 0 4 2 0 1 2 1 0 0 3 5 0 8 4 9 14 0 12 22 10 -2147483648 
-2147483648 47 1 0 0 0 0 0 0 0 0 0 0 0 0 0 0 21 103 255 255 147 1 0 0 0 0 0 0 0 0 0 0 0 0 0 0 0 0 0 0 0 0 0 0 0 0 15 0 23 170 255 255 231 18 0 0 0 0 0 0 0 0 0 0 0 0 0 0 0 0 0 0 0 0 0 0 0 28 15 0 0 61 255 255 255 91 0 0 0 0 0 0 0 0 0 0 0 0 0 0 0 0 0 0 0 0 0 0 0 0 0 10 45 41 0 71 255 155 0 0 16 8 0 4 15 3 0 0 8 7 0 0 0 0 11 0 26 0 0 55 106 112 58 4 0 23 11 0 10 7 11 35 47 33 13 33 37 25 34 38 28 22 17 15 13 17 20 9 32 0 0 0 0 82 69 56 0 0 0 83 255 255 198 6 0 15 13 7 1 7 7 3 5 13 15 11 9 2 1 13 11 15 5 8 17 6 18 11 18 21 0 0 0 0 0 0 0 6 1 9 83 63 0 0 66 255 255 255 97 0 0 2 1 1 0 5 0 0 8 0 0 0 2 4 6 0 3 5 3 3 3 14 12 6 -2147483648 
-2147483648 50 3 0 0 0 0 0 0 0 0 0 0 0 0 0 0 20 100 255 255 146 2 0 0 0 0 0 0 0 0 0 0 0 0 0 0 0 0 0 0 0 0 0 0 0 0 9 0 16 169 255 255 248 23 0 0 0 0 0 0 0 0 0 0 0 0 0 0 0 0 0 0 0 0 0 0 0 27 14 0 0 62 255 255 255 81 0 0 0 0 0 0 0 0 0 0 0 0 0 0 0 0 0 0 0 0 0 0 0 0 0 9 39 50 0 69 255 148 0 0 11 15 20 0 0 0 0 0 9 21 0 0 0 0 9 0 15 0 0 71 150 237 187 57 6 27 17 0 0 0 10 15 30 22 11 25 24 20 13 19 10 5 14 4 3 8 11 14 32 0 0 0 0 88 121 37 0 0 0 80 255 255 255 17 0 16 13 0 4 7 1 5 9 8 7 19 14 0 0 10 13 12 4 5 14 6 9 7 14 19 0 0 0 0 0 0 0 5 0 0 78 71 0 0 62 245 255 255 83 0 0 0 11 9 0 1 1 0 3 4 0 3 5 7 3 0 6 5 0 2 12 7 0 0 -2147483648 
-2147483648 51 3 0 0 0 0 0 0 0 0 0 0 0 0 0 0 21 106 255 255 142 1 0 0 0 0 0 0 0 0 0 0 0 0 0 0 0 0 0 0 0 0 0 0 0 0 0 0 18 159 255 255 255 25 0 0 0 0 0 0 0 0 0 0 0 0 0 0 0 0 0 0 0 0 0 0 0 19 30 0 0 56 255 255 255 29 0 0 0 0 0 0 0 0 0 0 0 0 0 0 0 0 0 0 0 0 0 0 0 0 0 8 48 56 0 63 255 147 0 0 13 14 17 0 0 6 0 0 20 19 0 0 0 0 0 0 15 0 0 79 205 255 255 100 1 2 0 0 0 0 0 0 5 20 16 11 8 15 1 0 5 8 13 0 1 8 14 17 30 0 0 0 0 59 94 21 0 0 0 74 255 255 255 39 0 9 7 0 10 6 2 7 1 5 5 10 13 0 0 0 1 3 7 0 3 0 0 9 12 16 0 0 0 0 0 0 0 0 2 3 67 78 0 0 59 239 255 255 56 0 0 1 14 10 0 0 1 0 0 5 5 6 5 10 7 0 7 5 0 5 14 0 0 0 -2147483648 
-2147483648 54 1 0 0 0 0 0 0 0 0 0 0 0 0 0 0 24 112 255 255 138 0 0 0 0 0 0 0 0 0 0 0 0 0 0 0 0 0 0 0 0 0 0 0 0 0 0 0 22 140 255 255 255 23 0 0 0 0 0 0 0 0 0 0 0 0 0 0 0 0 0 0 0 0 0 0 0 6 60 5 0 37 216 255 146 0 0 0 0 0 0 0 0 3 0 0 9 0 0 21 18 12 28 36 37 34 33 18 0 0 0 9 48 53 0 63 255 148 0 0 5 4 6 0 0 16 10 0 21 16 1 0 0 0 0 0 16 0 0 78 220 255 255 144 0 0 0 0 0 0 0 0 0 20 22 0 4 13 0 0 11 17 7 3 2 6 15 15 19 0 0 0 0 21 44 27 0 0 0 69 255 255 255 54 0 0 0 1 9 0 0 3 0 4 2 0 0 0 0 0 0 0 4 0 0 0 2 13 11 15 0 0 0 0 0 4 0 0 7 1 63 84 0 0 54 240 255 255 32 0 0 13 9 6 0 0 4 0 5 7 6 8 6 4 12 1 3 8 0 5 8 1 4 0 -2147483648 
-2147483648 56 0 0 0 0 0 0 0 0 0 0 0 0 0 0 0 19 114 255 255 132 0 0 0 0 0 0 0 0 0 0 0 0 0 0 0 0 0 0 0 0 0 0 0 0 0 0 0 11 114 255 255 196 4 0 0 0 0 0 0 0 0 0 0 0 0 0 0 0 0 0 0 0 0 0 0 0 8 96 0 0 36 188 177 103 26 22 39 31 18 13 36 36 41 41 26 45 46 18 35 49 37 43 49 47 46 46 0 0 0 0 13 31 50 0 56 255 147 0 0 0 0 5 2 3 18 16 0 2 26 12 0 0 0 0 0 11 0 0 86 212 255 255 176 0 0 0 0 0 0 0 0 0 13 11 0 4 10 0 0 11 12 2 0 3 0 4 16 8 0 0 0 0 10 33 35 0 0 0 66 255 255 255 43 0 0 0 8 1 0 0 0 0 0 0 0 0 0 0 0 0 0 1 0 0 4 8 11 14 12 0 0 0 0 1 5 0 0 5 1 71 82 0 0 44 241 255 255 19 0 0 16 6 1 0 8 6 0 12 13 2 7 9 0 10 7 0 9 7 6 0 3 11 0 -2147483648 
-2147483648 57 1 0 0 0 0 0 0 0 0 0 0 0 0 0 0 12 114 255 255 130 0 2 1 0 0 0 0 0 0 0 0 0 0 0 0 0 0 0 0 0 0 0 0 0 0 0 0 0 88 213 206 81 0 0 0 0 0 0 0 0 0 0 0 0 0 0 0 0 0 0 1 0 0 0 0 0 34 105 0 0 60 255 255 235 79 43 60 51 37 35 51 37 32 33 20 29 37 16 14 28 20 16 18 17 18 17 0 0 0 0 6 28 52 0 48 255 155 0 0 0 0 3 0 6 12 9 0 0 35 10 0 0 0 6 0 11 0 0 95 203 255 255 178 0 0 0 0 0 0 0 0 0 1 0 0 0 3 0 0 5 1 0 0 4 0 0 11 4 0 0 0 0 12 35 33 0 0 0 68 255 255 255 14 0 0 0 1 0 0 0 0 0 0 0 0 0 0 0 0 0 0 4 0 0 5 14 11 13 8 0 0 0 0 0 4 0 0 3 12 74 76 0 0 44 235 255 255 15 0 0 8 7 0 2 13 1 0 13 13 0 6 10 3 3 7 1 6 13 7 0 3 15 6 -2147483648 
-2147483648 63 7 0 0 0 0 0 0 0 0 0 0 0 0 0 0 11 101 255 255 102 0 0 0 0 0 0 0 0 0 0 0 0 0 0 0 0 0 0 0 0 0 0 0 0 0 0 0 1 97 162 122 50 13 10 15 17 15 29 35 17 26 34 22 26 20 20 27 23 28 20 20 22 0 0 0 23 81 48 0 0 82 255 255 255 115 26 32 23 16 15 19 13 9 9 5 7 10 5 2 5 4 0 0 0 0 0 0 0 0 0 0 34 56 0 45 255 168 0 0 3 0 0 0 9 0 0 0 1 17 0 0 0 0 8 0 13 0 0 90 206 255 255 165 0 0 0 0 0 0 0 0 0 0 0 0 0 0 0 0 0 0 0 0 2 0 0 3 4 0 0 0 0 13 25 27 1 0 0 65 255 255 255 0 0 0 0 0 0 0 0 0 0 0 0 0 0 0 0 0 0 0 5 0 0 0 13 15 10 7 0 0 0 0 0 0 0 0 0 12 80 71 0 0 55 225 255 255 13 0 0 0 8 0 0 8 2 0 6 9 3 8 14 7 0 3 13 3 7 9 4 6 11 14 -2147483648 
-2147483648 65 9 0 0 0 0 0 0 0 0 0 0 0 0 0 0 13 75 216 203 36 0 0 0 0 0 0 0 0 0 0 0 0 0 0 0 0 0 0 0 0 0 0 0 0 0 1 0 26 142 255 255 122 40 24 23 26 33 35 44 32 25 33 26 22 12 13 22 18 18 17 14 11 0 0 0 47 103 0 0 0 83 255 255 255 127 6 6 2 0 0 0 0 0 0 0 0 0 0 0 0 0 0 0 0 0 0 0 0 0 0 0 39 61 0 33 255 173 0 0 12 0 0 0 13 0 0 3 0 0 0 0 0 0 4 0 8 0 0 88 209 255 255 150 0 0 0 0 0 0 0 0 0 0 0 0 0 1 0 0 0 0 0 3 0 0 2 8 10 0 0 0 0 9 19 30 6 0 0 57 255 255 248 0 0 0 2 0 0 0 0 0 0 2 0 0 0 0 0 0 3 0 0 11 5 0 6 14 10 10 0 0 0 0 0 0 3 0 0 5 79 72 0 0 55 216 255 255 18 0 0 0 6 0 0 6 6 0 1 9 8 7 15 6 0 3 13 2 9 7 9 13 7 9 -2147483648 
-2147483648 37 2 0 0 0 0 0 0 0 0 0 0 0 0 0 0 15 76 140 104 19 0 18 16 12 21 1 0 0 6 19 9 6 22 20 22 18 31 0 0 0 0 0 0 0 0 0 0 32 166 255 255 214 40 14 12 11 14 11 15 14 9 10 9 7 2 2 6 6 4 5 5 1 0 0 0 13 65 0 0 0 72 255 255 255 125 0 0 0 0 0 0 0 0 0 0 0 0 0 0 0 0 0 0 0 0 0 0 0 0 0 3 46 62 0 22 255 173 0 0 20 9 0 0 13 9 0 0 0 8 10 0 0 0 2 0 11 0 0 91 205 255 255 137 0 0 0 0 0 0 0 0 0 0 0 0 0 0 0 0 0 0 0 0 0 0 6 5 18 0 0 0 0 1 25 42 6 0 0 57 255 255 231 0 0 3 9 0 0 6 0 0 0 5 0 0 0 0 0 0 16 0 0 16 4 0 8 15 12 6 0 0 0 0 0 2 4 0 0 6 67 81 0 0 54 212 255 255 26 0 0 2 1 0 0 6 4 0 0 11 17 5 7 11 0 3 8 5 13 4 8 11 5 6 -2147483648 
-2147483648 11 10 0 0 0 0 5 2 0 0 0 0 0 0 0 0 20 108 219 197 76 13 33 37 27 32 17 17 16 10 23 15 10 17 13 14 13 21 0 0 0 0 0 0 0 0 0 0 18 153 255 255 255 32 4 3 1 0 0 0 0 0 0 0 0 0 0 0 0 0 0 0 0 0 0 0 0 27 0 0 0 74 255 255 255 123 0 0 0 0 0 0 0 0 0 0 0 0 0 0 0 0 0 0 0 0 0 0 0 0 0 13 48 55 0 20 255 171 0 0 22 13 0 0 16 12 0 0 0 14 14 0 0 0 1 0 23 0 0 82 205 255 255 125 0 0 0 0 0 0 0 0 0 0 0 0 0 0 0 8 5 0 0 0 0 0 11 0 13 0 0 0 0 2 32 46 0 0 0 57 255 255 236 0 0 4 1 0 0 6 5 0 0 1 1 3 0 0 0 0 22 0 0 10 0 3 14 16 12 0 0 0 0 0 0 7 0 0 0 8 60 87 0 0 63 212 255 255 31 0 0 6 1 0 0 3 1 0 0 13 20 9 1 12 6 0 8 12 10 6 8 6 3 6 -2147483648 
-2147483648 37 25 7 3 12 13 17 13 3 0 0 0 0 0 0 0 23 129 255 255 134 12 13 17 12 12 6 7 6 1 7 5 2 3 2 3 3 0 0 0 0 0 0 0 0 2 0 0 5 144 255 255 255 29 0 0 0 0 0 0 0 0 0 0 0 0 0 0 0 0 0 0 0 0 0 0 0 19 0 0 0 87 255 255 255 121 0 0 0 0 0 0 0 0 0 0 0 0 0 0 0 0 0 0 0 0 0 0 0 0 0 18 46 49 0 17 255 168 0 0 14 6 0 0 26 18 0 0 0 7 3 0 0 0 4 0 21 0 0 64 195 255 255 119 0 0 0 0 0 0 0 0 0 0 0 0 0 0 0 2 5 0 0 4 0 0 5 0 11 0 0 0 0 4 46 39 0 0 0 50 255 255 241 0 0 0 0 1 0 0 12 0 0 0 0 4 0 0 0 1 17 0 0 8 0 2 13 11 10 4 0 0 0 0 0 12 0 0 2 9 54 85 0 0 63 207 255 255 40 0 0 10 8 0 0 3 0 0 0 16 17 7 1 10 10 0 3 13 7 11 8 9 4 3 -2147483648 
-2147483648 68 19 4 3 7 7 7 5 3 0 0 0 0 0 0 0 17 126 255 255 156 4 0 0 0 0 0 0 0 0 0 0 0 0 0 0 0 0 0 0 0 0 0 0 0 5 11 0 0 153 255 255 255 29 0 0 0 0 0 0 0 0 0 0 0 0 0 0 0 0 0 0 0 0 0 0 0 13 0 0 0 93 255 255 255 120 0 0 0 0 0 0 0 0 0 0 0 0 0 0 0 0 0 0 0 0 0 0 0 0 0 19 35 54 0 10 255 171 5 5 5 0 0 0 37 27 0 0 7 1 0 0 0 0 8 1 9 0 0 51 179 255 255 122 0 0 0 0 0 0 0 0 0 0 0 0 0 8 0 0 1 0 0 0 0 0 0 1 21 0 0 0 0 1 54 34 0 0 0 45 252 255 240 0 0 0 5 3 0 0 8 0 0 0 0 0 0 0 0 0 8 0 7 9 0 2 8 9 14 8 0 0 0 0 0 9 0 0 4 4 52 77 0 0 51 194 255 255 48 0 0 5 12 0 0 5 5 0 3 13 8 4 6 6 8 4 3 3 8 16 5 13 10 0 -2147483648 
-2147483648 66 6 0 0 0 0 0 0 0 0 0 0 0 0 0 0 15 116 255 255 153 0 0 0 0 0 0 0 0 0 0 0 0 0 0 0 0 0 0 0 0 0 0 0 0 0 15 0 2 156 255 255 255 26 0 0 0 0 0 0 0 0 0 0 0 0 0 0 0 0 0 0 0 0 0 0 0 3 0 0 0 96 255 255 255 122 0 0 0 0 0 0 0 0 0 0 0 0 0 0 0 0 0 0 0 0 0 0 0 0 0 14 22 66 0 6 255 173 7 14 6 0 0 3 29 17 0 0 14 7 0 0 0 0 9 5 2 0 0 52 181 255 255 126 0 0 0 0 0 0 0 0 0 0 0 0 0 1 0 1 2 0 0 0 0 0 3 3 24 0 0 0 0 2 41 35 0 0 0 40 244 255 243 0 0 0 11 0 0 0 0 0 0 0 3 0 3 3 0 0 0 0 10 3 0 6 6 12 22 11 0 0 0 0 0 7 0 0 3 0 52 68 0 0 35 180 255 255 51 0 0 0 7 0 0 5 12 5 5 2 0 4 10 5 0 8 11 0 10 13 5 13 14 1 -2147483648 
-2147483648 61 3 0 0 0 0 0 0 0 0 0 0 0 0 0 0 22 113 255 255 150 0 0 0 0 0 0 0 0 0 0 0 0 0 0 0 0 0 0 0 0 0 0 0 0 0 10 0 7 149 255 255 255 23 0 0 0 0 0 0 0 0 0 0 0 0 0 0 0 0 0 0 0 0 0 0 0 0 0 0 0 98 255 255 255 122 0 0 0 0 0 0 0 0 0 0 0 0 0 0 0 0 0 0 0 0 0 0 0 0 0 6 17 69 0 5 255 180 21 23 4 0 0 5 10 0 0 3 5 16 2 0 0 0 10 0 6 0 0 66 190 255 255 128 0 0 0 0 0 0 0 0 0 0 0 0 0 0 0 0 4 7 0 0 0 3 7 7 19 0 0 0 0 5 28 36 6 0 0 30 246 255 248 0 0 1 7 0 0 0 0 0 7 1 0 0 5 0 0 0 0 1 5 0 0 8 6 14 23 13 0 0 0 0 0 14 4 0 0 0 47 75 0 0 8 176 255 255 59 0 0 0 3 0 0 0 4 12 7 0 0 0 0 6 0 0 11 1 8 5 10 11 11 11 -2147483648 
-2147483648 64 5 0 0 0 0 0 0 0 0 0 0 0 0 0 0 26 111 255 255 158 0 0 0 0 0 0 0 0 0 0 0 0 0 0 0 0 0 0 0 0 0 0 0 0 0 1 1 14 150 255 255 255 20 0 0 0 0 0 0 0 0 0 0 0 0 0 0 0 0 0 0 0 0 0 0 0 1 0 0 0 98 255 255 255 119 3 2 0 0 0 0 0 0 0 0 0 0 0 0 6 1 0 0 0 0 0 0 0 0 0 9 21 62 0 0 255 194 38 9 0 0 0 13 5 0 0 6 0 15 11 0 0 0 4 0 18 0 0 83 190 255 255 135 0 0 0 0 0 0 0 0 0 0 0 0 2 4 0 0 1 16 10 0 0 4 11 10 16 0 0 0 0 4 29 39 6 0 0 24 255 255 253 0 0 5 7 3 0 0 0 0 9 0 0 0 9 0 0 0 0 7 3 0 0 2 6 17 15 7 0 0 0 0 0 30 33 0 0 0 46 100 43 0 0 176 255 255 71 0 0 0 5 5 3 0 0 10 6 8 3 0 0 0 7 0 10 12 9 3 10 11 3 9 -2147483648 
-2147483648 65 4 0 0 0 0 0 0 0 0 0 0 0 0 0 0 23 104 255 255 165 0 0 0 0 0 0 0 0 0 0 0 0 0 0 0 0 0 0 0 0 0 0 0 0 0 0 5 26 156 255 255 255 18 0 0 0 0 0 0 0 0 0 0 0 0 0 0 0 0 0 0 0 0 0 0 0 5 0 0 0 93 255 255 255 116 10 6 0 0 0 0 2 0 0 1 0 0 0 0 28 0 0 0 0 0 0 0 0 0 0 12 28 59 0 0 255 198 25 0 0 1 0 14 11 0 0 6 5 8 0 0 0 0 0 0 26 0 0 83 192 255 255 136 0 0 0 0 0 0 0 0 0 0 0 0 1 5 0 0 2 15 8 0 0 10 9 3 21 4 0 0 0 4 33 44 0 0 0 29 255 255 251 0 0 0 6 11 8 0 0 1 6 0 0 0 5 0 0 0 0 9 0 5 6 0 9 18 11 6 0 0 0 0 0 44 64 0 0 0 48 120 73 0 0 165 255 255 75 0 0 0 5 3 6 0 0 1 3 13 10 0 0 0 7 10 19 15 11 9 8 9 0 3 -2147483648 
-2147483648 61 2 0 0 0 0 0 0 0 0 0 0 0 0 0 0 20 98 255 255 163 0 0 0 0 0 0 0 0 0 0 0 0 0 0 0 0 0 0 0 0 0 0 0 0 0 0 0 29 159 255 255 255 18 0 0 0 0 0 0 0 0 0 0 0 0 0 0 0 0 0 0 0 0 0 0 0 4 3 0 0 88 255 255 255 109 15 0 0 0 0 0 0 0 0 0 0 0 0 0 28 0 0 0 0 0 0 20 0 0 0 10 32 65 0 0 255 200 6 0 8 15 4 0 6 0 0 10 8 1 0 0 0 0 0 0 29 0 0 69 201 255 255 125 0 0 2 0 0 0 0 0 0 0 0 0 0 9 0 0 5 0 1 0 0 10 1 0 27 8 0 0 0 6 34 46 0 0 0 33 253 255 246 0 0 0 0 9 26 2 0 3 4 0 0 0 0 0 0 0 0 8 0 2 8 0 16 18 13 12 0 0 0 0 0 50 84 0 0 0 42 132 77 0 0 155 255 255 76 0 0 7 7 0 0 6 0 0 5 11 15 0 0 0 9 32 27 6 8 17 6 4 3 2 -2147483648 
-2147483648 58 3 0 0 0 0 0 0 0 0 0 0 0 0 0 0 19 94 255 255 158 0 0 0 0 0 0 0 0 0 0 0 0 0 0 0 0 0 0 0 0 0 0 0 0 6 0 0 25 160 255 255 255 17 0 0 0 0 0 0 0 0 0 0 0 0 0 0 0 0 0 0 0 0 0 0 0 3 0 0 0 86 255 255 255 101 15 0 0 0 0 0 0 0 0 0 0 0 0 0 0 0 0 0 0 0 0 117 46 0 0 16 41 65 0 5 255 210 7 0 14 14 0 0 1 0 1 15 2 0 0 0 0 0 0 0 38 1 0 45 204 255 255 114 0 0 19 0 0 0 0 0 0 0 0 0 0 17 0 0 3 0 1 7 0 0 0 4 31 11 0 0 0 0 30 44 2 0 0 27 236 255 252 0 0 7 0 1 26 5 0 3 0 1 2 2 0 0 0 0 0 5 0 4 5 0 21 24 14 14 0 0 0 0 0 48 79 0 0 0 33 136 81 0 0 156 255 255 80 0 0 3 5 0 0 4 0 0 8 9 14 0 0 0 16 46 26 0 4 15 7 4 8 0 -2147483648 
-2147483648 61 6 0 0 0 0 0 0 0 0 0 0 0 0 0 0 20 96 255 255 161 0 0 0 0 0 0 0 0 0 0 0 0 0 0 0 0 0 0 0 0 0 0 0 0 0 0 0 21 158 255 255 249 17 0 0 0 0 0 0 0 0 0 0 0 0 0 0 0 0 0 0 0 0 0 0 0 12 0 0 0 78 255 255 255 103 9 0 0 0 0 0 0 0 0 0 0 0 0 0 0 0 0 4 0 0 11 148 218 0 0 27 48 41 0 15 255 211 5 0 6 13 0 1 13 4 4 10 0 0 0 0 0 0 0 0 56 34 0 12 190 255 255 120 0 0 26 0 0 0 0 0 0 0 9 0 0 17 0 0 6 0 0 11 1 0 0 5 31 19 0 0 0 0 32 48 3 0 0 16 219 255 255 0 0 9 0 0 25 11 0 3 0 0 0 5 0 0 0 0 0 7 2 5 5 3 21 26 14 12 0 0 0 0 0 46 63 0 0 0 33 132 105 0 0 152 255 255 85 0 0 0 0 6 3 0 0 0 8 13 13 0 0 0 15 49 28 0 0 7 12 8 9 0 -2147483648 
-2147483648 62 7 0 0 0 0 0 0 0 0 0 0 0 0 0 0 25 105 255 255 167 0 0 0 0 0 0 0 0 0 0 0 0 0 0 0 0 0 0 0 0 0 0 0 0 0 1 0 17 156 255 255 247 17 0 0 0 0 0 0 0 0 0 0 0 0 0 0 0 0 0 0 0 0 0 0 0 16 0 0 0 72 255 255 255 112 0 0 0 0 0 0 0 0 0 0 2 24 9 0 0 0 0 10 7 3 14 126 255 0 0 39 40 12 0 18 255 207 0 0 4 19 2 1 11 11 12 2 0 0 0 0 0 0 0 0 72 64 0 0 171 255 255 143 0 0 13 8 0 0 0 0 0 0 6 0 0 2 0 0 8 1 0 9 0 0 6 0 23 22 0 0 0 0 37 59 0 0 0 6 210 255 255 0 0 3 0 0 27 20 0 0 3 4 0 5 0 0 0 0 0 12 8 1 0 10 19 23 12 7 0 0 0 0 0 71 79 0 0 0 48 154 132 0 0 138 255 255 92 0 0 0 0 7 2 0 0 0 11 14 11 0 0 0 12 45 35 2 0 4 7 9 10 3 -2147483648 
-2147483648 54 3 0 0 0 0 0 0 0 0 0 0 0 0 0 0 23 110 255 255 165 0 0 0 0 0 0 0 0 0 0 0 0 0 0 0 0 0 0 0 0 0 0 0 0 0 0 0 20 168 255 255 252 15 0 0 0 0 0 0 0 0 0 0 0 0 0 0 0 0 0 0 0 0 0 0 0 9 0 0 0 76 255 255 255 115 0 0 0 0 0 4 0 0 0 0 0 8 14 0 4 2 0 0 3 0 5 123 255 0 0 59 33 0 0 10 255 208 0 0 13 25 15 0 0 0 24 0 0 0 0 0 0 0 0 0 73 77 0 0 163 255 255 163 0 0 2 8 0 0 0 0 0 0 0 5 0 0 0 0 7 0 2 10 0 0 5 5 19 9 0 0 0 0 31 58 0 0 2 0 201 255 255 2 0 0 0 4 24 19 0 0 1 14 5 0 0 0 0 0 4 12 8 3 0 4 15 20 8 7 5 0 0 0 0 108 108 0 0 0 65 198 127 0 0 134 255 255 101 0 0 0 0 0 0 0 3 0 10 15 11 0 0 0 15 44 37 4 0 5 3 7 6 7 -2147483648 
-2147483648 47 0 0 0 0 0 0 0 0 0 0 0 0 0 0 0 17 109 255 255 167 1 0 0 0 0 0 0 0 0 0 0 0 0 0 0 0 0 0 0 0 0 0 0 0 0 0 0 21 182 255 255 255 15 0 0 0 0 0 0 0 0 0 0 0 0 0 0 0 0 0 0 0 0 0 0 0 3 0 0 0 81 255 255 255 118 0 0 0 0 0 0 0 0 0 3 2 0 0 15 10 0 0 0 0 0 5 130 255 0 0 70 32 1 0 5 255 206 0 0 17 19 11 0 0 0 22 1 6 13 0 0 0 0 0 0 59 82 0 0 159 255 255 166 0 0 5 2 0 0 0 0 0 0 0 10 1 0 0 0 7 0 8 10 0 0 5 6 19 7 0 0 0 6 26 45 6 0 0 4 200 255 255 8 0 2 0 7 27 14 0 0 0 13 9 0 4 0 0 0 1 9 8 5 0 0 10 13 5 12 9 0 0 0 0 101 79 0 0 4 59 192 81 0 0 143 255 255 113 0 0 6 0 0 0 0 12 0 0 20 13 1 0 0 16 47 34 0 1 8 12 1 0 9 -2147483648 
-2147483648 45 0 0 0 0 0 0 0 0 0 0 0 0 0 0 0 18 108 255 255 175 2 0 0 0 0 0 0 0 0 0 0 0 0 0 0 0 0 0 0 0 0 0 0 0 26 0 0 10 175 255 255 255 16 0 0 0 0 0 0 0 0 0 0 0 0 0 0 0 0 0 0 0 0 0 0 0 4 0 0 0 79 255 255 255 124 0 0 0 0 0 0 0 0 0 5 4 0 0 7 8 1 0 0 0 0 4 145 255 0 0 52 26 18 0 2 255 208 0 0 16 9 3 0 0 10 10 11 24 2 0 0 0 0 0 0 68 89 0 0 158 255 255 157 0 0 8 1 0 0 0 0 0 0 0 4 0 0 0 2 3 0 13 7 0 0 6 0 18 13 0 0 0 9 24 34 6 0 0 22 205 255 255 10 0 7 0 10 29 13 0 0 0 4 6 0 8 0 0 0 0 3 10 7 7 1 9 7 2 15 8 0 0 0 0 49 20 0 0 11 41 138 30 0 0 150 255 255 125 0 0 1 0 0 0 0 11 0 0 19 12 2 0 0 18 47 26 0 4 7 11 0 0 4 -2147483648 
-2147483648 44 0 0 0 0 0 0 0 0 0 0 0 0 0 0 0 18 107 255 255 177 1 0 0 0 0 0 0 0 0 0 0 0 0 0 0 0 0 0 0 0 0 0 0 0 44 0 0 0 161 255 255 255 17 0 0 0 0 0 0 0 0 0 0 0 0 0 0 0 0 0 0 0 0 0 0 0 10 0 0 0 73 255 255 255 129 0 0 0 0 0 0 0 0 2 0 0 0 0 2 11 4 3 0 0 0 0 168 255 0 0 42 25 26 0 0 255 210 10 0 13 2 3 0 3 11 0 16 19 0 0 0 0 0 0 0 107 73 0 0 161 255 255 151 0 0 6 0 0 0 0 0 0 0 0 0 0 0 1 7 0 1 14 1 0 0 0 0 14 12 0 0 0 6 24 39 3 0 2 21 201 255 255 12 0 12 0 9 25 11 0 0 0 0 0 1 12 0 0 0 0 0 8 14 13 2 7 9 2 16 8 0 0 0 0 14 0 0 0 16 36 105 2 0 7 149 255 255 133 0 0 0 2 1 0 0 6 0 4 13 8 2 0 0 24 44 18 3 5 0 0 0 0 0 -2147483648 
-2147483648 48 0 0 0 0 0 0 0 0 0 0 0 0 0 0 0 17 106 255 255 178 0 0 0 0 0 0 0 0 0 0 0 0 0 0 0 0 0 0 0 0 0 0 0 0 51 1 0 0 154 255 255 255 19 0 0 0 0 0 0 0 0 0 0 0 0 0 0 0 0 0 0 0 0 0 0 0 28 0 0 0 72 255 255 255 135 0 0 0 0 0 0 0 0 1 0 0 5 0 11 26 6 0 0 0 3 1 191 255 0 0 69 28 7 0 0 250 211 22 0 5 0 5 4 2 9 0 8 21 8 0 0 0 0 0 6 109 26 0 0 164 255 255 151 0 0 4 0 0 0 0 0 0 0 0 0 0 0 0 6 0 10 9 0 0 0 2 0 5 13 0 0 0 0 25 54 0 0 4 8 195 255 255 15 0 14 0 1 23 16 0 0 0 0 0 0 7 4 7 0 0 1 4 13 11 0 0 7 4 18 14 0 0 0 0 9 0 0 0 10 43 97 0 0 0 138 255 255 139 0 0 0 4 1 0 0 9 2 3 10 5 0 0 0 24 46 20 4 6 3 0 3 0 0 -2147483648 
-2147483648 54 0 0 0 0 0 0 0 0 0 0 0 0 0 0 0 18 107 255 255 179 0 0 0 0 0 0 0 0 0 0 0 0 0 0 0 0 0 0 0 0 0 0 0 0 50 3 0 0 153 255 255 255 22 0 0 0 0 0 0 0 0 0 0 0 0 0 0 0 0 0 0 0 0 0 0 0 56 12 0 0 72 255 255 255 137 0 0 0 0 0 0 0 0 1 0 0 5 0 17 24 9 0 0 2 8 3 204 255 0 0 71 34 2 0 0 241 216 25 0 0 0 12 10 0 6 0 2 29 13 0 0 0 0 0 3 57 0 0 38 168 255 255 157 0 0 5 0 0 0 0 0 0 0 0 0 1 0 2 1 0 12 4 2 0 0 12 2 3 8 0 0 0 0 23 53 0 0 7 8 189 255 255 19 0 6 0 0 21 24 0 0 0 0 0 2 0 10 16 0 13 16 9 4 0 0 0 1 5 23 21 0 0 0 0 1 0 0 0 1 42 96 0 0 0 123 255 255 144 0 0 0 4 0 0 0 8 0 1 16 0 0 0 0 23 52 26 0 7 16 0 0 0 0 -2147483648 
-2147483648 57 1 0 0 0 0 0 0 0 0 0 0 0 0 0 0 14 106 255 255 176 0 0 0 0 0 0 0 0 0 0 0 0 0 0 0 0 0 0 0 0 0 0 0 0 74 27 0 0 146 255 255 255 26 0 0 0 0 0 0 0 0 0 0 0 0 0 0 0 0 0 0 0 0 0 0 0 58 10 0 0 67 255 255 255 141 0 0 0 0 0 0 0 0 2 0 0 0 0 11 11 8 7 0 7 11 2 203 255 0 0 29 42 35 0 0 254 221 15 0 0 1 18 6 0 1 0 0 38 19 0 0 0 0 0 0 14 0 0 67 175 255 255 158 0 0 5 0 0 0 0 0 0 0 0 1 5 0 3 0 0 3 3 3 0 0 16 5 9 6 0 0 0 0 27 49 0 0 16 9 170 255 255 23 0 2 0 0 20 22 1 0 0 0 0 6 0 10 16 7 25 24 15 0 0 0 0 2 12 28 24 0 0 0 0 0 0 0 0 0 36 105 6 0 0 122 255 255 148 0 0 0 6 0 0 0 0 3 11 18 0 0 0 0 20 51 32 0 4 19 2 0 1 7 -2147483648 
-2147483648 57 3 0 0 0 0 0 0 0 0 0 0 0 0 0 0 11 110 255 255 172 0 0 0 0 0 0 0 0 0 0 0 0 0 0 0 0 0 0 0 0 0 0 0 0 101 45 0 0 135 255 255 255 31 0 0 0 0 0 0 0 0 0 0 0 0 0 0 0 0 0 0 0 0 0 0 0 26 0 0 0 66 255 255 255 147 0 0 0 0 0 0 0 0 2 0 0 0 0 3 11 0 11 10 0 0 7 204 255 0 0 2 44 69 0 0 255 231 27 0 0 2 16 2 0 5 0 0 39 17 0 0 0 0 2 0 3 0 0 80 187 255 255 151 0 0 5 0 0 0 0 0 0 0 0 0 8 6 0 0 0 4 3 0 0 0 11 0 10 13 0 0 0 0 34 53 2 0 15 0 155 255 255 25 0 2 3 7 18 14 3 0 0 0 10 13 4 3 0 13 31 25 12 0 0 0 0 11 28 31 18 0 0 0 0 5 0 0 0 0 41 109 13 0 0 133 255 255 153 0 0 0 10 0 0 0 0 11 21 9 0 2 0 0 18 45 35 2 2 14 4 0 7 12 -2147483648 
-2147483648 53 3 0 0 0 0 0 0 0 0 0 0 0 0 0 0 14 114 255 255 170 0 0 0 0 0 0 0 0 0 0 0 0 0 0 0 0 0 0 0 0 0 0 0 0 68 28 0 0 134 255 255 255 37 0 0 0 0 0 0 0 0 0 0 0 0 0 0 0 0 0 0 0 0 0 0 0 5 0 0 0 68 255 255 255 145 0 0 0 0 0 0 0 0 8 0 3 0 0 0 5 3 13 14 0 0 7 212 255 0 0 0 50 83 0 0 240 238 56 0 0 3 4 4 6 10 0 0 20 7 0 0 0 0 0 0 5 0 0 85 193 255 255 159 0 0 6 0 0 0 0 0 0 0 0 3 5 12 0 0 0 11 4 0 0 0 1 0 8 13 0 0 0 0 32 53 12 0 2 0 161 255 255 26 0 0 0 13 16 14 0 0 0 0 19 30 22 1 0 0 27 26 14 0 0 0 0 29 48 34 6 0 0 0 0 0 4 0 0 0 40 96 13 0 0 133 255 255 161 0 0 0 6 0 0 0 0 4 24 7 0 5 0 0 25 43 29 8 3 11 7 0 7 9 -2147483648 
-2147483648 51 1 0 0 0 0 0 0 0 0 0 0 0 0 0 0 18 107 255 255 173 0 0 0 0 0 0 0 0 0 0 0 0 0 0 0 0 0 0 0 0 0 0 0 0 22 7 0 3 124 255 255 255 39 0 0 0 0 0 0 0 0 0 0 0 0 0 0 0 0 0 0 0 0 0 0 0 9 0 0 0 66 255 255 255 146 0 0 0 0 0 0 0 0 15 0 3 0 0 0 0 8 10 13 13 11 5 226 255 0 0 2 57 79 0 0 240 239 56 0 0 5 0 13 19 1 10 0 0 7 0 0 0 0 0 0 6 0 0 78 186 255 255 175 0 0 7 0 0 0 0 0 0 0 0 1 6 9 1 0 0 8 4 0 2 0 0 3 8 11 0 0 0 4 31 56 14 0 0 0 165 255 255 25 0 0 0 9 13 18 0 0 0 0 12 43 43 8 0 0 10 32 17 0 0 0 1 41 63 40 1 0 0 0 0 0 2 0 0 7 30 84 18 0 0 127 255 255 174 0 0 0 0 1 0 2 0 0 20 8 0 3 0 0 33 46 20 10 7 8 9 2 5 9 -2147483648 
-2147483648 53 0 0 0 0 0 0 0 0 0 0 0 0 0 0 0 22 103 255 255 179 0 0 0 0 0 0 0 0 0 0 0 0 0 0 0 0 0 0 0 0 0 0 0 0 2 3 0 20 116 255 255 255 40 0 0 0 0 0 0 0 0 0 0 0 0 0 0 0 0 0 0 0 0 0 0 0 14 0 0 0 58 255 255 255 154 0 0 0 0 0 0 0 0 14 16 0 0 1 0 0 0 7 18 18 13 2 247 255 0 0 10 58 67 0 0 252 245 35 0 3 11 0 13 20 0 14 6 0 8 0 0 0 0 0 0 11 0 0 65 177 255 255 179 0 0 4 1 0 0 0 0 0 0 0 0 7 3 6 2 2 1 0 0 0 0 8 9 3 12 0 0 0 7 33 56 17 0 0 0 160 255 255 24 0 1 5 8 13 16 0 0 0 0 3 40 54 13 0 0 0 30 15 0 0 0 4 39 72 49 6 0 0 0 0 0 3 0 0 0 22 84 18 0 0 122 255 255 188 0 0 0 0 3 0 0 1 2 11 5 7 7 0 0 35 47 18 9 6 5 10 2 8 11 -2147483648 
-2147483648 57 1 0 0 0 0 0 0 0 0 0 0 0 0 0 0 22 101 255 255 182 0 0 0 0 0 0 0 0 0 0 0 0 0 0 1 0 0 0 0 0 0 0 0 0 0 2 0 20 131 255 255 255 44 0 0 0 0 0 0 0 0 0 0 0 0 0 0 0 0 0 0 0 0 0 0 0 12 0 0 0 54 255 255 255 159 0 0 0 0 0 0 0 0 12 25 0 1 0 2 6 0 10 13 12 6 0 255 255 0 0 15 61 58 0 0 254 255 36 0 0 11 0 8 17 9 13 9 6 3 0 0 0 0 0 0 22 0 0 57 177 255 255 180 0 0 1 3 0 0 0 0 0 0 0 2 3 0 11 10 5 2 0 0 0 0 13 11 4 11 0 0 0 5 28 54 27 0 0 0 156 255 255 19 0 0 0 8 18 20 0 0 0 0 2 30 44 16 0 0 3 22 14 0 0 0 9 38 66 48 15 0 0 0 0 0 6 1 0 0 13 84 12 0 0 120 255 255 193 0 0 0 10 0 0 0 8 3 6 2 18 19 0 0 33 49 23 4 0 6 16 4 9 5 -2147483648 
-2147483648 62 3 0 0 0 0 0 0 0 0 0 0 0 0 0 0 20 95 255 255 180 2 0 0 0 0 0 0 0 0 0 0 0 0 0 2 0 0 0 0 0 0 0 0 0 0 0 0 17 137 255 255 255 48 0 0 0 0 0 0 0 0 0 0 0 0 0 0 0 0 0 0 0 0 0 0 0 9 0 0 0 58 255 255 255 166 0 0 0 0 0 0 0 0 14 12 0 0 0 9 23 9 15 8 9 5 9 255 255 0 0 13 61 55 0 0 252 255 47 0 0 7 0 19 26 10 9 2 0 7 0 0 0 0 12 0 18 0 0 54 178 255 255 186 0 0 4 0 0 0 0 0 2 0 0 0 0 0 8 8 7 7 0 0 0 1 10 6 15 11 0 0 0 0 28 61 34 0 0 0 157 255 255 21 0 0 0 1 14 28 6 0 0 0 7 18 23 17 0 0 9 20 18 0 0 0 17 38 43 36 22 0 0 0 0 0 3 0 2 0 7 85 11 0 0 122 255 255 196 0 0 0 8 0 0 0 1 2 10 0 19 37 3 0 30 50 27 1 0 8 16 9 7 0 -2147483648 
-2147483648 64 5 0 0 0 0 0 0 0 0 0 0 0 0 0 0 23 87 255 255 183 4 0 0 0 0 0 0 0 0 0 0 0 0 0 1 0 0 0 0 0 0 0 0 0 0 0 0 14 124 255 255 255 51 0 0 0 0 0 0 0 0 0 0 0 0 0 0 0 0 0 0 0 0 0 0 0 6 0 0 0 56 255 255 255 182 0 0 0 0 0 0 0 0 10 1 0 0 0 4 15 8 22 18 13 10 30 255 255 0 0 10 51 59 0 0 247 255 43 0 0 8 0 24 29 0 13 2 0 21 0 0 0 0 23 0 14 0 0 44 173 255 255 198 0 0 0 4 0 0 0 0 0 0 0 0 7 7 0 1 9 8 0 0 0 3 19 10 13 7 0 0 0 0 31 64 47 0 0 0 164 255 255 38 0 0 0 0 7 32 18 0 0 0 0 2 15 12 0 0 20 17 20 0 0 0 6 24 25 30 26 0 0 0 0 4 0 0 7 0 7 93 12 0 0 119 255 255 210 0 0 0 5 8 0 0 0 3 13 0 10 44 12 0 25 45 30 4 3 5 9 15 4 0 -2147483648 
-2147483648 66 6 0 0 0 0 0 0 0 0 0 0 0 0 0 0 30 82 255 255 188 2 0 0 0 0 0 0 0 0 0 0 0 0 0 0 0 0 0 0 0 0 0 0 0 0 0 0 14 118 255 255 255 54 0 0 0 0 0 0 0 0 0 0 0 0 0 0 0 0 0 0 0 0 0 0 0 4 0 0 0 54 255 255 255 199 0 0 0 0 0 0 0 0 0 0 0 0 0 0 0 3 20 28 23 15 33 252 255 0 0 10 45 63 0 0 238 254 35 0 4 3 0 19 26 0 27 9 0 15 0 0 0 0 20 0 21 0 0 40 169 255 255 212 0 0 0 9 0 0 0 0 0 4 0 0 15 0 0 2 1 0 0 0 5 61 85 47 8 0 0 0 0 0 14 48 56 0 0 0 150 255 255 42 0 0 0 0 5 28 23 0 0 0 0 0 10 3 0 12 26 19 8 0 0 0 0 4 22 29 28 0 0 0 0 3 0 0 4 0 15 95 15 0 0 116 255 255 224 0 0 0 17 13 0 0 0 0 5 0 6 42 14 0 21 49 29 4 14 5 1 10 8 4 -2147483648 
-2147483648 70 5 0 0 0 0 0 0 0 0 0 0 0 0 0 0 35 87 255 255 185 0 0 0 0 0 0 0 0 0 0 0 0 0 0 0 0 0 0 0 0 0 0 0 0 0 1 0 15 121 255 255 255 60 0 0 0 0 0 0 0 0 0 0 0 0 0 0 0 0 0 0 0 0 0 0 0 5 0 0 0 52 255 255 255 202 0 0 0 0 0 0 0 0 0 0 4 3 0 0 0 1 6 21 26 20 25 229 255 0 0 0 48 68 0 0 231 250 31 0 0 0 0 15 28 14 37 19 0 0 0 0 0 0 7 0 28 0 0 45 166 255 255 216 0 0 0 1 0 0 0 0 0 8 0 0 5 0 0 0 0 0 0 0 97 238 198 88 16 1 0 0 0 0 0 15 35 0 0 0 88 243 194 24 0 0 0 0 0 9 9 0 0 0 0 0 0 0 0 9 14 18 0 0 0 0 0 0 22 19 18 0 0 0 0 7 0 0 0 0 28 95 15 0 0 109 255 255 196 0 0 0 22 0 0 2 0 0 0 0 3 36 16 0 21 53 24 0 17 10 0 5 18 8 -2147483648 
-2147483648 71 3 0 0 0 0 0 0 0 0 0 0 0 0 0 0 35 99 255 255 183 1 0 0 0 0 0 0 0 0 0 0 0 0 2 0 0 0 0 0 0 0 0 0 0 0 0 3 23 117 255 255 255 65 0 0 0 0 0 0 0 0 0 0 0 0 0 0 0 0 0 0 0 0 0 0 0 2 0 0 0 44 255 255 255 196 0 0 0 0 0 0 0 0 9 0 0 8 5 0 0 0 0 7 10 26 29 209 255 0 0 0 50 71 0 0 221 239 37 0 0 0 0 8 32 23 23 19 0 0 0 0 0 0 0 0 32 0 0 49 162 255 255 214 0 0 7 0 0 0 0 0 0 0 0 0 0 0 0 0 0 0 0 7 255 255 238 84 31 23 0 0 0 0 0 0 4 0 0 0 20 89 78 5 0 0 0 0 0 0 0 0 0 0 0 0 0 0 0 0 0 0 0 0 0 0 0 0 8 0 2 0 0 0 0 6 2 0 0 0 28 102 17 0 0 86 199 235 111 0 0 0 10 0 0 7 5 0 1 2 0 18 12 0 19 39 23 0 16 14 0 12 18 5 -2147483648 
-2147483648 67 2 0 0 0 0 0 0 0 0 0 0 0 0 0 0 35 107 255 255 183 2 0 0 0 0 0 0 0 0 0 0 0 0 2 2 1 0 0 0 0 0 0 0 0 0 0 10 38 114 255 255 255 65 0 0 0 0 0 0 0 0 0 0 0 0 0 0 0 0 0 0 0 0 0 0 0 4 0 0 0 36 255 255 255 198 0 0 0 0 2 0 0 9 12 0 0 5 11 0 0 0 0 6 0 22 37 205 255 0 0 0 55 66 0 0 211 239 52 0 0 0 0 2 33 18 0 11 0 0 0 0 0 0 0 0 22 0 0 63 157 255 255 182 0 0 4 0 0 0 0 0 0 0 0 0 0 0 0 0 0 14 11 58 255 255 202 69 61 54 23 6 11 6 0 0 0 0 0 0 0 17 16 0 1 0 0 4 0 0 0 0 0 0 0 0 0 0 0 0 0 0 0 0 0 0 0 0 0 0 4 0 0 0 0 0 2 0 0 1 18 97 28 0 0 57 88 80 56 0 0 0 1 0 2 9 4 9 11 5 0 6 11 10 12 20 15 4 15 15 6 10 11 8 -2147483648 
-2147483648 63 4 0 0 0 0 0 0 0 0 0 0 0 0 0 13 41 103 255 255 185 2 0 0 0 0 0 0 0 0 0 0 0 0 0 0 0 0 0 0 0 0 0 0 0 0 0 6 36 114 255 255 255 62 0 0 0 0 0 0 0 0 0 0 0 0 0 0 0 0 0 0 0 0 0 0 0 26 12 3 0 24 255 255 255 182 0 0 0 0 3 0 0 6 11 0 0 0 1 0 0 0 0 6 0 16 34 202 255 0 0 0 55 65 0 0 205 250 64 0 0 2 2 0 31 16 0 7 0 0 0 0 0 0 0 0 8 0 0 73 133 206 214 92 0 0 0 0 0 0 45 34 0 0 0 0 0 0 24 13 12 37 16 54 255 255 179 82 101 73 31 12 5 4 6 0 0 0 0 0 0 5 4 0 4 3 0 3 0 0 0 0 0 0 0 0 0 0 0 0 0 17 7 10 1 2 3 8 9 10 22 12 0 0 0 0 0 0 0 5 10 82 37 0 0 51 124 163 99 3 0 0 3 0 5 14 0 7 9 0 0 11 11 5 10 6 1 9 7 8 11 8 7 10 -2147483648 
-2147483648 66 5 0 0 0 0 0 0 0 0 0 0 0 0 0 16 49 101 255 255 185 5 0 0 0 0 0 0 0 0 0 0 2 2 0 0 0 0 0 0 0 0 0 0 0 0 0 2 24 105 255 255 255 59 0 1 0 0 2 0 0 0 0 0 0 0 0 0 0 0 0 0 0 0 0 0 0 43 33 0 0 11 255 255 255 109 0 0 0 0 0 0 0 0 8 0 0 0 0 0 0 0 0 0 6 16 21 158 255 0 0 0 37 70 0 0 195 255 66 0 0 21 7 0 20 11 0 9 0 0 0 0 0 0 2 0 1 0 0 64 100 100 75 14 0 0 0 0 20 62 100 78 19 10 13 23 15 11 14 7 14 20 8 46 255 255 179 93 125 73 24 13 0 1 6 0 0 0 0 0 0 1 1 0 2 2 0 0 2 0 0 0 0 0 0 0 1 0 0 0 15 26 11 14 17 10 15 28 14 12 26 0 0 0 0 8 0 0 0 0 4 82 40 0 0 69 242 255 183 0 0 0 6 9 9 10 0 0 0 0 10 16 3 7 16 7 3 7 0 1 11 13 6 8 -2147483648 
-2147483648 75 7 0 0 0 0 0 0 0 0 0 0 0 0 0 0 44 110 255 255 171 9 0 0 0 0 0 0 0 0 0 0 0 0 0 0 0 0 0 0 0 0 0 0 0 0 0 2 17 80 255 255 255 45 0 2 0 0 4 0 0 0 0 0 0 0 0 0 0 0 0 0 0 0 0 0 27 66 26 0 0 0 170 234 148 25 0 0 0 0 0 0 0 0 8 0 3 2 0 2 0 4 6 0 8 12 6 97 200 0 0 0 24 72 5 0 189 255 72 0 15 23 0 0 6 10 0 10 5 0 0 0 0 0 0 0 3 0 0 56 114 156 90 0 0 0 0 9 54 69 78 63 28 24 16 6 0 3 0 11 26 11 5 48 255 255 190 89 128 74 15 10 0 0 2 0 0 0 0 0 0 0 0 0 0 0 0 0 0 0 0 0 0 0 0 0 0 0 0 0 0 17 3 5 9 10 18 25 13 0 7 0 0 0 0 14 0 0 0 0 6 91 37 0 0 86 255 255 249 0 0 0 6 7 10 1 0 0 0 0 17 13 0 18 29 21 12 1 3 4 6 9 7 9 -2147483648 
-2147483648 61 1 0 0 0 0 0 0 0 0 0 0 0 0 0 0 32 88 217 255 122 4 0 0 0 0 0 0 0 0 0 0 0 0 0 0 0 0 0 0 0 0 0 0 0 0 0 0 11 53 126 175 116 18 0 1 0 0 4 0 0 0 0 0 0 0 0 0 0 0 0 0 0 0 0 0 116 131 0 0 0 0 135 158 79 12 0 0 0 0 0 0 0 0 7 0 3 6 0 4 0 5 7 0 4 4 0 104 255 9 0 0 69 87 0 0 201 255 88 0 4 2 0 0 10 9 5 13 11 0 0 0 0 0 0 0 15 0 0 61 155 232 117 0 0 1 11 15 35 20 17 27 13 9 8 0 1 2 0 10 19 12 10 53 255 255 205 86 121 82 14 3 0 0 0 0 0 0 0 0 0 0 0 0 0 0 0 0 0 0 0 0 0 0 0 0 0 0 0 0 0 5 3 5 2 15 23 10 4 0 0 0 0 0 0 9 0 0 0 0 4 87 37 0 0 89 255 255 255 0 0 8 10 0 5 0 0 0 0 0 22 13 0 22 46 26 9 0 6 11 0 1 9 7 -2147483648 
-2147483648 21 0 0 0 0 0 0 0 0 0 0 0 1 0 0 0 33 58 93 101 47 0 0 0 0 0 0 0 0 0 0 0 0 0 0 0 0 1 0 0 0 0 0 0 0 0 0 0 18 76 131 118 63 11 0 5 0 0 10 0 0 4 1 7 9 1 0 8 1 0 7 7 2 0 0 0 171 181 0 0 0 19 225 255 223 52 0 0 0 0 0 0 0 0 0 5 10 13 6 0 0 0 0 0 0 0 0 169 255 0 0 0 190 139 0 0 215 255 86 0 0 0 0 18 19 0 5 25 13 0 0 0 0 0 0 0 26 1 0 90 162 183 81 0 0 21 15 2 5 0 0 15 17 6 1 0 10 10 1 7 11 10 22 51 255 255 218 84 109 87 22 1 0 0 0 0 1 0 0 2 2 2 0 0 0 0 0 0 0 0 0 0 0 0 0 0 0 0 0 3 3 0 8 10 2 20 25 3 0 1 0 0 0 0 0 6 0 0 0 0 0 78 41 0 0 79 255 255 255 0 0 22 14 0 4 0 0 4 0 0 34 11 0 19 52 24 3 3 2 12 4 0 9 3 -2147483648 
-2147483648 19 0 0 0 0 0 0 0 0 0 0 0 24 0 0 0 44 93 135 105 30 1 2 4 4 0 0 0 2 2 0 0 12 9 9 15 13 13 0 0 0 0 0 0 0 0 0 3 32 131 255 255 153 25 0 10 3 0 14 0 0 9 6 17 16 3 0 13 7 0 11 15 8 0 0 0 137 164 0 0 0 28 255 255 255 86 0 0 0 0 0 0 0 0 0 11 17 19 0 0 0 0 0 3 0 0 0 215 255 0 0 12 255 204 0 0 214 255 73 0 0 0 5 31 15 0 0 20 6 0 0 0 0 0 0 4 39 65 70 116 120 94 41 14 16 9 3 0 0 0 0 11 15 4 0 0 14 17 4 8 8 10 21 38 251 255 230 81 96 86 30 6 1 0 0 0 1 0 4 6 1 7 8 3 0 0 0 0 0 0 0 0 0 0 0 0 0 4 3 7 13 1 7 8 3 18 23 0 0 0 0 0 0 0 0 3 0 0 0 0 0 77 45 0 0 68 255 255 255 0 0 20 11 0 6 0 0 0 0 0 43 0 0 21 49 29 0 3 1 7 10 4 6 0 -2147483648 
-2147483648 55 7 1 3 0 0 0 0 1 0 0 0 0 0 0 0 48 132 255 255 83 5 9 5 4 11 3 0 5 4 0 1 10 7 7 13 8 2 0 0 0 0 2 0 0 0 0 1 29 141 255 255 248 29 0 5 3 0 6 0 0 3 1 7 6 0 0 4 2 0 4 6 4 0 0 0 84 135 0 0 0 10 255 255 255 106 0 0 0 0 0 0 1 17 5 6 11 10 0 0 0 0 0 0 0 0 1 236 255 0 0 57 255 222 0 0 209 255 78 0 0 0 13 21 7 2 2 0 0 0 0 0 0 0 0 1 58 180 150 90 44 27 26 12 6 4 0 0 0 0 10 11 5 6 0 0 10 15 11 7 9 9 6 24 245 255 241 76 83 80 33 11 1 0 0 0 0 0 11 6 0 10 20 13 3 1 0 0 0 0 0 0 0 9 0 0 0 2 6 5 6 3 7 3 3 17 17 0 0 0 0 0 0 0 0 0 9 0 0 0 3 79 46 0 0 61 255 255 255 3 0 18 10 4 5 6 6 0 0 8 41 0 0 26 51 34 0 0 4 5 8 7 1 0 -2147483648 
-2147483648 69 6 0 2 0 0 1 0 1 0 0 0 0 0 0 0 37 123 255 255 132 4 4 1 0 5 2 0 1 0 0 0 2 1 0 2 3 0 0 0 0 0 0 0 0 0 0 0 20 121 255 255 255 22 0 0 0 0 0 0 0 0 0 0 0 0 0 0 0 0 0 0 0 0 0 0 62 141 0 0 0 0 255 255 255 114 0 0 0 0 0 0 0 16 12 14 6 0 0 1 0 0 0 4 0 0 10 255 255 0 0 112 255 186 0 0 203 255 84 0 0 4 10 13 5 0 11 0 0 0 0 0 0 0 0 0 80 255 187 50 0 0 28 15 7 4 0 0 0 0 22 12 2 10 0 0 2 10 15 5 9 6 1 14 238 255 250 73 70 70 34 8 0 0 0 0 0 0 9 7 8 7 24 22 8 5 0 1 0 0 0 0 9 22 0 0 0 0 3 0 0 2 3 3 3 12 5 0 0 0 0 0 0 0 0 0 0 0 0 0 5 76 38 0 0 62 255 255 255 0 0 20 12 4 8 9 3 0 0 14 35 8 0 32 52 30 9 0 1 7 3 6 0 2 -2147483648 
-2147483648 65 0 0 0 0 0 0 0 0 0 0 0 0 0 0 0 23 109 255 255 156 6 0 0 0 0 0 0 0 0 0 0 0 0 0 0 0 0 0 0 0 0 0 0 0 0 0 0 18 115 255 255 255 18 0 0 0 0 0 0 0 0 0 0 0 0 0 0 0 0 0 0 0 0 0 0 48 171 0 0 0 0 255 255 255 116 0 0 0 0 0 0 0 6 11 24 16 0 0 0 0 0 0 15 20 14 15 255 255 0 0 134 255 127 0 0 191 255 78 0 0 12 14 18 7 2 21 0 0 0 0 0 0 0 0 0 105 255 193 36 0 5 18 13 20 2 0 0 0 7 27 12 0 8 1 0 0 6 15 6 6 9 6 7 229 255 255 74 59 59 33 5 0 0 0 2 0 0 2 15 12 1 25 24 11 9 0 2 0 0 0 0 16 29 0 0 0 0 0 0 0 0 0 0 7 2 0 0 0 0 0 0 0 0 0 0 0 0 0 0 3 70 36 0 0 64 255 255 255 0 0 9 7 2 13 5 6 1 1 23 29 11 0 36 49 25 12 0 7 5 0 10 7 0 -2147483648 
-2147483648 64 0 0 0 0 0 0 0 0 0 0 0 0 0 0 0 14 101 255 255 164 8 0 0 0 0 0 0 0 0 0 0 0 0 0 1 0 0 0 0 0 0 0 0 0 0 0 0 21 111 255 255 255 20 0 0 0 0 0 0 0 0 0 0 0 0 0 0 0 0 0 0 0 0 0 0 19 178 12 0 0 0 250 255 255 116 0 0 0 0 0 0 0 5 0 22 23 0 0 0 0 0 0 18 22 23 23 255 255 0 0 104 231 85 0 0 180 255 76 0 0 11 20 17 4 18 33 0 0 0 0 0 0 0 0 0 120 255 186 29 10 15 8 15 29 0 0 0 0 6 27 11 0 1 6 3 0 1 14 12 9 7 1 7 224 255 255 71 49 52 35 8 0 0 0 8 2 0 2 19 10 0 24 24 12 9 0 1 0 0 0 0 14 30 0 0 0 0 0 0 0 2 0 0 12 0 1 0 0 8 8 0 0 0 0 0 0 0 0 0 1 72 43 0 0 57 255 255 255 0 0 0 5 8 5 0 14 9 6 29 23 6 5 38 49 25 0 2 20 3 0 11 15 1 -2147483648 
-2147483648 58 0 0 0 0 0 0 0 0 0 0 0 0 0 0 0 12 93 255 255 164 7 0 0 0 0 0 0 0 0 0 0 0 0 0 1 0 0 0 0 0 0 0 0 0 0 0 4 28 104 255 255 255 20 0 0 0 0 0 0 0 0 0 0 0 0 0 0 0 0 0 0 0 0 0 0 0 123 43 0 0 0 239 255 255 125 0 0 0 0 0 0 3 2 0 14 11 0 0 0 0 0 2 8 4 19 30 255 255 0 0 37 150 81 0 0 181 255 81 0 0 7 26 8 0 20 26 0 0 0 0 0 0 0 0 2 130 255 177 18 13 19 7 18 21 0 0 0 0 2 28 5 0 4 2 9 2 3 13 20 17 3 0 20 223 255 255 71 37 48 41 11 0 0 1 14 5 0 1 12 10 6 25 20 8 7 0 0 0 0 0 0 6 29 0 0 0 0 0 0 1 4 0 0 7 0 7 14 0 11 12 0 0 0 0 0 0 0 0 0 7 74 47 0 0 52 240 255 255 0 0 0 7 11 0 0 7 10 13 28 19 0 3 44 54 26 0 3 18 5 0 3 14 10 -2147483648 
-2147483648 49 0 0 0 0 0 0 0 0 0 0 0 0 0 0 0 10 89 255 255 162 6 0 0 0 0 0 0 0 0 0 0 0 0 0 0 0 2 0 0 0 0 0 0 0 0 0 5 27 102 255 255 255 21 0 0 0 0 0 0 0 0 0 0 0 0 0 0 0 0 0 0 0 0 0 0 0 61 56 0 0 0 231 255 255 162 0 0 0 0 0 0 1 0 0 0 0 0 1 0 0 11 3 0 0 11 20 167 81 0 0 0 129 58 0 0 192 255 90 0 0 1 12 0 0 7 8 9 8 0 0 0 0 0 0 5 150 255 170 13 11 13 7 17 8 4 0 0 0 2 30 3 0 15 6 12 10 14 17 20 18 13 0 19 206 255 255 71 30 45 40 13 0 0 3 11 8 0 0 6 8 13 24 13 4 5 1 0 0 0 0 0 1 28 0 0 0 0 0 0 0 0 0 0 0 0 13 21 15 15 16 0 0 0 0 0 0 0 0 0 2 70 55 0 0 53 229 255 255 0 0 0 2 3 2 0 0 5 16 16 11 0 0 46 57 25 1 4 9 5 4 0 3 12 -2147483648 
-2147483648 50 0 0 0 0 0 0 0 0 0 0 0 0 0 0 0 4 86 255 255 158 6 0 0 0 0 0 0 0 0 0 0 0 0 0 0 0 4 0 0 0 0 0 0 0 0 0 12 25 100 255 255 255 28 0 0 0 0 0 0 0 0 0 0 0 0 0 0 0 0 0 0 0 0 0 0 0 27 35 0 0 0 229 255 255 199 0 0 0 1 0 0 0 1 0 0 0 0 3 0 0 5 3 0 0 3 5 42 0 0 0 0 84 0 0 0 201 255 100 0 0 0 0 0 0 10 7 14 11 0 0 0 0 0 0 0 161 255 165 9 10 14 14 13 7 21 0 0 0 8 32 12 0 17 12 17 9 16 23 8 9 19 0 0 171 255 255 70 33 41 33 19 2 0 8 6 1 1 3 9 9 9 14 12 6 3 2 0 0 0 0 0 3 26 0 0 0 0 0 0 0 0 0 0 0 1 10 22 22 21 20 0 0 0 0 0 0 0 0 0 0 70 61 0 0 54 226 255 255 0 0 0 0 1 2 0 0 5 7 2 0 0 0 40 51 26 7 1 6 3 10 4 0 11 -2147483648 
-2147483648 54 0 0 0 0 0 0 0 0 0 0 0 0 0 0 0 10 87 255 255 158 5 0 0 0 0 0 0 0 0 0 0 0 0 0 0 0 2 0 0 0 0 0 0 0 0 0 18 33 98 255 255 255 31 0 0 0 0 0 0 0 0 0 0 0 0 0 0 0 0 0 0 0 0 0 0 0 0 3 4 0 0 223 255 255 211 10 14 15 3 0 0 1 1 0 0 0 2 2 0 0 0 1 0 0 0 0 0 0 0 0 0 21 0 0 0 200 255 98 0 0 0 0 7 19 25 14 0 0 0 0 0 0 0 0 0 166 255 163 11 17 26 28 12 13 25 0 0 0 6 22 9 0 12 6 11 8 9 20 0 0 8 0 0 135 255 255 83 32 34 36 31 8 0 10 7 0 1 5 11 12 4 8 12 6 1 1 0 0 0 0 0 8 29 0 0 0 0 0 0 0 0 4 0 0 5 5 21 16 25 24 0 0 0 0 9 0 0 0 0 0 74 56 0 0 50 222 255 255 0 0 0 0 0 4 0 3 4 0 1 0 0 2 35 43 23 11 3 6 2 8 5 0 11 -2147483648 
-2147483648 53 0 0 0 0 0 0 0 0 0 0 0 0 0 0 0 19 88 255 255 160 5 0 0 0 0 0 0 0 0 0 0 0 0 0 0 0 0 0 0 0 0 0 0 0 0 0 10 35 97 255 255 255 28 0 0 0 0 0 0 0 0 0 0 0 0 0 0 0 0 0 0 0 0 0 0 0 0 0 7 0 0 213 255 255 214 10 11 12 2 0 0 0 0 0 0 0 0 0 0 0 0 0 0 0 0 0 0 0 0 0 0 0 0 0 0 194 255 86 0 0 0 0 22 55 42 19 0 0 0 0 0 0 0 0 9 176 255 174 24 28 27 32 16 16 15 0 0 0 0 0 0 0 11 6 7 13 7 11 0 0 0 0 0 114 255 255 100 28 33 48 39 12 0 5 5 0 3 11 10 10 5 6 5 2 0 0 0 0 0 0 0 8 30 0 0 0 0 0 0 0 1 9 0 2 10 5 16 11 25 23 0 0 0 0 6 0 0 0 0 0 74 51 0 0 48 216 255 255 0 0 0 0 0 7 2 0 0 2 0 0 0 0 36 38 12 10 11 8 4 4 2 8 12 -2147483648 
-2147483648 53 0 0 0 0 0 0 0 0 0 0 0 0 0 0 0 19 79 255 255 163 7 0 0 0 0 0 0 0 0 0 0 0 0 0 0 0 0 0 0 0 0 0 0 0 0 0 0 31 90 255 255 255 25 0 0 0 0 0 0 0 0 0 0 0 0 0 0 0 0 0 0 0 0 0 0 0 0 0 0 0 8 207 255 255 218 10 8 9 2 0 0 0 0 0 0 0 0 0 0 0 0 0 0 0 0 0 0 0 0 0 0 1 0 0 21 169 230 70 0 0 0 0 8 64 39 12 0 0 0 0 0 0 0 0 11 157 255 151 22 27 14 17 9 13 4 0 0 0 0 0 0 0 8 13 7 12 7 0 0 0 0 0 9 106 255 255 114 31 39 59 41 7 0 3 0 0 8 16 7 7 4 2 0 0 0 0 0 0 0 0 0 0 27 0 0 0 0 2 0 0 2 2 0 10 7 9 14 14 23 12 0 0 0 0 0 0 0 0 0 7 66 48 0 0 50 210 255 255 0 0 0 0 0 4 3 0 0 9 0 0 0 0 37 41 9 5 10 11 8 0 0 13 13 -2147483648 
-2147483648 52 0 0 0 0 0 0 0 0 0 0 0 0 0 0 0 16 73 255 255 170 9 0 0 0 0 0 0 0 0 0 0 0 0 0 0 0 0 0 0 0 0 0 0 0 0 0 0 26 82 255 255 255 23 0 0 0 0 0 0 0 0 0 0 0 0 0 0 0 0 0 0 0 0 0 0 0 0 0 0 0 14 202 255 255 223 12 9 7 1 0 0 0 0 0 0 0 0 0 0 0 0 0 0 0 0 19 0 0 0 0 0 16 0 3 26 99 118 39 0 0 0 0 0 26 10 0 0 0 0 0 0 0 0 0 33 83 111 19 4 18 3 0 0 11 4 0 0 0 0 0 0 0 1 16 3 7 4 0 0 13 0 0 9 92 255 255 133 33 41 65 42 4 1 2 0 0 10 12 3 4 1 0 0 0 0 0 0 0 0 0 0 0 29 0 0 0 0 3 0 0 5 3 0 6 7 11 15 15 22 7 0 0 0 0 1 0 0 0 0 3 56 52 0 0 43 213 255 255 0 0 0 0 0 3 3 0 0 4 0 0 0 0 36 43 13 6 7 8 10 0 0 10 9 -2147483648 
-2147483648 47 0 0 0 0 0 0 0 0 0 0 0 0 0 0 0 15 75 255 255 175 10 0 0 0 0 0 0 0 0 0 0 0 0 0 0 0 0 0 0 0 0 0 0 0 0 0 0 21 83 255 255 255 22 0 0 0 0 0 0 0 0 0 0 0 0 0 0 0 0 0 0 0 0 0 0 0 1 0 0 0 16 197 255 255 226 17 8 5 0 0 0 0 0 0 0 0 0 0 0 0 0 0 0 0 0 94 55 0 0 0 8 12 10 13 10 28 29 8 0 4 0 0 0 1 0 0 0 0 0 0 0 0 0 0 92 27 0 0 0 10 0 0 0 12 4 0 0 0 0 0 0 0 0 14 10 5 0 0 0 15 0 0 9 76 255 255 155 34 39 63 42 9 3 0 0 1 3 5 2 2 0 0 0 0 0 0 0 0 0 0 0 0 31 0 0 0 0 1 0 0 5 2 0 2 10 12 16 15 20 13 0 0 0 0 0 0 0 0 0 0 54 60 0 0 35 218 255 255 1 0 0 5 0 0 4 0 0 0 2 13 0 0 38 37 13 11 9 8 10 0 0 7 7 -2147483648 
-2147483648 45 0 0 0 0 0 0 0 0 0 0 0 0 0 0 0 18 79 255 255 173 9 0 0 0 0 0 0 0 0 0 0 0 0 0 0 0 0 0 0 0 0 0 0 0 0 0 0 14 85 255 255 255 25 0 0 0 0 0 0 0 0 0 0 0 0 0 0 0 0 0 0 0 0 0 0 0 0 0 0 0 23 197 255 255 223 19 6 4 0 0 0 0 0 0 5 1 0 0 0 0 0 0 0 0 65 150 85 19 0 0 1 0 0 0 0 0 0 0 0 11 4 1 9 5 1 6 4 0 0 0 0 0 0 0 116 64 0 0 0 5 0 0 0 8 3 0 0 0 0 0 0 0 0 12 18 1 0 0 5 0 0 0 8 61 255 255 175 37 35 61 45 13 0 1 4 0 0 2 1 1 0 0 0 0 0 0 0 0 0 0 0 0 35 0 0 0 0 0 0 0 0 0 0 3 6 13 21 18 15 13 0 0 0 0 0 0 0 0 0 1 58 60 0 0 33 215 255 255 0 0 0 5 0 0 1 1 0 0 0 20 0 0 38 36 12 11 8 17 10 0 1 12 8 -2147483648 
-2147483648 45 0 0 0 0 0 0 0 0 0 0 0 0 0 0 0 21 84 255 255 167 7 0 0 9 15 5 0 0 0 0 0 0 0 0 0 0 0 0 0 0 0 0 0 0 0 0 0 4 81 255 255 255 33 0 0 0 0 0 0 0 0 0 0 0 0 0 0 0 0 0 0 0 0 0 0 0 0 0 0 0 25 196 255 255 221 16 6 6 2 0 0 0 0 0 15 2 0 0 0 0 0 0 0 0 123 138 70 27 0 0 0 0 0 0 0 0 0 0 13 21 17 17 19 19 11 19 20 13 0 0 0 0 0 0 75 122 0 0 0 6 3 0 0 1 7 0 0 0 0 0 0 0 0 12 17 0 0 2 1 0 0 3 2 44 255 255 189 34 20 52 44 16 5 8 6 0 0 4 1 0 0 2 2 2 0 0 0 0 0 0 0 26 56 0 0 0 0 0 0 0 0 0 0 6 3 12 26 16 13 12 0 0 0 0 0 0 0 0 0 3 62 61 0 0 32 214 255 255 1 0 0 0 0 0 0 7 0 0 0 11 0 0 27 31 15 11 2 20 10 0 12 11 5 -2147483648 
-2147483648 39 0 0 0 0 0 0 0 0 0 0 0 0 0 0 0 19 85 255 255 164 0 0 0 107 218 67 0 0 0 0 0 0 0 0 0 0 0 0 0 0 0 0 0 0 0 0 3 2 78 255 255 255 44 0 0 0 9 11 1 0 2 4 0 0 0 0 0 0 0 0 0 0 0 0 0 0 0 0 0 0 24 192 255 255 222 14 6 8 4 0 0 0 0 0 15 1 0 0 0 0 0 0 0 0 144 102 50 29 0 0 0 0 0 0 0 0 0 3 74 61 36 19 19 30 21 18 11 15 19 0 0 0 0 0 4 133 0 0 0 6 0 0 0 0 9 0 0 0 0 0 0 4 0 12 16 1 0 3 0 0 2 0 0 27 255 255 203 27 0 5 29 22 14 18 14 1 2 8 6 0 0 2 4 5 0 0 0 0 0 0 0 73 98 0 0 0 0 0 0 0 0 0 0 5 7 13 19 14 12 8 0 0 0 0 1 0 0 0 0 0 62 65 0 0 32 214 255 255 7 0 0 2 4 0 0 11 16 9 0 0 0 0 5 23 19 4 1 19 12 0 15 3 0 -2147483648 
-2147483648 32 0 0 0 0 0 0 0 0 0 0 0 0 0 0 0 16 84 255 255 165 0 0 0 255 255 150 0 0 0 0 0 0 0 0 0 0 0 0 0 0 0 0 0 0 0 0 6 2 74 255 255 255 28 0 0 12 77 75 0 0 25 62 40 5 0 0 0 0 0 0 0 0 0 0 0 0 0 0 0 0 26 195 255 255 224 14 8 6 2 0 0 0 0 0 5 0 0 0 0 0 0 0 0 0 147 77 27 2 0 0 0 0 0 0 0 0 0 43 215 145 55 18 18 21 15 0 0 0 99 54 0 0 0 0 0 120 0 0 0 1 3 7 3 1 0 0 0 0 0 0 0 10 5 13 11 2 0 5 1 0 5 0 0 10 237 255 226 26 0 0 0 13 12 20 22 15 10 10 11 0 0 0 0 6 0 0 0 0 0 0 18 110 140 0 0 0 0 0 0 0 0 0 0 1 9 10 12 14 4 3 0 0 0 0 0 0 0 0 0 0 62 70 0 0 29 210 255 255 12 0 0 4 2 0 0 13 26 21 0 0 1 0 0 17 17 0 6 21 19 0 2 0 0 -2147483648 
-2147483648 32 0 0 0 0 0 0 0 0 0 0 0 0 0 0 3 20 84 255 255 165 0 0 0 255 255 119 0 0 0 0 0 0 0 0 0 0 0 0 0 0 0 0 0 0 0 0 6 2 70 255 255 255 0 0 0 87 189 172 0 0 50 175 130 15 0 0 0 0 0 0 0 0 0 0 0 0 0 0 0 0 16 200 255 255 232 14 10 3 0 0 0 0 0 0 0 0 0 0 0 0 0 0 0 3 149 58 6 0 0 0 0 0 0 0 0 0 0 71 255 235 74 23 16 5 0 0 0 0 217 196 0 0 0 0 0 97 7 0 0 0 17 9 2 3 0 0 0 0 0 0 0 13 10 11 4 2 0 6 10 0 4 0 0 4 211 255 252 38 0 0 0 0 6 16 21 20 17 10 7 0 1 1 0 7 6 2 0 0 0 0 16 94 118 0 0 0 0 0 0 0 2 0 0 5 4 6 11 3 0 9 0 0 0 0 0 0 0 0 0 0 67 75 0 0 29 206 255 255 19 0 0 0 0 0 0 13 21 17 6 0 2 0 0 10 8 0 7 22 25 0 0 0 6 -2147483648 
-2147483648 33 0 0 0 0 0 0 0 0 0 0 0 0 0 0 2 22 87 255 255 161 0 0 0 102 158 31 0 0 0 0 0 0 0 0 0 0 0 0 0 0 0 0 0 0 0 0 3 12 71 255 255 255 0 0 0 178 249 226 0 0 15 210 165 15 0 0 0 0 0 0 0 0 0 0 0 0 0 0 0 0 3 184 255 255 245 17 7 1 0 0 0 0 0 0 0 0 0 0 0 0 0 0 0 42 149 41 0 0 0 0 0 0 0 0 0 0 0 33 255 255 83 22 10 2 0 0 0 0 255 255 0 0 8 0 0 64 49 0 0 0 18 3 2 6 0 0 0 0 0 0 0 8 12 7 0 0 0 4 11 0 0 0 0 15 181 255 255 57 0 0 0 0 11 15 11 10 18 6 0 2 11 3 3 7 3 8 2 0 0 0 6 34 31 0 0 0 0 0 0 0 0 0 0 8 2 1 5 0 3 10 0 0 0 0 0 0 0 0 0 0 68 77 0 0 33 198 255 255 24 0 0 0 0 2 0 14 10 6 8 1 2 0 0 15 2 1 4 20 25 1 0 0 12 -2147483648 
-2147483648 34 0 0 0 0 0 0 0 0 0 0 0 0 0 0 0 22 90 255 255 157 10 0 0 4 3 0 0 0 0 0 0 0 0 0 0 0 0 0 0 0 0 0 0 0 0 0 0 21 73 255 255 255 0 0 0 183 222 192 15 0 0 123 100 5 0 0 0 0 0 0 0 0 0 0 0 0 0 0 0 0 0 164 255 255 254 21 5 1 0 0 0 0 0 0 0 0 0 0 0 0 0 0 0 75 133 27 0 0 0 0 0 0 0 0 0 0 0 0 255 252 68 16 8 0 0 0 0 0 255 235 0 0 18 0 0 25 76 0 0 0 20 16 22 10 0 0 0 0 1 9 0 0 15 8 0 0 0 3 9 7 0 0 0 29 134 255 247 73 18 0 0 8 19 16 1 3 15 1 0 0 18 0 0 3 0 2 0 0 0 0 0 0 0 0 0 0 1 0 0 0 0 0 0 3 5 1 0 4 17 6 0 0 0 0 0 0 0 0 0 0 57 79 0 0 30 190 255 255 25 0 0 1 0 0 0 10 5 0 3 5 3 0 0 24 5 0 1 16 22 4 0 0 12 -2147483648 
-2147483648 39 0 0 0 0 0 0 0 0 0 0 0 0 0 0 0 25 93 255 255 156 10 0 0 0 0 0 0 0 0 0 0 0 0 0 0 0 0 0 0 0 0 0 0 0 0 0 0 19 77 255 255 255 0 0 0 108 122 85 18 0 0 30 25 0 0 0 0 0 0 0 0 0 0 0 0 0 0 0 0 0 0 160 255 255 255 23 5 2 0 0 0 0 0 0 0 0 0 0 0 0 0 0 0 104 108 18 2 0 0 0 0 0 0 0 0 0 0 0 167 144 37 13 8 0 0 0 0 0 246 133 0 0 32 0 0 0 73 0 0 0 43 96 110 38 0 3 0 0 0 5 0 0 12 8 0 0 0 1 5 10 5 0 0 20 66 159 151 71 38 18 4 7 20 14 0 4 3 0 0 0 15 14 2 0 4 0 0 0 0 0 0 0 0 0 0 0 0 4 0 0 0 0 5 0 7 13 4 0 21 13 0 0 0 0 2 0 0 0 0 0 42 77 0 0 24 186 255 255 29 0 0 7 0 0 0 6 3 1 7 7 2 0 0 27 6 0 2 13 18 14 4 0 8 -2147483648 
-2147483648 43 0 0 0 0 0 0 0 0 0 0 0 0 0 0 0 22 98 255 255 152 7 0 0 0 0 0 0 0 0 0 0 0 0 0 0 0 0 0 0 0 0 0 0 0 0 5 0 18 72 255 255 255 45 0 0 30 28 11 1 0 0 0 0 0 0 0 0 0 0 0 0 0 0 0 0 0 0 0 0 0 3 156 255 255 255 27 2 1 0 0 0 0 0 0 0 0 0 0 0 0 0 0 0 118 93 17 0 0 0 0 0 0 0 0 0 0 0 0 48 43 12 9 9 0 0 0 0 20 120 44 0 0 44 0 0 0 41 0 0 0 62 224 233 67 0 10 0 0 0 5 8 5 12 4 0 0 1 0 0 9 0 0 0 0 14 45 50 43 39 21 3 8 22 11 2 4 0 0 0 0 36 98 58 0 4 0 0 0 0 0 0 0 0 0 0 0 0 0 0 0 8 10 4 3 8 15 11 0 14 21 0 0 0 0 0 0 0 0 0 0 43 70 0 0 19 181 255 255 31 0 0 3 3 0 0 5 8 2 7 10 0 0 0 28 9 0 0 13 18 23 9 0 0 -2147483648 
-2147483648 48 0 0 0 0 0 0 0 0 0 0 0 0 0 0 0 17 95 255 255 150 5 0 0 0 0 0 0 0 0 0 0 0 0 0 0 0 0 0 0 0 0 0 0 0 0 7 14 23 56 255 255 255 63 0 0 0 0 0 0 0 0 0 0 0 0 0 0 0 0 0 0 0 0 0 0 0 0 0 0 0 8 146 255 255 255 28 0 0 0 0 0 0 0 0 0 0 0 0 0 0 0 0 7 118 89 14 0 0 0 0 1 0 0 0 0 0 0 0 0 6 4 7 13 1 0 0 0 29 58 0 0 0 48 0 0 0 13 0 0 0 61 255 255 63 0 3 0 0 0 26 50 35 17 6 0 0 5 0 0 0 0 0 0 0 7 14 13 18 29 19 7 12 15 7 8 0 0 0 0 0 121 248 140 0 0 0 0 0 0 0 0 0 0 0 0 0 0 0 0 0 18 7 2 12 9 13 17 5 12 16 0 0 0 0 0 0 0 0 0 11 52 65 0 0 13 179 255 255 40 0 0 0 0 1 0 0 13 7 0 4 0 0 0 23 16 0 0 17 15 19 14 0 0 -2147483648 
-2147483648 50 0 0 0 0 0 0 0 0 0 0 0 0 0 0 0 16 87 255 255 157 2 0 0 0 0 0 0 0 0 0 0 0 0 0 0 0 0 0 0 0 0 0 0 0 0 1 29 28 41 255 255 255 64 0 0 0 0 0 0 0 0 0 0 0 0 0 0 0 0 0 0 0 0 0 0 0 0 0 0 0 9 137 255 255 255 25 0 0 0 0 0 0 0 0 0 0 0 0 0 0 0 0 0 111 74 9 0 0 0 0 3 4 0 0 0 0 0 0 0 5 1 10 16 0 3 4 0 27 41 0 0 0 44 0 0 0 0 0 0 0 61 255 255 43 0 0 0 0 0 46 89 55 11 8 0 0 4 3 0 0 0 10 6 13 17 10 8 14 21 12 13 12 5 3 7 0 0 0 0 4 204 255 192 0 0 0 0 0 0 0 0 0 0 0 0 0 0 0 0 0 15 0 0 15 17 25 27 14 13 9 0 0 0 0 0 0 0 0 0 3 55 67 0 0 12 178 255 255 60 0 0 0 0 7 0 0 2 8 0 0 1 0 4 14 14 0 0 15 9 14 19 0 0 -2147483648 
-2147483648 48 0 0 0 0 0 0 0 0 0 0 0 0 0 0 0 14 85 255 255 162 1 0 0 0 0 0 0 0 0 0 0 0 0 0 0 0 0 0 0 0 0 0 0 0 0 0 32 27 34 255 255 255 63 0 0 0 0 0 0 0 0 0 0 0 0 0 0 0 0 0 0 0 0 0 0 0 0 0 0 0 5 138 255 255 255 27 1 1 0 0 0 0 0 0 0 0 0 0 0 64 0 0 14 111 47 6 8 0 0 0 2 2 0 0 0 0 0 0 0 5 0 11 13 11 16 5 0 22 31 0 0 0 39 0 0 0 0 0 0 0 76 255 246 17 0 0 0 0 0 47 83 46 4 1 8 2 5 3 0 0 7 20 10 21 20 9 7 15 20 9 12 11 8 0 0 0 0 0 0 29 224 255 211 0 0 0 0 0 0 0 0 0 0 0 0 0 0 0 0 0 9 0 0 15 18 33 34 13 8 11 0 0 0 0 0 0 0 0 0 0 57 77 0 0 17 178 255 255 70 0 0 0 8 9 0 0 0 1 0 0 0 2 15 17 12 2 0 6 13 12 16 2 1 -2147483648 
-2147483648 53 0 0 0 0 0 0 0 0 0 0 0 0 0 0 0 11 83 255 255 163 2 0 0 0 0 0 0 0 0 0 0 0 0 0 0 0 0 0 0 0 0 0 0 0 0 0 18 33 51 255 255 255 61 0 0 0 0 0 0 0 0 0 0 0 0 0 0 0 0 0 0 0 0 0 0 0 0 0 0 0 0 140 255 255 255 33 2 2 0 0 0 0 0 0 0 0 0 0 73 46 0 0 32 120 29 0 20 0 0 0 3 0 0 0 0 0 0 0 0 0 0 9 14 19 21 4 0 21 17 0 0 0 36 11 0 0 0 0 0 0 98 255 140 0 0 24 63 43 8 35 55 28 7 0 5 8 8 1 4 3 33 40 17 23 21 13 7 9 23 19 8 7 10 0 0 0 0 0 0 26 216 255 220 0 0 0 0 0 0 0 0 0 0 0 0 13 0 0 0 0 5 3 12 21 6 24 26 6 2 14 0 0 0 0 0 0 0 0 0 0 57 88 0 0 21 184 255 255 75 0 0 0 18 10 0 0 0 0 4 0 0 0 19 24 13 0 0 5 17 12 12 9 7 -2147483648 
-2147483648 60 0 0 0 0 0 20 45 38 17 0 0 0 0 0 0 11 79 255 255 162 2 0 0 0 0 0 0 0 0 0 0 2 6 4 0 0 0 0 0 0 0 0 0 0 0 0 21 83 108 255 255 255 69 3 1 0 0 0 0 0 0 0 0 0 0 0 0 0 0 0 0 0 0 0 0 0 5 0 0 0 0 133 255 255 255 37 1 1 0 0 0 0 0 0 0 0 20 55 51 0 0 0 39 111 20 0 31 0 0 0 4 0 0 0 0 0 0 0 0 0 0 4 20 20 18 8 0 15 0 0 0 0 33 34 0 0 0 9 0 0 33 148 0 0 0 50 154 188 145 73 41 38 33 16 2 6 12 0 2 19 64 66 28 23 20 13 12 7 18 24 7 6 5 0 0 0 0 0 0 14 206 255 226 0 0 2 0 0 0 0 0 0 1 0 0 15 0 0 0 0 7 18 31 24 2 9 18 13 0 12 0 0 0 0 0 0 0 0 0 0 54 85 0 0 21 182 255 255 79 0 0 0 15 10 0 0 0 0 7 0 0 5 15 12 6 0 4 16 12 12 11 15 11 -2147483648 
-2147483648 32 0 0 0 0 0 21 103 140 130 0 0 0 0 0 0 19 81 255 255 162 3 0 0 0 0 0 0 0 0 0 0 16 35 19 0 0 0 0 0 0 0 21 0 0 0 0 36 113 151 255 255 255 136 55 37 17 0 0 0 10 14 7 0 0 0 0 0 0 0 0 0 0 0 0 0 0 7 0 0 0 0 120 255 255 255 32 0 0 0 0 0 0 0 0 0 46 52 21 1 0 0 0 38 74 12 0 37 24 0 0 0 0 0 0 0 0 0 0 2 3 0 2 21 21 16 8 0 0 0 0 0 0 32 53 0 0 0 10 0 0 0 0 0 0 0 0 106 226 255 155 78 91 89 68 44 28 22 3 11 53 93 72 38 31 17 15 23 16 8 16 8 7 3 1 1 0 0 0 0 11 194 255 227 2 2 1 0 0 0 0 0 0 0 0 0 0 0 0 0 0 16 22 33 23 3 4 17 19 0 9 0 0 0 0 0 0 0 2 0 0 43 62 0 0 27 169 255 255 75 0 0 0 12 10 0 0 0 0 0 0 4 14 11 0 0 0 13 26 9 3 9 22 8 -2147483648 
-2147483648 0 0 0 0 0 0 0 34 119 209 91 0 0 0 0 0 27 82 255 255 165 5 0 0 0 0 0 0 0 0 0 0 24 48 21 0 0 0 0 0 0 25 19 0 0 0 0 22 57 105 225 255 255 213 165 119 35 0 0 1 76 115 105 69 40 17 3 0 0 0 0 0 0 0 0 0 0 15 0 0 0 0 107 255 255 255 23 0 0 0 0 0 0 0 9 34 37 15 0 0 0 0 0 14 21 0 0 33 63 32 0 0 0 0 0 0 0 0 0 0 0 1 6 15 10 6 0 0 0 0 0 0 0 36 69 0 0 0 0 0 0 0 22 0 0 0 0 0 90 151 150 130 99 80 135 165 128 83 39 40 100 126 66 41 42 21 23 25 21 6 8 8 4 6 0 0 0 0 0 0 10 184 255 225 0 0 4 4 2 0 0 0 0 0 0 0 0 0 0 0 0 37 45 34 12 0 0 0 41 63 24 0 0 0 0 0 0 0 0 0 0 24 46 4 0 24 151 255 255 78 0 0 3 13 4 0 0 0 0 0 0 6 13 14 0 0 1 10 23 13 0 7 23 7 -2147483648 
-2147483648 0 0 0 0 13 0 0 0 0 36 169 162 98 42 5 10 33 82 255 255 163 0 0 0 0 0 0 0 0 0 0 0 4 9 2 0 0 0 0 0 0 9 6 0 0 0 0 8 10 44 94 130 142 148 174 127 17 0 0 12 127 211 240 233 223 161 60 6 2 3 0 0 0 0 0 0 0 21 0 0 0 0 103 255 255 255 22 0 0 0 15 28 15 8 21 15 2 0 0 0 0 0 0 0 0 0 0 16 53 56 17 0 7 4 4 4 4 0 0 0 0 0 0 4 0 0 0 0 0 0 8 15 0 41 80 0 0 0 0 0 0 51 72 0 0 55 0 0 0 21 64 94 27 1 137 211 197 207 159 117 162 153 64 44 44 30 32 18 21 13 2 8 8 6 0 0 0 0 0 3 1 182 255 218 0 0 9 3 1 0 0 0 0 0 6 12 0 0 0 0 0 0 58 31 0 0 0 0 206 255 66 0 0 0 0 0 0 29 0 0 0 18 70 54 0 0 133 255 255 88 0 0 4 13 0 0 0 0 2 0 0 0 5 18 0 0 5 8 19 14 4 4 12 19 -2147483648 
-2147483648 0 2 83 130 89 44 36 0 0 0 62 217 233 171 72 13 37 85 255 255 70 0 0 0 0 0 0 0 0 0 0 0 0 0 0 0 0 0 0 0 0 7 12 0 2 0 0 9 2 26 27 0 0 22 58 40 0 0 0 9 66 145 255 255 255 255 124 11 6 16 9 2 2 0 0 0 0 25 0 0 0 0 105 255 255 255 0 0 0 45 55 29 12 1 0 0 0 0 0 0 0 0 0 0 0 0 0 0 17 27 5 0 8 9 5 0 7 2 0 0 0 0 0 0 0 0 0 0 0 0 13 38 43 66 83 0 0 0 0 0 0 77 29 0 15 40 0 0 11 0 9 44 0 0 100 112 111 238 255 243 255 192 70 51 45 33 36 19 21 19 0 8 15 3 0 0 0 0 0 20 8 174 255 166 0 0 1 4 5 0 0 0 4 2 13 22 15 1 0 0 0 0 0 0 0 0 0 0 255 255 127 0 0 0 0 0 25 51 0 0 0 30 105 90 0 0 124 255 255 95 0 0 0 13 1 0 0 0 0 0 0 0 0 11 0 0 8 15 13 11 9 7 2 21 -2147483648 
-2147483648 29 85 131 115 91 94 63 0 0 0 0 120 192 188 96 14 27 71 195 166 0 0 0 0 0 0 0 0 0 0 0 2 0 0 5 0 0 0 0 0 15 38 18 0 0 0 0 0 0 7 8 0 0 0 0 0 0 0 0 12 70 132 240 255 255 235 88 0 0 14 18 0 0 0 0 0 0 39 0 0 0 0 112 255 255 255 0 0 61 60 27 3 0 0 0 0 0 0 0 0 0 0 0 0 0 1 7 0 0 0 0 1 0 0 0 0 0 0 0 0 23 0 0 0 0 4 0 0 20 24 1 98 217 174 71 0 0 0 0 0 0 30 25 39 66 0 0 0 59 0 0 59 0 0 101 44 15 128 198 255 255 255 117 54 52 32 35 29 17 20 9 8 10 4 5 0 0 0 0 39 22 109 148 71 23 4 0 22 24 2 0 0 27 15 13 23 20 0 0 0 0 0 0 0 0 0 0 69 255 255 202 6 0 0 0 0 39 60 0 0 0 43 119 86 0 0 115 255 255 109 0 0 0 9 6 0 0 0 0 0 3 0 0 0 0 0 10 18 2 11 14 16 4 5 -2147483648 
-2147483648 102 116 63 0 60 135 56 0 0 0 0 38 75 71 16 0 22 33 32 0 0 0 0 0 53 0 0 0 0 0 14 15 0 10 23 4 0 0 0 1 38 61 18 0 0 0 0 0 0 1 5 0 0 0 0 0 0 0 9 85 255 255 140 77 71 109 31 0 0 0 6 14 40 15 0 0 3 8 0 0 0 0 118 255 255 255 63 59 57 17 0 0 0 0 0 0 28 0 0 0 0 0 0 8 0 1 10 0 0 0 0 9 0 0 0 1 0 0 0 0 20 0 0 0 0 0 0 13 59 59 44 220 255 255 62 0 0 0 0 0 0 0 49 94 71 0 0 12 82 0 0 83 6 0 95 36 7 44 71 166 255 255 233 92 61 33 36 35 16 22 16 9 7 7 5 0 0 0 0 33 10 11 0 22 69 31 8 26 27 17 1 6 19 10 2 8 19 0 0 0 0 0 0 0 0 0 0 77 255 255 253 18 0 0 0 0 39 76 0 0 0 48 116 71 0 0 111 255 255 132 0 0 0 0 6 0 1 0 0 0 8 0 0 0 0 0 9 10 2 16 14 11 7 1 -2147483648 
-2147483648 111 52 0 0 24 143 67 0 0 6 0 1 1 0 0 0 17 0 0 0 0 0 0 24 88 40 19 22 25 17 25 20 20 16 18 14 0 0 0 21 47 69 37 0 0 0 0 0 12 15 17 0 0 0 0 52 66 80 100 211 255 255 29 0 0 49 2 0 0 0 0 74 121 93 26 0 0 0 27 0 0 0 72 193 255 255 109 41 19 4 0 0 0 0 0 0 55 88 10 0 10 0 0 4 0 0 2 0 0 0 0 16 8 0 0 0 0 0 0 0 0 0 0 0 5 0 0 42 63 42 103 249 255 255 76 0 0 0 0 0 0 0 54 95 70 0 0 0 29 0 0 118 80 0 39 21 25 25 28 62 195 255 255 189 101 46 40 34 23 29 21 16 14 9 0 0 0 0 47 36 19 0 0 24 68 37 5 13 28 27 4 4 17 0 0 10 33 7 0 0 0 0 0 0 0 0 0 41 181 255 223 28 0 0 0 0 39 91 0 0 0 47 105 75 0 0 118 255 255 146 0 0 0 0 6 0 0 0 0 0 4 0 0 0 0 2 7 0 5 22 12 2 2 4 -2147483648 
-2147483648 41 0 0 0 9 129 116 0 0 7 0 0 0 0 0 0 4 0 0 0 1 0 0 13 103 130 92 60 48 17 19 21 36 30 19 31 15 2 30 56 58 72 42 0 0 0 4 12 33 40 40 0 0 0 0 151 157 175 175 209 255 179 1 0 0 9 0 0 0 0 0 75 107 82 22 0 0 0 72 35 0 0 0 0 146 187 22 0 8 9 0 0 0 0 0 0 16 124 104 45 22 0 0 0 0 3 0 0 0 0 0 9 15 3 0 0 0 0 0 0 0 0 0 0 4 0 1 23 25 36 102 127 140 145 71 0 0 0 0 0 0 11 60 123 157 63 0 0 0 0 0 126 106 0 0 12 30 17 17 34 69 149 207 219 162 62 1 5 32 39 27 26 14 4 0 0 0 36 58 54 60 33 31 43 45 30 6 9 30 18 0 13 21 0 0 39 45 1 0 0 0 0 0 0 0 0 0 17 21 103 93 0 0 0 0 0 70 94 0 0 0 46 130 102 0 0 121 255 255 139 0 0 0 5 7 0 0 0 0 0 0 0 0 10 7 0 5 0 7 20 7 6 1 0 -2147483648 
-2147483648 0 0 0 0 27 115 152 40 0 5 0 0 0 0 0 0 0 9 0 0 0 0 0 32 162 252 169 70 51 22 10 21 40 38 43 54 42 33 55 67 59 57 20 0 0 0 9 0 28 62 61 0 0 0 101 162 127 116 92 74 53 21 0 0 0 0 0 0 0 0 0 13 37 33 15 0 0 1 56 25 0 0 0 0 0 12 0 0 0 1 0 2 44 0 0 0 0 50 46 3 0 5 0 0 0 20 9 0 0 0 2 0 14 0 0 0 0 0 73 0 0 0 0 0 0 0 0 0 52 138 110 11 0 21 31 0 0 0 0 0 0 0 60 178 239 89 0 0 0 0 0 37 32 0 0 27 26 13 19 35 35 45 72 127 149 35 0 0 0 6 13 13 1 0 19 125 164 72 10 37 54 45 61 64 53 55 45 25 23 5 0 7 0 0 30 45 35 0 0 10 12 2 0 0 0 9 18 20 0 0 0 0 0 0 0 0 95 95 0 0 0 44 187 124 0 0 119 255 255 100 0 0 0 8 15 5 0 0 0 0 0 0 9 17 12 4 8 4 12 16 4 9 7 0 -2147483648 
-2147483648 0 0 0 10 53 111 144 84 38 13 0 0 0 0 0 0 0 0 0 0 0 0 26 80 189 255 175 63 44 24 6 19 25 20 47 63 60 61 64 61 52 35 2 0 0 11 2 0 13 50 47 0 0 0 128 136 98 52 24 12 3 0 0 0 16 6 1 0 2 3 0 0 15 15 9 1 0 5 9 0 0 0 0 0 0 0 0 0 0 9 0 0 31 0 0 0 11 6 0 0 0 0 0 0 0 10 0 0 0 31 12 0 8 0 0 0 0 112 68 0 0 0 0 0 0 0 0 42 209 255 108 0 0 0 0 0 0 8 43 0 0 0 39 164 147 0 0 0 48 24 0 0 0 0 64 69 48 26 33 44 26 26 25 49 81 0 0 0 0 0 1 0 0 2 48 255 255 37 0 0 5 8 24 31 41 61 70 48 40 32 26 12 0 35 64 35 25 12 13 29 24 14 11 11 1 1 4 0 0 0 0 0 0 0 0 0 28 78 0 0 0 39 184 92 0 0 87 191 167 33 0 0 6 13 19 15 0 4 3 0 2 0 10 19 17 12 19 18 14 21 14 13 17 1 -2147483648 
-2147483648 0 0 0 17 70 116 117 105 97 41 0 0 0 0 0 0 0 0 0 0 0 41 106 123 143 152 133 77 33 14 17 15 11 6 34 61 76 88 71 73 54 22 0 0 0 18 12 0 7 24 21 0 0 0 112 143 122 65 31 17 11 6 0 8 24 14 1 0 10 4 0 3 16 0 0 0 0 0 0 0 0 0 0 0 0 0 0 0 9 36 0 0 0 67 93 68 26 3 7 0 0 0 0 0 0 0 0 0 0 74 25 0 0 0 0 0 0 110 17 0 0 0 0 0 0 0 13 141 255 255 26 0 2 30 0 0 0 33 39 0 0 0 23 92 0 0 0 0 0 11 0 5 0 37 117 147 128 74 56 50 29 29 29 26 0 0 0 161 103 14 8 10 24 27 51 160 120 0 0 0 0 0 0 0 0 8 25 22 33 55 50 38 46 92 102 50 25 22 20 19 13 11 9 2 0 0 0 0 0 0 0 6 0 0 0 0 0 21 0 0 0 32 115 26 0 0 29 8 0 0 0 0 6 10 4 13 5 7 4 5 20 2 4 12 14 11 21 25 15 21 18 13 13 15 -2147483648 
-2147483648 2 0 0 26 72 110 106 102 88 44 0 0 0 0 0 0 0 0 0 0 0 14 107 107 101 81 101 100 47 38 47 27 25 21 34 58 88 104 74 82 55 24 26 0 0 23 27 6 7 13 22 0 0 0 70 79 69 44 17 4 4 4 0 6 16 9 0 0 2 1 0 8 11 0 0 42 17 0 0 0 0 0 20 34 1 0 0 0 5 30 0 0 0 58 89 75 34 5 0 0 0 10 22 0 0 0 0 0 32 50 5 0 0 0 0 0 2 39 15 79 36 0 0 2 0 0 21 158 236 112 0 0 55 63 0 0 0 26 20 0 0 0 14 47 0 0 0 0 0 0 0 34 34 37 97 140 155 195 159 56 28 30 0 0 0 0 129 255 204 22 8 27 38 19 26 37 0 0 17 0 0 0 6 0 0 0 0 0 0 12 12 11 42 102 141 91 34 25 12 7 13 12 7 0 0 1 6 0 0 0 11 31 0 0 0 0 0 0 4 3 0 32 74 0 0 0 56 43 33 0 0 0 0 0 0 2 0 0 0 0 15 5 0 1 8 4 10 15 15 7 5 4 0 11 -2147483648 
-2147483648 3 0 0 31 62 89 101 93 58 23 0 0 0 0 0 0 0 0 0 0 0 0 24 84 106 48 62 103 72 67 68 49 46 40 40 55 84 88 59 61 43 24 40 11 0 21 21 1 1 8 22 10 0 4 17 6 14 18 2 0 0 2 5 7 16 6 3 5 2 4 3 5 0 0 0 133 54 0 1 2 0 0 52 24 0 0 3 0 0 9 2 0 0 12 30 33 16 0 0 0 0 83 86 13 0 0 0 0 52 0 0 0 0 0 0 0 0 0 12 52 27 0 0 12 0 0 2 58 62 9 0 0 49 51 0 0 0 7 14 5 4 0 16 122 166 50 0 0 0 0 0 43 40 37 76 17 7 206 209 17 0 0 0 0 0 0 255 255 201 11 15 23 17 0 0 9 20 52 67 30 0 0 28 26 0 0 0 0 0 0 0 0 0 9 107 87 27 22 7 5 13 0 0 1 0 17 38 0 0 0 9 0 0 0 0 0 0 0 16 13 0 33 81 0 0 43 189 184 131 25 0 0 0 0 0 0 0 0 0 0 12 17 0 0 7 1 3 8 10 0 0 5 0 0 -2147483648 
-2147483648 2 3 9 31 48 68 83 76 39 6 0 0 0 0 0 0 0 0 0 0 0 0 0 33 110 55 34 75 64 56 55 47 41 31 28 34 44 42 28 25 15 0 12 3 0 14 10 1 0 4 10 0 0 0 3 0 10 15 3 6 4 5 6 4 9 4 2 4 2 2 0 0 0 0 0 213 78 0 0 0 0 0 26 8 3 1 1 5 4 7 20 29 14 0 0 0 0 0 0 0 3 175 153 45 0 0 0 78 75 0 0 1 2 0 2 0 0 0 0 0 0 0 5 12 0 0 0 0 0 0 0 0 0 0 0 0 0 0 8 7 0 8 52 245 255 68 0 0 0 0 0 28 33 42 69 0 0 12 88 0 0 0 0 0 0 0 255 255 171 31 0 10 0 0 0 2 34 42 61 41 0 0 26 29 1 0 0 0 0 18 0 0 0 0 21 22 0 0 0 0 0 0 0 8 19 40 76 60 41 38 8 9 60 25 0 0 0 0 17 28 6 35 100 21 0 130 255 197 121 0 0 0 0 0 0 0 0 0 0 0 8 12 0 2 8 0 0 7 4 0 0 1 4 24 -2147483648 
-2147483648 8 13 15 20 23 38 50 44 2 0 14 5 0 0 0 0 14 23 35 49 61 14 0 0 41 118 69 31 28 27 20 21 18 8 11 8 6 11 10 5 0 0 0 2 1 12 8 7 3 6 7 0 3 2 2 1 5 7 3 5 4 3 2 0 0 0 0 0 0 0 0 0 0 0 0 255 94 0 0 0 0 0 3 8 24 18 0 11 34 47 101 127 50 0 0 0 0 0 0 0 0 165 131 32 0 0 0 197 100 0 0 0 0 0 0 0 0 0 0 0 0 4 19 14 15 20 8 0 0 0 0 0 0 0 0 0 0 0 0 0 0 23 88 244 194 2 0 0 0 0 0 15 17 36 75 35 0 0 0 0 0 0 0 0 0 0 76 122 108 14 0 0 1 0 0 0 13 11 22 18 0 0 9 9 0 0 0 0 1 13 0 0 0 0 0 0 0 0 1 1 5 0 0 11 12 21 35 43 60 76 54 87 172 147 109 110 51 0 21 42 24 44 98 63 27 141 193 106 27 0 0 0 0 0 0 0 0 0 0 0 0 0 0 2 5 0 0 0 8 0 0 0 2 119 -2147483648 
-2147483648 5 7 5 4 0 8 20 13 0 0 23 27 0 0 0 0 7 18 24 31 27 8 0 0 0 106 121 20 2 14 9 9 9 0 6 1 0 8 8 1 0 0 0 11 5 7 4 4 4 4 4 2 2 2 1 0 0 0 0 0 0 0 0 0 0 0 0 0 0 0 0 0 0 0 0 252 95 0 0 0 0 0 32 47 45 32 0 14 53 79 151 167 58 0 5 4 0 0 0 0 0 72 17 0 0 0 114 245 134 0 0 0 0 0 0 0 0 0 0 0 7 16 25 21 9 6 8 26 14 5 16 0 0 0 0 0 0 0 0 27 21 23 71 157 99 0 0 0 0 0 12 16 5 24 87 141 56 0 9 0 0 0 0 0 0 0 0 0 26 0 0 10 12 0 0 5 15 9 0 0 0 5 7 8 5 3 4 1 7 7 6 15 17 13 1 7 14 25 30 11 32 46 27 10 4 5 0 0 65 106 115 178 233 192 191 169 61 3 23 31 22 32 56 45 35 62 61 17 0 0 0 0 0 0 0 0 0 0 0 0 0 0 0 0 0 0 0 0 12 6 0 0 7 174 -2147483648 
-2147483648 0 0 0 0 0 0 5 0 0 0 7 12 0 0 0 0 0 5 1 5 0 0 0 0 0 13 135 53 0 11 15 11 11 3 6 4 0 4 3 0 0 0 3 6 2 1 0 0 0 0 0 0 0 0 0 0 0 0 0 0 0 0 0 0 0 0 0 0 0 0 0 0 0 0 0 174 65 0 0 0 0 36 83 83 42 22 4 0 10 41 78 71 10 0 0 0 0 0 0 0 0 100 0 0 0 0 104 178 156 68 5 0 0 0 0 0 0 0 0 0 20 10 0 0 0 0 1 2 8 11 27 43 26 7 14 28 0 0 75 161 112 39 12 7 0 0 0 0 0 0 11 15 25 37 74 169 153 52 33 110 72 0 0 0 0 0 0 0 0 0 24 81 33 0 0 6 19 0 0 0 13 30 20 19 21 19 17 14 32 22 12 41 50 32 5 26 39 42 35 0 35 68 43 5 0 0 0 0 61 133 192 251 218 155 167 109 24 5 10 9 6 8 13 9 7 8 3 0 0 0 0 0 0 0 0 0 0 0 0 1 0 0 0 0 0 0 7 0 7 10 0 0 2 123 -2147483648 
-2147483648 0 1 0 0 0 0 0 0 0 0 0 9 9 0 0 0 0 2 0 2 4 3 6 0 0 0 114 88 2 4 7 5 5 2 3 3 0 0 0 0 0 0 0 0 0 0 0 0 0 0 0 0 0 0 0 0 0 0 0 0 0 0 0 0 0 0 0 0 0 0 0 0 0 0 0 90 33 0 0 0 42 46 60 42 15 5 0 0 0 0 19 0 0 0 0 0 0 0 0 0 93 184 31 0 3 20 47 91 97 62 54 47 20 20 31 0 0 0 0 6 99 80 0 0 0 0 0 0 0 0 19 32 31 13 2 20 0 0 123 208 164 81 0 0 0 0 0 0 0 3 101 112 79 81 42 51 82 36 0 70 84 9 23 0 0 0 0 0 0 0 36 89 24 40 34 4 0 0 0 8 49 58 34 33 41 41 41 41 39 21 13 40 49 20 18 44 45 28 1 0 18 62 25 0 0 0 0 0 127 255 255 229 144 94 89 33 2 0 0 0 0 0 0 0 0 0 0 0 0 0 0 0 0 0 0 0 0 0 0 0 0 0 0 0 0 0 13 0 7 18 3 0 0 51 -2147483648 
-2147483648 0 5 5 1 0 0 1 0 0 0 3 13 14 0 1 0 0 2 2 3 4 3 2 0 0 0 78 101 4 0 0 0 0 0 0 0 0 0 0 0 0 0 0 0 0 0 0 0 0 0 0 0 0 0 0 0 0 0 0 0 0 0 0 0 0 0 0 0 0 0 0 0 0 0 0 62 26 0 0 1 15 11 11 1 0 0 0 0 0 0 7 0 0 0 0 0 0 0 0 0 76 85 0 0 5 37 44 50 29 18 59 74 40 50 92 103 62 0 0 48 151 144 61 13 5 2 10 0 0 8 16 11 9 0 0 0 0 0 28 57 77 67 0 0 0 0 0 0 0 118 255 255 87 42 0 0 0 0 0 0 0 0 39 24 0 0 0 0 0 0 6 0 0 69 87 15 0 0 31 42 50 60 63 67 59 49 61 59 26 8 6 22 23 4 32 34 46 48 3 0 24 44 0 0 0 0 0 113 255 255 202 117 63 30 19 1 0 0 0 0 0 0 0 0 0 0 0 0 0 0 0 0 6 0 0 0 0 0 1 2 0 0 6 19 0 0 5 4 9 26 9 0 0 11 -2147483648 
-2147483648 3 7 7 2 0 0 2 0 0 0 3 6 6 1 1 1 0 1 2 1 0 0 0 0 0 0 49 107 7 0 0 0 0 0 0 0 0 0 0 0 0 0 0 0 0 0 0 0 0 0 0 0 0 0 0 0 0 0 0 0 0 0 0 0 0 0 0 0 0 0 0 0 0 0 0 65 24 0 0 0 0 0 0 0 0 0 0 0 0 0 0 0 0 0 0 0 0 0 0 4 0 0 0 0 0 36 85 81 47 61 107 100 36 25 67 82 62 18 21 79 116 105 77 64 48 29 22 31 28 8 5 2 0 0 0 0 0 0 0 0 0 0 0 0 0 0 0 0 0 255 255 255 55 7 0 0 0 0 0 0 0 0 0 0 0 13 0 0 0 0 0 0 0 16 36 10 0 12 29 29 25 41 69 71 54 36 47 46 28 6 0 13 14 11 28 56 172 186 66 24 69 33 0 0 0 0 118 255 255 245 65 25 14 1 0 0 0 0 0 0 0 0 0 0 0 0 0 0 0 0 0 0 4 0 0 0 0 0 10 6 0 0 14 21 0 0 2 0 3 20 9 0 0 0 -2147483648 
-2147483648 2 3 3 1 0 1 1 1 0 0 0 0 0 0 0 0 0 0 0 0 0 0 0 0 0 0 21 112 17 0 0 0 0 0 0 0 0 0 0 0 0 0 0 0 0 0 0 0 0 0 0 0 0 0 0 0 0 0 0 0 0 0 0 0 0 0 0 0 0 0 0 0 0 0 0 66 20 0 0 0 0 0 0 0 0 0 0 0 0 0 0 0 0 0 0 0 0 52 8 0 0 0 0 0 0 38 126 111 72 91 107 82 20 0 16 7 0 0 7 53 62 53 46 56 55 46 22 23 18 0 0 0 0 0 0 0 0 0 0 0 0 0 0 0 0 0 0 0 118 255 255 228 80 13 0 0 0 0 109 105 0 0 0 0 0 0 140 37 0 0 0 0 0 0 0 4 9 0 0 0 0 0 0 8 0 0 0 13 16 4 0 5 29 65 99 182 255 250 88 87 168 40 0 0 0 91 255 255 232 67 6 0 0 0 0 0 0 0 0 0 0 0 0 0 0 0 0 0 0 0 0 0 0 0 10 16 0 0 6 0 0 0 10 4 0 5 4 0 0 7 3 0 0 0 -2147483648 
-2147483648 0 0 0 0 0 0 0 0 0 0 0 0 0 0 0 0 0 0 0 0 0 0 0 0 0 0 0 109 35 0 0 0 0 0 0 0 0 0 0 0 0 0 0 0 0 0 0 0 0 0 0 0 0 0 0 0 0 0 0 0 0 0 0 0 0 0 0 0 0 0 0 0 0 0 0 70 23 0 0 0 0 0 0 0 0 0 0 0 0 0 0 0 0 0 0 0 27 128 38 0 0 0 0 21 6 29 70 54 36 36 36 25 0 0 0 0 0 0 0 11 24 24 12 25 36 27 14 10 4 0 0 0 0 0 0 0 0 0 0 0 0 0 0 0 5 61 110 190 246 255 255 247 87 0 0 0 0 31 185 192 20 0 12 0 0 0 233 172 0 0 0 0 0 0 0 34 31 0 0 0 0 0 0 0 0 0 0 0 0 0 0 36 122 179 194 220 216 149 119 195 224 36 0 0 21 173 233 164 51 4 0 0 0 0 0 0 0 0 0 0 0 0 0 0 0 0 0 0 0 0 0 0 0 0 9 27 4 0 0 0 0 0 3 0 0 8 6 0 1 0 0 10 0 2 -2147483648 
-2147483648 0 0 0 0 0 0 0 0 0 0 0 0 0 0 0 0 0 0 0 0 0 0 0 0 0 0 0 103 57 0 0 0 0 0 0 0 0 0 0 0 0 0 0 0 0 0 0 0 0 0 0 0 0 0 0 0 0 0 0 0 0 0 0 0 0 0 0 0 0 0 0 0 0 0 0 77 24 0 0 0 0 0 0 0 0 0 0 0 0 0 0 0 0 0 0 0 33 102 49 11 1 2 15 11 4 11 3 0 8 0 2 9 0 0 2 2 0 0 0 0 5 4 0 1 12 5 5 5 0 0 0 0 0 0 0 0 0 0 0 0 0 0 0 52 103 167 190 179 216 255 255 192 0 0 0 0 0 44 131 132 20 3 7 0 0 0 152 102 1 11 14 0 0 0 19 47 36 0 0 0 0 0 0 13 0 0 0 0 0 0 0 66 198 195 118 99 109 141 203 222 139 11 0 0 46 119 81 24 2 0 0 0 0 0 0 0 0 0 0 0 0 0 0 0 0 0 0 0 0 0 0 0 0 0 0 14 15 0 0 0 0 0 0 0 0 0 6 0 0 0 0 4 0 4 -2147483648 
-2147483648 0 0 0 0 0 0 0 0 0 0 0 0 0 0 0 0 0 0 0 0 0 0 0 0 0 0 0 85 74 1 0 0 0 0 0 0 0 0 0 0 0 0 0 0 0 0 0 0 0 0 0 0 0 0 0 0 0 0 0 0 0 0 0 0 0 0 0 0 1 0 0 0 0 0 0 70 21 0 0 0 0 0 0 0 0 0 0 0 0 0 0 0 0 0 14 2 12 45 41 21 2 4 15 6 0 1 0 0 0 0 6 17 0 0 0 6 0 0 0 0 0 2 0 0 0 3 5 5 6 4 8 0 0 0 0 0 0 0 0 0 0 0 0 27 183 220 180 176 255 255 198 57 0 0 0 0 0 9 24 19 0 0 0 0 0 0 49 20 0 17 18 0 0 3 0 11 16 0 0 0 0 2 73 48 0 0 0 0 0 0 0 33 117 66 11 68 157 217 195 113 33 0 0 0 21 29 8 0 0 0 0 0 0 0 0 0 0 0 0 0 0 0 0 0 0 0 0 0 0 0 0 0 0 0 0 0 4 0 0 0 0 1 0 0 0 0 0 0 0 2 0 0 0 8 -2147483648 
-2147483648 0 0 0 0 0 0 0 0 0 0 0 0 0 0 0 0 0 0 0 0 0 0 0 0 0 0 0 54 81 4 0 0 0 0 0 0 0 0 0 0 0 0 0 0 0 0 0 0 0 0 0 0 0 0 0 0 0 0 0 0 0 0 0 0 0 0 0 4 14 8 4 3 3 0 0 62 25 0 0 0 0 0 0 0 0 0 0 0 0 0 0 0 0 0 9 4 6 24 23 10 0 10 21 10 0 0 2 4 0 0 6 17 0 0 0 0 0 0 0 0 0 1 6 0 0 4 1 1 13 18 14 0 5 16 7 4 11 6 0 0 0 0 0 0 8 147 239 255 255 171 57 0 0 0 0 0 12 6 0 0 0 0 0 0 0 0 0 1 0 8 25 8 5 4 0 0 8 2 0 0 0 44 61 37 17 11 2 0 0 0 0 5 10 0 2 136 209 178 86 20 1 0 0 0 1 0 0 0 0 0 0 0 0 0 0 0 0 0 0 0 0 0 0 0 0 0 0 0 0 0 0 0 0 0 0 0 0 0 0 0 0 7 0 0 0 0 0 0 2 6 0 0 0 11 -2147483648 
-2147483648 0 0 0 0 0 0 0 0 0 0 0 0 0 0 0 0 0 0 0 0 0 0 0 0 0 0 0 31 79 8 0 0 0 0 0 0 0 0 0 0 0 0 0 0 0 0 0 0 0 0 0 0 0 0 0 0 0 0 0 0 0 0 0 0 0 0 1 20 34 23 16 12 4 0 0 62 30 0 0 0 0 0 0 0 0 0 0 0 0 0 0 0 0 0 0 0 13 17 5 0 0 8 26 23 9 0 7 10 0 0 0 11 0 0 0 0 0 0 0 0 0 0 1 0 0 0 0 4 15 18 11 0 0 6 3 9 11 5 2 6 0 0 0 0 0 24 255 255 176 35 0 0 0 0 0 0 28 23 17 16 0 0 0 0 0 0 0 0 0 0 8 8 6 0 0 0 15 5 0 0 7 48 31 25 28 14 4 0 0 0 0 0 0 0 4 150 185 78 13 0 0 4 3 0 0 0 0 0 0 0 0 0 0 0 0 0 0 0 0 0 0 0 0 0 0 0 0 0 0 0 0 0 0 0 0 0 0 0 0 0 5 7 0 0 0 0 0 0 5 1 0 0 0 12 -2147483648 
-2147483648 0 0 0 0 0 0 0 0 0 0 0 0 0 0 0 0 0 0 0 0 0 0 0 0 0 0 0 18 75 12 0 0 0 0 0 0 0 0 0 0 0 0 0 0 0 0 0 0 0 0 0 0 0 0 0 0 0 0 0 0 0 0 0 0 0 2 19 37 47 34 17 10 1 0 0 46 21 0 0 0 0 0 0 0 0 0 0 0 0 0 0 0 0 0 0 0 19 14 0 0 0 0 11 7 0 1 12 12 3 0 0 0 0 0 0 0 0 0 0 0 0 2 0 0 0 0 0 9 9 10 8 0 0 5 0 6 8 8 5 7 9 5 0 0 0 0 250 204 49 0 0 0 0 0 0 0 35 21 13 14 0 0 0 0 0 0 0 0 0 0 0 0 12 0 0 0 9 8 0 0 24 51 34 25 22 15 9 1 0 3 6 0 0 0 5 116 132 29 0 0 0 18 13 0 0 0 0 0 0 0 0 0 0 0 0 0 0 0 0 0 0 0 0 0 0 0 0 0 0 0 0 0 0 0 0 0 0 0 0 0 2 4 0 0 1 0 0 0 6 0 0 0 0 10 -2147483648 
-2147483648 0 0 0 0 0 0 0 0 0 0 0 0 0 0 0 0 0 0 0 0 0 0 0 0 0 0 0 5 73 16 0 0 0 0 0 0 0 0 0 0 0 0 0 0 0 0 0 0 0 0 0 0 0 0 0 0 0 0 0 0 0 0 1 0 4 10 29 46 50 38 15 5 0 0 0 23 6 0 0 0 0 0 0 0 0 0 0 0 0 0 0 0 0 0 6 0 6 7 0 0 0 0 0 0 0 0 15 20 35 50 0 0 0 0 0 0 0 0 0 0 4 6 0 0 2 1 2 6 3 4 4 0 0 2 0 3 0 6 5 2 8 20 36 3 0 0 83 56 12 0 0 0 0 0 0 0 23 6 0 4 0 2 8 4 0 3 6 10 0 0 0 0 1 0 0 0 0 10 0 0 19 33 25 23 23 19 10 4 3 11 20 1 0 0 12 89 99 20 0 0 0 38 23 0 0 0 0 0 0 0 0 0 0 0 0 0 0 0 0 0 0 0 0 0 0 0 0 0 0 0 0 0 0 0 0 0 0 0 0 0 0 1 0 0 0 0 0 0 3 0 0 0 0 4 -2147483648 
-2147483648 0 0 0 0 0 0 0 0 0 0 0 0 0 0 0 0 0 0 0 0 0 0 0 0 0 0 0 0 70 20 0 0 0 0 0 0 0 0 0 0 0 0 0 0 0 0 0 0 0 0 0 0 0 0 0 0 0 0 0 2 4 0 7 2 6 14 28 45 49 40 19 4 0 0 0 8 0 0 0 0 0 0 0 0 0 0 0 0 0 0 0 0 0 0 4 0 0 0 0 0 0 0 0 0 0 0 8 19 62 94 0 0 0 0 0 4 0 0 0 0 9 1 0 5 3 2 4 10 5 0 2 1 0 0 0 3 0 1 9 6 0 11 38 28 15 13 17 16 6 0 0 0 0 0 0 0 9 1 0 0 13 15 14 12 2 7 9 5 0 0 4 0 0 0 0 0 0 13 0 0 6 6 2 10 15 9 4 3 3 18 15 8 3 2 18 88 103 15 0 0 23 47 21 0 0 0 0 0 0 0 0 0 0 0 0 0 0 0 0 0 0 0 0 0 0 0 0 0 0 0 0 0 0 0 0 0 0 0 0 0 0 0 0 0 0 0 0 0 0 0 0 0 0 0 -2147483648 
-2147483648 0 0 0 0 0 0 0 0 0 0 0 0 0 0 0 0 0 0 0 0 0 0 0 0 0 0 0 0 70 28 0 0 0 0 0 0 0 0 0 0 0 0 0 0 0 0 0 0 0 0 0 0 0 0 0 0 0 9 0 3 10 0 6 6 6 11 25 42 51 44 21 4 0 0 0 1 0 0 0 0 0 0 0 0 0 0 0 0 0 0 0 0 0 0 0 0 0 0 0 60 21 0 0 0 0 0 2 0 40 67 0 0 0 0 0 7 0 0 0 0 7 0 0 7 4 0 3 15 7 0 2 1 0 0 0 0 1 5 8 10 0 0 20 22 16 9 9 9 0 0 0 0 4 0 0 0 14 13 0 3 15 16 11 13 0 0 8 1 4 8 11 3 0 10 14 23 52 41 0 0 0 0 0 0 0 0 0 0 0 16 7 3 12 31 40 86 102 8 0 5 45 31 13 3 0 0 0 0 0 0 0 0 0 0 0 0 0 0 0 0 0 0 0 0 0 0 0 2 1 0 0 0 0 0 0 0 0 0 0 0 0 0 0 0 0 0 0 0 0 0 0 0 0 0 -2147483648 
-2147483648 0 0 0 0 0 0 0 0 0 0 0 0 0 0 0 0 0 0 0 0 0 0 2 2 1 0 0 0 73 46 0 0 0 0 0 0 0 0 0 0 0 0 0 0 0 0 0 0 0 0 0 0 0 9 14 0 0 13 0 7 14 0 8 9 4 6 21 42 57 48 18 3 0 0 0 0 0 0 0 0 0 0 0 0 0 0 0 0 0 0 0 0 0 0 0 0 0 0 67 166 52 0 0 0 0 0 3 0 6 22 0 0 0 0 0 3 0 0 0 0 3 0 0 8 6 0 0 10 2 8 4 0 0 0 0 0 1 9 3 6 2 0 6 15 9 2 9 5 0 3 1 0 0 0 0 0 18 26 0 0 5 13 4 2 2 0 6 6 4 10 8 4 1 9 17 33 92 69 0 0 0 0 0 0 0 0 0 0 1 8 5 0 25 87 77 59 57 7 0 31 32 10 11 6 0 0 0 0 0 0 0 0 0 0 0 0 0 0 0 0 0 0 0 0 0 0 0 15 7 0 0 0 0 0 0 0 0 0 0 0 0 0 0 0 0 0 0 0 0 0 0 0 0 0 -2147483648 
-2147483648 0 0 0 0 0 0 0 0 0 0 0 0 0 0 0 0 0 0 0 0 0 0 9 10 4 0 0 0 68 62 0 0 0 0 0 0 0 0 0 0 0 0 0 0 0 0 3 0 0 0 0 4 4 18 17 0 0 6 0 14 7 0 11 8 7 7 16 40 58 50 19 3 0 0 0 0 0 0 0 0 0 0 0 0 0 0 0 0 0 1 12 9 1 0 0 0 0 0 137 217 66 1 0 0 0 0 6 0 3 6 0 0 1 0 0 4 4 0 0 0 0 0 5 8 3 0 0 1 0 8 1 0 0 0 0 4 0 0 3 1 4 0 0 12 4 2 15 4 0 9 3 0 3 0 0 0 11 23 3 0 3 11 0 0 9 0 4 8 2 9 9 2 0 5 6 16 66 47 0 0 8 0 0 0 1 1 0 3 7 3 4 1 36 129 105 33 22 25 29 20 12 9 9 3 0 0 0 0 0 0 0 0 0 0 0 6 8 0 0 0 0 0 0 0 0 0 0 37 15 0 0 0 0 0 0 0 0 0 0 0 0 0 0 0 0 0 0 0 0 0 0 0 0 0 -2147483648 
-2147483648 0 0 0 0 0 0 0 0 0 0 0 0 0 0 0 0 0 0 0 0 0 2 17 17 9 0 0 0 52 61 0 0 0 0 0 0 0 0 0 0 6 0 0 2 0 0 5 0 1 0 0 4 2 20 18 0 0 0 0 13 0 0 9 1 11 12 14 38 55 50 25 5 0 0 0 0 0 0 0 0 0 3 16 0 0 0 0 0 0 12 54 34 2 0 0 0 0 0 144 208 67 11 0 0 0 0 10 0 4 4 0 0 6 0 0 6 10 0 0 5 0 0 6 1 0 3 0 0 0 5 0 0 3 0 0 10 2 0 5 1 3 0 0 11 3 3 13 8 3 1 0 1 9 0 0 8 10 15 3 4 12 3 0 2 5 0 5 7 6 9 15 0 0 10 0 0 22 17 0 0 6 1 0 4 9 0 0 6 10 2 11 0 29 129 113 46 40 45 23 2 12 12 3 0 0 0 0 0 0 0 0 0 0 0 0 24 34 0 0 0 0 0 0 0 0 0 0 53 16 0 0 0 0 0 0 0 0 0 0 0 0 0 0 0 0 0 0 0 0 0 0 0 0 0 -2147483648 
-2147483648 0 0 0 0 0 0 0 0 0 0 0 0 0 0 0 0 0 0 0 0 0 2 18 15 8 0 0 0 34 54 1 0 0 0 0 0 0 0 0 1 10 8 0 1 0 0 2 0 2 0 0 1 0 19 16 0 0 0 1 0 0 11 7 0 10 11 15 38 54 53 29 6 0 0 0 0 0 0 0 0 0 5 45 4 16 1 3 0 0 37 103 52 1 0 0 0 0 0 138 196 63 17 0 0 0 0 9 0 0 1 0 0 2 6 0 6 7 0 0 3 1 8 6 0 0 4 1 0 0 8 4 0 0 2 4 2 3 0 7 2 2 0 6 17 0 3 10 16 12 0 0 0 4 0 0 12 11 15 4 1 12 4 0 7 2 0 5 6 11 6 15 0 0 6 0 0 4 13 11 0 0 3 0 1 9 0 0 5 5 5 19 0 18 94 120 106 71 31 1 1 10 8 6 3 0 0 0 0 0 0 0 0 0 0 0 41 55 0 0 0 0 0 0 0 0 0 0 60 13 0 0 0 0 0 0 0 0 0 0 0 0 0 0 0 0 0 0 0 0 0 0 0 0 0 -2147483648 
-2147483648 0 0 0 0 0 0 0 0 0 0 0 0 0 0 0 0 0 0 0 0 0 1 10 10 1 0 0 0 18 56 4 0 0 0 1 0 0 0 2 1 7 10 0 0 0 0 0 2 3 0 5 2 0 15 4 0 4 7 4 0 0 8 10 7 6 9 16 35 52 54 31 8 1 0 0 0 0 0 0 0 0 0 60 37 50 12 12 0 0 54 124 50 0 0 0 0 0 0 142 190 65 26 0 0 0 0 8 0 0 0 2 1 0 6 0 4 7 0 0 0 1 9 11 0 0 5 0 0 8 9 6 0 0 9 7 0 3 9 5 2 4 0 15 22 0 13 23 22 9 0 0 0 0 0 0 13 18 17 10 0 6 8 0 4 7 1 2 10 11 2 9 9 0 0 5 1 0 15 11 0 0 3 10 0 6 1 0 6 0 10 17 0 28 96 152 132 48 0 0 0 3 24 29 15 0 0 0 0 0 0 0 0 0 0 0 45 47 0 0 0 0 0 0 0 0 0 0 61 12 0 0 0 0 0 0 0 0 0 0 0 0 0 0 0 0 0 0 0 0 0 0 0 0 0 -2147483648 
-2147483648 0 0 0 0 0 0 0 0 0 0 0 0 0 0 1 0 0 0 0 0 0 4 1 3 0 0 0 0 0 66 9 0 0 0 2 1 0 0 10 2 0 9 7 0 0 0 1 8 0 0 0 3 9 9 0 0 0 6 6 0 0 1 9 16 4 10 16 33 50 49 32 11 2 0 0 0 0 0 0 0 0 0 72 87 79 21 12 0 0 50 132 48 0 0 0 0 0 0 142 184 71 31 0 0 0 0 6 0 0 0 0 0 0 2 9 0 0 0 0 0 4 12 17 0 0 2 0 0 8 9 4 0 0 11 0 0 6 13 0 0 7 4 11 18 12 29 39 27 11 0 0 0 0 0 0 13 25 18 22 0 3 1 0 0 16 3 0 15 13 4 7 6 0 0 12 6 1 15 7 0 0 7 18 0 3 9 6 6 3 11 9 4 51 169 199 82 0 0 0 0 0 46 52 26 0 0 0 0 0 0 0 0 0 0 0 42 30 0 0 0 0 0 0 0 0 0 0 64 14 0 0 0 0 0 0 0 0 0 0 0 0 0 0 0 0 0 0 0 0 0 0 0 0 0 -2147483648 
-2147483648 0 0 0 0 0 0 0 0 0 0 0 1 9 0 0 0 0 0 2 0 0 4 0 0 0 0 0 0 0 69 27 0 0 0 4 8 0 0 11 3 0 5 10 0 0 1 0 10 1 0 0 2 16 7 0 0 0 3 2 0 7 6 5 12 3 8 18 38 50 45 33 12 1 0 0 0 0 0 0 0 0 0 89 128 92 18 7 0 0 44 144 52 0 0 0 0 0 0 131 173 57 25 0 0 0 0 0 0 0 0 0 0 0 1 19 0 0 0 0 1 4 8 14 0 0 0 0 0 0 8 5 0 1 5 0 0 7 13 0 0 8 10 15 13 21 39 37 32 19 0 0 0 0 0 0 13 20 17 31 7 4 0 0 0 18 1 0 9 14 12 8 0 0 4 12 12 3 12 5 0 0 6 14 0 4 27 18 8 11 5 5 11 65 241 241 39 0 0 0 0 0 31 49 21 0 0 0 0 0 0 0 0 0 0 0 41 22 0 0 0 0 0 0 0 0 0 0 73 18 0 0 0 0 0 0 0 0 0 0 0 0 0 0 0 0 0 0 0 0 0 0 0 0 0 -2147483648 
-2147483648 0 0 0 0 2 0 0 2 3 0 0 1 10 2 0 0 0 5 0 0 0 2 2 0 0 0 0 0 0 58 48 6 0 0 5 4 0 1 8 0 1 5 0 0 5 1 0 10 6 0 0 4 15 8 1 0 0 3 0 0 5 10 6 8 5 7 20 43 47 42 36 12 0 0 0 0 0 0 0 0 0 0 101 146 87 10 7 0 0 47 147 55 1 0 0 0 0 0 99 160 38 16 0 0 0 0 0 0 0 0 0 0 0 0 18 6 0 0 0 8 0 0 2 0 1 1 0 0 0 3 4 0 0 2 0 0 6 5 0 1 4 5 24 17 20 38 28 34 23 0 0 0 0 0 0 8 18 18 23 13 15 3 0 0 6 2 0 1 9 16 4 0 3 2 10 8 0 14 3 0 4 3 6 0 0 22 24 16 17 6 11 12 74 255 255 27 0 15 0 0 0 5 35 13 0 0 0 0 0 0 0 0 0 0 0 44 19 0 0 0 0 0 0 0 0 0 2 82 18 0 0 0 0 0 0 0 0 0 0 0 0 0 0 0 0 0 0 0 0 0 0 0 0 0 -2147483648 
-2147483648 0 0 0 0 3 4 0 0 6 0 0 0 8 4 4 0 0 2 0 0 0 5 5 0 0 1 0 0 0 44 60 15 0 0 6 2 0 0 4 2 5 6 0 0 4 0 0 6 6 0 0 2 8 10 5 0 1 4 0 0 2 11 9 7 9 10 19 41 45 39 37 13 0 0 0 0 0 0 0 0 0 0 101 149 83 9 4 0 0 51 141 54 2 0 0 0 0 0 61 148 35 7 0 0 0 0 1 0 0 0 0 0 0 0 9 8 0 0 0 7 4 0 0 0 1 5 0 0 6 0 0 1 0 3 0 0 9 0 1 10 0 0 23 25 16 29 24 31 28 0 0 0 0 0 0 5 18 14 12 15 25 7 0 0 0 2 0 1 6 6 0 5 7 0 3 0 2 15 1 4 22 7 14 0 0 0 21 24 19 12 19 5 84 255 255 17 0 24 0 0 0 0 30 12 0 0 0 0 0 0 0 0 0 0 0 43 16 0 0 0 0 0 0 0 0 0 11 90 16 0 0 0 0 0 0 1 0 0 0 0 0 0 0 0 0 0 0 0 0 0 0 0 0 0 -2147483648 
-2147483648 0 0 0 0 0 7 0 0 7 8 0 0 5 1 1 1 0 0 0 0 0 8 4 0 0 0 0 0 0 35 69 9 0 0 8 6 0 0 1 3 5 4 0 1 1 0 0 1 0 5 5 0 2 13 4 0 2 3 0 0 3 9 9 7 11 8 18 36 45 42 35 14 0 0 0 0 0 0 0 0 0 0 88 155 95 13 0 0 0 56 138 48 1 0 0 0 0 0 40 138 27 0 0 0 0 0 0 0 0 0 0 0 3 0 1 1 0 0 0 4 6 0 2 1 0 5 0 0 5 0 0 5 3 1 0 0 11 5 4 3 0 0 18 21 13 25 18 25 29 0 0 0 0 0 0 5 13 4 6 11 18 19 9 0 3 0 0 0 0 5 0 5 6 0 0 3 4 6 2 3 13 8 14 4 0 0 14 28 10 4 18 3 94 255 255 9 0 29 2 0 0 2 31 9 0 0 0 0 0 0 0 0 0 0 0 39 13 0 0 0 0 0 0 0 0 0 20 95 16 0 0 0 0 0 0 3 0 0 0 0 0 2 0 0 0 0 0 0 0 0 0 0 0 0 -2147483648 
-2147483648 0 0 0 0 0 9 0 0 5 7 0 0 0 0 0 2 6 0 0 0 1 5 3 0 0 0 0 0 0 28 69 2 0 0 2 6 0 0 3 0 3 10 0 3 4 0 0 2 0 4 10 0 0 9 5 0 3 4 0 0 4 8 7 8 13 2 14 35 45 49 35 11 0 1 0 0 0 0 0 0 0 0 85 153 103 26 0 0 0 65 139 41 0 0 0 0 0 0 25 132 16 0 0 0 0 0 0 0 0 0 0 3 9 0 0 1 0 0 0 1 0 0 6 3 0 1 4 0 0 0 1 3 0 0 0 0 7 12 2 0 0 2 15 9 11 22 16 24 20 0 0 0 0 0 0 2 7 2 0 9 9 21 19 3 2 0 0 0 0 12 4 0 6 0 0 8 2 0 5 0 1 6 5 3 0 0 7 19 0 0 14 2 105 255 255 20 0 34 9 3 0 4 34 8 0 0 0 0 0 0 0 0 0 0 0 41 11 0 0 0 0 0 0 0 0 0 27 97 14 0 1 0 0 0 1 3 0 1 0 0 0 5 0 0 0 0 0 0 0 0 0 0 0 0 -2147483648 
-2147483648 0 0 0 0 0 5 0 0 0 5 2 0 0 5 0 0 7 1 0 0 2 2 3 0 0 5 0 0 0 19 65 9 2 0 0 6 0 0 7 0 3 14 0 0 4 0 0 0 0 0 8 0 0 6 7 0 0 6 0 0 0 7 8 11 13 2 13 35 44 51 35 8 1 3 0 0 0 0 0 0 0 0 95 137 99 41 3 0 0 74 141 28 0 0 0 0 0 0 21 130 10 0 0 0 0 0 0 0 0 0 0 1 8 0 0 4 0 0 0 0 0 0 4 2 0 0 8 9 0 0 0 5 0 0 0 5 5 0 0 0 0 5 14 3 9 15 15 24 15 0 0 0 0 3 0 0 6 3 1 9 6 9 12 17 0 0 3 0 0 7 4 0 4 0 0 13 10 0 0 0 0 5 7 0 0 6 3 6 0 0 15 0 108 255 255 54 9 34 12 0 0 5 37 10 0 0 0 0 0 0 0 0 0 0 0 46 9 0 0 0 0 0 0 0 0 0 35 95 12 0 4 1 0 0 3 1 0 1 0 0 1 3 0 1 0 0 0 0 0 0 0 0 0 0 -2147483648 
-2147483648 5 0 0 1 0 0 4 0 0 12 0 0 0 13 0 0 0 1 0 0 3 1 0 0 0 1 0 0 0 2 71 25 0 0 2 3 0 0 2 6 10 7 0 0 3 9 0 0 2 0 0 0 5 8 6 0 0 6 3 0 0 3 13 15 9 5 22 33 38 47 35 9 1 5 1 0 0 0 0 0 0 0 104 127 96 44 3 0 0 75 132 11 6 11 0 0 0 0 34 131 1 0 0 0 0 0 0 0 0 0 0 3 0 0 3 1 0 0 0 0 7 4 3 3 0 0 3 10 2 0 0 3 0 0 0 7 3 0 0 0 0 8 14 0 2 10 15 21 14 0 0 0 3 12 0 1 6 0 5 3 8 5 1 21 3 0 0 1 3 4 7 0 3 0 0 11 11 0 0 0 4 2 9 0 0 9 1 0 4 0 10 2 109 255 255 78 16 31 8 0 0 6 37 9 0 0 0 0 0 0 0 0 0 0 4 51 7 0 0 0 0 0 1 1 0 0 49 88 10 2 6 0 0 4 2 0 0 0 0 0 4 1 0 2 0 0 0 0 0 0 0 0 0 0 -2147483648 
-2147483648 3 0 0 0 0 0 7 4 0 11 0 0 1 12 2 0 0 0 0 0 4 0 0 0 0 0 0 0 0 0 69 37 0 2 3 0 0 1 0 8 11 5 4 1 0 4 0 0 2 0 0 3 5 1 6 0 0 8 3 0 0 2 12 18 6 6 25 31 34 43 35 8 1 8 4 0 0 0 0 0 0 0 132 130 75 31 1 0 0 66 106 10 26 11 0 0 0 0 41 127 0 0 0 0 0 0 0 0 0 0 0 3 0 0 1 0 0 0 0 0 1 4 1 6 3 0 0 10 0 0 6 0 1 0 0 7 0 0 0 0 0 14 8 0 0 8 16 20 7 0 0 0 5 7 0 18 1 0 7 1 11 9 0 14 11 0 0 0 4 9 4 0 7 4 1 4 1 1 0 0 8 5 2 0 0 4 2 0 7 1 3 5 111 255 255 84 25 27 5 0 0 6 36 8 0 0 0 0 0 0 0 0 0 0 14 61 8 0 0 0 0 0 3 3 0 0 60 84 7 7 5 0 2 9 0 0 3 0 0 0 6 2 0 2 0 0 1 0 0 0 0 0 0 0 -2147483648 
-2147483648 0 2 0 0 0 0 5 13 0 2 1 0 2 10 0 0 0 0 0 0 2 0 0 0 0 0 0 0 0 0 52 39 12 0 0 4 0 0 6 5 3 11 8 7 0 0 0 0 1 0 0 8 1 0 7 0 1 13 0 0 13 8 8 22 12 8 18 23 26 36 26 3 1 8 7 1 0 0 0 0 0 1 169 126 20 1 3 0 0 47 77 44 57 3 0 0 0 0 33 111 0 0 0 0 0 0 0 0 0 0 0 0 0 0 0 0 4 0 0 5 0 0 0 9 6 0 0 10 0 0 10 0 3 0 0 10 0 0 0 0 0 12 0 0 0 13 10 12 1 0 0 0 5 2 0 13 1 0 9 6 2 7 0 6 9 0 0 2 6 6 0 0 8 5 2 4 2 0 0 0 9 8 0 1 0 1 1 0 5 4 1 5 111 255 255 94 30 18 4 0 0 6 31 5 0 0 0 0 0 0 0 0 0 0 20 72 12 0 0 0 0 0 5 6 0 0 65 86 8 4 2 0 4 11 0 0 5 0 0 0 4 2 0 2 0 0 2 0 0 0 0 0 0 0 -2147483648 
-2147483648 0 3 0 0 0 0 3 5 4 0 1 0 2 12 0 0 5 0 0 2 3 0 0 0 0 0 0 0 0 0 42 46 22 0 0 13 0 0 8 4 6 11 0 8 0 0 0 0 6 0 0 10 0 8 10 0 13 26 10 9 29 18 8 17 15 9 10 9 10 19 11 0 0 0 5 0 0 0 0 0 0 18 168 98 0 0 2 0 0 18 46 97 96 1 0 0 0 0 0 46 0 0 0 0 0 0 0 0 0 0 0 0 0 0 1 0 0 0 4 7 3 0 0 1 3 0 0 9 0 0 6 0 0 0 2 12 0 0 8 0 0 2 0 0 3 18 7 0 0 0 0 0 9 3 0 0 4 0 6 6 0 3 5 0 0 6 2 11 8 0 6 0 0 8 0 7 11 0 0 0 5 0 0 8 3 4 0 0 6 3 1 1 111 255 255 107 24 9 0 0 0 4 19 1 0 0 0 0 0 0 0 0 0 0 29 78 10 0 0 0 0 1 5 9 0 0 75 86 10 0 2 7 3 6 0 0 1 2 2 0 1 3 0 1 1 0 2 0 0 0 0 0 0 0 -2147483648 
-2147483648 0 0 0 2 0 0 4 0 5 3 2 0 0 6 0 0 8 2 0 0 7 0 0 0 0 0 0 0 0 0 41 61 22 0 0 10 0 0 4 3 8 8 0 4 0 0 0 6 13 0 0 14 8 21 22 19 31 32 18 14 22 13 4 5 6 4 3 1 1 4 2 0 0 0 0 0 0 0 0 0 0 31 148 71 0 0 0 0 0 8 15 90 97 8 0 0 0 0 0 0 0 2 0 0 0 0 0 0 0 0 0 1 0 0 5 2 0 0 15 8 1 2 0 0 10 0 0 1 5 0 0 0 0 0 4 10 0 0 8 0 0 0 0 5 5 14 6 0 0 0 0 3 11 4 0 0 2 4 0 0 9 1 0 0 0 6 10 12 8 0 8 0 0 8 0 10 8 0 0 0 3 0 0 8 4 6 0 0 7 4 2 0 110 255 255 115 16 4 0 0 0 1 8 0 0 0 0 0 0 0 0 0 0 0 41 79 3 0 0 0 0 2 1 9 0 0 81 75 10 0 4 15 3 3 1 0 0 3 3 0 1 2 0 0 4 0 2 1 0 0 0 0 0 0 -2147483648 
-2147483648 0 0 0 0 0 0 0 0 1 1 3 2 0 0 0 0 4 5 0 0 2 0 2 0 0 0 0 0 0 0 32 67 18 0 0 4 0 0 2 4 4 8 0 1 2 0 0 1 13 7 4 25 28 28 30 29 25 15 8 6 6 2 0 0 0 0 0 0 0 0 0 0 0 0 0 0 0 0 0 0 0 46 153 69 5 18 9 14 29 21 6 27 36 15 0 0 0 0 0 4 0 0 0 0 0 0 0 0 0 0 2 4 0 0 4 5 0 0 15 15 0 0 0 0 12 0 0 0 15 0 0 5 0 0 4 4 0 3 11 0 0 2 0 5 6 6 7 0 0 0 0 6 6 0 0 2 3 3 0 2 8 0 0 0 0 4 9 5 10 8 0 0 2 0 3 10 0 0 1 0 0 0 0 1 11 8 0 0 5 4 1 3 110 255 255 119 9 1 0 0 0 0 2 0 0 0 0 0 0 0 0 0 0 0 51 76 0 0 0 0 0 0 0 4 0 0 84 62 7 0 4 11 4 4 4 0 0 2 0 0 3 2 0 0 5 0 1 2 0 0 1 0 0 0 -2147483648 
-2147483648 0 1 2 0 0 0 0 0 0 0 1 6 1 0 0 0 4 0 0 0 0 3 3 0 0 5 0 0 0 0 12 66 20 0 0 5 0 0 0 4 6 7 1 6 5 0 11 9 25 38 24 31 29 17 14 12 6 1 0 0 0 0 0 0 0 0 0 0 0 0 0 0 0 0 0 0 0 0 0 0 0 60 180 81 13 23 13 16 36 31 16 0 0 0 0 0 0 0 24 70 0 0 0 0 0 0 0 0 0 0 2 5 0 0 5 4 0 0 0 15 0 0 0 3 0 0 0 0 10 0 0 0 0 5 3 0 0 5 16 0 0 6 4 0 2 0 8 12 0 0 0 12 4 0 0 0 5 0 9 11 0 0 8 0 0 7 0 1 10 12 0 0 5 0 6 4 0 5 2 0 0 0 0 0 13 12 0 0 7 0 2 11 106 255 255 116 5 0 0 0 0 0 0 0 0 0 0 0 0 0 0 0 0 0 63 70 0 0 0 0 0 0 0 0 0 0 94 57 0 0 6 8 4 3 6 0 1 2 0 0 5 4 0 0 3 0 0 1 0 0 2 0 0 0 -2147483648 
-2147483648 0 0 2 0 0 4 0 0 1 1 3 2 0 0 0 0 4 0 0 0 0 2 5 0 0 0 0 0 0 0 0 68 32 3 1 6 0 0 0 0 10 9 7 20 18 16 30 25 32 34 17 14 10 3 0 0 0 0 0 0 1 0 0 0 0 0 0 0 0 0 0 0 0 0 0 0 0 0 0 0 0 78 203 91 16 22 16 14 27 30 17 4 0 0 0 0 0 0 0 20 0 1 0 0 0 0 0 0 0 0 0 5 1 0 2 2 2 0 0 3 9 10 2 0 0 2 5 0 2 0 0 0 0 4 1 0 0 0 12 0 0 8 4 1 4 0 4 15 1 0 0 10 5 2 0 0 0 0 15 9 0 3 6 0 0 10 0 0 10 14 0 0 7 7 1 0 0 10 1 0 0 2 0 0 9 17 0 0 13 0 4 15 103 255 255 108 3 0 0 0 0 0 0 0 0 0 0 0 0 0 0 0 0 0 74 62 0 0 0 0 0 0 0 0 0 0 99 53 0 0 6 5 6 0 3 0 3 2 0 2 5 3 0 0 2 0 0 1 0 0 1 0 0 0 -2147483648 
-2147483648 5 0 1 0 0 9 0 0 6 3 2 0 0 0 0 4 2 2 0 0 0 0 3 0 0 0 1 0 0 0 0 64 43 6 0 0 0 3 0 0 30 31 21 31 28 27 27 16 13 10 2 0 0 0 0 0 0 1 2 0 4 5 0 0 0 0 0 0 0 0 0 0 0 0 0 0 0 0 0 0 0 97 216 97 22 27 26 17 15 15 6 2 0 0 0 0 0 0 0 6 0 0 0 0 0 0 0 0 0 0 0 5 0 0 0 3 5 0 0 0 9 9 0 0 0 14 3 0 2 0 0 11 0 0 0 0 0 0 8 1 0 9 0 0 9 0 5 8 0 0 0 0 5 12 0 0 0 0 13 4 1 0 0 0 0 7 3 0 15 9 0 0 3 5 3 0 0 15 1 0 0 3 0 0 9 19 0 0 13 0 6 18 102 255 255 103 1 0 0 0 0 0 0 0 0 0 0 0 0 0 0 0 0 0 82 57 0 0 0 0 0 0 0 0 0 0 101 51 3 0 5 3 5 0 1 2 4 3 0 2 0 1 0 2 2 0 0 3 0 0 0 0 0 0 -2147483648 
-2147483648 4 0 0 0 0 6 0 0 11 0 0 0 0 0 0 4 3 1 0 0 3 0 0 5 0 0 0 0 0 0 0 54 47 6 0 0 0 13 11 28 56 46 24 18 8 1 0 0 0 0 0 0 0 0 0 1 2 5 8 3 11 16 6 6 3 0 0 0 0 0 0 0 0 0 0 0 0 0 0 0 0 107 231 107 25 26 21 9 4 2 0 0 0 0 0 0 0 0 65 92 0 0 0 0 0 0 0 0 0 0 1 3 0 0 0 6 7 0 0 0 2 1 0 0 0 13 6 0 0 1 0 9 3 0 0 1 4 0 8 0 0 7 0 0 15 9 6 8 0 0 0 0 4 9 0 4 2 6 10 0 4 0 0 15 0 1 7 0 12 0 0 12 0 4 8 0 5 10 0 0 2 0 0 0 10 11 0 7 5 0 10 17 98 255 255 103 0 0 0 0 0 0 0 0 0 0 0 0 0 0 0 0 0 0 92 51 0 0 0 0 0 0 0 0 0 0 109 52 4 0 8 8 0 6 4 1 4 2 0 0 0 0 0 4 3 0 1 2 0 1 0 0 0 0 -2147483648 
-2147483648 0 0 0 0 0 2 0 0 7 0 0 3 0 0 0 3 0 0 0 0 2 0 0 3 0 0 0 0 0 0 0 52 51 8 0 0 6 23 46 69 46 22 9 1 0 0 0 0 0 0 0 0 0 0 0 1 2 0 8 12 17 26 23 29 23 10 9 8 5 4 0 0 0 0 0 0 0 0 0 0 0 123 246 108 16 10 6 1 0 0 0 0 0 0 0 0 0 0 116 139 0 0 0 0 0 0 0 0 0 0 0 0 0 1 0 7 9 0 0 0 0 0 0 0 2 4 6 0 0 2 1 0 9 0 0 0 4 5 6 0 3 5 0 0 21 10 0 14 0 0 0 7 4 0 0 1 5 12 5 0 9 0 0 23 0 0 6 6 4 0 7 9 0 8 2 3 9 0 0 0 1 0 0 2 11 2 0 4 4 2 7 12 96 255 255 103 1 1 0 0 0 0 0 0 0 0 0 0 0 0 0 0 0 0 108 45 0 0 0 0 0 0 0 0 0 0 118 48 0 0 8 13 0 9 8 3 3 0 0 0 0 1 0 1 3 0 2 0 0 3 1 0 0 0 -2147483648 
-2147483648 0 0 0 0 0 2 2 0 0 2 2 0 0 0 3 2 0 0 0 0 0 0 3 3 0 0 0 0 0 0 0 58 59 13 8 13 18 34 59 57 15 1 0 0 0 0 0 0 0 0 0 0 0 0 0 0 0 0 0 0 0 3 26 47 49 30 25 23 33 36 41 37 16 9 0 0 4 11 0 0 0 150 255 86 4 0 0 0 0 0 0 0 0 0 0 0 0 0 114 117 0 5 0 0 0 0 0 0 0 0 0 0 1 0 4 7 0 0 0 4 0 0 0 11 7 0 6 10 0 0 1 0 7 0 0 0 2 3 2 4 0 0 0 0 15 7 0 13 6 0 0 14 0 0 0 1 17 2 0 1 2 0 0 11 0 0 3 13 2 0 6 2 6 8 0 0 9 4 0 0 0 0 0 5 12 0 0 0 9 12 0 9 100 255 255 105 3 2 0 0 0 0 0 0 0 0 0 0 0 0 0 0 0 0 129 43 0 0 0 0 0 0 0 0 0 0 125 40 0 0 1 9 2 6 15 6 1 2 0 1 1 0 0 0 2 1 0 0 0 3 2 0 0 1 -2147483648 
-2147483648 1 0 0 1 0 2 8 0 0 5 0 0 1 0 1 2 0 0 0 0 1 0 0 0 0 0 0 0 0 0 0 81 81 19 20 31 25 27 28 16 1 0 0 0 0 0 0 0 0 0 0 0 0 0 0 0 0 0 0 0 0 0 0 17 27 8 0 0 20 45 87 114 78 60 35 25 32 23 0 0 0 167 255 59 0 0 0 0 0 0 0 0 0 0 0 0 0 0 63 31 0 7 0 0 0 0 0 0 0 0 0 0 0 0 12 6 0 0 0 5 0 0 0 11 2 0 5 14 8 3 0 0 0 0 0 0 0 2 0 15 0 0 8 0 4 5 4 10 0 0 2 9 0 0 0 7 17 0 0 4 0 0 0 0 5 0 2 12 0 5 6 0 6 10 0 0 8 7 0 0 0 0 4 9 9 0 0 2 5 12 0 5 103 255 255 110 4 1 0 0 0 0 0 0 0 0 0 0 0 0 0 0 0 0 150 39 0 0 0 0 0 0 0 0 0 0 122 33 0 0 0 3 1 7 19 7 0 3 0 1 4 0 0 0 0 0 0 4 6 1 1 1 0 2 -2147483648 
-2147483648 2 3 0 0 0 1 6 0 0 2 0 2 0 0 0 6 2 0 0 2 0 0 0 4 0 4 1 4 0 0 0 107 99 17 15 18 11 8 3 0 0 0 0 0 0 0 0 0 0 0 0 0 0 0 0 0 0 0 0 0 0 0 0 0 0 0 0 0 0 0 74 133 106 81 48 44 47 19 0 0 0 167 240 42 0 0 0 0 0 0 0 0 0 0 0 0 0 0 0 0 0 0 0 0 0 0 0 0 0 0 0 0 0 9 12 0 0 0 0 0 0 0 0 0 3 0 0 16 16 3 0 0 0 0 6 6 0 0 4 18 0 0 4 0 2 4 13 10 0 0 6 0 0 2 0 11 6 0 0 0 0 3 0 0 8 0 0 15 1 6 7 0 0 18 3 0 12 3 0 0 0 0 4 14 6 0 3 7 0 3 0 2 100 255 255 110 4 0 0 0 0 0 0 0 0 0 0 0 0 0 0 0 0 0 167 34 0 0 0 0 0 0 0 0 0 0 107 28 0 0 0 5 4 5 11 10 3 2 3 0 2 0 0 0 0 0 1 7 10 1 0 3 0 2 -2147483648 
-2147483648 0 5 0 0 1 0 0 0 0 1 0 0 0 0 0 4 2 0 8 1 0 0 3 16 12 18 12 14 16 0 0 96 81 6 3 2 0 0 0 0 0 0 0 0 0 0 0 0 0 0 0 0 0 0 0 0 0 0 0 0 0 0 0 0 0 0 0 0 0 0 20 63 53 38 23 32 31 6 0 0 0 166 218 31 0 0 0 0 0 0 0 0 0 0 0 0 0 0 0 0 0 0 0 0 0 0 0 0 10 0 0 0 0 14 9 0 0 1 0 0 3 0 0 0 1 0 0 17 18 0 0 0 0 0 8 9 0 0 9 4 0 2 5 0 4 4 7 9 0 0 4 0 4 8 0 9 4 0 0 0 0 0 10 0 2 0 0 23 12 7 7 0 0 18 8 0 13 3 0 0 0 0 1 14 5 0 9 11 0 0 4 7 100 255 255 108 3 0 0 0 0 0 0 0 0 0 0 0 0 0 0 0 0 8 174 29 0 0 0 0 0 0 0 0 0 0 94 26 0 0 0 7 9 3 3 11 8 3 6 1 0 0 0 0 0 0 2 4 6 2 1 6 2 2 -2147483648 
-2147483648 0 4 0 0 0 1 0 0 2 3 0 0 4 0 0 4 3 0 4 0 0 0 12 37 46 30 15 12 10 0 0 67 53 0 0 0 0 0 0 0 0 0 0 0 0 0 0 0 0 0 0 0 0 0 0 0 0 0 0 0 0 0 0 0 0 0 0 0 0 0 0 8 6 3 3 9 8 0 0 0 0 175 209 23 0 0 0 0 0 0 0 0 0 0 0 0 0 0 0 0 0 0 0 0 0 0 0 0 3 5 0 0 0 9 5 0 0 0 0 0 3 0 0 1 0 0 12 14 11 0 0 0 0 2 6 5 0 3 10 0 0 7 13 0 2 3 4 6 0 0 4 0 1 11 0 0 5 0 0 0 0 0 14 2 0 0 0 21 19 7 6 0 0 8 5 0 8 8 0 0 4 0 0 7 2 3 12 12 0 0 4 15 104 255 255 106 1 0 0 0 0 0 0 0 0 0 0 0 0 0 0 0 0 22 171 25 0 0 0 0 0 0 0 0 0 0 91 25 0 0 0 5 9 2 3 9 7 2 4 2 0 0 0 0 0 0 2 0 0 3 2 7 4 1 -2147483648 
-2147483648 2 1 0 0 0 3 0 0 4 3 0 0 5 0 0 8 8 0 0 0 0 4 25 66 60 17 6 3 0 0 0 58 37 0 0 0 0 0 0 0 0 0 0 0 0 0 0 0 0 0 0 0 0 0 0 0 0 0 0 0 0 0 0 0 0 0 0 0 0 0 0 0 0 0 0 0 0 0 0 0 0 188 209 18 0 0 0 0 0 0 0 0 0 0 0 0 0 0 47 0 0 0 0 0 0 0 0 0 0 13 2 0 5 9 0 0 0 0 0 3 0 4 4 0 0 0 19 9 3 0 0 0 4 4 3 3 1 1 10 0 0 0 6 8 3 3 4 3 0 0 2 0 0 5 0 0 6 6 0 0 0 0 8 8 0 0 0 13 17 5 3 4 2 0 2 4 3 10 2 0 0 0 0 2 2 4 11 7 0 0 3 16 105 255 255 104 0 0 0 0 0 0 0 0 0 0 0 0 0 0 0 0 0 29 165 22 0 0 0 0 0 0 0 0 0 0 94 23 0 0 0 3 6 0 2 5 2 0 1 1 0 0 0 0 0 0 1 0 0 4 1 3 2 0 -2147483648 
-2147483648 5 0 0 0 0 0 1 0 1 0 0 0 0 0 0 4 8 0 0 0 0 9 35 82 55 3 0 0 1 0 0 69 30 0 0 0 0 0 0 0 0 0 0 0 0 0 0 0 0 0 0 0 0 0 0 0 0 0 0 0 0 0 0 0 0 0 0 0 0 0 0 0 0 0 0 0 0 0 0 0 0 201 196 13 0 0 0 0 0 0 0 0 0 0 0 0 0 0 113 0 0 0 0 0 0 0 0 0 0 16 0 0 12 13 0 0 0 0 0 5 0 1 1 2 0 2 19 4 4 0 0 0 9 3 1 6 1 0 3 0 0 0 0 12 4 6 0 2 0 0 0 0 0 0 3 0 6 7 0 3 0 0 0 9 0 0 4 7 9 7 4 4 0 0 7 9 1 2 5 2 0 0 4 5 5 0 12 2 0 2 4 13 104 255 255 103 0 0 0 0 0 0 0 0 0 0 0 0 0 0 0 0 0 36 150 16 0 0 0 0 0 0 0 0 0 0 94 22 0 0 0 1 2 0 0 1 0 0 0 0 0 0 0 0 0 1 0 0 0 2 0 0 0 0 -2147483648 
-2147483648 1 0 0 2 0 0 6 8 0 0 5 0 0 2 3 0 5 0 0 2 0 4 47 86 46 0 0 0 0 0 0 89 48 10 5 3 0 0 0 0 0 0 0 0 0 0 0 0 0 0 0 0 0 0 0 0 0 0 0 0 0 0 0 0 0 0 0 0 0 0 0 0 0 0 0 0 0 0 0 0 0 208 174 8 0 0 0 0 0 0 0 0 0 0 0 0 0 0 141 0 0 0 0 0 0 0 1 0 0 12 0 0 11 11 0 0 0 7 0 1 9 1 0 5 0 0 9 7 15 2 0 0 8 4 0 6 3 6 0 0 9 0 4 6 0 3 0 3 0 0 0 3 0 0 6 0 0 3 0 6 0 0 0 0 9 0 3 2 4 10 7 3 0 0 6 5 6 0 0 8 0 0 3 5 9 2 7 0 0 4 6 13 101 255 255 101 0 0 0 0 0 1 0 0 0 0 0 0 0 0 0 0 0 38 123 8 0 0 0 0 0 0 0 0 0 0 86 29 0 0 0 0 0 0 0 0 0 0 0 0 0 0 0 0 0 0 0 0 0 0 0 0 0 0 -2147483648 
-2147483648 0 0 1 5 0 0 7 14 0 0 12 0 0 3 1 0 1 0 0 2 0 4 56 87 42 0 0 0 0 0 7 101 77 29 14 7 0 0 0 0 0 0 0 0 0 0 0 0 0 0 0 0 0 0 0 0 0 0 0 0 0 0 0 0 0 0 0 0 0 0 0 0 0 0 0 0 0 0 0 0 0 203 156 4 0 0 0 0 0 0 0 0 2 0 0 0 0 0 101 46 0 0 0 0 0 0 1 2 0 2 1 0 8 4 0 0 0 12 0 0 12 6 0 0 2 0 3 13 24 0 0 0 1 2 0 1 8 14 0 0 9 0 4 9 0 0 6 2 0 0 0 6 0 0 1 0 0 0 0 8 1 0 0 0 2 0 1 2 0 4 11 4 0 4 1 2 7 0 0 6 0 2 6 1 9 4 0 0 0 3 9 11 91 255 255 98 0 0 0 0 3 5 0 0 0 0 0 0 0 0 0 0 0 29 93 2 0 0 0 0 6 0 4 11 0 0 64 48 4 0 1 5 1 2 3 0 0 0 0 0 0 0 0 0 0 0 0 0 0 0 0 0 0 0 -2147483648 
-2147483648 0 0 2 0 0 0 3 13 0 0 5 0 0 0 0 0 0 2 0 0 0 6 53 87 48 0 0 0 0 0 1 103 77 28 13 5 0 0 0 0 0 0 0 0 0 0 0 0 0 0 0 0 0 0 0 0 0 0 0 0 0 0 0 0 0 0 0 0 0 0 0 0 0 0 0 0 0 0 0 0 0 187 136 1 0 0 0 0 0 0 0 0 4 0 0 0 0 0 0 81 0 0 0 0 0 0 0 0 0 0 3 0 9 2 0 0 0 6 0 0 7 5 0 0 2 3 3 16 23 0 0 1 0 0 0 0 9 12 0 0 0 0 0 12 4 0 6 0 0 0 5 11 3 0 0 0 6 0 0 0 0 3 0 0 0 0 8 8 0 1 14 0 0 4 1 4 0 2 3 0 0 5 6 0 6 1 0 2 4 0 4 6 89 255 255 93 0 0 0 0 13 7 0 0 0 0 0 0 0 0 0 0 0 15 65 0 0 0 0 0 17 0 6 29 0 0 17 46 16 4 0 14 2 4 13 0 3 9 0 4 8 0 1 3 2 5 3 0 1 1 0 0 0 0 -2147483648 
-2147483648 0 0 1 0 0 0 0 2 0 0 0 1 0 0 5 0 0 4 1 2 0 1 50 91 50 0 0 0 0 0 0 105 58 11 5 1 0 0 0 0 0 0 0 0 0 0 13 10 6 4 0 0 0 0 0 0 0 0 0 0 0 0 0 0 0 0 0 0 0 0 0 0 0 0 0 0 0 0 0 0 0 162 117 0 0 0 0 0 0 0 0 0 2 0 0 0 0 0 0 97 98 0 0 0 0 0 0 0 0 0 3 0 4 5 0 0 2 3 0 3 3 2 0 0 7 4 0 19 13 0 0 7 0 0 1 1 6 8 0 1 0 2 1 7 11 0 0 0 0 0 4 19 5 0 0 0 5 8 0 0 0 7 0 0 0 0 8 14 0 5 10 0 0 1 2 3 0 7 6 0 1 5 0 0 7 2 0 10 1 0 0 5 95 255 255 87 0 0 0 6 24 3 0 0 0 0 0 0 0 0 0 0 0 2 38 0 0 0 0 0 30 0 0 28 32 0 0 15 26 7 0 18 0 0 23 0 5 25 0 6 21 0 5 14 0 11 9 0 5 3 3 7 1 2 -2147483648 
-2147483648 0 0 0 0 0 0 0 0 0 0 0 3 0 0 6 0 0 1 0 2 0 1 50 96 49 0 0 0 0 0 11 103 52 10 6 2 0 0 0 0 0 0 0 0 0 41 66 29 10 4 0 9 13 11 8 6 6 7 7 5 2 0 0 0 0 0 0 0 0 0 0 0 0 0 0 0 0 0 0 0 0 133 114 9 3 0 0 0 0 0 0 0 0 0 0 0 0 0 0 56 219 45 0 0 0 0 0 0 0 0 0 0 0 4 0 0 0 7 6 1 6 0 0 0 7 5 0 13 5 0 0 8 0 0 0 0 3 7 0 1 6 4 0 9 10 0 0 0 2 0 0 22 3 0 1 0 0 5 2 0 0 1 0 0 0 0 4 14 0 8 3 0 0 0 0 5 0 6 8 0 2 0 0 0 4 4 4 9 0 0 6 7 92 255 255 82 0 0 0 41 25 2 4 2 0 0 0 0 0 0 0 0 0 0 3 0 0 0 0 0 45 2 0 6 52 0 0 0 23 0 0 17 0 0 27 0 0 29 0 0 23 0 10 22 0 14 15 0 10 3 3 22 6 1 -2147483648 
-2147483648 0 0 0 0 0 3 0 0 2 0 0 1 3 0 0 0 0 0 0 0 0 4 55 98 49 0 0 0 0 0 20 100 57 17 12 7 0 0 0 0 0 0 0 0 25 134 104 26 0 0 0 6 12 3 0 0 1 10 14 18 20 22 18 18 21 10 5 3 0 0 0 0 0 0 0 0 0 0 0 0 0 91 103 21 19 16 12 4 0 1 0 0 0 0 0 0 0 0 0 0 233 105 4 0 0 0 0 0 0 0 0 0 2 4 0 0 0 6 0 1 11 0 0 9 4 2 2 3 7 0 0 0 2 0 0 2 2 2 3 0 5 4 0 14 7 0 0 0 0 0 0 19 5 0 0 0 1 0 0 0 0 0 0 0 0 0 4 11 0 12 0 0 5 0 0 6 0 4 9 1 0 0 0 0 4 5 0 2 4 0 4 5 91 255 255 80 0 0 0 81 20 5 11 5 0 0 0 0 0 0 0 0 0 0 0 0 0 0 0 5 32 0 0 0 44 18 0 0 16 0 0 14 2 0 27 0 0 27 0 0 19 0 10 19 0 15 21 0 8 1 0 30 14 0 -2147483648 
-2147483648 0 0 2 0 0 3 0 0 0 7 0 0 6 0 0 0 1 5 0 0 0 3 57 98 48 0 0 0 0 0 21 103 59 16 12 8 0 0 0 0 0 0 0 23 172 152 62 5 0 0 0 0 0 0 0 0 0 0 0 0 35 68 50 47 65 43 33 25 5 0 0 0 0 0 0 0 0 0 0 0 0 41 55 16 54 61 39 13 0 1 0 0 1 0 0 0 1 0 0 0 181 145 19 0 0 0 0 0 0 0 0 0 4 6 0 0 0 3 0 3 12 0 0 6 4 2 2 0 8 0 0 0 0 2 0 5 1 0 10 0 2 6 0 10 7 0 3 0 0 0 3 9 5 9 0 0 6 0 0 0 0 3 0 5 0 0 4 14 3 5 0 0 3 0 2 1 0 7 3 0 0 0 1 0 9 9 0 0 12 7 0 0 96 255 255 80 0 0 0 106 19 4 10 4 0 0 0 0 0 0 0 0 0 0 0 0 0 7 27 19 0 0 0 6 25 24 0 0 17 0 0 13 11 0 22 2 0 24 0 0 15 0 6 14 0 6 24 0 0 5 0 26 20 0 -2147483648 
-2147483648 0 0 0 0 0 0 2 0 0 11 0 0 0 0 3 0 1 7 0 0 3 5 47 99 51 0 0 0 0 0 18 106 53 11 7 3 0 0 0 0 0 0 0 197 164 66 11 0 0 0 0 0 0 0 0 0 0 0 0 0 46 126 67 39 67 57 51 41 10 0 0 0 1 7 2 2 1 0 0 0 0 13 29 21 72 78 38 7 0 0 0 0 0 0 0 0 4 0 0 0 114 150 24 0 0 0 0 0 0 0 0 0 7 4 0 0 0 0 0 4 7 2 0 0 0 9 6 2 4 0 3 0 0 0 0 0 1 6 6 6 8 4 0 0 1 0 3 0 0 0 3 3 4 9 0 0 16 3 0 0 0 2 5 8 0 0 1 18 1 0 0 0 2 0 9 0 0 9 0 0 4 0 2 2 7 7 0 3 4 5 1 0 97 255 255 82 0 0 1 115 19 1 3 1 0 0 0 0 0 0 0 4 0 0 0 0 0 11 50 26 0 0 0 15 10 36 0 0 20 0 0 17 10 0 16 6 0 14 0 0 11 0 2 11 0 0 19 0 0 12 0 16 21 0 -2147483648 
-2147483648 0 0 0 0 0 0 0 0 0 4 4 0 0 0 10 0 0 6 0 0 3 10 42 98 55 0 0 0 0 0 10 98 41 4 2 0 0 0 0 0 0 0 144 202 61 7 0 0 0 0 0 0 0 0 0 0 0 0 0 0 91 195 71 9 23 25 23 15 0 0 0 0 0 11 18 28 12 0 0 0 0 13 48 30 41 36 8 0 0 0 2 0 0 1 0 0 4 0 0 0 67 124 0 0 0 0 0 2 0 0 0 0 11 0 0 2 0 0 1 1 0 8 0 0 0 6 12 7 0 0 3 1 0 0 0 0 4 10 0 6 16 4 0 0 0 11 4 0 0 0 1 10 5 0 0 0 19 4 0 0 0 0 3 8 1 0 0 10 2 4 0 0 4 0 8 2 2 3 0 0 0 3 7 2 0 1 0 12 1 0 3 8 96 255 255 84 0 0 3 113 19 0 0 0 0 0 0 0 0 0 0 13 18 0 0 0 0 15 64 28 0 0 0 13 1 47 0 0 9 0 0 18 6 0 13 3 0 8 2 0 7 0 0 7 0 0 9 0 0 11 0 8 16 0 -2147483648 
-2147483648 0 0 0 0 0 0 0 0 0 0 8 1 0 0 10 0 0 6 3 0 0 13 46 95 58 0 0 0 0 0 3 81 25 0 0 0 0 0 0 0 0 0 200 130 11 0 0 0 0 0 0 0 0 0 0 0 0 0 0 0 136 231 63 0 0 0 0 0 0 0 0 0 0 0 46 83 41 0 0 0 0 18 42 0 4 2 0 0 2 7 4 0 0 5 0 0 0 0 0 0 49 106 0 0 0 0 0 0 0 0 0 0 3 0 0 1 0 0 3 0 0 8 0 0 0 0 11 9 0 0 1 5 0 0 0 2 4 8 0 0 11 9 7 0 0 4 0 0 0 0 9 13 0 0 0 0 3 6 0 0 0 2 0 4 1 0 0 0 8 10 0 3 0 0 8 4 0 0 6 0 0 7 7 2 0 1 3 11 3 0 0 20 94 255 255 87 0 0 6 111 20 0 0 0 0 0 0 0 0 0 0 9 45 0 0 0 0 14 71 39 0 0 0 14 0 41 16 0 0 0 0 10 7 0 7 0 0 6 13 0 1 5 0 3 0 0 3 2 4 8 0 7 9 2 -2147483648 
-2147483648 0 0 0 0 0 0 0 0 0 0 6 3 0 0 8 0 0 3 0 0 0 13 47 95 63 1 0 0 0 0 7 63 9 0 0 0 0 0 0 0 0 77 192 72 0 0 0 0 0 0 0 0 0 0 0 0 0 0 0 0 157 227 51 0 0 0 0 0 0 0 0 0 0 0 61 126 70 0 0 0 0 17 10 0 0 3 0 0 7 6 2 0 3 0 0 0 0 0 0 0 63 124 0 0 0 0 0 0 0 0 2 0 0 2 2 0 0 0 2 3 0 0 1 6 0 3 5 6 1 0 1 0 0 0 0 1 1 7 0 0 0 13 8 0 1 0 0 0 0 0 15 1 0 0 1 2 0 7 3 0 0 0 0 0 0 0 0 0 10 13 5 5 0 0 11 3 0 2 8 0 1 0 1 6 0 0 6 8 0 0 3 24 86 255 255 55 0 0 37 111 20 0 0 0 0 0 0 0 0 0 0 0 26 0 0 4 0 0 48 41 0 0 0 4 0 33 40 0 0 0 0 0 4 5 0 0 0 1 16 0 0 4 0 6 1 0 3 3 5 8 0 3 10 10 -2147483648 
-2147483648 0 4 0 0 1 0 0 0 0 0 2 4 0 0 4 3 0 3 0 0 3 11 41 93 68 3 0 0 0 0 9 46 1 0 0 0 0 0 0 0 0 142 159 33 0 0 0 0 0 0 0 0 0 0 0 0 0 0 0 0 176 222 47 0 0 0 0 0 0 0 2 0 0 0 52 142 84 0 0 0 0 16 0 0 0 4 0 0 3 3 0 0 0 0 0 0 0 0 0 0 103 174 0 0 0 0 0 0 1 0 2 0 0 0 0 0 0 4 4 0 0 0 0 6 3 6 0 5 2 7 8 0 0 4 0 0 3 8 0 5 2 9 2 0 0 0 5 2 0 0 8 0 0 1 0 6 0 2 0 0 5 0 0 2 0 7 0 0 10 10 3 6 0 0 10 3 0 6 2 3 2 0 4 8 4 0 5 11 0 0 2 17 76 255 239 0 45 78 87 108 23 0 1 2 0 0 0 0 0 0 0 0 0 0 8 19 0 0 15 19 0 0 0 0 0 19 35 0 0 28 0 0 0 0 0 1 0 0 10 0 0 0 2 3 0 0 0 5 1 6 0 0 14 21 -2147483648 
-2147483648 0 7 0 0 4 0 0 0 0 0 0 5 0 0 0 0 3 6 0 0 6 10 33 89 69 4 0 0 0 0 4 36 0 0 0 0 0 0 0 0 0 180 125 9 0 0 0 0 0 0 0 0 0 0 0 0 0 0 0 0 183 221 52 0 0 0 0 7 10 3 10 9 0 0 33 141 90 0 0 0 18 19 0 0 0 0 0 0 0 0 0 0 0 0 0 0 0 0 0 13 136 231 0 0 0 0 0 0 3 0 3 0 0 0 0 0 8 12 1 0 0 0 0 0 10 8 0 3 0 7 15 0 0 9 0 0 7 6 0 7 8 0 1 0 0 0 5 10 0 0 2 4 10 1 0 3 5 0 0 0 16 0 0 2 0 10 0 0 10 2 0 8 0 0 3 3 10 4 0 6 2 0 11 6 0 0 5 15 0 0 0 11 69 255 198 0 65 124 110 108 22 0 5 11 1 0 0 0 0 0 0 0 0 0 18 23 0 0 1 2 0 0 0 0 0 4 12 0 0 55 23 0 0 0 0 0 0 0 0 0 0 0 0 0 0 0 0 0 0 0 0 0 6 14 -2147483648 
-2147483648 0 1 0 0 4 0 0 2 0 0 2 2 0 2 0 0 1 4 5 0 0 5 31 92 66 3 0 0 0 0 3 36 0 0 0 0 0 0 0 0 25 197 89 1 0 0 0 0 0 0 0 0 0 0 0 0 0 0 0 0 148 189 53 0 0 0 0 4 10 9 17 27 23 9 37 127 75 0 0 0 51 30 0 0 0 0 0 0 0 0 0 0 0 0 0 0 0 0 2 26 148 255 71 0 0 7 0 0 2 0 2 3 0 0 0 0 12 8 0 0 5 0 0 0 8 9 0 0 1 6 9 0 0 3 0 0 5 0 0 6 3 0 5 7 0 0 1 6 0 0 4 18 10 0 0 2 10 0 0 8 17 0 0 2 0 5 0 0 10 0 3 7 0 3 0 0 15 5 0 4 7 0 6 2 0 0 8 14 0 0 4 11 63 255 234 0 35 73 107 115 12 0 12 25 2 0 0 0 0 0 0 0 0 0 16 24 0 0 0 0 0 0 0 0 0 0 0 0 0 45 38 0 0 0 0 0 0 0 0 0 0 0 0 0 0 0 0 0 0 0 0 0 0 1 -2147483648 
-2147483648 0 0 0 0 5 0 0 3 0 0 2 3 1 1 0 0 0 1 9 2 1 5 39 91 54 1 0 0 0 0 3 40 0 0 0 0 0 0 0 0 98 194 53 0 0 0 2 2 1 1 0 0 0 0 0 0 0 0 0 0 87 118 35 0 0 0 0 0 3 8 7 14 23 32 57 106 41 0 0 0 76 44 0 0 0 0 0 0 0 0 0 0 0 0 0 0 0 0 5 24 143 255 173 0 0 0 8 0 0 0 2 7 0 0 0 11 8 0 2 0 4 0 0 0 4 6 0 0 4 5 0 1 2 0 0 2 0 0 2 5 0 0 3 0 2 2 0 0 0 0 4 23 1 0 0 3 9 0 0 8 9 0 0 7 0 0 0 5 3 0 10 5 0 2 5 0 11 8 0 0 7 5 0 0 3 0 7 9 0 0 9 9 61 255 255 3 0 42 112 122 4 0 22 33 1 0 0 0 0 0 0 0 0 0 15 26 0 0 0 0 0 0 0 0 0 0 0 0 0 17 50 1 0 0 0 0 0 0 0 0 0 0 0 0 0 0 0 0 0 0 0 0 0 0 -2147483648 
-2147483648 0 0 0 0 5 3 0 0 1 0 0 2 0 0 1 1 3 0 0 10 21 23 46 63 28 0 0 0 0 0 0 41 2 0 0 0 0 0 0 0 137 165 17 0 2 3 4 11 9 2 0 0 0 0 0 0 0 0 0 0 55 67 18 0 0 0 0 0 0 0 0 0 0 17 44 67 17 0 0 23 94 56 0 0 0 0 0 0 0 0 0 0 0 0 0 0 0 0 3 17 119 255 255 0 0 0 21 0 0 0 4 1 2 0 0 11 0 0 6 2 1 1 0 0 1 6 2 0 4 3 0 7 3 0 0 0 0 0 5 4 0 4 0 0 5 3 6 0 0 0 4 16 0 0 0 1 4 0 1 5 0 0 0 9 0 0 3 6 0 2 8 0 0 0 8 4 5 7 0 0 0 5 0 0 4 8 8 1 0 0 8 5 63 255 255 0 0 73 135 115 2 0 29 31 1 0 0 0 0 0 0 0 0 0 13 24 3 0 0 0 0 0 0 0 0 0 0 0 0 0 63 11 0 0 0 0 0 0 0 0 0 0 0 0 0 0 0 0 0 0 0 0 0 0 -2147483648 
-2147483648 0 0 0 0 1 3 0 0 0 6 0 0 0 0 4 12 15 7 6 27 36 29 30 22 6 0 0 0 0 0 0 35 6 0 0 0 0 0 0 0 120 104 0 0 1 8 5 14 18 1 0 0 0 0 0 0 0 0 0 0 54 52 13 0 0 0 0 0 0 0 0 0 0 0 12 17 5 0 0 47 100 67 0 0 0 0 0 0 0 0 0 0 0 1 0 0 0 0 0 12 80 255 255 0 0 0 1 0 0 0 2 0 0 0 6 0 0 0 0 2 3 10 4 0 0 11 7 0 1 6 0 4 4 0 0 0 3 0 5 5 0 0 0 2 1 0 14 2 0 0 7 9 0 1 0 0 5 0 1 2 0 8 0 4 3 0 0 5 6 5 0 0 3 0 8 6 0 7 2 0 0 0 6 0 0 10 14 0 0 1 10 3 63 255 249 0 0 107 156 100 5 0 28 25 2 0 0 0 0 0 0 0 0 0 10 21 10 0 0 0 0 0 0 0 0 0 0 0 0 0 65 33 0 0 0 0 0 0 0 0 0 0 0 0 0 0 0 0 0 0 0 0 0 0 -2147483648 
-2147483648 1 0 0 0 0 1 0 0 0 8 0 0 2 5 13 24 29 26 20 26 21 11 7 2 0 0 0 0 0 0 0 25 10 0 0 0 0 0 0 0 76 42 0 0 0 6 6 0 12 0 0 0 0 0 0 0 5 0 0 0 56 46 10 0 0 0 0 0 0 0 0 0 0 0 0 0 1 0 0 44 96 78 0 0 0 0 0 0 0 0 0 0 0 0 3 0 0 0 0 6 45 222 255 146 0 0 0 0 3 0 0 0 0 6 7 0 0 0 0 1 2 9 7 0 0 15 15 0 0 10 0 0 6 6 0 0 5 0 0 8 4 0 0 9 0 0 5 4 0 0 5 11 0 0 4 1 6 0 0 0 0 15 0 0 3 0 0 0 13 7 0 0 6 4 7 1 0 4 7 3 1 0 2 1 0 1 12 7 0 3 7 2 67 255 255 0 0 106 162 98 10 2 25 18 1 0 0 0 0 0 0 0 0 0 4 22 15 0 0 0 0 0 0 0 0 0 0 0 0 0 57 59 0 0 0 0 0 0 0 0 0 0 0 0 0 0 0 0 0 0 0 0 0 0 -2147483648 
-2147483648 0 0 0 0 0 3 0 0 1 7 5 7 19 22 25 29 28 20 11 8 3 0 0 0 0 0 0 0 0 0 0 10 15 0 0 0 0 0 0 0 50 13 0 0 0 0 3 0 0 0 0 0 0 0 0 0 6 0 0 0 62 46 0 0 0 0 0 0 0 0 4 0 0 0 0 0 0 0 0 31 105 97 0 0 0 0 0 0 0 0 0 0 0 0 0 0 0 0 5 1 24 164 255 255 0 0 0 8 1 0 3 0 0 5 0 0 0 0 0 0 2 2 8 5 0 11 16 0 0 5 0 0 2 8 0 0 5 0 0 7 2 0 3 7 0 2 0 3 0 0 2 14 0 2 13 0 0 7 1 0 0 17 6 0 3 0 0 0 11 7 0 0 5 6 9 0 0 3 7 8 7 0 0 8 0 0 5 8 5 4 3 1 70 255 255 0 0 74 151 106 14 5 21 9 0 0 0 0 0 0 0 0 0 0 0 25 19 0 0 0 0 0 0 0 0 0 0 0 0 0 43 87 2 0 0 0 0 0 0 0 0 0 0 0 0 0 0 0 0 0 0 0 0 0 -2147483648 
-2147483648 0 0 0 0 0 0 3 0 7 19 20 21 31 28 18 14 10 4 0 0 0 0 0 0 0 0 0 0 0 0 0 0 3 0 0 0 0 0 0 9 42 8 0 0 0 0 0 0 0 0 0 0 0 0 0 0 1 0 0 0 64 44 0 0 0 0 0 0 0 0 8 3 0 0 0 0 0 0 0 41 141 124 0 0 0 0 0 0 0 0 1 0 0 0 0 0 0 3 6 0 11 109 255 255 0 0 0 12 0 0 5 0 0 1 0 0 0 0 1 1 5 0 3 6 0 4 9 0 0 2 7 3 0 3 0 0 0 0 0 1 0 0 4 0 0 3 0 0 0 0 2 10 4 9 8 0 0 10 5 0 0 15 4 0 2 0 0 3 7 5 0 1 5 5 9 0 0 6 0 5 12 0 0 11 7 0 0 7 7 0 8 0 66 255 255 0 0 24 124 112 20 11 14 2 0 0 0 0 0 0 0 0 0 0 0 24 20 0 0 0 0 0 0 0 0 0 0 0 0 0 17 106 9 0 0 0 0 0 0 0 0 0 0 0 0 0 0 0 0 0 0 0 0 0 -2147483648 
-2147483648 0 0 0 0 0 0 12 17 21 29 25 19 17 11 4 1 0 0 0 0 0 0 0 0 0 0 0 0 0 0 0 0 0 0 0 0 0 0 0 29 30 5 0 0 0 0 0 0 1 0 0 0 0 0 0 2 5 0 0 0 51 41 0 0 0 0 0 2 0 0 4 3 0 0 0 0 0 0 0 48 174 163 0 0 0 0 0 0 0 3 0 0 0 0 0 0 0 2 7 5 8 63 251 255 0 0 0 17 4 0 0 0 0 4 3 0 0 0 7 7 1 0 0 1 0 1 6 0 0 7 12 3 0 0 0 0 0 0 0 0 1 4 0 0 5 0 0 0 2 0 0 3 12 10 0 0 1 1 7 0 0 5 2 0 0 0 0 6 5 3 2 1 3 5 2 1 2 0 0 5 11 0 1 12 5 0 0 8 7 0 6 0 66 255 255 43 0 0 94 112 26 14 8 0 0 0 0 0 0 0 0 0 0 0 0 21 16 0 0 0 0 0 0 0 0 0 0 0 0 0 0 100 19 0 0 0 0 0 0 0 0 0 0 0 0 0 0 0 0 0 0 0 0 0 -2147483648 
-2147483648 0 0 5 12 16 10 17 25 20 17 10 6 2 0 0 0 0 0 0 0 0 0 0 0 0 0 0 0 0 0 0 0 0 0 0 11 0 0 0 34 19 1 0 0 0 0 0 0 0 0 0 0 0 0 0 6 10 0 0 0 41 41 0 0 3 5 1 0 0 1 0 0 0 0 0 0 0 0 0 34 196 219 8 0 0 0 0 0 0 0 0 2 0 0 1 0 0 2 7 11 4 29 199 255 7 0 0 22 13 0 0 0 3 1 1 0 0 0 4 10 0 0 4 7 0 0 4 0 0 11 4 1 6 0 0 0 0 0 0 0 3 2 0 8 3 0 3 0 0 8 1 0 15 9 0 0 7 0 1 7 0 0 5 3 0 0 0 7 3 4 6 0 0 8 4 6 4 0 0 7 3 0 8 10 0 0 1 2 5 0 0 8 67 255 255 73 0 0 73 112 31 10 6 2 0 0 0 0 0 0 0 0 0 0 0 17 18 0 0 0 0 0 0 0 0 0 0 0 0 0 0 71 34 0 0 0 0 0 0 0 0 0 0 0 0 0 0 0 0 0 0 0 0 0 -2147483648 
-2147483648 0 9 19 26 22 14 8 10 6 3 0 0 0 0 0 0 0 0 0 0 0 0 0 0 0 0 0 0 0 0 0 0 0 12 11 25 0 0 0 35 8 0 0 0 0 0 0 0 0 0 0 0 0 0 6 8 0 0 0 0 36 35 0 0 3 3 1 0 0 0 0 0 0 0 0 0 0 0 0 32 217 255 40 0 0 0 0 0 0 0 0 0 0 12 4 0 2 5 3 0 0 17 138 255 58 0 0 23 8 0 0 3 4 0 0 0 5 1 0 8 0 0 11 15 0 0 4 0 0 7 2 0 6 0 0 0 0 0 0 0 0 0 1 10 0 0 10 0 0 8 5 1 15 5 0 0 10 0 0 8 0 0 3 11 0 0 4 5 0 4 1 0 0 7 12 8 1 0 0 3 0 2 11 1 0 5 6 0 0 0 0 11 66 255 255 57 0 0 79 111 39 6 4 5 0 0 0 0 0 0 0 0 0 0 0 8 23 1 0 0 0 0 0 0 0 0 0 0 0 0 0 36 54 1 0 0 0 0 0 0 0 0 0 0 0 0 0 0 0 0 0 0 0 0 -2147483648 
-2147483648 8 22 19 17 9 5 0 0 0 0 0 0 0 0 0 0 0 0 0 0 0 0 0 0 0 0 0 0 0 0 0 0 0 12 29 33 0 0 16 29 0 0 0 0 0 0 0 0 0 0 0 0 1 0 0 0 0 0 0 0 29 30 0 0 3 0 0 0 0 0 0 0 0 0 0 0 0 0 0 45 227 255 72 0 0 0 0 0 0 0 0 0 6 16 8 0 4 7 0 0 14 17 70 234 99 0 0 18 1 0 0 0 7 0 0 0 1 6 0 0 0 0 13 11 0 0 5 0 0 0 5 0 0 0 0 0 3 0 0 0 0 0 5 11 0 1 11 0 0 6 0 5 17 0 0 0 6 0 2 0 0 2 0 8 0 0 7 6 0 0 0 0 4 6 10 3 1 0 0 5 0 0 4 0 0 9 5 2 1 0 0 6 64 255 255 7 0 37 111 104 43 10 1 4 0 0 0 0 0 0 0 0 0 0 0 0 28 6 0 0 0 0 0 0 0 0 0 0 0 0 0 7 69 9 0 0 0 0 0 0 0 0 0 0 0 0 0 0 0 0 0 0 0 0 -2147483648 
-2147483648 11 12 6 3 0 0 0 0 0 0 0 0 0 0 0 0 0 0 0 0 0 0 0 0 0 0 0 0 0 0 0 0 0 0 37 38 0 0 31 14 0 0 0 0 0 4 0 0 0 0 0 0 1 0 0 0 2 13 0 0 20 29 0 0 0 0 0 0 0 0 0 0 0 0 0 0 0 0 0 53 225 255 107 0 0 0 0 0 0 0 0 8 11 2 3 0 0 2 3 10 27 2 25 169 128 0 0 9 0 0 0 0 6 2 0 0 0 2 7 0 0 4 11 5 0 0 3 0 3 1 0 0 2 4 0 1 6 0 0 4 0 0 6 6 0 1 8 0 1 5 0 6 15 2 0 0 3 0 2 0 3 3 0 0 1 0 3 4 9 1 0 0 10 10 4 0 3 0 0 8 4 0 0 0 1 8 0 2 7 5 5 2 59 255 255 0 0 63 122 105 40 12 0 1 0 0 0 0 0 0 0 0 0 0 0 0 35 13 0 0 0 0 0 0 0 0 0 0 0 0 0 0 75 24 0 0 0 0 0 1 0 0 0 1 0 0 2 0 0 1 0 0 2 2 -2147483648 
-2147483648 4 1 0 0 0 0 0 0 0 0 0 0 0 0 0 0 0 0 0 0 0 0 0 0 0 0 0 0 0 0 0 0 0 0 34 26 0 0 37 1 0 0 0 0 0 0 0 0 0 0 0 0 0 0 0 1 16 23 0 0 13 23 0 0 0 0 0 0 0 0 0 0 0 0 0 0 0 0 0 41 205 255 151 0 0 0 0 0 0 0 7 12 3 0 0 0 0 0 14 28 17 0 7 110 148 33 0 6 5 0 0 0 0 9 2 0 0 0 15 5 0 1 5 5 0 0 0 0 3 3 0 0 7 5 0 0 8 0 0 1 0 0 4 0 0 11 7 0 2 2 0 7 11 11 0 0 6 0 0 2 1 0 0 0 0 8 5 0 12 8 0 0 10 8 0 2 4 0 1 4 0 3 4 0 2 2 0 3 10 6 6 4 58 255 255 21 0 16 86 100 32 6 0 0 0 0 0 0 0 0 0 0 0 0 0 0 36 14 0 0 0 0 0 0 0 0 0 0 0 0 0 0 65 39 0 0 0 0 0 0 0 0 0 0 0 0 8 0 0 0 0 0 3 4 -2147483648 
-2147483648 0 0 0 0 0 0 0 0 0 0 0 0 0 0 0 0 0 0 0 0 0 0 0 0 0 0 0 0 0 0 0 0 0 0 30 0 0 0 33 0 0 0 0 0 0 0 0 0 0 0 0 0 0 0 0 9 14 15 0 0 15 9 0 0 0 0 0 0 0 0 0 0 0 0 0 0 0 0 0 17 176 255 197 0 0 0 3 0 0 1 4 4 0 2 0 0 7 5 16 18 0 0 6 62 146 92 0 7 12 0 0 0 0 8 4 0 0 0 8 3 2 2 0 1 0 0 0 0 0 4 0 0 8 5 0 0 7 0 0 0 4 1 0 0 5 17 4 0 4 0 0 8 8 11 0 3 7 0 0 4 0 0 1 0 0 11 10 0 2 11 0 0 8 3 0 5 0 5 7 4 0 0 2 1 2 0 4 11 10 4 2 8 65 255 255 88 0 0 37 61 16 1 0 0 0 0 0 0 0 0 0 0 0 0 0 0 28 15 0 0 0 0 0 0 0 0 0 0 0 0 0 0 39 57 2 0 0 0 0 0 6 0 0 0 0 0 13 9 0 0 2 1 2 0 -2147483648 
-2147483648 0 0 0 0 0 0 0 0 0 0 0 0 0 0 0 0 0 0 0 0 0 0 0 0 0 0 0 0 0 0 0 0 0 10 34 0 0 0 12 0 7 0 0 1 7 2 0 0 0 0 6 7 0 0 0 4 8 11 0 0 0 0 0 0 0 0 0 0 0 0 0 0 0 0 0 0 0 0 0 1 152 255 236 0 0 0 4 0 0 0 0 3 0 0 0 0 5 12 12 0 0 0 12 31 125 132 27 1 8 0 0 0 0 6 0 0 0 0 0 2 15 6 0 0 0 0 6 7 0 4 0 0 3 4 4 0 0 0 0 0 1 3 0 5 10 3 3 1 0 0 0 3 0 6 0 3 3 0 2 3 0 0 3 0 0 5 5 4 0 6 10 0 4 3 1 0 0 6 5 2 2 0 3 0 2 1 5 16 10 2 0 12 66 255 255 132 5 0 8 16 3 0 0 0 0 0 0 0 0 0 0 0 0 0 0 0 20 20 0 0 0 0 0 0 0 0 0 0 0 0 0 0 11 77 11 0 0 0 0 0 7 0 0 4 0 0 13 11 0 0 7 5 3 0 -2147483648 
-2147483648 0 0 0 0 0 0 0 0 0 0 0 0 0 0 0 0 0 0 0 0 0 0 0 0 0 0 0 0 0 0 0 6 0 21 33 0 0 5 0 0 7 2 4 9 5 0 0 0 0 0 12 19 2 0 0 0 0 1 2 50 0 0 0 0 0 0 0 0 0 0 0 0 0 0 3 5 0 0 0 0 120 255 255 0 0 0 5 0 0 0 0 7 0 0 3 0 0 11 3 0 0 0 15 27 115 146 35 0 3 0 3 0 3 1 0 0 0 0 0 9 9 2 0 0 0 0 11 9 0 3 0 0 0 0 5 0 0 1 2 0 0 2 2 5 7 0 8 5 0 0 0 0 0 6 4 0 0 0 8 0 0 0 1 4 0 1 1 3 0 0 11 7 0 4 5 0 0 7 0 0 3 0 7 1 0 7 5 6 8 4 0 12 62 255 255 148 22 0 0 0 0 0 0 0 0 0 0 0 0 0 0 0 0 0 0 0 21 21 0 0 0 0 0 0 0 0 0 0 0 0 0 0 0 82 27 0 0 0 0 0 2 0 0 2 0 0 11 4 0 1 11 2 1 6 -2147483648 
-2147483648 0 0 0 0 0 0 0 0 0 0 0 0 0 0 0 0 0 0 0 0 0 0 0 0 0 0 0 0 0 0 0 5 0 30 16 0 0 9 0 0 5 6 9 0 0 0 0 4 13 0 2 13 10 1 0 0 0 0 26 96 9 0 0 0 0 0 0 0 0 0 0 0 0 0 8 14 0 0 1 0 101 255 255 0 0 0 0 0 0 0 0 3 0 3 6 0 0 1 0 0 6 0 19 43 116 135 30 0 2 5 13 0 0 0 0 0 0 0 0 2 0 4 0 0 0 2 9 1 5 7 0 0 6 0 2 4 0 5 4 0 0 0 1 0 0 1 10 0 0 0 0 0 4 4 0 0 0 0 8 6 0 0 0 11 0 2 2 0 2 0 3 10 0 4 7 0 6 4 0 0 2 0 2 5 4 11 6 0 1 3 0 8 57 255 255 153 23 0 0 0 0 0 0 0 0 0 0 0 0 0 0 0 0 0 0 0 27 25 0 0 0 0 0 0 0 0 0 0 0 0 2 0 0 65 40 0 0 0 0 0 6 2 0 1 0 0 7 1 0 0 11 0 0 11 -2147483648 
-2147483648 0 0 0 0 0 0 0 0 0 0 0 0 0 0 0 0 0 0 0 0 0 0 0 0 0 0 0 0 0 0 0 0 10 42 0 0 0 0 0 0 13 0 0 0 0 1 2 13 17 6 0 1 6 0 0 0 0 0 20 91 51 0 0 0 0 21 0 0 0 0 0 0 0 0 0 2 0 12 0 0 106 255 255 1 0 0 0 0 0 0 0 0 0 1 0 0 0 0 0 0 20 2 21 53 112 117 37 6 0 5 15 0 0 0 0 0 0 2 0 0 0 11 0 0 0 0 7 0 4 2 0 1 4 4 1 4 0 2 7 3 0 0 1 0 0 0 10 0 0 0 0 3 8 1 0 1 3 0 3 7 0 0 1 10 0 0 4 0 0 0 6 7 0 3 10 2 6 0 0 0 3 0 1 8 5 10 7 0 0 0 2 6 51 255 255 153 21 0 0 0 0 0 0 0 0 0 0 0 0 0 0 0 0 0 0 0 34 37 0 0 0 0 0 0 0 0 0 0 0 0 19 0 0 39 46 1 0 0 2 1 15 6 0 5 5 0 2 5 0 0 6 0 0 8 -2147483648 
-2147483648 0 0 0 0 0 0 0 0 0 0 0 0 0 0 0 0 0 0 0 0 0 0 0 0 0 0 0 0 0 0 3 0 18 56 0 0 0 0 0 21 12 0 0 14 18 21 9 12 7 0 0 0 0 0 0 0 0 0 0 47 62 0 0 0 65 162 1 0 0 0 0 0 0 6 0 0 1 10 0 0 78 230 255 20 0 0 0 53 0 0 0 0 0 0 0 0 0 0 0 20 22 0 18 37 102 122 56 9 0 0 0 3 0 0 1 0 4 0 0 0 0 5 0 2 0 0 6 4 0 0 3 3 0 11 1 0 0 0 5 8 1 0 1 5 0 0 5 1 0 3 6 0 3 4 0 6 1 0 4 0 0 0 6 3 0 0 9 1 0 0 10 8 0 1 9 1 0 0 0 0 0 4 6 7 0 8 9 0 4 2 0 6 58 255 255 153 20 0 0 0 0 0 0 0 0 0 0 0 0 0 0 0 0 0 0 0 41 44 0 0 0 0 0 0 0 0 0 0 0 0 35 7 0 11 39 5 0 5 11 13 17 9 3 4 3 0 1 2 0 0 0 1 1 3 -2147483648 
-2147483648 0 0 0 0 0 0 0 0 0 0 0 0 0 0 0 0 0 0 0 0 0 0 0 0 0 0 0 0 0 0 0 0 32 63 0 0 0 0 11 39 6 0 24 31 22 24 15 9 0 0 0 0 0 0 0 0 0 0 0 21 69 60 0 0 117 227 19 0 0 0 0 0 0 22 16 4 6 6 0 0 19 109 179 0 0 0 0 116 96 68 40 18 1 0 0 0 0 0 16 32 7 0 11 18 98 146 65 0 1 5 0 7 0 0 2 0 11 0 0 1 0 0 3 4 0 4 6 7 0 0 5 3 0 4 0 0 9 0 0 7 8 0 0 7 0 0 0 0 0 6 4 0 5 0 0 14 1 0 0 2 0 0 3 0 0 3 6 4 0 0 6 8 0 0 5 0 0 0 5 0 0 9 9 7 0 7 3 0 10 4 0 3 62 255 255 158 19 0 0 0 0 0 1 0 0 0 0 0 0 0 0 0 0 0 0 0 42 41 0 0 0 0 0 0 0 0 0 0 0 0 49 56 0 0 7 6 5 10 15 24 22 16 11 2 1 2 1 0 0 0 0 3 5 0 -2147483648 
-2147483648 0 0 0 0 0 0 0 0 0 0 0 0 0 0 0 0 0 0 0 0 0 0 0 0 0 0 0 0 0 0 0 0 57 62 0 0 0 0 38 53 12 7 24 23 18 17 13 0 0 0 0 0 0 0 0 0 0 0 0 50 88 104 7 0 64 112 23 3 0 4 8 0 0 18 13 6 6 6 0 0 0 5 70 0 0 0 0 85 147 151 104 59 12 0 0 0 0 0 25 18 0 0 3 39 116 136 40 0 8 11 0 0 0 0 0 1 14 0 0 0 0 0 0 6 4 0 2 5 0 0 8 1 0 0 0 0 14 0 0 3 8 0 0 5 7 0 0 0 0 2 0 5 7 0 0 9 4 0 0 6 3 1 0 0 8 5 3 5 0 0 6 3 0 1 8 0 0 1 4 0 0 3 11 9 1 7 0 3 14 0 0 0 54 255 255 163 19 0 0 1 0 0 3 0 0 0 0 0 0 0 0 0 0 0 0 0 34 39 0 0 0 0 0 0 0 0 0 0 0 0 67 91 6 0 0 0 13 15 19 28 33 30 12 2 4 0 0 0 0 0 0 3 0 0 -2147483648 
-2147483648 0 0 0 0 0 0 0 0 0 0 0 0 0 0 0 0 0 0 0 0 0 0 0 0 0 0 0 0 0 0 0 9 82 50 0 0 0 20 50 58 27 16 17 13 13 6 0 0 0 0 0 0 0 0 0 0 0 0 5 63 85 60 38 23 21 21 27 18 0 18 24 7 21 35 14 5 12 9 0 0 0 0 37 22 0 0 0 22 75 91 70 49 14 0 0 0 0 0 7 0 0 0 29 133 108 21 0 2 2 2 0 0 3 0 0 0 7 7 0 0 0 1 0 11 13 0 1 5 0 8 3 0 0 0 1 3 7 0 0 4 5 0 0 2 3 0 0 6 0 0 1 0 7 0 1 2 0 1 4 1 0 6 0 0 9 7 6 8 0 0 6 3 0 0 5 0 0 4 7 0 0 0 11 8 1 5 0 9 17 0 0 3 51 255 255 162 18 0 0 5 4 4 3 0 0 0 0 0 0 0 0 0 0 0 0 0 24 40 2 0 0 0 0 0 0 0 0 0 0 0 77 76 0 0 0 0 16 19 30 32 34 35 15 2 6 0 0 0 0 0 0 0 0 0 -2147483648 
-2147483648 0 0 0 0 0 0 0 0 0 0 0 0 0 0 0 0 0 0 0 0 0 0 0 0 0 0 0 0 0 0 6 33 94 19 0 0 15 34 42 40 30 27 20 7 0 0 0 0 0 0 0 0 0 0 0 0 0 0 0 24 49 23 0 12 39 17 9 0 0 18 25 27 62 73 34 16 31 25 7 0 0 0 50 101 0 0 0 0 16 21 22 24 15 0 0 0 0 0 0 0 0 0 73 195 24 0 0 14 0 0 0 2 2 0 0 0 5 4 4 0 0 6 0 6 5 0 10 5 0 12 0 0 5 1 0 4 5 0 0 4 4 0 5 1 0 0 4 6 0 0 0 0 8 0 5 6 0 5 7 0 0 1 1 0 6 6 0 13 3 0 0 6 0 0 0 3 0 3 12 0 0 1 10 10 5 0 0 7 18 2 0 5 53 255 255 156 15 0 0 8 15 11 1 0 0 0 0 0 0 0 0 0 0 0 0 0 20 45 6 0 0 0 0 0 0 0 0 0 0 0 50 4 0 0 0 1 18 18 34 43 31 28 19 4 2 0 0 0 0 0 0 0 0 0 -2147483648 
-2147483648 0 0 0 1 0 0 0 0 0 0 0 0 0 0 0 0 0 0 0 0 0 0 0 0 0 0 0 1 0 0 15 62 83 0 0 47 26 23 32 14 10 22 11 0 0 0 0 0 0 0 0 0 0 0 0 0 0 0 0 0 11 8 0 6 63 27 0 0 0 18 34 43 60 64 35 9 20 25 14 0 0 10 79 140 1 0 0 0 6 5 27 27 19 2 0 0 0 0 8 3 0 0 79 134 0 0 0 14 0 0 0 0 0 0 3 0 0 0 6 0 3 11 0 0 0 0 16 3 0 11 0 0 2 0 3 5 3 0 0 4 4 0 4 1 0 0 4 0 2 0 0 9 0 0 7 11 0 1 3 1 0 0 3 4 10 3 0 8 12 0 0 4 2 0 0 10 0 0 11 0 0 0 11 9 8 0 0 8 15 8 6 0 49 255 255 154 17 0 0 4 11 12 0 0 0 0 0 0 0 0 0 0 0 0 0 0 18 58 11 0 0 0 0 0 0 0 0 0 0 0 0 0 0 0 0 5 9 11 36 54 39 28 19 10 0 0 0 0 0 0 0 0 0 0 -2147483648 
-2147483648 0 0 6 13 5 0 0 0 0 0 0 10 0 0 0 0 0 0 0 0 0 0 0 0 0 0 0 6 6 19 30 79 46 0 7 63 19 8 19 0 0 0 0 0 0 0 0 0 0 0 0 0 0 0 0 0 0 0 0 0 0 5 0 23 57 34 10 5 15 43 55 55 39 30 17 0 0 13 0 0 0 1 75 155 2 0 0 0 0 0 13 13 12 16 4 16 25 37 37 44 42 37 72 74 0 0 0 7 0 0 0 0 0 0 14 0 0 0 0 0 5 10 7 0 0 0 16 1 0 7 4 0 0 0 3 6 0 0 0 6 2 0 2 0 0 6 0 0 4 0 3 10 0 0 5 4 2 1 0 0 0 2 1 5 11 2 0 0 18 3 0 2 0 0 3 5 0 0 9 3 0 0 10 2 9 0 0 9 7 9 10 1 46 255 255 157 21 0 0 0 4 8 0 0 0 0 0 0 0 0 0 0 0 0 0 0 8 66 18 0 0 0 0 0 0 0 0 0 0 0 0 0 0 0 0 4 0 2 41 60 54 35 17 16 0 0 0 0 0 0 0 0 0 0 -2147483648 
-2147483648 0 0 10 36 16 0 0 0 0 0 0 5 0 0 0 0 0 0 0 0 0 0 0 0 0 0 10 15 20 39 44 67 0 0 33 59 10 1 0 0 0 0 0 0 0 0 0 0 0 0 0 0 0 0 0 8 1 0 0 0 0 9 3 31 41 48 55 52 63 65 55 46 31 16 5 0 0 5 0 0 0 0 28 135 1 0 0 0 0 0 0 0 6 25 19 20 33 43 45 54 52 54 64 65 0 0 0 3 0 0 0 1 3 0 8 0 0 1 0 3 5 3 33 3 0 0 7 0 0 5 14 0 0 0 0 0 0 7 0 0 0 1 4 0 0 0 0 1 5 0 0 9 0 0 1 0 1 5 0 0 1 4 2 4 2 2 0 0 18 2 0 3 0 5 5 0 0 0 4 10 0 0 4 0 9 2 0 0 0 11 5 6 52 250 255 156 25 3 0 0 7 4 0 0 0 0 0 0 0 0 0 0 0 0 0 0 0 64 29 0 0 0 0 0 0 0 0 0 0 0 0 0 0 0 0 0 0 5 38 63 67 38 15 15 0 0 0 0 0 0 0 0 0 0 -2147483648 
-2147483648 0 0 0 41 19 0 0 0 0 0 0 0 0 0 0 0 0 0 0 0 0 0 2 0 16 13 21 33 33 41 44 31 0 0 46 50 0 0 0 0 0 0 0 0 0 0 0 0 0 0 0 0 0 0 4 11 0 0 8 0 1 7 11 36 45 74 88 85 75 57 33 19 23 17 8 0 3 1 0 0 0 0 0 119 21 0 0 0 0 0 0 0 0 24 19 16 36 37 43 44 27 34 54 67 8 0 0 2 0 0 0 4 3 0 0 0 0 2 0 5 5 0 37 33 0 0 0 0 2 1 8 3 0 0 0 0 3 16 0 0 0 14 3 0 0 0 1 6 5 0 0 5 2 0 2 0 0 7 0 0 4 6 3 0 0 2 0 0 11 1 0 3 1 0 0 5 4 0 0 12 2 0 0 7 6 5 0 0 0 10 5 8 55 250 255 153 29 0 0 8 11 1 0 0 0 0 0 0 0 0 0 0 0 0 0 0 0 62 41 1 0 0 0 0 0 0 0 0 0 0 0 0 11 4 0 0 12 23 42 63 71 42 13 7 0 0 0 0 0 0 0 0 0 0 -2147483648 
-2147483648 0 0 0 23 11 0 0 0 0 0 0 0 0 0 0 0 0 0 0 0 0 2 20 15 33 31 20 42 33 28 31 1 0 0 29 17 0 0 0 0 0 0 0 0 0 0 0 0 0 0 0 0 0 0 6 9 0 0 9 0 8 14 37 54 60 85 92 77 44 27 15 5 7 18 9 0 3 3 0 0 0 0 0 136 65 0 0 0 0 0 0 0 0 10 18 26 48 45 38 30 21 47 68 67 0 0 0 1 3 0 0 1 0 0 0 4 7 0 0 2 0 0 23 49 5 0 0 0 8 0 0 7 5 1 0 0 6 11 0 0 0 13 7 0 0 0 2 10 0 0 3 0 1 0 2 2 0 9 0 0 8 0 1 0 0 4 0 0 6 7 0 0 10 0 0 17 7 0 1 8 0 0 1 8 3 6 0 0 0 6 9 9 53 247 255 152 28 0 0 23 11 0 0 0 0 0 0 0 0 0 0 0 0 0 0 0 0 60 49 5 0 0 0 0 0 0 0 0 0 0 0 0 23 26 18 17 22 40 61 60 60 47 17 0 0 0 0 0 0 0 0 0 0 0 -2147483648 
-2147483648 3 5 0 10 3 0 0 0 0 0 0 0 0 0 0 0 0 1 1 0 9 30 31 26 42 37 18 26 15 17 19 5 0 0 0 0 0 0 0 0 0 0 0 0 0 0 0 0 0 0 2 0 5 1 5 9 0 0 0 0 18 38 71 82 69 70 67 40 15 6 7 1 0 13 0 0 4 0 0 0 0 0 25 179 112 0 0 0 3 0 0 0 0 16 26 48 56 35 31 33 46 76 75 49 0 0 0 0 2 0 0 3 0 0 0 10 5 0 0 0 0 0 12 33 24 0 0 0 9 0 0 6 9 0 0 0 5 0 0 0 0 0 12 0 0 5 4 6 0 0 5 0 2 0 0 2 0 7 2 0 5 0 1 0 2 7 0 0 1 8 0 0 11 0 0 18 1 0 0 2 0 0 2 0 6 7 0 0 1 9 10 10 43 233 255 156 19 0 10 35 7 0 0 0 0 0 0 0 0 0 0 0 0 0 0 0 0 47 60 14 0 0 0 0 0 0 0 0 0 0 0 0 12 40 53 48 32 48 72 61 48 40 22 0 0 0 0 0 0 0 0 0 0 0 -2147483648 
-2147483648 5 0 0 7 1 0 0 0 0 0 0 7 2 0 0 0 0 6 12 7 32 46 32 27 38 33 11 7 0 4 6 21 33 0 0 0 0 0 0 0 0 0 0 0 0 0 0 0 0 1 0 0 11 4 7 1 0 0 1 17 46 68 89 89 59 39 29 13 8 0 0 0 0 6 0 0 0 0 0 0 0 0 61 219 151 0 0 0 4 0 0 0 15 38 37 53 50 25 42 56 66 73 52 23 0 0 0 0 0 0 2 6 0 0 0 8 0 0 0 0 1 0 2 14 21 0 0 0 6 3 0 3 3 0 0 0 0 0 0 0 1 0 12 0 0 13 2 0 0 1 2 0 4 3 0 0 0 3 7 4 0 0 3 1 10 8 0 2 0 0 0 0 6 0 1 11 0 4 0 0 0 0 4 0 8 8 1 0 2 17 3 9 38 223 255 154 8 0 29 32 2 0 0 0 0 0 0 0 0 0 0 0 0 0 0 0 0 17 72 29 0 0 0 0 0 0 0 0 0 0 0 0 12 50 63 57 41 46 70 70 45 22 17 0 0 0 0 0 0 0 0 0 0 0 -2147483648 
-2147483648 0 0 0 8 5 0 0 0 0 0 0 5 5 0 0 0 4 16 26 23 39 38 28 25 24 23 3 0 0 0 0 24 41 0 0 0 0 0 0 0 0 0 0 0 0 2 6 0 0 0 0 0 0 10 5 0 0 6 36 61 74 84 73 54 33 17 8 7 7 0 0 0 0 0 0 0 0 0 0 0 0 0 91 240 184 0 0 0 0 0 8 19 36 42 35 34 36 41 64 72 57 43 24 9 0 0 0 0 0 0 9 2 0 2 0 2 0 0 0 0 7 11 0 1 9 1 0 0 3 9 0 1 0 0 0 6 0 0 0 0 0 2 9 0 0 16 4 0 0 4 0 0 6 8 0 0 1 1 4 7 0 0 5 8 1 2 0 6 0 0 6 0 0 0 1 5 0 7 5 0 0 0 5 1 0 7 7 0 3 15 0 7 47 229 255 138 5 4 40 20 0 0 0 0 0 0 0 0 0 0 0 0 0 0 0 0 0 0 79 45 0 0 0 0 0 0 0 0 0 0 0 0 20 55 58 51 42 38 67 75 35 9 8 0 0 0 0 0 0 0 0 0 0 0 -2147483648 
-2147483648 0 0 0 10 9 0 0 0 0 0 0 1 1 2 3 8 17 25 31 31 30 22 20 16 8 13 0 0 0 0 0 5 0 0 0 6 0 0 0 0 0 0 0 0 0 4 0 0 0 0 0 0 0 13 4 2 20 43 77 82 74 64 34 19 12 6 6 6 1 0 0 1 0 0 0 0 0 0 0 0 0 0 108 252 206 0 0 0 3 10 23 31 39 32 24 27 49 67 68 59 34 15 10 9 0 0 0 0 0 0 0 0 0 0 1 1 0 0 2 0 0 15 1 0 0 0 0 0 0 6 4 0 0 0 0 6 1 0 0 0 3 5 1 0 0 14 8 0 0 3 2 0 10 10 0 0 5 1 0 3 3 0 3 12 0 0 6 3 0 0 7 4 0 1 2 3 0 4 5 0 3 0 2 0 0 8 5 1 2 7 3 6 50 229 255 127 3 26 43 9 0 0 0 0 0 0 0 0 0 0 0 0 0 0 0 0 0 0 88 60 0 0 0 0 0 0 0 0 0 0 0 0 23 54 50 37 34 31 62 64 25 9 0 0 0 0 0 0 0 0 0 0 0 0 -2147483648 
-2147483648 0 0 0 8 6 0 0 0 0 0 0 7 1 5 13 11 25 29 23 26 20 14 12 6 0 0 0 0 0 0 0 0 0 0 0 132 23 0 0 0 0 0 3 4 0 0 0 0 0 0 0 0 4 20 20 30 55 73 85 62 46 32 5 5 5 0 7 6 0 0 0 0 0 0 0 0 0 0 0 0 0 0 106 255 222 0 0 0 16 16 22 29 34 28 22 48 72 68 53 32 12 4 11 9 0 0 0 0 0 0 0 0 0 0 0 0 0 1 0 0 0 8 0 2 0 0 0 0 1 3 9 3 0 0 0 4 1 0 0 0 6 0 0 0 0 4 11 0 0 2 8 2 6 3 0 0 4 1 0 5 0 0 1 9 0 0 5 0 0 3 2 7 0 0 5 5 0 5 3 0 1 7 0 0 7 6 0 4 0 4 12 7 44 225 255 122 6 40 38 2 0 0 0 0 0 0 0 0 0 0 0 0 0 0 0 0 0 0 104 74 0 0 0 0 0 0 0 0 0 0 0 0 21 45 43 28 21 26 56 43 17 9 0 0 0 0 0 0 0 0 0 0 0 0 -2147483648 
-2147483648 0 0 0 3 0 0 0 0 0 0 1 7 10 7 20 9 21 29 7 13 16 10 0 0 0 0 0 0 0 0 0 0 0 0 0 61 154 114 33 0 0 0 0 1 0 0 0 0 0 0 0 10 21 34 54 59 66 67 53 28 19 14 0 0 2 2 3 3 0 0 0 0 0 0 0 0 0 0 0 0 0 0 104 254 230 0 0 0 21 17 18 20 34 39 38 65 68 43 33 17 3 5 12 11 0 0 0 0 0 0 0 0 0 0 0 0 0 5 15 9 0 0 0 0 0 0 0 0 5 9 5 4 2 0 0 1 0 0 0 0 1 0 0 9 0 0 16 0 0 3 7 0 0 2 0 3 4 0 3 10 0 0 6 5 0 0 0 1 0 0 1 5 0 0 0 7 0 0 3 0 0 14 2 0 6 0 0 3 0 8 15 6 39 226 255 115 26 45 23 0 0 0 0 0 0 0 0 0 0 0 0 0 0 0 0 0 0 0 126 79 0 0 0 0 0 0 0 0 0 0 0 9 22 29 34 24 13 21 43 25 4 0 0 0 0 0 0 0 0 0 0 0 0 0 -2147483648 
-2147483648 0 0 0 0 0 0 0 0 0 4 7 2 15 12 21 6 7 20 0 3 7 0 0 0 0 0 0 0 0 0 0 0 0 0 0 0 241 240 55 0 0 0 0 0 0 0 0 0 0 4 0 13 28 50 72 56 44 38 13 10 15 2 0 2 0 4 0 0 0 0 0 0 0 0 0 0 0 0 0 0 0 3 104 232 216 0 0 0 12 9 17 17 42 53 54 54 43 27 16 12 8 14 13 15 20 4 0 0 0 0 0 0 0 0 0 0 0 22 100 92 2 0 0 0 0 0 0 0 0 6 0 0 0 0 0 0 0 7 0 0 0 0 0 15 0 4 11 0 0 4 1 0 0 4 0 0 10 0 0 12 0 0 8 0 0 0 0 0 7 1 0 4 3 2 0 2 0 0 6 0 0 16 6 0 1 0 1 3 0 10 8 4 40 223 255 117 50 42 9 0 0 0 0 0 0 0 0 0 0 0 0 0 0 0 0 0 0 2 142 68 0 0 0 0 0 0 0 0 0 0 0 16 20 17 19 19 15 12 18 14 0 0 0 0 0 0 0 0 0 0 0 0 0 0 -2147483648 
-2147483648 0 0 0 1 0 0 0 0 0 2 6 7 12 11 17 2 0 2 0 0 0 0 0 0 0 0 0 0 0 0 0 0 7 0 0 0 152 157 28 0 0 6 0 0 0 0 7 9 2 1 0 1 22 43 38 8 0 5 0 21 30 10 8 8 0 0 0 0 0 0 0 0 0 0 0 0 0 0 0 0 5 11 106 200 175 0 0 0 0 0 22 35 55 54 45 33 20 23 9 16 16 17 19 15 15 0 0 0 0 0 0 0 0 0 0 0 0 65 216 205 38 0 0 0 0 0 0 0 0 2 0 3 0 0 0 0 0 0 0 0 0 0 0 7 5 8 0 0 0 0 0 0 0 3 9 0 11 0 0 4 0 0 4 0 0 9 0 0 14 8 0 5 3 0 1 1 0 0 10 0 0 10 6 0 9 0 1 8 0 1 2 5 42 221 255 126 61 33 2 0 0 0 0 0 0 0 0 0 0 0 0 0 0 0 0 0 0 35 133 34 0 0 0 0 0 0 0 0 0 0 3 13 15 15 6 11 13 4 1 2 0 0 0 0 0 0 0 0 0 0 0 0 0 0 -2147483648 
-2147483648 0 6 0 0 4 0 0 5 2 0 1 13 7 5 5 0 0 0 0 0 0 0 0 0 0 0 0 0 0 0 5 18 42 64 34 16 46 48 20 1 8 12 5 4 0 0 6 12 3 0 0 0 4 10 0 0 0 0 0 6 20 17 32 23 21 16 0 0 0 0 0 0 0 0 0 0 0 0 0 6 13 25 126 170 115 0 0 0 0 0 36 56 60 40 20 18 12 18 11 25 20 10 14 3 0 0 0 0 0 0 0 0 0 0 0 0 5 94 255 255 65 13 0 0 0 0 1 7 16 20 22 23 14 9 14 21 24 0 0 0 0 0 0 0 0 0 0 0 0 0 0 0 0 0 6 0 0 0 0 0 3 8 1 0 0 5 0 5 13 1 0 4 0 0 0 6 0 0 8 3 0 4 0 0 20 0 2 10 0 0 4 0 42 220 255 140 49 20 0 0 0 0 0 0 0 0 0 0 0 0 0 0 0 0 0 0 0 60 98 0 0 0 0 0 0 0 0 0 0 5 1 9 10 12 6 4 3 0 0 0 0 0 0 0 0 0 0 0 0 0 0 0 0 0 -2147483648 
-2147483648 0 11 3 0 3 0 0 5 7 0 6 5 0 4 0 0 0 0 0 0 0 0 0 0 0 0 0 0 0 0 0 12 29 37 39 33 35 35 31 28 30 30 26 23 24 15 14 23 14 11 0 0 0 0 0 0 0 0 0 0 0 0 14 12 19 18 0 0 0 0 0 0 0 0 0 0 0 0 0 5 29 67 152 124 62 0 0 0 0 17 44 54 46 18 4 16 22 16 11 18 10 2 0 0 0 0 4 0 0 0 0 0 0 0 0 0 22 94 255 255 71 11 0 0 0 0 10 19 34 36 41 38 30 28 53 70 64 28 0 0 0 0 0 0 0 0 0 0 0 0 0 0 0 0 0 0 0 0 0 0 0 0 0 0 0 0 1 8 0 0 0 0 5 0 0 3 0 0 1 5 0 0 0 1 17 0 3 6 0 5 6 0 40 220 255 150 26 6 0 0 0 0 0 0 0 0 0 0 0 0 0 0 0 0 0 0 0 67 54 0 0 0 0 0 0 0 0 0 0 8 3 1 0 5 8 3 0 0 0 0 0 0 0 0 0 0 0 0 0 0 0 0 0 0 -2147483648 
-2147483648 0 8 7 0 0 0 0 0 4 8 8 0 0 0 0 0 0 0 0 0 0 0 0 0 0 0 0 0 0 0 0 0 0 0 0 33 39 22 19 22 32 37 35 37 46 44 44 46 41 41 28 11 1 16 1 0 0 0 0 0 0 0 0 0 0 0 0 0 0 0 0 0 0 4 2 0 1 0 0 9 60 128 139 55 26 0 0 0 9 32 38 35 25 6 7 23 30 9 0 0 0 0 0 0 0 0 0 0 0 0 0 0 0 0 3 17 38 88 247 255 80 7 0 0 0 0 24 21 40 38 38 45 37 48 90 92 62 32 7 0 0 0 0 0 0 0 0 0 0 0 0 0 0 0 0 0 0 0 0 0 0 0 0 0 0 0 0 0 0 0 0 0 0 0 0 0 1 5 0 0 3 0 0 0 3 1 7 1 0 6 7 0 39 222 255 143 13 0 0 0 0 0 0 0 0 0 0 0 0 0 0 0 0 0 0 0 0 51 15 0 0 0 0 0 0 0 0 0 0 1 0 0 0 0 5 0 0 0 0 0 0 0 0 0 0 0 0 0 0 0 0 0 0 2 -2147483648 
-2147483648 0 0 1 0 0 0 3 0 0 7 0 0 0 0 0 0 0 0 0 0 0 0 0 0 0 0 0 0 0 0 0 0 0 0 0 37 46 9 6 3 17 22 16 32 36 33 46 43 45 47 38 27 20 40 23 11 19 10 11 13 1 0 0 0 0 0 0 0 0 0 0 0 0 0 0 46 123 92 41 41 92 124 69 5 0 0 0 7 9 23 20 23 24 12 16 14 8 0 0 0 0 0 4 2 0 0 0 0 0 0 0 0 0 4 7 22 40 80 243 255 87 5 0 0 0 0 36 22 43 36 26 53 58 70 100 77 28 10 2 0 0 0 0 0 0 0 0 0 0 0 0 0 0 0 0 0 0 0 0 0 0 0 0 0 0 0 0 0 0 0 0 0 0 0 0 0 0 0 0 0 0 0 0 0 0 0 6 0 0 2 7 6 46 225 255 130 6 0 0 0 0 0 0 0 0 0 0 0 0 0 0 0 0 0 0 0 14 26 0 0 0 0 0 0 0 0 0 5 0 0 0 0 0 0 6 0 0 0 0 0 0 0 0 0 0 0 0 0 0 0 0 0 0 0 -2147483648 
-2147483648 0 0 0 0 0 0 9 0 0 0 0 0 0 0 0 0 0 0 0 0 0 0 0 0 0 0 0 5 0 0 0 0 0 0 0 34 43 6 4 4 8 10 4 26 20 9 24 24 24 19 18 17 8 23 25 21 32 32 31 37 44 33 22 15 5 0 0 0 0 0 0 0 0 0 0 55 227 205 138 73 55 42 12 0 0 8 29 4 0 16 9 23 33 10 3 0 0 0 0 0 1 6 1 0 0 0 0 0 0 0 0 0 9 15 9 24 31 72 245 255 84 3 0 0 0 0 43 28 39 37 30 66 84 81 75 41 7 0 0 0 0 0 0 0 0 0 0 0 0 0 0 0 0 0 0 0 0 0 0 0 0 0 0 0 0 0 0 0 0 0 0 0 0 0 0 0 0 0 0 0 0 0 0 0 0 0 0 0 0 0 0 0 45 226 255 106 1 0 0 0 0 0 0 0 0 0 0 0 0 0 0 0 0 0 0 0 9 7 0 0 0 0 0 0 0 0 4 6 0 0 0 0 0 0 0 0 0 0 0 0 0 0 0 0 0 0 0 0 0 0 0 0 0 0 -2147483648 
-2147483648 0 0 0 0 0 0 1 0 0 0 0 0 0 0 0 0 0 0 0 0 0 0 0 0 0 0 0 4 0 0 0 0 0 0 21 30 21 0 10 12 4 10 8 22 19 5 11 5 4 7 0 0 0 3 4 3 14 16 14 21 33 42 37 32 48 43 29 34 21 2 0 0 0 0 0 0 131 158 143 63 2 0 0 0 0 35 21 0 0 15 10 16 21 1 0 0 0 6 0 0 5 0 0 0 0 0 0 0 0 0 0 9 25 26 15 21 23 71 240 255 79 1 0 0 0 0 50 34 31 49 57 74 82 63 35 11 1 0 0 0 0 0 0 0 0 0 0 0 0 0 0 0 0 0 0 0 0 0 0 0 0 0 0 0 0 0 0 0 0 0 0 0 0 0 0 0 0 0 0 0 0 0 0 0 0 0 0 0 0 0 0 0 20 172 197 60 0 0 0 0 0 0 0 0 0 0 0 0 0 0 0 0 0 0 0 0 0 0 0 0 0 0 0 0 0 0 9 0 0 0 0 0 0 0 0 0 0 0 0 0 0 0 0 0 0 0 0 0 0 0 0 0 0 0 -2147483648 
-2147483648 0 0 0 0 0 0 0 0 0 0 0 0 0 0 0 0 0 0 0 0 0 0 0 0 2 0 0 0 0 0 0 0 0 0 33 36 6 0 16 7 8 17 6 14 16 0 4 0 0 3 0 0 0 6 0 0 3 0 0 0 1 16 15 8 38 38 31 46 37 24 33 26 18 10 0 0 39 66 78 49 20 1 0 0 0 17 0 0 1 1 3 5 5 6 0 0 0 9 0 1 0 0 0 0 0 0 0 0 0 0 3 19 37 34 23 15 14 69 237 255 77 1 0 0 0 0 54 40 35 58 70 61 50 29 8 1 0 0 0 0 0 0 0 0 0 0 0 0 0 0 0 0 0 0 0 0 0 0 0 0 0 0 0 0 0 0 0 0 0 0 0 0 0 0 0 0 0 0 0 0 0 0 0 0 0 0 0 0 0 0 0 0 0 67 69 16 0 0 0 0 0 0 0 0 0 0 0 0 0 0 0 0 0 0 0 0 0 0 0 0 0 0 0 0 0 0 6 4 0 0 0 0 6 0 0 0 0 0 0 0 0 0 0 0 0 0 0 0 0 0 0 3 0 0 -2147483648 
-2147483648 0 0 0 0 0 0 0 0 0 0 0 0 0 0 0 0 0 0 0 0 0 0 0 0 4 0 0 0 0 0 0 0 0 0 27 30 0 8 12 4 14 15 0 4 7 0 4 1 0 0 2 0 0 7 0 0 0 0 0 0 0 5 0 0 10 18 14 10 8 8 34 44 40 52 47 52 55 45 53 60 49 9 0 0 5 0 0 0 0 0 1 3 2 10 0 0 0 6 0 0 0 0 0 0 0 0 0 0 0 0 7 28 45 31 24 17 12 64 232 255 77 2 0 0 0 1 45 37 46 57 51 33 18 6 0 0 0 0 0 0 0 0 0 0 0 0 0 0 0 0 0 0 0 0 0 0 0 0 0 0 0 0 0 0 0 0 0 0 0 0 0 0 0 0 0 0 0 0 0 0 0 0 0 0 0 0 0 0 0 0 0 0 0 7 5 0 0 0 0 0 0 0 0 0 0 0 0 0 0 0 0 0 0 0 0 0 0 6 0 0 0 0 0 9 0 0 3 25 16 0 0 8 14 5 0 0 0 0 0 0 0 0 0 0 0 0 0 0 0 0 0 3 0 0 -2147483648 
-2147483648 0 0 0 0 0 0 0 0 0 0 0 0 0 0 0 0 0 0 0 0 0 0 0 0 1 0 0 1 0 0 0 0 0 0 19 18 0 8 8 5 7 2 0 0 1 0 0 0 0 0 6 0 0 0 0 0 0 0 0 0 3 9 0 0 0 7 9 0 0 0 17 28 36 44 42 48 42 25 38 66 57 33 16 2 9 0 0 0 0 7 9 7 3 7 0 0 0 8 3 0 0 0 0 0 0 0 0 8 0 2 23 37 39 30 21 14 20 63 217 255 85 1 0 0 0 0 18 24 48 54 29 11 3 0 0 0 0 0 0 0 0 0 0 0 0 0 0 0 0 0 0 0 0 0 0 0 0 0 0 0 0 0 0 0 0 0 0 0 0 0 0 0 0 0 0 0 0 0 0 0 0 0 0 0 0 0 0 0 0 0 0 0 0 0 0 0 0 0 0 0 0 0 0 0 0 0 0 0 0 0 0 0 0 0 0 0 0 2 0 0 0 0 5 25 7 0 0 36 28 0 0 11 0 0 0 0 2 0 0 0 0 0 0 0 0 0 0 0 0 0 0 0 0 0 -2147483648 
-2147483648 0 0 0 0 0 0 0 0 0 0 0 0 0 0 0 0 0 0 0 0 0 0 0 0 2 6 0 0 0 0 0 0 0 0 8 10 0 3 9 0 0 0 0 0 0 2 0 0 0 4 0 0 0 0 0 0 1 0 0 0 2 14 0 0 0 0 4 1 0 3 18 33 41 27 26 20 9 11 31 55 46 38 23 18 9 3 10 0 10 11 8 11 7 5 0 0 0 9 3 0 0 0 0 0 0 0 0 9 1 6 33 41 35 27 20 9 19 56 176 241 111 16 5 0 0 0 0 29 48 40 16 2 0 0 0 0 0 0 0 0 0 0 0 0 0 0 0 0 0 0 0 0 0 0 0 0 0 0 0 0 0 0 0 0 0 0 0 0 0 0 0 0 0 0 0 0 0 0 0 0 0 0 0 0 0 0 0 0 0 0 0 0 0 0 0 0 0 0 0 0 0 0 0 0 0 0 0 0 0 0 0 0 0 0 0 0 0 0 0 0 0 0 3 18 17 2 0 27 23 0 9 10 0 0 2 19 27 7 0 0 0 0 1 0 0 0 0 0 0 0 0 0 0 0 -2147483648 
-2147483648 0 0 0 0 0 0 0 0 0 0 0 0 3 0 0 0 0 0 0 0 0 0 0 0 0 5 0 0 0 4 0 0 0 0 1 8 8 1 2 0 0 0 0 0 0 0 0 0 0 2 0 0 0 0 4 0 0 0 1 0 0 10 0 0 0 0 5 9 3 15 24 40 43 19 9 16 13 18 38 30 22 27 8 23 9 0 15 7 18 1 0 10 11 7 2 0 5 8 0 0 0 0 0 0 0 3 0 5 13 21 35 35 34 21 17 16 13 35 108 172 119 49 26 0 0 0 11 52 49 18 5 0 0 0 0 0 0 0 0 0 0 0 0 0 0 0 0 0 0 0 0 0 0 0 0 0 0 0 0 0 0 0 0 0 0 0 0 0 0 0 0 0 0 0 0 0 0 0 0 0 0 0 0 0 0 0 0 0 0 0 0 0 0 0 0 0 0 0 0 0 0 0 0 0 0 0 0 0 0 0 0 0 0 0 0 0 0 0 0 0 0 0 0 0 9 16 7 15 5 4 21 20 0 0 0 0 31 28 10 0 0 0 12 13 0 0 0 0 0 0 0 0 0 0 -2147483648 
-2147483648 0 0 0 0 0 0 0 0 0 0 0 0 4 0 0 0 0 0 0 0 0 0 0 0 0 0 0 0 0 9 0 0 0 0 1 12 9 6 0 0 0 0 0 0 0 0 0 0 0 3 2 0 0 0 0 0 0 0 5 0 0 0 3 3 0 0 12 17 12 24 29 34 32 17 6 23 34 28 27 3 6 25 6 18 9 0 13 9 13 0 0 8 14 10 2 0 7 0 0 0 0 0 0 1 13 5 0 2 20 35 37 28 24 25 20 23 12 24 66 87 73 55 45 13 18 42 54 66 36 5 0 0 0 0 0 0 0 0 0 0 0 0 0 0 0 0 0 0 0 0 0 0 0 0 0 0 0 0 0 0 0 0 0 0 0 0 0 0 0 0 0 0 0 0 0 0 0 0 0 0 0 0 0 0 0 0 0 0 0 0 0 0 0 0 0 0 0 0 0 0 0 0 0 0 0 0 0 0 0 0 0 0 0 0 0 0 0 0 0 0 0 0 0 0 4 21 17 9 3 10 16 15 10 5 0 0 18 28 24 15 0 0 3 20 0 0 0 0 0 0 11 6 0 0 -2147483648 
-2147483648 0 0 0 0 0 0 0 0 0 0 0 0 0 0 0 0 0 0 0 0 0 0 0 0 0 3 0 0 0 4 0 0 8 0 0 12 1 10 0 0 0 0 0 0 0 0 0 0 6 4 3 0 0 0 0 0 0 0 4 1 0 0 5 6 0 5 15 26 24 23 21 17 17 25 29 27 39 29 1 0 4 17 14 12 6 0 6 5 7 4 1 6 11 11 0 0 8 0 0 0 0 0 0 8 15 2 0 6 31 33 32 25 19 29 29 27 13 31 57 46 29 33 46 42 54 75 79 57 16 1 0 0 0 0 0 0 0 0 0 0 0 0 0 0 0 0 0 0 0 0 0 0 0 0 0 0 0 0 0 0 0 0 0 0 0 0 0 0 0 0 0 0 0 0 0 0 0 0 0 0 0 0 0 0 0 0 0 0 0 0 0 0 0 0 0 0 0 0 0 0 0 0 0 0 0 0 0 0 0 0 0 0 0 0 0 0 0 0 0 0 0 0 0 0 4 27 18 5 9 10 5 0 6 16 2 0 5 15 26 34 18 0 4 33 0 0 0 11 0 0 9 14 10 0 -2147483648 
-2147483648 0 0 0 0 0 0 0 0 0 0 0 4 0 0 0 0 0 2 0 0 0 0 3 0 0 10 2 0 0 0 0 0 5 0 0 3 0 5 0 0 0 0 0 0 0 1 4 0 7 6 0 0 0 0 3 0 0 0 0 7 0 0 6 13 15 13 10 24 30 11 9 16 17 32 48 26 24 12 0 1 5 4 12 2 10 7 0 5 7 9 9 0 0 13 0 0 4 0 0 0 6 0 0 16 9 0 0 15 36 25 21 21 24 29 27 28 21 36 45 33 22 29 49 61 75 83 69 36 11 5 4 5 3 0 0 1 0 0 0 0 0 0 0 0 0 0 0 0 0 0 0 0 0 0 0 0 0 0 0 0 0 0 0 0 0 0 0 0 0 0 0 0 0 0 0 0 0 0 0 0 0 0 0 0 0 0 0 0 0 0 0 0 0 0 0 0 0 0 0 0 0 0 0 0 0 0 0 0 0 0 0 0 0 0 0 0 0 0 0 0 0 0 0 0 0 25 26 10 7 4 0 0 0 18 15 10 2 6 13 20 16 0 8 30 0 0 22 18 3 15 2 3 20 1 -2147483648 
-2147483648 0 0 0 0 1 0 0 0 1 0 0 0 0 0 0 0 0 8 0 0 0 2 5 0 0 3 1 0 0 0 0 0 0 0 0 0 0 6 0 0 0 0 0 0 0 3 11 0 0 17 0 0 0 0 8 0 0 7 0 1 5 0 1 21 33 24 6 17 24 3 8 25 32 37 36 8 7 3 0 4 0 0 5 0 13 11 0 9 6 7 7 0 0 8 6 2 3 4 7 1 11 0 2 20 4 0 0 12 26 18 8 15 26 28 22 25 34 37 29 21 24 43 58 73 80 62 44 27 14 14 15 13 10 4 5 8 0 0 5 4 1 0 0 1 0 0 0 0 0 0 0 0 0 0 0 0 0 0 0 0 0 0 0 0 0 0 0 0 0 0 0 0 0 0 0 0 0 0 0 0 0 0 0 0 0 0 0 0 0 0 0 0 0 0 0 0 0 0 0 0 0 0 0 0 0 0 0 0 0 0 0 0 0 0 0 0 0 0 0 0 0 0 0 0 0 12 25 19 10 4 0 0 0 10 17 21 0 0 7 0 7 9 5 12 7 6 32 15 6 31 4 0 10 18 -2147483648 
-2147483648 0 0 0 2 0 0 0 0 3 0 0 0 0 10 1 0 0 6 0 0 3 0 0 4 0 0 1 0 0 0 0 0 0 0 0 0 0 7 0 0 0 0 8 1 0 0 13 0 0 17 0 0 0 0 8 0 0 10 0 0 16 3 3 18 30 25 12 18 13 11 18 24 38 38 12 0 1 9 0 0 0 0 0 0 9 15 3 3 5 1 3 4 0 3 5 10 7 0 11 13 9 0 7 18 8 9 6 3 15 11 0 14 22 19 17 27 41 31 18 15 24 54 65 70 60 36 33 30 15 18 21 13 16 7 12 20 3 2 15 10 3 4 6 3 2 6 1 2 4 0 0 0 0 0 0 0 0 0 0 0 0 0 0 0 0 0 0 0 0 0 0 0 0 0 0 0 0 0 0 0 0 0 0 0 0 0 0 0 0 0 0 0 0 0 0 0 0 0 0 0 0 0 0 0 0 0 0 0 0 0 0 0 0 0 0 0 0 0 0 0 0 0 0 0 3 1 18 20 17 17 0 0 7 0 11 29 0 0 7 0 0 17 10 11 3 0 25 17 2 10 7 9 8 19 -2147483648 
-2147483648 0 0 0 3 0 0 0 0 0 0 0 0 0 4 1 0 0 1 0 0 8 0 0 4 0 0 0 0 0 0 0 0 4 0 0 0 0 4 8 0 0 0 9 6 0 0 6 3 0 0 0 0 0 0 5 1 6 5 0 0 22 23 12 10 15 12 18 26 8 25 32 20 20 22 7 0 2 6 0 0 0 0 0 0 5 25 7 0 7 3 0 8 0 4 4 6 8 0 8 20 6 0 13 17 12 11 3 1 16 9 0 15 22 11 12 33 35 13 14 18 29 60 62 44 30 25 30 31 15 14 18 6 11 6 14 25 10 14 21 12 8 9 15 8 9 17 5 7 10 5 5 6 5 2 0 0 2 1 0 0 0 0 0 0 0 0 0 0 0 0 0 0 0 0 0 0 0 0 0 0 0 0 0 0 0 0 0 0 0 0 0 0 0 0 0 0 0 0 0 0 0 0 0 0 0 0 0 0 0 0 0 0 0 0 0 0 0 0 0 0 0 0 0 0 0 4 12 13 24 25 0 0 4 0 7 31 2 0 3 0 0 3 14 17 0 0 12 28 2 0 1 16 17 20 -2147483648 
-2147483648 0 0 0 0 0 0 0 0 0 0 0 0 0 0 0 0 0 0 0 0 2 0 5 0 0 0 0 0 0 1 0 1 5 0 2 0 0 2 9 0 0 0 4 2 0 0 0 0 0 0 0 0 0 0 0 3 5 2 9 5 25 32 17 7 8 5 14 30 21 34 30 8 0 9 15 7 7 0 0 0 5 0 0 0 0 28 8 0 7 5 0 7 4 3 1 0 11 5 1 15 2 4 20 7 6 14 0 4 18 11 3 10 22 17 17 28 22 0 15 35 43 58 44 18 18 17 14 23 9 5 15 0 0 11 12 16 11 19 23 13 13 13 15 11 17 19 9 14 16 12 13 19 13 7 7 2 5 7 4 3 2 3 3 2 0 0 1 0 0 0 0 0 0 0 0 0 0 0 0 0 0 0 0 0 0 0 0 0 0 0 0 0 0 0 0 0 0 0 0 0 0 0 0 0 0 0 0 0 0 0 0 0 0 0 0 0 0 0 0 0 0 0 0 0 0 9 9 5 20 22 4 0 0 0 4 21 3 0 0 0 0 0 8 7 0 0 4 22 5 0 0 7 8 22 -2147483648 
-2147483648 0 0 0 0 0 0 0 3 3 0 0 1 0 0 1 0 0 0 0 2 0 0 0 0 3 0 0 0 0 1 0 5 2 0 6 0 0 0 0 0 0 0 2 2 0 0 0 0 0 0 0 0 10 0 0 1 4 0 9 10 18 23 14 2 8 7 8 22 24 26 14 0 0 6 19 10 6 0 0 0 7 0 0 0 0 19 10 5 4 0 0 4 7 3 0 0 11 10 0 5 0 6 20 0 0 14 5 5 10 9 7 4 14 21 17 10 12 0 12 39 42 39 20 8 13 8 0 9 3 0 9 0 0 12 5 3 4 14 18 10 9 15 9 5 15 11 7 15 18 9 11 20 11 8 14 4 4 11 8 6 4 6 6 4 0 0 2 0 0 0 0 0 0 0 0 0 0 0 0 0 0 0 0 0 0 0 0 0 0 0 0 0 0 0 0 0 0 0 0 0 0 0 0 0 0 0 0 0 0 0 0 0 0 0 0 0 0 0 0 0 0 0 0 0 0 3 9 2 5 16 5 0 1 6 1 6 2 0 0 0 8 9 3 0 4 0 1 7 5 0 0 0 0 16 -2147483648 
-2147483648 -2147483648 -2147483648 -2147483648 -2147483648 -2147483648 -2147483648 -2147483648 -2147483648 -2147483648 -2147483648 -2147483648 -2147483648 -2147483648 -2147483648 -2147483648 -2147483648 -2147483648 -2147483648 -2147483648 -2147483648 -2147483648 -2147483648 -2147483648 -2147483648 -2147483648 -2147483648 -2147483648 -2147483648 -2147483648 -2147483648 -2147483648 -2147483648 -2147483648 -2147483648 -2147483648 -2147483648 -2147483648 -2147483648 -2147483648 -2147483648 -2147483648 -2147483648 -2147483648 -2147483648 -2147483648 -2147483648 -2147483648 -2147483648 -2147483648 -2147483648 -2147483648 -2147483648 -2147483648 -2147483648 -2147483648 -2147483648 -2147483648 -2147483648 -2147483648 -2147483648 -2147483648 -2147483648 -2147483648 -2147483648 -2147483648 -2147483648 -2147483648 -2147483648 -2147483648 -2147483648 -2147483648 -2147483648 -2147483648 -2147483648 -2147483648 -2147483648 -2147483648 -2147483648 -2147483648 -2147483648 -2147483648 -2147483648 -2147483648 -2147483648 -2147483648 -2147483648 -2147483648 -2147483648 -2147483648 -2147483648 -2147483648 -2147483648 -2147483648 -2147483648 -2147483648 -2147483648 -2147483648 -2147483648 -2147483648 -2147483648 -2147483648 -2147483648 -2147483648 -2147483648 -2147483648 -2147483648 -2147483648 -2147483648 -2147483648 -2147483648 -2147483648 -2147483648 -2147483648 -2147483648 -2147483648 -2147483648 -2147483648 -2147483648 -2147483648 -2147483648 -2147483648 -2147483648 -2147483648 -2147483648 -2147483648 -2147483648 -2147483648 -2147483648 -2147483648 -2147483648 -2147483648 -2147483648 -2147483648 -2147483648 -2147483648 -2147483648 -2147483648 -2147483648 -2147483648 -2147483648 -2147483648 -2147483648 -2147483648 -2147483648 -2147483648 -2147483648 -2147483648 -2147483648 -2147483648 -2147483648 -2147483648 -2147483648 -2147483648 -2147483648 -2147483648 -2147483648 -2147483648 -2147483648 -2147483648 -2147483648 -2147483648 -2147483648 -2147483648 -2147483648 -2147483648 -2147483648 -2147483648 -2147483648 -2147483648 -2147483648 -2147483648 -2147483648 -2147483648 -2147483648 -2147483648 -2147483648 -2147483648 -2147483648 -2147483648 -2147483648 -2147483648 -2147483648 -2147483648 -2147483648 -2147483648 -2147483648 -2147483648 -2147483648 -2147483648 -2147483648 -2147483648 -2147483648 -2147483648 -2147483648 -2147483648 -2147483648 -2147483648 -2147483648 -2147483648 -2147483648 -2147483648 -2147483648 -2147483648 -2147483648 -2147483648 -2147483648 -2147483648 -2147483648 -2147483648 -2147483648 -2147483648 -2147483648 -2147483648 -2147483648 -2147483648 -2147483648 -2147483648 -2147483648 -2147483648 -2147483648 -2147483648 -2147483648 -2147483648 -2147483648 -2147483648 -2147483648 -2147483648 -2147483648 -2147483648 -2147483648 -2147483648 -2147483648 -2147483648 -2147483648 -2147483648 -2147483648 -2147483648 -2147483648 -2147483648 -2147483648 -2147483648 -2147483648 -2147483648 -2147483648 -2147483648 -2147483648 -2147483648 -2147483648 -2147483648 -2147483648 -2147483648 -2147483648 -2147483648 -2147483648 -2147483648 
