Type=GDR 2.0
Nb.Pixel/Ligne=256
Nb.Lignes=256
Nb.Bits=8
 
-2147483648 -2147483648 -2147483648 -2147483648 -2147483648 -2147483648 -2147483648 -2147483648 -2147483648 -2147483648 -2147483648 -2147483648 -2147483648 -2147483648 -2147483648 -2147483648 -2147483648 -2147483648 -2147483648 -2147483648 -2147483648 -2147483648 -2147483648 -2147483648 -2147483648 -2147483648 -2147483648 -2147483648 -2147483648 -2147483648 -2147483648 -2147483648 -2147483648 -2147483648 -2147483648 -2147483648 -2147483648 -2147483648 -2147483648 -2147483648 -2147483648 -2147483648 -2147483648 -2147483648 -2147483648 -2147483648 -2147483648 -2147483648 -2147483648 -2147483648 -2147483648 -2147483648 -2147483648 -2147483648 -2147483648 -2147483648 -2147483648 -2147483648 -2147483648 -2147483648 -2147483648 -2147483648 -2147483648 -2147483648 -2147483648 -2147483648 -2147483648 -2147483648 -2147483648 -2147483648 -2147483648 -2147483648 -2147483648 -2147483648 -2147483648 -2147483648 -2147483648 -2147483648 -2147483648 -2147483648 -2147483648 -2147483648 -2147483648 -2147483648 -2147483648 -2147483648 -2147483648 -2147483648 -2147483648 -2147483648 -2147483648 -2147483648 -2147483648 -2147483648 -2147483648 -2147483648 -2147483648 -2147483648 -2147483648 -2147483648 -2147483648 -2147483648 -2147483648 -2147483648 -2147483648 -2147483648 -2147483648 -2147483648 -2147483648 -2147483648 -2147483648 -2147483648 -2147483648 -2147483648 -2147483648 -2147483648 -2147483648 -2147483648 -2147483648 -2147483648 -2147483648 -2147483648 -2147483648 -2147483648 -2147483648 -2147483648 -2147483648 -2147483648 -2147483648 -2147483648 -2147483648 -2147483648 -2147483648 -2147483648 -2147483648 -2147483648 -2147483648 -2147483648 -2147483648 -2147483648 -2147483648 -2147483648 -2147483648 -2147483648 -2147483648 -2147483648 -2147483648 -2147483648 -2147483648 -2147483648 -2147483648 -2147483648 -2147483648 -2147483648 -2147483648 -2147483648 -2147483648 -2147483648 -2147483648 -2147483648 -2147483648 -2147483648 -2147483648 -2147483648 -2147483648 -2147483648 -2147483648 -2147483648 -2147483648 -2147483648 -2147483648 -2147483648 -2147483648 -2147483648 -2147483648 -2147483648 -2147483648 -2147483648 -2147483648 -2147483648 -2147483648 -2147483648 -2147483648 -2147483648 -2147483648 -2147483648 -2147483648 -2147483648 -2147483648 -2147483648 -2147483648 -2147483648 -2147483648 -2147483648 -2147483648 -2147483648 -2147483648 -2147483648 -2147483648 -2147483648 -2147483648 -2147483648 -2147483648 -2147483648 -2147483648 -2147483648 -2147483648 -2147483648 -2147483648 -2147483648 -2147483648 -2147483648 -2147483648 -2147483648 -2147483648 -2147483648 -2147483648 -2147483648 -2147483648 -2147483648 -2147483648 -2147483648 -2147483648 -2147483648 -2147483648 -2147483648 -2147483648 -2147483648 -2147483648 -2147483648 -2147483648 -2147483648 -2147483648 -2147483648 -2147483648 -2147483648 -2147483648 -2147483648 -2147483648 -2147483648 -2147483648 -2147483648 -2147483648 -2147483648 -2147483648 -2147483648 -2147483648 -2147483648 -2147483648 -2147483648 -2147483648 -2147483648 -2147483648 -2147483648 -2147483648 -2147483648 
-2147483648 12 11 6 0 0 0 0 0 0 0 0 0 0 0 0 0 0 0 0 3 24 44 53 67 92 118 144 168 186 202 216 226 238 250 248 236 224 211 189 155 100 33 2 1 0 0 0 0 0 0 0 0 0 0 0 0 0 0 0 0 0 0 0 0 0 0 0 0 0 0 0 0 0 4 0 0 0 0 0 0 0 0 0 0 1 4 7 15 20 20 25 35 46 62 80 95 111 126 135 142 151 157 158 155 147 138 130 126 109 57 9 0 0 0 0 0 0 0 0 0 0 0 0 0 0 0 0 0 0 0 0 0 0 0 0 0 0 0 0 0 0 0 0 2 0 0 0 0 0 0 0 0 0 0 0 5 5 0 0 4 0 0 0 0 0 0 0 0 0 0 0 0 0 0 0 0 0 0 0 0 0 0 0 0 0 0 0 0 0 0 0 0 0 0 0 0 0 24 52 87 166 250 255 255 255 255 255 255 223 162 137 80 0 0 0 0 5 60 49 21 17 9 0 0 0 0 0 0 0 0 0 0 0 0 0 0 0 0 0 0 0 0 0 0 0 0 0 0 0 0 0 0 4 9 -2147483648 
-2147483648 0 0 0 0 0 0 0 0 0 0 3 4 0 0 0 0 0 0 36 110 172 198 205 214 225 228 221 215 207 193 180 166 144 119 95 67 45 22 0 0 0 0 0 0 0 0 0 0 0 0 0 0 0 0 0 0 0 0 0 0 0 0 0 0 0 2 9 8 10 17 22 27 29 22 3 0 0 0 0 0 0 0 0 8 23 33 56 82 98 110 125 142 153 158 163 166 161 152 144 132 115 98 83 69 57 47 35 25 19 5 0 0 0 0 0 0 0 4 4 1 0 0 0 0 0 0 0 0 0 0 0 0 0 0 0 0 0 0 0 0 0 0 3 0 1 3 0 5 8 1 0 0 0 0 0 0 0 0 0 0 0 0 0 0 0 0 0 0 0 0 0 0 0 0 0 0 0 0 0 0 0 0 0 0 0 0 0 0 0 0 0 0 19 33 37 32 29 58 109 153 192 211 186 139 87 25 0 0 0 0 0 0 0 0 0 0 0 12 13 0 0 0 0 0 0 0 0 0 0 0 0 0 0 0 0 0 0 0 0 0 0 0 0 0 8 10 20 36 42 43 54 71 76 81 -2147483648 
-2147483648 0 0 11 17 21 28 34 50 75 97 98 64 19 0 0 0 0 0 43 123 179 183 169 150 123 101 83 54 27 12 0 0 0 0 0 0 0 0 0 0 0 0 0 0 0 0 0 0 0 0 1 5 0 0 0 0 0 3 7 13 14 18 24 22 20 18 17 20 22 20 16 16 18 11 0 0 0 0 0 0 0 0 0 23 52 79 106 126 134 135 129 121 114 103 89 76 62 45 30 20 13 7 2 0 0 0 0 0 0 0 0 0 0 0 0 0 0 0 0 0 0 0 0 0 0 0 0 4 7 14 13 0 0 0 0 0 0 0 0 0 0 0 0 0 0 0 0 0 0 0 0 0 0 0 0 0 0 0 0 0 0 0 0 0 0 0 0 0 0 0 0 0 0 0 0 0 3 0 0 0 0 0 0 10 14 6 0 7 27 40 30 14 13 2 0 0 0 0 0 0 0 0 0 0 0 0 0 0 0 0 0 0 0 0 0 0 0 0 0 0 0 0 0 0 0 0 0 0 0 0 0 0 6 14 14 13 23 39 44 43 53 70 80 89 103 109 110 115 117 113 105 98 94 80 -2147483648 
-2147483648 75 93 108 122 139 152 163 176 182 182 161 100 36 3 0 0 0 0 12 28 29 16 1 0 0 0 0 0 0 0 0 0 0 0 0 0 0 0 0 0 0 0 0 0 0 0 0 0 0 0 0 2 9 10 15 22 23 19 17 16 14 14 10 12 22 30 38 46 56 69 83 91 95 82 42 6 0 0 0 0 0 0 0 17 39 51 54 50 37 19 0 0 0 0 0 0 0 0 0 0 0 0 0 0 0 0 0 0 0 0 0 0 0 1 0 0 0 0 0 0 0 0 0 0 0 0 1 0 0 4 0 0 0 0 0 0 0 0 0 0 0 0 0 0 0 0 0 0 0 0 0 0 0 0 0 0 0 0 0 0 0 0 0 0 0 0 0 0 0 0 0 1 3 11 27 40 40 29 26 32 21 8 8 1 0 0 0 0 0 0 0 0 0 0 0 0 0 0 0 0 0 0 0 0 0 0 0 0 0 0 0 0 0 0 0 0 0 0 0 0 0 0 0 0 0 12 34 41 45 62 75 78 89 105 115 117 116 120 123 120 115 106 94 80 67 52 32 15 0 0 0 0 0 0 -2147483648 
-2147483648 155 153 148 149 151 150 147 134 116 101 77 38 6 0 0 0 0 0 0 0 0 0 0 0 0 0 0 0 0 0 0 0 0 0 0 0 0 0 0 0 0 0 0 0 0 0 0 0 0 0 0 0 14 21 20 20 17 17 27 39 49 56 67 86 103 116 126 135 141 142 141 137 133 113 59 10 0 0 0 0 0 0 0 0 0 0 0 0 0 0 0 0 0 0 0 0 0 0 0 0 0 0 0 0 0 0 0 0 0 0 0 0 0 0 0 0 0 0 0 0 0 0 0 0 0 0 0 0 0 0 0 0 0 0 0 0 0 0 0 0 0 0 0 0 0 0 0 0 0 0 0 0 0 0 0 0 0 0 0 0 0 0 0 0 0 0 0 3 2 8 12 12 10 5 9 5 0 0 0 0 0 0 0 0 0 0 0 0 0 0 0 0 0 0 0 0 0 0 0 0 0 0 0 0 0 0 0 0 0 0 0 0 0 0 0 0 0 0 0 0 43 89 100 101 116 126 132 140 135 121 110 103 91 76 66 51 26 0 0 0 0 0 0 0 0 0 0 0 0 0 0 0 0 0 -2147483648 
-2147483648 80 68 59 49 38 31 18 1 0 0 0 0 0 0 0 0 0 0 0 0 0 0 0 0 0 0 0 0 0 0 0 0 0 0 0 0 9 10 5 0 0 0 0 0 0 0 0 0 0 0 0 9 31 49 61 74 93 108 113 122 135 141 143 140 133 125 115 108 101 88 70 54 46 41 25 3 0 0 0 0 0 0 0 0 0 0 0 0 0 0 0 0 0 0 0 0 0 0 0 0 0 0 0 0 0 0 0 0 0 0 0 0 0 0 0 0 0 0 0 0 0 0 0 0 0 0 0 0 0 0 0 0 0 0 0 0 0 0 0 0 0 0 0 0 0 0 0 0 0 0 0 0 0 0 0 0 0 0 0 0 0 0 0 0 0 0 0 0 0 0 0 0 0 0 0 0 0 0 0 0 0 0 0 0 0 0 0 0 0 0 0 0 0 0 8 22 23 4 1 11 6 0 1 12 30 48 66 81 102 143 203 255 255 255 255 169 61 11 0 0 79 121 72 24 16 13 2 0 0 0 0 0 0 0 0 0 0 0 0 0 0 0 0 0 0 0 0 0 0 0 0 0 0 0 -2147483648 
-2147483648 0 0 0 0 0 0 0 0 0 0 0 0 0 0 0 0 0 0 0 0 6 0 0 0 0 0 0 0 5 17 20 8 7 17 14 14 24 22 14 9 0 0 0 0 0 0 0 0 0 0 5 29 57 86 109 118 121 120 114 105 96 89 78 60 44 32 20 10 4 1 0 0 0 4 0 0 0 0 0 0 0 0 0 0 0 0 0 0 0 0 0 0 0 0 0 0 0 0 0 0 0 0 0 0 0 0 0 0 0 0 0 0 0 0 0 0 0 0 0 0 3 12 6 0 0 0 0 0 0 0 0 0 0 0 0 0 0 0 0 0 0 0 0 0 3 22 27 33 48 51 29 0 0 0 0 0 0 0 0 0 0 0 0 0 0 0 0 0 0 0 0 0 0 0 0 0 1 0 0 0 0 0 0 0 0 0 0 5 1 0 0 5 13 17 25 59 106 157 200 207 203 203 197 202 213 212 211 213 216 243 255 255 255 233 182 134 82 19 0 0 0 0 0 0 0 0 0 0 0 0 0 0 0 0 0 0 0 0 0 0 0 0 0 0 0 0 0 0 6 14 21 26 29 31 -2147483648 
-2147483648 0 0 0 0 0 0 0 0 0 0 0 0 0 0 0 0 0 0 0 0 3 6 10 12 15 21 23 15 8 13 19 21 22 25 30 33 37 47 61 67 47 6 0 1 0 0 0 0 0 0 1 18 35 51 55 47 37 30 25 16 6 1 0 0 0 0 0 0 0 0 0 0 0 0 0 0 0 0 0 0 0 0 11 30 0 0 0 0 0 0 0 0 0 0 0 0 0 0 0 0 0 0 0 0 0 0 0 0 0 0 0 0 0 0 0 0 0 0 0 0 5 14 6 0 0 0 6 14 5 0 0 6 0 0 0 0 0 0 0 0 0 0 3 18 24 21 12 0 0 0 0 0 0 0 0 0 0 0 0 0 0 0 0 0 0 0 0 0 0 0 0 0 0 17 37 51 50 31 19 23 31 34 34 41 57 67 72 74 80 98 112 130 139 120 103 93 74 63 69 82 88 80 67 39 5 0 0 0 0 0 0 0 0 0 0 0 22 0 0 0 0 0 0 0 0 0 0 0 0 0 0 0 0 0 0 7 24 23 14 20 36 40 36 40 50 62 67 68 73 83 95 105 112 112 -2147483648 
-2147483648 0 0 0 0 0 0 0 0 0 0 0 0 0 0 0 0 0 0 1 6 3 9 15 16 19 25 29 34 39 41 50 68 78 80 89 92 86 87 91 96 77 23 0 0 0 0 0 0 0 0 0 0 1 0 0 0 0 0 0 0 0 0 0 0 0 0 0 0 0 0 0 0 0 0 0 0 0 0 0 0 0 0 56 255 255 255 255 113 9 0 0 0 0 1 7 21 37 54 52 0 0 0 0 0 0 0 0 0 0 0 0 0 0 0 0 0 0 1 1 3 2 0 0 0 0 0 5 12 11 8 6 1 0 0 0 0 0 0 0 0 0 0 0 0 0 0 0 0 0 0 0 0 0 0 0 0 0 0 0 0 0 0 0 0 0 0 4 7 1 3 15 24 47 91 125 131 107 87 92 109 121 120 124 131 127 116 102 86 79 73 59 51 43 23 0 0 0 0 0 0 0 0 0 0 0 0 0 0 0 0 0 0 0 0 0 0 0 0 0 0 0 0 0 0 0 3 17 27 35 46 57 62 59 62 71 72 78 93 100 104 112 122 136 150 163 173 181 191 201 211 214 215 224 230 -2147483648 
-2147483648 0 0 3 10 18 22 21 23 24 22 17 4 0 0 0 0 0 0 1 10 21 33 44 56 62 64 69 76 80 80 81 79 74 70 68 66 60 50 39 40 39 18 0 0 0 0 0 0 0 0 0 0 0 0 0 0 0 0 0 0 0 0 0 0 0 0 0 0 0 0 0 0 0 0 0 0 0 0 0 0 0 0 2 109 255 255 255 255 228 112 106 122 132 136 131 117 100 96 102 89 9 0 0 0 0 0 0 0 0 0 0 0 0 0 0 0 0 3 10 5 0 0 0 0 0 0 0 0 0 0 0 0 0 0 0 0 0 0 0 0 0 0 0 0 0 0 0 0 0 0 0 0 0 0 0 0 0 0 0 11 13 11 25 26 26 42 47 48 52 50 50 58 54 27 6 4 16 36 49 43 25 13 2 0 0 0 0 0 0 0 0 0 0 0 0 0 0 0 0 0 0 0 0 0 0 0 0 0 0 0 0 16 4 0 0 1 13 7 1 0 18 44 15 0 5 78 125 142 152 161 167 172 182 196 215 232 242 252 255 255 255 255 255 255 255 255 255 255 255 255 255 255 255 255 -2147483648 
-2147483648 1 4 5 8 16 19 20 20 20 27 28 16 0 0 0 0 0 0 0 13 24 30 40 46 50 51 49 46 43 37 27 20 15 10 6 2 0 0 0 2 2 0 0 0 0 0 0 0 0 0 0 0 0 0 0 0 0 0 0 0 0 0 0 0 0 0 0 0 0 0 0 0 0 0 0 0 0 0 0 0 0 0 0 0 0 0 69 255 255 255 211 165 130 106 77 49 28 8 0 0 0 0 0 0 0 0 0 0 0 0 0 0 0 0 0 0 0 0 0 0 0 0 0 0 0 0 0 0 0 0 0 0 0 0 0 0 0 0 0 0 0 3 1 0 0 0 0 0 0 4 4 3 12 25 29 37 49 51 67 85 75 63 61 56 51 49 39 25 18 9 0 0 0 0 0 0 0 0 0 0 0 0 0 0 0 0 0 0 0 0 0 0 0 0 0 0 0 0 0 16 33 53 70 96 137 176 193 197 211 223 204 134 42 0 0 9 28 29 12 2 20 35 16 0 42 150 249 255 255 255 255 255 255 255 255 255 255 255 255 255 255 255 255 255 255 255 248 235 214 191 176 166 149 136 -2147483648 
-2147483648 0 0 0 0 0 1 5 10 13 19 32 29 0 0 0 0 0 0 0 9 9 7 10 8 5 2 0 0 0 0 0 0 0 0 0 0 0 0 0 0 0 0 0 0 0 0 0 0 0 0 0 0 0 0 0 0 0 0 0 0 0 0 0 0 0 0 0 0 0 0 0 0 0 0 0 0 0 0 0 0 0 0 0 0 0 0 0 0 88 173 152 115 87 65 47 19 0 0 10 102 189 221 209 173 136 99 50 7 0 14 11 0 0 0 0 0 0 0 0 0 0 0 0 0 0 0 1 0 0 0 0 0 0 0 0 0 0 0 0 0 0 0 0 4 6 16 32 39 43 48 50 56 69 73 61 47 43 42 28 5 1 0 0 0 0 0 0 0 0 0 0 0 0 0 0 0 0 0 0 0 0 0 0 0 0 0 0 0 0 0 1 0 2 23 41 56 105 194 255 255 255 255 255 255 255 255 255 255 255 255 255 158 30 0 5 33 49 36 20 19 23 26 25 32 63 134 240 255 255 255 255 255 255 255 252 232 214 199 182 166 152 133 112 93 79 65 51 45 35 19 10 5 1 0 -2147483648 
-2147483648 0 0 0 0 0 0 0 2 6 9 17 21 10 1 0 0 0 0 0 0 0 0 0 0 0 0 0 0 0 0 0 0 0 0 0 0 0 0 0 0 0 0 0 0 0 0 0 0 0 0 7 7 0 0 0 0 0 0 0 0 0 0 0 0 0 0 0 0 0 0 0 0 0 0 0 0 0 0 0 0 0 0 0 0 0 0 0 0 51 106 141 157 146 99 52 11 0 0 0 0 0 0 0 0 0 0 0 48 64 43 15 0 0 0 0 0 0 0 0 0 0 0 0 0 1 0 0 0 0 0 0 0 0 0 0 0 4 24 22 26 29 22 25 35 43 45 41 34 26 20 15 8 0 0 0 0 0 0 0 0 0 0 0 0 0 0 0 0 0 0 0 0 0 8 43 24 0 0 0 0 0 12 26 37 50 65 80 93 105 116 126 139 155 185 232 255 255 255 255 255 255 255 255 255 240 157 72 0 0 0 0 0 10 34 60 78 64 29 13 2 0 9 41 49 47 53 88 130 138 124 109 99 88 67 45 30 18 8 1 0 0 0 0 0 0 0 0 0 0 0 0 0 0 0 -2147483648 
-2147483648 0 0 0 0 0 0 0 0 0 0 4 6 3 0 0 0 0 0 0 0 0 0 0 0 0 0 0 0 0 0 0 0 0 0 0 0 0 0 0 0 0 0 0 0 0 0 0 0 0 0 0 0 0 0 0 0 0 0 0 0 0 0 0 0 0 0 0 0 0 0 0 0 0 0 0 0 0 0 0 0 0 0 2 0 0 0 0 14 32 36 29 1 0 0 0 0 0 0 0 0 0 0 0 0 0 0 0 0 0 0 0 0 0 0 0 0 0 0 0 0 0 0 0 0 0 0 0 0 0 0 2 7 0 0 0 22 60 56 17 0 0 0 0 0 0 0 0 0 0 0 0 0 0 0 0 0 0 0 0 0 0 0 0 0 0 0 5 10 18 22 12 0 1 24 18 0 0 0 0 40 110 162 187 211 232 241 255 255 255 255 255 255 255 255 255 255 255 255 255 0 0 0 0 0 0 0 0 0 0 0 0 0 33 64 64 51 41 31 20 2 0 5 39 33 12 0 0 0 0 0 0 0 0 0 0 0 0 0 0 0 0 0 0 0 0 0 0 0 0 0 0 0 0 0 -2147483648 
-2147483648 0 0 0 0 0 0 0 0 0 0 0 0 0 0 0 0 0 0 0 0 0 0 0 0 0 0 0 0 0 0 0 0 0 0 0 0 0 0 0 0 0 0 0 0 0 0 0 0 0 0 0 0 0 0 0 0 0 0 0 0 0 0 0 0 0 0 0 0 0 0 0 0 0 0 0 0 0 0 0 0 0 0 0 0 0 0 0 0 0 0 0 0 0 0 0 0 0 0 0 0 0 0 0 0 0 0 0 0 0 0 0 0 0 0 0 0 0 0 0 0 0 0 0 0 0 0 0 0 0 0 4 5 0 0 2 12 6 0 0 0 0 0 0 0 0 0 0 0 0 0 0 0 0 0 0 0 0 7 14 25 34 38 52 78 102 116 121 129 144 131 66 9 0 0 0 0 0 0 16 73 192 255 255 255 255 255 255 255 255 255 255 255 255 255 255 255 255 243 39 0 0 0 0 0 0 0 0 32 87 136 143 91 44 28 18 10 10 16 33 44 32 27 24 3 0 0 0 0 0 0 0 0 0 0 0 0 0 0 0 0 0 0 0 0 0 0 0 0 0 0 0 0 0 0 -2147483648 
-2147483648 0 0 0 0 0 0 0 0 0 0 0 0 0 0 0 0 0 0 0 0 0 0 0 0 0 0 0 0 0 0 0 0 0 0 0 0 0 0 0 0 0 0 0 0 0 0 0 0 0 0 0 0 0 0 0 0 0 0 0 0 0 0 0 0 0 0 0 0 0 2 6 5 5 0 0 0 0 0 0 0 0 0 0 0 0 0 0 0 0 0 0 0 0 0 0 2 9 11 18 34 47 39 11 0 0 0 0 0 0 24 37 46 44 10 0 0 0 0 0 0 0 0 0 0 0 0 0 0 0 0 0 0 0 0 0 0 0 0 0 0 0 8 0 0 3 9 15 17 18 23 31 47 67 80 87 95 115 138 149 162 179 200 228 254 255 255 255 255 255 255 135 31 6 0 0 0 0 0 3 46 169 255 255 255 255 255 255 255 255 255 238 208 179 154 133 108 87 115 230 255 255 255 255 255 255 255 255 255 255 255 255 228 63 40 40 23 14 31 54 53 33 16 6 0 0 0 0 0 0 0 0 0 0 0 0 0 0 0 0 0 0 0 0 0 0 0 0 0 0 0 0 0 0 0 -2147483648 
-2147483648 0 0 0 0 0 0 0 0 0 0 0 0 0 0 0 0 0 0 0 0 0 0 0 0 0 0 0 0 0 0 0 0 0 0 0 0 0 0 0 0 0 0 0 0 0 0 0 0 0 0 0 0 0 0 0 0 24 14 0 0 0 0 0 0 0 0 0 0 0 0 0 0 0 0 0 0 0 0 0 0 0 0 0 0 0 23 64 108 114 89 96 145 183 187 171 157 151 150 160 178 187 183 187 191 177 160 159 170 150 82 30 39 32 0 0 0 0 0 0 0 0 0 0 0 0 0 0 0 0 0 0 0 0 0 0 0 0 0 5 11 18 33 52 63 66 76 92 109 122 137 169 205 230 248 255 255 255 255 255 255 255 255 255 255 255 255 255 255 255 255 136 37 24 22 12 2 0 0 0 18 73 126 143 129 110 87 66 55 39 24 13 0 0 0 0 0 0 17 225 255 255 255 255 255 255 255 255 255 255 255 255 172 73 68 45 15 20 30 29 25 10 0 0 0 0 0 0 0 0 0 0 0 0 0 0 0 0 0 0 0 0 0 0 0 0 0 0 0 0 0 0 0 0 0 -2147483648 
-2147483648 0 0 0 0 0 0 0 0 0 0 0 0 0 0 0 0 0 11 0 0 0 0 0 0 0 0 0 0 0 0 0 0 0 0 0 0 0 0 0 0 0 0 0 0 0 0 0 0 0 0 0 2 35 57 56 46 38 21 0 0 0 0 0 0 0 0 0 0 0 0 0 0 0 0 0 0 0 0 1 0 0 0 14 25 62 111 136 160 186 201 215 246 255 255 255 255 255 255 207 153 99 67 54 36 13 2 0 0 0 0 0 0 0 0 0 0 0 0 0 0 0 0 0 0 0 0 0 0 0 0 0 0 0 0 0 0 0 0 0 11 46 104 170 203 228 255 255 255 255 255 255 255 255 255 255 255 255 255 255 255 255 255 255 255 255 255 246 209 179 122 43 6 0 0 0 0 0 0 0 0 0 0 0 0 0 0 0 0 0 0 0 0 0 0 0 0 0 0 0 106 167 170 154 140 133 123 111 101 89 74 52 26 19 22 8 0 1 0 0 0 0 0 2 0 0 0 0 0 0 0 0 0 0 0 0 0 0 0 0 0 0 0 0 0 0 0 0 0 0 0 0 0 0 0 -2147483648 
-2147483648 0 0 0 0 0 0 0 0 0 0 0 0 0 0 0 0 14 41 0 0 0 0 0 0 0 0 0 0 0 0 0 0 0 0 0 0 0 0 0 0 0 0 0 0 0 0 0 0 0 0 0 0 0 0 0 0 0 0 0 0 0 0 0 0 0 0 0 0 0 0 0 0 1 0 0 12 20 32 67 80 49 46 71 82 98 118 125 123 136 156 153 132 119 119 114 102 84 43 0 0 0 0 0 0 0 0 0 0 0 0 0 0 0 0 0 0 0 0 0 0 0 0 0 0 0 0 0 0 0 0 0 0 0 0 0 0 0 0 0 2 68 202 255 255 255 255 255 255 255 255 255 255 255 255 255 255 229 201 181 159 126 96 75 54 31 16 6 0 0 0 0 0 0 0 0 0 0 0 0 0 0 0 0 0 0 0 0 0 0 0 0 0 0 0 0 0 0 0 0 0 0 0 0 0 0 0 0 0 0 0 0 0 0 0 3 20 10 0 0 0 7 38 37 21 8 0 0 0 0 0 0 0 0 0 0 0 0 0 0 0 0 0 0 0 0 0 0 0 0 0 0 0 0 0 -2147483648 
-2147483648 0 0 0 0 0 0 0 0 0 0 0 0 0 0 0 0 7 24 0 0 0 0 0 0 0 0 0 0 0 0 0 0 0 18 34 36 26 9 0 0 0 0 0 0 0 0 0 0 0 0 0 0 0 0 0 0 0 0 0 0 0 0 0 0 0 0 0 4 11 23 47 61 75 91 102 101 80 67 92 124 101 53 38 41 34 19 7 0 0 0 0 0 0 0 0 0 0 0 0 0 0 10 25 38 48 42 21 0 0 0 0 0 0 0 7 0 0 0 0 0 0 0 0 0 0 0 0 0 0 0 0 0 0 0 0 0 20 27 5 0 33 143 255 255 255 244 220 191 161 132 108 84 57 36 19 3 0 0 0 0 0 0 0 0 0 0 0 0 0 0 0 0 0 0 0 0 0 0 0 0 0 0 0 0 0 0 0 0 0 0 0 0 0 0 0 0 0 0 0 0 0 0 0 0 0 0 0 0 0 0 0 0 0 0 3 6 0 0 0 0 0 1 0 1 0 0 0 0 0 0 0 0 0 0 0 0 0 0 0 0 0 0 0 0 0 0 0 0 0 0 0 0 0 0 -2147483648 
-2147483648 0 0 0 0 0 0 0 0 0 0 0 0 0 0 0 0 0 0 0 0 0 0 0 0 0 0 0 0 0 0 0 0 0 0 0 0 0 0 0 0 0 0 0 0 0 0 0 0 0 0 0 0 0 0 0 0 0 0 0 0 19 35 46 65 79 88 100 116 132 142 148 140 123 110 90 42 0 0 0 0 0 0 0 0 0 0 0 0 0 0 0 0 0 0 0 13 21 27 35 35 52 85 106 125 150 166 178 195 178 96 2 0 0 0 0 0 0 0 0 0 0 0 17 46 79 103 126 152 183 212 232 207 108 14 0 1 6 15 7 0 0 11 40 52 35 12 0 0 0 0 0 0 0 0 0 0 0 0 0 0 0 0 0 0 0 0 0 0 0 0 0 0 0 0 6 8 3 1 0 0 0 0 0 0 0 0 0 0 0 0 0 0 0 0 0 0 0 0 0 0 0 0 0 0 0 0 0 0 0 0 4 1 0 3 0 0 0 0 0 0 0 0 0 0 0 0 0 0 0 0 0 0 0 0 0 0 0 0 0 0 0 0 0 0 0 0 0 0 0 0 1 0 0 0 -2147483648 
-2147483648 0 0 0 0 0 0 0 0 0 0 0 0 0 0 0 0 0 0 0 0 0 0 0 0 0 0 0 0 0 0 0 0 0 0 0 0 0 0 0 0 0 0 0 0 0 0 0 0 0 0 0 13 22 29 51 76 98 111 116 127 137 140 137 131 118 96 70 41 18 0 0 0 0 0 0 0 0 0 0 0 0 0 0 0 0 0 0 6 10 21 32 26 21 41 69 100 133 160 199 243 255 255 255 255 255 255 255 255 218 110 36 21 25 5 0 43 130 212 231 225 243 255 255 255 255 252 241 244 250 239 217 166 83 22 7 0 0 0 3 0 0 0 0 0 0 0 0 0 0 0 0 0 0 0 0 0 0 0 0 0 0 0 0 0 0 0 0 0 0 0 0 0 0 0 1 5 6 11 8 0 0 0 0 0 0 0 0 0 0 0 0 0 0 0 0 0 0 0 0 0 0 0 0 0 0 0 0 0 0 0 0 8 10 7 0 0 0 0 0 0 0 0 0 0 0 0 0 0 0 0 0 0 0 0 2 0 0 0 0 0 0 0 0 0 0 0 0 0 0 0 0 0 1 9 -2147483648 
-2147483648 0 0 0 0 0 0 0 0 0 0 0 0 0 3 0 0 0 0 0 0 0 0 0 0 0 0 0 0 0 0 0 0 0 0 0 0 0 0 0 5 3 0 0 0 0 0 19 55 83 101 112 124 131 116 98 92 82 64 47 33 14 0 0 0 0 0 0 0 0 0 0 0 0 0 0 0 7 48 25 0 0 5 19 35 52 70 84 96 116 139 161 181 199 226 255 255 255 255 255 255 255 255 255 255 255 255 255 43 0 6 100 121 92 35 20 71 163 236 240 214 191 165 148 137 122 110 97 85 79 65 41 22 12 4 0 5 17 14 2 0 0 0 0 0 0 0 0 0 0 0 0 0 0 0 0 0 0 0 0 0 0 0 0 0 0 0 0 0 0 0 0 0 0 6 1 0 0 0 0 0 0 0 0 0 0 0 0 0 0 0 0 0 0 0 0 0 0 0 0 0 0 0 0 0 0 0 0 0 0 0 0 0 0 0 0 0 0 0 0 0 0 0 0 0 0 0 0 0 0 0 0 0 0 0 0 0 0 0 3 9 4 0 0 0 0 0 0 0 0 0 0 0 0 0 -2147483648 
-2147483648 0 0 0 0 0 0 0 0 0 0 0 0 0 0 0 0 0 0 0 0 0 0 0 0 0 0 4 4 0 3 13 6 2 12 25 29 40 62 82 105 112 102 79 35 6 7 27 51 57 46 20 0 0 0 0 0 0 0 0 0 0 0 0 0 0 0 0 0 0 0 0 0 0 21 26 12 17 27 5 0 1 31 74 136 200 240 255 255 255 255 255 255 255 255 255 255 255 255 255 255 255 255 255 255 255 255 255 255 169 83 68 78 60 39 41 43 55 64 60 55 37 12 0 3 8 8 10 2 0 0 0 0 0 0 0 0 1 0 0 0 0 0 0 0 0 0 0 0 0 0 0 0 0 0 0 0 0 0 0 0 0 0 0 0 0 0 0 0 0 0 0 0 8 8 1 0 0 0 0 0 0 0 1 0 0 0 0 0 0 0 0 0 0 0 0 0 0 0 0 0 0 0 0 0 0 0 0 0 0 0 0 0 0 0 0 0 0 0 0 0 6 0 0 0 0 0 0 0 0 0 0 0 0 0 0 0 0 0 0 2 0 0 0 0 0 0 0 0 0 0 0 0 0 0 -2147483648 
-2147483648 0 0 0 0 0 0 0 0 0 0 0 0 0 0 0 0 0 0 0 5 5 7 17 24 30 42 50 56 65 79 94 103 108 108 103 101 98 82 60 42 24 16 16 8 0 0 0 0 0 0 0 0 0 0 0 0 0 0 0 0 0 0 7 14 35 63 79 82 89 103 117 138 162 163 113 33 0 0 0 0 0 16 81 247 255 255 255 255 255 255 255 255 255 255 255 255 255 255 255 255 250 212 180 147 125 172 255 255 255 255 80 55 47 46 50 42 23 8 10 15 10 15 27 27 19 11 6 0 0 0 0 0 0 0 3 0 0 0 0 0 0 0 0 0 0 0 0 0 0 0 0 0 0 0 0 0 0 0 0 0 0 0 0 0 0 0 0 0 1 3 0 0 0 0 0 0 0 0 0 0 0 0 0 0 0 0 0 0 0 0 0 0 0 0 0 0 0 0 0 0 0 0 0 0 0 0 0 0 0 0 4 12 2 0 0 4 10 3 0 0 0 0 0 0 0 0 0 0 0 0 0 1 1 0 0 0 0 0 0 0 0 0 0 0 0 0 0 0 0 0 0 0 0 3 -2147483648 
-2147483648 0 0 1 0 0 4 10 7 1 3 12 17 27 41 42 34 31 41 57 66 71 75 79 84 84 83 75 63 58 42 27 20 6 0 0 0 0 0 0 0 0 0 0 0 0 0 0 0 0 0 0 0 10 17 23 31 45 64 80 92 105 126 148 165 189 213 238 255 255 255 255 255 255 255 245 72 0 0 0 0 0 0 34 176 255 255 255 255 255 255 240 208 167 130 108 87 64 43 23 13 10 5 1 2 4 13 87 251 255 204 95 51 36 43 36 22 6 0 0 0 0 13 20 10 0 1 0 0 0 0 0 0 0 0 1 15 27 20 0 0 0 0 0 0 0 0 0 0 0 0 0 0 0 0 0 0 0 0 0 0 0 0 0 0 0 0 0 0 0 1 0 0 0 0 0 0 0 0 0 0 0 0 0 0 0 0 0 0 0 0 0 0 0 0 0 0 0 0 0 0 0 0 1 0 0 0 1 0 0 0 0 2 1 0 0 0 1 5 1 0 0 0 0 0 0 0 0 0 0 0 0 0 0 0 0 0 0 0 0 0 0 0 0 0 0 0 0 0 0 6 7 0 0 0 -2147483648 
-2147483648 8 11 18 22 20 27 38 51 64 69 71 64 42 25 26 32 38 41 37 30 22 15 6 0 0 0 0 0 0 0 0 0 0 0 0 0 0 0 0 0 0 0 0 0 0 0 0 0 0 17 60 103 138 162 178 198 228 255 255 255 255 255 255 255 255 255 255 255 255 255 255 255 255 255 255 89 11 5 3 0 0 0 4 30 75 92 72 46 27 15 6 1 0 0 0 0 0 0 0 0 0 0 0 0 0 0 4 24 55 69 50 19 16 28 18 0 0 0 0 0 0 2 0 0 0 1 0 0 0 0 0 7 15 10 0 1 6 0 0 0 0 0 0 0 0 0 0 0 0 0 0 0 0 0 0 0 0 0 0 0 0 0 0 0 0 0 0 0 0 0 4 5 0 0 0 0 0 0 0 0 0 0 0 0 0 0 0 0 0 0 0 0 0 0 0 0 0 0 0 0 0 0 0 0 0 0 0 0 0 0 0 0 0 0 0 0 0 0 0 0 0 0 0 0 0 0 0 0 0 0 0 0 0 0 0 0 0 0 0 0 0 0 0 0 0 0 0 0 0 0 0 3 7 4 -2147483648 
-2147483648 63 69 75 82 86 76 60 55 53 46 36 17 0 0 0 0 0 0 0 0 0 0 0 0 0 0 0 0 0 0 0 0 0 0 11 25 36 50 69 68 34 0 0 0 0 0 0 0 0 9 90 236 255 255 255 255 255 255 255 255 255 255 255 255 255 255 255 255 255 255 255 241 214 180 111 31 0 0 0 0 0 0 13 11 6 4 2 1 0 0 0 0 0 0 0 0 0 0 0 0 0 0 0 0 0 0 0 2 13 24 21 18 20 21 21 11 0 0 0 0 0 0 2 18 20 6 4 4 0 0 0 11 22 19 8 0 0 0 0 0 0 0 0 0 0 0 0 0 0 0 0 0 0 0 0 0 0 0 0 0 0 0 0 0 0 0 0 0 0 0 3 1 0 0 0 0 0 0 1 0 0 0 0 0 0 0 0 0 0 0 0 0 0 0 0 11 13 0 0 0 0 0 0 0 0 0 0 0 0 0 0 0 0 0 0 0 0 0 0 0 0 0 0 0 0 0 0 0 0 0 0 0 0 0 0 0 0 0 0 0 0 0 0 0 0 0 0 0 4 0 0 0 10 14 -2147483648 
-2147483648 19 13 5 0 0 0 0 0 0 0 0 0 0 0 0 0 0 0 0 0 0 0 0 0 10 17 14 24 41 59 80 93 104 121 142 167 196 229 251 213 105 20 2 1 0 0 0 0 0 0 46 230 255 255 255 255 255 255 255 255 240 204 175 144 113 87 65 46 33 21 10 4 1 2 0 0 0 5 8 0 0 0 7 6 2 0 0 0 0 0 0 0 0 0 0 0 0 0 0 0 0 0 0 0 0 0 0 1 4 8 8 0 0 14 21 11 0 0 4 26 21 5 7 10 6 0 0 0 0 0 9 15 9 7 6 0 0 0 0 0 0 0 0 0 0 0 0 0 0 0 3 0 0 0 0 0 0 0 0 0 0 0 0 0 0 0 0 0 0 0 0 0 0 0 0 0 0 0 0 0 0 0 0 0 0 0 0 0 0 0 0 2 0 0 0 1 0 0 0 0 0 0 0 0 0 0 0 0 0 0 0 0 0 0 0 0 0 0 0 0 0 0 0 0 0 0 0 0 0 0 0 0 0 0 0 0 0 0 0 0 0 0 0 0 2 2 0 0 0 0 0 0 0 0 -2147483648 
-2147483648 0 0 0 0 0 0 0 0 0 0 0 0 0 17 10 0 0 2 20 43 57 63 75 93 111 129 151 176 199 225 255 255 255 255 255 255 255 255 255 255 181 54 26 19 7 9 9 0 0 0 5 85 156 149 113 86 64 43 25 13 5 1 0 0 0 0 0 0 0 0 0 0 0 0 0 0 0 2 4 1 1 0 0 0 0 0 0 0 0 0 0 0 0 0 0 0 0 0 0 0 0 0 0 0 0 0 0 4 14 24 11 0 0 9 15 6 2 1 6 8 5 0 0 0 0 0 0 0 3 4 8 14 8 0 0 0 1 1 0 0 0 0 0 0 0 0 0 0 0 0 0 0 0 0 0 0 0 0 0 0 0 0 0 0 0 0 0 0 0 10 13 0 0 0 3 1 1 0 0 0 0 0 0 0 6 7 0 0 0 0 0 0 0 0 0 0 0 0 0 0 0 0 0 0 0 0 0 0 0 0 0 0 0 0 0 0 0 0 0 0 0 0 0 0 0 0 0 0 0 0 0 0 0 0 0 0 0 0 0 0 0 0 0 2 1 2 2 0 0 0 0 0 0 0 -2147483648 
-2147483648 0 0 0 0 2 12 23 34 37 39 35 9 0 1 12 0 0 6 60 148 220 250 255 255 255 255 255 255 255 255 255 255 255 255 255 255 255 255 255 232 129 36 9 8 4 5 2 0 0 0 0 3 14 5 0 0 0 0 0 0 0 0 0 0 0 0 0 0 0 0 0 0 0 0 0 0 0 0 0 6 0 0 6 11 3 0 0 0 0 0 0 0 0 0 0 0 0 0 0 0 0 0 0 0 0 0 0 0 0 0 0 0 0 2 3 4 0 0 0 0 0 0 0 0 0 0 0 11 2 0 0 0 0 1 2 4 0 3 4 0 0 0 0 0 0 0 0 0 0 0 0 0 0 0 0 0 0 0 0 0 0 0 0 0 0 0 0 0 5 8 11 4 0 0 0 3 5 4 4 2 0 0 0 3 1 0 0 0 0 0 0 0 0 0 0 0 0 0 0 0 0 2 3 0 0 0 0 0 0 0 0 0 0 0 0 0 0 0 0 0 0 0 0 0 0 0 0 0 0 0 0 0 0 0 0 0 0 0 0 0 0 0 4 5 2 2 3 0 0 0 0 0 0 0 -2147483648 
-2147483648 36 41 53 67 80 92 106 123 148 165 135 61 0 0 0 0 0 0 57 198 255 255 255 255 255 255 255 255 255 239 209 174 140 109 85 66 45 27 20 23 18 7 0 0 0 0 2 0 0 0 0 0 2 2 0 0 0 0 0 0 0 0 0 0 0 0 0 0 0 0 0 0 0 0 0 0 0 0 2 2 0 0 10 11 4 1 0 0 0 0 0 0 0 0 0 0 0 0 0 0 0 0 0 0 0 0 0 0 0 0 0 0 2 0 0 0 0 0 0 0 0 0 0 0 0 0 0 0 0 0 0 0 0 0 0 0 0 0 0 0 0 0 0 0 0 0 0 0 0 0 0 0 0 0 0 0 0 0 0 0 0 0 0 0 0 0 0 0 0 0 0 0 0 0 0 0 0 1 7 2 0 0 0 0 0 0 0 0 0 0 0 0 0 0 0 0 0 0 0 0 0 0 1 0 0 0 0 0 0 0 0 0 0 0 0 0 0 0 0 0 0 0 0 0 0 0 0 0 0 0 0 0 0 0 0 0 0 0 0 0 0 0 0 0 0 0 0 0 0 0 0 0 0 0 -2147483648 
-2147483648 159 191 215 225 229 242 255 255 255 255 225 113 28 0 0 0 0 0 22 98 153 153 135 109 80 63 49 31 15 4 0 0 0 0 0 0 0 0 0 0 0 0 1 0 0 0 0 0 0 0 0 0 0 0 0 0 0 0 0 0 0 0 0 0 0 0 0 0 0 0 0 0 0 0 0 0 0 0 0 0 0 0 0 0 1 3 0 0 0 0 0 0 0 0 0 0 0 0 0 0 0 0 0 0 0 0 0 1 3 0 0 0 0 0 0 0 0 0 4 18 13 0 0 0 0 0 9 11 13 2 0 4 1 0 0 0 0 0 0 0 0 0 0 0 0 0 0 0 0 0 0 0 0 0 0 0 0 0 0 0 0 0 0 0 0 0 0 0 0 0 0 0 0 0 0 0 0 0 0 0 0 0 0 0 0 0 0 0 0 0 0 0 0 0 0 0 0 0 0 0 0 0 0 0 0 0 0 0 0 0 0 0 0 0 0 0 0 0 0 0 0 0 0 0 0 0 0 0 0 0 0 0 0 0 0 0 0 0 0 0 0 0 0 0 0 0 0 0 0 0 0 0 0 0 -2147483648 
-2147483648 216 218 216 208 196 187 179 169 158 152 132 73 18 0 0 0 0 1 5 10 8 2 0 0 0 0 0 0 0 0 0 0 0 0 0 0 0 0 2 2 0 0 0 0 0 0 0 0 0 0 0 0 0 0 0 0 0 0 0 0 0 0 0 0 0 0 0 0 0 0 0 0 0 0 0 0 0 0 0 0 0 0 0 0 0 1 0 0 0 0 0 0 0 0 0 0 0 0 0 0 0 0 0 0 0 0 0 0 0 0 4 2 0 0 0 3 6 14 19 17 11 0 0 0 13 22 21 29 36 31 28 27 10 0 0 0 0 0 0 0 0 0 0 0 0 0 0 0 0 0 0 0 0 0 0 0 0 0 0 0 0 0 0 0 0 0 0 0 0 0 0 0 0 0 0 0 0 0 0 0 0 0 0 0 0 0 0 0 0 0 0 0 0 0 0 0 0 0 0 0 0 0 0 5 24 0 0 0 0 0 0 0 0 0 0 0 0 0 0 0 0 0 0 0 0 0 0 0 0 0 0 0 0 0 0 0 0 0 0 0 0 0 0 0 0 0 0 0 0 0 0 0 0 0 -2147483648 
-2147483648 84 65 50 41 34 24 12 3 0 3 10 9 0 0 0 0 4 0 0 0 0 0 0 0 0 0 0 0 0 0 0 0 0 0 0 0 0 0 1 3 3 7 9 0 0 8 35 32 1 0 0 10 8 1 0 0 0 0 0 0 0 0 0 0 0 0 0 0 0 0 0 0 0 0 0 0 8 7 9 7 0 0 7 1 0 0 0 0 0 0 0 0 0 0 0 0 0 0 0 0 0 0 0 0 0 0 0 2 6 7 4 0 0 0 0 0 0 4 5 0 0 0 0 1 9 0 0 0 0 0 14 15 0 0 0 0 0 0 0 0 0 0 0 0 0 0 0 0 0 0 0 0 0 0 0 0 0 0 0 0 0 0 0 0 0 0 0 0 0 0 0 0 0 0 0 0 0 0 0 0 0 0 0 0 0 0 0 0 0 0 0 0 0 0 0 0 0 0 0 0 0 0 0 4 100 181 106 15 0 0 0 0 0 0 0 0 0 0 0 0 0 0 0 0 0 0 0 0 0 0 0 0 0 0 0 0 0 1 1 0 0 0 0 0 0 0 0 0 0 0 0 0 0 0 -2147483648 
-2147483648 0 0 0 0 0 0 0 0 0 0 0 0 0 0 0 0 0 0 0 0 0 0 0 0 0 0 0 0 0 0 0 0 0 0 0 0 0 0 0 0 0 0 0 0 0 0 0 0 0 1 11 10 2 0 0 0 0 0 0 0 0 0 0 0 0 0 0 0 0 0 0 0 0 0 0 0 0 1 8 10 9 9 2 0 1 1 0 0 0 0 0 0 0 0 0 0 0 0 0 0 0 0 0 0 0 0 0 3 7 4 0 0 10 17 0 0 0 2 0 0 0 0 1 3 0 0 0 0 0 0 0 0 0 0 0 0 0 0 0 0 0 0 0 0 0 0 0 0 0 0 0 0 0 0 0 0 0 0 0 0 0 0 0 0 0 0 0 0 0 0 0 0 0 0 3 0 0 0 0 0 0 2 0 0 0 0 0 0 0 0 0 0 0 0 0 0 0 0 0 0 0 0 0 0 76 188 167 51 0 0 0 0 0 0 4 7 5 10 11 1 0 0 0 0 0 0 3 0 0 0 0 0 0 0 0 0 0 2 3 0 0 0 0 0 3 1 0 0 0 0 0 0 0 0 -2147483648 
-2147483648 0 0 0 0 0 0 0 0 0 0 0 0 0 0 0 0 0 0 5 3 0 0 0 0 0 0 0 0 0 0 0 0 0 0 0 0 0 0 0 0 0 0 0 0 0 0 0 0 0 14 20 14 5 0 0 0 0 0 0 0 0 0 0 0 0 0 0 0 0 0 0 0 0 0 2 0 0 0 0 0 0 0 0 0 3 2 0 0 0 0 0 0 0 0 0 0 0 0 0 0 0 0 0 0 0 0 0 2 3 1 0 0 5 10 13 15 9 0 0 0 10 16 18 12 1 4 10 0 0 0 0 0 0 0 0 0 0 0 0 0 0 0 0 0 0 0 0 0 0 0 0 0 0 0 0 0 0 0 0 0 0 0 0 0 0 0 0 0 0 0 3 1 0 0 0 0 0 0 0 0 0 0 0 0 0 0 0 0 0 0 0 0 0 0 0 1 0 0 0 0 0 0 0 0 37 157 211 95 4 0 0 0 0 5 0 0 0 0 0 0 0 0 0 0 0 3 11 0 0 0 0 0 0 0 0 0 0 0 0 4 0 0 0 0 0 0 0 0 0 0 0 0 0 0 -2147483648 
-2147483648 0 0 0 0 0 0 0 0 0 0 0 0 0 0 0 0 0 0 3 7 3 0 0 0 0 0 0 0 0 0 0 0 0 0 0 0 0 0 0 0 0 0 0 0 0 0 0 0 0 0 0 2 3 1 0 0 0 0 0 0 0 0 0 0 0 0 0 0 0 0 0 0 0 0 0 0 0 0 0 0 0 0 0 0 0 2 0 0 0 0 0 0 0 0 0 0 0 0 0 0 0 0 0 0 0 0 0 0 0 0 0 0 0 0 5 9 0 0 0 0 12 0 0 0 0 0 0 0 0 0 0 0 0 0 0 0 0 0 0 0 0 0 0 0 0 0 0 0 0 0 0 0 0 0 0 0 0 0 0 0 0 0 0 0 0 0 0 0 0 8 11 7 9 0 0 0 0 0 0 0 0 0 0 0 0 0 0 0 0 0 0 0 0 0 0 0 0 0 0 0 0 0 0 0 5 115 211 131 23 0 4 6 0 0 0 0 0 0 0 9 5 0 0 10 7 0 0 0 0 0 0 0 0 0 0 0 0 0 0 0 0 0 0 0 0 0 2 0 1 4 4 5 3 0 -2147483648 
-2147483648 0 0 0 0 0 0 0 0 0 3 1 0 0 0 0 0 0 0 0 0 2 0 0 0 0 0 0 0 0 0 0 0 0 0 0 0 0 0 0 0 0 0 0 0 0 0 0 0 0 0 12 11 3 1 0 0 0 0 0 0 0 0 0 0 0 0 0 0 0 0 0 0 0 0 0 0 0 0 0 0 0 0 0 0 0 0 0 0 0 0 0 0 0 0 0 0 0 0 0 0 0 0 0 0 0 0 0 1 0 0 0 0 0 0 0 0 0 0 0 0 0 0 0 0 0 0 0 0 0 0 0 0 0 0 0 0 0 0 0 0 0 0 0 0 0 0 0 0 0 0 0 0 0 0 0 0 0 0 0 0 0 0 0 0 0 0 0 0 0 9 12 2 0 0 4 8 4 0 0 0 0 0 0 0 0 0 0 0 0 0 0 0 0 0 0 0 0 0 0 0 0 0 0 0 2 66 178 178 62 0 0 0 0 0 0 8 0 0 0 0 0 0 0 32 29 9 0 0 0 0 0 0 0 0 0 0 2 0 0 0 0 0 0 0 3 6 3 0 0 0 0 0 0 0 -2147483648 
-2147483648 0 0 0 0 0 0 0 0 0 0 0 0 0 0 0 0 0 0 0 0 0 0 0 0 0 0 0 0 0 0 0 0 0 0 0 0 0 0 1 0 0 0 0 0 0 0 0 0 0 0 3 3 0 0 0 0 0 0 0 0 0 0 0 0 0 0 0 0 0 0 0 0 0 3 2 0 0 0 0 0 0 0 0 0 0 0 0 0 0 0 0 0 0 0 0 0 0 0 0 0 0 0 0 0 0 0 0 0 0 0 0 0 0 0 0 0 0 0 0 0 0 0 0 0 0 0 0 0 3 0 0 0 0 0 0 0 0 0 0 0 0 0 0 0 0 0 0 0 0 0 0 0 0 0 0 0 0 0 0 0 0 0 0 0 0 0 0 0 0 0 10 1 0 0 0 0 0 0 0 0 0 0 0 1 0 0 2 0 0 0 0 0 0 0 3 2 0 0 0 0 1 0 0 0 0 23 132 196 94 6 0 1 11 28 37 21 0 0 0 0 0 0 21 56 54 31 21 11 0 0 0 0 0 0 0 0 2 6 2 0 0 5 7 3 1 0 0 0 0 0 0 0 0 0 -2147483648 
-2147483648 0 0 0 0 0 0 0 0 0 0 0 0 0 1 0 0 0 0 0 0 0 0 0 0 0 0 0 0 0 0 0 0 0 0 0 0 0 0 0 4 9 0 0 0 10 3 0 0 0 0 1 0 0 0 0 0 0 0 0 0 0 0 0 0 0 0 0 0 0 0 0 0 0 0 0 0 0 0 0 0 0 0 0 0 0 0 0 0 0 0 0 0 0 0 0 0 0 0 0 0 0 0 0 0 0 0 0 2 4 4 1 0 0 0 0 0 0 0 0 0 0 0 0 0 0 0 0 0 0 0 0 0 0 0 0 0 0 0 0 0 0 0 0 0 0 0 0 0 0 0 0 0 0 0 0 0 0 0 0 0 0 0 0 0 0 0 0 0 0 0 0 0 0 0 0 0 0 0 0 0 0 0 0 3 5 0 0 0 4 1 0 0 0 0 0 5 6 0 0 0 3 1 0 0 0 4 94 209 167 45 9 31 48 50 46 39 28 22 14 0 0 8 28 36 21 27 56 42 9 0 0 0 0 0 1 0 0 0 0 6 5 0 3 1 0 0 0 4 0 0 0 0 0 1 -2147483648 
-2147483648 0 0 0 0 0 0 0 0 0 0 0 0 0 0 0 0 0 0 0 1 1 0 0 0 0 0 0 0 0 0 0 0 0 0 0 0 0 0 2 8 11 8 3 0 2 0 0 0 0 0 3 0 0 0 0 0 0 0 0 0 0 0 0 0 0 0 0 0 0 0 0 0 0 0 0 0 0 0 0 0 0 0 0 0 0 0 0 0 0 0 0 0 0 0 0 0 0 0 0 0 0 0 0 0 0 0 0 3 12 17 11 3 0 0 0 0 0 0 0 0 0 0 0 0 0 0 0 0 0 0 0 0 0 0 0 0 0 0 0 0 0 43 76 34 0 0 0 0 0 0 0 0 0 0 0 0 0 0 0 0 0 0 0 0 0 0 0 0 0 0 0 0 0 0 0 0 0 0 5 0 0 0 0 0 0 0 0 0 0 0 0 0 0 0 0 0 0 0 1 0 0 0 1 10 15 16 69 218 255 241 202 195 124 67 54 50 50 50 49 45 36 21 10 2 0 37 128 175 142 107 60 0 0 0 6 0 0 0 0 0 2 0 0 0 0 0 0 0 0 0 1 1 0 0 -2147483648 
-2147483648 0 0 0 0 0 0 0 0 0 0 0 0 0 0 0 0 0 0 0 0 2 0 0 0 0 0 0 0 0 0 0 0 0 0 0 0 0 0 0 2 3 2 1 0 0 0 2 2 0 0 0 0 0 0 0 0 0 0 0 0 0 0 0 0 0 0 0 0 0 0 0 0 0 3 11 13 7 0 0 0 0 0 0 0 0 0 0 0 0 0 0 0 0 0 0 0 0 0 0 0 0 0 0 0 0 0 0 1 4 2 0 0 0 0 0 0 0 0 0 0 0 0 0 0 0 0 0 0 0 5 23 31 18 0 0 0 0 0 0 0 0 162 255 255 132 21 0 0 0 0 0 0 0 0 0 0 0 0 0 0 0 0 0 0 0 0 0 0 0 1 9 6 0 0 0 8 7 2 3 0 0 0 0 0 0 6 5 0 0 1 0 0 0 2 3 0 0 5 6 0 0 9 20 15 12 12 29 159 255 255 255 255 193 92 90 73 70 107 141 128 73 36 39 39 17 47 237 255 255 255 255 255 119 36 20 20 21 17 12 6 3 2 0 1 1 2 2 0 2 3 2 3 2 0 -2147483648 
-2147483648 0 0 0 0 0 0 0 0 0 1 2 0 0 0 0 1 2 0 0 0 0 0 0 0 0 0 0 0 0 0 0 0 0 0 0 0 0 0 0 3 4 0 0 0 0 0 2 2 3 9 6 2 0 0 0 0 0 0 0 0 0 0 0 0 0 0 0 0 0 0 0 0 0 2 8 11 4 0 0 0 0 0 0 0 0 0 0 0 0 0 0 0 0 0 0 0 0 0 0 0 0 0 0 0 0 0 0 0 0 0 0 0 0 0 0 0 0 0 0 0 0 0 0 0 5 9 4 1 1 0 0 2 9 6 0 0 0 3 8 0 4 147 255 255 255 255 74 7 0 0 0 0 0 0 0 0 0 0 0 0 0 0 0 0 0 0 0 0 0 0 10 1 0 0 0 0 1 0 0 0 0 0 0 3 7 12 11 3 2 0 0 0 0 0 0 0 5 0 1 7 13 22 21 11 2 0 9 78 255 255 255 255 118 57 59 56 75 119 145 120 59 22 25 28 11 40 232 255 255 255 255 255 176 57 27 15 5 1 5 9 2 0 0 1 4 0 0 0 0 1 0 0 3 7 -2147483648 
-2147483648 0 0 0 0 0 0 0 0 0 0 0 0 0 4 5 0 0 4 5 0 0 0 0 0 0 0 0 0 0 0 0 0 0 0 0 0 0 0 1 1 0 0 0 0 0 0 0 0 0 6 4 1 1 0 0 0 0 0 0 0 0 0 0 0 0 0 0 0 0 0 0 0 0 0 0 0 0 0 0 0 0 0 0 0 0 0 0 0 0 0 0 0 0 0 0 0 0 0 0 0 0 0 0 0 0 0 0 0 0 0 0 0 0 0 0 0 0 0 0 0 0 8 1 0 0 0 0 0 0 0 0 0 0 0 0 0 0 9 29 38 35 40 138 255 255 255 255 186 36 0 0 0 0 0 0 0 0 0 0 0 0 0 0 0 0 0 0 0 0 0 0 2 0 0 0 0 0 0 0 0 0 0 0 0 0 0 0 0 0 0 0 0 0 0 2 0 0 0 0 1 6 2 0 0 0 1 11 28 66 100 96 64 27 10 8 0 5 37 53 44 24 3 0 0 0 13 85 194 251 241 208 148 70 18 8 8 0 0 0 0 0 0 0 0 0 0 0 0 0 0 0 0 2 5 -2147483648 
-2147483648 0 0 0 0 0 0 0 0 0 0 0 2 8 7 0 0 0 0 5 4 1 0 0 0 0 0 0 0 0 0 0 0 0 0 0 0 0 0 0 0 0 0 0 0 0 0 0 0 0 0 0 1 2 2 0 0 0 0 0 0 0 0 0 0 0 0 0 0 0 0 0 0 0 0 0 0 0 0 0 0 0 0 0 0 0 0 0 0 0 0 0 0 0 0 0 0 0 0 0 0 0 0 0 0 0 0 0 1 0 0 0 0 0 0 0 0 2 3 0 0 5 6 9 13 1 0 0 0 0 0 0 0 0 0 0 0 0 11 30 34 22 6 7 55 202 255 255 255 255 169 47 10 27 71 111 141 177 193 130 36 14 29 17 2 4 4 0 0 0 0 12 21 8 0 0 0 0 0 0 0 0 0 5 1 0 0 0 0 0 0 2 0 0 1 6 5 2 3 1 0 0 0 0 0 4 2 3 15 20 15 12 13 12 10 2 0 0 0 6 2 0 0 0 0 0 0 0 17 26 21 16 10 7 4 0 0 1 0 0 0 0 5 11 7 0 0 0 0 3 3 2 1 1 3 -2147483648 
-2147483648 0 0 0 0 0 0 0 0 0 0 0 0 0 4 8 3 0 0 0 8 5 0 0 0 0 0 0 0 0 0 0 0 0 0 0 0 0 0 0 0 0 0 0 0 0 0 0 0 0 0 0 0 0 0 0 0 0 0 0 0 0 0 0 0 0 0 0 0 0 0 0 0 0 0 0 0 0 0 0 2 1 0 0 0 0 0 0 0 0 0 0 0 0 0 0 0 0 0 0 0 0 0 0 0 0 0 0 2 0 0 0 0 0 0 0 0 0 0 0 0 5 5 8 14 12 10 7 0 0 0 0 0 0 0 2 9 16 19 22 27 9 0 0 18 38 109 255 255 255 255 255 255 255 255 255 255 255 255 255 255 193 73 32 22 20 15 6 1 0 6 12 1 0 0 0 0 0 0 0 0 0 0 6 6 4 8 7 7 7 6 3 0 3 6 8 9 4 2 2 0 0 1 5 4 9 9 8 15 12 12 23 29 31 27 17 10 6 0 0 0 0 0 0 0 5 2 3 8 4 0 0 3 6 6 6 3 6 8 6 6 9 10 6 5 9 14 11 6 7 9 9 5 1 6 -2147483648 
-2147483648 0 0 0 0 0 0 0 0 0 0 0 0 0 3 6 3 0 0 2 0 0 0 0 0 0 0 0 0 0 0 0 0 0 0 0 0 0 0 0 0 0 0 0 0 0 0 0 0 0 0 0 0 0 0 0 0 0 0 0 0 0 0 0 0 0 0 0 0 0 0 0 0 0 0 0 0 0 12 27 27 21 11 0 0 0 0 0 0 0 0 0 0 0 0 0 0 0 0 0 0 0 0 0 0 0 0 0 0 0 0 2 1 0 0 1 0 0 0 7 30 29 14 5 4 3 0 0 10 15 5 0 0 0 0 6 13 16 22 32 29 11 0 0 11 19 23 50 136 255 255 255 255 255 255 255 255 255 255 255 192 82 20 19 23 10 3 2 2 7 4 0 0 0 3 0 0 0 0 0 0 0 0 0 7 14 11 4 3 8 9 5 9 12 10 12 11 7 6 0 0 3 12 15 15 9 17 27 23 22 25 29 42 46 30 21 16 9 7 2 0 0 0 0 29 52 31 9 8 12 14 13 12 11 9 9 12 14 10 2 0 4 5 3 4 5 0 0 0 0 0 0 0 0 0 -2147483648 
-2147483648 0 0 0 0 0 0 0 0 0 0 0 2 3 0 0 0 5 2 0 0 0 0 0 0 0 0 0 0 0 0 0 0 0 0 0 0 0 0 0 0 0 0 0 0 0 2 4 3 0 0 0 0 0 1 0 0 0 0 0 0 0 0 0 0 0 0 0 0 0 0 0 0 0 0 0 0 0 0 11 15 19 17 5 0 0 0 0 0 0 0 0 0 0 0 0 0 0 0 0 0 0 0 0 0 0 0 0 0 5 10 3 0 0 0 0 0 12 14 12 4 0 0 0 0 0 0 0 0 0 1 3 0 0 0 0 17 23 34 49 32 5 1 1 0 0 3 3 13 41 109 197 230 196 139 96 75 56 40 33 20 8 7 10 10 2 0 0 4 8 13 13 4 0 0 0 0 0 0 0 0 0 0 0 13 14 10 10 9 7 8 17 22 15 10 9 9 11 10 10 11 9 1 0 1 11 16 15 6 9 17 16 12 11 12 7 1 0 0 0 0 0 0 7 37 33 3 0 0 0 0 0 0 0 0 0 0 0 0 0 0 0 0 0 0 0 0 0 0 0 0 0 0 0 0 -2147483648 
-2147483648 1 0 0 0 0 0 0 0 0 1 0 0 0 0 0 0 8 2 1 3 1 0 0 0 0 0 0 0 0 0 0 0 0 0 0 0 0 0 0 0 0 0 0 0 0 0 0 0 8 2 2 2 0 0 0 0 0 0 0 0 0 0 0 0 0 0 0 0 0 0 0 0 0 0 0 0 0 0 0 0 0 0 0 0 8 5 0 0 0 0 0 0 0 0 0 0 0 0 0 0 0 0 0 0 0 0 0 2 4 0 0 0 0 0 0 0 0 9 2 0 0 0 0 0 0 0 0 0 0 0 0 0 0 0 0 13 15 13 26 24 1 0 0 0 0 0 0 0 4 10 20 22 9 0 5 10 10 10 7 4 11 16 7 5 13 14 10 10 15 18 15 8 0 0 10 15 7 0 0 0 0 0 0 8 4 3 8 7 4 9 12 2 0 5 6 0 0 0 0 0 0 0 0 0 0 0 0 0 0 0 0 0 0 0 0 0 0 0 0 0 0 11 27 21 0 0 0 0 0 0 0 0 0 0 0 0 0 0 0 0 0 0 0 0 0 0 0 0 0 0 0 0 0 0 -2147483648 
-2147483648 0 0 0 0 0 0 0 0 0 0 0 0 0 0 0 0 0 0 0 0 0 0 0 0 0 0 0 0 0 0 0 0 0 0 0 0 0 0 0 0 0 0 0 0 0 0 0 0 0 0 6 7 3 0 0 0 0 0 0 0 0 0 0 0 0 0 0 0 0 0 0 0 0 0 0 0 0 0 0 0 0 0 0 0 3 2 0 0 0 0 0 0 0 0 0 0 0 0 0 0 0 0 0 0 0 0 0 0 0 0 0 0 0 0 0 0 0 0 7 7 4 0 0 0 0 0 0 0 8 6 0 5 17 14 1 0 0 0 5 11 0 0 0 0 0 0 0 0 0 0 5 5 5 13 19 16 12 13 17 20 15 11 13 17 20 19 17 12 5 0 0 5 7 11 18 23 21 4 0 0 0 2 8 1 0 0 0 0 0 0 0 0 0 0 0 0 0 0 0 0 0 0 0 0 0 0 0 0 0 0 0 0 0 0 0 0 0 0 0 0 0 0 8 6 0 0 0 0 0 0 0 0 0 0 0 0 0 0 0 0 0 0 0 0 0 0 0 1 16 25 35 48 62 84 -2147483648 
-2147483648 0 0 0 0 0 0 0 0 0 0 0 0 0 0 0 0 0 0 0 0 0 0 0 0 0 0 0 0 0 0 0 0 0 0 0 0 0 0 1 0 0 0 0 0 0 0 0 0 0 0 0 0 4 2 0 0 0 0 0 0 0 0 0 0 0 0 0 0 0 0 0 0 0 0 0 0 0 0 0 0 0 0 0 0 0 0 0 0 0 0 0 0 0 0 0 0 0 0 0 0 0 0 0 0 0 0 0 2 7 2 0 0 0 0 0 0 0 0 0 6 9 2 0 0 0 0 0 0 0 13 21 20 14 15 8 0 0 5 9 4 0 0 0 6 13 18 15 11 13 12 8 5 10 15 9 7 9 6 8 12 6 0 0 0 0 0 0 0 0 0 0 0 0 0 0 0 0 8 6 1 0 0 0 0 0 0 0 0 0 0 0 0 0 0 0 0 0 0 0 0 0 0 0 0 0 0 0 0 0 0 0 0 0 0 0 0 0 0 0 0 0 0 0 1 0 0 0 11 40 82 115 136 156 179 200 220 226 221 229 245 255 255 255 255 255 255 255 255 255 255 255 255 255 255 -2147483648 
-2147483648 0 0 0 0 0 0 0 0 0 0 0 0 0 0 0 0 0 0 0 0 0 0 0 0 0 0 0 0 0 0 0 0 0 0 0 0 0 0 0 0 0 0 0 0 0 0 0 0 0 0 0 3 3 1 0 0 0 0 0 0 0 0 0 0 0 0 0 0 0 0 0 0 0 4 2 0 0 0 0 0 0 0 0 0 0 0 0 0 0 0 0 0 0 0 0 0 0 0 0 0 0 0 0 0 0 0 0 3 7 6 0 0 0 0 0 0 0 0 0 0 0 0 0 0 0 0 0 0 0 0 0 0 0 0 0 1 10 15 14 8 0 0 0 12 22 15 9 12 12 1 0 0 0 0 0 0 0 0 0 0 0 0 0 0 0 0 0 0 0 0 0 0 0 0 0 0 0 7 1 0 0 0 0 0 0 0 0 0 0 0 0 0 0 0 0 0 0 0 0 0 0 0 0 0 0 29 69 94 115 149 192 203 137 40 0 7 9 0 0 0 0 0 8 8 11 64 188 255 255 255 255 255 255 255 255 255 255 255 255 255 255 255 248 233 231 225 218 211 207 208 203 202 206 196 -2147483648 
-2147483648 0 0 0 0 0 0 0 0 0 0 0 0 0 0 0 0 0 0 0 0 1 0 0 0 0 0 0 0 0 0 0 0 0 0 0 0 0 0 0 0 0 4 3 0 0 0 0 0 0 0 0 0 0 0 0 0 0 0 0 0 0 0 0 0 0 0 0 0 0 0 0 0 0 0 0 0 0 0 0 0 0 0 0 0 0 0 0 0 0 0 0 0 0 0 0 0 0 0 0 0 0 0 0 0 0 0 0 4 11 5 0 0 2 8 6 0 0 0 0 0 0 0 0 0 0 0 0 6 4 0 0 0 0 0 0 0 0 13 23 13 0 0 0 0 0 0 0 0 0 0 0 0 0 0 0 0 0 0 0 0 0 0 0 0 0 0 0 0 0 0 0 0 0 0 0 0 5 9 0 0 0 0 0 0 0 0 0 0 0 37 68 92 127 161 187 214 248 255 255 255 255 255 255 255 255 255 255 255 255 255 255 255 130 23 6 4 0 0 0 0 0 2 16 7 2 29 111 227 255 255 240 222 212 204 198 190 184 180 165 155 159 158 145 131 122 116 118 120 116 117 114 109 112 108 -2147483648 
-2147483648 0 0 0 0 0 0 0 0 0 0 1 5 3 0 0 0 0 5 4 0 0 0 0 0 0 0 0 0 0 0 0 0 0 0 0 0 0 0 1 0 0 0 0 0 0 0 0 0 0 0 0 0 0 0 0 0 0 0 0 0 0 0 0 0 0 0 0 0 0 0 0 0 0 0 0 0 0 0 0 0 0 0 0 0 0 0 0 0 0 0 0 0 0 0 0 0 0 0 0 0 0 0 0 0 0 0 0 2 2 0 0 0 0 0 2 1 0 0 0 0 0 9 0 0 0 19 30 23 13 5 0 0 0 0 0 0 0 8 7 0 0 0 0 0 0 0 0 0 0 0 0 0 0 0 0 0 0 0 0 0 0 0 0 0 0 0 0 0 0 5 52 49 22 26 36 37 36 16 0 14 77 186 255 255 255 255 255 255 255 255 255 255 255 255 255 255 255 255 255 255 255 255 255 254 251 241 224 214 212 206 182 123 46 6 0 0 0 3 3 0 8 15 12 5 4 9 33 80 115 124 120 119 123 118 109 107 105 96 86 83 84 83 84 83 80 78 78 79 74 74 76 68 64 69 -2147483648 
-2147483648 0 0 0 0 0 0 0 0 0 0 0 0 2 7 3 0 0 2 0 0 0 0 0 0 0 0 0 0 0 0 0 0 0 0 0 0 0 0 0 0 0 0 0 0 0 0 0 2 0 0 3 1 0 0 0 0 0 0 0 0 0 0 0 0 0 0 0 0 0 0 0 0 0 0 0 0 0 0 0 0 0 0 0 0 0 0 0 0 0 0 0 0 0 0 0 0 0 0 0 0 0 0 0 0 0 0 0 0 0 0 0 0 0 0 0 0 0 0 0 8 14 15 25 43 53 47 26 0 0 0 0 0 0 7 10 4 0 0 0 0 0 0 0 0 0 0 0 0 0 0 0 0 0 0 18 51 88 127 169 216 255 255 255 255 255 255 255 255 255 255 255 114 24 27 42 52 43 12 1 18 78 197 255 255 255 255 255 255 236 216 207 195 172 156 159 160 150 141 140 141 138 142 141 128 124 121 115 112 116 128 126 90 37 9 0 0 0 6 16 20 12 0 0 4 8 3 0 1 13 33 51 59 59 60 62 64 62 54 57 60 49 42 44 47 51 55 50 44 43 36 32 36 38 38 -2147483648 
-2147483648 0 0 0 0 0 0 0 0 0 0 0 0 0 0 0 0 0 0 0 0 0 0 0 0 0 0 0 0 0 0 0 0 0 0 0 0 0 0 0 0 0 0 0 0 0 2 7 6 0 0 0 0 0 0 0 0 0 0 0 0 0 0 0 0 0 0 0 0 0 0 0 0 0 1 0 0 0 2 0 0 0 0 0 0 0 0 0 0 0 0 0 0 0 0 0 0 0 0 0 0 0 0 0 0 0 0 0 0 0 0 0 0 0 0 0 0 0 0 0 0 0 0 11 32 17 0 0 0 0 0 2 9 9 9 7 5 0 0 3 21 34 70 142 212 255 255 255 255 255 255 255 255 255 255 255 255 255 255 255 255 255 255 255 255 255 255 255 255 255 249 179 82 15 4 57 96 52 1 0 0 0 32 94 130 126 121 123 119 113 113 109 103 105 107 101 101 109 108 103 105 115 121 117 112 109 110 112 109 102 99 102 87 49 20 12 13 10 10 17 9 0 0 1 1 0 0 0 0 0 0 0 0 0 0 0 0 0 0 0 0 0 0 2 4 2 0 1 3 0 0 0 0 0 0 -2147483648 
-2147483648 0 0 0 0 0 0 0 0 0 0 0 0 0 0 0 0 0 0 0 4 2 0 0 0 0 0 0 0 0 0 0 0 0 0 0 0 0 0 0 0 0 0 7 1 5 13 3 0 0 0 0 0 0 0 0 0 0 0 0 0 0 0 0 0 0 0 0 0 0 0 0 0 0 1 0 0 0 1 4 10 3 0 0 0 0 0 0 0 0 0 0 0 0 0 0 0 0 0 0 0 0 0 0 0 0 0 0 0 0 0 0 0 0 0 0 0 0 0 0 0 0 0 0 0 0 0 0 0 0 0 0 0 4 0 0 0 0 0 0 15 62 195 255 255 255 255 255 255 255 255 255 255 255 255 255 255 240 226 211 187 166 153 150 146 137 134 133 136 142 129 83 32 3 0 0 0 0 0 0 0 0 0 53 93 101 100 99 96 98 101 99 101 105 102 95 95 100 102 98 88 77 70 70 71 68 64 53 43 42 39 36 31 22 10 2 7 10 3 0 0 0 0 1 4 0 0 0 0 0 0 0 0 0 0 0 0 0 0 0 0 0 0 0 0 0 0 0 0 0 0 0 0 0 0 -2147483648 
-2147483648 1 1 0 0 0 0 0 0 0 0 0 0 0 4 3 0 0 0 3 4 4 1 0 0 0 0 0 0 0 0 0 0 0 0 0 0 0 0 0 0 0 0 0 0 0 4 0 0 0 0 0 0 0 1 0 0 0 0 0 0 0 0 0 0 0 0 0 0 0 0 0 0 0 0 0 0 0 0 0 15 17 0 0 0 0 0 0 0 0 0 0 0 0 0 0 0 0 0 0 0 0 0 0 0 0 0 0 0 0 34 10 0 0 0 0 0 0 0 0 0 0 0 0 0 0 0 0 0 0 0 0 0 9 8 0 0 0 0 0 0 0 56 145 210 225 210 189 175 165 157 152 144 127 118 128 129 116 109 107 100 97 108 113 112 115 116 120 123 118 102 65 21 0 0 0 0 0 0 0 2 0 2 44 87 97 87 75 68 68 70 72 73 63 55 57 46 31 26 19 10 0 0 0 0 0 0 0 0 0 0 0 0 0 0 0 0 0 0 0 0 0 0 0 0 0 0 0 0 0 0 0 0 0 0 0 0 0 0 0 0 0 0 0 0 0 0 0 0 0 0 0 0 0 0 -2147483648 
-2147483648 0 1 0 0 0 0 0 0 0 0 0 0 0 0 0 0 0 0 0 3 2 0 0 0 0 0 0 0 0 0 0 0 0 0 0 0 0 0 0 0 4 3 0 0 0 0 0 0 0 0 0 0 0 0 0 0 0 0 0 0 0 0 0 0 0 0 0 0 0 0 0 0 0 0 0 0 0 0 0 11 0 0 0 0 0 0 0 0 0 0 0 0 0 0 0 0 39 121 199 255 255 255 255 255 255 255 255 255 255 255 61 21 16 5 0 0 1 0 0 0 0 0 0 0 0 0 4 14 11 4 9 15 12 3 0 0 0 0 0 0 0 0 4 58 82 76 70 70 76 84 92 101 103 98 94 87 84 85 84 85 89 93 91 89 90 88 83 79 71 52 33 20 9 0 0 0 0 5 10 7 0 0 14 24 24 12 0 3 7 0 0 0 0 0 0 0 0 0 0 0 0 0 0 0 0 0 0 0 0 0 0 0 0 0 0 0 0 0 0 0 0 0 0 0 0 0 0 0 0 0 0 0 0 0 0 0 0 0 0 0 0 0 0 0 0 0 0 0 0 0 0 0 0 0 -2147483648 
-2147483648 0 0 0 0 0 0 0 0 0 1 3 5 2 0 0 6 5 0 7 11 4 0 0 0 0 0 0 0 0 0 0 0 0 0 0 0 0 0 0 0 0 0 1 5 2 0 0 1 0 0 0 0 0 0 0 0 0 0 0 0 0 0 0 0 0 0 0 0 0 0 0 0 0 0 0 0 0 2 28 36 9 0 38 105 181 250 255 255 255 255 255 255 255 255 255 255 255 255 255 255 255 255 255 255 255 255 255 255 255 190 47 17 9 0 1 0 0 0 0 1 2 0 0 6 13 18 18 10 0 0 4 3 0 0 0 0 0 0 0 0 2 2 28 54 56 53 58 61 61 66 66 64 72 73 59 49 46 42 38 33 27 18 10 3 0 0 0 0 0 0 0 0 0 0 1 5 6 0 0 0 0 0 0 0 0 0 0 0 0 0 0 0 0 0 0 0 0 0 0 0 0 0 0 0 0 0 0 0 0 0 0 0 0 0 0 3 4 0 0 0 5 4 1 5 2 0 0 0 0 0 0 0 0 0 0 0 0 0 0 0 0 0 0 0 0 0 0 0 0 0 0 0 0 0 -2147483648 
-2147483648 0 0 0 0 0 0 0 0 0 1 1 0 0 0 0 0 0 0 0 0 0 0 0 0 0 0 0 0 0 0 0 0 0 0 0 0 0 0 0 0 0 0 0 0 0 0 0 0 0 0 0 0 0 0 0 0 0 0 0 0 0 0 0 0 0 0 26 88 142 195 250 255 255 255 227 70 16 42 51 21 8 32 102 255 255 255 255 255 255 255 255 255 255 255 255 255 255 255 255 255 255 255 255 234 199 164 129 104 83 52 22 2 0 8 5 0 4 15 26 28 30 38 35 24 18 10 0 0 0 0 0 0 0 0 0 0 0 0 0 0 0 2 21 26 20 18 17 16 15 9 3 3 2 0 0 0 0 0 0 0 0 0 0 0 0 0 0 0 0 0 0 0 0 0 0 0 0 0 0 0 0 0 0 0 0 0 0 0 0 0 0 0 0 0 0 0 0 0 0 0 0 0 0 0 0 0 0 0 0 0 0 0 0 10 8 0 0 0 0 0 4 2 0 0 0 0 0 0 0 0 0 0 0 0 0 0 0 0 0 0 0 0 0 0 0 0 0 0 0 0 0 0 0 0 -2147483648 
-2147483648 0 0 0 0 0 0 0 0 0 0 0 0 0 0 0 0 0 0 0 0 0 0 0 0 0 0 0 0 0 0 0 0 0 0 0 0 0 0 0 0 0 0 0 0 0 0 0 0 11 43 94 156 208 253 255 255 255 255 255 255 255 255 255 255 255 255 255 255 255 255 255 255 255 255 255 97 31 87 68 0 0 0 25 116 253 255 255 255 255 222 191 157 125 103 85 71 59 42 27 20 13 4 0 0 0 0 0 0 3 4 0 0 0 0 0 0 0 0 3 11 19 21 7 0 3 2 0 0 7 0 0 0 0 0 0 0 0 0 0 0 0 0 0 0 0 0 0 0 0 0 0 0 0 0 0 0 0 0 0 0 0 0 0 0 0 0 0 0 0 0 0 0 0 0 0 0 0 0 0 0 0 0 0 0 0 0 0 0 0 0 0 0 0 0 0 0 0 0 0 0 0 0 0 0 0 0 0 0 0 0 0 0 0 0 0 0 0 2 0 0 0 0 0 0 0 0 0 0 0 0 0 0 0 0 0 0 0 0 0 0 0 0 0 0 0 0 0 0 0 0 0 0 0 0 -2147483648 
-2147483648 0 0 0 0 0 0 0 0 0 0 0 0 0 0 0 0 0 0 0 0 0 0 0 0 0 0 0 0 0 0 0 0 0 0 0 25 83 141 207 207 105 10 0 0 0 0 0 0 8 46 161 255 255 255 255 255 255 255 255 255 255 255 255 255 255 255 255 255 255 255 255 255 255 255 163 47 0 0 0 0 0 0 0 0 18 29 22 10 2 0 0 0 0 0 0 0 0 0 0 0 0 0 0 0 0 0 0 0 0 0 0 0 0 0 0 0 0 0 0 0 0 0 0 0 0 0 5 5 0 0 0 0 0 0 0 0 0 0 0 0 0 0 0 0 0 0 0 0 0 0 0 0 0 0 0 0 0 0 0 0 0 0 0 0 0 0 0 0 0 0 0 0 2 0 0 0 6 5 0 0 0 0 0 0 0 0 0 0 0 0 0 0 0 0 0 0 0 0 0 0 0 0 0 0 0 0 0 0 0 0 0 0 0 0 0 0 0 0 0 0 0 0 0 0 0 0 0 0 2 3 0 0 0 0 0 0 0 0 0 0 0 0 0 0 0 3 0 0 0 1 0 0 1 0 -2147483648 
-2147483648 0 0 0 0 0 0 0 0 0 0 0 0 0 5 9 5 1 16 30 28 45 83 124 170 212 249 255 255 255 255 255 255 255 255 255 255 255 255 255 255 211 50 9 7 2 4 2 0 0 0 19 133 252 255 255 255 253 230 205 179 150 127 108 89 73 64 60 52 40 30 21 11 5 7 9 0 0 0 0 0 0 0 0 0 3 1 0 0 0 0 0 0 0 0 0 0 0 0 0 0 0 0 0 0 0 0 0 0 0 0 0 0 0 0 0 0 0 0 0 0 0 0 0 0 0 0 0 0 0 0 0 3 4 0 0 0 0 3 1 0 0 0 0 0 0 0 0 0 0 0 0 0 0 0 0 0 0 0 0 0 0 0 0 0 0 0 0 0 0 0 0 0 0 0 0 2 8 0 0 0 0 0 0 0 0 0 0 0 0 0 0 0 0 0 0 0 0 0 0 0 0 0 0 0 0 0 0 0 0 0 0 0 0 0 0 0 0 0 0 0 0 0 0 0 0 0 0 0 0 0 0 0 0 0 0 0 0 0 0 0 0 0 0 0 0 1 0 3 5 4 4 0 0 0 -2147483648 
-2147483648 0 0 17 50 85 120 151 180 210 227 190 108 53 35 14 0 2 24 121 255 255 255 255 255 255 255 255 255 255 255 255 255 255 255 255 255 255 255 230 166 87 37 20 7 6 10 3 4 2 0 0 0 11 20 12 5 1 0 0 0 0 0 0 0 0 0 0 0 0 0 0 0 0 1 1 0 0 0 0 0 0 2 8 2 0 1 0 0 0 0 0 0 0 0 0 0 0 0 0 0 0 0 0 0 0 0 0 2 11 12 0 0 0 0 0 0 0 0 0 0 0 0 0 0 0 0 0 0 0 0 0 0 0 0 1 0 0 6 3 0 0 0 0 0 0 0 0 0 0 0 0 0 0 0 0 0 0 0 0 0 0 0 0 0 0 0 0 0 0 0 0 1 0 0 0 0 0 0 0 5 0 0 0 0 1 0 0 0 0 0 0 2 3 0 0 0 0 0 0 0 0 0 0 0 0 0 0 0 0 0 0 1 1 0 0 0 0 0 0 0 0 0 0 0 0 0 0 0 0 0 0 0 0 0 1 1 0 0 0 0 0 0 0 0 0 0 0 0 0 0 0 0 0 0 -2147483648 
-2147483648 255 255 255 255 255 255 255 255 255 255 255 141 67 64 46 13 0 1 39 134 214 230 213 183 154 130 112 99 86 79 71 59 52 47 42 37 31 20 4 0 0 1 0 0 0 0 11 15 5 2 4 2 0 0 0 0 0 0 0 0 0 0 0 0 0 0 0 0 0 0 0 0 0 1 7 10 6 3 0 0 0 0 0 0 0 1 0 0 0 0 0 0 0 0 0 0 0 0 0 0 0 0 0 0 0 0 0 2 9 9 0 0 0 0 0 0 0 0 0 0 0 0 0 0 0 0 1 6 15 13 0 0 0 4 12 22 21 12 12 4 0 0 0 0 0 0 0 0 0 0 0 0 0 0 0 0 0 0 2 0 0 0 0 0 0 0 0 0 0 0 0 3 0 0 0 5 0 1 10 6 1 0 0 0 0 0 0 1 6 2 0 0 0 4 1 0 0 0 1 0 0 0 0 0 0 0 0 0 0 0 0 0 4 3 0 0 0 0 0 0 0 0 0 0 0 0 0 0 0 0 0 0 0 0 0 0 0 0 0 0 1 0 0 0 0 0 0 0 0 0 0 0 0 0 -2147483648 
-2147483648 164 159 146 139 129 115 101 89 81 85 78 33 0 0 0 4 1 0 0 0 6 4 0 0 0 0 0 0 0 0 0 0 0 0 0 0 0 1 1 2 6 0 0 0 0 0 0 0 0 0 8 7 3 1 0 0 0 0 0 0 0 0 0 0 0 0 0 0 0 0 0 0 0 4 15 19 10 0 0 0 3 3 4 0 0 0 0 0 0 0 0 0 0 0 0 0 0 0 0 0 0 0 0 0 0 0 0 1 7 8 3 3 0 0 4 6 4 9 13 15 13 6 1 5 13 19 22 23 31 37 27 12 14 18 14 25 31 18 7 1 0 0 0 0 0 0 0 0 0 0 0 0 0 0 0 0 0 0 0 0 0 0 0 0 0 0 0 0 0 0 0 0 0 0 0 0 0 1 1 1 0 0 2 0 0 0 3 7 0 0 0 0 0 0 0 0 1 10 10 2 0 0 0 0 0 0 0 0 0 0 0 0 1 6 1 0 0 2 10 4 0 0 0 0 0 0 0 0 0 0 3 0 0 0 0 0 0 4 9 5 0 0 0 0 0 0 0 0 0 0 0 0 0 0 -2147483648 
-2147483648 14 4 0 0 0 0 0 0 0 0 0 0 0 0 0 0 0 0 0 4 5 0 0 0 0 0 0 0 0 0 0 0 0 0 0 0 0 0 0 0 0 1 0 0 5 2 0 0 0 0 0 3 6 2 0 0 0 0 0 0 0 0 0 0 0 0 0 0 0 0 0 0 0 1 0 0 1 0 0 0 0 0 4 4 0 0 0 0 0 0 0 0 0 0 0 0 0 0 0 0 0 0 0 0 0 0 0 0 0 2 5 0 0 0 0 0 0 3 3 12 24 27 29 33 23 0 0 0 0 3 17 24 15 7 9 3 0 0 0 0 0 0 0 0 0 0 0 0 0 0 0 0 0 0 0 0 0 0 0 0 0 0 0 0 0 0 0 0 0 0 0 0 0 6 0 0 0 0 0 0 0 0 11 8 1 1 1 0 0 0 0 0 0 0 0 0 1 0 1 4 0 0 0 0 0 0 0 0 4 11 11 9 7 0 0 1 5 12 15 12 8 2 7 20 15 0 0 0 0 0 2 5 0 0 0 0 0 1 7 2 0 0 0 0 0 0 0 0 0 0 0 0 0 0 -2147483648 
-2147483648 0 0 0 0 0 0 0 0 0 0 0 0 0 0 0 0 0 3 0 0 0 0 0 0 0 0 0 0 0 0 0 0 0 0 0 0 0 0 1 1 0 0 8 17 12 5 0 1 5 3 1 3 3 1 0 0 0 0 0 0 0 0 0 0 0 0 0 0 0 0 0 0 0 0 0 0 0 0 5 3 0 0 0 0 4 2 0 0 0 0 0 0 0 0 0 0 0 0 0 0 0 0 0 0 0 0 0 0 0 0 0 0 0 0 0 0 0 0 0 13 8 0 0 0 0 0 0 0 0 0 0 0 0 0 0 0 0 0 0 0 4 2 0 0 0 0 0 0 0 0 0 0 0 0 0 0 0 0 0 0 0 0 0 0 0 0 0 0 0 0 0 0 0 0 0 0 0 0 0 0 0 0 0 0 0 0 0 0 0 2 0 0 0 5 1 0 3 0 0 3 3 7 11 8 6 6 6 6 3 0 0 0 1 0 0 8 26 31 12 0 0 1 34 48 22 6 0 0 0 0 0 2 3 7 12 8 0 0 0 0 2 0 0 0 0 0 0 0 0 0 0 0 0 0 -2147483648 
-2147483648 0 0 0 0 0 0 0 0 0 0 0 0 0 0 0 0 8 5 0 0 0 0 0 0 0 0 0 0 0 0 0 0 0 0 0 0 0 0 1 0 0 0 0 0 0 4 0 0 6 16 20 16 8 2 0 0 0 0 0 0 0 0 0 0 0 0 0 0 0 0 0 0 0 2 6 6 3 3 5 4 1 0 1 2 0 0 0 0 0 0 0 0 0 0 0 0 0 0 0 0 0 0 0 0 0 0 0 1 4 3 0 0 0 0 0 0 0 0 0 0 0 0 0 0 0 0 0 0 0 0 0 0 0 0 0 0 0 0 0 0 0 0 0 0 2 0 0 0 0 0 0 0 0 0 0 0 0 0 0 0 0 0 0 0 0 0 0 0 0 0 9 10 5 0 1 7 6 0 0 0 0 0 0 0 0 0 0 1 9 12 13 19 21 16 14 12 11 13 18 19 16 17 17 22 28 22 16 19 17 7 7 10 4 1 1 10 37 45 16 0 0 14 51 62 29 6 0 0 5 6 0 0 0 0 1 6 3 0 0 0 0 2 0 0 0 0 0 0 9 13 12 11 7 0 -2147483648 
-2147483648 5 2 0 0 0 0 0 0 0 0 0 0 0 0 0 4 3 0 0 0 0 0 0 0 0 0 0 0 0 0 0 0 0 0 0 1 2 0 0 0 0 0 0 0 0 5 0 0 0 2 5 7 4 0 0 0 0 0 0 0 0 0 0 0 0 0 0 0 0 0 0 0 0 4 11 7 0 0 5 16 21 15 9 7 0 0 0 0 0 0 0 0 0 0 0 0 0 0 0 0 0 0 0 0 0 0 0 0 0 0 0 0 0 0 0 3 3 0 0 0 0 0 9 12 9 18 21 18 21 20 6 0 0 3 3 0 0 4 1 0 0 0 0 0 0 0 0 0 0 0 0 0 0 0 0 0 0 0 0 0 4 3 0 0 0 2 5 0 0 0 0 1 7 12 15 18 15 6 5 13 18 6 0 0 4 3 0 0 10 25 20 17 20 19 20 21 15 13 17 18 19 21 17 11 16 24 29 30 29 34 37 27 14 9 2 0 18 32 22 13 14 20 33 34 18 0 0 6 11 3 0 0 3 0 0 0 2 0 0 0 0 6 5 2 0 6 25 29 25 29 34 31 28 29 -2147483648 
-2147483648 3 0 0 0 0 0 0 0 0 0 0 0 0 0 0 0 0 0 0 1 3 0 0 0 0 0 0 0 0 0 0 0 0 0 0 0 0 1 1 2 8 9 7 4 0 0 4 1 0 0 0 0 0 0 0 0 0 0 0 0 0 0 0 0 0 0 0 0 0 0 0 0 0 6 14 16 21 22 17 16 12 8 8 8 5 0 0 0 0 0 0 0 0 0 0 0 0 0 0 0 0 0 0 0 0 0 0 0 0 0 0 0 0 0 0 0 0 0 0 0 10 19 16 2 0 0 0 0 0 0 0 2 7 7 6 3 1 8 10 0 0 1 0 0 0 0 0 0 0 0 0 2 0 0 0 0 0 0 0 5 9 0 0 0 11 10 0 0 0 0 3 5 8 10 10 10 11 11 13 15 9 5 6 4 5 13 14 5 4 10 14 15 12 12 16 21 17 6 4 7 6 2 4 6 0 0 0 6 9 12 14 12 6 0 0 2 10 18 21 21 14 14 17 4 0 0 0 0 8 8 2 1 7 5 0 0 0 0 0 0 0 0 0 0 1 16 27 22 14 15 16 12 15 18 -2147483648 
-2147483648 0 0 0 0 0 0 0 0 0 0 0 0 0 0 0 0 0 0 0 1 2 0 0 0 0 0 0 0 0 0 0 0 0 0 0 0 0 1 2 4 10 12 10 12 6 2 11 11 5 4 8 11 6 1 0 0 0 0 0 0 0 0 0 0 0 0 0 0 0 0 0 0 0 1 0 0 0 7 0 0 0 0 0 0 0 0 0 0 0 0 0 0 0 0 0 0 0 0 0 0 0 0 0 0 0 0 0 0 0 0 0 0 0 0 0 0 0 4 13 1 0 0 0 0 0 0 0 0 0 0 0 0 0 0 0 0 10 33 45 25 6 0 0 0 0 0 0 0 4 3 0 0 0 0 0 0 0 0 3 2 0 0 0 1 13 9 0 0 1 5 7 10 13 8 0 0 0 15 23 17 0 0 4 6 3 7 11 9 2 0 6 13 12 11 12 12 13 13 8 0 0 0 0 0 0 0 0 2 6 6 7 13 18 13 9 6 0 0 0 2 0 0 0 6 3 0 0 0 6 8 9 3 0 0 1 0 0 0 0 0 0 0 0 0 0 6 8 4 0 0 0 0 0 0 -2147483648 
-2147483648 0 0 0 0 0 0 0 0 0 0 0 0 5 6 1 0 0 0 0 0 0 0 0 0 0 0 0 0 0 0 0 0 0 0 0 0 0 0 2 4 2 0 0 1 16 9 0 5 5 0 4 9 3 0 0 0 0 0 0 0 0 0 0 0 0 0 0 0 0 0 0 0 0 0 0 0 0 0 0 0 0 0 0 0 0 0 0 0 0 0 0 0 0 0 0 0 0 0 0 0 0 0 0 0 0 0 0 0 0 0 17 25 30 11 0 0 2 0 0 0 0 0 0 0 0 12 20 14 6 0 0 0 0 0 0 0 6 34 47 26 0 0 0 14 20 3 0 0 0 0 0 0 0 0 0 4 4 0 0 0 0 0 2 0 0 0 0 5 0 1 5 0 0 0 0 0 0 0 8 8 0 0 0 0 0 0 0 0 0 3 6 3 4 4 0 0 9 13 5 0 0 1 8 9 5 11 17 14 12 10 9 21 36 28 12 10 7 0 0 0 0 0 11 32 22 2 0 0 0 0 0 0 0 0 0 0 0 0 0 3 5 0 0 0 0 0 0 0 0 0 0 0 0 0 -2147483648 
-2147483648 4 1 0 0 0 0 0 0 0 1 4 9 10 6 0 0 0 0 1 0 0 0 0 0 0 0 0 0 0 0 0 0 0 0 0 0 0 1 3 7 10 4 0 0 0 0 0 0 0 0 0 0 0 1 0 0 0 0 0 0 0 0 0 0 0 0 0 0 0 0 0 0 0 0 0 2 0 0 0 1 1 0 0 0 0 0 0 0 0 0 0 0 0 0 0 0 0 0 0 0 0 0 0 0 0 0 0 0 0 0 11 21 20 2 0 0 0 0 0 0 0 0 12 19 5 0 0 6 0 0 5 8 6 0 0 0 0 4 17 12 0 0 0 17 29 18 0 0 0 0 0 5 4 6 4 0 5 0 0 0 0 0 0 3 0 0 0 4 0 0 0 0 0 1 3 7 10 1 0 0 0 0 0 0 5 1 0 0 0 2 4 0 0 0 5 5 0 2 10 10 13 20 24 25 18 12 11 9 6 1 1 12 19 12 7 31 75 74 26 4 20 56 90 72 26 0 0 0 0 0 0 0 1 0 0 0 0 0 0 0 0 0 3 1 0 0 0 2 8 10 3 0 0 0 -2147483648 
-2147483648 12 3 0 0 0 0 0 0 0 0 3 5 2 3 8 8 1 0 1 6 3 0 0 0 0 0 0 0 0 0 0 0 0 0 0 0 0 0 0 4 6 0 2 0 0 0 0 0 0 0 5 1 0 1 0 0 0 0 0 0 0 0 0 0 0 0 0 0 0 0 0 0 0 0 0 0 0 0 0 6 9 10 9 0 0 0 0 0 0 0 0 4 12 8 1 2 2 0 0 0 8 8 0 0 0 0 0 0 0 0 0 1 15 13 3 0 0 0 0 0 0 0 3 4 0 0 0 0 0 0 5 8 2 0 0 0 0 0 0 0 0 0 0 0 3 0 0 0 0 0 0 0 0 3 0 0 2 2 0 0 0 0 0 2 3 4 0 0 5 0 0 3 7 12 13 2 3 10 8 2 0 0 0 0 0 0 2 6 6 0 0 0 0 0 3 0 0 4 4 4 12 14 10 11 16 12 3 0 0 0 1 7 10 8 6 20 42 33 6 0 5 30 35 0 0 0 0 0 0 2 0 0 0 0 0 0 0 0 0 0 0 0 0 0 0 0 0 0 0 0 0 1 0 0 -2147483648 
-2147483648 1 0 0 0 0 0 0 0 0 2 6 5 0 0 1 0 0 0 0 0 0 0 0 0 0 0 0 0 0 0 0 0 0 0 0 0 0 1 4 5 5 10 13 7 0 14 28 7 0 0 0 0 0 0 0 0 0 0 0 0 0 0 0 0 0 0 0 0 0 0 0 0 0 0 0 0 0 0 0 0 0 0 0 0 0 0 0 0 0 0 15 11 0 0 1 7 16 19 3 0 0 0 0 2 0 0 5 12 24 21 0 0 0 0 0 0 0 0 0 2 9 1 0 0 0 0 4 0 20 39 30 21 12 1 0 0 0 0 0 0 0 0 0 2 0 0 0 0 0 0 0 0 0 0 0 0 0 0 0 0 0 0 0 2 1 0 5 6 1 7 13 8 3 4 6 0 0 0 0 0 12 4 0 0 0 0 0 0 0 2 2 3 2 0 0 0 0 0 0 4 3 0 0 0 0 4 2 0 0 0 0 1 9 2 0 0 0 0 0 0 0 0 0 0 0 0 0 0 0 0 0 0 0 0 0 0 0 3 0 0 0 0 0 0 0 0 0 0 0 0 0 0 0 0 -2147483648 
-2147483648 1 0 0 0 0 0 0 0 0 0 0 0 0 0 0 0 0 2 0 0 0 0 0 0 0 0 0 0 0 0 0 0 0 0 0 0 0 0 0 0 9 23 26 14 1 10 26 22 6 0 0 0 0 0 0 0 0 0 0 0 0 0 0 0 0 0 0 0 0 0 0 0 0 0 0 0 0 0 0 0 0 0 0 0 0 0 0 0 0 0 2 2 0 0 0 1 0 0 0 0 0 0 0 7 10 2 0 3 32 41 15 0 0 0 0 0 0 0 0 6 6 3 0 0 10 22 20 23 30 18 7 4 0 0 0 0 8 29 14 0 0 0 0 0 0 0 0 0 0 0 0 8 9 8 15 16 2 1 12 18 17 14 17 17 15 19 18 11 8 7 9 9 1 0 0 0 0 0 0 10 19 9 0 2 0 0 0 0 0 0 0 0 0 0 0 0 0 0 2 5 0 0 0 0 0 1 5 5 2 1 0 2 9 8 3 0 0 0 0 5 3 0 0 0 0 2 0 0 0 0 5 0 0 0 0 0 0 0 0 1 0 0 0 0 0 1 0 0 0 0 0 0 0 0 -2147483648 
-2147483648 0 0 0 0 0 0 0 0 0 1 2 0 0 0 0 4 4 1 2 4 3 1 0 0 0 0 0 0 0 0 0 0 0 0 0 0 0 0 0 4 9 20 27 11 0 8 18 15 4 0 0 0 0 0 0 0 0 0 0 0 0 0 0 0 0 0 0 0 0 0 0 0 0 2 3 1 2 8 18 19 3 0 0 0 0 0 0 0 0 0 3 5 1 0 0 0 0 0 0 0 0 0 0 0 0 0 0 2 24 24 3 0 7 6 3 4 0 0 0 0 0 0 0 0 0 0 0 0 0 0 0 0 0 0 0 10 45 47 3 0 0 0 0 0 0 1 4 0 0 0 0 2 12 14 12 7 11 15 11 13 16 19 20 15 13 14 11 8 4 0 4 4 0 0 0 0 5 4 10 5 0 0 0 0 0 0 6 7 3 1 2 7 8 4 0 0 0 0 0 0 2 0 0 0 3 4 0 0 4 6 8 14 16 9 1 0 0 0 0 2 4 1 0 0 0 0 0 0 1 6 7 2 0 5 4 0 0 0 0 1 0 0 0 0 0 0 0 0 0 0 0 0 0 0 -2147483648 
-2147483648 0 0 0 0 0 0 0 0 0 0 0 0 0 0 0 0 0 0 0 0 0 0 0 0 0 0 0 0 0 0 0 0 0 0 0 0 0 1 2 1 0 0 1 0 0 3 1 0 2 2 0 0 0 0 0 0 0 0 0 0 0 0 0 0 0 0 0 0 0 0 0 0 0 4 9 4 0 10 33 26 4 0 0 0 0 0 0 0 0 0 0 0 0 0 0 0 0 0 0 0 0 4 3 0 0 0 0 11 23 12 0 9 30 15 7 10 0 0 0 3 0 0 0 0 0 0 0 0 0 0 0 0 1 7 1 0 0 0 0 0 0 0 0 1 1 1 2 1 0 1 3 5 3 0 0 0 2 5 3 0 0 0 1 0 2 0 0 6 1 0 1 6 8 4 0 4 10 6 0 0 0 0 0 0 6 10 6 0 0 0 2 0 0 0 0 0 0 0 0 0 0 7 14 7 0 0 0 0 0 0 0 0 12 17 9 5 0 0 1 0 0 0 0 0 0 0 0 0 0 0 0 7 10 7 2 1 5 8 3 0 0 0 0 0 0 0 2 2 0 9 16 13 10 13 -2147483648 
-2147483648 0 0 0 0 0 0 0 0 0 0 0 0 3 6 4 1 0 1 2 2 1 0 0 0 0 0 0 0 0 0 0 0 0 0 0 0 0 0 0 0 0 0 0 0 0 0 0 1 1 0 0 0 0 0 0 0 0 0 0 0 0 0 0 0 0 0 0 0 0 0 0 0 0 0 0 0 0 4 24 20 3 0 0 0 0 0 0 0 0 0 0 0 0 0 0 0 0 0 0 0 0 0 0 0 0 10 11 10 9 5 0 0 0 0 0 0 0 0 0 0 0 0 0 6 4 0 0 0 0 0 0 0 0 0 0 0 0 0 0 0 0 0 0 0 0 0 0 4 8 7 4 2 3 0 0 0 5 1 2 5 1 0 0 0 0 0 0 2 11 8 1 4 8 9 9 1 0 0 0 6 5 1 6 13 11 0 0 0 0 0 0 0 0 0 0 0 0 0 0 0 0 0 1 4 0 0 0 0 0 0 0 0 0 11 11 0 0 0 5 3 0 0 0 7 9 3 0 0 0 0 0 0 0 0 0 4 4 0 0 6 6 0 0 0 0 2 6 5 1 6 15 13 13 24 -2147483648 
-2147483648 0 0 0 0 0 0 0 0 0 2 7 7 2 0 0 2 6 0 1 4 2 0 0 0 0 0 0 0 0 0 0 0 0 0 0 0 0 2 4 4 10 27 38 19 0 16 61 62 23 0 0 0 0 0 0 0 0 0 0 0 0 0 0 0 0 0 0 0 0 0 0 0 0 5 12 12 8 0 0 0 0 7 1 0 0 0 0 0 0 0 1 0 0 0 0 0 0 0 0 0 0 0 0 0 0 0 0 0 0 0 0 0 0 0 0 0 0 9 7 5 6 5 6 2 0 0 0 0 0 0 4 18 9 0 0 0 0 0 0 0 0 0 0 0 0 0 0 0 0 0 0 0 0 0 0 0 0 0 1 0 0 0 0 0 0 0 0 0 0 0 1 7 5 0 0 3 5 6 12 13 0 0 0 0 0 0 0 0 2 0 0 0 0 0 0 0 0 0 0 0 0 0 0 0 0 0 0 0 0 0 0 0 0 0 0 0 10 13 4 0 0 1 16 14 0 0 2 0 0 0 0 0 2 5 7 0 0 0 1 4 1 6 8 8 6 0 0 6 6 1 0 3 7 15 -2147483648 
-2147483648 0 0 0 0 0 0 0 0 0 0 0 2 1 0 0 0 0 2 9 7 2 0 0 0 0 0 0 0 0 0 0 0 0 0 0 0 0 1 1 1 0 0 16 19 12 13 13 13 12 7 3 0 0 0 0 0 0 0 0 0 0 0 0 0 0 0 0 0 0 0 0 0 0 8 21 22 9 0 0 0 0 2 0 0 0 0 0 0 0 0 0 0 0 0 0 0 0 0 0 0 0 0 0 0 0 0 0 0 0 0 0 0 0 0 6 7 0 0 19 29 13 4 2 0 1 7 20 32 31 19 11 6 0 1 0 0 0 0 0 0 0 3 6 1 0 0 0 0 0 0 0 0 0 0 0 0 0 0 1 0 0 0 1 0 0 4 0 0 0 0 0 1 0 0 0 0 6 12 7 0 0 0 0 0 0 0 0 0 2 0 0 0 0 0 0 7 20 21 1 0 0 0 0 0 0 0 0 0 0 3 0 0 0 0 1 0 2 10 8 1 5 7 3 0 0 0 0 0 1 5 5 2 2 5 2 0 0 1 5 3 0 6 10 5 4 3 0 2 6 4 2 3 7 10 -2147483648 
-2147483648 5 1 0 0 0 0 0 0 0 1 0 2 6 8 13 10 6 6 1 0 0 0 0 0 0 0 0 0 0 0 0 0 0 0 0 0 0 0 1 2 0 0 0 0 0 0 0 0 0 4 6 0 0 0 0 0 0 0 0 0 0 0 0 0 0 0 0 0 0 0 0 0 0 2 3 0 0 0 0 0 0 0 0 0 1 3 0 0 0 0 0 0 0 0 0 0 0 0 0 0 0 0 0 0 0 0 0 0 5 7 0 0 0 0 0 0 0 0 0 4 9 13 4 0 4 10 19 26 10 0 0 0 0 0 0 0 0 0 0 0 0 0 0 0 5 0 0 0 0 0 0 0 0 0 0 0 0 0 0 0 0 0 0 0 2 5 0 0 2 0 0 2 0 3 4 0 2 0 0 0 0 0 2 6 6 4 0 0 0 0 0 0 0 0 0 4 26 41 35 11 0 0 0 0 0 0 0 15 36 48 44 32 17 8 8 1 0 0 0 12 14 0 0 0 7 7 0 0 7 12 10 4 0 0 0 1 13 6 0 1 3 0 0 0 3 9 5 2 5 5 7 14 15 9 -2147483648 
-2147483648 1 1 0 0 0 0 0 0 0 1 0 1 9 11 6 8 14 11 0 0 0 0 0 0 0 0 0 0 0 0 0 0 0 0 0 0 0 0 1 0 0 0 0 0 0 0 0 0 1 4 0 0 0 1 0 0 0 0 0 0 0 0 0 0 0 0 0 0 0 0 0 0 0 2 7 8 8 15 15 7 0 0 0 2 0 0 0 0 0 0 0 0 0 0 0 0 0 0 0 0 0 0 0 0 0 0 0 10 20 8 0 0 0 0 0 0 0 0 0 0 0 0 0 0 9 7 0 5 2 0 1 0 0 0 0 0 0 0 1 0 0 0 0 0 0 2 5 4 4 5 2 1 3 6 6 0 0 0 0 1 7 6 0 2 4 1 2 7 10 11 13 8 0 0 0 4 6 0 0 0 0 0 0 0 0 0 6 7 1 0 0 0 0 5 2 0 11 24 29 21 2 0 0 0 0 0 9 15 21 30 35 40 40 21 4 5 6 7 9 7 2 0 0 6 10 9 1 0 0 4 6 5 1 0 5 8 3 4 2 0 0 3 3 2 5 10 8 4 7 8 5 4 5 9 -2147483648 
-2147483648 0 0 0 0 0 0 0 0 0 0 0 0 2 5 0 0 4 7 3 0 0 0 0 0 0 0 0 0 0 0 0 0 0 0 0 0 0 0 0 0 0 0 0 5 7 0 0 0 0 2 0 0 0 0 0 0 0 0 0 0 0 0 0 0 0 0 0 0 0 0 0 0 0 4 11 18 17 12 9 1 3 4 0 0 0 0 0 0 0 0 0 0 0 0 0 0 0 0 0 5 12 8 1 4 4 0 0 0 16 18 2 0 0 0 0 0 0 0 0 0 0 0 0 0 0 0 0 0 10 14 14 15 9 2 0 0 5 15 10 0 0 0 0 0 2 5 0 3 11 10 9 5 0 0 0 0 1 0 0 4 12 11 4 0 0 0 4 15 13 8 8 3 0 0 0 0 0 5 8 0 0 0 2 0 0 1 1 6 11 12 14 19 15 12 11 2 0 1 5 12 16 10 3 5 5 2 0 0 0 5 14 19 19 16 9 1 1 9 16 10 0 0 0 0 1 0 0 0 0 4 0 0 0 7 0 0 0 0 0 0 0 1 6 10 11 9 10 11 6 1 2 4 6 7 -2147483648 
-2147483648 0 0 0 0 0 0 0 0 0 0 0 0 0 0 0 0 0 0 0 0 0 0 0 0 0 0 0 0 0 0 0 0 0 0 0 0 0 0 2 0 0 0 5 10 13 9 2 0 0 5 16 6 0 0 0 0 0 0 0 0 0 0 0 0 0 0 0 0 0 0 0 0 0 3 7 4 0 0 0 0 5 12 5 0 0 0 0 0 0 0 0 1 2 0 0 0 0 0 0 0 0 16 26 21 10 4 1 2 5 2 0 0 1 0 0 0 0 0 14 14 0 0 0 0 0 0 0 0 0 0 0 0 0 0 0 0 0 1 0 0 0 0 0 0 1 1 3 0 0 0 0 0 2 5 3 2 0 0 0 0 0 2 5 0 0 0 0 0 0 3 0 1 8 7 0 0 3 14 15 5 0 3 15 15 16 22 12 0 0 8 18 23 23 19 18 16 0 0 0 5 7 8 6 10 6 0 5 14 6 0 0 0 1 0 0 0 0 0 3 13 11 4 0 0 0 0 1 4 3 0 0 0 0 0 0 0 0 0 0 0 0 0 2 9 9 11 17 16 5 0 6 12 13 7 -2147483648 
-2147483648 0 0 0 0 0 0 0 0 0 1 3 2 0 0 0 3 6 3 2 2 0 0 0 0 0 0 0 0 0 0 0 0 0 0 0 0 0 0 0 0 1 2 1 0 1 10 11 6 3 0 0 0 0 0 0 0 0 0 0 0 0 0 0 0 0 0 0 0 0 0 0 0 0 3 9 6 0 0 0 0 0 0 0 0 0 0 0 0 0 0 10 12 0 0 10 4 0 0 0 0 0 0 0 0 0 0 1 14 6 3 8 3 0 0 0 0 0 0 0 0 0 0 0 0 4 2 0 0 0 0 0 0 0 0 0 0 0 0 0 2 0 0 0 0 0 0 0 0 0 1 0 0 0 4 8 4 0 6 10 2 0 1 0 1 4 3 2 0 0 5 5 13 18 4 0 7 14 15 11 10 15 11 5 13 16 10 11 9 0 0 2 17 26 25 27 22 5 0 0 0 9 12 16 18 16 14 13 12 0 0 0 0 3 5 0 0 5 1 4 5 1 3 7 4 0 0 0 0 0 0 0 0 0 0 0 0 0 0 0 0 0 0 1 11 10 6 5 7 12 16 12 11 13 9 -2147483648 
-2147483648 0 0 0 0 0 0 0 0 0 3 8 5 0 0 1 1 5 3 0 0 0 0 0 0 0 0 0 0 0 0 0 0 0 1 2 1 0 0 0 0 16 20 11 6 4 0 0 4 4 0 0 0 0 0 0 0 0 0 0 0 0 0 0 0 0 0 0 0 0 0 0 0 0 3 7 7 0 0 0 0 1 0 0 0 0 0 0 0 0 0 9 0 0 1 2 0 0 0 0 0 0 0 0 0 0 0 4 12 12 7 1 2 0 0 2 6 0 0 0 0 9 26 15 0 0 0 0 0 0 0 0 0 0 0 0 0 2 13 15 2 0 0 0 0 7 6 0 0 7 7 11 14 4 1 1 0 9 15 8 0 0 0 0 0 0 0 11 28 29 17 22 36 32 24 23 20 29 41 33 22 24 20 5 8 16 11 10 10 7 8 16 31 43 40 21 0 0 0 0 0 14 19 14 12 23 36 26 2 0 0 0 0 12 24 18 10 10 3 0 0 3 9 14 10 7 5 0 0 0 7 5 5 9 20 30 27 20 19 19 14 6 0 0 4 7 1 0 4 13 17 11 11 12 12 -2147483648 
-2147483648 0 0 0 0 0 0 0 0 0 1 2 5 7 0 0 0 2 6 3 2 4 2 0 0 0 0 0 0 0 0 0 0 0 0 0 0 0 0 0 3 12 10 3 9 13 5 1 4 8 12 9 0 0 0 0 0 0 0 0 0 0 0 0 0 0 0 0 0 0 0 0 0 0 2 7 10 2 0 0 3 0 0 3 0 0 0 0 0 0 0 0 0 0 0 0 0 0 3 11 8 0 0 0 0 0 1 0 0 0 0 0 0 0 0 0 0 0 0 0 0 0 0 0 0 0 0 0 3 14 7 0 0 8 18 12 5 7 6 0 0 0 0 0 4 11 11 10 7 2 2 6 7 5 6 4 2 5 0 0 0 0 0 0 0 0 0 49 135 166 164 185 252 255 255 255 255 255 255 255 241 214 161 102 72 67 68 60 52 51 44 37 44 57 54 37 24 14 3 8 18 16 19 14 7 25 46 44 28 22 23 22 23 21 15 12 11 6 1 0 0 9 13 13 16 9 2 0 0 0 1 4 2 11 17 9 9 17 16 5 0 0 0 0 0 0 0 0 0 0 0 0 0 0 0 -2147483648 
-2147483648 0 1 0 0 0 0 0 0 0 0 5 10 10 17 21 14 11 17 22 14 3 0 0 0 0 0 0 0 0 0 0 0 0 0 0 0 0 0 1 4 2 0 0 6 4 2 5 7 7 7 10 4 0 0 0 0 0 0 0 0 0 0 0 0 0 0 0 0 0 0 0 0 0 1 1 0 8 17 16 15 14 8 0 0 0 0 0 0 0 0 0 4 6 0 2 14 16 19 30 29 20 17 8 0 0 0 0 0 0 0 15 2 0 0 0 0 0 0 0 0 0 0 0 0 0 0 3 9 15 5 0 3 14 15 5 0 2 0 0 0 0 0 0 0 0 5 16 17 8 5 0 0 0 4 11 10 0 0 0 0 0 0 0 0 0 4 182 250 255 255 255 255 255 255 255 255 255 255 255 255 255 255 255 230 222 223 217 216 214 197 171 151 132 100 69 51 39 30 26 23 10 0 0 0 0 5 10 13 12 1 0 0 0 0 0 0 3 7 2 0 0 3 3 4 13 11 0 0 0 0 0 0 0 0 0 0 0 0 0 0 0 0 0 0 0 0 0 0 0 0 0 0 0 0 -2147483648 
-2147483648 3 1 0 0 0 0 0 0 0 0 1 0 0 1 10 5 0 3 8 1 0 0 0 0 0 0 0 0 0 0 0 0 0 0 0 0 3 3 3 7 10 9 5 1 4 5 0 0 11 15 0 0 0 0 0 0 0 0 0 0 0 0 0 0 0 0 0 0 0 0 0 0 0 0 0 0 5 8 0 3 16 16 5 0 3 2 0 0 0 0 1 3 10 22 31 29 14 4 13 20 12 6 7 3 0 0 0 0 0 0 7 9 8 7 6 8 3 0 0 8 21 28 32 30 28 27 9 0 0 0 2 0 0 0 0 0 0 0 0 0 0 0 0 0 0 0 0 0 0 0 0 5 5 0 0 0 0 0 0 0 0 0 0 0 21 151 188 156 149 173 221 255 255 255 255 255 255 255 255 255 255 255 255 243 242 251 255 255 255 255 255 255 221 93 0 0 0 0 0 0 0 0 0 0 0 0 0 0 0 0 0 0 0 0 0 0 0 0 0 0 0 0 1 7 10 0 0 0 0 0 0 0 0 0 0 0 0 0 0 0 0 0 0 0 0 0 0 0 0 0 0 0 0 0 -2147483648 
-2147483648 3 0 0 0 0 0 0 0 0 0 0 1 0 0 0 0 0 0 2 4 1 0 0 0 0 0 0 0 0 0 0 0 0 0 0 0 0 0 0 0 0 0 5 9 14 13 5 2 8 16 3 0 0 1 0 0 0 0 0 0 0 0 0 0 0 0 0 0 0 0 0 0 0 2 0 0 0 0 2 16 14 2 0 0 0 0 0 0 0 0 4 5 7 19 28 18 7 3 0 3 13 6 0 0 1 0 0 0 0 0 0 0 3 4 1 8 11 13 26 29 19 17 27 32 29 26 14 1 2 4 0 0 0 0 4 3 0 0 0 5 13 0 0 0 0 0 0 0 0 0 0 0 0 0 0 0 0 0 0 0 2 68 109 124 123 96 54 35 57 94 119 134 141 142 146 154 156 155 158 163 167 159 140 128 129 139 150 156 161 162 164 174 132 0 0 0 0 0 0 0 0 0 0 0 0 0 0 0 0 0 0 0 0 0 4 6 0 0 0 5 6 0 0 2 1 0 0 0 0 0 0 0 0 0 0 0 0 0 0 0 0 0 0 0 0 0 0 0 0 0 0 0 0 0 -2147483648 
-2147483648 0 0 0 0 0 0 0 0 0 0 0 0 0 0 0 0 5 5 0 0 0 0 0 0 0 0 0 0 0 0 0 1 4 8 7 1 0 0 0 0 0 6 14 14 1 0 9 10 0 0 0 0 3 2 0 0 0 0 0 0 0 0 0 0 0 0 0 0 0 0 0 0 0 4 1 0 0 0 28 43 17 0 0 0 0 0 0 0 0 0 0 3 8 0 0 0 8 13 3 0 10 16 9 0 0 6 2 0 0 0 0 8 5 3 6 0 0 0 4 2 0 0 10 14 11 10 8 5 2 0 0 0 10 12 14 18 12 14 14 7 0 0 0 0 0 0 0 0 0 0 0 0 0 0 0 0 6 60 88 89 72 55 42 28 18 13 7 16 47 69 71 70 63 54 54 59 66 71 72 72 72 69 64 64 66 67 65 59 60 66 69 65 57 50 32 13 18 41 59 78 113 145 163 180 207 232 251 255 255 255 255 255 255 175 48 14 23 19 8 1 0 0 0 0 0 0 72 249 255 255 255 255 255 255 255 255 255 255 255 255 255 255 255 255 255 255 255 255 255 255 255 255 255 255 -2147483648 
-2147483648 0 1 0 0 0 0 0 0 0 0 0 0 0 4 14 6 1 7 8 3 0 0 0 0 0 0 0 0 0 0 0 0 0 0 0 0 0 0 0 0 6 18 8 2 0 0 0 2 0 0 0 0 0 0 0 0 0 0 0 0 0 0 0 0 0 0 0 0 0 0 0 0 0 0 0 0 0 9 17 17 0 0 0 0 0 0 0 0 0 0 0 0 0 0 0 0 0 0 0 0 0 0 7 11 8 10 1 0 0 0 0 10 1 0 0 0 0 0 0 0 0 5 15 12 0 0 0 0 0 0 1 6 19 17 6 4 1 7 11 0 0 0 0 0 0 0 0 0 0 0 0 0 3 56 93 91 69 53 30 13 26 28 16 14 10 9 15 17 21 23 14 9 9 7 4 2 4 7 10 14 17 17 15 15 14 10 10 12 10 12 16 6 45 233 255 255 255 255 255 255 255 255 255 255 255 255 255 255 255 255 255 255 255 153 41 32 39 31 16 0 0 0 0 0 0 0 54 191 255 255 255 255 255 255 255 255 255 255 244 242 252 255 253 253 255 255 255 255 255 255 255 255 255 255 -2147483648 
-2147483648 0 0 0 0 0 0 0 0 0 0 0 0 0 4 28 23 4 2 0 0 0 0 0 0 0 0 0 0 0 0 0 0 0 0 0 0 0 0 0 0 0 0 0 0 0 0 0 0 0 0 0 0 0 0 0 0 0 0 0 0 0 0 0 0 0 0 0 0 0 0 0 0 0 0 0 0 11 70 78 28 0 0 0 0 0 0 0 0 0 0 0 0 0 0 0 0 0 0 0 0 0 0 0 0 2 0 0 0 0 0 0 4 0 0 0 0 0 0 12 26 37 33 8 0 0 0 0 0 0 3 7 10 10 3 0 0 0 0 0 0 22 124 240 249 200 199 235 255 255 255 196 131 88 58 38 26 16 9 5 7 10 11 11 12 9 2 8 13 8 10 11 4 2 4 2 0 0 0 0 0 0 0 0 0 0 0 0 0 0 0 0 0 0 119 253 255 255 255 255 255 243 223 211 203 193 186 188 181 171 164 145 118 71 24 20 28 19 12 11 4 2 9 9 1 0 0 3 24 67 91 78 73 78 73 66 61 55 52 56 61 63 61 54 56 71 87 96 95 95 102 102 93 89 91 -2147483648 
-2147483648 0 0 0 0 0 0 0 0 0 0 0 0 0 0 0 6 4 0 0 0 0 0 0 0 0 0 0 0 0 0 0 0 0 0 0 0 0 0 0 0 0 0 0 0 0 0 0 0 0 0 0 0 0 0 0 0 0 0 0 0 0 0 0 0 0 0 0 0 0 0 0 0 0 0 0 0 76 171 166 67 12 18 53 118 193 246 245 163 55 6 4 5 3 2 0 0 3 6 17 24 21 17 11 8 4 0 0 20 121 171 77 4 49 109 79 18 13 24 32 41 26 0 0 0 0 0 0 5 11 11 18 26 11 0 0 0 0 2 3 13 33 48 35 33 67 117 159 169 143 96 47 15 7 7 4 2 7 14 20 20 9 2 8 17 8 0 0 4 0 0 4 3 0 0 0 0 0 0 0 0 0 0 0 0 0 0 0 0 0 0 0 0 0 26 61 53 29 27 32 36 43 41 41 49 52 57 65 62 48 45 46 34 24 16 8 3 0 0 7 18 16 3 0 6 10 7 0 0 0 18 32 48 64 59 47 44 45 51 51 39 36 43 43 38 44 50 43 39 40 43 44 39 37 35 -2147483648 
-2147483648 0 0 0 0 0 0 0 0 0 0 0 3 65 61 19 0 0 2 0 0 0 0 0 0 0 0 0 0 0 0 0 0 0 0 7 38 73 109 131 115 58 18 21 21 10 7 8 11 24 66 163 255 255 255 255 255 255 255 255 255 255 255 255 255 255 255 255 255 255 255 255 255 255 255 255 200 103 113 101 62 33 41 123 255 255 255 255 255 109 23 28 22 19 20 14 19 34 45 52 46 38 29 15 14 15 6 0 31 121 147 58 7 92 205 172 56 13 15 4 0 0 0 0 0 11 5 0 0 7 11 17 15 1 0 0 1 8 21 57 108 124 67 0 5 65 85 67 48 31 22 19 13 13 14 7 1 4 14 19 19 19 16 20 21 3 0 0 0 0 0 0 0 0 0 0 0 0 0 0 0 0 0 0 0 0 0 0 0 0 0 0 0 0 5 33 37 31 37 43 47 61 72 72 74 76 76 75 73 65 57 59 57 44 26 8 0 4 9 10 10 6 0 0 4 10 5 0 0 1 12 32 46 48 50 54 56 57 60 54 47 56 59 51 47 44 42 41 43 42 36 40 47 47 45 -2147483648 
-2147483648 255 255 255 255 255 255 255 255 255 255 255 160 128 110 52 14 16 59 175 255 255 255 255 255 255 255 255 255 255 255 255 255 255 255 255 255 255 255 255 255 253 77 34 31 24 23 20 19 24 51 159 255 255 255 255 255 255 255 255 255 255 255 255 255 255 255 255 255 255 255 255 255 255 255 255 204 81 20 17 48 46 26 32 118 255 255 255 152 32 6 6 0 0 14 27 27 25 27 17 8 19 25 16 9 7 10 15 27 56 63 34 30 101 186 161 57 2 8 15 11 10 8 19 31 25 26 29 14 0 0 0 0 3 19 19 20 31 95 200 252 220 146 89 66 54 43 37 34 27 19 23 29 23 18 14 10 10 11 16 20 18 18 13 0 0 0 0 0 0 0 0 0 0 0 0 0 0 0 0 0 0 0 0 0 0 0 0 0 0 0 0 0 0 14 52 83 89 88 93 97 97 97 97 92 89 88 85 76 61 52 49 53 50 31 8 0 0 11 5 0 4 11 15 19 8 0 0 0 0 2 27 32 25 29 36 38 46 44 36 45 55 50 43 45 47 51 54 49 49 49 46 50 52 48 -2147483648 
-2147483648 255 255 255 255 255 255 255 255 255 255 255 206 87 29 26 27 22 22 84 233 255 255 255 255 255 255 255 255 255 255 255 255 255 255 255 255 255 255 255 219 121 44 22 23 22 21 24 23 13 0 1 87 182 209 210 209 201 200 196 190 190 187 183 175 162 156 157 154 148 148 146 136 126 120 108 74 34 13 17 39 51 40 18 5 17 38 22 0 0 7 11 19 21 27 37 38 29 12 5 17 19 10 12 14 9 6 11 26 44 38 19 45 90 94 61 12 0 0 2 19 34 49 53 39 27 24 30 28 8 0 0 2 8 11 15 13 18 88 178 180 110 41 16 22 22 18 14 4 0 0 8 17 13 10 15 17 12 5 5 7 9 9 0 0 0 0 0 0 0 0 0 0 0 0 0 0 0 0 0 0 0 0 0 0 0 0 0 0 0 0 0 0 3 19 52 88 92 80 76 73 64 59 61 61 59 59 55 46 47 47 38 39 44 34 17 8 7 5 3 10 17 19 18 12 6 1 0 0 0 0 0 0 0 0 1 4 8 5 7 14 13 16 26 32 37 40 41 39 36 37 36 33 29 27 -2147483648 
-2147483648 55 46 40 38 38 45 49 49 49 80 156 174 88 18 18 21 5 0 0 19 62 78 74 69 68 63 56 54 53 52 53 54 52 49 45 38 33 31 25 12 6 12 13 10 12 15 14 10 6 0 0 0 4 4 0 0 0 0 0 0 0 0 0 0 0 0 0 0 0 0 0 0 0 6 17 11 0 0 22 41 44 32 9 0 0 0 0 0 0 0 0 7 12 0 0 6 18 11 2 0 0 0 0 0 0 12 20 34 46 32 19 46 55 14 0 0 0 0 0 0 0 0 0 0 0 0 0 0 1 0 0 0 0 0 0 0 0 6 37 32 12 4 4 3 7 12 5 0 0 0 0 2 4 8 11 10 4 0 0 0 0 0 0 0 0 0 0 0 0 0 0 0 0 0 0 0 0 0 0 0 0 0 0 0 0 0 0 0 0 0 0 0 0 8 24 39 41 36 29 22 14 8 1 0 0 0 0 0 0 0 0 0 0 1 11 17 7 0 0 6 9 6 0 0 0 12 6 0 0 0 0 0 0 0 0 0 0 0 0 0 0 0 0 0 0 0 0 3 1 0 0 0 0 0 -2147483648 
-2147483648 1 0 0 0 0 0 0 0 0 14 55 82 58 23 12 11 5 0 0 0 0 0 0 0 0 0 0 0 0 0 0 0 0 0 0 1 0 0 0 4 9 12 7 0 5 14 8 1 2 3 7 6 1 0 0 0 0 0 0 0 0 0 0 0 0 0 0 0 0 0 0 0 0 5 10 0 0 0 29 40 20 0 0 0 0 0 0 0 0 0 0 0 0 0 0 0 0 0 0 0 0 0 0 0 0 14 25 31 35 28 28 32 0 0 0 0 0 0 0 0 0 0 0 0 0 0 0 1 0 0 0 0 0 0 0 0 0 0 3 0 8 23 18 7 14 20 12 8 12 15 17 18 11 0 1 8 9 6 3 4 6 9 14 13 5 0 0 2 0 0 0 0 0 0 0 0 0 1 0 0 2 0 0 0 0 0 0 0 0 0 0 0 0 1 9 7 0 0 0 0 0 0 0 0 0 0 0 0 0 0 0 0 0 0 0 0 0 0 0 1 0 0 0 3 8 6 7 6 0 0 0 0 0 0 0 0 0 0 0 0 0 0 0 0 0 0 0 0 0 0 0 0 0 0 -2147483648 
-2147483648 0 0 0 0 0 0 0 0 0 0 8 32 62 72 53 30 18 9 1 0 0 0 0 0 0 0 0 0 0 0 0 0 0 0 0 1 0 0 7 16 17 8 4 8 11 9 1 0 7 5 0 0 0 0 0 0 0 0 0 0 0 0 0 0 0 0 0 0 0 0 0 0 0 0 0 0 0 0 0 0 0 0 0 0 0 0 0 0 42 73 67 44 38 47 36 22 19 21 31 40 44 50 59 62 50 39 45 66 76 53 33 4 0 0 0 0 0 0 0 0 0 0 0 0 0 0 0 0 0 8 28 27 12 0 0 0 4 12 12 1 0 9 14 17 21 15 5 5 11 12 9 7 5 1 0 5 12 9 6 10 17 15 3 0 2 1 3 3 0 0 0 0 0 0 0 4 8 6 6 7 6 7 6 4 4 3 2 1 0 0 3 6 2 0 0 0 0 0 0 0 0 0 0 0 0 0 0 0 0 0 0 0 0 0 0 0 0 6 9 0 0 2 9 12 13 9 0 0 0 0 0 0 0 0 0 0 0 0 0 0 0 0 0 0 0 0 0 0 0 0 0 0 0 0 -2147483648 
-2147483648 6 0 0 0 0 0 0 0 0 0 0 1 1 0 0 3 8 7 0 0 2 1 0 0 0 0 0 0 0 0 0 0 0 1 2 1 1 3 4 7 8 7 12 16 12 4 3 6 10 12 5 3 5 2 0 0 0 0 0 0 0 0 0 0 0 0 0 0 0 0 0 0 0 1 0 0 0 0 0 0 0 2 1 0 0 7 108 255 255 255 255 255 255 255 255 255 255 255 255 255 255 255 255 255 255 255 255 255 255 212 78 9 0 0 0 0 15 21 25 25 19 13 12 10 0 0 0 0 0 0 0 0 0 0 0 0 8 23 27 18 11 9 7 6 0 0 3 10 6 2 2 0 0 4 6 1 6 17 21 24 33 39 40 50 59 38 13 11 7 0 0 3 4 2 1 4 9 15 15 6 0 6 15 14 6 1 0 0 2 6 9 9 4 1 0 0 0 0 0 0 0 0 0 0 0 0 0 0 0 0 0 0 0 9 24 24 12 6 4 0 3 6 5 5 6 8 0 0 5 9 0 0 0 0 0 0 0 0 0 0 0 0 0 0 0 0 0 0 0 0 0 0 0 0 -2147483648 
-2147483648 3 0 0 0 0 0 0 0 0 1 0 0 0 0 0 0 0 0 0 3 2 0 0 0 0 0 0 0 0 0 0 0 0 1 2 0 0 2 1 0 4 8 10 10 8 5 12 21 17 12 8 0 0 0 0 0 0 0 0 0 0 0 0 0 0 0 0 0 0 0 0 0 0 1 2 0 0 0 0 0 0 0 0 0 0 14 180 255 255 255 255 255 255 255 255 255 255 255 255 255 255 255 255 255 255 255 255 255 255 255 104 33 3 0 0 0 4 17 30 38 36 29 10 0 0 0 0 0 0 0 0 0 0 0 0 0 0 16 16 13 13 7 3 3 0 6 20 11 3 8 10 13 18 25 38 50 56 64 75 76 68 73 83 73 46 22 16 15 12 11 6 3 6 11 15 11 6 9 14 16 14 13 10 3 0 0 0 0 1 3 4 6 7 4 2 0 0 0 0 0 0 0 0 0 0 0 0 0 0 0 0 0 0 2 3 4 13 9 0 4 0 0 0 0 0 0 0 0 13 31 38 30 18 9 6 14 19 15 10 0 0 0 0 0 0 0 0 0 0 0 0 0 0 0 -2147483648 
-2147483648 0 0 0 0 0 0 0 0 0 1 0 0 0 0 0 1 2 0 0 3 2 0 0 0 0 0 0 0 0 0 0 0 0 0 0 0 0 0 3 6 8 9 6 6 3 0 0 2 11 12 1 0 0 0 0 0 0 0 0 0 0 0 0 0 0 0 0 0 0 0 0 0 0 3 9 10 4 0 0 0 0 0 1 0 0 5 65 176 255 255 255 255 255 255 255 255 255 255 255 255 255 255 255 255 255 255 255 255 184 65 16 6 0 0 0 0 0 0 0 8 17 0 0 0 0 8 21 20 5 0 0 0 0 1 0 0 0 0 0 0 0 0 6 9 9 17 24 31 40 48 54 62 70 69 64 63 61 54 51 44 31 23 15 0 0 0 0 2 7 7 1 3 10 11 14 18 11 3 3 7 13 11 0 0 0 1 0 0 2 3 0 0 0 2 1 0 0 0 0 0 0 0 0 0 0 0 0 0 0 0 0 0 0 0 0 0 8 8 5 6 1 0 0 0 0 0 0 0 0 17 23 15 6 7 8 2 2 9 5 0 0 0 0 0 0 0 0 0 0 0 0 0 0 0 -2147483648 
-2147483648 0 0 0 0 0 0 0 0 0 0 0 0 0 0 4 0 0 9 5 0 0 1 0 0 0 0 0 0 0 0 0 0 0 0 0 2 4 2 1 6 13 15 14 12 11 15 13 8 13 18 11 1 0 1 0 0 0 0 0 0 0 0 0 0 0 0 0 0 0 0 0 0 0 4 9 13 16 0 0 0 0 0 0 0 0 5 6 6 5 3 2 3 3 1 1 4 7 6 2 0 1 2 1 0 0 0 0 0 0 0 0 0 0 0 0 0 18 6 0 0 16 11 0 0 15 35 44 34 6 0 0 0 0 3 0 0 0 5 3 9 23 36 50 60 65 67 71 86 91 80 62 41 28 22 16 5 0 0 0 0 0 0 0 0 0 0 0 0 0 0 0 5 16 18 14 13 12 11 13 13 12 12 12 10 6 3 1 0 0 3 7 3 0 5 2 0 0 0 0 0 0 0 0 0 0 0 0 0 0 0 0 0 0 0 2 7 5 1 4 0 0 8 6 5 13 14 8 2 0 0 0 0 0 0 0 0 1 0 0 0 0 0 0 0 0 0 0 0 0 0 0 0 0 0 -2147483648 
-2147483648 1 0 0 0 0 0 0 0 0 0 0 0 0 0 0 2 5 4 2 0 0 0 0 0 0 0 0 0 0 0 0 0 0 0 0 1 2 0 0 5 9 2 0 1 13 25 26 14 3 0 2 9 8 2 0 0 0 0 0 0 0 0 0 0 0 0 0 0 0 0 0 0 0 3 8 6 1 0 0 0 0 0 0 0 0 8 10 7 2 0 0 0 0 0 0 0 0 0 0 0 0 0 0 0 0 0 0 0 0 0 0 16 12 11 24 46 56 51 42 34 28 0 0 0 0 0 0 0 0 0 0 0 0 10 15 21 30 41 60 78 88 87 78 76 78 69 55 46 36 25 9 0 0 0 0 0 5 9 5 1 0 0 0 0 0 0 0 0 0 0 6 13 14 17 17 11 8 9 15 20 18 17 16 9 2 0 0 0 0 2 7 11 10 6 4 0 0 0 0 0 0 0 0 0 0 0 0 0 0 0 0 0 0 0 6 2 0 0 0 0 0 0 0 0 1 8 6 0 0 2 4 0 4 6 3 4 1 0 0 0 0 0 0 0 0 0 0 0 0 0 0 0 0 0 -2147483648 
-2147483648 0 0 0 0 0 0 0 0 0 0 0 0 0 0 0 0 3 0 0 0 0 0 0 0 0 0 0 0 0 0 0 0 0 0 0 0 0 0 2 10 18 14 4 4 10 12 11 8 5 0 0 0 2 1 0 0 0 0 0 0 0 0 0 0 0 0 0 0 0 0 0 0 0 5 23 29 13 12 18 8 2 10 15 8 0 0 2 2 1 0 0 0 0 0 0 0 0 0 0 0 0 0 0 0 0 0 0 0 0 47 223 255 255 255 255 255 255 255 255 255 255 255 255 255 254 227 204 197 204 198 181 182 223 255 255 255 255 212 127 84 71 58 39 19 7 2 0 0 4 11 14 20 26 22 21 21 14 9 0 0 0 8 8 5 2 0 0 0 0 3 11 17 13 8 9 7 6 12 16 13 9 6 2 0 0 0 0 0 0 0 2 6 0 0 0 5 0 0 0 0 0 0 0 0 4 1 1 4 6 7 0 0 0 0 5 12 6 2 6 9 11 6 0 5 11 8 6 0 0 0 4 7 4 4 4 1 0 0 3 4 7 6 0 0 0 5 5 0 0 0 0 0 0 0 -2147483648 
-2147483648 2 0 0 0 0 0 0 0 0 0 0 0 0 0 0 0 0 0 0 0 0 0 0 0 0 0 0 0 0 0 0 0 0 0 0 0 0 2 9 24 38 38 29 20 19 21 21 23 20 14 5 0 0 1 0 0 0 0 0 0 0 0 0 0 0 0 0 0 0 0 0 0 0 4 13 16 9 8 7 0 0 10 6 0 0 0 0 3 3 1 0 0 0 0 0 0 0 0 0 0 0 0 0 0 0 0 0 0 19 255 255 255 255 255 255 255 255 255 255 255 255 255 255 255 255 255 255 255 255 255 255 255 255 255 255 255 255 255 159 52 38 31 20 7 3 6 11 18 23 24 23 20 18 15 12 11 9 6 0 0 1 8 5 1 0 0 0 0 7 5 5 6 8 13 14 12 16 18 12 7 4 1 0 0 0 0 0 0 0 3 6 1 0 0 0 7 9 4 0 0 0 3 9 8 0 0 1 1 1 0 3 5 10 18 17 15 21 23 17 14 9 0 2 18 17 0 0 3 4 6 7 1 0 0 1 3 4 2 0 0 0 3 2 4 1 0 4 9 6 2 5 7 2 0 -2147483648 
-2147483648 3 0 0 0 0 0 0 0 0 0 0 0 0 2 12 12 7 9 4 0 0 0 0 0 0 0 0 0 0 0 0 0 0 0 0 0 0 0 10 28 34 26 16 13 11 8 11 12 9 11 12 6 1 0 0 0 0 0 0 0 0 0 0 0 0 0 0 0 0 0 0 0 0 5 6 0 0 1 0 0 0 8 9 6 2 0 3 4 1 0 0 0 0 0 0 0 0 0 0 0 0 0 0 0 0 0 0 67 163 255 255 255 255 255 255 255 255 255 255 255 255 255 255 255 255 255 255 255 255 255 255 255 255 255 255 255 255 255 129 46 26 20 16 14 14 12 11 14 11 4 5 6 4 3 0 6 13 7 7 16 15 2 0 0 0 0 0 0 12 13 9 6 9 11 10 14 17 11 3 0 0 0 0 0 0 0 0 0 0 0 0 0 0 5 1 1 5 5 3 4 7 5 0 0 0 0 2 4 5 4 5 10 16 25 22 10 10 12 5 0 0 0 4 2 0 0 0 0 7 13 9 0 0 5 1 0 0 0 0 0 0 0 0 0 0 0 0 0 0 2 2 2 3 5 -2147483648 
-2147483648 0 0 0 0 0 0 0 0 0 1 3 0 0 8 14 8 6 11 13 10 5 1 0 0 0 0 0 0 0 0 0 0 0 0 0 0 0 0 3 7 10 15 17 14 5 0 0 8 2 0 0 0 0 0 0 0 0 0 0 0 0 0 0 0 0 0 0 0 0 0 0 0 0 3 14 26 23 6 0 5 4 5 11 10 8 5 1 0 0 0 0 0 0 0 0 0 0 0 0 0 0 0 0 0 0 21 70 71 65 66 65 59 49 32 4 0 0 0 0 0 0 0 0 0 0 0 0 8 26 45 58 49 39 44 18 0 10 64 50 12 0 2 9 10 4 1 2 0 0 0 0 2 6 10 12 12 9 4 8 15 6 0 6 12 1 0 0 0 1 0 0 1 5 4 3 4 3 3 4 3 1 0 0 0 0 0 0 0 0 0 0 0 0 0 0 0 0 2 0 2 7 3 0 2 5 2 0 1 8 7 1 3 14 15 2 0 0 0 1 1 5 10 10 3 0 0 0 0 0 0 0 6 5 0 0 0 0 0 0 0 0 0 0 0 0 0 0 0 0 0 0 0 6 10 -2147483648 
-2147483648 1 0 0 0 0 0 0 0 0 3 6 0 0 6 4 3 7 10 13 9 1 0 0 0 0 0 0 0 0 0 0 0 0 0 0 0 0 0 0 0 1 8 20 16 9 7 4 7 6 0 0 0 0 0 0 0 0 0 0 0 0 0 0 0 0 0 0 0 0 0 0 0 0 1 11 24 26 14 0 3 9 5 0 0 0 0 0 0 0 0 0 0 0 0 0 0 0 0 0 0 0 0 0 0 0 17 14 0 0 0 0 0 0 0 0 0 0 0 0 0 0 0 0 0 0 0 0 0 0 0 0 0 0 0 0 0 0 0 3 3 0 1 1 6 7 7 12 6 0 0 1 2 4 6 6 5 5 10 14 9 5 13 19 14 2 0 0 0 0 0 0 0 0 0 0 0 0 0 0 0 0 0 0 0 0 0 0 0 0 0 0 0 0 0 0 0 0 0 0 0 0 5 6 1 0 3 4 4 0 0 0 1 0 0 0 0 4 6 5 2 0 0 5 7 0 0 0 0 0 0 4 7 6 6 6 1 0 9 29 37 25 18 26 23 7 3 7 4 0 0 0 4 5 0 -2147483648 
-2147483648 5 0 0 0 0 0 0 0 0 0 0 0 6 9 3 8 11 7 4 0 0 0 0 0 0 0 0 0 0 0 0 0 0 0 0 0 0 0 1 7 9 4 5 6 6 13 13 9 12 14 9 0 0 0 0 0 0 0 0 0 0 0 0 0 0 0 0 0 0 0 0 0 0 2 6 8 6 10 22 18 4 2 2 0 0 0 0 0 0 0 0 0 0 5 11 7 1 0 0 0 0 0 0 0 0 18 6 0 0 0 0 0 0 0 0 0 0 0 0 0 0 0 0 0 0 0 0 0 0 0 0 0 0 6 7 0 0 0 0 8 0 0 0 3 10 11 9 11 11 7 4 1 2 4 4 4 5 9 13 13 13 16 16 13 3 0 0 0 0 0 0 0 0 0 0 0 0 0 0 0 0 0 0 0 0 0 0 0 0 0 0 0 0 0 0 0 0 1 11 4 0 1 2 4 3 3 7 1 0 0 0 0 0 1 13 19 16 5 4 13 8 0 0 0 5 10 8 5 5 9 7 1 6 14 13 11 15 26 45 56 53 52 50 33 19 19 12 7 11 14 17 15 9 3 -2147483648 
-2147483648 2 0 0 0 0 0 0 0 0 0 0 3 13 8 3 7 10 10 6 0 0 0 0 0 0 0 0 0 0 0 0 0 0 0 0 0 0 0 0 1 9 11 6 2 5 11 6 2 2 0 0 0 0 0 0 0 0 0 0 0 0 0 0 0 0 0 0 0 0 0 0 0 0 1 10 21 15 6 12 13 2 0 1 5 2 2 4 6 6 2 0 0 0 5 10 5 0 0 0 0 0 1 0 0 0 15 5 0 0 0 0 0 0 0 0 0 0 0 0 0 0 0 0 0 0 0 0 0 0 0 0 0 0 6 27 0 0 0 0 7 0 3 17 21 19 10 1 6 16 18 8 1 6 15 21 17 12 7 3 11 15 13 14 10 0 0 0 0 0 0 0 0 0 0 0 0 0 0 0 0 0 0 0 0 0 0 0 0 0 0 0 0 0 0 0 0 0 0 2 0 0 0 2 7 7 5 0 0 0 0 0 0 0 6 14 6 0 0 0 0 3 4 10 13 17 19 14 13 8 4 9 12 8 0 3 13 15 16 19 24 30 33 32 26 17 9 6 8 11 17 23 14 3 4 -2147483648 
-2147483648 0 0 0 0 0 0 0 0 0 0 3 7 1 0 0 3 8 12 11 6 1 32 205 255 255 255 57 0 0 0 0 0 0 0 0 0 0 0 1 3 9 13 9 9 9 3 1 0 0 2 0 0 3 0 0 0 0 0 0 0 0 0 0 0 0 0 0 0 0 0 0 0 0 4 11 9 10 14 1 1 13 4 0 0 0 0 2 2 1 0 0 0 0 0 0 0 0 0 0 0 0 0 0 0 0 19 12 0 0 0 0 0 0 0 0 0 0 0 0 0 0 0 0 0 0 0 0 0 0 0 0 0 0 0 13 0 0 0 0 14 9 13 15 12 15 20 20 12 7 12 18 22 23 22 19 14 12 12 12 14 19 20 13 6 6 0 0 0 0 25 54 56 37 26 22 17 10 7 8 3 0 7 15 21 25 28 36 49 69 116 181 208 180 118 37 0 0 0 0 0 4 6 4 0 1 2 0 0 0 0 0 0 0 0 12 8 2 7 10 2 0 7 11 13 12 13 14 6 0 3 12 15 10 4 7 12 13 7 0 0 1 0 0 4 6 0 0 0 0 0 0 0 0 0 -2147483648 
-2147483648 1 0 0 0 0 0 0 0 0 3 10 12 1 0 0 2 0 0 7 11 7 27 174 255 255 214 31 0 0 0 0 0 0 0 0 0 0 0 1 6 11 7 1 3 4 5 9 9 16 25 14 0 2 0 0 0 14 53 70 123 166 127 64 25 5 0 0 0 0 0 0 0 0 6 11 6 8 18 17 10 16 21 2 0 0 0 5 5 1 0 0 0 0 0 0 0 0 0 0 0 0 0 0 0 2 15 5 0 0 0 0 0 5 4 6 24 72 111 77 22 16 25 20 14 14 14 0 0 0 0 7 9 0 0 13 1 0 0 4 35 41 34 27 24 24 28 35 32 19 17 35 46 40 38 39 34 26 27 30 27 32 35 28 26 37 29 0 0 0 38 99 144 170 189 197 191 178 172 168 156 150 157 161 163 165 159 154 158 164 168 178 180 138 53 0 0 0 4 7 6 8 5 0 0 0 0 0 0 0 0 0 0 0 10 10 17 21 10 9 12 7 2 1 6 11 13 8 0 5 12 10 9 12 16 16 13 12 8 0 0 0 0 0 0 0 4 3 0 0 0 0 0 2 2 -2147483648 
-2147483648 0 0 0 0 0 0 0 0 0 0 3 13 19 11 1 0 0 2 2 2 1 2 8 13 10 3 0 0 0 0 0 0 0 0 0 0 0 0 1 5 7 5 4 3 3 10 18 13 7 9 8 6 4 28 146 255 255 238 160 135 201 242 173 60 5 0 0 0 0 0 0 0 0 0 10 26 25 18 16 11 10 11 6 0 0 0 0 0 0 0 0 0 0 0 0 0 0 0 0 0 0 0 0 0 9 13 0 0 0 0 0 0 10 18 21 44 133 255 255 212 102 48 32 30 26 20 31 77 140 141 65 12 9 18 30 17 0 0 0 22 48 64 86 122 146 145 142 144 141 135 135 136 127 121 124 129 130 125 123 123 123 128 137 147 157 132 41 0 0 0 0 6 20 23 24 21 17 13 9 6 0 0 0 0 0 0 0 0 0 0 0 0 0 0 0 0 0 0 0 0 0 0 0 0 0 0 0 0 0 1 8 6 13 17 7 9 13 6 5 14 17 5 0 3 11 10 4 2 2 3 2 0 5 9 6 5 2 0 0 0 0 0 0 0 0 1 3 1 0 0 0 0 4 4 -2147483648 
-2147483648 0 0 0 0 0 0 0 0 0 1 3 3 3 12 18 5 0 0 1 2 4 2 0 0 0 0 0 0 0 0 0 0 0 0 0 0 0 0 2 7 11 13 15 15 6 0 9 15 9 9 15 10 0 29 178 255 255 240 111 32 45 92 80 25 0 0 0 0 0 0 0 0 0 0 10 29 31 19 16 16 11 9 10 7 1 0 1 1 0 0 0 0 0 0 0 0 0 0 0 0 0 0 0 0 8 8 0 0 0 0 0 6 14 22 25 42 113 252 255 255 136 51 33 32 32 35 73 179 255 206 75 15 10 18 38 38 0 0 0 0 0 0 0 108 200 226 231 245 255 255 255 254 255 254 248 244 246 250 247 241 240 243 244 243 228 176 55 0 0 0 0 0 0 0 0 0 0 0 0 0 0 0 0 0 0 0 0 0 0 0 0 0 0 0 0 0 0 0 0 0 0 0 0 0 0 0 0 10 8 0 3 13 13 8 2 0 0 1 12 20 28 26 17 18 21 18 14 9 4 5 10 8 5 9 11 6 2 1 1 7 13 12 8 6 7 6 0 0 0 0 0 12 16 12 -2147483648 
-2147483648 0 0 0 0 0 0 0 0 0 2 3 0 0 0 14 13 4 2 8 11 6 1 0 0 0 0 0 0 0 0 0 0 0 0 0 0 0 0 0 6 18 22 18 13 4 0 0 6 20 14 0 0 0 5 63 122 110 52 13 1 0 0 0 0 0 0 0 0 0 0 0 0 0 4 13 21 19 13 19 24 20 21 20 4 0 0 3 4 1 0 0 0 0 0 0 0 0 0 0 0 0 0 0 0 0 0 0 0 0 0 0 5 12 15 23 35 61 125 177 146 73 32 21 19 24 30 52 120 176 134 50 13 10 14 32 39 0 0 0 0 0 0 0 7 67 73 78 91 107 115 123 144 171 188 190 180 172 177 177 169 163 154 146 142 133 112 67 2 0 0 0 0 0 0 0 0 0 0 0 0 0 0 0 0 0 0 0 0 0 0 0 0 0 0 0 0 0 0 0 0 0 0 0 0 0 2 0 0 3 4 1 9 16 10 4 5 8 10 7 5 17 35 38 30 21 13 7 5 10 13 14 18 15 11 13 12 9 14 20 15 12 11 8 9 10 15 18 11 7 10 13 15 15 6 -2147483648 
-2147483648 0 0 0 0 0 0 0 0 0 0 0 3 5 1 0 3 7 1 0 0 0 1 0 0 0 0 0 0 0 0 0 0 0 0 0 0 0 0 0 2 8 10 6 4 3 0 0 2 13 8 0 0 0 0 0 0 0 0 0 0 0 0 0 0 0 0 0 0 0 0 0 0 0 6 19 20 14 20 24 15 4 2 0 0 0 0 2 0 0 0 0 0 0 0 0 0 0 0 0 0 0 0 18 19 4 1 0 0 0 3 4 7 13 21 30 32 32 40 43 29 14 10 11 15 15 13 23 42 53 42 17 4 7 10 27 38 1 0 0 0 0 0 0 0 0 0 0 0 0 0 0 0 23 41 46 56 59 55 60 62 47 35 43 58 72 87 94 91 82 71 65 69 74 65 53 54 45 0 0 0 0 0 0 0 0 0 0 0 0 0 0 1 2 0 0 3 7 8 7 1 0 0 0 0 0 0 0 0 7 14 10 4 11 20 19 10 8 14 14 10 9 12 13 15 17 13 11 8 2 10 22 24 21 11 9 18 13 3 7 7 0 0 3 11 5 2 5 4 5 3 0 0 0 0 -2147483648 
-2147483648 2 0 0 0 0 0 0 0 0 0 6 17 15 4 2 2 0 0 0 0 0 2 0 0 0 0 0 0 0 0 0 0 0 0 0 0 0 0 0 4 4 0 0 0 4 5 0 0 8 3 0 0 0 0 0 0 0 0 0 0 0 0 0 0 0 0 0 0 0 0 0 0 0 2 11 19 21 18 11 11 13 11 7 2 0 1 1 0 0 0 0 0 0 0 0 0 0 0 0 0 0 54 49 24 21 2 0 0 0 5 13 17 18 22 19 13 10 3 0 0 7 7 6 8 10 19 30 30 23 15 5 3 6 2 18 44 25 0 0 15 16 13 25 24 3 0 0 0 0 0 0 0 0 0 0 0 0 2 5 10 13 17 26 34 41 49 48 42 42 41 32 27 28 27 25 19 0 0 0 0 0 0 0 0 11 11 12 15 16 11 5 1 1 0 0 0 8 11 8 5 3 0 0 0 0 0 0 0 10 13 11 10 13 17 14 7 1 0 3 10 3 0 0 3 6 10 10 0 0 4 19 19 15 20 25 27 25 12 0 0 0 0 0 6 8 0 3 12 9 3 2 3 5 10 -2147483648 
-2147483648 0 0 0 0 0 0 0 0 0 1 3 5 9 8 3 4 4 3 3 0 0 0 0 0 0 0 0 0 0 0 0 0 0 0 0 0 0 0 0 3 7 0 0 0 7 15 11 0 0 0 0 0 0 1 0 0 0 0 0 0 0 0 0 0 0 0 0 0 0 0 0 0 0 0 8 19 10 3 16 23 22 19 20 17 0 0 0 0 0 0 0 0 0 0 0 0 0 0 0 0 74 51 0 0 11 3 0 0 3 15 24 26 22 13 7 9 10 5 5 9 7 5 5 1 7 22 25 19 14 7 0 2 4 1 18 48 46 13 0 16 27 38 52 36 3 0 0 0 3 12 9 0 0 0 0 0 0 0 0 0 0 0 0 0 5 8 11 15 15 16 21 22 19 22 23 13 0 0 0 0 7 6 0 3 10 9 5 10 18 17 4 0 0 0 0 0 0 0 1 7 18 19 17 24 33 30 23 22 17 8 7 12 14 14 14 18 14 4 5 5 0 0 1 3 0 0 0 1 1 2 3 7 10 20 31 26 21 16 7 7 12 8 0 0 11 20 24 25 20 21 24 18 18 25 -2147483648 
-2147483648 0 0 0 0 0 0 0 0 0 0 1 4 4 6 4 1 1 0 0 0 0 0 0 0 0 0 0 0 0 0 0 0 0 0 0 0 0 0 0 0 0 0 0 0 2 0 0 0 0 0 0 0 0 1 0 0 0 0 0 0 0 0 0 0 0 0 0 0 0 0 0 0 0 0 0 1 4 18 30 26 20 14 8 0 0 0 0 0 0 0 0 0 0 0 0 0 0 0 18 103 82 20 0 0 4 3 0 0 10 22 26 27 26 20 14 11 15 21 23 22 17 13 11 14 17 15 16 19 21 13 0 0 7 6 17 41 39 13 2 13 28 44 20 0 0 0 0 0 0 0 0 0 0 0 0 0 0 0 0 0 0 0 0 13 17 17 19 19 13 9 17 22 17 12 11 15 1 0 0 0 10 0 0 0 3 4 7 7 5 2 0 0 0 0 0 0 0 0 0 5 11 9 21 50 69 66 52 36 26 22 20 20 24 27 12 0 0 0 0 0 0 0 0 4 4 3 8 11 8 11 14 11 10 10 10 11 8 0 0 0 5 9 10 9 8 7 1 0 3 5 6 8 11 17 -2147483648 
-2147483648 0 0 0 0 0 0 0 0 0 0 0 0 0 0 2 6 7 7 6 5 2 0 0 0 0 0 0 0 0 0 0 0 0 0 0 0 0 0 0 0 0 0 0 0 0 0 0 0 0 0 0 0 0 0 0 0 0 0 0 0 0 0 0 0 0 0 0 0 0 0 0 0 0 2 3 0 11 25 17 18 31 29 19 2 0 0 3 3 1 0 0 0 0 0 0 0 0 60 107 59 0 0 0 11 3 0 0 0 8 31 35 32 34 34 31 30 29 29 29 30 36 40 36 34 38 38 38 44 41 18 0 0 4 5 14 40 44 24 23 33 22 0 0 0 0 0 0 0 0 0 0 0 0 0 0 0 0 0 0 0 0 0 0 10 17 16 13 18 27 24 16 15 18 17 16 23 1 0 0 4 14 2 0 0 4 12 16 12 5 3 8 10 8 11 19 28 25 18 24 23 13 13 18 23 26 28 23 16 25 33 30 25 23 22 10 0 0 0 0 5 8 8 0 0 10 15 8 0 1 3 4 8 12 11 8 9 10 11 6 0 0 6 17 21 6 0 0 0 4 8 2 0 1 5 -2147483648 
-2147483648 0 0 0 0 0 0 0 0 0 0 0 0 0 0 0 0 0 9 5 0 0 0 0 0 0 0 0 0 0 0 0 0 0 0 0 0 0 0 0 0 0 0 0 0 0 0 0 0 0 0 0 0 0 0 0 0 0 0 0 0 0 0 0 0 0 0 0 0 0 0 0 0 0 2 9 19 30 37 34 32 43 54 48 28 14 12 6 0 0 0 0 0 0 0 0 22 92 94 45 9 0 0 0 0 0 0 0 0 0 16 38 33 26 27 33 36 39 45 50 54 55 56 60 61 59 58 56 52 29 0 0 0 0 0 9 33 45 36 24 0 0 0 0 0 0 0 0 0 0 0 0 0 0 0 0 0 0 0 0 0 0 0 0 0 9 15 17 25 36 38 28 22 21 21 21 17 0 0 0 0 19 16 10 9 6 4 3 8 16 21 33 59 84 81 79 90 75 49 33 14 0 0 8 9 7 5 6 7 3 2 3 2 7 15 19 20 10 1 10 18 19 11 0 0 0 13 13 4 4 3 1 5 9 10 10 8 7 15 23 17 4 4 12 13 11 8 9 13 16 19 13 5 8 8 -2147483648 
-2147483648 0 0 0 0 0 0 0 0 0 0 0 0 0 0 0 0 0 0 0 0 0 0 0 0 0 0 0 0 0 0 0 0 0 0 0 0 0 0 0 0 0 0 0 0 0 0 0 0 0 0 0 0 0 0 0 0 0 0 0 0 0 0 0 0 0 0 0 0 0 0 0 0 0 0 1 13 29 43 56 52 37 38 39 25 13 8 3 0 0 0 0 0 0 21 75 104 67 19 7 11 6 0 0 0 0 0 0 0 0 0 0 0 0 0 6 22 36 48 60 62 52 45 46 43 28 8 0 0 0 0 0 0 0 0 7 25 34 23 0 0 0 0 0 0 26 97 119 16 0 0 0 0 0 0 0 0 0 0 0 0 0 0 4 1 4 13 23 25 21 22 22 20 18 18 20 12 0 0 0 21 26 18 13 11 3 0 0 0 6 10 11 17 25 29 34 46 57 59 47 9 0 0 0 22 14 0 0 0 0 0 0 12 20 28 26 17 22 47 51 31 27 22 12 32 58 54 33 13 7 16 17 6 3 7 2 0 0 2 12 18 17 12 5 6 9 7 9 8 0 0 3 5 1 1 -2147483648 
-2147483648 0 0 0 0 0 72 138 119 0 0 0 0 0 0 0 0 0 0 0 0 0 0 0 0 0 0 0 0 0 0 0 0 0 0 0 0 0 0 0 0 0 0 0 0 0 3 8 12 12 0 0 0 0 0 0 0 0 0 0 0 0 0 0 0 0 0 0 0 0 0 0 0 0 6 21 31 28 23 26 30 22 10 7 3 0 0 0 0 0 0 0 46 79 82 55 19 2 0 0 0 0 0 0 0 0 0 0 0 0 0 0 0 0 0 0 0 0 0 0 0 0 0 0 0 0 0 0 0 0 0 0 0 0 1 6 26 44 34 0 0 0 0 0 0 14 67 72 29 0 0 0 0 0 0 0 0 0 0 0 0 0 0 0 4 6 8 16 16 13 19 20 16 22 26 23 16 0 0 0 23 21 18 19 12 4 0 0 0 0 0 0 0 0 0 0 0 6 32 46 21 0 0 0 0 0 0 0 0 0 0 0 4 8 12 10 14 39 77 80 39 13 16 44 98 110 57 15 7 6 10 14 12 8 5 3 1 4 10 10 10 14 9 0 0 0 0 0 0 0 0 0 0 0 0 -2147483648 
-2147483648 0 0 0 0 53 90 136 159 127 38 0 0 0 0 0 0 0 0 0 0 0 0 0 0 0 0 0 0 0 0 0 0 0 0 0 0 0 0 0 0 0 3 22 37 52 56 48 43 36 24 7 0 0 0 0 0 0 0 0 0 0 0 0 0 0 0 0 0 0 0 0 0 0 0 0 0 0 0 0 0 2 0 0 0 0 0 0 0 0 33 73 49 14 1 0 0 0 0 0 0 0 0 0 0 0 17 35 34 13 0 0 0 0 0 0 0 0 0 0 0 0 0 0 0 0 0 0 0 0 0 0 0 0 20 43 44 44 31 0 0 0 0 0 0 0 0 0 0 39 55 41 28 17 7 0 0 0 0 0 0 0 0 0 3 9 11 10 15 19 19 22 24 25 25 26 20 0 17 81 130 156 158 91 0 0 0 0 0 0 0 0 0 4 34 49 56 67 71 61 33 0 0 0 0 0 0 0 0 0 0 0 0 0 0 0 5 25 39 31 12 2 8 27 44 43 18 0 4 14 19 24 22 11 5 11 18 24 26 14 2 3 10 11 1 0 0 0 1 0 0 0 1 4 0 -2147483648 
-2147483648 39 117 145 69 0 12 43 62 165 255 255 255 194 86 26 10 1 0 0 0 0 0 0 0 0 0 75 109 120 119 127 146 160 177 201 213 202 175 154 151 171 208 226 215 194 155 99 53 29 9 0 0 0 5 0 0 0 0 0 10 80 202 248 138 0 0 0 0 0 0 0 0 0 0 0 0 0 0 0 0 0 0 2 7 0 0 0 0 79 86 33 3 0 0 0 0 0 0 0 0 0 0 0 0 0 1 9 17 17 8 3 7 6 0 0 0 0 0 0 0 0 0 0 0 0 0 0 0 0 0 0 0 0 52 125 80 33 7 0 0 0 0 0 0 0 0 0 17 91 111 70 55 72 58 57 68 49 0 0 0 0 0 0 0 2 6 5 9 11 8 15 22 16 12 17 17 63 198 255 255 255 255 144 0 0 0 18 36 58 74 92 118 137 143 141 135 130 123 118 140 199 208 79 0 0 0 0 0 0 0 0 2 0 0 0 5 9 18 21 17 16 21 29 22 12 15 11 3 11 31 41 38 35 29 24 27 34 36 29 25 31 38 41 36 26 28 34 32 26 23 26 32 40 35 -2147483648 
-2147483648 222 248 183 70 0 0 0 7 117 253 255 255 223 97 0 0 0 0 0 0 0 0 0 0 67 129 161 179 200 236 255 255 255 255 255 255 255 255 255 255 255 255 255 255 255 255 255 255 255 255 255 255 255 208 58 0 0 0 9 81 255 255 255 255 145 41 1 0 0 0 0 0 0 0 6 142 155 76 43 50 39 32 36 6 0 0 15 95 71 17 0 0 0 0 0 0 0 0 0 0 0 0 0 0 0 0 0 0 0 0 0 0 0 0 0 0 0 0 0 0 0 0 0 0 0 0 0 0 0 0 0 0 0 0 0 0 0 0 0 0 11 16 9 26 27 26 63 100 102 77 21 0 38 88 79 54 57 52 0 0 0 0 0 0 0 0 0 0 0 0 0 0 0 0 0 0 0 125 249 255 244 187 99 54 73 105 122 118 103 105 125 130 111 92 78 58 47 55 79 151 255 255 255 255 255 255 255 255 251 70 0 18 23 25 31 21 7 14 29 32 30 30 24 13 9 16 25 19 8 18 33 35 32 23 16 20 21 16 21 31 34 32 27 25 28 36 41 34 32 40 42 31 21 25 -2147483648 
-2147483648 219 138 72 60 46 23 39 79 101 104 107 101 71 0 0 0 0 0 0 0 0 0 0 0 0 0 0 36 79 107 115 118 130 142 132 122 142 173 200 231 251 255 255 255 255 255 255 255 255 255 255 255 255 220 108 144 255 255 255 255 255 255 255 255 255 255 255 255 255 255 255 255 255 255 255 255 255 204 213 255 255 255 255 135 0 0 0 0 0 0 0 0 0 0 0 0 0 0 0 0 0 0 0 0 0 0 0 0 0 0 0 0 0 0 0 0 0 0 0 0 0 0 0 0 0 0 0 0 0 0 0 0 0 0 0 0 0 0 0 0 79 157 162 151 150 182 212 189 113 30 0 22 84 118 81 35 35 39 30 2 0 0 0 0 0 0 0 0 0 0 0 0 0 0 0 0 0 0 0 0 0 0 42 72 54 27 13 1 4 13 6 2 17 19 0 0 27 45 55 73 131 249 255 255 255 255 255 255 255 255 75 36 38 33 24 21 25 33 40 36 31 31 25 29 38 40 46 40 23 18 25 23 13 16 22 19 11 6 9 10 4 0 0 4 16 20 17 12 7 8 10 10 6 0 -2147483648 
-2147483648 95 44 35 61 87 81 100 144 148 137 140 146 132 39 0 0 0 0 0 0 0 0 0 0 0 0 98 164 182 177 163 155 160 178 203 231 255 255 255 255 255 255 255 255 255 255 255 255 255 255 255 255 255 255 255 255 255 255 255 255 255 255 255 255 255 255 255 255 255 255 255 255 255 255 246 252 255 255 255 255 255 255 255 169 0 0 0 0 0 0 0 0 0 0 0 0 0 0 0 0 0 0 0 0 0 0 0 0 0 0 0 0 0 0 0 0 0 0 0 0 0 0 0 0 0 0 0 0 0 0 0 0 0 0 0 0 0 0 0 0 0 0 0 37 153 255 255 218 159 141 139 120 92 72 36 12 8 1 0 0 0 0 0 0 0 0 0 0 0 0 0 0 0 0 0 0 0 0 0 0 0 0 0 0 0 0 0 0 0 0 0 0 0 0 0 0 0 0 0 0 0 0 0 55 220 255 255 255 255 255 185 61 25 17 1 12 60 86 64 36 27 26 56 104 93 46 27 28 27 15 7 7 7 11 15 17 14 9 4 0 0 0 0 0 0 0 0 0 0 0 0 0 0 0 -2147483648 
-2147483648 13 13 19 31 57 67 70 102 138 147 127 75 0 0 0 0 0 0 0 0 0 0 0 0 0 72 153 174 169 182 192 191 190 184 191 210 226 249 255 255 255 237 214 199 201 224 235 214 188 182 191 220 255 255 255 255 255 255 255 156 29 0 0 0 0 0 0 0 74 199 255 255 211 175 169 210 255 255 255 255 255 229 165 60 0 0 0 0 0 0 0 0 0 0 0 0 0 0 0 0 0 0 0 0 0 0 0 0 0 0 0 0 0 0 0 0 0 0 0 0 0 0 0 0 0 0 0 0 50 186 255 255 205 115 51 5 0 0 20 83 48 0 0 0 0 0 0 0 0 89 193 155 20 0 0 35 50 49 57 71 71 53 0 0 0 0 0 0 0 0 0 0 0 0 0 0 0 0 0 0 0 0 0 0 0 0 0 0 0 0 0 0 0 0 0 0 0 0 0 0 0 6 47 115 185 221 226 226 231 195 86 0 0 13 71 78 59 59 44 28 29 26 51 82 56 5 0 0 0 0 0 0 0 0 0 0 0 0 0 0 0 0 0 0 0 0 0 0 0 0 0 0 0 0 -2147483648 
-2147483648 0 0 0 0 0 9 0 0 62 117 97 0 0 0 52 196 215 167 95 19 0 2 78 158 183 125 57 35 26 8 0 0 0 0 0 0 0 0 0 0 0 0 0 0 0 0 0 0 0 0 0 0 0 0 0 0 0 0 0 0 0 0 0 0 0 18 31 50 78 99 114 129 137 133 115 93 81 63 27 0 0 0 0 67 245 255 255 247 255 255 255 211 103 170 255 255 255 255 255 255 255 255 255 255 255 255 255 255 255 255 255 255 255 255 255 122 34 66 58 4 3 10 1 0 0 0 0 42 191 255 255 255 255 255 255 255 255 255 255 255 255 223 191 146 19 0 0 0 0 0 0 0 0 0 0 75 124 160 179 188 188 178 169 151 107 63 82 177 255 255 255 255 255 255 255 255 255 245 179 138 93 44 0 0 0 0 0 0 0 0 0 0 0 37 72 83 81 94 125 145 146 142 137 127 103 71 44 6 0 0 0 0 0 56 147 132 22 0 0 2 28 25 0 0 0 0 0 0 0 0 0 0 0 0 0 0 0 0 0 0 0 0 0 0 0 0 0 0 0 0 0 0 0 0 -2147483648 
-2147483648 0 0 0 0 4 14 7 0 13 45 76 87 86 152 255 255 255 255 255 202 114 115 174 217 189 94 13 7 19 16 29 41 39 38 32 23 26 46 65 81 94 92 93 107 124 134 148 173 185 174 157 141 125 117 114 109 104 105 107 103 101 104 110 112 104 98 93 82 70 58 56 63 66 46 0 0 0 0 0 0 0 0 41 198 255 255 255 255 255 255 255 255 255 255 255 255 255 255 255 255 255 255 255 255 255 255 105 0 0 0 0 0 0 0 0 0 0 0 0 0 105 144 123 113 105 84 83 153 221 162 36 0 24 78 99 107 127 145 135 120 157 216 235 192 78 0 0 0 0 0 0 0 0 0 0 0 30 122 174 194 203 219 235 234 172 40 0 133 255 255 255 255 255 255 255 255 255 142 145 168 166 163 164 152 116 58 0 0 0 0 0 0 0 0 0 34 51 48 34 11 0 0 0 0 0 0 0 0 0 0 0 0 12 57 94 77 6 0 0 0 23 22 0 0 0 0 0 0 0 0 0 0 0 0 0 0 0 0 0 0 0 0 0 0 0 0 0 0 0 0 0 0 0 0 -2147483648 
-2147483648 70 78 79 82 82 68 58 54 26 0 0 59 148 195 196 207 219 228 255 255 211 116 31 0 0 0 0 0 0 0 7 37 65 95 116 122 128 136 136 132 129 134 162 202 223 229 235 238 239 239 246 255 255 255 255 255 215 140 103 80 62 50 48 50 48 41 39 46 48 49 58 66 63 16 0 0 59 85 96 112 121 152 226 255 255 255 255 255 255 255 255 255 255 255 255 255 255 255 255 255 248 255 255 255 208 0 0 0 0 0 0 0 0 0 0 0 0 0 0 0 0 0 19 24 30 26 15 0 0 0 0 0 0 0 0 0 0 0 0 0 0 0 0 0 0 21 195 255 255 230 200 202 212 203 173 96 7 63 235 255 255 255 224 14 0 0 0 0 98 80 52 47 42 19 0 0 0 0 37 93 115 122 140 177 207 220 217 202 174 118 44 0 0 0 0 0 0 0 0 0 0 0 0 0 0 0 0 0 0 0 0 0 0 0 0 0 0 0 0 0 4 8 10 2 0 0 48 195 255 255 255 255 193 175 168 158 143 134 129 119 105 103 104 95 88 84 76 61 51 41 23 10 0 0 -2147483648 
-2147483648 111 106 108 111 106 89 73 63 52 39 28 43 96 129 107 84 86 114 199 255 255 255 255 255 255 255 255 255 255 255 255 255 255 255 255 255 255 255 255 233 203 186 172 165 168 165 151 137 125 114 102 84 78 78 61 36 20 14 10 12 18 22 27 31 34 38 41 45 50 52 49 41 30 0 0 13 76 94 91 88 111 152 162 138 125 130 135 140 146 143 140 150 159 152 124 79 40 11 0 0 0 0 0 21 37 26 37 114 170 160 145 154 173 191 216 238 233 218 200 134 49 25 47 66 74 82 74 0 0 0 0 0 0 0 0 0 0 0 0 0 0 0 0 0 0 182 255 255 255 255 255 255 255 255 255 255 125 0 0 0 0 0 0 0 0 0 0 0 0 0 0 0 0 0 0 0 0 0 0 0 0 0 0 0 0 0 0 0 0 0 0 0 0 0 0 0 0 0 0 0 0 0 0 0 0 0 0 0 0 0 0 0 0 0 0 0 0 0 0 0 0 0 0 10 3 37 159 255 255 255 255 194 82 63 75 78 73 69 68 67 70 81 92 99 103 103 101 102 100 93 91 97 113 117 -2147483648 
-2147483648 255 255 255 255 255 255 255 255 255 236 244 255 255 255 200 159 182 233 255 255 255 255 255 255 255 255 255 255 255 255 255 255 255 255 255 255 255 248 202 167 133 98 60 31 22 20 16 19 26 28 24 18 23 30 29 32 36 35 37 44 52 57 56 50 37 24 18 12 6 2 0 0 0 0 0 0 2 0 0 0 0 0 0 0 0 0 0 0 0 0 0 0 10 20 6 0 0 0 0 0 0 0 0 0 0 0 20 178 253 255 255 255 255 255 255 255 255 255 255 255 248 241 243 240 240 255 255 255 255 255 255 255 213 146 109 120 131 106 82 71 56 58 96 167 189 122 59 28 32 72 96 82 55 38 27 43 30 0 0 0 0 0 0 0 0 0 0 0 0 0 0 0 0 0 0 0 0 0 0 0 0 0 0 0 0 0 0 0 0 0 0 0 0 0 0 0 0 0 0 0 0 0 0 0 0 0 0 0 0 0 0 0 0 0 0 0 7 54 45 56 78 93 108 151 228 255 255 255 255 175 82 11 0 0 0 0 0 0 0 0 0 0 0 0 0 0 0 0 0 0 0 0 0 0 -2147483648 
-2147483648 255 255 255 255 255 255 255 255 226 186 186 231 255 255 255 255 255 255 255 255 255 255 255 255 203 176 245 255 218 185 154 121 94 72 57 44 28 17 14 11 6 3 2 10 23 28 28 29 35 42 45 50 55 58 60 59 53 41 31 23 14 7 2 0 0 0 0 0 0 0 0 0 0 0 0 0 0 0 0 0 0 0 0 0 0 0 0 0 0 0 0 0 0 0 0 0 0 0 0 0 0 0 0 0 0 0 0 143 212 198 145 80 31 2 0 0 0 0 5 10 29 70 105 124 141 152 154 166 189 206 217 223 217 206 200 201 206 199 180 162 154 159 172 136 24 0 0 0 0 0 0 0 0 0 0 0 78 173 196 216 248 225 163 102 44 0 0 0 0 0 0 0 0 0 0 0 0 0 0 0 0 0 0 0 0 0 0 0 0 0 0 0 0 0 0 0 0 0 0 0 0 0 0 0 0 0 0 0 0 0 0 0 0 41 177 255 255 255 255 255 255 255 255 255 255 255 255 255 167 12 0 0 0 0 0 0 0 0 0 0 0 0 0 0 0 0 0 0 0 0 0 0 0 0 -2147483648 
-2147483648 139 127 113 100 86 68 48 27 17 26 27 13 35 128 236 255 255 252 226 189 141 102 115 153 107 2 0 0 4 0 5 15 21 26 28 29 31 32 30 27 29 41 57 65 65 59 50 42 34 26 18 12 8 4 1 0 0 0 0 0 0 0 0 0 0 0 0 0 0 0 0 0 1 26 56 38 7 0 0 0 0 0 0 61 107 118 124 128 125 117 97 55 14 2 9 22 34 26 0 0 0 0 0 0 0 0 10 37 50 114 167 187 172 127 78 22 0 0 0 0 0 0 0 0 0 0 0 0 0 0 0 0 0 50 96 141 153 131 129 185 255 255 251 183 113 58 0 0 0 0 0 0 0 0 0 0 60 202 255 255 255 255 255 255 255 210 114 48 0 0 0 16 46 47 33 33 55 79 81 59 40 41 53 68 81 89 96 101 109 123 136 157 189 219 233 241 255 255 255 255 255 255 255 255 255 255 255 255 255 255 255 255 255 255 255 255 255 255 255 255 255 255 255 255 255 255 171 83 6 0 0 0 0 0 0 0 0 0 0 0 0 0 0 0 0 0 0 0 0 0 0 0 0 0 -2147483648 
-2147483648 0 0 0 0 5 11 7 0 4 17 15 0 0 13 34 45 44 39 29 17 12 14 25 65 94 45 0 15 40 39 35 33 31 31 32 34 36 32 25 22 22 23 21 12 4 1 0 0 0 0 0 0 0 0 0 0 0 0 0 0 0 0 0 0 0 0 0 0 0 0 0 0 3 60 134 100 23 22 80 193 255 255 255 255 255 255 255 255 255 255 244 117 14 0 0 0 0 0 0 0 0 16 114 154 195 226 178 74 16 46 139 243 255 255 255 255 255 255 255 225 246 255 255 187 118 93 87 36 0 0 0 0 0 0 0 4 22 46 129 255 255 255 255 255 119 0 0 0 0 0 0 0 0 0 0 0 0 0 0 0 0 134 255 255 255 255 255 255 255 203 166 239 255 255 255 255 255 255 222 204 229 255 255 255 255 255 255 255 255 255 255 255 255 255 255 255 255 255 255 255 255 255 255 255 255 255 255 255 255 255 255 255 255 255 255 241 176 151 136 117 102 88 67 45 29 14 3 0 0 0 0 0 0 0 0 0 0 0 0 0 0 0 0 0 0 0 0 0 0 0 0 0 0 0 -2147483648 
-2147483648 0 0 0 0 0 0 0 0 0 0 0 0 0 0 0 3 7 8 11 16 22 29 30 48 92 91 48 42 56 54 43 31 21 14 9 3 0 0 0 0 0 0 0 0 0 0 0 0 0 0 0 0 0 0 0 0 0 0 0 0 0 0 0 0 0 0 0 0 0 0 0 0 2 34 71 48 9 41 156 255 255 252 190 112 57 37 24 0 0 0 0 0 0 0 0 0 0 0 0 0 0 0 0 4 13 36 47 7 0 0 0 0 0 0 0 108 255 255 255 255 255 255 255 255 255 255 255 255 255 255 255 255 255 255 255 255 255 255 255 255 255 255 255 255 213 0 0 0 0 0 0 164 255 255 255 235 84 0 0 0 0 0 0 0 0 57 99 140 205 243 236 183 120 136 226 255 254 220 247 255 255 255 255 255 255 255 255 255 255 255 255 255 255 255 255 255 255 255 255 255 255 255 239 181 94 0 0 0 81 255 255 255 255 204 117 35 2 0 0 0 0 0 0 0 0 0 0 6 0 0 0 0 0 0 0 0 0 0 0 0 0 0 0 0 0 0 0 0 0 0 0 0 0 0 -2147483648 
-2147483648 0 0 0 0 0 0 0 0 5 11 17 19 16 18 23 26 30 32 34 35 30 23 18 19 37 43 16 0 0 0 0 0 0 0 0 0 0 0 0 0 0 0 0 0 0 0 0 0 0 0 0 0 0 0 0 0 0 0 0 0 0 0 0 0 0 0 0 0 0 0 0 0 0 0 0 0 0 13 52 77 61 35 13 1 0 0 0 16 50 64 49 29 0 0 0 0 48 201 255 255 255 163 0 0 0 0 0 0 0 0 0 0 0 0 0 0 0 78 195 255 255 255 255 255 255 255 255 255 255 255 255 255 255 255 255 255 255 255 255 255 163 51 10 30 125 244 255 160 55 94 255 255 255 255 255 255 255 199 171 127 16 0 0 0 0 0 0 0 0 0 0 0 0 0 0 0 0 0 0 0 0 0 0 0 0 0 0 0 0 0 0 0 0 0 0 0 0 0 0 15 48 50 0 0 0 0 0 95 255 255 255 233 131 68 21 1 0 0 0 0 0 0 0 0 0 0 0 2 0 0 0 0 0 0 0 0 0 0 0 0 0 0 0 0 0 0 0 0 0 0 0 0 0 0 -2147483648 
-2147483648 15 15 13 12 16 23 26 28 34 40 39 30 18 11 9 7 7 7 4 1 0 0 0 0 8 11 0 0 0 0 0 0 0 0 0 0 0 0 0 0 0 0 0 0 0 0 0 0 0 0 0 0 0 0 0 0 0 0 0 0 0 0 0 0 0 0 0 0 0 0 0 0 0 0 2 7 4 0 0 0 0 0 0 0 0 0 5 78 227 255 255 255 255 255 255 255 255 255 255 255 255 255 157 116 120 108 145 221 255 255 255 255 255 255 255 255 255 200 179 187 158 89 35 24 38 65 82 81 78 66 45 26 3 0 0 0 0 0 0 0 0 0 0 0 0 0 0 0 31 138 224 175 105 115 164 172 115 67 114 237 255 255 216 100 32 89 213 245 136 0 0 0 0 0 0 0 0 0 0 0 0 0 0 0 0 0 0 0 0 0 0 0 0 0 0 0 0 0 0 0 17 49 0 0 0 37 202 255 255 255 133 55 16 1 0 0 0 0 0 0 0 0 0 0 0 0 0 0 0 0 0 0 0 0 0 0 0 0 0 0 0 0 0 0 0 0 0 0 0 0 0 0 0 0 -2147483648 
-2147483648 22 17 11 7 6 5 3 1 0 0 0 0 0 0 0 0 0 0 0 0 0 0 0 0 10 20 3 0 0 0 0 0 0 0 0 0 0 0 0 0 0 0 0 0 0 0 0 0 0 0 0 0 0 0 0 0 0 0 0 0 0 0 0 0 0 0 0 0 0 0 0 0 0 0 0 0 0 0 0 0 0 0 0 0 0 0 0 0 0 0 0 0 0 114 216 171 132 210 255 255 255 255 255 255 255 255 255 255 255 255 255 255 255 255 255 255 204 143 95 47 0 0 0 0 0 0 0 0 0 0 0 0 0 0 0 0 0 0 0 0 0 0 0 0 0 0 0 0 255 255 255 184 226 247 191 123 96 129 221 255 255 255 255 255 255 255 255 255 255 255 255 255 255 255 255 255 255 255 255 255 255 219 76 0 0 0 0 0 0 0 0 0 0 0 0 20 125 106 58 91 202 255 255 241 255 255 255 255 255 71 6 0 0 0 0 0 0 0 0 0 0 0 0 0 0 0 0 0 5 46 140 225 246 235 236 255 255 255 255 251 232 225 220 206 194 197 202 203 205 199 189 193 198 198 -2147483648 
-2147483648 0 0 0 0 0 0 0 0 0 0 0 0 0 0 0 0 0 0 0 0 0 0 0 0 6 15 1 0 0 0 0 0 0 0 0 0 0 0 0 0 0 0 0 0 0 0 0 0 0 0 0 0 0 0 0 0 0 0 0 0 0 0 0 0 0 0 0 0 0 0 0 0 0 0 0 0 0 0 0 0 0 0 0 0 0 0 0 0 0 0 0 0 0 0 0 64 127 166 194 224 255 255 255 255 255 255 255 255 255 255 194 135 107 109 119 130 151 185 209 197 168 138 104 67 32 0 0 0 0 0 0 0 0 0 0 0 0 43 66 32 0 0 27 117 179 245 255 255 255 255 255 255 255 255 86 13 66 141 189 222 255 255 255 255 255 188 109 116 183 255 255 255 255 255 255 255 255 255 255 255 255 255 255 255 255 255 255 255 255 222 197 230 255 255 255 255 255 203 181 255 255 255 255 255 255 255 255 218 55 4 0 0 0 0 0 0 0 0 0 0 0 0 0 0 0 0 0 0 56 255 255 255 255 255 255 255 255 255 255 255 255 255 255 255 255 255 255 255 255 255 255 255 255 255 -2147483648 
-2147483648 0 0 0 0 0 0 0 0 0 0 0 0 0 0 0 0 0 0 0 0 0 0 0 0 5 13 0 0 0 0 0 0 0 0 0 0 0 0 0 0 0 0 0 0 0 0 0 0 0 0 0 0 0 0 0 0 0 0 0 0 0 0 0 0 0 0 0 0 0 0 0 0 0 0 0 1 2 0 0 0 0 0 0 0 0 0 0 0 0 0 0 0 0 0 0 154 219 160 117 127 137 134 131 127 120 111 97 81 74 74 76 85 95 94 90 98 118 140 151 148 139 130 125 119 106 95 91 91 94 100 119 167 255 255 255 255 255 255 255 255 255 227 48 74 211 255 255 255 255 255 255 255 169 103 128 185 234 232 143 0 0 0 0 0 0 87 94 0 0 0 0 0 0 0 0 0 0 0 0 0 54 203 255 255 255 255 255 255 255 255 255 255 255 255 255 213 143 201 255 255 193 105 152 255 255 243 117 28 2 0 0 0 0 0 0 0 0 0 0 0 0 0 0 0 0 0 0 0 54 255 255 255 255 255 255 255 255 255 255 255 255 255 255 255 255 255 255 255 255 255 255 255 255 255 -2147483648 
-2147483648 0 0 0 0 0 0 0 0 0 0 0 0 0 0 0 0 0 0 0 0 0 0 0 0 3 20 25 1 0 0 0 0 0 0 0 0 0 0 0 0 0 0 0 0 0 0 0 0 0 0 0 0 0 0 0 0 0 0 0 0 0 0 0 0 0 0 0 0 0 0 0 0 0 3 20 12 1 0 0 0 0 0 0 0 0 0 0 12 45 72 71 61 60 59 60 76 84 65 43 35 36 42 47 46 41 33 30 36 32 22 22 25 26 25 22 16 16 17 11 11 11 10 20 29 24 19 21 21 24 36 52 69 108 190 255 255 255 255 255 255 255 255 255 193 111 106 76 106 233 255 152 0 0 0 101 171 203 199 146 73 30 7 0 0 95 212 217 190 195 191 184 191 213 233 219 175 138 129 123 89 79 136 195 212 219 253 255 255 255 255 255 255 255 210 115 140 227 255 255 141 37 7 35 87 93 45 8 0 0 0 0 0 0 0 0 0 0 0 0 0 0 0 0 0 0 0 0 0 15 96 222 255 255 255 255 255 255 255 255 255 255 255 255 255 255 255 255 255 255 255 255 255 255 255 -2147483648 
-2147483648 0 0 0 0 0 0 0 0 0 0 0 0 0 0 0 0 0 0 0 0 0 0 0 0 0 14 27 10 0 0 0 0 0 0 0 0 0 0 0 0 0 0 0 0 0 0 0 0 0 0 0 0 0 0 0 0 0 0 0 0 0 0 0 0 0 0 0 0 0 0 0 5 15 12 0 0 0 0 0 0 0 0 0 0 0 0 0 12 43 72 90 97 95 100 97 78 66 58 41 20 6 4 11 22 32 37 42 52 55 45 36 33 29 25 25 23 16 5 0 0 2 3 0 0 0 0 0 0 0 0 0 0 0 0 0 0 0 0 0 65 255 255 255 255 255 27 43 223 255 145 0 0 0 0 44 78 96 116 142 171 200 218 234 255 255 255 255 255 225 208 213 224 221 210 212 219 224 230 240 255 255 255 255 255 255 255 255 255 255 255 255 255 255 219 206 240 255 220 102 22 1 0 1 2 1 0 0 0 0 0 0 0 0 0 0 0 0 0 0 0 0 0 0 0 0 0 0 0 0 4 16 32 52 77 97 102 98 98 102 109 120 127 129 132 137 143 142 135 134 136 134 132 130 129 -2147483648 
-2147483648 0 0 0 0 0 0 0 0 0 0 0 0 0 0 0 0 0 0 0 0 0 0 0 0 0 5 13 9 0 0 0 0 0 0 0 0 0 0 0 0 0 0 0 0 0 0 0 0 0 0 0 0 0 0 0 0 0 0 0 0 0 0 0 0 0 0 0 0 0 1 12 18 18 13 7 2 0 0 0 0 0 0 0 0 0 0 0 0 3 13 23 22 15 10 3 0 9 17 9 2 0 0 0 0 11 19 21 22 26 32 30 21 13 8 3 0 0 0 0 0 0 0 0 0 0 0 0 0 0 0 0 0 0 0 0 0 0 0 0 0 10 150 255 255 255 255 255 255 196 69 17 0 0 0 0 0 10 23 31 36 37 44 64 95 126 142 146 146 145 130 92 64 68 74 68 60 59 63 73 104 141 160 163 161 156 152 156 163 170 187 207 199 179 189 200 182 139 68 13 0 0 0 0 0 0 0 0 0 0 0 0 0 0 0 0 0 0 0 0 0 0 0 0 0 0 0 0 0 0 0 0 0 2 12 29 42 49 54 56 57 57 55 55 57 60 60 53 48 49 45 37 34 32 30 -2147483648 
-2147483648 0 0 0 0 0 0 0 0 0 0 0 0 0 0 0 0 0 0 0 0 0 0 0 0 0 4 9 4 0 0 0 0 0 0 0 0 0 0 0 0 0 0 0 0 0 0 0 0 0 0 0 0 0 0 0 0 0 0 0 0 0 0 0 0 0 0 0 0 5 12 13 6 1 14 37 32 9 0 0 0 0 0 0 0 0 0 0 5 30 63 74 74 71 64 69 75 71 66 60 52 42 24 0 0 0 0 0 0 0 0 0 0 0 0 0 0 0 0 0 0 0 0 0 0 0 0 0 0 0 0 0 0 0 0 0 0 0 0 0 0 0 0 12 191 255 255 255 186 39 0 0 0 0 0 0 0 3 0 0 0 0 0 0 0 0 7 35 64 85 89 76 53 38 34 27 15 0 0 0 0 0 0 0 5 4 3 5 9 13 17 32 53 67 82 97 82 38 7 0 0 0 0 0 0 0 0 0 0 0 0 0 0 0 0 0 0 0 0 0 0 0 0 0 0 0 0 0 0 0 0 0 0 0 0 2 8 14 18 21 22 20 16 14 16 17 15 19 27 30 29 30 35 40 40 -2147483648 
-2147483648 0 0 0 0 0 0 0 0 0 0 0 0 0 0 0 0 0 0 0 0 0 0 0 0 0 5 11 5 0 0 0 0 0 0 0 0 0 0 0 0 0 0 0 0 0 0 0 0 0 0 0 0 0 0 0 0 0 0 0 0 0 0 0 0 0 0 0 0 0 0 1 1 0 9 24 21 6 0 0 0 0 0 0 0 0 0 0 7 37 71 84 97 113 120 124 125 114 99 97 98 92 83 55 0 0 0 0 0 0 0 0 0 0 0 0 0 0 0 0 0 0 0 0 0 0 0 0 0 0 0 0 0 0 0 0 0 0 0 0 0 0 0 0 0 17 112 77 0 0 0 0 0 0 0 10 4 0 0 0 0 0 0 0 0 0 0 0 0 3 21 48 63 53 45 50 58 53 44 48 47 35 11 0 0 0 0 0 0 0 0 0 3 20 28 30 25 9 0 0 0 0 0 0 0 0 0 0 0 0 0 0 0 0 0 0 0 0 0 0 0 0 0 0 0 0 0 0 0 0 0 0 0 0 0 0 0 0 0 0 1 2 1 0 0 0 2 10 16 13 13 18 25 32 30 -2147483648 
-2147483648 0 0 0 0 0 0 0 0 0 0 0 0 0 0 0 0 0 0 0 0 0 0 0 0 0 5 12 7 0 0 0 0 0 0 0 0 0 0 0 0 0 0 0 0 0 0 0 0 0 0 0 0 0 0 0 0 0 0 0 0 0 0 0 0 0 2 0 0 0 0 0 0 0 6 12 6 0 0 0 0 0 0 0 0 0 0 0 0 0 0 0 2 12 21 18 18 24 14 0 0 11 31 27 0 0 0 0 0 0 0 0 0 0 0 0 0 0 0 0 0 0 0 0 0 0 0 0 0 0 0 0 0 0 0 0 0 0 0 0 0 0 0 0 0 0 0 0 0 0 0 0 0 0 0 0 0 0 0 0 0 0 0 0 0 0 0 0 0 0 0 0 0 0 0 17 47 81 101 97 80 64 48 28 8 0 0 0 0 0 0 0 0 0 0 0 0 0 0 0 0 0 11 5 0 0 0 0 0 0 0 0 0 0 0 0 0 0 0 0 0 0 0 0 0 0 0 0 0 0 0 0 0 0 0 0 0 0 0 0 0 0 0 0 0 0 0 0 0 0 0 0 0 0 0 -2147483648 
-2147483648 0 0 0 0 0 0 0 0 0 0 0 0 0 0 0 0 0 0 0 0 0 0 0 0 0 3 4 0 0 0 0 0 0 0 0 0 0 0 0 0 0 0 0 0 0 0 0 0 0 0 0 0 0 0 0 0 0 0 0 0 2 3 0 2 2 0 0 0 0 0 1 0 0 1 2 1 0 0 0 0 0 0 0 0 0 0 0 0 0 0 0 0 0 0 0 0 0 0 0 0 0 0 0 0 0 0 0 0 0 0 0 0 0 0 0 0 0 0 0 0 0 0 0 0 0 0 0 0 0 0 0 0 0 0 0 0 0 0 0 0 0 0 0 0 0 0 0 0 0 0 0 0 0 0 0 0 0 0 0 0 0 0 0 0 0 0 0 0 0 0 0 0 0 0 0 0 4 65 61 6 0 0 0 0 0 0 0 0 0 0 0 0 0 0 0 0 0 0 0 1 27 15 0 0 0 0 0 0 0 0 0 0 0 0 0 0 0 0 0 0 0 0 0 0 0 0 0 0 0 0 0 0 0 0 0 0 0 0 0 0 0 0 0 0 0 0 0 0 0 0 0 0 0 0 -2147483648 
-2147483648 0 0 0 0 0 0 0 0 0 0 0 0 0 0 0 0 0 0 0 0 0 0 0 0 0 0 0 0 0 0 0 0 0 0 0 0 0 0 0 0 0 0 0 0 0 0 0 0 0 0 0 0 0 0 0 0 0 0 0 0 2 1 2 5 6 4 0 0 0 4 4 1 0 0 0 0 0 0 0 0 0 0 0 0 0 0 0 0 0 0 0 0 0 0 0 0 0 0 0 0 0 0 0 0 0 0 0 0 0 0 0 0 0 0 0 0 0 0 0 0 0 0 0 0 0 0 0 0 0 0 0 0 0 0 0 0 0 0 0 0 0 0 0 0 0 0 0 0 0 0 0 0 0 0 0 0 0 0 0 0 0 0 0 0 0 0 0 0 0 0 0 0 0 0 0 0 0 0 0 0 0 0 0 0 0 0 0 0 0 0 0 0 0 5 55 55 5 0 8 39 26 4 0 0 0 0 0 0 0 0 0 0 0 0 0 0 0 0 0 0 0 0 0 0 0 0 0 0 0 0 0 0 0 0 0 0 0 0 0 0 0 0 0 0 0 0 0 0 0 0 0 0 0 0 -2147483648 
-2147483648 0 0 0 0 0 0 0 0 0 0 0 0 0 0 0 0 0 0 0 0 0 0 0 0 0 0 0 0 0 0 0 0 0 0 0 0 0 0 0 0 0 0 0 0 0 0 0 0 0 0 0 0 0 0 0 0 2 0 0 4 1 0 0 0 0 1 2 0 0 0 0 0 0 0 0 0 0 0 0 0 0 0 0 0 0 0 0 0 0 0 0 0 0 0 0 0 0 0 0 0 0 0 0 0 0 0 0 0 0 0 0 0 0 0 0 0 0 0 0 0 0 0 0 0 0 0 0 0 0 0 0 0 0 0 0 0 0 0 0 0 0 0 0 0 0 0 0 0 0 0 0 0 0 0 0 0 0 0 0 0 0 0 0 0 0 0 0 0 0 0 0 0 0 0 0 0 0 0 0 0 0 0 0 0 0 0 0 0 0 0 0 0 0 0 7 9 0 9 31 24 6 7 9 3 0 0 0 0 0 0 0 0 0 0 0 0 0 0 0 0 0 0 0 0 0 0 0 0 0 0 0 0 0 0 0 0 0 0 0 0 0 0 0 0 0 0 0 0 0 0 0 0 0 0 -2147483648 
-2147483648 0 0 0 0 0 0 0 0 0 0 0 0 0 0 0 0 0 0 0 0 0 0 0 0 0 0 0 0 0 0 0 0 0 0 0 0 0 0 0 0 0 0 0 0 0 0 1 1 0 1 5 4 0 0 0 2 7 5 3 0 0 0 1 0 0 0 0 0 0 0 0 0 0 0 0 0 0 0 0 0 0 0 0 0 0 0 0 0 0 0 0 0 0 0 0 0 0 17 14 0 0 0 0 0 0 0 0 0 0 0 0 0 0 0 0 0 0 0 0 0 0 0 0 0 0 0 0 0 0 0 0 0 0 0 0 0 0 0 0 0 0 0 0 0 0 0 0 0 0 0 0 0 0 0 0 0 0 0 0 0 0 0 0 0 0 0 0 0 0 0 0 0 0 0 0 0 0 0 0 0 0 0 0 0 0 0 0 0 0 0 0 0 0 0 0 0 4 31 23 6 6 8 3 0 0 0 0 0 0 0 0 0 0 0 0 0 0 0 0 0 0 0 0 0 0 0 0 0 2 0 0 0 0 0 0 0 0 0 0 0 0 0 0 0 0 0 0 0 0 0 0 0 0 0 -2147483648 
-2147483648 0 0 0 0 0 0 0 0 0 0 0 0 0 0 0 0 0 0 0 0 0 0 0 0 0 0 0 0 0 0 0 0 0 0 0 0 0 0 0 0 0 0 0 0 0 0 0 0 0 0 4 9 5 1 0 0 0 0 5 0 0 0 0 0 0 0 0 0 0 0 0 0 0 0 0 0 0 0 0 0 0 0 0 0 0 0 0 0 0 0 0 0 1 6 10 0 0 0 0 0 0 0 0 0 0 0 0 0 0 0 0 0 0 0 0 0 0 0 0 0 0 0 0 0 0 0 0 0 0 0 0 0 0 0 0 0 0 0 0 0 0 0 0 0 0 0 0 0 0 0 0 0 0 0 0 0 0 0 0 0 0 0 0 0 0 0 0 0 0 0 0 0 0 0 0 0 0 0 0 0 0 0 0 0 0 0 0 0 0 0 0 0 0 0 0 0 39 29 1 0 0 0 0 0 0 0 0 0 0 0 0 0 0 0 0 0 0 0 0 0 0 0 0 0 0 0 0 0 1 0 0 0 0 0 0 0 0 0 0 0 0 0 0 0 0 0 0 0 0 0 0 0 0 0 -2147483648 
-2147483648 0 0 0 0 0 0 0 0 0 0 0 0 0 0 0 0 0 0 0 0 0 0 0 0 0 0 0 0 0 0 0 0 0 0 0 0 0 0 0 5 0 0 0 0 0 0 0 0 0 0 0 0 8 11 0 0 0 0 0 0 2 0 0 0 6 5 6 3 0 0 0 0 0 0 0 0 0 0 0 0 0 0 0 0 0 12 22 23 10 2 6 4 0 4 4 0 0 0 0 0 0 0 0 0 0 0 0 0 0 0 0 0 0 0 0 0 0 0 0 0 0 0 0 0 0 0 0 0 0 0 0 0 0 0 0 0 0 0 0 0 0 0 0 0 0 0 0 0 0 0 0 0 0 0 0 0 0 0 0 0 0 0 0 0 0 0 0 0 0 0 0 0 0 0 0 0 0 0 0 0 0 0 0 0 0 0 0 0 0 0 0 0 0 24 74 84 38 0 0 0 0 0 0 0 0 0 0 0 0 0 0 0 0 1 13 23 11 0 0 0 0 0 0 0 0 0 0 1 0 0 0 0 0 0 0 0 0 0 0 0 0 0 0 0 0 0 0 0 0 0 0 0 0 0 -2147483648 
-2147483648 0 0 0 0 0 0 0 0 0 0 0 0 0 0 0 0 0 0 0 0 0 0 0 0 0 0 2 5 0 0 0 0 0 0 0 0 4 0 0 0 0 0 0 2 0 0 3 6 6 4 0 0 0 1 0 4 2 0 0 0 0 7 5 2 2 2 2 3 4 1 0 0 0 0 0 0 0 0 3 2 0 0 0 0 11 25 24 17 5 0 0 0 0 1 5 12 10 0 0 0 0 0 0 0 0 0 0 0 0 0 0 0 0 0 0 0 0 0 0 0 0 0 0 0 0 0 0 0 0 0 0 0 0 0 0 0 0 0 0 0 0 0 0 0 0 0 0 0 0 0 0 0 0 0 0 0 0 0 0 0 0 0 0 0 0 0 0 0 0 0 0 0 0 0 0 0 0 0 0 0 0 0 0 0 0 0 0 0 0 0 0 0 0 5 75 62 4 0 0 0 0 0 0 0 0 0 0 0 0 0 0 0 0 2 10 14 6 0 0 0 0 0 0 0 0 0 0 0 0 0 0 0 0 0 0 0 0 0 0 0 0 0 0 0 0 0 0 0 0 0 0 0 0 0 -2147483648 
-2147483648 0 0 0 0 0 0 0 0 0 0 0 0 0 0 0 0 0 4 4 2 6 6 5 3 0 0 0 3 0 0 0 7 3 0 2 4 3 5 7 5 7 7 0 0 0 5 0 0 0 0 0 0 0 0 0 1 4 5 0 0 0 2 5 0 0 0 0 0 2 1 1 2 1 0 0 0 0 0 0 0 0 0 0 0 16 12 5 1 0 0 0 0 0 0 6 22 36 40 29 13 0 0 0 0 0 0 0 0 0 0 0 0 0 0 0 0 0 0 0 0 0 0 0 0 0 0 0 0 0 0 0 0 0 0 0 0 0 0 0 0 0 0 0 0 0 0 0 0 0 0 0 0 0 0 0 0 0 0 0 0 0 0 0 0 0 0 0 0 0 0 0 0 0 0 0 0 0 0 0 0 0 0 0 0 0 0 0 0 0 0 0 0 0 0 0 0 0 20 45 72 79 51 23 7 0 0 0 0 0 0 0 0 0 0 0 3 2 0 0 0 0 0 0 0 0 0 0 0 0 0 0 0 0 0 0 0 0 0 0 0 0 0 0 0 0 0 0 0 0 0 0 0 0 0 -2147483648 
-2147483648 0 0 0 0 0 0 0 0 1 4 0 0 0 0 3 5 2 3 2 0 0 0 0 0 0 0 3 9 4 0 0 2 9 6 3 0 0 3 4 0 1 7 3 0 0 1 0 0 0 0 0 0 0 0 0 1 2 5 3 0 0 0 0 0 0 3 4 5 3 0 0 0 0 0 0 0 0 0 0 0 1 7 15 22 17 8 7 1 0 0 0 0 0 0 0 8 42 69 53 24 14 6 7 12 0 0 0 0 0 0 0 0 0 0 0 0 0 0 0 0 0 0 0 0 0 0 0 0 0 0 0 0 0 0 0 0 0 0 0 0 0 0 0 0 0 0 0 0 0 0 0 0 0 0 0 0 0 0 0 0 0 0 0 0 0 0 0 0 0 0 0 0 0 0 0 0 0 0 0 0 0 0 0 0 0 0 0 0 0 0 0 0 0 0 0 3 3 15 19 18 23 19 7 1 0 0 0 0 0 0 0 0 0 0 0 0 1 0 0 0 0 0 0 0 0 0 0 0 2 0 0 0 0 0 0 0 0 0 0 0 0 0 0 0 0 0 0 0 0 0 0 0 0 0 -2147483648 
-2147483648 0 0 0 0 0 0 0 0 0 3 8 3 0 0 0 2 1 0 0 0 0 1 5 7 8 9 11 13 9 0 0 1 0 0 0 2 4 0 0 0 0 0 0 5 6 1 4 4 0 0 8 8 0 0 1 2 1 0 0 0 0 1 3 3 3 6 7 3 1 1 0 0 0 0 0 0 0 0 2 2 4 14 15 11 15 19 16 7 5 9 7 2 0 0 9 31 43 46 31 10 5 1 0 2 0 0 0 0 0 0 0 0 0 4 1 0 0 0 0 0 0 0 0 0 0 0 0 0 0 0 0 0 0 0 0 0 0 0 0 0 0 0 0 0 0 0 0 0 0 0 0 0 0 0 0 0 0 0 0 0 0 0 0 0 0 0 0 0 0 0 0 0 0 0 0 0 0 0 0 0 0 0 0 0 0 0 0 0 0 0 0 0 0 0 0 1 0 0 0 0 0 0 0 0 0 0 0 0 0 0 0 0 0 3 8 7 2 0 0 0 0 0 0 0 0 0 0 0 0 0 0 0 0 0 0 0 0 0 0 0 0 0 0 0 0 0 0 0 0 0 0 0 0 0 -2147483648 
-2147483648 0 2 5 5 2 1 2 0 0 0 6 8 3 0 0 0 3 5 0 2 7 8 6 4 4 1 0 4 11 7 9 7 0 4 8 10 11 10 9 5 1 0 0 1 5 5 8 11 6 5 11 10 4 3 2 0 2 3 2 6 11 9 5 5 7 4 0 0 0 0 1 0 0 0 0 0 0 0 0 0 0 0 0 0 0 3 5 2 1 6 10 6 1 19 54 59 38 20 6 0 0 0 0 0 0 11 6 0 0 0 0 0 7 6 1 0 0 5 0 0 0 0 0 0 0 0 0 3 3 0 0 0 0 0 0 0 0 1 10 3 0 0 0 0 0 0 0 0 0 0 0 0 0 0 0 0 0 0 0 0 0 0 0 0 0 0 0 0 0 0 0 0 0 0 0 0 0 0 0 0 0 0 0 0 0 0 0 0 0 0 0 0 0 0 0 0 0 0 0 0 0 2 5 3 0 0 0 0 0 0 0 0 0 1 3 3 1 0 0 0 0 0 0 0 0 0 0 0 0 0 0 0 0 0 0 0 0 0 0 0 0 0 0 0 0 0 0 0 0 0 0 0 0 0 -2147483648 
-2147483648 0 4 3 1 3 5 5 6 5 0 0 5 5 3 4 0 0 7 3 0 0 0 0 0 0 0 0 5 9 4 0 0 0 12 8 0 0 0 3 2 0 2 8 7 8 9 5 4 7 4 2 8 8 0 0 2 3 4 7 4 0 2 3 2 3 2 0 0 0 0 3 1 0 0 0 0 0 0 0 0 0 0 0 0 0 0 0 0 0 0 5 3 0 11 27 19 12 15 5 0 0 0 0 5 9 1 0 0 0 0 0 0 0 0 0 0 0 0 0 1 0 0 0 0 0 0 0 10 15 6 3 3 0 0 0 7 7 2 0 0 0 0 0 0 0 0 0 0 0 0 0 0 0 0 0 0 0 0 0 0 0 0 0 0 0 0 0 0 0 0 0 0 0 0 0 0 0 0 0 0 0 0 0 0 0 0 0 0 0 0 0 0 0 0 0 0 0 0 0 0 0 0 0 0 0 0 0 0 0 0 0 0 0 0 0 0 1 0 0 0 0 0 0 0 0 0 0 1 0 0 0 0 0 0 0 0 0 0 0 0 0 0 0 0 0 0 0 0 0 0 0 0 0 0 -2147483648 
-2147483648 1 0 0 0 0 0 0 0 0 0 0 0 0 0 5 1 0 0 0 4 4 4 3 1 0 0 0 0 0 0 0 0 0 0 0 0 0 0 0 1 7 6 7 7 2 6 10 3 0 1 0 0 0 4 5 5 3 0 3 4 0 0 0 0 0 0 3 5 2 0 0 0 0 0 0 0 0 0 0 0 0 0 7 3 0 0 0 1 1 4 9 0 0 0 7 9 15 13 13 18 14 8 6 15 47 68 37 0 0 0 1 0 0 0 0 0 0 0 0 0 0 11 14 12 10 7 4 3 8 12 8 7 9 5 1 3 7 0 0 0 0 0 0 0 0 0 0 0 0 0 0 0 0 0 0 0 0 0 0 0 0 0 0 0 0 0 0 0 0 0 0 0 0 0 0 0 0 0 0 0 0 0 0 0 0 0 0 0 0 0 0 0 0 0 0 0 0 2 0 0 0 0 0 0 0 0 0 0 0 0 0 0 0 0 0 0 1 0 0 0 0 0 0 0 0 0 0 0 0 0 0 0 0 0 1 1 0 0 0 0 3 1 0 0 0 0 0 0 0 0 0 0 0 0 -2147483648 
-2147483648 5 7 5 5 4 0 0 0 0 6 7 0 0 1 4 7 5 0 0 9 13 13 8 6 7 1 0 0 2 0 0 0 0 0 4 3 0 4 2 0 10 11 4 2 3 7 10 7 4 5 1 0 0 2 2 0 0 0 0 2 0 0 0 1 0 0 4 9 4 0 0 0 0 0 0 0 0 0 0 0 0 0 4 7 6 4 1 7 17 17 4 0 0 1 15 28 22 10 16 25 21 13 18 35 56 66 41 6 0 0 0 1 2 0 0 0 0 0 0 0 0 0 0 0 1 6 5 2 4 11 19 17 14 17 14 9 5 3 4 0 0 2 6 2 0 0 0 0 0 0 0 0 0 0 0 0 6 0 0 0 0 0 0 0 0 0 0 0 0 0 0 0 0 0 5 5 0 0 0 0 0 0 0 0 2 1 0 0 0 0 0 0 0 0 0 2 8 9 4 1 3 4 3 1 0 0 0 0 0 0 0 0 0 0 0 0 1 0 0 0 0 0 0 0 0 0 0 0 0 0 0 0 0 0 0 0 0 0 0 0 0 0 0 0 0 0 0 0 0 0 0 0 0 0 -2147483648 
-2147483648 1 1 10 6 0 0 0 8 13 5 2 5 7 4 2 9 13 12 7 0 0 0 0 0 3 8 6 11 21 13 0 0 0 4 1 0 0 1 4 4 0 0 6 19 20 8 0 0 0 0 0 5 7 0 0 0 0 4 3 0 4 10 6 4 6 6 3 0 0 0 0 0 0 0 0 0 0 0 6 13 6 4 34 62 45 13 1 5 14 12 0 0 0 5 4 11 12 14 17 11 8 9 9 6 0 0 0 0 4 0 0 0 0 0 0 0 0 0 0 0 0 0 0 0 0 0 0 0 0 0 0 0 0 2 5 9 9 12 13 5 5 12 8 0 0 0 0 0 0 0 0 0 0 0 0 0 1 0 0 0 1 1 0 0 0 0 0 0 0 0 0 0 0 0 3 6 0 0 0 0 2 9 8 0 0 0 0 0 0 0 1 1 1 0 0 0 5 9 7 8 4 0 0 0 0 0 0 0 0 0 0 0 0 0 0 0 0 0 0 0 0 0 0 0 0 0 0 0 0 0 0 0 0 0 0 0 0 1 1 0 0 0 0 0 0 0 0 0 0 0 0 0 0 0 -2147483648 
-2147483648 0 0 0 0 0 3 1 0 3 2 0 3 6 8 5 0 0 2 4 5 4 1 1 2 3 4 4 6 11 12 0 0 0 2 0 0 8 2 2 7 3 3 2 0 0 0 0 3 3 0 0 0 0 0 1 1 1 5 8 12 29 48 54 56 64 72 70 59 44 30 16 5 1 0 0 0 0 0 0 0 0 0 11 16 0 0 0 0 0 0 0 0 0 3 0 0 0 14 17 0 0 0 0 0 0 0 0 0 5 4 0 0 0 0 0 0 0 1 0 1 8 9 5 5 2 0 0 0 0 0 0 0 0 0 0 0 0 0 0 2 9 4 0 0 0 5 6 0 0 0 0 0 0 0 2 0 0 0 3 6 0 0 0 0 0 0 0 0 4 0 0 0 0 0 0 0 0 3 3 2 0 0 0 0 2 9 7 2 0 0 0 0 0 0 6 20 26 18 10 8 12 16 11 3 0 0 0 0 0 0 0 0 0 0 0 0 0 0 0 0 0 0 0 0 0 0 0 0 4 2 0 0 2 1 1 2 1 0 2 4 2 0 0 0 0 0 0 0 0 0 0 0 0 0 -2147483648 
-2147483648 0 1 0 1 4 1 3 0 0 0 0 0 2 2 0 0 0 0 0 0 3 7 10 10 1 0 0 0 4 0 0 0 4 4 1 1 2 4 2 0 4 7 0 0 0 0 0 0 10 10 0 0 0 4 12 18 33 54 74 91 101 108 112 105 95 91 86 75 60 41 23 15 10 0 0 0 0 0 0 0 0 0 0 0 0 0 0 0 0 0 0 0 0 0 0 0 0 0 0 0 0 0 0 0 0 0 0 0 0 0 0 0 0 0 1 9 4 0 0 5 3 4 8 1 0 0 1 0 0 0 0 0 0 0 0 0 0 0 0 0 0 0 0 0 0 0 0 0 0 0 0 0 1 7 6 1 0 0 0 0 0 0 0 0 0 0 0 0 0 0 0 7 2 0 0 0 1 4 3 2 0 0 0 0 0 0 0 0 0 1 1 0 0 0 11 25 26 19 13 10 15 18 9 1 0 0 0 0 0 0 0 0 0 0 0 6 4 0 0 0 0 0 0 0 0 0 0 0 0 0 0 3 11 6 2 1 0 0 0 1 0 0 0 0 0 0 0 0 0 0 0 0 0 0 -2147483648 
-2147483648 2 0 0 4 5 3 2 2 0 0 0 4 3 0 0 0 2 4 9 3 0 0 0 1 0 2 4 0 0 1 0 3 8 5 6 4 0 2 6 5 0 0 0 0 0 0 3 2 3 8 12 14 26 43 60 85 107 110 104 100 88 69 56 47 36 26 19 15 13 8 2 0 0 0 0 0 0 0 0 0 0 0 0 0 0 0 14 33 77 110 103 58 7 0 4 8 3 0 0 0 0 0 0 0 0 0 0 0 0 0 0 3 6 3 0 0 0 0 0 4 5 6 4 0 4 11 10 1 1 9 6 4 4 3 4 2 0 4 6 0 0 0 0 0 3 2 0 0 0 0 0 5 1 0 2 10 12 12 11 4 5 9 2 0 0 0 0 2 0 5 6 0 1 0 0 6 2 0 0 0 1 4 2 0 0 0 0 3 3 4 6 6 6 5 7 13 12 6 6 8 9 9 4 0 0 0 0 0 0 0 0 0 0 0 3 7 3 1 3 6 9 8 3 0 0 5 11 1 0 0 0 0 0 0 0 0 0 0 0 0 3 2 0 0 0 0 0 0 0 0 0 0 0 0 -2147483648 
-2147483648 0 1 7 6 7 13 9 5 5 1 0 0 3 6 6 5 2 0 1 5 0 0 0 0 3 14 14 7 13 22 14 5 2 2 6 6 4 0 0 0 0 0 0 0 2 5 8 5 0 19 56 81 100 110 108 101 83 57 36 22 10 2 0 0 0 0 0 0 0 0 0 0 0 0 0 0 0 0 0 0 0 0 0 7 19 32 45 60 79 97 108 81 8 0 16 98 104 55 83 196 255 253 232 194 108 26 0 1 5 1 2 6 6 4 2 3 7 7 0 0 2 0 0 2 8 0 0 0 1 1 0 0 1 3 6 2 0 0 9 10 2 2 9 7 0 0 0 2 5 5 7 10 12 4 1 2 3 3 4 14 14 7 11 15 15 16 9 0 0 4 2 0 2 0 0 2 0 0 3 8 6 2 2 0 1 8 7 4 3 0 0 1 6 2 2 7 5 1 0 0 2 4 2 0 0 0 0 0 0 0 0 0 0 0 0 2 0 0 0 4 9 7 4 0 0 0 10 10 3 1 2 0 0 0 0 1 3 4 2 0 0 0 3 4 3 2 1 0 0 0 0 0 0 0 -2147483648 
-2147483648 7 9 10 11 10 9 10 7 4 4 3 4 5 2 2 4 6 4 0 3 4 5 11 5 0 0 0 3 13 19 4 0 0 2 6 11 10 3 0 0 0 0 0 0 5 8 21 45 71 94 108 109 97 77 52 26 8 1 0 0 0 0 0 0 0 0 0 0 0 0 0 0 0 0 0 0 0 0 0 0 0 0 0 19 27 27 23 14 4 3 12 22 18 0 0 0 0 0 0 0 6 40 72 77 46 10 0 0 4 4 0 0 0 1 3 2 4 11 3 0 0 0 6 3 0 0 0 11 6 0 5 0 0 1 3 1 0 0 0 0 2 2 4 5 2 0 0 0 10 14 7 6 8 10 7 0 0 0 0 1 1 0 4 5 3 7 6 1 0 0 0 0 0 4 8 2 0 3 4 0 0 0 2 5 1 0 0 0 0 0 0 0 0 0 6 6 1 0 0 0 0 0 0 0 0 0 0 0 0 0 0 0 0 0 1 4 0 0 0 0 0 2 5 4 0 0 2 7 2 0 0 2 2 1 0 0 0 0 0 0 0 0 1 3 3 2 2 1 0 0 0 0 0 0 -2147483648 
-2147483648 9 10 6 6 0 0 4 5 5 9 15 12 2 0 0 2 2 3 7 5 5 2 0 5 4 0 0 1 9 8 0 0 0 5 7 4 0 0 6 3 0 5 13 28 50 78 102 113 110 90 65 40 16 3 0 0 0 0 0 0 0 0 0 0 0 0 0 0 0 0 0 0 0 0 0 0 0 0 0 0 0 0 11 21 26 28 34 44 43 34 25 20 30 38 5 0 0 0 0 0 0 0 0 0 0 0 0 0 0 0 0 0 0 0 0 0 0 0 0 0 0 0 4 0 0 4 13 9 6 3 0 4 12 10 5 4 9 10 2 0 3 6 6 7 14 17 14 9 5 2 0 0 0 0 6 9 8 5 7 3 1 7 4 0 0 0 0 1 2 6 9 8 7 9 7 2 0 0 1 0 0 0 0 0 0 0 0 0 0 0 0 1 3 7 10 6 1 0 0 0 0 0 0 0 0 0 0 0 0 0 0 0 0 0 4 4 0 0 0 0 0 1 2 2 2 4 5 1 1 6 6 1 0 0 0 0 0 0 0 2 3 1 0 0 0 0 0 0 1 2 1 0 0 0 -2147483648 
-2147483648 3 5 5 0 0 5 2 0 0 3 0 0 0 1 0 0 0 0 0 0 0 0 0 0 6 4 0 2 9 15 12 0 0 0 0 0 0 5 11 14 36 73 101 111 110 103 87 64 39 16 2 0 0 0 0 0 0 0 0 0 0 0 0 0 0 0 0 0 0 0 0 0 0 0 0 0 0 0 5 8 0 3 16 25 32 41 50 53 45 27 10 2 1 19 62 89 66 32 57 130 166 150 124 92 51 19 9 12 10 3 2 5 2 0 0 3 3 2 10 17 11 0 0 0 4 8 9 4 0 2 2 7 14 7 0 0 4 8 8 9 11 11 8 0 0 2 11 10 0 0 2 0 0 0 1 8 16 19 15 12 11 3 0 4 10 3 3 4 5 1 0 0 3 0 0 0 0 7 9 8 10 9 2 0 0 0 0 5 9 4 4 8 8 3 2 3 1 0 0 0 0 0 0 0 0 0 0 0 0 0 0 0 0 0 0 1 0 0 0 0 0 0 0 0 0 0 0 0 1 0 0 1 0 0 0 0 0 1 4 4 0 0 0 0 0 0 0 0 0 0 0 0 0 0 -2147483648 
-2147483648 0 0 0 0 4 2 0 0 3 2 0 0 4 5 7 6 5 5 2 0 1 5 5 0 1 9 7 0 0 4 9 4 1 2 4 4 6 13 29 70 106 110 100 80 48 9 0 0 0 0 0 0 0 0 0 0 0 0 0 0 0 0 0 0 0 0 0 0 0 0 0 0 0 11 20 26 31 33 28 22 20 23 35 51 57 50 35 19 8 2 0 0 0 0 18 48 44 28 73 166 228 250 255 244 135 34 8 7 3 4 7 5 4 6 4 4 9 14 15 14 12 9 7 5 4 1 2 8 3 1 9 3 0 3 4 1 0 6 12 10 11 13 5 0 0 0 0 0 5 4 6 13 16 9 0 0 0 0 6 0 0 0 0 0 4 1 0 3 0 0 0 0 0 0 0 1 11 6 0 0 6 6 2 6 12 5 0 5 3 0 0 0 0 0 0 0 0 0 0 0 0 0 0 0 0 0 0 0 0 0 0 0 0 0 4 5 0 0 0 0 0 0 0 0 0 0 0 0 0 0 0 0 0 0 6 7 6 4 1 0 0 0 0 0 0 0 1 0 0 0 0 0 0 0 -2147483648 
-2147483648 1 0 0 0 0 0 2 8 5 0 4 9 9 6 7 11 8 2 0 2 2 0 0 5 4 1 4 9 5 0 0 0 0 4 7 10 14 23 52 87 82 44 15 3 0 0 0 0 0 0 0 0 0 0 0 0 0 0 0 0 0 0 0 0 0 0 0 0 0 0 0 0 5 19 24 28 40 52 49 32 23 37 56 56 42 24 8 1 0 0 0 0 0 0 0 0 0 0 8 13 16 27 43 61 54 20 0 0 0 4 8 3 2 7 10 9 7 6 1 0 2 0 0 0 12 14 4 8 17 14 11 10 11 19 20 12 8 7 4 3 5 5 5 10 15 14 6 2 13 19 10 11 18 12 5 1 3 6 0 0 0 3 5 1 1 0 0 0 2 4 9 5 4 10 6 0 0 0 0 0 0 0 0 2 5 4 2 0 0 4 5 0 0 0 0 0 0 0 0 0 0 0 0 0 0 0 0 0 0 0 0 0 0 0 0 1 0 0 0 0 0 0 0 0 0 0 4 4 0 0 0 0 0 0 0 0 1 0 0 1 3 5 6 3 0 0 2 0 0 0 0 0 0 0 -2147483648 
-2147483648 0 0 0 0 0 2 6 7 0 0 4 0 0 0 3 2 0 0 0 1 1 0 1 1 0 0 0 2 4 0 0 0 7 15 26 51 78 92 87 53 15 1 0 1 7 22 45 65 78 90 90 76 64 54 34 0 0 0 0 0 0 0 0 0 0 0 0 0 0 0 0 0 0 0 0 15 38 59 67 50 20 20 37 24 4 0 0 0 0 0 0 0 0 0 0 0 0 0 0 0 0 0 0 0 0 8 12 10 4 1 2 6 11 7 8 15 8 0 0 0 0 0 0 0 1 0 0 0 9 17 17 18 15 7 6 8 6 3 0 2 2 0 0 16 15 7 7 5 4 4 4 6 1 0 0 3 13 12 1 5 4 0 7 1 0 0 0 0 0 0 4 0 0 0 0 0 0 0 0 0 0 0 1 7 8 6 4 4 5 10 9 3 6 5 0 0 0 0 0 0 0 0 0 0 0 0 0 0 0 0 0 0 0 0 0 1 0 0 0 0 0 0 0 0 3 11 19 18 8 3 0 0 0 0 0 0 0 0 0 0 0 0 0 0 0 0 0 0 0 0 0 0 0 0 -2147483648 
-2147483648 0 5 7 5 2 0 2 3 3 3 0 0 3 1 0 0 0 1 0 1 5 9 5 0 0 7 10 6 4 5 12 37 73 93 100 105 103 89 56 18 1 0 0 0 2 13 34 61 96 131 160 185 205 222 236 246 251 255 252 234 205 164 114 57 0 0 0 0 0 0 0 0 0 0 0 0 28 47 50 47 33 25 25 11 0 0 0 0 0 0 0 0 0 0 0 0 0 0 0 0 0 0 0 0 0 0 0 0 5 4 4 2 0 0 0 0 0 0 0 0 0 0 5 0 0 0 0 0 0 0 0 0 0 0 0 0 0 0 0 5 12 6 0 1 0 0 2 12 1 0 0 0 0 0 0 1 0 0 0 0 0 0 3 0 0 3 6 4 0 0 0 0 0 0 3 7 10 7 2 0 0 0 2 7 7 2 4 12 11 2 0 0 0 0 0 0 2 1 0 0 0 0 0 0 0 0 0 0 0 0 0 0 0 0 0 3 0 0 0 0 0 0 0 2 10 18 14 5 1 0 0 0 0 0 0 0 0 0 0 0 0 0 0 0 0 0 0 0 0 0 0 0 0 0 -2147483648 
-2147483648 4 3 6 7 7 7 2 1 5 4 3 4 1 0 0 0 2 1 4 12 8 0 0 6 14 18 25 36 54 74 83 91 99 95 81 58 33 14 3 0 0 0 0 0 0 0 0 0 0 1 7 18 29 45 71 104 145 195 247 255 255 255 255 255 255 255 255 255 255 221 158 105 70 47 28 22 23 15 15 30 40 39 24 6 0 0 0 0 0 0 0 0 0 0 0 0 0 0 0 0 0 0 0 0 0 0 0 0 0 8 3 0 0 7 12 3 0 6 12 9 9 12 9 0 0 2 0 0 2 3 0 0 0 0 0 0 2 1 2 2 0 2 4 0 2 4 3 2 0 1 4 0 0 0 0 1 0 0 0 0 0 0 0 1 2 1 0 0 9 14 13 10 2 0 7 6 6 9 6 5 4 0 0 0 0 0 3 7 6 0 0 2 0 2 5 2 0 0 0 0 0 0 0 0 0 0 0 0 0 0 0 0 0 0 0 2 0 0 0 0 0 0 0 1 11 22 15 4 0 0 0 0 4 5 0 0 0 0 1 4 0 0 0 0 0 0 0 0 0 0 0 0 0 0 -2147483648 
-2147483648 1 1 3 2 1 2 0 0 1 3 2 0 0 2 8 6 0 3 10 9 3 2 7 16 40 70 88 98 106 111 104 78 41 16 7 2 0 0 0 0 0 0 0 0 0 0 0 0 0 0 0 0 0 0 0 0 0 4 16 33 56 85 115 144 172 208 252 255 255 255 255 255 209 136 87 56 27 6 3 9 19 28 20 5 0 0 0 0 0 0 0 0 0 0 0 0 0 0 0 0 0 0 0 0 0 0 0 2 2 6 10 11 15 16 13 9 2 0 2 4 7 10 6 7 7 0 6 15 12 8 5 6 9 12 14 13 10 11 15 6 0 0 9 10 6 6 1 0 0 0 2 1 2 8 8 1 0 0 0 0 0 0 0 1 0 0 0 0 0 3 5 6 4 0 0 0 0 0 0 0 3 6 5 2 0 0 3 9 5 0 0 5 12 8 2 2 1 0 0 0 0 0 0 0 0 0 0 0 0 0 0 0 0 0 6 3 0 0 0 0 0 0 0 1 7 13 10 6 8 8 2 0 0 0 0 0 0 1 2 3 3 1 2 7 10 7 4 2 0 0 0 0 0 2 -2147483648 
-2147483648 3 2 2 2 0 0 0 0 0 0 0 0 4 4 0 0 5 7 0 0 0 9 20 41 72 88 85 76 60 46 41 29 9 0 0 0 0 0 0 0 0 0 0 0 0 0 0 0 0 0 0 0 0 0 0 0 0 0 0 0 0 0 0 0 0 2 10 24 41 60 72 66 52 43 37 25 8 0 0 0 0 0 5 3 0 0 0 0 0 0 0 0 0 0 0 0 0 0 1 22 19 12 14 17 14 5 6 11 3 1 9 10 9 7 1 0 0 0 0 0 0 0 4 11 10 8 12 14 7 0 0 1 6 14 16 11 9 11 12 11 7 1 1 8 10 7 8 8 7 9 10 14 13 7 9 4 0 0 7 5 6 12 12 12 7 0 2 0 0 0 0 0 7 8 0 0 0 0 5 7 8 13 14 7 0 1 4 2 1 2 0 1 6 6 5 4 1 0 0 0 0 0 0 0 0 0 0 0 0 0 0 0 0 4 5 1 0 0 0 0 0 0 0 0 0 3 9 9 15 24 25 23 21 18 17 17 13 8 4 2 4 8 9 7 7 10 12 10 6 5 6 5 4 3 -2147483648 
-2147483648 0 1 0 0 0 0 0 0 0 0 1 2 0 0 0 0 0 0 0 0 0 0 13 34 46 31 12 3 0 0 3 12 7 0 0 0 0 0 0 0 0 0 0 0 0 0 0 0 0 0 0 0 0 0 0 0 0 0 0 0 0 0 0 0 0 0 0 0 0 0 0 0 0 0 0 0 0 0 0 0 0 0 5 2 0 0 0 0 0 0 0 0 0 0 0 0 0 0 0 24 24 15 19 19 13 9 5 0 0 0 2 0 1 9 7 1 4 8 5 3 0 0 0 4 0 2 9 9 3 0 0 0 2 4 1 1 3 1 0 0 9 12 0 0 7 11 10 7 12 18 16 15 13 5 3 3 2 6 8 12 12 5 0 0 6 9 10 9 3 0 0 0 0 0 0 0 0 0 0 3 0 0 0 0 2 2 0 0 0 0 1 0 0 1 3 0 0 0 0 0 0 0 0 0 0 0 0 0 0 0 0 0 1 7 7 2 0 0 0 0 0 0 0 0 0 0 6 7 9 16 23 25 22 19 16 11 6 4 3 1 0 2 5 6 8 12 13 11 11 12 11 7 2 0 -2147483648 
-2147483648 0 0 0 0 0 0 0 4 7 1 0 1 0 0 1 2 0 0 0 0 0 0 1 6 5 1 0 0 0 0 0 0 0 0 0 0 0 0 0 0 0 0 0 0 0 0 0 0 0 0 0 0 0 0 0 0 0 0 0 0 0 0 0 0 0 0 0 0 0 0 0 0 0 0 0 0 0 0 1 0 5 23 18 3 0 0 0 0 0 0 0 0 0 0 0 0 0 0 0 11 33 16 11 15 10 1 0 1 5 8 3 0 0 1 0 0 0 0 0 0 3 7 0 0 0 0 0 0 0 0 8 7 3 5 5 6 7 7 1 0 2 8 10 8 2 2 2 0 3 5 4 7 8 6 9 12 10 7 6 7 6 3 0 0 0 2 8 9 1 0 4 4 0 0 0 1 3 0 0 0 0 0 0 0 0 0 0 0 0 0 0 0 0 0 1 1 0 0 0 0 0 0 0 0 0 0 0 0 0 0 0 0 12 28 20 4 0 0 0 0 0 0 0 4 10 8 2 0 0 1 4 5 2 1 2 1 0 0 0 0 0 0 0 1 2 1 0 2 4 2 0 0 0 0 -2147483648 
-2147483648 0 0 0 0 3 0 0 4 1 0 0 1 0 0 1 0 0 0 0 0 0 0 1 12 8 0 0 0 0 0 0 0 0 0 0 0 0 0 0 0 0 0 0 0 0 0 0 0 0 0 0 0 0 0 0 0 0 0 0 0 0 0 0 0 0 0 0 0 0 0 0 0 0 0 0 0 0 0 0 0 13 24 14 2 0 0 0 0 0 0 0 0 0 0 0 0 0 0 0 6 41 30 12 8 5 0 0 7 5 0 0 0 1 0 0 0 0 0 0 0 0 7 4 0 1 2 0 0 1 8 9 12 12 10 7 2 3 12 14 6 5 9 14 16 12 5 2 5 3 2 2 3 10 12 10 13 11 3 2 6 12 18 18 9 3 7 5 0 0 0 0 0 2 9 10 1 0 3 0 0 0 3 5 1 1 8 5 0 0 0 2 5 3 0 0 1 0 0 0 0 0 0 0 0 0 0 0 0 0 0 0 6 27 40 23 4 0 0 0 0 0 0 0 5 16 10 0 0 0 0 0 0 0 0 0 0 0 0 0 0 0 0 0 0 0 0 0 0 0 0 0 0 0 0 -2147483648 
-2147483648 0 0 1 0 0 0 0 0 2 0 0 0 0 3 0 0 0 0 0 0 0 0 0 0 0 0 0 0 0 0 0 0 0 0 0 0 0 0 0 0 0 0 0 0 0 0 0 0 0 0 0 0 0 0 0 0 0 0 0 0 0 0 0 0 0 0 0 0 0 0 0 0 0 0 0 0 0 0 0 3 20 25 12 2 0 0 0 0 0 0 0 0 0 7 24 38 59 64 17 0 36 38 14 9 16 18 11 6 4 0 0 0 2 0 0 4 10 8 10 10 6 6 10 6 0 1 7 9 12 10 4 7 7 0 0 0 0 0 7 12 9 3 0 0 3 3 6 8 1 0 0 2 5 9 5 4 12 12 5 2 3 4 10 15 6 1 7 12 10 0 0 0 0 0 0 0 0 0 2 0 0 2 8 11 7 2 0 0 1 3 3 1 0 0 0 2 0 0 0 0 0 0 0 0 0 0 0 0 0 0 0 9 33 41 19 2 0 0 0 0 0 0 0 0 0 0 0 0 0 0 0 0 0 0 0 0 0 0 0 0 0 0 0 0 0 0 0 0 0 0 0 0 0 0 -2147483648 
-2147483648 5 2 0 0 0 0 0 0 0 4 1 0 0 0 0 0 0 0 0 3 2 0 0 0 0 3 34 92 117 91 63 57 47 26 11 3 0 0 0 0 0 0 0 0 0 0 0 0 0 0 0 0 0 0 0 0 0 0 0 0 0 0 0 0 0 0 0 0 0 0 0 0 0 0 0 0 0 0 0 12 36 37 14 1 0 0 0 0 0 0 0 0 0 2 37 117 188 179 74 19 104 187 195 175 120 50 19 12 9 7 3 0 0 2 0 0 6 8 0 2 5 0 0 4 6 9 9 10 9 3 1 3 3 0 0 4 5 0 0 3 1 0 0 0 0 6 4 0 0 0 0 5 13 13 5 1 6 17 25 17 5 7 7 2 4 0 0 6 8 9 12 5 0 0 0 0 0 0 1 0 0 3 0 0 0 0 0 2 10 9 0 0 0 4 7 3 0 0 0 0 0 1 0 0 0 0 0 0 0 0 0 7 27 33 13 0 0 0 0 0 0 0 0 0 0 0 0 0 0 0 0 0 0 0 0 0 0 0 0 0 0 0 0 0 0 0 0 0 0 0 0 0 0 0 -2147483648 
-2147483648 0 1 0 0 0 2 3 0 0 0 0 0 0 0 0 0 0 0 0 0 0 1 0 1 2 0 14 37 38 28 31 37 30 15 5 1 0 0 0 0 0 0 0 0 0 0 0 0 0 0 0 0 0 0 0 0 0 0 0 0 0 0 0 0 0 0 0 0 0 0 0 0 0 0 0 0 0 0 2 18 37 28 7 0 0 0 0 0 0 0 2 4 2 0 22 82 146 166 89 17 106 239 255 255 220 83 13 9 6 4 5 6 0 0 0 1 0 0 0 3 1 0 4 9 13 16 14 13 7 0 0 5 12 9 5 5 2 0 0 0 0 8 13 11 11 12 1 0 0 4 0 0 1 0 3 10 5 2 8 11 7 3 2 5 9 7 0 0 3 7 4 1 3 1 0 0 0 0 0 0 1 1 0 0 0 0 2 8 5 0 0 3 5 7 7 3 0 0 0 0 2 3 0 0 0 0 0 0 0 0 0 3 16 20 0 0 0 0 0 0 0 0 0 0 0 0 0 0 0 0 0 0 0 0 0 0 0 0 0 0 0 0 0 0 0 0 0 0 0 0 0 0 0 0 -2147483648 
-2147483648 0 2 2 0 0 0 0 0 0 0 0 0 1 6 4 2 0 0 0 0 0 0 0 0 0 0 0 0 0 0 0 0 0 0 0 0 0 0 0 0 0 0 0 0 0 0 0 0 0 0 0 0 0 0 0 0 0 0 0 0 0 0 0 0 0 0 0 0 0 0 0 0 0 0 0 0 0 0 3 12 8 0 0 0 0 0 0 0 0 0 0 0 0 0 0 0 3 39 57 2 0 59 107 132 123 62 16 11 11 10 6 7 12 10 13 16 8 3 6 7 10 11 5 8 11 9 12 7 0 3 9 6 4 11 13 8 5 3 6 9 10 10 5 7 8 1 3 7 4 2 1 0 0 0 3 4 3 0 0 0 0 0 0 0 0 1 6 4 2 4 3 1 6 5 0 0 4 4 4 10 14 10 5 6 4 0 0 0 0 0 0 3 0 0 2 2 0 0 0 0 0 0 0 0 0 0 0 0 0 0 0 1 10 4 0 0 0 0 0 0 0 6 5 0 0 0 9 6 0 0 0 0 0 0 0 0 0 0 0 0 0 0 0 0 0 0 0 0 0 0 0 0 0 0 -2147483648 
-2147483648 0 0 0 0 0 0 0 0 2 6 6 1 3 8 4 0 0 2 3 0 0 0 0 2 1 0 0 0 0 0 0 0 0 0 0 0 0 0 0 0 0 0 0 0 0 0 42 28 6 0 0 0 0 0 0 0 0 0 0 0 0 0 0 0 0 0 0 0 0 0 0 0 0 0 0 0 0 0 1 5 0 0 0 0 0 0 0 0 0 0 0 0 0 0 0 0 0 25 63 26 0 0 0 4 12 18 18 14 12 12 9 2 2 8 9 8 15 20 10 3 5 6 5 7 10 6 2 0 0 6 8 1 0 0 1 4 10 6 7 11 7 6 4 0 1 0 0 7 8 6 7 5 5 14 14 3 1 3 0 0 0 0 2 6 9 8 6 5 6 10 11 10 11 13 13 10 6 4 3 1 0 0 4 5 8 13 5 0 0 12 10 1 1 5 3 0 0 0 0 0 0 0 0 0 0 0 0 0 0 0 0 0 0 0 0 0 0 0 36 69 56 25 16 19 12 10 21 20 12 6 0 0 0 0 0 0 0 0 0 0 0 0 0 0 0 0 0 0 0 0 0 0 0 0 -2147483648 
-2147483648 0 0 0 4 5 0 0 3 0 0 6 4 0 0 0 0 0 1 1 0 4 7 3 0 0 0 5 11 11 10 9 11 13 10 6 2 0 0 0 0 0 0 0 57 246 255 194 145 138 144 148 139 117 93 74 57 31 0 0 0 0 0 0 0 0 0 0 0 0 0 0 0 0 0 0 0 0 0 0 0 0 0 0 0 0 0 0 0 0 0 0 0 0 0 0 0 0 0 27 17 0 0 0 0 0 0 0 0 6 7 4 2 0 0 0 6 9 7 3 1 2 4 8 4 0 2 6 6 4 0 2 7 3 0 0 0 0 0 0 0 0 0 2 0 0 0 1 1 1 2 7 3 0 0 2 1 0 4 1 0 0 0 4 11 11 3 0 2 7 0 0 0 0 0 4 7 2 3 1 0 0 0 0 0 0 3 8 9 6 7 9 5 4 5 2 0 0 0 0 6 15 14 8 2 0 0 0 0 0 0 0 0 0 0 0 2 7 13 37 63 55 27 17 32 33 22 25 19 13 11 3 1 5 6 0 0 6 8 1 0 0 0 0 0 0 0 0 0 0 0 0 0 0 0 -2147483648 
-2147483648 5 5 0 0 1 3 0 0 0 0 0 2 0 0 1 4 0 0 0 0 0 3 0 0 0 0 10 30 40 36 30 28 23 15 9 3 0 0 0 0 0 0 64 213 190 74 11 2 8 19 37 60 86 119 158 195 223 236 189 78 28 74 111 95 55 25 11 3 0 0 0 0 0 0 0 0 0 0 0 0 0 0 0 1 10 0 0 0 0 0 0 0 0 0 0 0 0 0 0 0 0 0 0 0 0 0 0 0 0 0 0 0 7 10 3 3 8 2 2 8 3 0 4 2 0 0 0 4 4 0 0 0 0 0 0 0 0 0 0 0 4 8 8 3 0 0 7 5 0 0 0 0 0 0 0 0 0 7 6 4 3 0 0 0 0 4 3 0 0 0 0 0 0 0 0 0 4 7 2 0 2 4 4 6 5 0 0 5 6 0 0 3 5 0 0 0 1 3 7 11 11 9 5 1 0 0 0 0 0 0 0 0 0 0 0 0 5 7 10 14 16 18 12 3 0 4 22 15 2 1 1 5 4 0 0 0 0 0 0 0 0 0 0 0 0 0 0 0 0 0 0 0 0 0 -2147483648 
-2147483648 1 4 6 0 0 0 0 2 3 0 0 2 1 0 0 0 0 0 0 0 0 0 0 0 0 0 7 28 50 56 48 34 19 8 2 0 0 0 0 0 0 5 116 128 53 7 0 0 0 0 0 0 0 0 0 3 17 44 66 71 103 171 207 197 163 117 71 25 0 0 0 0 0 0 0 0 0 0 0 0 0 3 20 28 0 0 0 0 0 0 0 0 0 0 0 0 0 0 0 0 0 0 0 0 0 0 0 0 0 0 0 0 0 0 0 0 0 2 7 7 2 4 7 6 6 0 0 1 1 0 0 0 0 2 1 4 10 12 4 0 0 0 0 2 1 3 4 4 0 0 0 0 5 0 0 0 0 0 0 2 1 3 1 0 0 4 6 0 0 0 2 2 4 5 4 4 6 1 2 6 0 0 5 8 2 0 0 2 7 3 0 0 2 1 0 0 0 3 5 1 0 0 0 0 0 0 0 0 0 0 0 0 0 0 0 0 0 5 20 32 26 14 7 5 1 0 11 21 3 0 4 2 0 4 7 1 0 0 0 0 0 0 0 0 0 0 0 0 0 0 0 0 0 0 -2147483648 
-2147483648 0 0 3 5 2 0 0 0 0 0 0 0 0 0 0 0 0 0 0 0 0 0 0 0 0 0 2 15 34 40 37 27 9 0 0 0 0 0 0 0 0 19 86 58 11 0 0 0 0 0 0 0 0 0 0 0 0 0 0 0 4 17 9 1 0 0 0 0 0 0 0 0 0 0 0 0 0 0 0 0 0 0 0 0 0 0 0 0 0 0 0 0 0 0 0 0 0 0 0 0 0 0 0 0 0 0 3 5 0 0 0 3 0 0 0 0 0 0 0 0 0 0 0 0 2 4 1 0 0 1 3 3 6 4 0 2 4 0 3 3 0 0 0 3 12 6 0 0 0 0 7 11 4 0 5 9 0 0 0 3 8 12 12 6 1 2 2 0 0 0 0 5 4 1 4 6 1 0 0 2 3 5 0 0 0 0 3 3 0 0 0 0 2 0 0 0 0 0 0 0 0 0 0 0 0 0 0 0 0 3 7 0 0 2 4 5 18 20 11 17 20 8 2 2 0 0 4 24 9 0 0 0 0 1 3 0 0 0 1 3 0 0 0 0 0 2 3 2 4 6 5 5 3 0 -2147483648 
-2147483648 0 0 0 0 0 4 3 0 0 0 0 0 0 0 0 2 7 3 0 0 0 0 0 0 0 0 0 2 6 15 27 23 7 0 0 0 0 0 0 0 0 35 60 22 0 0 0 0 0 0 0 0 0 0 0 0 0 0 0 0 7 11 3 0 0 0 0 0 0 0 0 0 0 0 0 0 0 0 0 0 0 0 0 0 0 0 0 0 0 0 0 0 0 0 0 0 0 0 0 0 0 0 0 0 0 0 0 0 0 0 2 2 0 0 0 0 0 0 0 0 0 0 0 0 0 1 1 0 0 8 17 9 0 0 4 1 0 0 0 9 10 7 6 1 0 0 0 0 1 9 13 3 0 0 0 6 9 7 5 6 6 0 0 0 0 2 5 2 0 1 3 3 1 0 1 1 0 4 6 8 15 11 3 4 10 12 10 10 2 0 3 6 0 0 0 0 0 0 0 1 0 0 0 0 0 0 0 0 0 15 55 74 46 24 37 60 74 69 40 13 15 34 45 36 23 17 20 23 7 3 16 11 0 0 0 0 0 0 0 0 0 0 0 0 1 0 0 1 1 0 0 0 0 6 -2147483648 
-2147483648 0 0 0 0 0 2 4 4 0 0 0 0 0 6 4 0 0 5 4 1 7 11 5 0 0 0 0 0 4 16 21 10 1 0 0 0 0 0 0 0 0 44 51 17 0 0 0 0 0 0 0 0 0 0 0 0 0 0 0 0 0 2 1 0 0 0 0 0 0 0 0 0 0 7 0 0 0 0 0 0 0 0 0 0 0 0 0 0 0 0 0 0 0 0 0 0 0 0 0 0 0 0 0 0 0 0 0 0 0 0 0 1 1 0 0 0 0 6 12 8 1 2 0 0 0 0 0 0 0 0 0 3 0 2 10 5 3 6 0 0 6 7 0 0 0 0 0 6 10 4 0 0 0 5 1 0 2 4 0 0 0 2 0 0 0 0 4 7 8 4 0 0 0 0 0 0 0 6 2 1 2 0 0 2 2 2 1 3 10 16 12 1 0 0 0 0 0 0 0 0 0 0 0 0 0 0 0 0 0 6 27 47 40 25 34 51 56 59 49 21 16 43 68 75 74 63 41 29 32 58 93 102 91 79 74 71 66 62 54 49 46 38 32 23 14 9 2 0 0 0 0 0 0 0 -2147483648 
-2147483648 0 0 0 0 0 0 0 0 6 7 6 5 4 6 5 0 0 2 7 13 12 10 7 3 1 0 0 0 2 6 6 2 0 0 0 0 0 0 0 0 0 34 31 7 0 0 0 0 0 0 0 0 0 0 0 0 0 0 0 0 0 0 0 0 0 0 0 0 0 0 0 0 0 13 9 0 0 0 0 0 0 0 0 0 0 0 0 0 0 0 0 0 0 0 0 0 0 0 0 0 0 0 0 0 0 0 2 1 0 0 0 0 0 0 3 2 4 12 11 2 1 7 5 0 0 0 0 0 0 0 0 0 8 5 2 3 5 4 2 1 0 0 0 3 6 0 0 0 0 0 0 0 6 11 4 0 0 0 0 0 6 10 9 6 3 2 3 7 10 6 2 2 2 5 3 0 2 6 0 0 0 2 7 8 0 0 0 0 0 3 5 5 1 0 10 30 35 12 0 0 0 0 0 0 0 0 0 0 0 0 0 1 4 6 4 1 1 4 5 2 2 9 18 26 38 42 26 24 44 59 75 93 102 104 104 103 104 107 104 100 104 107 103 98 97 98 94 84 74 65 59 60 54 36 -2147483648 
-2147483648 6 1 0 0 2 0 0 0 1 2 4 4 3 4 5 6 1 0 0 10 10 1 0 2 4 1 0 0 0 0 0 0 0 0 0 0 0 0 0 0 0 37 21 1 0 0 0 0 0 0 0 0 0 0 0 0 0 0 0 0 0 0 0 0 0 0 0 0 0 0 0 0 0 0 0 0 0 0 0 0 0 0 0 0 0 0 0 0 0 0 0 0 0 0 0 0 0 0 0 0 0 0 0 31 4 0 0 0 0 0 0 0 1 1 0 2 6 0 0 0 5 5 4 8 6 1 0 0 0 0 0 0 0 0 0 0 0 0 0 0 0 0 0 0 0 2 3 0 0 0 0 6 6 0 0 0 2 2 1 4 3 0 0 2 4 0 0 0 6 4 5 7 4 5 10 8 3 5 5 0 1 9 6 0 0 1 2 2 0 0 0 3 1 8 46 95 93 35 0 0 0 0 0 0 0 0 0 0 0 0 0 0 0 0 0 0 0 0 0 0 0 0 0 0 0 0 0 15 26 7 0 4 13 21 26 30 34 38 42 45 50 58 65 72 77 81 88 91 91 92 92 94 95 91 -2147483648 
-2147483648 7 6 0 0 0 2 5 1 0 1 0 0 3 3 3 4 5 5 1 0 3 13 25 27 12 1 0 0 1 0 0 0 0 0 0 0 0 0 0 0 6 34 11 0 0 0 0 0 0 0 0 0 0 0 0 0 0 0 0 0 0 0 0 0 0 0 0 0 0 0 0 0 0 0 0 0 0 0 0 0 0 0 0 0 0 0 0 0 0 0 0 0 0 0 0 0 0 0 0 0 0 0 0 35 47 1 0 12 8 0 0 0 0 1 0 0 0 0 0 0 0 0 0 1 2 0 0 1 2 1 0 0 0 0 0 0 0 0 0 0 0 0 0 0 0 0 3 1 4 9 8 5 1 0 1 3 0 0 3 4 0 0 0 0 2 0 0 5 0 0 2 5 4 0 0 5 5 2 3 2 0 0 0 0 0 2 3 0 0 0 1 0 0 0 3 0 0 0 0 0 0 0 0 1 1 0 0 0 0 0 0 0 1 2 1 0 0 0 0 0 0 0 0 0 0 0 0 12 16 0 0 0 0 0 0 0 0 0 0 0 0 0 0 0 0 1 4 10 18 25 30 33 36 39 -2147483648 
-2147483648 0 2 5 3 0 1 5 4 3 7 9 4 0 0 0 7 19 21 12 14 37 65 78 55 16 0 0 0 1 3 1 0 0 0 0 0 0 0 0 0 0 0 0 0 0 0 0 0 0 0 0 0 0 0 0 0 0 0 0 0 0 0 0 0 0 0 0 0 0 0 0 0 0 0 0 0 0 0 0 0 0 0 0 0 0 0 0 0 0 0 0 0 0 0 0 0 0 0 0 0 0 0 0 42 94 45 9 5 0 4 10 5 0 0 4 3 0 0 0 0 0 1 10 9 3 2 6 6 4 3 1 5 9 6 3 0 0 0 3 6 2 0 0 0 0 0 0 3 0 0 4 0 0 0 3 5 2 2 5 5 0 0 5 7 8 8 5 4 6 10 6 0 0 0 0 0 1 0 3 11 5 0 0 5 0 0 6 5 0 0 4 3 3 3 0 0 0 0 0 0 0 0 3 1 0 0 0 0 0 0 0 0 0 0 0 0 0 0 0 0 0 0 0 0 0 0 0 3 1 0 0 0 0 0 0 0 0 0 0 0 0 0 0 0 0 0 0 0 0 0 0 0 0 0 -2147483648 
-2147483648 2 7 12 12 7 1 1 4 2 4 9 6 3 4 4 8 19 39 64 85 94 87 64 30 6 0 0 0 0 5 8 1 0 0 0 0 0 0 0 0 0 0 0 0 0 0 0 0 0 0 0 0 0 0 0 0 0 0 0 0 0 0 0 0 0 0 0 0 0 0 0 0 0 0 0 0 0 0 0 0 0 0 0 0 0 0 0 0 0 0 0 0 0 0 0 0 0 0 0 0 0 0 0 17 118 85 11 0 6 14 10 5 0 0 8 8 5 5 0 0 0 0 4 4 0 0 3 4 0 0 7 2 0 1 0 0 1 0 0 0 0 0 0 0 1 0 0 0 0 0 0 0 0 0 0 0 0 3 3 0 0 4 7 0 0 0 0 0 0 1 0 0 0 0 2 0 0 0 0 0 0 2 0 4 5 0 0 5 5 3 6 7 5 4 7 3 0 0 0 0 0 4 8 3 0 0 0 0 0 0 0 0 0 0 0 0 0 0 0 0 0 0 0 0 0 0 0 0 3 0 0 0 0 0 0 0 0 0 0 0 0 0 0 0 0 0 0 0 0 0 0 0 0 0 -2147483648 
-2147483648 5 6 6 6 3 1 1 0 2 2 0 4 12 21 35 52 67 80 88 80 55 29 11 2 0 0 0 0 0 5 8 1 0 0 0 0 0 0 0 0 0 0 0 0 0 0 0 0 0 0 0 0 0 0 0 0 0 0 0 0 0 0 0 0 0 0 0 0 0 0 0 0 0 0 0 0 0 0 9 2 0 0 2 1 0 0 0 0 0 0 0 0 0 0 0 0 0 0 0 0 0 0 0 0 73 69 10 0 9 6 0 2 3 6 7 6 5 0 0 0 0 0 0 0 0 1 7 10 5 2 3 0 0 0 2 0 0 0 0 0 0 0 0 0 0 0 0 0 0 0 0 0 0 0 0 1 0 0 2 0 0 0 2 3 0 1 2 0 0 0 0 0 2 4 5 1 0 0 0 0 5 8 4 3 7 1 0 0 2 9 5 0 5 15 35 50 33 8 0 4 10 12 11 6 1 0 0 0 0 0 0 0 3 4 0 0 0 0 0 0 0 0 0 0 0 0 0 0 5 0 0 0 0 0 0 0 0 0 0 0 0 0 0 0 0 0 0 0 0 0 0 0 0 0 -2147483648 
-2147483648 10 5 1 3 5 5 8 8 5 5 11 25 47 72 87 87 76 56 33 14 3 0 0 0 0 0 0 0 0 5 1 0 0 0 0 0 0 0 0 0 0 0 0 0 0 0 0 0 0 0 0 0 0 0 0 0 0 0 0 0 0 0 0 0 0 0 0 0 0 0 0 0 2 5 2 0 0 0 0 0 0 0 0 0 0 0 0 0 0 0 0 0 0 0 0 0 0 0 0 0 0 0 0 0 0 23 7 0 0 0 5 8 11 9 0 0 0 0 5 5 6 4 0 5 9 3 0 0 4 3 0 5 8 2 3 4 1 1 3 1 0 0 0 0 0 0 0 0 0 0 0 0 0 0 1 2 0 0 3 0 0 0 2 3 3 3 1 3 3 0 0 3 3 2 5 5 1 3 3 0 3 5 2 4 13 16 11 4 3 6 7 7 4 11 37 70 77 44 9 2 8 13 13 5 0 0 0 0 0 0 0 1 4 4 0 0 0 0 0 0 0 0 0 0 0 0 0 0 7 0 0 0 0 0 0 0 0 0 0 0 0 0 0 0 0 0 0 0 0 0 0 0 0 0 -2147483648 
-2147483648 1 1 3 6 9 6 5 14 27 45 66 81 85 78 62 40 18 4 0 0 0 0 0 0 0 0 0 0 0 0 0 0 0 0 0 0 0 0 0 0 2 0 0 0 0 0 0 0 0 0 0 0 0 0 0 0 0 0 0 0 0 0 0 0 0 0 0 0 0 0 0 3 5 0 0 0 0 0 0 0 0 0 0 0 0 0 0 0 0 0 0 0 0 0 0 0 0 1 0 0 0 0 0 0 0 0 0 0 2 6 9 3 0 0 3 6 5 6 9 15 21 20 13 4 1 0 0 0 0 0 7 15 13 7 8 16 13 5 5 3 0 5 8 1 1 7 6 2 3 8 10 6 6 13 8 0 0 0 0 0 2 0 0 0 0 0 0 0 0 0 0 0 1 1 0 0 4 8 4 0 0 0 2 3 5 10 7 5 7 2 2 4 0 0 0 18 61 52 10 0 2 9 8 2 0 0 0 0 0 0 0 0 3 8 9 6 2 0 0 0 0 0 0 0 0 0 0 0 12 20 0 0 0 0 0 0 0 0 0 0 0 0 0 0 0 0 0 0 0 0 0 0 0 0 -2147483648 
-2147483648 7 7 9 11 19 29 38 57 77 83 77 65 45 21 6 1 0 0 0 0 0 0 0 0 0 0 0 0 0 0 0 0 0 0 0 0 0 0 0 1 0 0 0 0 0 0 0 0 0 0 0 0 0 0 0 0 0 0 0 0 0 0 0 0 0 0 0 0 0 3 2 0 0 0 0 0 0 0 0 0 0 0 0 0 0 0 0 0 0 0 0 0 0 0 0 0 0 0 0 0 2 0 0 0 0 0 0 0 8 11 0 0 3 8 11 12 9 4 7 13 9 6 8 7 8 9 8 5 2 5 6 3 6 8 5 5 3 0 0 0 0 2 0 4 11 8 6 6 4 11 15 9 10 12 5 4 11 7 0 4 7 0 0 0 0 0 0 4 5 3 6 9 5 3 0 0 6 4 0 1 1 0 0 4 1 0 1 2 1 1 0 0 0 0 0 27 60 51 18 2 2 4 2 0 0 0 0 0 0 0 0 0 3 7 7 5 2 0 0 0 0 0 0 0 0 0 0 0 6 22 21 0 0 0 0 0 0 0 0 0 0 0 0 0 0 0 0 0 0 0 0 0 0 0 -2147483648 
-2147483648 12 12 19 38 60 78 85 79 66 47 26 10 2 0 0 0 0 0 0 0 0 0 0 0 0 0 0 0 0 0 0 0 0 0 0 0 0 0 0 0 0 0 0 0 0 0 2 0 0 0 0 0 0 0 0 8 12 12 4 0 0 0 0 0 0 3 11 11 4 1 0 0 0 0 0 0 0 0 0 0 0 0 0 4 0 0 0 0 0 0 0 0 0 0 0 0 0 0 0 0 0 0 0 0 0 0 0 0 3 1 0 2 9 5 0 0 5 16 8 2 2 0 0 7 13 9 4 3 6 9 4 0 2 4 0 0 0 0 4 5 3 0 0 0 0 0 1 8 4 0 7 11 9 9 10 7 7 9 3 5 11 6 3 7 11 8 5 5 3 4 6 3 0 0 4 12 12 8 6 5 0 0 4 4 0 3 9 8 1 0 0 0 1 0 6 27 27 14 1 0 1 0 0 0 0 0 0 0 0 0 0 0 0 3 2 0 0 0 0 0 0 0 0 0 0 0 0 0 1 21 29 0 0 0 0 0 0 0 0 0 0 0 0 0 0 0 0 0 0 0 0 0 0 0 -2147483648 
-2147483648 22 39 59 68 66 58 46 28 12 3 0 0 0 0 0 0 0 0 0 0 0 0 0 0 0 0 0 0 0 0 0 0 0 0 0 1 0 0 0 9 2 0 0 0 0 0 0 0 0 0 0 0 0 0 8 12 0 0 0 5 6 0 0 7 11 5 0 0 0 0 0 0 0 0 0 0 0 0 0 0 0 0 0 20 17 4 0 0 0 0 0 0 0 0 4 2 2 9 9 0 0 0 0 0 0 0 0 11 4 0 3 5 4 1 0 1 1 3 5 0 0 2 3 5 1 0 2 5 4 0 0 0 0 0 0 0 2 7 8 8 4 0 0 0 0 0 2 4 4 2 0 1 5 1 0 2 4 8 13 8 5 12 13 15 18 12 12 15 11 6 0 0 1 1 0 2 1 3 8 7 2 2 3 0 0 0 0 4 4 3 3 1 0 0 0 0 0 0 0 0 0 2 0 0 0 0 0 0 0 0 0 0 0 5 9 2 0 0 0 0 0 0 0 0 0 0 0 0 0 15 20 0 0 0 0 0 0 0 0 0 0 0 0 0 0 0 0 0 0 0 0 0 0 0 -2147483648 
-2147483648 58 64 57 39 19 5 0 0 0 0 0 0 0 0 0 0 0 0 0 0 0 0 0 0 0 0 0 0 0 0 0 0 0 0 0 0 0 0 2 5 0 0 0 0 0 0 0 0 0 0 0 0 1 9 0 0 0 0 0 2 3 0 0 0 0 0 0 0 0 0 0 0 0 0 0 0 0 0 0 0 0 0 0 22 20 0 0 0 0 0 0 0 0 0 0 0 2 0 0 0 12 23 0 0 0 0 5 10 5 6 5 0 1 7 8 6 3 2 7 4 0 7 17 13 5 1 0 0 2 2 0 0 0 0 2 5 9 7 0 2 8 9 9 11 9 5 3 2 8 14 6 0 1 0 1 6 4 0 4 5 6 14 12 0 0 0 3 4 9 10 4 2 8 14 12 3 0 0 0 0 8 10 0 0 0 0 0 0 0 0 6 6 0 0 0 0 0 0 0 4 0 2 5 2 0 0 0 0 0 0 0 0 0 2 0 0 0 0 0 0 0 0 0 0 0 0 0 0 0 6 7 0 0 0 0 0 0 0 0 0 0 0 0 0 0 0 0 0 0 0 0 0 0 0 -2147483648 
-2147483648 41 28 12 3 0 0 0 0 0 0 0 0 0 0 0 0 0 0 0 0 0 0 0 0 0 0 0 0 0 0 0 0 9 0 0 0 0 0 0 0 0 0 0 0 0 0 0 0 0 0 0 0 0 0 0 0 0 0 15 13 2 0 0 0 0 0 0 0 0 0 0 0 0 0 0 0 0 0 0 0 0 0 0 22 20 0 0 0 0 0 0 14 23 16 1 0 0 0 0 6 23 10 0 0 0 0 6 3 0 1 6 8 4 6 14 11 3 0 0 7 7 2 0 0 0 3 1 0 0 3 1 0 0 2 2 3 4 6 10 12 12 15 18 12 9 13 12 10 9 7 6 6 3 6 12 7 3 4 0 0 3 1 0 0 0 0 0 0 0 5 4 0 0 0 0 0 0 0 1 0 0 0 4 6 9 10 3 0 1 5 9 12 9 9 17 25 31 25 8 5 8 4 2 1 0 0 0 0 0 0 0 0 0 0 0 0 0 0 0 0 0 0 0 0 0 0 0 0 0 4 7 0 0 0 0 0 0 0 0 0 0 0 0 0 0 0 0 0 0 0 0 0 0 0 -2147483648 
-2147483648 6 1 0 0 0 0 0 0 0 0 0 0 0 0 0 0 0 0 0 0 0 0 0 0 0 0 0 0 0 0 0 0 0 4 4 0 0 0 0 0 0 0 0 0 0 0 0 0 0 0 0 0 0 0 0 0 4 3 6 12 11 5 0 0 0 0 0 0 0 0 0 0 0 0 0 0 0 0 1 0 0 0 0 22 21 2 0 0 0 5 13 12 0 0 0 0 0 0 2 8 0 0 0 0 0 0 0 6 13 18 17 13 8 7 10 8 1 0 0 3 7 5 0 0 2 8 7 3 1 0 0 0 1 3 6 6 6 12 11 3 2 5 4 0 0 9 19 13 8 8 6 7 7 9 8 8 14 12 6 4 1 0 0 3 2 2 11 12 4 4 13 12 4 0 0 0 0 3 13 16 9 3 4 10 12 6 7 13 14 14 12 12 16 31 72 135 171 134 68 30 14 4 0 0 0 0 0 0 0 0 0 0 0 0 2 6 6 2 0 0 0 0 0 0 0 0 0 0 0 1 13 16 0 0 0 0 0 0 0 0 0 0 0 0 0 0 0 0 0 0 0 0 0 0 -2147483648 
-2147483648 0 0 0 0 0 0 0 0 0 0 0 0 0 0 0 0 0 0 0 0 0 0 0 0 0 0 0 0 0 1 0 0 0 6 18 0 0 0 0 0 0 0 0 0 0 0 1 2 0 0 0 0 0 4 11 9 2 0 0 0 5 0 0 0 0 0 0 0 0 0 0 0 0 0 0 0 0 0 0 0 0 0 0 13 33 20 7 8 8 7 0 0 0 0 0 0 0 11 14 0 0 0 0 0 0 0 0 3 4 5 4 4 1 0 0 0 4 10 4 0 0 14 14 5 0 0 2 7 7 6 6 5 6 5 7 10 7 3 1 0 0 1 0 3 13 15 8 8 12 7 4 6 4 0 0 0 1 0 0 2 3 3 7 9 7 5 4 8 6 0 5 13 14 13 12 11 5 1 3 6 12 13 6 0 0 0 2 11 18 16 12 12 19 19 19 56 107 124 101 51 12 1 0 0 0 0 0 0 0 0 0 0 0 1 8 10 0 0 0 0 0 0 0 0 0 0 0 0 0 0 13 15 0 0 0 0 0 0 0 0 0 0 0 0 0 0 0 0 0 0 0 1 6 2 -2147483648 
-2147483648 0 0 0 0 0 0 0 0 0 0 0 0 0 0 0 0 0 0 0 0 0 0 0 0 0 0 0 0 0 0 0 2 0 0 6 0 0 0 0 0 0 0 0 0 0 4 0 0 0 0 0 0 3 0 0 0 0 0 2 36 43 0 0 0 0 0 0 0 0 0 0 0 0 0 0 0 0 0 0 0 0 0 0 14 38 23 8 13 17 9 0 0 2 3 4 7 0 0 0 0 0 0 0 0 0 0 0 0 0 0 0 0 3 8 3 1 5 0 0 0 1 2 1 0 0 0 0 9 12 8 10 16 13 8 10 12 8 4 11 17 11 7 10 15 18 7 0 11 14 10 17 17 3 0 0 1 0 0 4 3 2 6 7 9 13 9 0 0 2 0 0 14 18 15 19 17 9 6 3 0 0 0 7 12 10 11 13 10 8 8 5 4 2 0 0 0 13 41 46 22 3 0 0 0 0 0 0 0 0 0 0 0 0 0 2 2 0 0 0 0 0 0 0 0 0 0 0 0 0 0 6 3 0 0 0 0 0 0 0 0 0 0 0 0 0 0 0 0 0 0 0 0 0 2 -2147483648 
-2147483648 0 0 0 0 0 0 0 0 0 0 0 0 0 0 0 0 0 0 0 0 0 0 0 0 0 0 0 0 0 0 0 0 0 0 0 0 0 7 1 0 0 0 0 1 0 0 0 0 0 0 0 0 0 5 7 0 0 0 0 28 64 16 0 0 0 0 0 0 0 0 0 0 0 0 0 9 19 18 22 26 4 0 0 19 49 38 27 30 29 21 12 9 8 8 17 21 14 7 0 0 0 0 0 3 9 10 7 4 5 8 13 18 21 17 11 7 1 2 6 9 5 0 0 0 3 7 9 5 7 13 15 15 16 14 9 10 10 11 16 21 22 18 16 13 7 7 12 9 6 12 13 8 10 16 16 13 11 9 12 16 13 8 5 10 16 17 19 15 14 16 9 9 9 4 5 5 11 19 18 15 13 10 7 9 12 15 19 12 2 2 4 2 0 0 0 0 0 0 0 0 0 0 0 0 0 0 0 0 0 0 0 0 0 0 0 0 0 1 0 0 0 0 0 0 0 0 0 0 0 0 3 13 4 0 0 0 0 1 4 4 0 2 6 2 1 7 9 4 0 0 0 0 0 0 -2147483648 
-2147483648 0 0 0 0 0 0 0 0 0 0 0 0 0 16 26 28 22 4 0 0 0 0 0 0 0 0 0 0 0 0 0 0 0 0 0 0 0 0 0 0 5 6 0 0 0 0 0 10 27 42 44 31 28 29 14 0 0 0 0 0 0 19 0 0 0 0 0 0 0 0 0 0 0 0 0 0 0 0 0 0 0 0 0 18 59 60 40 32 19 11 20 21 17 21 20 19 22 15 1 0 0 6 11 25 36 25 12 12 12 13 23 26 14 5 6 10 15 24 29 18 6 10 15 11 9 10 9 3 1 7 6 3 8 12 10 10 14 17 18 19 21 19 15 12 6 5 8 6 7 7 0 1 14 18 9 6 10 11 6 8 15 12 7 7 11 14 14 15 14 10 5 0 0 2 3 8 16 16 12 12 12 11 6 3 8 13 14 14 9 1 4 8 1 0 0 1 1 0 0 0 0 0 0 0 0 0 0 0 0 0 0 0 0 0 0 0 0 0 0 0 0 0 0 0 0 0 0 0 0 0 0 11 13 0 0 0 0 0 0 0 2 10 9 9 16 20 17 15 15 12 9 7 3 0 -2147483648 
-2147483648 0 0 0 0 0 0 0 0 2 14 37 52 59 69 60 33 7 0 0 0 0 0 0 0 0 0 0 0 0 0 0 0 0 0 0 0 0 0 0 0 9 3 0 0 1 33 54 59 55 50 46 39 26 5 0 0 0 0 0 0 0 0 0 0 0 0 0 14 21 28 27 18 16 24 22 4 0 0 0 0 0 0 0 19 52 41 10 6 10 9 13 12 10 7 0 0 0 0 0 0 16 24 23 21 16 5 7 22 24 17 9 4 5 6 7 10 16 16 12 12 12 13 13 15 18 15 11 12 10 0 0 1 0 0 7 6 4 0 0 5 9 9 9 12 11 3 0 0 0 0 5 11 6 3 4 3 3 7 9 3 0 0 5 6 4 1 0 2 0 0 2 7 6 5 6 10 8 0 0 0 0 0 3 8 7 2 1 2 4 6 2 0 0 0 1 3 1 0 0 0 0 0 0 0 0 0 0 0 0 0 0 0 0 0 0 0 0 0 0 0 0 0 0 0 0 0 0 0 0 0 0 0 0 0 0 0 0 0 0 0 0 0 4 7 9 8 4 5 8 6 0 0 0 0 -2147483648 
-2147483648 0 0 0 0 0 0 0 1 3 9 21 31 32 20 0 0 0 0 0 0 0 0 0 0 0 0 0 0 0 0 0 0 0 0 0 0 0 0 0 0 0 0 10 46 72 85 91 92 85 65 46 26 0 0 0 0 0 0 0 0 0 0 0 0 0 70 185 205 206 209 215 214 205 212 234 247 251 244 233 225 188 106 30 0 0 0 0 0 0 0 0 0 0 0 0 0 0 0 0 22 28 19 14 0 0 0 4 11 10 10 0 0 7 6 5 7 6 4 2 7 12 5 1 8 11 13 16 20 21 11 5 7 6 3 1 0 0 0 0 0 0 1 3 5 11 9 0 0 0 0 4 3 0 0 2 10 13 6 4 3 0 4 10 7 0 0 3 7 10 11 8 8 12 13 9 3 0 0 5 8 0 0 8 7 2 0 1 0 2 8 3 0 4 9 2 0 0 0 0 0 0 0 0 0 0 0 0 0 0 0 0 0 0 0 0 0 0 0 0 0 0 0 0 0 0 0 0 0 0 0 0 0 0 0 0 0 0 0 0 0 0 0 3 8 3 2 5 0 0 0 0 0 0 0 -2147483648 
-2147483648 0 0 0 0 0 0 0 0 0 0 0 0 0 0 0 0 0 0 0 0 0 0 0 0 0 0 0 0 0 0 0 0 0 0 0 0 0 0 0 7 14 26 46 53 48 42 45 47 39 33 23 0 0 0 0 0 0 0 0 0 0 42 175 255 255 255 237 247 255 255 255 255 255 255 255 255 255 255 255 255 255 247 101 0 0 0 0 0 0 0 0 0 31 38 33 14 0 0 12 28 19 5 0 0 0 0 9 0 0 7 11 3 0 0 0 0 11 17 13 9 8 9 11 10 7 8 10 9 7 12 19 19 18 12 4 2 11 21 14 3 2 3 0 0 0 5 10 3 1 4 0 0 7 3 0 0 3 3 0 0 7 11 3 0 8 15 10 6 12 16 14 10 10 12 11 9 6 5 7 5 1 0 0 3 8 9 1 0 0 2 6 7 0 0 0 0 1 0 0 0 0 0 0 0 0 0 0 0 0 0 0 0 0 0 2 7 8 3 0 0 0 0 0 0 0 0 0 0 0 0 0 0 6 14 0 0 0 0 0 0 0 0 0 0 1 4 5 0 0 0 0 0 0 0 -2147483648 
-2147483648 0 0 0 0 0 0 0 0 0 0 0 0 0 0 0 0 0 0 0 0 0 0 0 0 0 0 0 0 0 0 0 0 0 0 0 0 0 0 22 43 56 65 60 45 38 33 21 0 0 0 0 13 15 0 0 0 0 0 0 34 70 64 103 251 255 172 93 117 141 152 170 193 207 202 185 170 160 152 144 145 152 121 54 46 173 255 255 237 177 169 190 219 240 234 201 154 113 93 81 60 37 17 3 25 66 60 14 0 0 0 4 5 2 7 7 3 0 0 6 3 1 2 0 0 12 15 4 0 0 1 10 11 10 10 14 21 20 13 10 9 6 2 0 0 0 4 3 3 7 4 1 3 3 3 5 0 0 0 7 8 3 5 7 2 4 9 13 15 9 6 10 9 2 0 4 6 2 3 4 4 8 5 1 1 0 0 0 3 10 8 6 7 2 0 0 0 0 0 0 0 0 0 0 0 0 0 0 0 0 0 0 0 0 0 6 11 4 0 0 0 0 1 2 1 0 0 0 0 0 0 0 0 4 0 0 0 0 0 0 0 0 0 0 0 2 0 0 0 0 0 0 0 0 0 -2147483648 
-2147483648 0 0 0 0 0 0 0 0 0 0 0 0 0 0 0 0 0 0 0 0 0 0 0 0 0 0 0 0 0 0 0 0 0 0 0 0 26 54 66 62 69 84 91 89 81 70 52 33 29 25 4 0 0 0 0 0 0 0 0 0 0 0 0 0 0 0 0 0 0 0 0 0 0 0 0 0 6 23 32 35 32 25 23 84 255 255 255 255 255 255 255 255 255 255 255 255 255 255 255 243 194 142 145 243 255 171 42 14 14 0 0 4 15 18 11 6 3 3 10 11 7 7 8 9 9 3 1 5 7 10 5 0 0 8 7 5 3 0 0 4 5 6 15 20 11 0 0 8 14 9 7 1 0 1 9 12 8 9 18 19 12 8 11 12 7 5 6 10 17 16 10 11 15 10 0 0 0 2 7 10 3 0 0 0 0 0 0 0 1 2 1 5 11 11 7 2 0 0 0 0 0 0 1 0 0 0 0 0 0 0 0 0 0 0 2 4 0 0 0 0 0 0 1 4 16 38 53 51 46 57 67 40 0 0 0 0 0 0 0 0 0 0 0 0 0 0 0 0 0 0 0 0 0 0 -2147483648 
-2147483648 0 0 0 0 0 0 0 0 0 0 0 0 0 0 0 0 0 0 0 0 0 0 0 0 0 0 0 0 0 0 0 3 18 0 0 21 65 78 72 50 28 27 34 33 18 0 0 0 0 0 0 0 0 0 0 0 0 4 2 0 0 0 0 0 0 0 0 0 0 0 0 0 0 0 0 0 0 0 0 0 0 0 0 0 54 131 180 187 180 175 172 172 177 195 216 250 255 255 255 255 255 255 255 255 255 138 48 32 34 29 21 14 6 1 6 9 9 4 2 10 15 20 22 14 1 0 4 9 9 12 10 2 0 0 0 0 0 2 7 6 4 7 13 17 13 8 12 8 2 6 4 7 14 7 1 6 10 9 7 7 7 1 0 7 12 10 1 0 3 10 6 2 5 5 0 1 9 11 10 8 5 5 6 8 13 13 4 0 0 0 7 7 5 9 9 2 0 0 0 0 0 0 1 0 0 0 0 0 0 0 0 0 0 0 0 0 0 0 0 0 0 0 0 1 10 34 65 89 108 128 112 40 0 0 0 0 0 0 0 0 0 0 0 0 0 0 0 0 0 0 0 0 0 0 -2147483648 
-2147483648 0 0 0 0 0 0 0 0 0 0 0 0 0 0 0 0 0 0 0 0 0 0 0 0 0 0 0 0 0 8 21 42 45 14 13 49 66 53 38 24 0 0 0 0 0 0 0 0 0 0 0 0 0 0 0 0 12 17 17 13 0 0 0 0 3 17 23 22 28 42 62 81 72 34 3 0 0 0 0 0 0 0 0 0 0 0 0 0 0 0 0 0 0 0 0 0 0 0 28 75 147 236 255 210 123 72 41 24 24 26 19 9 0 0 13 20 9 2 0 0 1 5 6 3 0 1 6 5 4 1 1 8 10 4 3 7 5 3 5 8 10 7 0 0 0 12 16 6 2 5 10 17 11 0 0 0 2 1 0 0 0 1 3 2 6 9 5 0 0 0 2 0 0 2 10 16 15 10 7 12 19 16 13 11 8 7 4 6 7 4 10 14 7 0 0 0 1 10 21 22 11 2 0 0 0 0 0 0 0 0 0 0 0 0 0 0 0 0 0 0 0 0 0 0 0 4 17 39 62 64 28 0 0 0 0 0 0 0 0 0 0 0 0 0 0 0 0 0 0 0 0 0 0 0 -2147483648 
-2147483648 0 0 0 0 0 0 0 0 0 0 0 0 0 0 0 0 0 0 0 0 0 0 0 0 0 0 0 4 12 31 54 65 42 12 23 37 29 20 7 0 0 0 0 0 0 0 0 0 0 0 0 0 0 0 0 0 2 11 12 9 6 9 20 37 33 20 40 81 129 173 199 213 213 196 175 159 149 143 128 108 88 57 17 0 0 0 0 0 0 0 0 0 0 0 0 0 0 0 0 0 0 0 0 0 0 0 0 0 0 0 0 5 14 16 12 14 14 12 8 6 7 4 17 31 15 2 4 3 1 0 8 20 18 12 7 4 1 0 4 8 6 2 2 3 1 2 3 8 14 10 7 6 3 10 15 4 0 3 6 4 5 8 7 7 5 2 3 0 0 5 6 6 3 6 15 11 1 0 0 1 11 15 12 6 3 7 11 9 1 0 0 0 2 0 0 0 0 3 8 6 4 2 0 0 0 0 0 0 0 0 0 0 0 0 4 8 0 0 0 0 0 0 0 0 0 0 0 0 0 0 0 0 0 8 0 0 0 0 0 0 0 0 0 0 4 8 4 0 0 0 0 0 0 0 -2147483648 
-2147483648 0 0 0 0 0 0 0 0 0 0 0 0 0 0 0 0 0 0 0 0 0 0 0 0 0 4 22 39 54 69 80 71 31 0 5 13 8 1 0 0 0 0 0 0 0 0 0 0 0 0 0 0 0 0 0 0 0 0 0 7 10 11 11 9 5 16 55 106 153 179 175 152 135 130 125 129 142 143 136 132 122 98 56 15 3 0 0 0 0 0 0 0 0 0 0 0 0 0 0 0 0 0 0 0 0 0 0 0 0 0 0 1 11 14 6 1 4 9 10 11 15 11 17 39 47 32 11 0 2 5 4 4 3 7 10 2 0 9 15 4 0 0 6 8 12 6 0 5 9 10 5 1 9 16 15 14 11 9 10 6 3 6 10 10 2 0 2 10 8 2 1 3 3 3 3 1 4 6 0 0 5 10 6 4 5 6 12 8 0 0 0 0 0 4 0 0 0 0 0 0 1 2 0 0 0 0 0 0 0 0 0 0 0 0 6 14 3 0 0 0 0 0 0 0 0 0 0 0 0 0 0 0 0 20 16 0 0 5 8 5 11 16 15 11 9 15 26 36 45 46 31 15 1 0 -2147483648 
-2147483648 0 0 0 0 0 0 0 0 0 0 0 0 0 0 0 0 0 0 0 0 0 0 0 3 20 43 57 69 85 85 76 49 10 2 14 10 0 0 0 0 0 0 0 0 0 0 0 0 0 0 0 0 0 0 0 3 0 0 0 3 17 19 25 40 53 72 92 107 105 83 57 31 13 11 20 29 29 27 32 38 38 24 0 0 1 36 53 41 32 42 53 53 38 20 13 12 20 35 43 36 15 0 0 0 0 5 9 8 13 14 10 8 1 0 0 0 7 12 9 7 5 0 0 1 36 39 15 3 6 7 0 0 3 9 12 10 9 14 11 5 4 8 11 7 5 3 0 0 1 6 15 13 8 5 4 9 11 11 10 10 14 16 15 10 8 10 7 5 3 1 1 0 5 5 0 0 6 10 7 6 4 0 0 1 4 3 8 10 8 6 7 10 9 8 2 0 0 0 0 0 1 1 0 0 0 0 0 0 0 0 0 0 0 0 4 7 0 0 0 0 0 0 0 0 0 0 0 0 0 0 0 0 0 0 0 0 0 0 2 9 7 10 13 7 3 7 14 24 39 60 78 80 74 75 -2147483648 
-2147483648 0 0 0 0 0 0 0 0 0 0 0 0 0 0 0 0 0 0 0 0 0 4 26 47 65 77 80 76 69 56 39 23 30 51 37 0 0 0 0 0 0 0 0 0 0 0 0 0 0 0 5 8 7 11 12 9 14 23 23 18 18 30 57 86 106 113 108 89 52 13 0 0 0 0 0 0 0 0 0 0 0 0 0 0 0 34 54 43 52 74 83 82 77 66 58 68 82 87 82 70 71 99 134 143 119 76 35 17 19 18 16 17 14 10 8 12 17 14 11 10 2 0 0 0 0 15 17 12 14 13 5 1 7 13 11 10 12 5 0 1 7 3 3 8 3 4 12 16 14 6 5 7 5 6 6 4 7 11 13 16 20 15 7 7 6 6 8 8 6 9 12 4 0 0 0 5 5 5 11 10 5 7 11 8 3 2 2 7 13 12 11 13 13 9 3 0 0 0 0 0 1 0 0 0 0 0 0 0 0 0 0 0 0 0 1 1 0 0 0 0 0 0 0 0 0 0 0 0 0 0 0 0 0 0 0 0 0 0 0 8 0 0 0 0 0 0 0 0 0 0 0 19 31 39 -2147483648 
-2147483648 0 0 0 0 0 0 0 0 0 0 0 0 0 0 0 0 0 0 0 2 17 46 63 64 66 69 70 56 29 13 7 15 53 76 31 0 0 0 0 0 0 0 0 0 0 0 0 13 19 18 16 17 27 33 33 35 34 31 23 15 22 44 75 108 125 112 77 34 5 0 0 0 0 0 0 0 0 0 0 0 0 0 0 0 0 0 0 0 0 0 0 0 6 32 54 74 90 83 71 79 106 132 133 113 82 47 22 14 10 3 0 3 11 17 16 16 15 12 12 9 7 10 8 0 0 0 9 11 11 13 14 10 7 4 2 5 7 1 0 5 13 8 0 2 5 13 20 14 5 3 3 3 6 10 11 10 8 3 4 8 3 0 0 1 8 15 15 14 11 4 1 6 9 10 16 18 13 11 8 2 2 8 12 5 2 7 7 7 9 15 20 20 11 0 0 0 0 0 0 3 3 0 0 0 0 0 0 0 0 0 0 0 0 0 0 5 2 0 0 0 0 0 0 0 0 0 0 0 0 0 0 0 0 0 0 0 0 0 0 0 0 0 0 0 0 0 0 0 0 0 0 0 0 0 -2147483648 
-2147483648 0 0 0 0 0 0 0 0 0 0 0 0 0 0 0 0 0 4 16 33 52 62 62 63 58 47 35 23 15 2 0 0 0 19 13 0 0 0 0 0 0 0 0 0 0 0 0 3 5 15 19 16 13 16 21 13 0 0 0 25 66 102 119 111 91 63 29 7 2 0 0 0 0 0 0 0 0 0 0 0 0 0 0 0 0 0 0 0 0 0 0 4 35 58 69 65 48 39 52 78 94 85 58 29 18 21 18 10 1 0 8 14 10 9 13 10 3 0 1 1 7 18 16 4 0 0 4 7 0 3 13 17 11 2 1 8 8 7 15 14 7 8 10 10 10 11 10 5 4 11 14 8 4 5 5 2 0 0 0 6 10 3 0 3 8 10 7 6 10 7 6 11 8 6 9 5 0 0 9 9 4 1 2 8 10 8 11 10 6 9 5 0 0 5 3 0 0 0 7 10 2 0 0 0 0 0 0 0 0 0 0 0 0 0 0 10 16 0 0 0 0 0 0 0 0 0 0 0 0 0 0 0 0 0 0 0 0 0 0 0 0 0 0 0 0 0 0 0 0 0 0 0 0 0 -2147483648 
-2147483648 0 0 0 0 0 0 0 0 0 0 0 0 0 0 0 8 18 30 42 55 59 48 36 29 18 5 0 0 0 0 0 0 0 0 0 0 0 0 0 0 0 0 0 0 0 2 12 18 28 26 13 1 0 0 0 0 0 6 46 95 126 134 117 74 33 13 4 0 0 0 0 0 0 0 0 0 0 0 0 0 0 0 0 0 0 2 12 2 0 0 18 41 58 60 51 34 18 29 54 66 57 27 0 0 0 4 11 8 10 16 19 16 7 4 10 12 8 5 7 8 5 11 19 13 1 0 7 9 5 5 7 7 7 11 10 8 11 11 8 4 1 6 9 1 0 4 10 11 7 4 1 1 4 10 11 8 11 13 8 1 2 8 11 16 9 0 0 4 4 3 8 12 7 5 7 5 7 7 7 9 10 11 9 11 5 0 0 4 9 5 1 1 5 15 11 0 0 0 10 6 0 0 0 0 0 0 0 0 0 0 0 0 0 0 0 1 0 0 0 0 0 0 0 0 0 0 0 0 0 0 0 0 0 0 0 0 0 0 0 0 0 0 0 0 0 0 0 0 0 0 0 0 0 0 -2147483648 
-2147483648 0 0 0 0 0 0 0 0 0 0 0 0 0 0 5 14 25 35 37 37 32 18 6 0 0 0 0 0 0 0 0 0 0 0 0 0 0 0 0 0 0 0 0 12 31 32 18 8 1 0 0 0 0 0 0 8 40 83 121 134 124 96 54 23 8 0 0 0 0 0 0 0 0 0 0 0 0 0 0 0 0 0 0 0 0 13 28 21 19 28 35 39 37 28 16 15 37 65 70 49 22 1 0 0 0 0 17 26 29 30 17 6 10 10 5 5 8 13 18 21 16 7 7 13 12 1 0 6 12 6 6 10 6 4 10 12 13 14 5 2 11 13 5 2 5 2 0 0 0 0 2 10 16 16 13 11 11 13 12 9 7 13 17 14 15 9 6 5 0 0 0 0 7 9 10 11 10 10 7 2 1 6 8 1 3 12 9 7 8 3 5 10 8 1 0 0 0 0 9 5 0 0 0 0 0 0 0 0 0 0 0 0 0 0 0 0 0 0 0 0 0 0 0 0 0 0 0 0 0 0 4 14 17 14 8 0 0 0 0 0 0 0 0 0 0 0 0 0 0 0 0 0 0 0 -2147483648 
-2147483648 0 0 4 6 0 0 0 0 0 0 0 1 9 11 15 19 19 21 15 2 0 0 0 0 0 0 0 0 0 0 0 0 0 0 0 0 0 0 0 0 10 10 7 8 8 0 0 0 0 0 0 0 8 24 44 74 105 127 127 102 64 32 13 1 0 0 0 0 0 0 0 0 0 0 0 0 0 0 0 0 0 0 0 0 0 11 33 31 34 44 42 35 30 30 36 56 78 74 55 34 12 0 1 3 14 59 115 136 124 112 103 85 68 51 31 16 11 17 18 14 17 16 6 2 7 12 11 5 5 9 11 15 20 18 14 14 11 8 14 21 20 16 11 14 16 6 3 11 19 20 20 22 16 5 3 9 10 7 9 15 16 13 13 11 13 19 15 10 12 13 10 7 6 4 3 7 7 5 7 8 5 5 8 7 11 12 6 4 3 2 6 11 8 5 5 0 2 12 10 2 0 0 0 0 0 0 0 0 0 0 0 0 0 0 0 0 0 0 0 0 0 0 0 0 0 0 0 0 0 0 12 21 25 17 7 2 0 0 0 0 0 0 0 0 0 0 0 0 0 0 0 0 0 0 -2147483648 
-2147483648 0 0 0 0 0 0 0 0 0 0 1 0 0 9 14 15 9 3 0 0 0 0 0 0 0 0 0 0 0 0 0 0 0 31 0 0 0 0 21 36 18 18 13 0 0 0 1 8 13 24 34 40 51 66 94 127 136 119 81 40 17 4 0 0 0 0 0 0 0 0 0 0 0 0 0 0 0 0 0 0 0 0 0 0 0 0 23 50 55 51 50 44 40 51 72 85 76 51 25 11 9 13 14 15 37 88 138 162 166 160 158 150 124 101 85 68 58 55 73 111 125 105 77 48 28 29 30 20 15 21 21 14 18 21 12 3 0 0 8 10 5 1 3 9 13 15 18 16 13 17 17 12 9 12 15 15 18 14 9 12 10 4 6 9 6 8 10 11 18 18 15 15 15 20 18 11 16 15 7 9 11 14 20 20 12 4 5 7 6 10 13 10 7 6 0 0 2 17 9 0 0 0 0 0 0 0 0 0 0 0 0 0 0 0 0 0 0 0 0 0 0 0 0 0 0 0 0 5 17 17 17 25 34 27 12 4 1 0 0 0 0 0 0 0 0 0 0 0 0 0 0 0 0 0 -2147483648 
-2147483648 0 0 0 0 0 0 0 0 0 0 1 4 3 4 5 2 0 0 0 0 0 0 0 0 0 0 0 0 0 0 0 0 0 50 122 103 69 84 91 73 63 70 78 78 75 76 84 102 112 108 116 125 124 132 138 120 86 52 21 4 5 2 0 0 0 0 0 0 0 0 0 0 0 0 0 0 0 0 0 0 0 0 0 0 0 0 5 54 60 47 39 41 50 61 70 62 35 19 12 4 6 16 25 29 34 42 43 39 47 56 57 59 55 51 46 33 25 42 126 255 255 255 255 253 141 85 80 84 79 64 51 42 30 25 30 25 19 23 21 12 9 5 2 7 16 26 23 16 16 14 9 8 8 4 8 10 10 18 15 8 8 7 4 0 0 2 10 4 1 11 15 12 15 16 17 16 6 4 12 17 17 14 14 15 15 17 17 17 19 18 10 4 6 5 0 0 8 14 5 0 0 0 0 0 0 0 0 0 0 0 0 0 0 0 0 0 0 0 0 0 0 0 0 0 0 0 0 1 13 20 24 28 24 17 5 0 0 0 0 0 0 0 0 0 0 0 0 0 0 0 0 0 0 0 -2147483648 
-2147483648 0 0 0 0 0 0 0 0 3 6 0 1 4 0 0 0 0 0 0 0 0 0 0 0 0 0 0 0 0 0 0 0 0 66 253 255 255 223 106 100 120 126 131 139 143 142 145 157 168 171 160 139 122 101 54 0 0 0 0 0 0 0 0 0 0 0 0 0 0 0 0 0 0 0 0 0 0 0 0 0 5 9 16 4 0 0 0 46 47 30 28 49 71 74 57 35 18 7 3 8 18 19 19 21 11 0 0 0 0 0 0 0 0 0 0 0 0 0 70 169 242 255 255 255 147 77 71 84 97 106 118 135 148 156 163 171 179 171 152 137 117 96 77 55 43 42 37 34 37 33 24 14 5 3 9 16 15 13 14 6 4 18 24 17 11 11 9 9 16 20 19 19 17 10 7 11 13 11 10 12 13 8 2 5 17 20 17 22 23 13 6 7 8 9 7 8 13 9 2 0 0 0 0 0 0 0 0 0 0 0 0 0 0 0 0 0 10 43 45 8 0 0 0 0 0 0 0 0 0 10 15 11 7 7 4 0 0 0 0 0 0 0 0 0 0 0 0 0 0 0 0 0 0 0 -2147483648 
-2147483648 0 0 0 0 0 0 0 0 0 0 0 0 0 0 0 0 0 0 0 0 0 0 0 0 0 0 0 0 0 0 0 0 0 0 0 4 4 0 0 9 42 60 73 86 100 110 106 96 89 86 82 73 56 26 0 0 0 0 0 0 0 0 0 0 0 0 0 0 0 0 0 0 0 0 0 0 0 0 0 2 11 29 56 58 11 0 0 28 37 42 58 72 76 64 42 24 18 16 17 23 26 22 10 0 0 0 0 0 0 0 0 0 0 0 0 0 11 22 29 35 41 45 53 57 34 12 13 25 48 76 106 133 158 181 206 249 255 255 255 255 255 255 255 255 255 245 221 193 163 141 117 92 76 61 44 35 23 6 9 21 25 26 25 27 26 17 17 29 31 19 14 14 12 10 5 4 10 12 8 9 11 8 1 0 6 11 12 10 8 12 18 13 6 4 12 32 29 8 0 0 0 0 0 0 0 0 0 0 0 0 0 0 0 0 0 0 29 72 60 17 0 0 0 0 0 0 0 2 0 0 1 0 0 0 0 0 0 0 0 0 0 0 0 0 0 0 0 0 0 0 0 0 0 0 -2147483648 
-2147483648 0 0 0 0 0 0 0 0 0 0 0 0 0 0 0 0 0 0 0 0 0 0 0 0 0 0 0 0 0 0 0 0 0 0 0 0 0 0 0 0 0 0 0 0 0 0 0 3 32 57 84 109 114 111 116 119 119 117 107 83 42 0 0 0 0 0 0 0 0 0 0 0 0 0 11 14 12 14 16 13 19 59 100 78 26 2 3 19 41 67 82 74 54 30 14 14 28 38 35 22 2 0 0 0 0 0 0 0 0 0 0 0 0 0 0 3 28 34 21 9 9 9 6 7 6 8 18 27 34 40 45 52 58 70 103 148 186 218 246 255 255 255 255 255 255 255 255 255 255 255 255 255 255 255 255 255 224 194 167 143 118 91 67 50 43 40 39 36 23 15 13 3 1 12 16 9 5 11 11 5 9 11 10 11 3 0 5 4 6 13 16 15 12 12 23 32 22 6 0 0 0 0 0 0 0 0 0 0 0 0 0 0 0 0 0 8 51 75 50 14 0 0 0 0 0 0 0 0 1 0 1 0 0 0 0 0 0 0 0 0 0 0 0 0 0 0 0 0 0 0 0 0 0 0 -2147483648 
-2147483648 0 0 0 0 0 0 0 0 0 0 0 0 0 0 0 0 0 0 0 0 0 0 0 0 0 0 0 0 0 0 0 0 0 0 0 0 0 0 0 0 0 0 0 0 0 0 0 0 0 0 0 0 0 0 9 31 59 95 139 188 223 228 200 151 93 37 4 0 0 0 0 0 0 0 0 0 0 5 28 43 72 124 131 71 18 0 14 43 59 64 58 41 21 12 19 29 30 21 6 0 0 0 0 0 0 0 0 0 0 0 0 0 0 0 0 0 0 2 0 0 0 3 3 9 16 21 32 39 40 42 36 33 41 56 80 94 76 46 31 29 39 55 67 87 117 141 163 193 223 249 255 255 255 255 255 255 255 255 255 255 255 255 255 255 255 255 223 193 169 145 120 99 77 61 53 38 29 31 28 16 11 18 24 26 19 11 13 13 6 0 0 9 19 20 20 13 3 0 0 0 0 0 0 0 0 0 0 0 0 0 0 0 0 0 3 28 63 65 35 6 0 0 0 0 0 0 0 0 4 0 0 0 0 0 0 0 0 0 0 0 0 0 0 0 0 0 0 0 0 0 0 0 0 0 -2147483648 
-2147483648 0 0 0 0 0 0 0 0 0 0 0 0 0 0 0 0 0 0 0 0 0 0 0 0 0 0 0 0 0 0 0 0 0 0 0 0 0 0 0 0 0 0 0 0 0 0 0 0 0 0 0 0 0 0 0 0 0 0 0 0 0 44 101 156 202 229 234 213 179 145 103 39 0 0 0 0 0 0 81 157 192 168 87 27 0 0 17 53 55 41 20 7 14 28 36 26 0 0 0 0 0 0 0 0 0 0 0 0 0 0 0 0 0 0 5 6 2 0 0 0 1 1 1 6 16 26 34 40 43 42 34 33 54 82 90 71 40 14 2 0 0 0 0 0 1 2 3 5 8 14 23 38 58 77 99 127 157 189 219 246 255 255 255 255 255 255 255 255 255 255 255 255 255 255 255 255 242 209 179 159 134 103 76 60 53 47 40 32 23 16 13 10 14 23 23 14 4 0 0 0 0 0 0 0 0 0 0 0 0 0 0 0 0 0 7 26 40 30 9 0 0 0 0 0 0 0 0 11 16 6 0 0 0 0 0 0 0 0 0 0 0 0 0 0 0 0 0 0 0 0 0 0 0 0 -2147483648 
-2147483648 0 0 0 0 0 0 0 0 0 0 0 0 0 0 0 0 0 0 0 0 0 0 0 0 0 0 0 0 0 0 0 0 0 0 0 10 0 0 0 0 0 0 0 0 0 0 0 0 0 0 0 0 0 0 0 0 0 0 0 0 0 0 0 0 0 0 32 96 169 227 255 255 255 211 140 75 53 81 154 207 167 72 14 0 0 0 25 24 10 8 11 13 15 8 0 0 0 0 0 0 0 0 0 0 0 0 0 0 0 0 0 0 5 19 23 26 23 16 13 11 6 1 3 16 31 33 33 40 39 37 50 68 86 95 73 31 5 0 0 0 0 0 0 0 0 0 0 0 0 0 0 0 0 0 0 0 0 0 2 8 18 31 45 64 92 124 154 178 201 229 255 255 255 255 255 255 255 255 255 255 255 255 255 255 255 255 237 210 187 164 137 107 85 76 56 20 1 0 0 0 0 0 0 0 0 0 0 0 0 0 0 0 0 1 9 21 19 5 0 0 0 0 0 0 1 10 24 24 12 5 1 0 0 0 0 0 0 0 0 0 0 0 0 0 0 0 0 0 0 0 0 0 0 0 -2147483648 
-2147483648 0 0 0 0 0 0 0 0 0 0 0 0 0 0 0 0 0 0 0 0 0 0 0 0 0 0 0 0 0 0 0 0 0 0 0 16 9 0 0 2 0 0 4 2 0 1 0 0 0 0 0 0 0 0 0 0 0 0 0 0 0 0 0 0 0 0 0 0 0 0 0 51 195 255 255 255 255 252 137 79 56 54 46 23 27 45 31 7 1 0 0 0 0 0 0 0 0 0 0 0 0 0 0 0 0 0 0 0 0 0 0 0 0 12 25 25 17 15 12 6 3 1 3 21 47 58 62 68 67 73 99 116 104 75 39 11 1 0 0 0 0 0 0 0 0 0 0 0 0 0 0 0 0 0 0 0 0 0 0 0 0 0 0 0 0 0 0 0 0 4 14 27 42 59 82 109 134 163 195 220 244 255 255 255 255 255 255 255 255 255 255 255 255 246 125 28 0 0 0 0 0 0 0 0 0 0 0 0 0 0 0 0 0 0 0 0 0 0 0 0 0 0 0 2 11 20 25 21 23 30 33 31 32 38 27 13 9 0 0 0 0 0 0 0 0 0 0 0 0 0 0 0 0 0 -2147483648 
-2147483648 0 0 0 0 0 0 0 0 0 0 0 0 0 0 0 0 0 0 0 0 0 0 0 0 0 0 0 0 0 0 0 0 3 7 1 0 0 0 2 0 0 9 10 2 0 0 0 0 0 0 0 0 0 0 0 0 0 0 0 0 0 0 0 0 0 0 0 0 0 0 0 0 0 0 0 52 93 80 38 17 44 67 53 47 61 47 4 0 0 0 0 0 0 0 0 0 0 0 0 0 0 0 0 0 0 0 0 0 0 0 0 0 7 14 17 19 12 3 1 1 0 0 5 27 64 94 104 108 119 126 122 105 72 35 10 1 0 0 0 0 0 0 0 0 0 0 0 0 0 0 0 0 0 0 0 0 0 0 0 0 0 0 0 0 0 0 0 0 0 0 0 0 0 0 0 0 0 0 0 1 7 21 38 56 77 99 123 151 180 205 227 250 255 203 91 16 0 0 0 0 0 0 0 0 0 0 0 0 0 0 0 0 0 0 0 0 0 0 0 0 0 0 0 0 0 0 0 0 9 26 37 51 64 82 96 86 68 52 27 11 6 1 3 1 0 0 0 0 0 0 0 0 0 0 -2147483648 
-2147483648 0 0 0 0 0 0 0 0 0 0 0 0 0 0 0 0 0 0 0 0 0 0 0 0 0 0 0 3 12 11 0 0 8 24 25 14 1 0 0 0 0 0 0 0 0 0 0 0 0 0 0 0 0 0 0 0 0 0 0 0 0 0 0 0 0 0 0 0 0 0 0 0 0 0 0 0 0 0 0 0 0 0 0 0 0 0 0 0 0 0 0 0 0 0 0 0 0 0 0 0 0 0 0 0 0 0 0 0 0 0 0 6 11 9 4 5 12 14 6 0 0 0 5 38 93 121 113 97 94 97 81 51 24 6 0 0 0 0 0 0 0 0 0 0 0 0 0 0 0 0 0 0 0 0 0 0 0 0 0 0 0 0 0 0 0 0 0 0 0 0 0 0 0 0 0 0 0 0 0 0 0 0 0 0 0 0 0 0 0 2 7 15 22 17 5 0 0 0 0 0 0 0 0 0 0 0 0 0 0 0 0 0 0 0 0 0 0 0 0 0 0 0 0 0 0 0 0 0 0 2 0 10 20 27 44 62 78 95 97 97 108 110 102 93 81 68 50 33 27 17 4 0 0 2 -2147483648 
-2147483648 0 0 0 0 0 0 0 0 0 0 0 0 0 0 0 0 0 0 0 0 0 0 1 0 0 5 8 7 6 0 0 10 20 27 25 16 13 10 6 5 0 0 0 0 0 0 0 0 0 0 0 0 0 0 0 0 0 0 0 0 0 0 0 0 0 0 0 0 0 0 0 0 0 0 0 0 0 0 0 0 0 0 0 0 0 0 0 0 0 0 0 0 0 0 0 0 0 0 0 0 0 0 0 0 0 0 0 0 0 0 0 13 11 6 7 0 0 3 0 0 0 1 2 36 96 107 72 48 40 36 27 13 3 0 0 0 0 0 0 0 0 0 0 0 0 0 0 0 0 0 0 0 0 0 0 0 0 0 0 0 0 0 0 0 0 0 0 0 0 0 0 0 0 0 0 0 0 0 0 0 0 0 0 0 0 0 0 0 0 0 0 0 0 0 0 0 0 0 0 0 0 0 0 0 0 0 0 0 0 0 0 0 0 0 0 0 0 0 0 0 0 0 0 0 0 0 0 0 0 0 0 0 0 0 0 0 6 38 71 93 102 113 128 150 159 157 150 128 103 88 78 58 41 43 -2147483648 
-2147483648 0 0 0 0 0 0 0 0 0 0 0 0 0 0 0 0 0 0 0 0 0 0 0 0 0 0 4 3 0 8 22 28 29 27 20 10 11 15 15 11 2 1 5 3 0 0 0 0 0 0 0 0 0 0 0 0 0 0 0 0 0 0 0 0 0 0 0 0 0 5 12 19 27 25 14 0 0 0 0 0 0 0 0 0 0 0 0 0 0 0 0 0 0 0 0 0 0 0 0 0 0 0 0 0 0 0 7 0 5 18 21 19 21 19 14 15 11 0 0 0 0 0 0 0 11 26 19 25 38 28 10 2 0 0 0 0 0 0 0 0 0 0 0 0 0 0 0 0 0 0 0 0 0 0 0 0 0 0 0 0 0 0 0 0 0 0 0 0 0 0 0 0 0 0 0 0 0 0 0 0 0 0 0 0 0 0 0 0 0 0 0 0 0 0 0 0 0 0 0 0 0 0 0 0 0 0 0 0 0 0 0 0 0 0 0 0 0 0 0 0 0 0 0 0 0 0 0 0 0 0 0 0 0 0 0 0 0 0 0 0 0 0 0 29 60 81 105 123 126 133 145 147 136 121 -2147483648 
-2147483648 0 0 0 0 0 0 0 0 0 0 0 0 0 0 0 0 0 0 0 0 0 0 0 0 1 0 0 0 0 4 15 13 9 11 11 12 18 21 12 1 1 0 0 0 0 0 0 0 0 0 0 0 0 0 0 0 0 0 0 0 0 0 0 0 0 0 0 0 3 15 26 32 33 29 15 8 25 42 46 30 4 0 0 0 0 0 0 0 0 0 0 0 0 0 0 0 0 0 0 0 0 0 0 0 0 3 6 5 7 21 35 33 24 19 15 18 23 9 0 0 0 0 0 0 0 0 0 20 31 20 5 0 0 0 0 0 0 0 0 0 0 0 0 0 0 0 0 0 0 0 0 0 0 0 0 0 0 0 0 0 0 0 0 0 0 0 0 0 0 0 0 0 0 0 0 0 0 0 0 0 0 0 0 0 0 0 0 0 0 0 0 0 0 0 0 0 0 0 0 0 0 0 0 0 0 0 0 0 0 0 0 0 0 0 0 0 0 0 0 0 0 0 0 0 0 0 0 0 0 0 0 0 0 0 0 0 0 0 0 0 0 0 0 0 0 0 0 11 38 48 64 93 109 103 -2147483648 
-2147483648 0 0 0 0 0 0 0 0 0 0 0 0 0 0 5 3 0 0 0 0 0 0 0 0 3 4 0 0 4 3 0 0 9 9 3 6 5 8 6 0 0 0 0 0 0 0 0 0 0 1 8 11 8 5 0 0 0 0 0 0 0 0 0 0 0 0 6 17 28 34 37 30 12 3 12 23 34 48 43 21 4 0 2 4 0 0 0 0 0 0 0 0 0 0 0 0 0 0 0 0 0 0 0 0 0 1 4 6 8 15 17 14 6 5 16 23 24 26 22 0 0 0 0 0 0 0 4 28 18 3 0 0 0 0 0 0 0 0 0 0 0 0 0 0 0 0 0 0 0 0 0 0 0 0 0 0 0 0 0 0 0 0 0 0 0 0 0 0 0 0 0 0 0 0 0 0 0 0 0 0 0 0 0 0 0 0 0 0 0 0 0 0 0 0 0 0 0 0 0 0 0 0 0 0 0 0 0 0 0 0 0 0 0 0 0 0 0 0 0 0 0 0 0 0 0 0 0 0 0 0 0 0 0 0 0 0 0 0 0 0 0 4 3 4 8 0 0 0 0 0 0 4 24 33 -2147483648 
-2147483648 0 0 0 0 0 0 0 0 0 0 0 0 0 0 0 0 0 0 0 2 0 0 6 6 0 3 14 14 11 10 7 8 12 14 8 0 0 0 0 0 0 0 0 0 0 0 0 0 6 8 3 1 4 3 4 7 4 4 4 7 11 7 7 12 18 25 27 28 38 43 31 13 0 1 23 39 37 29 9 0 0 0 0 0 0 0 0 0 0 0 0 0 0 0 0 0 0 0 0 0 0 2 0 2 3 0 0 0 11 13 4 0 0 0 1 7 11 17 19 10 0 0 0 0 0 23 37 29 10 1 0 0 0 0 0 0 0 0 0 0 0 0 0 0 0 0 0 0 0 0 0 0 0 0 0 0 0 0 0 0 0 0 0 0 0 0 0 0 0 0 0 0 0 0 0 0 0 0 0 0 0 0 0 0 0 0 0 0 0 0 0 0 0 0 0 0 0 0 0 0 0 0 0 0 0 0 0 0 0 0 0 0 0 0 0 0 0 0 0 0 0 0 0 0 0 0 0 0 0 0 0 0 0 0 0 0 0 0 0 0 0 0 0 0 0 0 0 0 5 13 13 6 14 33 -2147483648 
-2147483648 0 0 0 0 0 0 0 0 0 0 0 0 0 0 0 1 1 4 7 2 0 4 13 18 12 6 6 5 5 2 0 1 0 0 4 0 0 0 0 0 0 0 0 0 0 1 12 15 9 10 11 4 3 9 17 17 9 10 7 1 7 12 10 13 31 49 50 42 36 25 13 18 31 36 40 42 28 4 0 0 1 0 0 0 0 0 0 0 0 0 0 0 0 0 0 0 0 0 0 0 0 0 1 8 9 1 0 3 4 0 0 0 0 0 0 0 0 0 0 0 0 0 0 0 3 7 0 0 0 0 0 0 0 0 0 0 0 0 0 0 0 0 0 0 0 0 0 0 0 0 0 0 0 0 0 0 0 0 0 0 0 0 0 0 0 0 0 0 0 0 0 0 0 0 0 0 0 0 0 0 0 0 0 0 0 0 0 0 0 0 0 0 0 0 0 0 0 0 0 0 0 0 0 0 0 0 0 0 0 0 0 0 0 0 0 0 0 0 0 0 0 0 0 0 0 0 0 0 0 0 0 0 0 0 0 0 0 0 0 0 0 0 0 0 0 0 0 0 0 0 0 0 0 0 -2147483648 
-2147483648 0 0 0 0 0 0 0 0 0 0 0 0 0 0 7 1 0 6 5 0 0 0 0 2 16 15 7 11 13 5 0 0 0 0 0 0 0 0 0 0 0 0 0 8 16 15 13 15 12 15 23 16 7 6 6 8 12 19 21 11 11 20 19 19 27 38 44 41 34 31 34 37 48 63 52 20 0 0 7 10 0 0 0 0 0 0 0 0 0 0 0 0 0 0 0 0 0 0 0 0 0 0 2 2 0 6 16 14 0 0 0 0 0 0 0 0 0 0 0 0 0 0 0 0 0 0 0 0 0 0 0 0 0 0 0 0 0 0 0 0 0 0 0 0 0 0 0 0 0 0 0 0 0 0 0 0 0 0 0 0 0 0 0 0 0 0 0 0 0 0 0 0 0 0 0 0 0 0 0 0 0 0 0 0 0 0 0 0 0 0 0 0 0 0 0 0 0 0 0 0 0 0 0 0 0 0 0 0 0 0 0 0 0 0 0 0 0 0 0 0 0 0 0 0 0 0 0 0 0 0 0 0 0 0 0 0 0 0 0 0 0 0 0 0 0 0 0 0 0 0 0 0 0 0 -2147483648 
-2147483648 0 0 0 0 0 0 0 0 0 2 2 0 0 0 0 2 7 6 0 0 7 10 1 0 3 7 9 4 0 0 2 0 0 0 0 0 0 0 0 0 0 0 6 17 15 2 0 4 7 0 0 0 0 0 0 0 6 10 11 14 18 33 49 48 34 21 22 32 29 29 44 50 44 36 24 12 7 9 9 0 0 0 0 0 0 0 0 0 0 0 0 0 0 0 0 0 0 0 0 0 0 0 0 0 0 5 10 9 3 0 0 0 0 0 0 0 0 0 0 0 0 0 0 0 0 0 0 0 0 0 0 0 0 0 0 0 0 0 0 0 0 0 0 0 0 0 0 0 0 0 0 0 0 0 0 0 0 0 0 0 0 0 0 0 0 0 0 0 0 0 0 0 0 0 0 0 0 0 0 0 0 0 0 0 0 0 0 0 0 0 0 0 0 0 0 0 0 0 0 0 0 0 0 0 0 0 0 0 0 0 0 0 0 0 0 0 0 0 0 0 0 0 0 0 0 0 0 0 0 0 0 0 0 0 0 0 0 0 0 0 0 0 0 0 0 0 0 0 0 0 0 0 0 0 -2147483648 
-2147483648 4 7 11 7 0 0 2 0 0 0 0 0 6 4 0 0 1 3 0 0 0 0 3 8 2 0 0 0 0 0 0 0 0 0 2 3 0 0 0 6 1 4 7 2 5 13 8 0 0 0 0 0 0 0 0 0 0 0 1 13 18 29 42 44 35 20 12 16 22 31 44 48 32 6 0 9 20 16 5 0 6 11 8 3 0 3 7 2 0 5 7 4 5 6 6 2 0 0 0 0 0 0 0 1 0 0 0 0 0 0 0 0 0 1 0 3 0 0 0 0 0 0 0 0 0 0 0 0 0 0 0 0 0 0 0 0 0 0 0 0 0 0 0 0 0 0 0 0 0 0 0 0 0 0 0 0 0 0 0 0 0 0 0 0 0 0 0 0 0 0 0 0 0 0 0 0 0 0 0 0 0 0 0 0 0 0 0 0 0 0 0 0 0 0 0 0 0 0 0 0 0 0 0 0 0 0 0 0 0 0 0 0 0 2 3 0 0 0 0 0 0 0 0 0 0 0 0 0 0 0 0 0 0 0 0 0 0 0 0 0 0 0 0 0 0 0 0 0 0 0 0 0 0 0 -2147483648 
-2147483648 5 5 7 8 10 9 0 0 4 0 0 2 4 0 0 1 0 0 0 9 8 1 0 0 0 0 0 0 0 0 0 0 0 0 6 13 19 22 13 10 15 14 10 6 6 9 8 3 0 0 0 0 2 14 11 5 3 2 5 13 19 20 21 21 20 21 18 14 25 38 32 14 0 0 0 5 13 14 9 7 11 16 19 18 10 2 2 13 21 17 14 13 16 19 15 9 9 17 17 7 0 2 10 5 0 0 0 0 0 0 3 4 0 3 15 12 0 0 0 1 23 28 12 0 0 0 0 0 0 0 0 0 0 0 0 0 0 0 0 0 0 0 0 0 0 0 0 0 0 0 0 0 0 0 0 0 0 0 0 0 0 0 0 0 0 0 0 0 0 0 0 0 0 0 0 0 0 0 0 0 0 0 0 0 0 0 0 0 0 0 0 0 0 0 0 0 0 0 0 0 0 0 0 0 0 0 0 0 0 0 0 0 0 0 4 0 0 0 0 0 0 7 10 7 5 3 3 1 0 0 0 0 0 0 0 0 0 0 0 0 0 0 0 0 0 0 0 0 0 0 0 0 0 0 -2147483648 
-2147483648 255 255 255 255 255 255 255 255 255 255 255 255 255 255 255 255 255 255 255 255 255 255 255 255 255 255 255 255 255 255 255 255 255 255 255 255 255 255 255 255 255 255 255 255 255 255 255 255 255 255 255 255 255 255 255 255 255 255 255 255 255 255 255 255 255 255 255 255 255 255 255 255 255 255 255 255 255 255 255 255 255 255 255 255 255 255 255 255 255 255 255 255 255 255 255 255 255 255 255 255 255 255 255 255 255 255 255 255 255 255 255 255 255 255 255 255 255 255 255 255 255 255 236 222 215 206 200 191 183 182 177 173 177 176 167 157 148 140 130 120 111 105 101 93 83 73 65 59 54 47 37 26 15 8 6 6 4 1 0 0 0 0 0 0 0 0 0 0 0 0 0 0 0 0 0 0 0 0 0 0 0 0 0 0 0 0 0 0 0 0 0 0 0 0 0 0 0 0 0 0 0 1 10 29 48 66 80 85 87 93 115 156 203 238 255 255 255 255 255 255 255 255 255 255 255 255 255 255 255 255 255 255 255 255 255 255 255 255 255 255 255 255 255 255 255 255 255 255 255 255 255 255 255 255 -2147483648 
-2147483648 -2147483648 -2147483648 -2147483648 -2147483648 -2147483648 -2147483648 -2147483648 -2147483648 -2147483648 -2147483648 -2147483648 -2147483648 -2147483648 -2147483648 -2147483648 -2147483648 -2147483648 -2147483648 -2147483648 -2147483648 -2147483648 -2147483648 -2147483648 -2147483648 -2147483648 -2147483648 -2147483648 -2147483648 -2147483648 -2147483648 -2147483648 -2147483648 -2147483648 -2147483648 -2147483648 -2147483648 -2147483648 -2147483648 -2147483648 -2147483648 -2147483648 -2147483648 -2147483648 -2147483648 -2147483648 -2147483648 -2147483648 -2147483648 -2147483648 -2147483648 -2147483648 -2147483648 -2147483648 -2147483648 -2147483648 -2147483648 -2147483648 -2147483648 -2147483648 -2147483648 -2147483648 -2147483648 -2147483648 -2147483648 -2147483648 -2147483648 -2147483648 -2147483648 -2147483648 -2147483648 -2147483648 -2147483648 -2147483648 -2147483648 -2147483648 -2147483648 -2147483648 -2147483648 -2147483648 -2147483648 -2147483648 -2147483648 -2147483648 -2147483648 -2147483648 -2147483648 -2147483648 -2147483648 -2147483648 -2147483648 -2147483648 -2147483648 -2147483648 -2147483648 -2147483648 -2147483648 -2147483648 -2147483648 -2147483648 -2147483648 -2147483648 -2147483648 -2147483648 -2147483648 -2147483648 -2147483648 -2147483648 -2147483648 -2147483648 -2147483648 -2147483648 -2147483648 -2147483648 -2147483648 -2147483648 -2147483648 -2147483648 -2147483648 -2147483648 -2147483648 -2147483648 -2147483648 -2147483648 -2147483648 -2147483648 -2147483648 -2147483648 -2147483648 -2147483648 -2147483648 -2147483648 -2147483648 -2147483648 -2147483648 -2147483648 -2147483648 -2147483648 -2147483648 -2147483648 -2147483648 -2147483648 -2147483648 -2147483648 -2147483648 -2147483648 -2147483648 -2147483648 -2147483648 -2147483648 -2147483648 -2147483648 -2147483648 -2147483648 -2147483648 -2147483648 -2147483648 -2147483648 -2147483648 -2147483648 -2147483648 -2147483648 -2147483648 -2147483648 -2147483648 -2147483648 -2147483648 -2147483648 -2147483648 -2147483648 -2147483648 -2147483648 -2147483648 -2147483648 -2147483648 -2147483648 -2147483648 -2147483648 -2147483648 -2147483648 -2147483648 -2147483648 -2147483648 -2147483648 -2147483648 -2147483648 -2147483648 -2147483648 -2147483648 -2147483648 -2147483648 -2147483648 -2147483648 -2147483648 -2147483648 -2147483648 -2147483648 -2147483648 -2147483648 -2147483648 -2147483648 -2147483648 -2147483648 -2147483648 -2147483648 -2147483648 -2147483648 -2147483648 -2147483648 -2147483648 -2147483648 -2147483648 -2147483648 -2147483648 -2147483648 -2147483648 -2147483648 -2147483648 -2147483648 -2147483648 -2147483648 -2147483648 -2147483648 -2147483648 -2147483648 -2147483648 -2147483648 -2147483648 -2147483648 -2147483648 -2147483648 -2147483648 -2147483648 -2147483648 -2147483648 -2147483648 -2147483648 -2147483648 -2147483648 -2147483648 -2147483648 -2147483648 -2147483648 -2147483648 -2147483648 -2147483648 -2147483648 -2147483648 -2147483648 -2147483648 -2147483648 -2147483648 -2147483648 -2147483648 -2147483648 -2147483648 
