Type=GDR 2.0
Nb.Pixel/Ligne=256
Nb.Lignes=256
Nb.Bits=8
 
-2147483648 -2147483648 -2147483648 -2147483648 -2147483648 -2147483648 -2147483648 -2147483648 -2147483648 -2147483648 -2147483648 -2147483648 -2147483648 -2147483648 -2147483648 -2147483648 -2147483648 -2147483648 -2147483648 -2147483648 -2147483648 -2147483648 -2147483648 -2147483648 -2147483648 -2147483648 -2147483648 -2147483648 -2147483648 -2147483648 -2147483648 -2147483648 -2147483648 -2147483648 -2147483648 -2147483648 -2147483648 -2147483648 -2147483648 -2147483648 -2147483648 -2147483648 -2147483648 -2147483648 -2147483648 -2147483648 -2147483648 -2147483648 -2147483648 -2147483648 -2147483648 -2147483648 -2147483648 -2147483648 -2147483648 -2147483648 -2147483648 -2147483648 -2147483648 -2147483648 -2147483648 -2147483648 -2147483648 -2147483648 -2147483648 -2147483648 -2147483648 -2147483648 -2147483648 -2147483648 -2147483648 -2147483648 -2147483648 -2147483648 -2147483648 -2147483648 -2147483648 -2147483648 -2147483648 -2147483648 -2147483648 -2147483648 -2147483648 -2147483648 -2147483648 -2147483648 -2147483648 -2147483648 -2147483648 -2147483648 -2147483648 -2147483648 -2147483648 -2147483648 -2147483648 -2147483648 -2147483648 -2147483648 -2147483648 -2147483648 -2147483648 -2147483648 -2147483648 -2147483648 -2147483648 -2147483648 -2147483648 -2147483648 -2147483648 -2147483648 -2147483648 -2147483648 -2147483648 -2147483648 -2147483648 -2147483648 -2147483648 -2147483648 -2147483648 -2147483648 -2147483648 -2147483648 -2147483648 -2147483648 -2147483648 -2147483648 -2147483648 -2147483648 -2147483648 -2147483648 -2147483648 -2147483648 -2147483648 -2147483648 -2147483648 -2147483648 -2147483648 -2147483648 -2147483648 -2147483648 -2147483648 -2147483648 -2147483648 -2147483648 -2147483648 -2147483648 -2147483648 -2147483648 -2147483648 -2147483648 -2147483648 -2147483648 -2147483648 -2147483648 -2147483648 -2147483648 -2147483648 -2147483648 -2147483648 -2147483648 -2147483648 -2147483648 -2147483648 -2147483648 -2147483648 -2147483648 -2147483648 -2147483648 -2147483648 -2147483648 -2147483648 -2147483648 -2147483648 -2147483648 -2147483648 -2147483648 -2147483648 -2147483648 -2147483648 -2147483648 -2147483648 -2147483648 -2147483648 -2147483648 -2147483648 -2147483648 -2147483648 -2147483648 -2147483648 -2147483648 -2147483648 -2147483648 -2147483648 -2147483648 -2147483648 -2147483648 -2147483648 -2147483648 -2147483648 -2147483648 -2147483648 -2147483648 -2147483648 -2147483648 -2147483648 -2147483648 -2147483648 -2147483648 -2147483648 -2147483648 -2147483648 -2147483648 -2147483648 -2147483648 -2147483648 -2147483648 -2147483648 -2147483648 -2147483648 -2147483648 -2147483648 -2147483648 -2147483648 -2147483648 -2147483648 -2147483648 -2147483648 -2147483648 -2147483648 -2147483648 -2147483648 -2147483648 -2147483648 -2147483648 -2147483648 -2147483648 -2147483648 -2147483648 -2147483648 -2147483648 -2147483648 -2147483648 -2147483648 -2147483648 -2147483648 -2147483648 -2147483648 -2147483648 -2147483648 -2147483648 -2147483648 -2147483648 -2147483648 -2147483648 -2147483648 -2147483648 
-2147483648 17 19 12 11 11 12 18 21 30 37 33 32 32 32 34 28 30 28 12 6 24 44 53 67 92 118 145 169 186 203 217 226 240 251 248 237 225 213 191 157 211 210 56 17 22 41 12 65 27 176 255 147 33 54 51 53 51 53 55 53 50 52 53 43 36 34 28 30 34 25 19 13 6 132 255 165 25 30 30 27 30 118 255 255 75 40 57 29 21 20 25 35 46 62 80 95 112 128 136 143 152 158 159 156 148 139 131 126 237 255 219 117 103 113 143 71 247 157 8 4 24 9 14 7 11 17 17 21 23 26 39 195 203 39 23 18 57 34 113 242 255 110 4 10 15 20 11 18 16 16 3 11 4 8 2 5 9 3 6 6 3 11 12 17 25 25 38 55 91 255 255 75 24 20 21 17 9 14 82 168 255 255 255 255 255 255 255 255 255 244 223 201 185 169 149 133 136 160 149 114 168 250 255 255 255 255 255 255 239 162 144 92 127 160 107 74 20 60 102 80 39 42 39 27 44 52 41 40 74 92 92 95 106 105 94 76 58 35 20 17 20 18 20 14 8 14 10 11 11 11 8 14 13 17 -2147483648 
-2147483648 27 30 31 27 29 29 25 20 16 12 13 22 12 15 13 13 23 10 50 122 177 198 205 215 227 229 222 216 207 194 181 166 147 120 95 67 46 22 8 53 222 235 55 22 33 39 19 68 27 187 255 134 41 58 43 38 40 40 35 31 27 24 10 5 7 2 9 11 11 18 24 28 29 140 255 175 25 25 25 23 34 124 255 255 84 47 68 83 98 110 125 142 153 159 164 167 162 154 145 133 116 99 84 69 57 47 36 25 232 255 246 126 106 125 136 85 251 158 9 7 17 17 9 3 17 24 20 15 18 14 29 200 203 43 14 16 62 29 119 249 255 114 6 14 15 21 8 18 18 11 8 11 4 9 16 25 33 43 61 79 93 115 148 180 200 219 250 255 255 255 249 65 27 26 30 22 16 17 58 111 166 196 187 154 126 110 92 66 39 25 22 9 30 36 52 81 97 124 154 155 197 213 187 141 87 29 23 133 152 76 105 141 170 207 149 107 47 27 60 64 37 32 44 23 15 23 29 24 25 41 42 30 28 32 32 26 9 0 17 10 10 8 17 14 11 21 24 39 44 44 56 75 77 84 -2147483648 
-2147483648 19 10 14 19 25 28 34 50 75 97 100 80 43 6 11 23 17 24 112 184 193 183 169 151 124 101 83 54 27 16 3 22 36 47 51 51 51 55 55 72 219 231 60 32 39 42 31 65 34 195 255 121 48 58 32 23 14 3 10 13 14 18 24 22 20 18 18 22 22 21 19 21 18 151 255 188 27 21 27 24 37 132 255 255 111 80 106 126 134 135 130 122 114 104 89 76 63 46 31 20 13 8 3 0 0 0 0 0 236 255 255 127 113 121 128 83 250 157 30 24 22 15 13 19 28 21 3 6 10 14 34 214 207 47 20 18 61 25 111 255 255 115 9 26 15 22 19 27 41 55 76 95 123 153 178 202 228 252 255 255 255 255 255 255 255 255 255 255 255 255 138 44 27 25 20 4 3 8 17 16 15 13 3 10 14 6 9 30 30 40 30 14 16 26 58 109 136 131 119 110 166 220 255 255 255 255 255 255 209 122 106 70 102 160 126 116 76 44 56 60 42 25 40 33 22 13 14 23 11 4 16 3 7 16 20 25 26 40 46 44 56 72 82 93 104 110 113 118 118 113 107 102 95 82 -2147483648 
-2147483648 75 93 108 122 139 152 163 177 183 182 168 152 90 17 15 22 10 38 148 190 84 20 15 11 25 38 41 44 49 50 52 49 44 46 45 42 45 44 30 56 210 226 55 27 41 43 34 59 41 207 255 122 54 59 27 25 24 19 17 16 15 14 10 12 22 31 39 46 56 70 84 93 95 192 255 206 23 22 32 31 37 143 255 255 127 51 54 51 37 19 6 38 77 118 161 189 170 108 43 8 0 0 0 0 0 0 0 0 240 255 255 127 122 117 141 81 249 151 20 24 27 26 24 19 16 6 5 4 2 6 44 222 212 49 23 18 57 32 102 255 255 118 111 128 155 185 205 226 252 255 255 255 255 255 255 255 255 255 255 255 255 255 255 232 206 190 174 145 112 64 18 11 8 11 27 43 40 29 30 32 23 11 11 1 15 27 29 44 41 35 50 56 69 86 108 139 153 144 160 191 223 239 224 198 174 150 133 107 60 34 35 52 116 149 153 180 178 124 85 66 48 31 34 22 16 29 38 44 48 64 76 78 90 106 116 119 118 121 123 120 117 108 95 84 70 52 37 26 4 14 31 54 66 79 -2147483648 
-2147483648 155 154 148 149 151 150 148 135 117 101 116 180 116 29 15 17 7 41 157 190 74 34 37 32 34 34 36 36 36 36 36 27 26 32 32 28 23 18 12 52 205 226 57 18 38 30 22 55 48 218 255 135 46 63 27 22 20 17 27 39 49 56 67 88 104 117 127 135 142 143 143 138 133 238 255 232 32 16 32 42 46 156 255 255 126 91 137 191 255 255 255 255 255 255 255 255 255 255 255 137 45 18 10 3 0 0 0 1 246 255 255 133 128 119 162 82 255 155 12 18 24 28 24 14 14 18 28 30 25 23 55 218 213 54 25 22 60 41 96 233 255 255 255 255 255 255 255 255 255 255 255 255 255 248 224 200 172 150 135 112 86 66 45 30 23 21 6 4 4 23 14 14 11 7 19 12 15 13 23 36 47 40 43 51 49 44 47 63 74 70 65 57 62 44 64 114 143 154 150 128 80 59 53 46 47 46 39 34 39 40 27 44 98 103 75 93 150 158 104 77 83 101 104 103 120 132 135 141 136 122 111 103 92 78 67 52 27 9 23 33 43 55 67 86 109 115 115 122 126 124 115 108 105 93 -2147483648 
-2147483648 80 68 59 49 38 31 18 1 8 16 110 199 125 25 13 18 17 39 162 189 63 29 35 31 32 29 27 25 21 17 18 18 14 12 5 4 10 12 5 54 208 227 66 28 34 27 22 50 51 219 255 153 40 72 62 74 93 108 114 123 135 141 144 142 134 126 116 108 101 89 71 54 46 235 255 255 35 20 41 44 32 161 255 255 255 255 255 255 255 255 255 255 255 255 255 255 255 255 255 255 255 113 52 24 12 4 0 3 255 255 255 138 130 126 159 82 255 157 22 20 14 14 17 8 20 26 27 26 25 12 53 217 215 53 18 19 63 43 75 171 255 255 255 255 253 209 170 144 121 98 87 76 55 38 30 29 30 25 21 14 10 5 6 4 8 14 16 27 29 40 31 33 30 31 40 36 49 54 63 73 66 55 51 44 38 29 26 31 33 26 27 36 30 11 47 112 167 180 111 66 33 6 7 14 32 48 66 81 103 146 208 255 255 255 255 175 94 155 96 126 174 131 73 29 45 37 30 17 25 49 68 75 87 101 114 131 144 145 138 138 141 130 112 102 100 93 78 68 54 45 40 29 23 20 -2147483648 
-2147483648 0 1 2 4 6 10 19 22 23 33 118 188 119 22 16 26 21 34 169 203 60 36 28 13 11 12 7 1 7 19 21 9 8 18 16 16 24 22 15 62 220 231 65 19 24 24 23 48 59 223 255 181 57 91 109 118 121 120 114 106 97 89 78 61 44 33 21 11 4 1 0 0 0 230 255 255 34 29 38 30 16 159 255 255 255 255 255 255 255 255 255 255 255 255 255 255 255 255 255 255 255 255 187 83 47 32 30 39 255 255 255 150 136 137 149 99 247 152 14 13 4 20 13 13 17 13 13 13 21 2 57 230 217 38 16 28 52 36 30 74 101 106 81 38 3 23 28 34 48 54 50 26 22 17 13 23 25 23 18 20 20 19 26 29 35 42 46 46 37 43 40 40 31 9 21 5 33 25 23 24 18 14 16 16 14 13 1 20 15 4 7 25 13 24 40 97 184 226 219 219 206 203 197 204 214 212 211 213 218 255 255 255 255 244 194 197 82 107 64 185 208 103 171 174 183 169 156 161 157 143 133 125 111 103 99 80 64 55 39 24 25 34 28 16 8 18 17 19 17 15 31 32 30 35 -2147483648 
-2147483648 0 2 4 11 18 22 23 23 21 33 113 174 113 23 14 25 13 31 169 214 61 40 26 17 19 22 24 16 8 13 21 24 24 25 32 36 38 47 61 93 249 255 58 5 35 23 16 53 63 232 255 203 41 51 55 47 37 30 25 17 7 1 0 0 0 0 0 0 0 0 0 0 0 230 255 255 30 24 29 32 16 161 255 238 255 255 255 255 211 146 93 53 25 16 15 21 50 136 255 255 255 255 255 255 237 255 255 255 255 255 238 161 156 138 161 124 255 150 22 12 22 21 6 21 17 8 8 20 12 6 53 238 224 26 10 20 38 30 11 10 11 8 41 49 28 24 12 10 13 34 66 52 39 48 42 38 29 28 26 23 23 24 26 22 28 24 8 10 7 25 1 4 33 27 45 54 68 51 23 25 32 34 34 42 57 68 72 76 82 98 112 130 139 120 106 110 158 147 98 108 94 82 70 41 12 18 32 32 51 105 112 121 109 119 121 120 36 51 32 188 183 169 149 101 99 104 73 60 49 36 29 20 10 6 7 20 24 24 26 20 37 44 39 41 50 66 69 72 77 84 100 108 112 113 -2147483648 
-2147483648 1 4 6 14 17 9 10 12 4 23 106 179 108 22 17 19 17 37 177 212 63 34 26 20 20 25 29 35 39 42 50 68 79 80 89 93 87 87 91 114 255 255 54 9 50 24 17 58 62 235 255 214 29 0 0 0 0 0 0 0 0 0 0 0 0 0 0 0 0 0 0 0 0 241 255 255 18 19 28 43 15 174 255 255 255 255 255 157 25 3 0 0 0 1 9 23 38 55 69 158 255 255 255 255 255 255 255 255 255 255 156 155 178 133 179 140 255 147 9 9 26 15 12 26 12 1 9 20 11 9 48 241 231 27 6 32 48 28 7 10 16 4 40 59 56 66 82 97 105 106 85 47 27 29 28 32 24 15 16 22 21 6 8 11 23 7 16 17 1 31 17 25 75 107 132 133 130 102 92 109 121 120 124 132 127 116 102 86 83 74 59 51 44 34 47 104 213 236 219 211 202 198 187 191 205 202 188 170 163 184 191 187 114 114 87 48 38 29 8 170 118 91 22 31 46 79 39 30 43 47 61 64 59 62 72 77 79 93 102 105 114 124 138 151 164 176 182 193 203 213 217 218 225 230 -2147483648 
-2147483648 2 4 3 16 22 22 23 24 25 31 110 196 104 21 27 19 20 42 191 212 74 40 46 56 62 64 69 76 80 81 81 79 74 70 68 66 60 50 39 66 255 255 61 15 52 24 24 54 56 233 255 221 28 0 0 0 0 0 0 0 0 0 0 0 0 0 0 0 0 0 0 0 0 250 255 255 21 26 34 43 12 183 255 252 255 255 255 255 255 113 106 122 132 136 131 117 100 99 108 118 137 255 255 255 255 255 255 255 255 208 108 154 180 124 181 160 255 153 14 7 17 31 33 24 4 6 14 24 5 13 54 244 235 40 28 55 47 16 12 11 16 6 20 43 60 71 85 79 63 53 31 16 17 16 10 12 3 14 7 12 20 12 25 26 28 42 51 50 52 60 53 58 88 69 50 18 84 57 49 44 25 16 4 18 35 45 57 71 88 100 109 111 111 123 145 180 255 255 191 161 130 100 80 61 42 30 36 31 51 74 135 187 24 54 80 1 45 24 11 164 141 95 63 31 87 145 136 144 156 162 169 173 182 197 216 234 243 253 255 255 255 255 255 255 255 255 255 255 255 255 255 255 255 255 -2147483648 
-2147483648 1 4 5 9 16 19 22 21 22 32 121 213 113 25 24 17 20 47 203 227 82 32 40 46 50 51 49 46 43 37 27 20 15 10 6 3 0 0 0 44 255 255 73 21 50 25 29 48 57 230 255 230 28 0 0 0 0 0 0 0 0 0 0 0 0 0 0 0 0 0 0 0 1 254 255 255 31 38 44 33 13 162 255 255 255 255 255 255 255 255 211 165 130 106 79 50 30 20 29 64 96 111 146 147 103 65 97 123 116 99 89 145 176 125 169 175 255 163 15 14 27 36 35 25 16 14 14 26 23 32 68 239 243 47 31 50 29 19 16 15 10 4 1 13 21 24 29 9 4 6 9 6 13 29 31 37 49 51 70 86 75 64 61 58 51 50 40 29 19 27 13 35 84 136 163 146 130 105 104 118 128 129 130 133 131 127 122 108 102 98 81 66 61 72 84 132 243 203 56 17 33 55 71 97 139 180 195 198 217 231 245 201 61 65 101 28 49 33 13 164 181 90 111 12 173 255 255 255 255 255 255 255 255 255 255 255 255 255 255 255 255 255 255 255 255 255 249 235 216 192 177 167 149 137 -2147483648 
-2147483648 0 0 0 0 0 1 6 12 14 20 118 233 140 26 17 27 23 49 219 243 74 8 10 8 5 3 0 0 0 0 0 0 0 0 0 0 0 0 0 43 255 255 75 20 49 22 28 43 66 230 255 238 28 0 0 0 0 0 0 0 0 0 0 0 0 3 12 24 39 63 97 139 190 255 255 255 38 37 36 19 23 112 255 255 255 255 255 255 206 193 159 125 92 72 64 45 36 25 47 132 209 230 215 183 148 103 99 17 61 101 68 89 161 131 137 181 255 175 27 30 26 17 12 10 11 1 7 14 17 18 72 241 243 38 22 43 30 21 20 13 4 3 4 13 8 16 37 39 43 48 50 56 70 75 61 47 43 42 37 7 7 1 25 36 38 54 68 72 67 72 78 98 109 95 89 65 88 91 91 93 84 69 53 42 34 26 24 20 19 11 11 5 3 39 73 129 227 237 255 255 255 255 255 255 255 255 255 255 255 255 255 158 126 74 119 66 60 36 28 170 198 86 133 39 241 255 255 255 255 255 255 255 255 255 254 234 215 199 182 167 153 134 113 95 79 66 53 45 36 19 13 12 3 10 -2147483648 
-2147483648 0 0 0 0 0 0 0 3 6 9 100 246 166 19 18 32 22 48 232 253 71 0 0 0 0 0 0 0 0 0 0 0 0 0 0 0 0 0 0 46 255 255 67 21 55 22 25 35 64 243 255 231 29 0 0 0 0 3 9 20 37 59 92 136 181 233 255 255 255 255 255 255 255 255 255 193 48 42 36 29 31 47 121 163 164 136 93 92 89 121 154 167 158 121 87 84 65 42 96 156 104 64 93 112 139 118 65 49 91 101 47 23 88 55 102 184 255 174 29 27 19 19 24 15 5 7 17 23 17 13 76 255 242 27 18 38 7 31 31 27 29 22 25 35 43 46 44 35 26 20 15 9 10 18 30 42 57 66 78 91 91 86 86 81 81 75 65 51 39 38 32 54 26 64 93 25 78 44 31 21 9 20 29 38 52 66 80 94 107 117 128 139 156 185 234 255 255 255 255 255 255 255 255 255 243 157 72 12 81 134 108 62 146 71 156 110 84 42 26 160 196 58 132 58 255 255 255 158 140 125 111 102 88 67 46 32 20 11 1 10 16 18 20 31 37 37 44 52 52 46 46 58 64 59 -2147483648 
-2147483648 0 0 0 0 0 0 0 0 0 0 88 250 175 23 27 35 44 60 249 255 79 0 0 0 0 0 0 0 0 0 0 0 0 0 0 0 0 0 0 50 255 255 67 27 57 20 23 34 60 255 255 211 58 82 112 146 191 242 255 255 255 255 255 255 255 255 255 255 255 255 255 255 255 255 212 87 35 37 28 20 13 13 6 3 23 19 8 44 51 48 66 71 119 157 160 149 102 72 129 235 255 255 255 255 242 185 100 40 54 68 46 22 65 16 107 183 255 161 17 16 21 25 34 31 27 35 36 30 26 15 62 255 255 23 8 23 66 56 17 1 9 7 11 6 1 11 33 34 39 43 47 60 71 74 74 69 66 65 57 51 46 38 35 28 19 3 7 11 18 22 12 56 11 109 72 41 82 37 10 55 122 167 189 213 234 242 255 255 255 255 255 255 255 255 255 255 255 255 255 156 196 255 255 255 255 255 255 255 255 255 255 115 114 78 165 91 85 63 33 134 190 9 116 37 244 255 255 101 19 29 38 47 49 49 54 64 72 74 73 74 75 79 84 85 83 80 80 83 82 81 83 84 83 79 -2147483648 
-2147483648 0 0 0 0 0 0 0 0 0 0 85 255 181 32 32 39 68 65 255 255 85 0 0 0 0 0 0 0 0 0 0 0 0 0 0 0 0 0 0 58 255 255 76 27 48 11 22 42 63 235 255 255 255 255 255 255 255 255 255 255 255 255 255 255 255 255 255 230 199 169 120 87 63 36 26 14 5 6 10 14 13 10 7 19 51 79 123 166 175 173 190 219 228 188 128 86 44 21 37 78 108 108 111 128 138 161 194 212 193 151 95 61 86 31 124 188 255 148 29 35 30 18 27 42 40 33 26 24 25 13 46 255 255 10 18 22 36 36 47 46 41 33 34 37 31 37 39 28 21 24 31 29 17 11 16 14 10 10 15 25 37 38 52 78 102 117 121 130 145 132 87 76 18 103 92 79 52 26 20 136 253 255 255 255 255 255 255 255 255 255 255 255 255 255 255 255 255 255 255 255 255 233 198 170 136 108 39 56 96 158 255 163 106 50 141 67 77 60 37 126 177 37 113 9 232 255 255 87 63 78 78 85 91 87 86 95 102 98 93 94 91 90 92 88 81 76 73 73 72 68 65 60 52 50 -2147483648 
-2147483648 0 0 0 0 0 0 0 0 0 0 92 255 187 28 24 41 90 57 255 255 90 0 0 0 0 0 0 0 0 0 0 0 0 0 6 19 36 57 87 150 255 255 79 29 40 18 27 46 51 177 255 255 255 255 255 255 255 255 255 234 200 160 114 83 53 31 14 7 23 6 10 7 10 9 20 24 22 15 27 28 31 45 60 76 114 137 151 154 147 138 132 130 116 79 52 36 14 11 19 35 48 42 19 36 87 116 127 116 128 132 78 48 81 10 141 199 255 137 33 30 18 13 22 34 35 31 21 16 22 23 51 255 255 13 27 30 49 55 44 24 17 8 8 18 4 17 20 20 18 26 31 47 68 80 88 95 116 139 150 163 180 201 229 255 255 255 255 255 255 255 229 111 6 47 67 37 28 17 31 201 255 255 255 255 255 255 255 255 255 255 239 209 180 154 134 108 89 244 255 255 255 255 255 255 255 255 255 255 255 255 255 231 151 57 134 58 73 50 54 119 157 29 122 29 226 255 255 56 74 71 72 74 79 82 77 74 70 65 64 60 54 48 44 41 41 40 35 33 35 31 30 26 23 23 -2147483648 
-2147483648 0 0 0 0 0 0 0 0 0 0 103 255 182 18 23 45 107 50 255 255 99 0 0 0 0 1 7 18 37 62 90 124 164 208 255 255 255 255 255 255 255 255 62 25 41 30 31 49 38 84 140 160 129 86 45 3 25 44 35 24 18 7 10 10 4 7 12 22 23 12 30 42 42 43 43 42 35 23 29 24 26 50 43 33 71 63 80 118 120 96 101 154 199 197 180 160 152 150 161 181 187 183 187 191 178 161 172 210 198 129 67 57 45 55 141 204 255 135 28 24 20 17 21 21 24 21 27 21 30 40 63 255 255 26 30 23 28 24 25 13 40 34 52 67 66 76 92 109 122 137 170 207 232 249 255 255 255 255 255 255 255 255 255 255 255 255 255 255 255 255 255 146 24 22 34 14 22 14 42 255 255 255 155 130 111 88 68 56 40 24 14 3 13 25 39 49 51 120 255 255 255 255 255 255 255 255 255 255 255 255 255 255 188 75 107 40 63 38 31 98 130 14 125 34 225 255 255 37 71 34 43 44 42 44 44 39 30 30 23 18 18 19 18 21 25 24 17 13 16 17 20 21 22 23 -2147483648 
-2147483648 0 0 0 0 0 0 0 0 0 0 116 255 169 20 33 43 100 42 255 255 117 80 103 130 167 205 239 255 255 255 255 255 255 255 255 255 255 255 255 255 255 141 35 24 43 31 41 54 31 27 22 30 48 57 57 49 38 74 57 20 18 19 28 30 32 36 43 53 49 50 56 52 49 35 30 25 25 22 17 35 23 29 15 25 69 114 137 160 190 205 215 246 255 255 255 255 255 255 207 153 100 68 54 42 15 14 61 110 140 191 204 169 87 100 120 208 255 138 27 23 40 41 37 35 41 53 79 109 135 157 177 255 249 38 32 31 38 30 19 27 76 118 173 205 230 255 255 255 255 255 255 255 255 255 255 255 255 255 255 255 255 255 255 255 255 255 247 212 187 255 255 158 6 5 26 13 20 14 43 255 255 255 53 27 36 46 62 72 78 80 81 91 101 104 107 118 121 100 94 134 168 170 154 140 133 123 111 102 92 74 249 255 176 39 61 35 51 29 16 89 118 4 124 29 225 255 255 34 68 30 24 25 18 13 14 15 11 15 16 13 16 17 12 14 17 19 17 14 14 8 4 10 13 16 -2147483648 
-2147483648 0 0 0 0 0 0 0 0 1 10 137 255 154 32 36 34 71 51 213 255 255 255 255 255 255 255 255 255 255 255 255 255 255 235 195 154 130 113 100 83 63 39 31 32 50 39 41 45 31 30 32 54 64 59 67 81 102 104 65 29 40 41 36 32 34 35 27 23 20 27 20 3 3 5 11 12 27 48 68 99 59 46 73 83 99 118 125 123 137 158 153 133 119 126 146 130 103 85 49 64 92 89 90 108 112 110 121 147 166 172 180 196 88 80 76 204 255 143 106 121 164 193 190 198 219 237 247 254 255 255 255 255 174 54 30 33 40 24 13 56 147 255 255 255 255 255 255 255 255 255 255 255 255 255 255 255 230 202 182 160 127 98 76 55 37 19 6 11 72 255 255 155 11 17 34 13 21 11 37 255 255 255 80 93 107 115 116 126 129 125 126 134 141 142 133 124 120 114 95 77 66 54 41 36 39 40 35 32 36 46 254 255 175 34 63 45 65 33 21 80 139 42 142 41 216 255 255 35 70 39 11 9 12 15 18 14 9 10 20 18 16 16 9 4 9 17 22 20 20 15 14 12 9 11 -2147483648 
-2147483648 7 15 30 46 61 83 113 144 173 199 228 254 132 40 32 27 38 31 86 216 255 255 255 255 245 210 177 151 137 115 77 38 6 24 35 41 46 40 51 34 30 25 33 36 47 26 23 33 20 10 15 47 85 107 112 104 98 74 37 30 29 23 22 23 20 13 13 7 16 23 47 62 75 91 102 101 80 83 110 138 132 53 45 44 38 19 18 9 14 29 40 52 76 114 135 113 103 113 89 58 43 12 25 57 52 44 30 21 9 24 110 174 55 30 38 151 255 255 255 255 255 255 255 252 241 221 196 175 149 111 72 106 65 43 19 35 58 38 14 73 221 255 255 255 255 245 221 191 162 133 109 85 57 36 19 4 8 15 23 34 41 47 54 58 70 86 90 90 114 255 255 152 16 17 36 9 23 16 41 248 255 255 106 115 116 112 104 103 107 110 105 97 87 81 77 63 50 48 50 46 36 34 23 25 28 22 22 21 21 27 245 255 183 22 87 36 80 29 16 78 168 21 147 35 199 255 255 39 76 41 8 4 4 13 13 14 8 5 11 12 10 6 8 10 9 11 11 9 12 10 13 16 13 17 -2147483648 
-2147483648 163 182 201 219 239 255 255 255 255 255 254 189 95 40 26 23 26 13 15 51 76 73 56 48 45 37 28 38 40 20 14 30 29 18 28 49 51 57 61 14 16 11 15 29 33 12 20 26 14 13 15 23 29 27 24 17 13 5 4 17 19 36 46 65 80 89 102 117 132 143 149 140 123 110 90 58 54 83 118 48 131 57 71 76 85 94 91 84 82 84 88 76 62 64 62 60 76 82 76 48 52 87 107 127 150 166 179 196 179 101 64 160 61 13 35 78 213 185 161 118 63 19 19 46 79 104 127 152 183 214 232 236 169 15 8 45 74 34 40 78 255 255 255 59 35 13 12 30 43 51 49 49 63 72 73 76 82 87 96 105 106 107 110 117 124 128 130 131 138 255 255 160 20 9 42 10 27 17 36 240 255 255 72 72 58 49 48 47 44 41 37 36 26 18 18 20 20 20 26 25 16 18 19 19 16 17 14 13 25 20 244 255 185 8 75 58 89 30 17 82 165 60 147 38 190 255 255 43 76 42 7 11 10 12 2 8 6 5 10 16 22 6 3 4 3 1 9 9 7 4 11 11 7 11 -2147483648 
-2147483648 233 235 229 225 216 196 175 156 133 103 76 62 43 18 12 23 25 10 16 20 21 21 19 16 19 17 27 31 25 19 30 46 58 70 84 75 62 59 39 6 13 10 17 34 26 20 21 13 18 13 3 16 23 29 51 76 99 111 116 127 138 140 137 131 118 96 71 42 20 9 31 46 69 103 120 126 121 97 154 99 158 76 60 45 33 22 6 12 10 26 50 31 21 47 77 104 146 170 203 243 255 255 255 255 255 255 255 255 238 178 36 156 70 10 35 70 219 223 233 226 247 255 255 255 255 253 242 246 251 241 217 248 255 46 17 31 82 17 53 77 253 255 255 58 59 62 69 81 91 92 98 105 110 112 115 118 127 134 130 121 123 126 117 108 104 101 94 85 83 255 255 168 14 13 53 5 27 19 29 224 255 243 22 23 11 10 17 17 14 9 3 15 8 7 8 11 19 21 19 15 21 10 13 10 9 21 15 4 27 21 232 255 184 9 33 63 60 25 15 78 142 48 123 29 189 255 255 40 78 39 9 15 14 3 2 5 12 14 14 14 26 18 13 7 0 1 7 11 10 10 14 11 5 14 -2147483648 
-2147483648 87 77 68 57 39 33 33 28 20 10 11 26 24 13 12 28 21 11 26 33 26 23 28 24 23 26 23 14 16 33 24 17 29 38 33 23 34 30 9 10 11 11 23 25 14 5 21 56 84 101 113 124 131 116 99 93 83 64 47 33 15 9 32 51 72 98 123 139 145 149 153 155 153 138 112 66 36 61 94 40 114 16 45 45 53 71 85 96 117 139 163 182 199 226 255 255 255 255 255 255 255 255 255 255 255 255 255 223 158 118 100 203 97 49 23 145 255 255 240 215 196 167 149 137 123 110 97 92 81 66 44 229 255 60 15 25 87 18 60 72 245 255 255 76 93 87 85 100 102 102 114 119 105 86 83 88 87 86 86 77 66 62 62 53 52 48 44 37 37 255 255 177 7 19 49 7 21 13 20 215 255 242 13 11 9 11 13 13 18 19 10 15 11 10 9 11 16 11 10 10 23 9 11 10 9 22 21 9 19 18 219 255 187 17 25 45 23 25 14 76 132 29 112 23 189 255 255 40 81 35 10 7 6 9 6 11 9 6 3 13 15 4 10 16 9 4 4 9 4 7 13 11 16 17 -2147483648 
-2147483648 21 20 24 18 16 24 19 14 16 14 20 23 15 16 27 34 25 22 30 23 14 16 19 15 14 16 13 7 18 27 25 10 8 12 26 33 43 62 83 105 112 104 91 57 17 13 51 62 57 46 20 13 29 37 46 71 97 120 131 134 136 140 133 118 107 94 79 67 49 23 8 20 16 22 26 14 23 47 45 51 87 32 105 155 206 243 255 255 255 255 255 255 255 255 255 255 255 255 255 255 255 255 255 255 255 255 255 255 242 105 74 185 63 72 41 172 255 148 62 55 41 12 8 3 9 8 10 22 17 11 31 233 255 65 12 37 89 23 63 71 238 255 235 55 65 64 69 75 60 58 57 52 52 47 40 40 34 25 25 29 22 13 18 22 20 8 14 17 21 254 255 178 10 20 37 3 22 20 22 219 255 242 21 18 13 13 17 14 19 17 19 19 16 16 13 11 14 10 6 6 19 9 10 14 8 14 24 16 15 17 211 255 200 31 24 28 7 22 17 86 134 38 118 27 196 255 255 44 81 37 9 4 4 9 9 7 1 6 9 10 5 3 3 7 12 13 13 12 9 13 17 9 10 23 -2147483648 
-2147483648 12 15 26 10 17 18 6 15 16 8 11 11 9 25 38 32 16 9 15 16 14 13 19 29 30 42 50 56 67 79 95 104 108 108 103 102 98 82 61 43 27 26 68 76 23 14 57 59 81 104 124 133 134 121 103 91 79 73 62 46 25 6 8 15 35 63 80 82 90 105 117 138 162 163 123 51 25 59 80 56 56 34 180 255 255 255 255 255 255 255 255 255 255 255 255 255 255 255 255 255 251 213 181 148 125 186 255 255 255 255 81 178 66 72 50 165 255 128 16 15 10 15 28 27 19 11 6 7 11 13 30 235 255 59 11 33 86 29 66 78 241 255 216 25 36 32 31 33 27 28 20 15 27 34 23 21 17 14 9 10 16 14 9 11 8 6 7 13 13 255 255 172 8 17 38 17 29 23 27 215 255 251 21 29 18 22 17 9 18 14 23 24 20 16 11 9 11 6 4 8 18 14 10 11 9 3 10 17 13 20 196 255 218 30 12 11 10 11 9 92 126 51 114 11 203 255 255 47 83 41 6 5 1 4 6 8 7 10 20 23 13 6 8 11 13 11 15 10 12 11 18 10 6 21 -2147483648 
-2147483648 11 17 25 8 17 11 10 22 15 3 13 18 27 48 59 43 32 42 57 67 72 75 79 85 84 83 76 63 60 44 29 24 12 9 23 32 44 67 87 111 119 109 94 68 22 11 41 51 75 63 38 12 10 17 23 31 45 65 80 93 107 127 148 166 192 214 238 255 255 255 255 255 255 255 255 165 20 31 43 38 29 31 255 255 255 255 255 255 255 255 241 209 169 131 108 88 65 44 25 13 10 6 1 3 4 16 114 255 255 255 101 154 58 67 36 148 255 127 9 9 4 23 22 13 8 1 5 10 14 13 31 241 255 44 21 34 91 39 76 81 246 255 210 14 31 19 10 21 33 27 14 16 21 14 17 21 23 16 10 7 9 14 9 9 9 9 10 17 8 255 255 171 12 14 35 9 23 20 23 208 255 255 20 33 17 12 9 6 23 12 20 23 19 10 7 17 18 7 4 12 17 15 3 3 16 10 9 15 16 20 180 255 225 36 6 3 3 10 3 78 117 39 101 7 199 255 255 57 83 43 5 10 8 11 10 10 10 7 8 20 21 13 12 15 13 8 12 9 5 17 15 2 12 20 -2147483648 
-2147483648 11 20 24 26 26 27 38 53 66 69 71 65 42 34 49 43 38 44 37 33 25 17 6 22 30 42 54 61 76 91 98 105 108 107 105 100 94 84 69 56 42 30 35 36 25 22 26 9 39 20 65 105 139 163 178 199 230 255 255 255 255 255 255 255 255 255 255 255 255 255 255 255 255 255 255 255 39 12 11 18 16 33 255 255 255 108 73 48 28 16 7 1 0 0 0 0 0 0 0 0 0 0 0 0 0 0 6 118 255 255 89 113 34 56 32 134 255 129 25 24 24 28 4 16 6 1 15 13 16 10 26 237 255 41 23 47 88 59 85 80 239 255 218 11 30 21 16 23 34 30 13 11 11 3 13 24 14 15 9 11 10 13 12 9 7 8 12 19 14 248 255 177 14 21 37 16 23 25 16 210 255 255 19 29 11 9 8 15 23 6 10 24 14 10 9 16 6 10 9 9 11 19 9 9 11 16 21 21 16 13 173 255 224 33 5 13 15 17 24 69 117 17 101 20 192 255 255 70 78 45 8 14 11 7 5 10 9 8 4 9 20 16 10 7 13 14 14 8 8 19 11 3 11 9 -2147483648 
-2147483648 63 70 75 83 87 76 60 55 55 46 36 37 51 84 92 70 51 51 64 78 80 79 85 96 94 91 89 82 72 59 42 32 20 3 13 26 39 52 70 71 40 14 27 29 30 25 39 15 35 44 148 255 255 255 255 255 255 255 255 255 255 255 255 255 255 255 255 255 255 255 255 242 214 255 255 255 46 12 10 14 20 50 255 255 255 48 2 1 0 0 0 0 0 0 0 0 0 0 0 0 0 0 0 0 0 0 0 98 255 255 99 102 28 50 44 120 255 125 32 14 36 28 3 18 22 8 15 15 8 18 20 225 255 58 16 45 74 95 69 84 226 255 230 10 34 21 16 18 30 25 10 10 11 9 12 16 4 13 11 10 8 13 15 12 14 15 13 16 18 234 255 189 30 27 48 26 27 20 5 206 255 255 23 33 21 18 11 13 16 9 10 25 13 17 8 11 13 9 15 6 9 13 15 14 15 14 11 13 7 7 171 255 235 37 23 20 26 44 49 78 128 31 106 19 188 255 255 83 76 47 4 6 7 8 6 9 5 13 4 3 13 9 5 4 8 7 14 12 11 12 15 10 17 15 -2147483648 
-2147483648 20 17 12 9 16 26 41 54 65 72 74 67 84 92 78 74 70 63 56 49 37 24 26 23 16 20 21 26 41 59 80 93 104 121 143 168 196 229 251 225 153 50 22 27 29 9 34 16 38 60 255 255 255 255 255 255 255 255 255 255 242 205 176 145 114 88 66 47 33 22 11 4 1 232 255 255 41 7 10 2 16 68 255 255 255 46 0 0 0 0 0 0 0 0 0 0 0 0 0 0 0 0 0 0 0 0 0 95 255 255 104 92 13 35 50 106 255 115 6 30 33 25 15 12 21 17 20 34 26 34 13 220 255 59 8 22 43 75 36 94 216 255 239 16 34 16 10 18 29 17 13 14 9 11 9 8 6 13 16 12 8 8 10 5 16 16 16 18 20 216 255 201 29 7 44 11 15 9 16 194 255 255 18 30 8 6 4 7 14 6 4 22 3 19 7 9 14 17 6 3 9 15 12 9 10 17 9 20 27 19 168 255 255 52 46 36 30 32 33 79 129 33 106 33 185 255 255 89 74 47 2 3 6 5 3 4 5 15 6 3 11 10 6 10 6 2 10 19 9 6 18 19 14 11 -2147483648 
-2147483648 60 69 78 78 74 70 61 53 57 55 50 35 52 83 55 3 24 10 22 44 57 63 76 93 111 129 151 176 199 226 255 255 255 255 255 255 255 255 255 255 255 110 32 43 34 9 27 23 38 54 255 255 255 154 114 87 65 44 26 14 6 1 0 0 0 0 0 0 0 0 0 0 0 234 255 255 33 4 4 9 11 67 255 255 255 48 0 0 0 0 0 0 0 0 0 0 0 0 0 0 0 0 0 0 0 0 0 90 255 255 123 66 35 10 61 100 255 117 21 23 10 17 18 24 22 20 29 24 11 42 9 220 255 61 9 10 23 67 17 102 209 255 244 18 25 16 13 21 31 18 14 16 14 11 6 11 10 10 12 11 10 6 11 6 13 7 13 12 6 200 255 216 20 8 39 5 17 13 24 195 255 255 14 19 7 7 4 8 13 7 6 16 5 10 16 11 17 12 3 13 15 18 18 12 6 21 40 43 42 36 161 255 255 65 45 30 16 27 22 77 130 21 103 33 185 255 255 92 72 46 10 11 11 7 8 7 12 13 13 2 3 8 12 10 7 2 8 16 12 13 20 20 11 8 -2147483648 
-2147483648 27 31 27 9 4 22 26 35 46 41 35 19 37 65 67 12 27 31 86 157 221 251 255 255 255 255 255 255 255 255 255 255 255 255 255 255 255 255 255 255 255 158 17 51 38 9 14 34 42 47 255 255 230 12 0 0 0 0 0 0 0 0 0 0 0 0 0 0 0 0 0 0 0 239 255 255 38 14 4 10 18 62 255 255 255 50 0 0 0 0 0 0 0 0 0 0 0 0 0 0 0 0 0 0 0 0 0 87 255 255 148 37 54 10 67 100 255 119 22 38 33 23 22 15 4 21 24 19 4 35 36 212 255 69 4 9 24 63 28 97 212 255 245 19 23 16 16 24 29 18 16 11 18 7 10 17 14 10 8 8 10 12 16 16 13 8 8 9 14 192 255 234 19 18 37 3 20 18 13 196 255 255 16 15 7 4 10 3 11 10 12 13 6 2 13 11 15 10 16 15 5 3 4 7 34 79 125 154 174 181 229 255 255 69 49 48 24 54 48 88 139 20 118 46 188 255 255 139 98 54 23 15 15 13 10 10 8 2 14 7 3 4 20 9 6 3 8 8 9 15 22 13 12 11 -2147483648 
-2147483648 40 44 54 68 80 92 106 123 148 165 141 100 59 58 66 24 27 52 173 255 255 255 255 255 255 255 255 255 255 240 210 175 141 110 85 67 46 28 24 255 255 185 19 60 41 18 10 40 53 40 255 255 228 4 0 0 0 0 0 0 0 0 0 0 0 0 0 0 0 0 0 0 0 242 255 255 41 22 14 12 35 75 255 255 255 49 0 0 0 0 0 0 0 0 0 0 0 0 0 0 0 0 0 0 0 0 0 88 255 255 158 38 68 4 76 102 255 120 16 19 25 14 11 14 12 27 17 21 18 27 37 193 255 71 9 10 25 54 41 84 220 255 245 22 28 17 16 30 25 20 14 6 16 6 8 11 0 3 7 9 11 12 12 11 15 18 17 18 20 193 255 239 26 25 44 10 20 13 15 188 255 255 30 20 11 13 7 5 17 14 13 6 5 8 13 9 2 11 17 3 4 6 3 33 184 255 255 255 255 255 255 255 208 100 105 114 68 88 92 134 177 23 173 113 230 255 255 255 255 116 44 21 14 13 10 12 9 4 13 15 11 10 17 10 9 7 6 7 4 14 22 13 10 10 -2147483648 
-2147483648 159 191 215 226 230 242 255 255 255 255 255 217 108 58 57 18 18 61 255 255 193 154 135 110 81 63 50 32 17 6 0 0 0 0 0 0 0 0 16 255 255 183 25 74 42 33 27 53 64 34 255 255 242 6 0 0 0 0 0 0 0 0 0 0 0 0 0 0 0 0 0 0 0 249 255 255 39 28 36 35 46 89 255 255 255 45 0 0 0 0 0 0 0 0 0 0 0 0 0 0 0 0 0 0 0 0 0 87 255 255 159 44 73 20 94 107 255 122 18 28 20 5 19 29 29 7 14 20 16 2 18 176 255 78 25 19 21 59 42 83 222 255 248 24 33 8 15 32 22 22 10 7 18 13 9 9 6 6 7 6 5 9 4 6 6 6 17 27 33 195 255 235 37 38 59 29 35 34 39 185 255 255 47 28 21 26 28 23 28 22 14 8 11 12 14 7 7 18 18 10 11 13 10 69 255 255 255 255 255 255 255 255 119 119 106 136 66 133 138 183 244 34 238 123 255 255 255 255 255 255 75 33 25 21 21 15 15 14 18 20 14 17 16 15 16 15 14 16 3 8 18 17 16 7 -2147483648 
-2147483648 217 219 216 208 196 188 180 169 158 152 231 255 143 68 55 16 14 63 255 255 122 3 0 0 0 0 0 0 0 0 0 0 0 0 0 0 0 0 16 255 255 181 30 78 46 24 29 53 55 43 255 255 253 8 0 0 0 0 0 0 0 0 0 0 0 0 0 0 0 0 0 0 0 255 255 255 28 21 26 23 44 89 255 255 255 41 0 0 0 0 0 0 0 0 0 0 0 0 0 0 0 0 0 0 0 0 0 86 255 255 154 32 60 26 85 109 255 133 33 30 11 17 10 10 17 24 24 30 37 34 30 175 255 89 15 18 25 68 32 87 224 255 248 16 31 12 27 31 30 33 21 12 15 11 11 13 11 10 9 6 9 16 8 13 15 20 15 18 30 189 255 239 40 36 68 44 46 47 48 182 255 255 49 28 20 26 27 25 27 16 14 17 13 7 7 15 18 13 17 10 14 14 10 71 255 255 255 110 97 96 108 208 87 123 50 143 38 165 111 189 255 37 255 95 255 169 255 255 255 255 138 46 35 22 20 10 8 14 14 17 12 15 10 12 17 17 13 17 14 10 11 18 25 24 -2147483648 
-2147483648 85 66 50 41 34 25 13 4 0 6 206 255 165 72 57 10 18 56 255 255 118 0 0 0 0 0 0 0 0 0 0 0 0 0 0 0 0 0 13 255 255 179 32 81 49 31 52 73 67 48 255 255 248 7 0 0 0 0 0 0 0 0 0 0 0 0 0 0 0 0 0 0 0 255 255 255 20 8 13 9 46 91 255 255 255 44 0 0 0 0 0 0 0 0 0 0 0 0 0 0 0 0 0 0 0 0 0 84 255 255 150 20 44 11 79 106 255 144 22 17 25 23 7 23 25 2 24 21 14 13 14 184 255 93 9 10 22 68 31 85 228 255 242 16 30 22 30 30 35 31 25 24 17 18 13 12 13 14 15 16 13 17 22 21 24 29 20 15 23 186 255 246 34 16 47 25 27 30 29 181 255 255 36 23 18 11 4 13 15 4 6 4 3 10 13 18 17 12 15 8 3 16 12 44 255 255 255 21 0 0 64 205 75 115 17 141 20 177 51 177 255 17 255 98 255 121 255 144 255 255 245 62 31 23 18 11 6 1 1 16 16 12 11 7 8 10 13 12 17 19 8 9 13 23 -2147483648 
-2147483648 0 0 0 0 0 0 0 0 0 2 206 255 170 71 54 9 21 53 255 255 123 0 0 0 0 0 0 0 0 0 0 0 0 0 0 0 0 0 15 255 255 168 30 97 47 43 56 76 79 49 255 255 238 7 0 0 0 0 0 0 0 0 0 0 0 0 0 0 0 0 0 0 0 255 255 255 15 3 20 17 50 97 255 255 255 47 0 0 0 0 0 0 0 0 0 0 0 0 0 0 0 0 0 0 0 0 0 79 255 255 157 22 53 21 100 102 255 148 11 30 37 22 7 25 19 23 34 34 43 32 24 195 255 84 12 22 24 68 31 86 235 255 236 18 42 40 49 56 48 35 22 31 36 29 20 17 18 21 25 25 14 10 22 25 16 9 9 11 15 190 255 249 26 16 33 8 18 27 12 188 255 255 28 31 9 1 9 11 4 3 6 4 7 9 8 5 8 10 10 6 7 14 11 18 199 255 255 96 0 0 56 200 69 105 24 131 10 170 54 169 255 17 255 118 255 116 255 175 255 255 255 113 25 25 21 17 11 4 6 7 20 13 11 8 6 3 9 7 10 23 16 12 11 12 -2147483648 
-2147483648 0 0 0 0 0 0 0 0 0 6 215 255 161 72 55 17 21 67 255 255 129 0 0 0 0 0 0 0 0 0 0 0 0 0 0 0 0 0 20 255 255 183 63 94 54 48 84 79 50 66 255 255 229 8 0 0 0 0 0 0 0 0 0 0 0 0 0 0 0 0 0 0 0 255 255 255 15 9 18 20 46 93 255 255 255 44 0 0 0 0 0 0 0 0 0 0 0 0 0 0 0 0 0 0 0 0 0 74 255 255 164 28 67 14 114 100 255 140 13 15 12 27 24 17 3 7 30 24 10 19 12 205 255 84 36 40 41 85 62 109 252 255 214 140 232 255 255 255 220 124 67 49 41 27 27 24 19 17 10 13 14 14 14 11 10 6 2 6 14 190 255 253 16 20 32 12 24 26 9 186 255 255 30 34 12 9 14 7 0 13 10 6 3 5 6 1 0 10 4 1 9 8 12 7 87 255 255 239 6 0 47 199 82 107 24 130 20 161 59 167 255 13 255 118 255 127 255 238 241 255 255 207 50 30 30 25 20 16 2 4 12 8 8 11 11 3 6 9 7 14 13 10 13 10 -2147483648 
-2147483648 0 0 0 0 0 0 0 0 0 10 220 255 159 74 57 17 14 82 255 255 127 0 0 0 0 0 0 0 0 0 0 0 0 0 0 0 0 0 22 255 255 206 47 71 62 31 37 43 32 81 255 255 223 7 0 0 0 0 0 0 0 0 0 0 0 0 0 0 0 0 0 0 0 255 255 255 16 15 25 36 43 95 255 255 255 40 0 0 0 0 0 0 0 0 0 0 0 0 0 0 0 0 0 0 0 0 0 72 255 255 171 35 76 17 101 93 255 137 12 4 20 6 28 34 21 9 35 38 16 26 30 206 255 92 48 66 64 110 105 151 255 255 255 255 255 255 255 255 255 255 239 122 66 48 37 30 28 20 13 13 16 15 11 9 13 12 7 8 16 178 255 255 17 4 35 8 27 24 19 176 255 255 30 26 9 14 8 13 22 15 4 6 4 7 11 18 18 16 12 9 8 3 6 10 24 255 255 255 39 0 48 196 80 109 26 128 34 160 42 173 255 7 255 100 255 126 255 255 119 255 255 255 81 24 27 19 16 20 12 2 5 10 10 6 10 8 3 2 5 11 11 12 11 9 -2147483648 
-2147483648 0 0 0 0 0 0 0 0 0 9 225 255 163 71 57 13 13 82 255 255 122 0 0 0 0 0 0 0 0 0 0 0 0 0 0 0 0 0 22 255 255 217 21 56 54 14 16 19 7 95 255 255 221 5 0 0 0 0 0 0 0 0 0 0 0 0 0 0 0 0 0 0 0 255 255 255 24 15 11 24 31 97 255 255 255 39 0 0 0 0 0 0 0 0 0 0 0 0 0 0 0 0 0 0 0 0 0 71 255 255 174 36 74 30 90 89 255 137 11 18 32 44 45 42 33 40 59 37 20 25 27 196 255 111 43 45 43 139 121 179 255 211 255 255 255 255 255 255 255 255 255 255 187 107 68 40 30 30 23 18 15 12 15 18 13 10 11 14 27 165 255 255 19 6 42 11 34 29 18 169 255 255 36 25 11 13 5 9 14 10 8 7 12 11 10 11 9 10 9 13 10 6 1 5 3 146 255 255 132 0 50 191 67 102 39 126 52 164 18 174 255 28 255 88 253 115 255 253 41 255 255 255 138 32 29 16 8 15 13 13 12 9 11 12 9 13 3 4 11 10 8 12 10 11 -2147483648 
-2147483648 0 0 0 0 0 0 0 0 0 6 235 255 164 74 49 11 13 78 255 255 120 0 0 0 0 0 0 0 0 0 0 0 0 0 0 0 0 0 21 255 255 215 21 51 48 6 8 14 4 103 255 255 220 5 0 0 0 0 0 0 0 0 0 0 0 0 0 0 0 0 0 0 0 255 255 255 28 12 11 24 35 90 255 255 255 45 0 0 0 0 0 0 0 0 0 0 0 0 0 0 0 0 0 0 0 0 0 71 255 255 174 40 66 31 92 96 255 131 26 30 38 39 27 37 35 38 30 3 4 7 19 189 255 124 26 19 30 179 120 213 255 212 255 161 52 13 4 40 142 255 255 255 255 255 156 81 50 44 34 19 17 13 17 12 11 10 10 10 34 152 255 255 27 18 50 14 44 31 9 162 255 255 47 23 4 6 2 8 7 5 8 1 5 3 6 6 6 7 3 9 1 4 8 9 9 52 255 255 255 8 48 189 70 92 61 111 75 160 11 168 255 16 210 82 230 104 255 255 4 172 255 255 228 50 29 22 12 13 3 3 12 12 9 13 13 9 10 5 13 8 11 11 8 9 -2147483648 
-2147483648 0 0 0 0 0 0 0 0 0 8 239 255 159 79 49 16 11 83 255 255 122 0 0 0 0 0 0 0 0 0 0 0 0 0 0 0 0 0 20 255 255 224 19 41 47 9 17 23 13 107 255 255 220 8 0 0 0 0 0 0 0 0 0 0 0 0 0 0 0 0 0 0 0 255 255 255 25 20 21 30 38 82 255 255 255 51 0 0 0 0 0 0 0 0 0 0 0 0 0 0 0 0 0 0 0 0 0 70 255 255 177 37 60 24 85 95 255 132 26 26 22 14 18 34 34 27 14 9 15 30 45 187 255 120 15 39 53 205 110 244 255 239 255 33 0 0 0 0 1 38 164 255 255 255 255 214 107 70 48 29 24 17 15 8 11 11 3 4 29 142 255 255 23 12 49 37 49 27 9 154 255 255 58 17 6 8 9 4 7 1 6 6 7 6 6 6 6 9 9 15 6 13 6 3 8 13 255 255 255 73 58 205 95 96 66 95 96 156 23 153 255 29 178 62 198 112 255 255 14 77 255 255 255 73 23 21 21 21 7 8 10 14 8 5 13 10 6 7 5 8 13 11 6 5 -2147483648 
-2147483648 0 0 0 0 0 0 0 0 0 10 239 255 152 81 62 12 8 87 255 255 123 0 0 0 0 0 0 0 0 0 0 0 0 0 0 0 0 0 18 255 255 236 19 33 40 24 21 8 10 114 255 255 221 11 0 0 0 0 0 0 0 0 0 0 0 0 0 0 0 0 0 0 0 255 255 255 24 11 20 17 33 74 255 255 255 53 0 0 0 0 0 0 0 0 0 0 0 0 0 0 0 0 0 0 0 0 0 65 255 255 185 27 54 22 85 89 255 141 44 38 32 18 18 28 33 31 31 29 33 31 31 180 255 124 30 40 48 208 105 252 255 208 255 64 0 0 0 0 0 0 8 68 212 255 255 255 255 149 78 48 37 21 9 6 9 13 10 5 25 139 255 255 17 9 30 30 31 14 7 143 255 255 64 19 11 19 9 8 10 6 6 6 4 6 7 7 8 11 3 14 9 16 1 13 16 16 134 255 255 255 218 255 130 115 68 96 110 162 56 148 255 36 168 58 185 171 255 255 150 115 255 255 255 101 15 11 14 17 11 12 6 9 12 15 18 10 6 9 4 4 11 9 7 9 -2147483648 
-2147483648 0 0 0 0 0 0 0 0 0 10 242 255 157 82 59 4 9 81 255 255 120 0 0 0 0 0 0 0 0 0 0 0 0 0 0 0 0 0 16 255 255 238 23 40 40 25 18 2 7 119 255 255 225 12 0 0 0 0 0 0 0 0 0 0 0 0 0 0 0 0 0 0 0 255 255 255 32 8 8 10 36 71 255 255 255 55 0 0 0 0 0 0 0 0 0 0 0 0 0 0 0 0 0 0 0 0 0 61 255 255 195 28 55 18 96 85 255 141 56 40 35 34 22 17 20 4 1 10 13 5 26 186 255 140 20 30 50 200 100 235 255 162 255 255 160 30 0 0 0 0 0 0 16 106 255 255 255 255 199 85 48 34 19 8 10 13 14 13 32 131 255 255 22 12 27 23 24 8 6 124 255 255 63 27 9 17 7 8 13 1 3 8 4 4 4 4 4 9 6 6 3 9 21 17 14 13 52 255 255 255 255 255 223 137 97 99 111 168 142 173 229 39 168 81 172 255 252 255 255 255 255 255 255 106 22 22 26 21 14 12 9 3 2 1 15 10 3 8 2 6 12 9 2 8 -2147483648 
-2147483648 0 0 0 0 0 0 0 0 0 9 244 255 169 77 48 3 6 69 255 255 119 0 0 0 0 0 0 0 0 0 0 0 0 0 0 0 0 0 16 255 255 245 30 42 39 15 10 8 8 121 255 255 226 13 0 0 0 0 0 0 0 0 0 0 0 0 0 0 0 0 0 0 0 255 255 255 40 11 3 14 36 77 255 255 255 56 0 0 0 0 0 0 0 0 0 0 0 0 0 0 0 0 0 0 0 0 0 61 255 255 205 29 61 25 98 73 255 141 46 30 19 21 10 9 31 10 9 5 3 7 7 176 255 154 17 37 40 189 100 212 255 255 255 255 255 255 95 10 0 0 0 0 0 1 51 196 255 255 255 244 94 53 37 16 14 16 11 9 35 115 255 255 34 17 38 31 27 16 13 116 255 255 63 25 18 16 11 3 8 2 8 4 3 9 9 8 6 7 1 8 15 27 21 11 6 5 17 112 255 255 255 255 255 114 68 75 92 144 145 137 162 23 151 87 143 255 255 255 255 255 255 255 242 83 27 16 12 9 12 10 4 3 3 5 13 9 3 5 4 5 8 13 4 8 -2147483648 
-2147483648 0 0 0 0 0 0 0 0 0 9 245 255 172 72 45 6 8 70 255 255 125 0 0 0 0 0 0 0 0 0 0 0 0 0 0 0 0 0 15 255 255 255 33 36 33 18 21 23 24 124 255 255 223 14 0 0 0 0 0 0 0 0 0 0 0 0 0 0 0 0 0 0 0 255 255 255 46 9 9 33 37 85 255 255 255 60 0 0 0 0 0 0 0 0 0 0 0 0 0 0 0 0 0 0 0 0 0 64 255 255 211 20 58 22 97 71 255 141 31 23 24 23 15 11 38 19 24 18 11 14 26 168 255 154 32 47 21 167 101 213 255 255 227 255 255 255 255 226 51 0 0 0 0 0 0 13 113 255 255 255 228 81 36 24 18 18 9 3 33 107 255 255 40 11 37 38 20 22 7 122 255 255 74 20 13 13 8 7 7 10 7 7 4 4 3 12 8 7 4 7 15 14 6 5 1 1 11 29 67 100 112 255 255 97 31 40 18 55 53 53 109 6 151 88 139 255 255 251 255 250 209 156 78 28 8 10 4 9 16 6 4 4 1 10 7 10 11 6 9 6 6 16 10 6 -2147483648 
-2147483648 6 0 0 0 0 0 0 0 0 10 247 255 168 73 50 19 16 84 255 255 129 0 0 0 0 0 0 0 0 0 0 0 0 0 0 0 0 0 16 255 255 255 29 36 32 31 33 24 40 135 255 255 224 12 0 0 0 0 0 0 0 0 0 0 0 0 0 0 0 0 0 0 0 255 255 255 49 21 16 43 41 99 255 255 255 67 0 0 0 0 0 0 0 0 0 0 0 0 0 0 0 0 0 0 0 0 0 65 255 255 210 21 60 25 96 74 255 139 29 15 39 19 17 13 23 8 23 22 23 13 14 172 255 151 31 48 10 139 91 215 255 255 255 55 255 255 255 255 255 190 59 10 33 75 112 142 180 213 255 255 255 101 23 3 18 16 7 1 28 103 255 255 59 7 35 27 15 16 3 121 255 255 81 23 8 10 6 6 4 7 3 3 4 3 6 6 2 4 1 9 14 18 10 1 4 3 9 19 23 15 71 255 255 97 20 27 22 14 8 18 91 17 168 91 158 255 255 226 69 86 16 12 8 6 3 6 3 8 16 6 1 9 12 8 1 5 8 6 11 4 4 17 13 6 -2147483648 
-2147483648 18 0 0 0 0 0 0 0 0 10 248 255 164 70 57 25 11 89 255 255 123 0 0 0 0 0 0 0 0 0 0 0 0 0 0 0 0 0 19 255 255 251 36 41 39 35 20 6 30 142 255 255 225 12 0 0 0 0 0 0 0 0 0 0 0 0 0 0 0 0 0 0 0 255 255 255 50 22 10 42 45 97 255 255 255 70 0 0 0 0 0 0 0 0 0 0 0 0 0 0 0 0 0 0 0 0 0 62 255 255 209 21 60 30 86 68 255 138 42 11 47 12 8 14 17 10 28 12 17 16 18 181 255 148 20 44 23 128 79 213 255 255 255 46 55 130 255 255 255 255 255 255 255 255 255 255 255 255 255 255 255 98 33 22 30 17 6 1 24 92 255 255 72 13 41 23 7 4 10 112 255 255 88 35 4 10 7 8 9 7 6 2 8 8 10 9 6 2 6 6 8 13 9 6 10 11 20 26 13 13 69 255 255 105 18 13 10 7 11 18 86 23 176 79 167 255 255 236 70 89 4 8 7 6 6 4 6 10 17 7 10 13 8 6 9 16 11 12 15 9 9 14 13 13 -2147483648 
-2147483648 31 0 0 0 0 0 0 0 0 13 248 255 160 61 58 31 4 90 255 255 120 0 0 0 0 0 0 0 0 0 0 0 0 0 0 0 0 0 21 255 255 255 43 37 39 23 6 10 29 143 255 255 225 14 0 0 0 0 0 0 0 0 0 0 0 0 0 0 0 0 0 0 0 255 255 255 34 27 32 51 55 86 255 255 255 72 0 0 0 0 0 0 0 0 0 0 0 0 0 0 0 0 0 0 0 0 0 61 255 255 210 15 57 33 77 54 255 136 18 38 50 14 5 4 8 8 22 17 16 10 27 180 255 143 13 39 26 124 75 207 255 255 255 56 31 25 67 185 255 255 255 255 255 255 255 255 255 255 255 205 97 30 20 25 17 4 4 3 28 92 255 255 62 3 32 30 7 5 15 108 255 255 99 36 15 11 6 3 8 11 10 9 14 12 16 12 11 6 14 6 17 22 17 15 11 17 34 31 22 27 64 255 255 120 21 16 10 15 14 16 76 38 157 54 174 255 255 238 73 93 13 17 13 9 9 12 14 10 12 6 11 7 4 4 7 5 10 13 16 15 17 22 27 37 -2147483648 
-2147483648 38 0 0 0 0 0 0 0 0 17 247 255 159 63 59 28 6 90 255 255 122 0 0 0 0 0 0 0 0 0 0 0 0 0 0 0 0 0 22 255 255 253 35 35 33 20 7 11 24 144 255 255 228 13 0 0 0 0 0 0 0 0 0 0 0 0 0 0 0 0 0 0 0 255 255 255 29 44 25 47 54 75 255 255 255 74 0 0 0 0 0 0 0 0 0 0 0 0 0 0 0 0 0 0 0 0 0 62 255 255 217 13 59 36 76 56 255 137 12 24 25 28 19 11 4 19 13 6 3 3 31 184 255 138 6 32 30 109 78 181 255 255 255 61 20 9 19 57 73 137 210 230 199 141 96 75 58 41 33 20 8 15 12 19 2 6 4 7 33 96 255 255 51 2 22 26 12 13 17 108 255 255 113 28 14 11 12 9 7 11 17 23 15 12 14 11 14 10 21 11 27 11 13 7 12 21 21 15 13 21 58 255 255 127 7 7 4 17 22 18 66 28 117 39 155 255 255 246 72 97 30 40 46 48 63 78 88 95 101 113 133 143 143 148 161 181 193 198 205 209 211 219 234 251 -2147483648 
-2147483648 39 0 0 0 0 0 0 0 0 17 250 255 162 75 54 12 8 82 255 255 121 0 0 0 0 0 0 0 0 0 0 0 0 0 0 0 0 0 24 255 255 246 31 35 28 21 11 2 16 138 255 255 228 15 0 0 0 0 0 0 0 0 0 0 0 0 0 0 0 0 0 0 0 255 255 255 37 56 27 59 46 71 255 255 255 69 0 0 0 0 0 0 0 0 0 0 0 0 0 0 0 0 0 0 0 0 0 60 255 255 227 17 67 39 83 73 255 137 12 25 45 45 36 30 30 23 11 19 22 20 35 189 255 136 32 18 20 90 55 148 255 255 255 63 21 17 20 40 40 32 34 23 9 6 5 10 11 11 8 7 11 20 7 14 13 15 11 14 40 94 255 255 56 4 32 24 13 4 26 110 255 255 133 22 7 3 9 9 4 9 12 4 3 12 8 8 6 4 16 6 22 20 28 37 30 32 40 44 53 64 91 255 255 118 28 30 29 35 35 24 70 13 95 25 127 255 255 255 255 255 255 255 255 255 255 255 255 255 255 255 255 255 255 255 255 255 255 255 255 255 255 255 255 255 -2147483648 
-2147483648 39 0 0 0 0 0 0 0 0 16 255 255 169 80 47 18 18 85 255 255 122 0 0 0 0 0 0 0 0 0 0 0 0 0 0 0 0 0 29 255 255 247 31 28 29 29 16 16 16 140 255 255 223 18 0 0 0 0 0 0 0 0 0 0 0 0 0 0 0 0 0 0 0 255 255 255 46 61 38 70 50 85 255 255 255 62 0 0 0 0 0 0 0 0 0 0 0 0 0 0 0 0 0 0 0 0 0 58 255 255 233 17 65 47 84 78 255 144 20 22 4 7 20 26 38 33 17 10 11 10 35 179 255 143 37 16 21 78 27 129 255 255 255 66 32 16 14 38 41 20 20 14 9 13 20 16 13 14 17 21 16 16 14 18 20 19 18 14 37 94 255 255 63 17 44 30 30 20 24 107 255 255 142 25 15 9 8 13 9 13 22 26 27 39 46 57 68 83 98 114 138 158 171 193 223 253 255 255 255 255 255 255 255 102 44 49 48 33 30 30 85 13 84 29 98 217 255 255 255 255 255 255 255 255 255 226 203 182 165 150 132 112 93 74 55 32 13 15 20 30 38 48 63 86 -2147483648 
-2147483648 42 0 0 0 0 0 0 0 0 18 255 255 176 77 47 28 28 98 255 255 127 0 0 0 0 0 0 0 0 0 0 0 0 0 0 0 0 0 31 255 255 248 29 22 27 40 14 17 21 148 255 255 220 16 0 0 0 0 0 0 0 0 0 0 0 0 0 0 0 0 0 0 0 255 255 255 46 54 43 59 45 88 255 255 255 63 0 0 0 0 0 0 0 0 0 0 0 0 0 0 0 0 0 0 0 0 0 56 255 255 240 7 51 47 75 77 255 147 12 19 10 3 13 25 26 32 30 21 25 13 37 177 255 148 23 17 1 61 19 120 245 255 255 70 35 19 23 41 41 18 20 18 10 15 9 9 9 7 9 13 8 11 4 10 10 6 13 13 37 99 255 255 64 24 44 31 16 35 21 99 255 255 154 115 132 151 167 183 202 228 243 249 255 255 255 255 255 255 255 255 255 255 255 255 255 255 255 255 255 255 255 255 172 48 22 21 15 18 19 21 89 21 79 29 62 128 157 100 47 82 116 137 156 179 200 220 227 222 230 245 255 255 255 255 255 255 255 255 255 255 255 255 255 255 -2147483648 
-2147483648 44 0 0 0 0 0 0 0 0 22 255 255 180 78 46 23 24 105 255 255 135 0 0 0 0 0 0 0 0 0 0 0 0 0 0 0 0 0 30 255 255 239 22 27 28 41 18 22 33 156 255 255 219 13 0 0 0 0 0 0 0 0 0 0 0 0 0 0 0 0 0 0 0 255 255 255 41 40 37 35 53 89 255 255 255 68 0 0 0 0 0 0 0 0 0 0 0 0 0 0 0 0 0 0 0 0 0 51 255 255 248 8 47 34 72 79 255 146 14 14 14 13 16 13 16 22 29 31 37 22 20 184 255 147 15 13 11 57 24 112 233 255 255 85 37 19 23 38 42 25 25 20 15 22 22 22 31 42 52 64 70 76 95 120 138 155 169 180 203 241 255 255 58 30 44 48 18 34 29 80 255 255 255 255 255 255 255 255 255 255 255 255 255 255 255 255 254 232 210 173 131 97 66 38 10 32 75 94 115 150 192 214 199 97 6 7 16 12 15 22 87 27 72 31 50 185 255 255 255 255 255 255 255 255 255 255 255 255 255 255 255 255 249 234 231 225 218 212 208 208 204 203 206 198 -2147483648 
-2147483648 44 0 0 0 0 0 0 0 0 24 255 255 180 73 38 15 13 103 255 255 139 0 0 0 0 0 0 0 0 0 0 0 0 0 0 0 0 0 32 255 255 232 23 40 32 28 20 15 36 160 255 255 219 12 0 0 0 0 0 0 0 0 0 0 0 0 0 0 0 0 0 0 0 255 255 255 34 33 27 26 56 88 255 255 255 75 0 0 0 0 0 0 0 0 0 0 0 0 0 0 0 0 0 0 0 0 0 44 255 255 255 11 54 31 78 74 255 148 13 33 29 19 20 24 18 10 7 35 22 11 30 176 255 154 20 15 16 47 31 98 211 255 255 107 81 89 112 136 152 167 184 196 212 234 251 255 255 255 255 255 255 255 255 255 255 255 255 255 255 255 255 226 33 23 25 39 37 34 48 51 186 243 231 209 156 113 87 53 13 38 68 93 129 162 187 214 248 255 255 255 255 255 255 255 255 255 255 255 255 255 255 255 255 153 6 7 24 20 12 25 87 50 70 44 60 245 255 255 255 255 240 222 212 204 198 190 184 181 166 155 159 158 145 132 122 116 118 120 118 117 114 111 113 108 -2147483648 
-2147483648 44 0 0 0 0 0 0 0 0 25 255 255 183 68 40 10 8 105 255 255 139 0 0 0 0 0 0 0 0 0 0 0 0 0 0 0 0 0 33 255 255 234 30 43 41 24 18 15 38 159 255 255 219 14 0 0 0 0 0 0 0 0 0 0 0 0 0 0 0 0 0 0 0 255 255 255 32 39 28 36 56 88 255 255 255 82 0 0 0 0 0 0 0 0 0 0 0 0 0 0 0 0 0 0 0 0 0 38 255 255 255 18 56 36 80 67 255 150 20 26 13 9 25 23 16 27 32 37 20 18 32 159 255 159 16 10 30 31 28 73 185 255 255 255 255 255 255 255 255 255 255 255 255 255 255 255 255 255 255 255 255 255 239 203 169 137 102 75 44 12 142 166 40 46 41 58 54 54 58 46 193 255 255 255 255 255 255 255 255 255 255 255 255 255 255 255 255 255 255 255 255 255 255 255 251 242 226 215 212 206 182 255 255 176 0 10 22 15 6 18 96 67 73 55 66 255 255 255 135 130 120 119 123 118 109 107 105 96 86 83 84 83 84 83 80 78 79 79 75 76 76 70 67 69 -2147483648 
-2147483648 44 0 0 0 0 0 0 0 0 26 255 255 182 69 47 9 16 108 255 255 143 0 0 0 0 0 0 0 0 0 0 0 0 0 0 0 0 0 32 255 255 245 34 35 49 23 9 12 34 165 255 255 219 16 0 0 0 0 0 0 0 0 0 0 0 0 0 0 0 0 0 0 0 255 255 255 40 40 36 33 52 79 255 255 255 85 0 0 0 0 0 0 0 0 0 0 0 0 0 0 0 0 0 0 0 0 0 41 255 255 248 19 55 43 76 67 255 155 14 16 28 15 38 44 61 51 26 6 29 24 33 156 255 153 16 11 35 27 42 59 143 239 255 255 255 255 255 255 255 216 166 117 70 27 18 54 90 127 170 217 255 255 255 255 255 255 255 255 255 255 255 255 55 67 47 75 48 85 53 72 255 255 255 255 255 255 255 255 237 216 208 195 173 157 160 160 150 141 140 141 138 142 142 129 125 121 117 113 117 129 132 255 255 183 8 16 10 7 17 28 95 62 74 54 68 255 255 255 90 43 51 59 59 60 62 64 62 54 57 60 49 42 44 47 51 55 51 44 44 39 32 38 44 39 -2147483648 
-2147483648 47 1 0 0 0 0 0 0 0 26 255 255 177 63 56 13 22 104 255 255 147 1 0 0 0 0 0 0 0 0 0 0 0 0 0 0 0 0 33 255 255 249 16 27 47 18 17 15 23 170 255 255 231 18 0 0 0 0 0 0 0 0 0 0 0 0 0 0 0 0 0 0 0 255 255 255 39 28 15 23 49 62 255 255 255 91 0 0 0 0 0 0 0 0 0 3 9 23 46 71 96 124 156 192 235 255 255 255 255 255 201 17 51 49 67 71 255 155 11 6 18 14 11 32 23 11 29 33 33 22 16 163 255 151 13 18 27 29 35 59 111 132 153 212 255 255 255 255 255 255 255 255 255 255 255 255 255 255 255 255 255 255 255 255 255 255 255 255 255 250 255 255 80 82 89 111 62 111 49 83 255 255 219 130 126 122 124 119 113 113 109 103 105 108 102 102 109 108 103 106 116 122 117 112 110 110 113 110 104 101 111 255 255 195 18 20 13 12 17 13 83 63 73 49 66 255 255 255 100 26 20 26 27 17 12 12 11 10 11 6 7 2 3 6 6 2 3 6 3 11 11 15 20 31 -2147483648 
-2147483648 50 3 0 0 0 0 0 0 0 28 255 255 176 57 58 9 21 100 255 255 146 2 0 0 0 0 0 0 0 0 0 0 0 0 0 0 0 0 35 255 255 239 18 33 35 21 9 18 17 169 255 255 248 23 0 0 0 0 0 0 0 0 0 0 0 0 0 0 0 0 0 0 0 255 255 255 28 27 15 24 53 62 255 255 255 112 100 118 143 176 216 255 255 255 255 255 255 255 255 255 255 255 255 255 255 255 255 255 255 255 127 34 50 55 53 70 255 149 25 30 29 26 26 21 45 53 44 32 21 26 10 161 255 160 14 20 19 26 15 73 162 255 255 255 255 255 255 255 255 255 255 255 255 255 255 255 241 227 211 188 166 153 151 146 137 134 133 137 146 140 255 255 109 89 121 39 99 113 42 81 255 255 255 95 101 101 100 96 98 101 99 101 105 102 95 97 101 102 98 89 78 71 70 71 69 64 54 44 44 43 55 255 255 210 14 11 17 6 6 9 79 72 67 52 62 245 255 255 91 64 78 87 84 76 71 73 75 73 77 80 73 67 65 61 59 61 60 59 62 60 53 55 68 76 -2147483648 
-2147483648 51 3 0 0 0 0 0 0 0 31 255 255 171 56 57 16 22 106 255 255 142 1 0 0 0 0 0 0 0 0 0 0 0 0 0 0 0 0 38 255 255 229 18 36 24 16 8 17 18 159 255 255 255 25 0 0 0 0 0 0 0 0 0 0 0 0 3 10 21 35 52 73 99 255 255 255 21 23 31 17 73 56 255 255 255 255 255 255 255 255 255 255 255 255 255 255 255 255 255 255 255 255 255 255 255 255 200 111 118 185 81 16 49 56 50 64 255 147 15 16 26 31 41 43 52 35 22 18 22 19 9 147 255 170 2 16 16 23 17 81 205 255 255 233 225 210 189 176 167 158 152 145 127 120 129 129 116 110 107 100 97 108 114 112 115 116 121 124 122 131 255 255 123 68 133 133 126 68 25 74 255 255 255 95 98 87 75 68 69 70 72 73 63 55 57 47 34 26 23 10 1 15 22 24 37 50 55 54 53 56 66 255 255 215 24 16 17 19 20 11 69 81 53 60 60 239 255 255 71 92 102 97 93 97 96 94 95 95 92 91 91 88 87 89 83 77 77 77 77 79 83 84 78 73 -2147483648 
-2147483648 54 1 0 0 0 0 0 0 0 33 255 255 166 62 59 23 26 112 255 255 138 0 0 0 0 0 0 0 0 0 0 0 0 0 0 0 0 0 41 255 255 233 18 31 25 17 19 10 22 140 255 255 255 75 76 84 95 111 138 169 193 218 249 255 255 255 255 255 255 255 255 255 255 255 255 255 23 23 61 12 96 46 236 255 255 255 255 255 255 255 255 255 239 177 105 34 40 121 200 255 255 255 255 255 255 255 255 255 255 255 157 23 51 53 56 63 255 148 16 19 12 24 36 38 26 16 11 14 24 16 9 138 255 179 5 15 16 22 26 79 220 255 255 155 82 77 71 73 80 86 92 102 103 100 97 87 84 86 84 85 90 95 91 89 90 88 84 80 73 118 255 255 133 23 57 51 32 20 22 69 255 255 255 59 30 14 1 3 11 6 18 25 30 32 38 50 67 83 88 89 94 101 110 118 125 126 120 116 114 114 124 255 255 203 22 11 14 21 13 17 65 85 47 65 56 241 255 255 41 106 85 80 78 82 86 86 80 77 75 69 66 66 64 68 75 71 71 72 67 63 66 69 66 65 -2147483648 
-2147483648 56 0 0 0 0 0 0 0 0 33 255 255 170 69 51 13 20 114 255 255 132 0 0 0 0 0 0 0 0 0 0 0 0 0 0 1 9 22 69 255 255 231 15 29 30 17 17 3 14 120 255 255 255 255 255 255 255 255 255 255 255 255 255 255 255 255 255 255 255 255 255 255 255 255 255 163 18 8 100 36 129 36 192 206 208 251 255 255 255 255 255 255 255 255 255 255 255 255 255 255 255 255 255 255 255 255 255 255 255 255 224 21 32 50 57 56 255 147 17 15 6 6 5 6 13 25 24 11 10 29 13 143 255 188 19 11 11 31 27 86 212 255 255 184 57 56 59 64 65 67 66 64 72 74 60 49 46 43 38 34 29 22 10 3 3 4 16 27 25 125 255 255 139 11 33 35 10 21 18 66 255 255 255 71 79 78 76 78 83 92 95 101 105 108 113 113 116 122 123 122 127 131 129 130 127 120 114 116 117 117 122 255 255 184 3 6 11 25 9 3 71 82 47 61 44 241 255 255 27 116 54 49 48 51 53 47 42 51 53 47 46 51 52 51 55 53 53 58 49 40 47 53 48 40 -2147483648 
-2147483648 57 1 0 0 0 0 0 0 0 31 255 255 176 73 43 9 13 114 255 255 130 8 8 5 10 20 33 55 77 95 123 159 193 230 255 255 255 255 255 255 255 192 25 38 33 17 11 9 17 94 247 255 255 255 255 255 255 255 255 255 255 255 217 159 98 39 30 88 142 195 250 255 255 255 255 162 20 54 117 39 138 68 255 255 255 255 255 255 255 255 255 255 255 255 255 255 255 255 255 255 255 255 255 235 200 165 130 108 255 255 255 6 28 53 61 48 255 156 30 30 31 38 35 24 19 16 9 17 9 35 16 157 255 188 17 12 14 35 16 95 203 255 255 180 26 24 18 26 26 16 9 6 3 7 20 28 35 47 55 64 69 77 89 97 98 100 104 114 120 150 255 255 141 14 36 35 15 30 17 68 255 255 255 91 113 103 97 105 115 116 109 110 114 114 113 111 108 105 103 98 94 85 78 75 72 75 75 68 68 72 72 255 255 172 8 4 10 32 8 12 74 76 49 61 44 235 255 255 23 112 49 16 20 19 18 21 21 29 32 37 36 35 35 27 25 34 29 25 32 32 27 23 29 19 -2147483648 
-2147483648 65 9 0 0 0 1 4 11 22 55 255 255 182 85 54 30 25 107 255 255 255 255 255 255 255 255 255 255 255 255 255 255 255 255 255 255 255 255 255 255 255 120 33 38 25 20 16 13 11 106 187 198 214 253 255 255 255 255 255 255 255 255 255 255 255 255 255 255 255 255 255 255 255 255 255 255 39 119 83 88 113 82 255 255 255 255 255 255 255 223 192 158 126 103 85 71 59 43 27 20 14 6 0 0 0 0 0 38 255 255 255 6 35 56 67 46 255 168 6 16 19 21 17 4 9 2 11 6 7 19 31 159 255 179 11 13 21 33 20 92 207 255 255 168 46 40 44 59 63 69 72 76 87 94 101 110 116 115 113 112 116 125 127 117 112 120 119 115 116 127 255 255 140 13 27 34 19 21 16 66 255 255 255 88 97 95 98 93 92 89 88 93 88 83 83 83 79 69 57 51 48 38 35 29 18 19 32 36 34 32 34 255 255 167 11 12 12 26 9 22 82 73 58 66 58 226 255 255 16 108 45 7 13 8 10 20 18 16 12 17 15 14 15 9 16 21 21 13 18 21 13 6 11 15 -2147483648 
-2147483648 155 147 164 189 214 235 252 255 255 255 255 255 167 77 39 21 28 84 250 255 255 255 255 255 255 255 255 255 255 255 255 210 166 111 46 27 83 141 209 255 255 93 14 25 22 14 3 6 27 149 255 255 255 255 255 255 255 255 255 255 255 255 255 255 255 255 255 255 255 255 255 255 255 255 255 255 47 104 43 125 81 86 255 255 255 130 23 12 3 0 0 0 0 0 0 0 0 0 0 0 0 0 0 0 0 0 0 38 255 255 255 21 42 61 69 36 255 175 35 40 36 27 25 10 17 6 7 6 16 24 18 147 255 180 9 12 16 37 25 89 209 255 255 162 70 71 77 86 92 97 97 103 108 107 103 100 102 103 101 99 99 98 90 87 92 96 94 88 77 85 255 255 142 11 21 30 8 14 25 58 255 255 255 77 77 67 56 49 53 47 43 50 45 40 38 35 34 29 24 25 19 19 29 29 18 15 15 23 22 21 24 255 255 170 19 12 6 19 21 7 80 74 50 63 55 217 255 255 18 113 44 8 10 12 17 17 15 11 7 11 8 7 17 10 10 4 13 6 9 7 9 13 7 10 -2147483648 
-2147483648 255 255 255 255 255 255 255 255 255 255 255 213 116 63 34 14 15 78 143 108 49 83 125 171 212 250 255 255 255 255 255 255 255 255 255 255 255 255 255 255 255 170 9 32 24 4 2 8 33 167 255 255 255 255 255 255 253 230 205 180 151 127 108 89 73 64 60 52 40 30 22 12 5 255 255 255 43 122 117 91 58 74 255 255 255 125 0 0 0 0 0 0 0 0 0 0 0 0 0 0 0 0 0 0 0 0 0 38 255 255 255 17 47 63 69 24 255 174 23 29 34 19 13 12 18 13 9 24 37 23 13 137 255 186 4 14 13 31 13 91 205 255 255 153 76 75 75 78 80 80 81 86 85 82 76 68 63 66 80 75 58 47 47 52 55 53 42 47 57 54 255 255 150 7 26 42 10 24 30 57 255 255 233 36 38 21 19 23 28 23 18 24 16 20 14 9 10 9 21 27 23 13 16 24 24 24 18 17 13 10 24 245 255 176 20 4 9 32 21 8 68 81 46 64 54 212 255 255 26 119 48 3 3 10 9 8 11 12 15 20 20 7 11 16 3 3 8 6 14 6 9 11 9 8 -2147483648 
-2147483648 25 16 20 52 85 120 151 180 211 232 237 200 116 76 48 19 20 111 250 255 255 255 255 255 255 255 255 255 255 255 255 255 255 255 255 255 255 255 235 255 255 220 20 44 19 10 9 4 18 154 255 255 255 38 13 6 1 0 0 0 0 0 0 0 0 0 0 0 0 0 0 0 0 255 255 255 23 33 28 37 47 74 255 255 255 123 0 0 0 0 0 0 0 0 0 0 0 0 0 0 0 0 0 0 0 0 0 36 255 255 255 15 48 55 67 23 255 172 24 14 23 17 15 17 20 16 20 25 16 14 15 129 255 184 1 19 23 27 23 83 206 255 255 137 60 55 54 63 64 54 52 52 47 40 42 45 37 32 32 27 22 20 21 16 13 13 14 14 26 29 255 255 159 10 32 46 9 32 18 57 255 255 236 18 13 4 13 18 17 15 10 14 9 5 11 9 10 13 23 13 24 14 10 13 13 13 17 19 18 16 17 233 255 184 18 8 7 41 19 18 63 89 53 62 63 212 255 255 31 124 50 10 3 8 1 3 1 7 10 15 22 11 5 14 10 8 13 13 11 7 8 6 4 8 -2147483648 
-2147483648 255 255 255 255 255 255 255 255 255 255 255 255 137 96 92 35 23 129 255 255 252 230 213 184 154 131 112 99 86 79 71 59 52 47 42 37 31 20 78 255 255 225 14 48 15 3 12 15 7 144 255 255 255 29 0 0 0 0 0 0 0 0 0 0 0 0 0 0 0 0 0 0 0 255 255 255 29 19 6 27 37 87 255 255 255 121 0 0 0 0 0 0 0 0 0 0 0 0 0 0 0 0 0 0 0 0 0 32 255 255 255 18 46 50 61 17 255 169 15 4 15 17 27 30 32 18 19 10 15 15 3 131 255 176 13 27 30 29 29 64 196 255 255 122 33 32 32 46 46 31 27 29 19 16 18 24 25 15 10 2 12 17 18 18 20 18 24 25 17 16 255 255 170 9 46 39 13 17 14 50 255 255 241 10 14 6 7 1 12 2 12 11 8 6 3 6 9 7 19 3 19 12 6 8 3 4 16 19 21 15 10 225 255 195 13 13 17 46 10 11 55 87 49 51 63 208 255 255 41 129 55 16 10 9 6 8 7 11 5 16 17 9 9 13 12 4 9 21 22 22 18 16 9 8 -2147483648 
-2147483648 178 160 146 139 129 115 101 89 81 94 255 255 134 70 92 44 17 126 255 255 156 6 0 0 0 0 0 0 0 0 0 0 0 0 0 0 0 7 87 255 255 231 23 40 25 14 13 9 7 153 255 255 255 29 0 0 0 0 0 0 0 0 0 0 0 0 0 0 0 0 0 0 0 255 255 255 37 13 13 23 35 93 255 255 255 120 0 0 0 0 0 0 0 0 0 0 0 0 0 0 0 0 0 0 0 0 0 29 255 255 255 19 35 55 50 12 255 171 14 16 14 6 17 6 39 33 30 23 32 37 31 141 255 177 16 25 32 40 28 51 179 255 255 123 20 17 21 37 41 30 30 31 22 23 23 26 23 25 25 21 19 18 18 25 31 30 28 25 28 13 255 255 176 1 54 35 12 9 9 45 252 255 240 0 17 7 6 8 14 6 11 14 9 6 2 2 1 10 26 6 11 16 11 9 11 10 13 14 15 8 9 220 255 200 19 11 18 36 11 6 52 77 43 41 51 195 255 255 49 121 63 10 20 16 15 16 9 6 9 14 11 15 10 10 18 15 4 6 13 17 9 16 11 3 -2147483648 
-2147483648 67 7 0 0 0 0 0 0 0 32 255 255 163 81 85 43 21 117 255 255 153 0 0 0 0 0 0 0 0 0 0 0 0 0 0 0 0 6 89 255 255 239 25 28 29 2 16 13 3 156 255 255 255 26 0 0 0 0 0 0 0 0 0 0 0 0 0 0 0 0 0 0 0 255 255 255 43 6 20 20 33 96 255 255 255 122 0 0 0 0 0 0 0 0 0 0 0 0 0 0 0 0 0 0 0 0 0 28 255 255 255 14 24 66 52 17 255 173 8 18 25 28 33 33 37 17 17 4 15 8 24 148 255 179 13 6 6 49 38 55 181 255 255 126 16 12 16 34 46 35 31 31 24 19 19 21 13 15 22 23 20 16 15 16 19 16 13 11 27 18 255 255 172 6 41 37 8 11 5 40 244 255 243 11 19 5 11 4 18 4 6 13 7 4 4 4 3 3 25 11 2 6 12 15 15 8 7 12 22 16 17 217 255 204 22 7 12 27 15 13 53 68 34 38 38 180 255 255 51 111 64 6 7 7 8 6 13 5 9 3 5 9 14 9 11 22 22 16 19 25 24 25 26 17 -2147483648 
-2147483648 61 3 0 0 0 0 0 0 0 32 255 255 170 63 68 29 22 113 255 255 150 0 0 0 0 0 0 0 0 0 0 0 0 0 0 1 2 5 89 255 255 233 20 30 34 9 10 7 9 149 255 255 255 23 0 0 0 0 0 0 0 0 0 0 0 0 0 0 0 0 0 0 0 255 255 255 43 1 14 19 34 99 255 255 255 122 0 0 0 0 0 0 0 0 0 0 0 0 0 0 0 0 0 0 0 0 0 28 255 255 255 15 24 72 65 29 255 181 21 26 9 12 19 14 22 43 51 43 49 58 42 142 255 176 26 37 40 57 39 66 190 255 255 128 17 15 20 34 49 37 26 22 17 16 15 16 10 4 11 17 24 20 8 13 19 15 13 9 20 13 255 255 170 7 29 37 7 13 14 38 247 255 248 19 23 5 8 6 14 3 6 11 7 5 1 2 6 4 18 9 8 7 12 9 6 10 8 15 23 13 16 214 255 209 18 16 26 41 16 8 48 75 34 60 23 176 255 255 60 112 54 4 4 7 13 8 7 17 11 4 2 3 16 29 23 22 33 29 27 31 34 33 37 35 -2147483648 
-2147483648 64 5 0 0 0 0 0 0 0 33 255 255 167 67 67 18 27 111 255 255 158 0 0 0 0 0 0 0 0 0 0 0 0 0 0 2 0 4 87 255 255 223 5 31 30 11 3 5 15 151 255 255 255 20 0 0 0 0 0 0 0 0 0 0 0 0 0 0 0 0 0 0 0 255 255 255 43 3 9 28 39 98 255 255 255 119 8 3 0 0 0 0 0 0 0 0 0 0 8 13 10 1 0 0 0 0 0 27 255 255 255 14 21 62 59 2 255 195 39 21 42 48 42 30 18 22 12 17 13 20 22 139 255 177 42 47 37 47 32 83 190 255 255 135 18 25 20 27 47 41 27 20 14 11 12 11 6 7 15 15 9 18 10 19 22 9 13 12 17 4 255 255 175 4 29 40 8 18 24 28 255 255 253 20 26 10 10 3 13 12 15 20 23 16 15 12 14 16 21 22 18 18 17 22 28 22 17 25 23 10 13 214 255 209 17 32 50 62 45 11 46 101 67 84 42 176 255 255 71 118 52 11 12 9 3 10 8 11 12 11 4 4 16 13 18 13 13 12 13 13 16 16 8 10 -2147483648 
-2147483648 65 4 0 0 0 0 0 0 0 35 255 255 172 68 57 9 23 104 255 255 165 0 0 0 0 0 0 0 0 0 0 0 0 0 0 1 2 7 87 255 255 213 9 39 15 12 13 12 27 156 255 255 255 18 0 0 0 0 0 0 0 0 0 0 0 0 0 0 0 0 0 0 0 255 255 255 47 6 5 29 46 94 255 255 255 116 13 6 0 3 8 11 10 10 16 19 22 41 81 96 85 67 83 106 129 156 186 204 255 255 255 14 29 59 53 4 255 198 31 40 35 13 9 18 14 21 25 19 22 22 6 140 255 179 3 19 26 32 33 84 193 255 255 136 27 34 14 26 45 41 30 25 13 8 10 8 7 9 14 12 4 15 11 25 20 10 10 6 22 4 255 255 175 13 36 48 15 27 24 32 255 255 251 10 26 3 8 13 13 25 23 17 21 19 20 21 16 14 18 23 20 23 17 12 17 24 30 35 31 35 38 227 255 209 24 44 66 61 75 16 50 122 80 81 65 165 255 255 76 129 59 4 6 4 12 6 8 1 8 15 10 6 24 12 8 12 31 33 27 30 35 32 28 29 -2147483648 
-2147483648 61 2 0 0 0 0 0 0 0 37 255 255 181 67 47 8 21 98 255 255 163 0 0 0 0 0 0 0 0 0 0 0 0 0 0 0 0 9 89 255 255 211 10 42 15 9 16 3 30 159 255 255 255 18 0 0 0 0 0 0 0 0 0 0 0 0 0 0 0 0 0 0 0 255 255 255 50 22 17 24 48 88 255 255 255 109 17 22 130 255 255 255 255 255 255 255 255 255 255 255 255 255 255 255 255 255 255 255 255 255 255 39 48 71 50 14 255 200 6 9 13 24 16 3 17 23 17 11 8 3 11 136 255 181 6 27 29 22 47 69 201 255 255 129 49 40 20 27 42 37 30 26 9 8 10 7 9 11 10 7 10 2 13 11 16 14 1 6 27 8 255 255 170 12 35 47 13 33 21 36 253 255 246 4 20 13 14 10 26 10 21 15 13 12 16 21 18 8 4 15 10 8 6 6 8 4 16 19 16 17 16 236 255 212 29 50 85 53 84 23 44 133 79 90 73 155 255 255 76 138 66 7 10 9 4 8 6 6 5 11 16 6 24 15 9 36 38 23 16 23 17 13 15 18 -2147483648 
-2147483648 58 3 0 0 0 0 0 0 0 39 255 255 179 61 44 6 19 94 255 255 158 0 0 0 0 0 0 0 0 0 0 0 0 0 0 0 0 7 90 255 255 216 12 46 29 6 13 19 25 160 255 255 255 17 0 0 0 0 0 0 0 0 0 0 0 0 0 0 0 0 0 0 0 255 255 255 35 8 14 33 48 87 255 255 255 101 20 123 255 255 255 255 255 255 255 255 255 255 255 255 255 255 255 255 255 255 255 255 255 255 255 27 42 65 42 9 255 210 15 21 21 24 30 32 23 21 19 21 20 29 26 128 255 181 9 24 39 33 70 51 204 255 255 118 43 31 27 15 42 37 33 22 14 13 8 7 9 18 6 4 4 13 7 7 13 10 13 9 31 12 255 255 168 8 30 45 3 27 27 32 236 255 252 8 15 10 12 9 26 5 10 13 12 11 12 12 18 17 9 18 11 9 9 7 5 3 21 24 15 15 10 233 255 219 28 48 80 49 70 12 33 136 81 98 79 156 255 255 80 140 70 4 10 10 1 4 6 7 9 9 14 4 23 13 16 46 27 4 4 17 11 6 8 6 -2147483648 
-2147483648 61 6 0 0 0 0 0 0 0 40 255 255 171 60 49 8 22 96 255 255 161 0 0 0 0 0 0 0 0 0 0 0 0 0 0 0 0 6 88 255 255 219 12 31 36 9 0 18 22 158 255 255 249 17 0 0 0 0 0 0 0 0 0 0 0 0 0 0 0 0 0 0 0 255 255 255 35 16 34 32 36 80 255 255 255 103 9 237 255 255 255 255 255 255 255 255 255 255 255 255 255 255 231 204 178 156 137 206 253 155 246 37 57 42 44 17 255 211 12 39 23 30 25 17 14 13 20 17 8 19 28 118 255 180 9 17 56 48 77 29 190 255 255 121 36 23 29 8 41 38 39 20 17 15 9 6 15 17 7 17 13 6 4 13 13 17 8 7 31 19 255 255 168 17 34 48 3 9 13 18 219 255 255 11 15 10 9 8 25 11 7 4 4 4 1 5 10 20 14 24 9 7 8 10 7 11 27 30 18 16 10 218 255 238 32 47 63 48 64 16 33 132 106 97 100 152 255 255 85 142 69 9 11 10 3 6 8 4 8 13 14 11 24 10 17 50 29 4 5 13 17 11 10 3 -2147483648 
-2147483648 62 7 0 0 0 0 0 0 0 39 255 255 170 64 57 19 28 105 255 255 167 0 0 0 0 0 0 0 0 0 0 0 0 0 0 0 0 5 85 255 255 226 18 23 25 21 17 12 17 156 255 255 247 17 0 0 0 0 0 0 0 0 0 0 0 0 0 0 0 0 0 0 0 255 255 255 40 19 33 29 31 72 255 255 255 112 4 255 255 255 97 63 51 34 36 37 38 50 40 35 17 8 12 13 22 33 48 139 255 75 239 44 45 12 46 21 255 207 16 38 13 19 12 19 12 13 12 6 13 24 16 106 255 188 18 27 73 64 67 16 171 255 255 144 45 49 13 13 37 42 34 22 18 10 7 1 12 2 11 13 8 5 6 9 7 9 6 4 23 24 255 255 172 11 37 59 12 11 2 6 210 255 255 6 14 3 7 2 27 20 9 7 11 6 5 7 1 12 19 28 14 23 25 25 18 16 22 25 13 7 1 198 255 254 34 77 109 105 96 7 52 164 160 137 133 138 255 255 93 139 73 4 5 8 10 12 8 8 12 15 13 13 21 7 12 45 35 3 8 11 8 10 12 4 -2147483648 
-2147483648 55 4 0 0 0 0 0 0 0 38 255 255 174 63 61 23 23 110 255 255 165 0 0 0 0 0 0 0 0 0 0 0 0 0 0 0 0 6 83 255 255 234 16 28 23 23 7 19 30 168 255 255 252 15 0 0 0 0 0 0 0 0 0 0 0 0 0 0 0 0 0 0 0 255 255 255 45 13 20 23 36 77 255 255 255 115 15 255 255 255 35 6 29 23 13 3 3 14 31 14 9 8 16 12 17 18 22 125 255 61 233 59 36 13 51 13 255 208 25 31 15 25 15 6 17 36 50 40 41 19 7 110 255 200 19 17 73 78 59 26 164 255 255 163 39 57 3 10 32 45 34 21 14 6 10 10 2 14 9 9 9 5 3 10 11 7 5 5 20 9 255 255 175 12 34 58 3 21 8 3 201 255 255 10 9 2 4 7 25 19 9 12 5 15 6 4 3 4 18 24 13 18 13 11 17 13 15 20 10 9 5 187 255 255 33 110 116 118 128 2 65 200 132 169 141 134 255 255 101 136 78 2 4 6 12 13 8 7 17 21 16 6 21 15 17 44 37 6 6 7 3 7 7 10 -2147483648 
-2147483648 47 0 0 0 0 0 0 0 0 36 255 255 178 59 57 26 17 109 255 255 167 1 0 0 0 0 0 0 0 0 0 0 0 0 0 0 0 7 80 255 255 232 18 40 26 14 30 34 26 183 255 255 255 15 0 0 0 0 0 0 0 0 0 0 0 0 0 0 0 0 0 0 0 255 255 255 44 3 13 19 35 81 255 255 255 118 15 255 255 255 21 11 27 26 11 8 16 20 4 19 14 7 16 12 2 3 7 131 255 78 238 71 36 13 57 9 255 207 26 18 19 19 17 23 25 4 22 1 21 41 31 117 255 207 16 15 61 85 49 39 160 255 255 166 46 59 9 6 33 40 37 23 11 8 15 10 7 18 8 1 7 3 8 10 11 6 7 8 19 10 251 255 177 7 27 45 10 18 9 4 200 255 255 13 11 6 8 11 27 14 6 11 4 14 13 10 4 3 20 15 3 10 9 6 0 4 10 14 12 16 11 177 255 255 26 102 108 141 113 6 60 198 134 209 103 143 255 255 113 144 83 10 4 11 7 6 12 8 4 22 15 7 21 17 16 47 35 12 15 14 13 3 12 17 -2147483648 
-2147483648 45 0 0 0 0 0 0 0 0 34 255 255 182 59 56 26 18 108 255 255 175 2 0 0 0 0 0 0 0 0 0 0 0 0 0 0 0 6 79 255 255 224 31 56 31 28 27 64 12 175 255 255 255 16 0 0 0 0 0 0 0 0 0 0 0 0 0 0 0 0 0 0 0 255 255 255 44 4 19 24 34 80 255 255 255 125 16 255 255 255 6 14 35 25 4 5 6 10 15 11 22 23 12 8 14 2 6 145 255 103 255 55 46 35 50 6 255 208 3 12 17 9 3 8 11 24 22 25 38 18 17 118 255 210 15 23 68 94 62 42 158 255 255 157 49 55 8 1 37 35 30 27 9 10 16 16 12 5 12 18 17 14 21 18 19 19 19 11 20 15 249 255 183 9 24 35 15 13 4 24 206 255 255 10 13 10 9 10 29 14 6 9 6 6 13 11 9 4 14 10 10 9 17 13 9 1 10 9 3 15 8 166 255 255 21 57 84 100 56 12 41 142 85 152 33 150 255 255 125 144 85 5 13 10 3 2 12 9 5 19 13 4 19 18 18 47 27 11 7 10 20 25 28 34 -2147483648 
-2147483648 44 0 0 0 0 0 0 0 0 33 255 255 190 60 49 22 18 107 255 255 177 1 0 0 0 0 0 0 0 0 0 0 0 0 0 0 0 7 79 255 255 209 34 78 32 45 18 76 4 161 255 255 255 17 0 0 0 0 0 0 0 0 0 0 0 0 0 0 0 0 0 0 0 255 255 255 42 13 25 35 43 74 255 255 255 129 13 255 255 255 4 16 45 21 3 12 29 32 26 18 14 4 4 14 19 8 8 168 255 116 255 42 26 27 41 4 255 210 12 8 13 8 11 9 8 16 22 38 45 38 25 121 255 210 12 14 116 87 103 41 161 255 255 151 45 47 7 3 37 36 25 16 12 15 12 9 17 15 11 15 16 19 24 15 16 14 11 9 15 12 242 255 191 12 27 39 6 4 10 22 201 255 255 13 20 12 6 11 25 11 2 9 11 4 8 17 22 14 9 8 14 5 10 15 13 4 7 9 4 17 11 159 255 255 25 15 14 38 17 16 36 105 12 102 11 150 255 255 133 136 87 12 2 5 7 7 10 6 4 13 9 8 22 21 25 45 22 9 7 10 19 18 17 25 -2147483648 
-2147483648 48 0 0 0 0 0 0 0 0 33 255 255 198 54 44 25 20 106 255 255 178 0 0 0 0 0 0 0 0 0 0 0 0 0 0 0 0 7 78 255 255 193 25 94 25 51 1 81 4 154 255 255 255 19 0 0 0 0 0 0 0 0 0 0 0 0 0 0 0 0 0 0 0 255 255 255 41 30 33 56 60 72 255 255 255 135 17 255 255 255 13 30 53 31 25 32 30 22 24 22 26 7 4 14 13 11 5 191 255 137 255 70 41 17 34 11 250 212 22 8 6 16 20 13 6 10 14 13 23 8 4 121 255 211 15 6 111 71 134 35 164 255 255 151 45 41 4 7 34 37 25 9 3 6 2 9 3 7 3 6 7 10 9 1 6 5 2 7 5 13 235 255 194 4 25 54 10 7 4 10 195 255 255 15 17 17 6 1 24 16 2 6 12 18 33 32 40 42 32 22 12 7 15 15 11 10 16 26 30 33 26 144 255 255 32 10 14 30 7 11 43 97 16 86 6 139 255 255 139 133 83 15 11 7 12 9 10 8 4 10 6 8 21 18 25 46 20 4 6 9 17 13 16 18 -2147483648 
-2147483648 54 0 0 0 0 0 0 0 0 36 255 255 197 50 48 29 18 107 255 255 179 0 0 0 0 0 0 0 0 0 0 0 0 0 0 0 0 7 79 255 255 190 29 94 24 51 8 77 5 153 255 255 255 22 0 0 0 0 0 0 0 0 0 0 0 0 0 0 0 0 0 0 0 255 255 255 42 56 27 79 73 72 255 255 255 137 23 255 255 255 19 40 49 30 19 20 11 10 13 18 29 25 16 22 3 13 11 204 255 149 255 75 50 20 30 16 241 216 27 20 20 15 12 12 4 6 17 10 30 14 19 120 255 214 17 9 74 93 98 45 168 255 255 157 46 41 5 6 35 38 26 6 4 10 7 3 5 9 3 5 5 13 13 12 12 16 14 3 11 11 233 255 194 10 25 53 7 11 8 10 189 255 255 23 19 6 6 11 25 27 10 20 37 56 57 46 45 47 45 38 30 20 9 6 15 39 51 55 55 56 50 129 255 255 42 3 20 21 7 3 42 97 9 77 11 123 255 255 144 130 79 13 9 9 10 6 9 3 3 17 6 9 18 15 23 52 27 6 7 17 15 14 15 24 -2147483648 
-2147483648 57 1 0 0 0 0 0 0 0 36 255 255 196 55 49 22 15 106 255 255 176 0 0 0 0 0 0 0 0 0 0 0 0 0 0 0 0 6 80 255 255 183 48 111 33 76 67 111 37 146 255 255 255 26 0 0 0 0 0 0 0 0 0 0 0 0 0 0 0 0 0 0 0 255 255 255 41 58 28 77 70 67 255 255 255 142 25 255 255 255 25 53 46 19 8 10 10 10 9 16 22 27 28 16 10 16 10 203 255 146 255 47 72 48 29 16 254 221 17 12 6 5 19 6 3 3 23 21 43 21 15 111 255 221 8 4 20 35 44 70 175 255 255 158 44 39 5 7 33 41 35 16 14 16 11 13 12 7 3 2 7 6 9 9 19 16 19 14 16 8 231 255 199 10 27 49 6 8 20 16 170 255 255 24 28 14 10 6 20 22 3 31 60 57 36 27 24 26 32 26 30 27 19 14 35 54 57 56 49 49 45 121 255 255 51 2 14 23 11 6 36 105 17 87 12 122 255 255 148 126 82 8 6 6 8 9 15 13 11 18 7 10 20 14 21 51 32 7 7 19 2 9 7 17 -2147483648 
-2147483648 57 3 0 0 0 0 0 0 0 35 255 255 199 60 47 16 12 110 255 255 172 0 0 0 0 0 0 0 0 0 0 0 0 0 0 0 0 3 81 255 255 164 26 136 40 102 47 110 53 135 255 255 255 31 0 0 0 0 0 0 0 0 0 0 0 0 0 0 0 0 0 0 0 255 255 255 52 33 46 63 49 66 255 255 255 147 27 255 255 255 30 60 41 14 18 15 9 0 13 21 24 22 27 19 13 28 36 206 255 140 255 16 48 70 23 20 255 231 33 33 18 4 16 2 1 9 27 33 50 25 13 108 255 223 2 13 13 38 47 83 187 255 255 151 42 44 18 15 35 45 35 10 15 21 16 11 14 8 1 8 12 6 3 4 10 4 11 11 21 21 221 255 212 14 34 53 6 13 17 8 156 255 255 25 35 10 11 8 18 15 9 50 69 33 14 15 20 21 1 18 32 26 16 17 44 56 36 27 29 31 18 119 255 255 55 5 2 21 23 7 41 109 13 101 26 134 255 255 153 123 85 6 10 5 6 17 6 11 22 9 5 6 24 14 18 45 35 3 6 15 4 8 10 16 -2147483648 
-2147483648 53 3 0 0 0 0 0 0 0 35 255 255 200 59 47 26 15 114 255 255 170 0 0 0 0 0 0 0 0 0 0 0 0 0 0 0 0 2 81 255 255 187 64 117 37 77 90 105 38 134 255 255 255 37 0 0 0 0 0 0 0 0 0 0 0 0 0 0 0 0 0 0 0 255 255 255 59 12 14 30 41 69 255 255 255 145 36 255 255 255 31 57 47 20 13 10 11 10 26 18 29 31 26 30 24 11 10 212 255 143 255 15 51 83 20 24 240 239 57 20 21 13 6 6 7 14 19 27 22 10 20 115 255 222 17 26 20 37 36 85 193 255 255 159 45 53 8 6 39 45 28 6 9 9 4 4 5 13 5 11 6 11 4 8 2 5 1 4 8 13 210 255 221 3 32 53 12 11 16 22 161 255 255 27 36 4 3 16 19 15 10 63 61 17 20 30 34 41 43 11 29 31 17 19 49 48 13 33 60 59 44 132 255 255 57 3 7 15 23 12 42 96 17 100 24 133 255 255 161 123 89 13 8 12 14 5 14 7 24 7 6 5 22 17 25 44 29 8 6 12 10 14 17 13 -2147483648 
-2147483648 51 1 0 0 0 0 0 0 0 33 255 255 195 60 44 27 23 108 255 255 173 0 0 0 0 0 0 0 0 0 0 0 0 0 0 0 0 2 79 255 255 229 61 76 38 36 46 43 3 124 255 255 255 39 0 0 0 0 0 0 0 0 0 0 0 0 0 0 0 0 0 0 0 255 255 255 55 17 20 28 52 66 255 255 255 146 43 255 255 255 27 60 53 28 29 18 15 20 20 11 21 27 34 35 26 14 5 226 255 160 255 10 57 80 27 36 241 239 59 30 16 7 13 14 21 7 10 7 2 7 19 118 255 226 11 22 15 25 31 78 187 255 255 175 45 56 9 6 40 45 24 1 6 8 10 1 7 9 3 7 8 10 4 6 4 3 3 8 13 16 205 255 226 7 31 56 15 23 10 5 165 255 255 27 35 2 6 11 13 18 15 65 45 10 12 43 44 25 44 33 10 32 17 27 45 35 9 44 66 50 35 136 255 255 58 9 6 13 21 10 30 84 18 90 21 127 255 255 174 118 92 16 5 3 5 8 6 4 20 9 3 4 21 18 33 47 22 11 10 11 10 4 7 13 -2147483648 
-2147483648 53 0 0 0 0 0 0 0 0 34 255 255 186 63 50 19 22 103 255 255 179 0 0 0 0 0 0 0 0 0 0 0 0 0 0 0 1 3 77 255 255 240 20 39 30 3 9 11 20 116 255 255 255 40 0 0 0 0 0 0 0 0 0 0 0 0 0 0 0 0 0 0 0 252 255 255 59 18 23 35 49 58 255 255 255 154 44 255 255 255 27 56 37 21 35 26 15 16 5 10 17 8 7 18 18 13 12 247 255 181 255 11 58 67 24 38 252 245 35 23 19 16 10 14 27 20 20 7 10 16 23 124 255 230 4 21 12 20 39 65 178 255 255 179 40 55 4 3 39 49 27 7 6 7 10 1 7 6 8 4 12 11 4 2 4 6 9 17 13 14 204 255 232 8 33 56 18 24 13 4 160 255 255 24 28 1 5 10 17 20 18 68 47 13 11 40 54 13 29 32 16 32 15 29 43 30 4 39 72 49 15 126 255 255 66 7 3 9 24 10 22 84 19 82 15 122 255 255 188 112 100 18 3 8 3 15 11 3 12 12 10 7 21 19 37 48 21 14 8 5 10 4 10 13 -2147483648 
-2147483648 57 1 0 0 0 0 0 0 0 37 255 255 180 67 54 13 22 101 255 255 182 0 0 0 0 0 0 0 0 0 0 0 0 1 2 1 3 1 74 255 255 231 14 35 32 14 3 9 20 131 255 255 255 44 0 0 0 0 0 0 0 0 0 0 0 0 0 0 0 0 0 0 0 245 255 255 64 13 24 37 37 55 255 255 255 159 51 255 255 255 26 43 32 32 17 30 23 19 28 28 8 16 28 25 16 7 3 255 255 192 255 16 61 58 23 39 254 255 39 31 14 33 35 33 32 17 16 19 23 25 25 119 255 238 20 19 22 13 48 57 177 255 255 180 37 55 3 3 38 46 26 9 4 9 9 3 3 9 14 12 6 3 9 7 7 2 13 13 4 11 206 255 230 9 28 54 27 18 23 16 156 255 255 24 24 22 12 8 18 22 18 67 56 20 18 34 44 19 19 27 8 23 15 24 54 30 10 40 66 49 19 120 255 255 69 11 6 3 9 15 17 84 12 81 13 120 255 255 193 113 115 30 22 21 37 33 29 29 31 32 33 23 12 16 34 50 29 16 7 6 17 13 16 9 -2147483648 
-2147483648 62 3 0 0 0 0 0 0 0 37 255 255 180 69 53 8 21 95 255 255 180 3 0 0 0 0 0 0 0 0 0 0 0 2 0 2 4 1 73 255 255 226 11 34 23 16 11 13 17 137 255 255 255 48 0 0 0 0 0 0 0 0 0 0 0 0 0 0 0 0 0 0 0 239 255 255 67 9 21 32 34 58 255 255 255 166 65 255 255 255 16 48 43 27 17 13 8 11 32 38 42 30 27 20 17 14 9 255 255 191 255 13 61 55 27 36 252 255 48 44 30 18 19 22 26 10 11 10 21 24 15 123 255 240 20 7 20 21 41 54 178 255 255 186 40 55 7 6 34 43 30 8 2 7 11 6 2 6 13 8 7 7 10 9 6 3 10 6 15 12 209 255 231 11 28 61 37 17 27 21 158 255 255 25 23 11 14 9 14 29 6 56 58 27 28 28 24 18 16 20 13 23 24 27 64 35 21 40 43 42 34 108 255 255 71 4 6 1 4 9 7 85 13 88 15 122 255 255 196 121 127 27 23 25 18 4 13 20 19 14 28 41 3 16 32 50 27 7 14 18 20 14 15 9 -2147483648 
-2147483648 64 5 0 0 0 0 0 0 0 33 255 255 183 66 53 3 24 87 255 255 183 4 0 0 0 0 0 0 0 0 0 0 0 1 2 1 4 4 76 255 255 231 20 36 20 10 4 13 15 124 255 255 255 51 0 0 0 0 0 0 0 0 0 0 0 0 0 0 0 0 0 0 0 233 255 255 74 10 20 27 35 56 255 255 255 182 79 255 255 215 13 67 44 11 10 7 14 21 25 9 27 39 44 32 20 13 30 255 255 191 255 10 51 59 22 35 247 255 47 41 13 27 24 24 30 20 26 16 24 26 12 137 255 227 23 4 14 15 40 44 173 255 255 198 40 58 5 6 28 48 27 17 4 1 9 8 11 17 8 1 9 8 12 9 6 3 22 30 32 18 201 255 244 31 39 67 55 42 50 28 166 255 255 39 27 14 11 12 10 33 24 47 65 43 21 2 17 16 24 6 24 25 24 25 56 48 27 24 29 36 32 89 255 255 84 11 10 9 8 8 8 93 18 97 18 119 255 255 210 127 133 22 10 22 30 28 22 19 23 16 12 44 12 6 26 45 30 6 13 18 14 19 13 13 -2147483648 
-2147483648 66 6 0 0 0 0 0 0 0 29 255 255 185 70 54 4 30 82 255 255 188 3 0 0 0 0 0 0 0 0 0 0 0 3 4 4 6 6 78 255 255 240 23 30 28 18 1 9 16 119 255 255 255 54 0 0 0 0 0 0 0 0 0 0 0 0 0 0 0 0 0 0 0 228 255 255 88 7 10 27 35 54 255 255 255 199 92 255 255 190 20 72 34 6 11 19 12 9 20 9 0 6 23 32 24 15 33 253 255 190 255 16 47 64 13 35 238 254 36 37 22 31 47 42 46 30 29 9 20 17 23 132 255 221 23 9 22 7 48 40 169 255 255 212 37 64 13 11 26 48 17 17 10 7 16 4 16 1 10 3 7 31 68 111 125 88 98 143 166 164 248 255 255 255 255 255 255 255 255 243 255 255 255 83 71 69 61 53 51 52 44 48 70 62 45 26 17 4 13 22 31 27 16 20 35 52 46 28 31 37 36 82 255 255 91 11 7 17 6 3 17 96 20 101 25 116 255 255 224 123 136 20 20 21 10 13 18 16 7 13 7 42 14 9 26 50 29 11 16 5 3 19 20 7 -2147483648 
-2147483648 70 5 0 0 0 0 0 0 0 28 255 255 186 71 61 14 37 89 255 255 185 0 0 0 0 0 0 0 0 0 0 1 2 3 0 1 3 4 77 255 255 249 18 21 32 20 5 9 17 121 255 255 255 60 0 0 0 0 0 0 0 0 0 0 0 0 0 0 0 0 0 0 0 225 255 255 88 18 17 33 40 53 255 255 255 202 109 255 255 178 16 56 42 11 3 14 16 19 32 33 21 17 10 23 34 30 33 232 255 158 255 8 49 68 11 32 231 250 37 33 11 23 35 27 37 17 37 21 17 10 25 113 255 224 9 8 28 14 57 46 166 255 255 216 30 59 16 17 33 45 23 19 6 9 19 13 9 40 83 143 220 255 255 255 225 238 255 255 255 255 255 255 255 255 255 255 255 255 255 255 255 255 255 231 223 224 218 216 214 197 171 152 140 116 82 55 39 31 26 25 17 19 20 19 6 16 22 13 25 19 25 91 255 255 85 9 6 18 6 8 29 95 15 96 28 110 255 255 255 221 216 163 165 181 193 186 177 175 177 173 171 184 187 186 186 194 193 196 200 198 198 197 191 188 -2147483648 
-2147483648 71 3 0 0 0 0 0 0 0 28 255 255 187 55 59 14 35 99 255 255 183 1 0 0 0 0 0 0 0 0 0 3 4 6 4 0 3 6 75 255 255 253 16 19 32 22 7 6 25 118 255 255 255 65 0 0 0 0 0 0 0 0 0 0 0 0 0 0 0 0 0 0 0 224 255 255 73 8 13 19 39 47 255 255 255 196 129 255 255 160 1 45 45 23 32 29 16 9 14 31 18 6 7 8 17 35 33 210 255 121 255 27 51 71 13 29 221 239 38 16 21 31 38 31 43 35 25 22 18 14 22 116 255 222 13 20 37 31 51 49 162 255 255 215 31 56 15 7 40 43 29 10 6 29 91 157 224 255 255 255 255 237 181 103 255 255 255 177 152 175 222 255 255 255 255 255 255 255 255 255 255 255 255 243 242 251 255 255 255 255 255 255 239 198 149 163 179 199 217 240 255 255 255 255 255 255 255 255 255 255 255 255 255 255 54 8 8 14 12 4 29 102 17 91 21 86 223 255 255 255 255 255 255 255 255 255 255 255 255 255 255 255 255 255 255 255 255 255 255 255 255 255 255 255 -2147483648 
-2147483648 67 2 0 0 0 0 0 0 0 28 255 255 197 67 60 19 35 107 255 255 183 2 0 0 0 0 0 0 0 0 0 4 4 2 3 4 3 8 73 255 255 251 16 21 28 32 16 10 39 115 255 255 255 65 0 0 0 0 0 0 0 0 0 0 0 0 0 0 0 0 0 0 0 222 255 255 63 13 10 16 42 36 255 255 255 198 152 255 255 130 4 45 36 21 30 24 20 6 11 17 23 10 3 6 5 23 39 205 255 109 255 24 55 66 11 22 211 239 58 31 19 19 29 32 44 32 14 11 4 6 26 130 255 211 13 13 25 37 34 63 158 255 255 255 229 228 222 236 249 245 222 203 229 255 255 255 255 233 163 79 14 69 110 137 255 255 209 77 83 108 121 134 141 142 146 154 156 155 158 163 167 160 141 128 129 139 150 156 161 162 164 176 215 255 255 255 255 255 255 255 255 255 255 255 255 255 255 255 255 255 255 255 249 108 4 10 6 11 10 5 19 97 30 84 23 60 108 144 160 130 91 59 61 55 42 38 38 40 33 29 34 36 35 34 40 54 69 72 71 73 68 71 80 78 -2147483648 
-2147483648 63 4 0 0 0 0 0 0 0 36 255 255 203 82 50 17 41 103 255 255 185 2 0 0 0 0 0 0 0 0 0 3 4 8 8 1 4 16 72 255 255 244 16 26 29 28 16 12 36 115 255 255 255 62 0 0 0 0 0 0 0 0 0 0 0 0 0 0 0 0 0 0 0 216 255 255 46 26 30 43 77 30 255 255 255 196 204 255 255 87 3 41 33 7 20 19 14 13 3 4 16 23 13 6 2 17 34 202 255 126 255 20 55 65 12 20 205 250 64 22 14 4 10 14 33 19 16 9 3 19 39 119 255 208 14 27 14 28 30 73 134 239 255 255 255 255 255 255 255 255 255 255 255 249 168 76 10 60 91 90 73 66 45 61 255 255 179 84 111 100 77 71 63 54 54 59 66 71 72 72 72 69 64 64 66 67 65 59 60 67 69 69 228 255 255 62 19 51 61 82 113 146 163 180 207 232 251 255 255 255 255 255 255 200 59 16 23 22 16 5 11 83 41 76 31 51 143 255 255 255 255 255 255 255 255 255 255 255 255 255 255 255 255 255 255 255 255 255 255 255 255 255 255 255 -2147483648 
-2147483648 66 5 0 0 0 0 0 0 0 87 255 255 164 78 50 17 49 101 255 255 185 6 0 0 0 0 0 0 0 0 4 12 12 10 14 16 22 32 75 255 255 245 13 26 44 20 5 3 24 106 255 255 255 94 74 73 74 77 76 78 84 87 94 106 116 122 130 141 153 170 191 212 237 255 255 255 18 44 37 17 114 22 255 255 255 255 255 255 255 52 21 35 29 18 23 19 10 4 13 13 18 13 10 11 10 19 21 165 255 199 242 16 37 71 2 37 196 255 68 43 19 22 17 13 20 19 20 13 4 24 35 100 255 222 6 22 1 11 39 64 102 114 124 145 176 203 225 217 171 125 118 85 19 57 94 94 71 54 33 15 30 34 18 48 255 255 180 95 127 77 28 16 9 7 7 2 4 7 10 14 17 17 15 15 14 10 10 12 10 13 16 38 181 255 255 255 255 255 255 255 255 255 255 255 255 255 255 255 255 255 255 255 255 255 102 33 39 39 32 5 13 82 40 77 38 70 248 255 255 255 255 255 255 255 255 255 255 255 244 242 252 255 253 253 255 255 255 255 255 255 255 255 255 255 -2147483648 
-2147483648 93 48 44 49 58 62 64 68 77 205 255 255 91 50 50 23 44 110 255 255 199 111 114 118 120 128 145 166 186 214 247 255 255 255 255 255 255 255 255 255 255 229 30 27 43 19 6 6 19 85 255 255 255 255 255 255 255 255 255 255 255 255 255 255 255 255 255 255 255 255 255 255 255 255 255 255 29 96 82 54 127 23 194 255 255 255 255 255 255 38 37 44 45 33 22 24 31 30 31 22 21 15 8 6 8 12 13 105 214 58 131 15 24 72 6 53 189 255 73 43 40 40 13 17 21 22 11 13 7 19 36 93 255 235 10 25 8 2 43 56 116 199 255 252 209 204 236 255 255 255 211 145 92 63 41 27 16 9 7 13 28 16 12 49 255 255 190 90 128 75 19 11 3 4 3 0 0 0 0 0 0 0 0 0 0 0 0 0 0 0 13 64 93 239 255 255 255 255 255 255 243 224 211 203 193 186 189 183 171 164 145 129 255 255 102 31 21 32 39 20 6 91 38 87 44 86 255 255 255 110 109 74 78 73 67 61 55 53 56 61 65 62 54 59 77 89 97 95 95 102 102 93 89 91 -2147483648 
-2147483648 255 255 255 255 255 255 255 255 255 255 255 229 49 34 27 13 32 92 255 255 255 255 255 255 255 255 255 255 255 255 255 255 255 255 255 255 255 255 255 255 255 170 30 17 35 22 4 5 16 58 156 255 255 255 255 255 255 255 255 255 255 255 255 255 255 255 255 255 255 255 255 255 255 255 255 176 139 215 170 149 133 20 145 197 209 246 255 255 193 21 16 22 25 6 7 7 4 8 18 24 24 18 13 9 6 6 9 106 255 171 200 20 85 139 89 74 201 255 94 49 26 3 42 23 11 9 6 14 16 20 32 94 255 247 26 20 15 4 39 62 158 237 122 66 87 117 159 170 147 98 50 31 15 11 9 2 7 14 20 22 21 12 13 56 255 255 205 86 121 82 15 4 0 0 0 0 0 0 0 0 0 0 0 0 0 0 0 0 0 0 32 80 46 96 210 136 35 30 32 36 44 41 41 49 52 59 69 63 48 45 47 81 255 255 92 9 18 28 32 28 16 87 37 88 49 89 255 255 255 57 88 49 65 59 47 44 46 51 51 40 42 45 45 44 64 56 44 39 40 44 44 39 38 36 -2147483648 
-2147483648 202 233 241 236 232 234 239 239 231 214 229 93 65 68 42 13 33 58 100 170 242 255 255 255 254 242 226 206 184 151 113 85 59 27 11 38 73 109 131 158 195 115 25 23 37 20 8 11 30 101 209 255 255 255 255 255 255 255 255 255 255 255 255 255 255 255 255 255 255 255 255 255 255 255 255 255 200 213 144 213 149 45 255 255 255 255 255 255 255 30 31 36 30 22 14 20 35 47 52 46 40 30 15 14 15 8 4 172 255 153 255 13 211 248 232 145 215 255 86 38 42 52 44 18 22 6 7 25 15 19 23 96 255 254 16 1 27 21 57 141 204 195 81 14 65 88 69 48 31 23 21 20 21 15 7 1 11 17 19 20 22 19 30 55 255 255 218 84 109 88 23 1 0 0 4 7 7 9 12 10 6 3 0 0 0 0 0 0 0 7 52 81 27 49 184 154 40 37 43 47 61 72 72 75 76 79 79 73 66 57 60 104 255 255 102 6 16 27 26 21 8 78 41 80 47 79 255 255 255 38 73 51 50 52 54 56 57 60 58 49 66 60 54 51 68 48 41 43 42 38 40 47 48 45 -2147483648 
-2147483648 255 255 255 255 255 255 255 255 255 255 255 182 130 134 106 23 47 110 221 255 255 255 255 255 255 255 255 255 255 255 255 255 255 255 255 255 255 255 255 255 255 182 34 39 47 30 20 19 40 141 255 255 255 255 255 255 255 255 255 255 255 255 255 255 255 255 255 255 255 255 255 255 255 255 255 255 159 165 102 219 172 38 255 255 255 255 255 255 255 10 21 44 11 14 27 29 30 33 17 14 19 31 20 9 10 13 16 217 255 103 255 32 255 255 255 238 214 255 75 46 35 22 20 44 29 26 29 24 8 13 16 102 255 254 23 20 50 115 212 255 251 174 98 67 56 44 37 35 28 21 24 31 27 18 16 10 17 20 16 22 20 21 25 38 251 255 230 81 97 88 36 15 9 14 25 27 27 32 30 25 25 26 16 4 0 0 0 0 1 21 60 73 15 21 157 169 93 88 93 97 98 97 97 92 89 90 88 76 66 52 50 102 255 255 122 8 2 25 31 18 6 78 47 77 57 68 255 255 255 12 52 38 27 29 36 38 46 44 46 45 70 50 49 50 68 59 54 49 49 49 47 50 52 48 -2147483648 
-2147483648 255 255 255 255 255 255 255 255 255 255 255 255 89 111 125 37 53 134 255 255 255 255 255 255 255 255 255 255 255 255 255 255 255 255 255 255 255 255 255 255 255 238 22 37 47 28 24 23 32 141 255 255 255 211 210 209 201 200 196 190 190 187 183 175 162 156 157 154 148 148 146 136 126 215 255 255 91 136 73 195 186 41 255 255 255 113 255 255 255 8 24 53 21 32 37 38 31 16 12 17 19 26 18 14 14 7 11 237 255 113 255 73 255 241 255 255 210 255 78 42 44 51 55 44 28 24 30 28 16 10 13 98 255 251 19 13 61 200 233 201 118 49 31 25 23 18 14 16 16 9 13 20 14 12 17 17 16 16 12 10 13 13 6 29 246 255 241 76 85 85 45 31 29 35 37 32 38 41 35 33 32 32 33 20 6 1 0 0 4 37 65 57 4 21 114 154 100 80 76 73 64 59 61 61 59 61 58 49 54 48 40 86 255 255 142 8 11 25 37 16 17 81 49 79 70 61 255 255 255 9 37 20 11 4 5 7 10 14 24 16 43 16 33 41 63 52 41 39 36 37 37 34 29 27 -2147483648 
-2147483648 88 46 40 38 38 45 49 49 49 102 255 255 159 125 109 41 37 124 255 255 146 78 74 69 68 63 56 54 53 52 53 54 52 49 45 38 33 31 66 255 255 252 13 30 44 23 15 11 21 121 255 255 255 22 0 0 0 0 0 0 0 0 0 0 0 0 0 0 0 0 0 0 0 174 255 255 62 141 55 176 189 33 255 255 255 114 255 255 255 10 17 34 14 16 14 15 19 14 8 5 26 37 28 20 4 12 22 255 255 140 255 121 255 187 255 255 204 255 95 47 37 20 14 15 7 7 13 5 27 24 31 92 255 249 27 37 85 255 191 59 13 4 28 15 10 13 14 28 26 12 22 12 4 13 12 12 4 10 15 6 11 12 7 16 239 255 250 73 70 73 43 31 35 37 29 24 25 20 25 26 18 15 29 26 13 7 2 1 6 48 69 39 9 23 70 118 62 36 29 22 15 8 3 4 3 13 20 33 28 21 18 72 255 255 143 17 7 32 29 7 10 76 38 84 62 63 255 255 255 17 61 54 51 52 51 48 51 49 35 26 41 23 20 33 52 32 11 6 1 7 4 8 4 2 -2147483648 
-2147483648 65 0 0 0 0 0 0 0 0 23 218 255 224 147 99 44 24 109 255 255 156 6 0 0 0 0 0 0 0 0 0 0 0 1 3 1 0 6 64 255 255 248 11 30 33 20 16 5 18 115 255 255 255 18 0 0 0 0 0 0 0 0 0 0 0 0 0 0 0 0 0 0 0 163 255 255 51 171 36 175 203 30 255 255 255 117 255 255 255 14 28 35 33 31 39 48 38 22 24 38 45 40 32 29 22 20 29 255 255 160 255 138 255 153 255 255 191 255 81 40 42 42 40 37 28 20 22 1 30 36 26 79 255 255 44 42 107 255 193 36 9 24 25 15 24 20 29 31 25 17 32 22 11 8 1 10 9 8 15 7 8 13 15 15 229 255 255 74 59 60 38 20 18 17 13 10 4 3 4 15 12 3 25 24 11 9 0 2 8 50 74 33 16 29 50 115 60 25 28 37 42 43 48 56 57 58 61 63 72 67 50 82 255 255 139 10 16 32 19 3 4 70 36 79 53 64 255 255 255 33 77 56 71 76 76 77 74 63 55 52 54 48 42 52 63 48 49 51 40 33 39 39 30 28 -2147483648 
-2147483648 64 0 0 0 0 0 0 0 0 4 176 255 234 175 125 60 23 101 255 255 164 8 0 0 0 0 0 0 0 0 0 0 0 3 1 1 4 4 57 255 255 254 13 31 27 17 27 0 22 111 255 255 255 20 0 0 0 0 0 0 0 0 0 0 0 0 0 0 0 0 0 0 0 159 255 255 56 198 83 164 210 51 252 255 255 116 255 255 255 73 80 61 38 47 36 31 30 21 34 46 46 52 59 65 55 45 51 255 255 191 255 104 248 184 255 252 180 255 76 36 21 19 23 21 22 24 33 6 32 27 34 85 255 255 24 6 120 255 186 29 10 17 16 23 36 17 35 25 20 13 28 13 12 1 6 6 13 9 15 16 19 17 3 7 224 255 255 71 49 53 37 10 6 7 3 9 8 10 6 20 12 7 25 24 13 9 2 1 10 48 71 36 14 30 43 134 98 63 64 72 69 60 62 65 65 68 73 59 45 29 25 71 255 255 139 8 11 21 23 8 3 72 44 75 53 58 255 255 255 42 90 42 43 35 37 52 58 52 46 52 51 54 55 61 67 50 49 56 56 47 48 52 53 43 -2147483648 
-2147483648 58 0 0 0 0 0 0 0 0 6 166 255 213 166 126 57 14 93 255 255 164 7 0 0 0 0 0 0 0 0 0 0 0 3 2 1 5 3 52 255 255 255 13 32 30 22 29 7 30 105 255 255 255 20 0 0 0 0 0 0 0 0 0 0 0 0 0 0 0 0 0 0 0 159 255 255 60 175 159 140 177 46 239 255 255 125 255 255 255 255 255 255 255 255 255 255 255 255 255 255 255 255 255 255 255 255 255 255 255 255 255 38 157 99 204 196 182 255 85 50 28 15 29 13 9 28 48 48 34 14 22 91 255 255 22 4 130 255 179 25 17 21 10 19 21 14 29 26 17 3 28 5 11 6 6 9 6 17 25 31 37 39 40 54 231 255 255 72 38 48 41 11 6 6 1 15 10 17 15 13 10 8 29 24 10 7 0 0 8 46 68 38 7 29 46 160 123 55 57 64 59 60 62 56 61 68 61 50 28 19 17 63 255 255 136 28 16 13 28 14 8 74 47 75 48 53 240 255 255 52 100 11 8 13 8 10 15 26 25 33 28 32 47 67 68 46 35 31 40 41 37 39 50 49 -2147483648 
-2147483648 49 0 0 0 0 0 0 0 0 7 169 255 247 188 115 38 10 89 255 255 162 6 0 0 0 0 0 0 0 0 0 0 0 1 2 3 3 3 55 255 255 255 10 30 35 27 22 22 32 103 255 255 255 21 0 0 0 0 0 0 0 0 0 0 0 0 0 0 0 0 0 0 0 157 255 255 89 88 101 80 131 37 231 255 255 163 255 255 255 255 255 255 255 255 255 255 255 255 255 255 255 255 255 255 255 255 255 255 255 255 255 43 129 65 194 152 192 255 95 58 46 29 16 20 28 26 37 32 11 8 30 89 255 255 29 12 150 255 171 18 17 15 8 17 8 7 27 39 15 8 32 13 19 29 38 51 57 66 77 79 70 74 83 75 211 255 255 73 32 46 40 13 6 12 15 16 10 9 14 17 16 18 26 13 4 5 1 0 5 43 66 36 7 28 50 185 142 51 49 51 46 53 58 56 58 53 47 50 42 33 29 60 255 255 131 16 17 23 31 11 2 71 55 78 49 54 229 255 255 56 113 34 18 9 6 14 19 16 19 16 22 27 24 54 65 41 31 28 32 35 30 22 27 38 -2147483648 
-2147483648 50 0 0 0 0 0 0 0 0 5 183 255 255 144 62 13 4 86 255 255 158 6 0 0 0 0 0 0 0 0 0 0 0 0 0 6 0 4 55 255 255 255 7 27 41 31 10 12 27 101 255 255 255 28 0 0 0 0 0 0 0 0 0 0 0 0 0 0 0 0 0 0 0 153 255 255 106 31 60 58 94 26 229 255 255 199 76 182 255 255 255 255 255 255 255 255 255 255 255 255 255 255 255 255 255 255 255 255 253 255 255 54 91 108 178 105 201 255 100 31 39 16 21 24 7 13 22 24 12 14 32 87 255 255 35 9 162 255 165 11 16 15 15 16 11 27 28 53 41 49 63 63 70 71 65 65 62 56 56 45 32 30 17 10 176 255 255 70 34 42 33 19 10 11 16 19 11 3 4 11 16 14 14 13 6 3 2 0 3 43 69 34 3 26 51 203 165 47 46 44 39 42 38 34 33 33 39 46 44 41 36 58 255 255 135 6 8 35 31 7 13 70 61 79 53 54 226 255 255 37 109 34 7 7 8 2 2 10 9 6 17 25 16 42 56 37 22 21 25 25 28 24 24 25 -2147483648 
-2147483648 54 0 0 0 0 0 0 0 0 5 200 255 249 104 52 17 10 87 255 255 158 5 0 0 0 0 0 0 0 0 0 0 0 0 0 4 4 3 51 255 255 255 15 29 46 34 17 20 35 100 255 255 255 31 0 0 0 0 0 0 0 0 0 0 0 0 0 0 0 0 0 0 0 146 255 255 111 5 31 38 65 16 223 255 255 211 12 15 16 4 2 3 3 1 1 4 7 6 3 0 1 2 1 0 0 0 0 0 255 255 255 57 41 88 103 42 201 255 98 12 29 50 33 17 24 43 46 34 15 19 34 88 255 255 46 11 166 255 163 14 29 44 57 61 66 72 71 90 91 80 66 42 28 25 17 12 8 9 22 13 18 31 32 23 137 255 255 83 32 35 37 31 18 19 17 15 14 11 14 17 17 13 14 16 8 3 1 0 0 41 71 39 8 29 58 217 177 37 26 29 33 33 20 18 24 22 18 30 34 43 40 53 255 255 132 11 6 37 28 10 12 74 56 75 51 52 222 255 255 23 114 35 6 6 7 2 3 6 10 9 12 13 8 36 45 31 27 19 15 14 18 20 15 16 -2147483648 
-2147483648 53 0 0 0 0 0 0 0 0 7 217 255 236 80 51 22 20 88 255 255 160 5 0 0 0 0 0 0 0 0 0 0 0 0 0 1 2 2 49 255 255 255 7 23 39 34 33 17 35 97 255 255 255 28 0 0 0 0 0 0 0 0 0 0 0 0 0 0 0 0 0 0 0 139 255 255 111 23 11 10 52 7 213 255 255 214 14 13 12 2 0 0 0 0 0 0 0 0 0 0 0 0 0 0 0 0 0 3 255 255 255 58 13 62 52 46 202 255 96 34 31 96 100 108 101 67 43 33 41 32 40 81 255 255 53 23 179 255 184 82 92 91 84 78 80 71 55 51 41 25 9 11 17 17 10 7 14 11 12 1 7 9 12 4 114 255 255 101 29 33 48 41 18 18 18 12 13 9 19 22 21 18 17 10 3 0 0 0 0 36 67 44 13 31 64 230 183 31 10 19 26 13 19 25 12 11 6 16 12 25 25 41 255 255 128 6 13 31 29 21 6 74 51 71 39 49 216 255 255 14 124 30 4 8 8 4 3 6 3 0 12 11 4 36 38 17 22 22 16 11 11 14 14 13 -2147483648 
-2147483648 53 0 0 0 0 0 0 0 0 8 231 255 221 72 55 13 19 79 255 255 163 7 0 0 0 0 0 0 0 0 0 0 0 0 0 0 0 4 46 255 255 255 11 15 30 22 27 8 31 90 255 255 255 25 0 0 0 0 0 0 0 0 0 0 0 0 0 0 0 0 0 0 0 131 255 255 122 20 23 9 50 13 208 255 255 218 10 8 9 2 0 0 0 0 0 0 0 0 0 0 0 0 0 10 35 60 74 96 255 255 255 255 255 255 255 255 255 255 255 255 255 255 255 255 255 230 204 197 206 200 184 193 255 255 255 255 255 255 197 87 76 60 43 21 15 4 13 25 22 13 18 22 27 23 25 22 18 11 2 10 4 9 9 10 106 255 255 115 31 39 60 44 15 8 9 7 10 14 23 15 11 7 3 0 0 0 0 0 0 34 62 40 2 28 55 239 193 24 4 19 23 3 4 7 11 7 9 15 15 24 12 37 255 255 119 12 21 24 31 23 13 66 48 61 39 51 210 255 255 6 124 32 4 7 6 3 10 1 9 6 11 13 6 38 41 10 7 10 12 8 4 9 16 16 -2147483648 
-2147483648 52 0 0 0 0 0 0 0 0 9 236 255 215 73 57 3 16 73 255 255 170 9 0 0 0 0 0 0 0 0 0 0 0 0 0 0 0 3 40 255 255 255 35 24 30 28 33 23 33 83 255 255 255 23 0 0 0 0 0 0 0 0 0 0 0 0 0 0 0 0 0 0 0 122 255 255 135 9 22 20 37 17 202 255 255 223 12 9 8 1 0 0 0 0 0 0 0 0 0 0 0 0 1 57 142 176 156 101 194 255 255 255 255 255 255 255 255 255 255 255 255 255 255 255 255 255 255 255 255 255 255 255 255 255 255 255 255 255 160 52 42 31 20 9 11 7 16 27 29 24 26 20 19 15 20 11 11 7 15 7 13 8 12 9 93 255 255 133 34 41 65 42 9 13 14 13 16 21 17 8 6 1 0 0 0 0 0 0 0 31 60 43 20 33 38 239 199 26 3 20 21 6 9 10 6 7 11 15 15 22 8 35 255 255 116 15 30 34 35 24 9 56 52 46 54 43 213 255 255 6 121 37 3 3 3 4 13 2 7 9 0 19 8 36 43 13 7 11 10 10 6 8 10 10 -2147483648 
-2147483648 47 0 0 0 0 0 0 0 0 12 238 255 216 70 51 14 17 76 255 255 175 10 0 0 0 0 0 0 0 0 0 0 0 0 0 0 0 0 26 255 255 255 32 21 25 22 24 12 23 84 255 255 255 22 0 0 0 0 0 0 0 0 0 0 0 0 0 0 0 0 0 0 0 113 255 255 137 1 30 27 20 18 197 255 255 226 17 9 5 0 0 0 0 0 0 0 0 0 0 0 0 0 7 121 189 98 96 87 168 255 255 255 255 255 255 255 255 255 255 255 255 255 255 255 255 255 255 255 255 255 255 255 255 255 255 255 255 255 194 51 28 20 20 17 18 13 13 20 24 7 12 10 7 4 14 12 14 8 17 16 21 8 14 9 76 255 255 155 36 41 64 42 13 11 10 14 17 11 6 2 2 0 0 0 0 0 0 0 0 30 62 48 18 31 33 233 199 31 3 18 20 7 3 8 2 10 12 16 16 20 14 35 255 255 128 10 16 32 39 21 3 54 60 36 65 36 218 255 255 13 127 47 5 5 1 6 8 7 17 22 20 20 9 38 37 16 14 11 8 10 2 4 8 9 -2147483648 
-2147483648 45 0 0 0 0 0 0 0 0 13 239 255 213 59 48 20 19 80 255 255 173 9 0 0 0 0 0 0 0 0 0 0 0 0 0 0 0 0 11 255 255 255 37 23 33 24 10 9 14 85 255 255 255 25 0 0 0 0 0 0 0 0 0 0 0 0 0 0 0 0 0 0 0 105 255 255 143 10 31 24 18 24 197 255 255 223 19 6 4 0 0 0 0 7 11 9 1 0 0 0 0 0 25 171 169 68 166 111 68 66 65 59 49 32 7 29 55 76 83 82 80 74 59 42 29 21 12 9 26 73 182 180 69 122 106 118 65 235 243 51 5 2 14 16 9 3 6 14 24 10 7 8 7 10 17 22 9 11 9 16 6 15 7 14 61 255 255 175 37 35 61 45 14 4 3 6 3 3 4 3 1 0 0 0 0 0 0 0 6 44 76 51 16 35 40 231 194 32 2 12 18 4 1 3 6 6 13 21 20 17 13 27 255 255 142 10 8 29 45 21 5 59 61 45 67 33 215 255 255 2 129 48 7 1 9 9 7 11 21 8 22 13 11 38 36 13 12 11 18 10 6 3 13 13 -2147483648 
-2147483648 45 0 0 0 0 0 0 0 0 9 238 255 205 48 52 19 22 85 255 255 167 8 23 47 50 29 7 0 0 0 0 0 0 0 0 0 0 0 9 255 255 255 36 32 40 30 4 7 7 81 255 255 255 33 0 0 0 0 0 0 0 0 0 0 0 0 0 0 0 0 0 0 0 101 255 255 152 31 32 13 25 25 196 255 255 221 17 10 8 3 0 0 0 16 10 16 2 0 0 0 0 1 53 199 120 124 139 71 31 10 28 58 88 119 152 185 212 235 251 243 224 206 192 184 172 155 144 134 120 99 157 173 54 106 158 105 150 183 255 67 6 3 7 12 7 10 13 25 23 10 5 6 4 6 13 18 5 13 14 9 10 15 19 14 44 255 255 189 35 31 69 74 64 53 41 33 31 32 30 27 28 30 28 24 20 18 20 25 45 96 125 97 71 64 44 231 185 33 2 10 14 7 6 3 6 4 13 26 16 13 12 23 255 255 149 4 4 27 47 22 3 62 61 51 73 33 214 255 255 1 124 44 6 6 13 5 7 9 32 37 27 19 27 35 32 15 13 4 20 11 8 13 12 6 -2147483648 
-2147483648 39 0 0 0 0 0 0 0 0 6 241 255 192 52 57 13 22 85 255 255 164 44 255 255 255 255 88 0 0 0 0 0 0 0 0 0 0 0 9 255 255 255 24 38 36 30 15 9 12 79 255 255 255 44 13 32 44 38 20 5 9 10 6 0 0 0 0 0 0 0 0 0 0 98 255 255 154 34 37 24 28 24 192 255 255 222 14 6 8 4 0 0 0 16 11 17 1 0 0 0 0 2 74 207 73 145 102 55 49 59 104 143 160 168 173 189 247 255 255 255 220 174 164 170 173 166 169 189 210 184 123 142 55 86 195 48 162 129 231 78 6 6 6 3 10 14 9 31 29 11 7 7 4 4 13 16 5 9 13 14 15 16 16 13 27 255 255 203 27 37 95 146 152 145 139 129 117 110 106 100 97 100 104 106 105 107 113 120 138 187 208 175 148 123 43 231 176 23 11 18 11 1 4 6 6 8 15 19 15 13 14 29 255 255 144 19 16 33 42 25 10 62 65 51 75 34 214 255 255 11 127 43 6 15 21 13 19 31 46 57 53 52 50 33 30 27 13 7 22 18 18 21 9 3 -2147483648 
-2147483648 32 0 0 0 0 0 0 0 0 9 244 255 183 63 57 7 19 85 255 255 165 85 255 255 255 255 152 0 0 0 0 0 0 0 0 0 0 0 9 255 255 255 23 42 29 24 19 6 3 74 255 255 255 38 188 255 255 255 196 157 214 220 157 64 7 0 0 0 0 0 0 0 0 95 255 255 166 27 22 34 38 26 195 255 255 224 15 10 8 3 0 0 0 7 10 7 0 0 0 0 0 1 92 210 38 148 77 31 48 106 142 138 117 99 92 135 255 255 255 255 206 101 76 72 82 100 122 192 255 255 141 103 60 46 215 85 142 71 190 91 3 4 18 21 19 10 5 21 31 22 18 7 12 16 25 20 12 8 6 11 17 14 14 13 10 238 255 227 26 70 104 137 173 190 197 197 186 170 164 163 161 160 161 167 172 167 159 158 156 152 119 61 120 142 16 237 163 6 6 25 9 2 2 7 7 10 10 13 15 15 19 26 255 255 139 8 8 38 39 14 15 62 71 53 67 35 210 255 255 13 129 46 9 2 13 13 20 31 28 24 30 33 34 29 24 19 7 10 24 25 23 14 3 4 -2147483648 
-2147483648 32 0 0 0 0 0 0 0 0 12 241 255 189 67 53 4 22 85 255 255 165 77 255 255 255 255 132 0 0 0 0 0 0 0 0 0 0 0 9 255 255 255 28 42 28 23 23 6 2 70 255 255 255 50 255 255 255 255 232 149 222 237 243 143 16 0 0 0 0 0 0 0 0 90 255 255 168 31 23 25 45 16 200 255 255 232 14 10 3 0 0 0 0 0 0 0 0 0 0 0 0 0 119 211 8 150 59 10 44 100 96 64 44 33 46 126 255 255 226 255 244 76 24 17 16 27 87 248 255 255 219 70 68 14 205 158 110 44 153 103 9 21 17 12 15 21 22 23 22 16 28 22 26 24 22 15 12 14 13 17 21 20 15 15 7 211 255 253 38 77 105 68 38 27 27 27 22 18 13 8 2 7 15 21 26 29 36 50 72 121 186 209 203 167 68 247 144 5 10 22 9 6 4 3 5 4 6 11 13 23 21 21 255 255 137 22 8 32 45 16 12 67 76 53 63 32 206 255 255 19 123 47 11 6 7 12 18 22 18 7 1 2 12 13 12 8 5 8 22 25 1 13 7 6 -2147483648 
-2147483648 33 0 0 0 0 0 0 0 0 9 234 255 205 66 44 3 22 87 255 255 161 31 218 255 255 255 44 0 0 0 0 0 0 0 0 0 0 0 7 255 255 255 31 35 32 24 23 9 20 75 255 255 255 86 255 251 179 255 237 132 225 128 220 167 16 0 0 0 0 0 0 0 0 80 255 255 156 32 43 19 38 21 184 255 255 245 18 9 1 0 0 0 0 0 0 0 0 0 0 0 0 7 148 199 42 150 41 9 53 102 64 31 33 24 35 118 255 255 84 255 255 87 30 17 14 17 123 255 149 255 255 66 75 8 185 209 74 61 112 103 42 38 27 24 25 28 36 45 33 17 36 46 41 40 40 34 26 27 30 29 32 35 32 30 40 183 255 255 57 46 110 148 170 189 198 191 178 173 168 156 150 157 161 163 165 159 154 158 164 168 178 180 142 61 136 249 114 7 11 19 10 5 6 7 11 8 11 22 20 8 11 21 250 255 136 24 25 34 42 27 13 68 77 46 64 35 198 255 255 27 120 46 13 16 16 13 18 13 6 14 13 10 21 15 15 4 3 4 20 26 7 12 2 12 -2147483648 
-2147483648 34 0 0 0 0 0 0 0 0 6 227 255 216 74 41 2 22 90 255 255 157 10 9 13 11 4 0 0 0 0 0 0 0 0 0 0 0 0 5 255 255 255 32 33 33 17 25 14 22 74 255 255 255 77 255 255 255 255 250 136 227 244 212 117 7 0 0 0 0 0 0 0 0 74 255 255 159 28 49 24 26 11 164 255 255 254 22 6 1 0 0 0 0 0 0 0 0 0 0 0 0 21 171 174 76 134 28 9 66 106 46 20 28 30 36 91 255 255 255 255 255 83 36 31 26 24 144 255 149 255 244 79 76 25 173 250 34 84 74 75 48 67 87 124 146 145 142 149 146 135 135 136 127 122 124 129 130 125 123 123 123 128 138 147 160 188 255 252 102 53 21 10 22 30 29 21 17 20 9 17 1 18 4 14 25 26 30 44 57 73 103 139 174 204 240 225 88 31 22 20 9 17 20 13 11 14 7 2 6 17 10 23 231 255 143 9 25 42 33 24 24 57 79 37 60 32 190 255 255 25 124 44 5 9 6 5 10 6 4 6 7 4 21 5 24 5 3 1 16 23 7 4 4 13 -2147483648 
-2147483648 39 0 0 0 0 0 0 0 0 5 223 255 215 73 49 12 25 93 255 255 156 10 0 0 0 0 0 0 0 0 0 0 0 0 0 0 0 0 3 255 255 255 34 38 40 7 11 21 21 78 255 255 255 30 255 255 255 255 140 37 54 94 85 35 0 0 0 0 0 0 0 0 0 74 255 255 174 33 49 31 27 9 160 255 255 255 23 5 2 0 0 0 0 0 0 0 0 0 0 0 8 87 208 119 104 108 19 8 76 101 32 15 20 30 37 59 164 255 255 255 198 63 35 33 32 37 118 255 255 255 153 90 73 37 157 255 29 88 81 107 109 113 99 154 204 226 231 246 255 255 255 254 255 254 248 244 246 250 247 241 240 243 244 243 229 188 168 178 185 178 165 160 163 167 169 169 166 173 196 218 230 241 230 202 196 200 200 208 216 226 233 237 231 211 186 140 64 48 50 44 39 34 19 12 10 11 13 11 9 21 13 25 225 255 152 6 23 39 29 22 32 49 79 33 61 30 187 255 255 29 124 49 9 9 12 7 6 3 1 10 15 12 25 6 28 8 7 4 13 19 14 13 16 14 -2147483648 
-2147483648 43 0 0 0 0 0 0 0 0 3 223 255 213 53 46 30 22 98 255 255 152 7 0 0 0 0 0 0 0 0 0 0 0 0 0 0 0 0 0 255 255 255 37 41 54 13 10 8 27 73 255 255 255 45 75 123 114 59 17 1 0 0 0 0 0 0 0 0 0 0 0 0 0 70 255 255 184 35 42 38 36 21 157 255 255 255 27 4 1 0 0 0 0 0 0 0 0 0 0 10 72 184 193 47 118 93 18 11 78 90 27 9 13 23 30 41 75 140 178 154 85 34 23 21 24 31 64 136 177 180 67 98 73 46 130 255 94 70 93 145 154 188 250 233 95 73 79 91 109 115 123 144 171 188 190 180 172 177 177 169 163 154 146 142 133 113 81 50 67 85 84 83 80 77 74 72 72 124 252 255 255 255 255 197 142 142 144 144 139 127 102 79 58 43 56 61 30 8 12 26 29 20 11 4 3 8 15 12 6 15 21 14 229 255 156 5 20 34 26 7 17 55 80 41 66 23 181 255 255 34 121 53 15 11 14 16 10 16 20 17 16 11 27 9 30 17 23 11 15 21 26 17 15 7 -2147483648 
-2147483648 48 0 0 0 0 0 0 0 0 3 222 255 213 45 40 27 18 95 255 255 150 5 0 0 0 0 0 0 0 0 0 0 0 0 0 0 0 0 0 255 255 255 36 42 61 19 9 14 26 57 255 255 255 63 0 0 0 0 0 0 0 0 0 0 0 0 0 0 0 0 0 0 0 60 255 255 189 34 40 42 36 8 146 255 255 255 28 0 0 0 0 0 0 0 0 0 0 0 10 72 132 128 108 20 118 89 15 13 71 83 26 7 13 24 31 37 38 42 45 29 15 11 13 20 15 14 25 42 60 72 17 100 69 49 99 255 159 39 54 121 99 69 255 255 64 24 37 54 66 74 69 55 42 44 46 58 59 55 60 63 47 36 43 58 72 87 95 92 84 77 68 69 75 67 53 55 46 170 255 255 255 255 255 151 20 20 20 23 12 12 4 13 12 4 39 49 26 14 13 17 9 21 18 24 22 14 15 17 9 18 19 6 221 255 160 12 14 33 33 12 14 53 66 33 71 18 179 255 255 41 118 54 22 11 9 20 14 13 10 8 7 10 17 11 24 16 16 9 18 15 20 16 6 12 -2147483648 
-2147483648 50 0 0 0 0 0 0 0 0 4 214 255 222 52 38 24 16 87 255 255 157 3 0 0 0 0 0 0 0 0 0 0 0 0 0 0 0 0 0 250 255 255 35 41 58 25 3 29 29 41 255 255 255 64 0 0 0 0 0 0 0 0 0 0 0 0 0 0 0 0 0 0 0 52 255 255 188 32 39 44 43 14 137 255 255 255 25 0 0 0 0 0 0 0 0 0 0 17 82 139 47 71 129 24 113 74 16 9 64 79 25 17 18 22 21 25 22 13 20 8 9 7 12 18 10 19 30 30 35 44 22 97 66 44 61 255 216 6 22 106 115 62 255 255 43 12 17 24 38 41 57 91 55 13 18 10 6 4 6 14 20 18 28 35 43 52 49 43 44 46 34 30 30 27 25 20 39 255 255 255 144 226 255 192 14 11 12 20 16 16 10 11 13 9 36 42 22 17 16 24 9 15 12 26 40 37 30 27 17 18 14 11 211 255 167 17 11 28 27 12 4 55 67 25 68 16 178 255 255 60 111 56 17 21 26 27 30 12 8 9 11 13 7 7 16 14 8 14 17 9 14 19 6 12 -2147483648 
-2147483648 48 0 0 0 0 0 0 0 0 3 207 255 225 61 37 24 15 85 255 255 162 1 0 0 0 0 0 0 0 0 0 0 0 0 0 0 0 0 1 241 255 255 29 36 49 29 16 32 28 35 255 255 255 63 0 0 0 0 0 0 0 0 0 0 0 0 0 0 0 0 0 0 0 50 255 255 198 25 36 47 47 20 139 255 255 255 28 3 1 0 0 0 0 0 0 0 28 101 134 30 98 86 162 17 112 47 13 11 57 71 28 26 22 15 17 21 26 22 20 9 9 5 12 13 13 27 25 20 26 32 28 90 68 39 27 255 255 28 7 87 124 85 255 249 17 26 25 16 23 22 48 84 62 54 59 64 58 51 53 49 36 20 21 10 22 22 14 17 21 26 23 25 22 23 23 14 65 255 255 153 30 224 255 211 13 9 6 11 18 24 22 17 20 31 50 43 13 12 17 18 19 21 20 26 36 35 40 40 21 11 13 12 208 255 171 23 26 30 20 9 11 57 77 29 69 18 178 255 255 70 103 55 12 22 32 27 28 21 7 8 16 10 3 15 20 23 24 26 21 25 27 24 18 25 -2147483648 
-2147483648 53 0 0 0 0 0 0 0 0 3 203 255 222 62 42 21 11 83 255 255 163 2 0 0 0 0 0 0 0 0 0 0 0 0 0 0 0 0 6 242 255 255 33 25 40 28 35 44 53 53 255 255 255 61 0 0 0 0 0 0 0 0 0 0 0 0 0 0 0 0 0 0 0 52 255 255 208 20 38 53 48 14 140 255 255 255 33 2 2 0 0 0 0 0 7 51 113 107 18 126 94 137 179 32 120 29 6 20 45 62 29 27 26 26 23 20 26 31 27 22 17 13 14 20 25 26 16 21 30 21 36 79 69 36 20 255 255 58 2 66 119 107 255 173 255 255 255 255 140 51 48 75 74 71 64 63 66 64 61 62 61 53 41 21 29 27 23 20 16 25 25 23 18 16 11 17 93 255 255 103 28 216 255 220 6 7 7 7 5 24 46 55 72 65 60 50 35 20 14 6 11 10 21 51 72 66 57 44 27 22 24 20 205 255 184 21 28 29 17 11 16 57 88 32 74 21 184 255 255 76 105 54 12 21 14 17 23 27 8 4 7 14 10 21 25 15 1 6 6 18 13 14 14 18 -2147483648 
-2147483648 60 10 44 109 194 255 255 200 118 56 193 255 222 57 42 21 13 79 255 255 162 2 0 0 0 0 0 0 0 1 13 27 32 25 15 16 53 140 255 255 255 255 127 120 171 238 255 255 244 183 255 255 255 71 6 1 0 0 0 0 0 0 0 0 0 0 0 0 0 0 0 0 0 52 255 255 193 25 37 44 53 31 134 255 255 255 37 3 1 0 0 0 1 30 86 119 56 63 120 78 24 165 157 41 111 24 18 34 22 56 38 32 34 40 37 35 34 36 33 30 36 40 36 39 43 42 39 44 44 20 45 69 66 33 37 247 255 82 25 62 126 75 255 255 255 255 255 255 255 255 219 170 157 118 80 66 68 69 68 70 60 71 66 30 29 26 18 22 28 30 29 17 19 18 16 23 137 255 255 68 20 206 255 226 4 12 16 14 6 27 53 55 33 11 35 33 29 18 24 23 15 15 25 39 35 28 25 24 28 33 32 25 200 255 208 30 24 26 12 10 16 55 85 24 71 26 182 255 255 79 104 53 13 19 13 14 28 35 7 7 0 8 18 26 13 13 20 13 16 14 12 11 15 12 -2147483648 
-2147483648 155 251 255 255 255 255 255 255 255 255 255 255 203 60 40 20 19 81 255 255 162 3 0 0 0 33 146 255 255 255 255 255 255 255 255 255 255 255 255 255 255 255 255 255 255 255 255 255 255 255 255 255 255 255 191 106 50 32 46 59 53 31 10 0 0 0 0 0 0 0 0 0 0 48 255 255 177 38 57 43 53 56 129 255 255 255 33 0 0 0 20 53 80 89 71 23 103 107 50 9 62 167 116 38 80 59 63 73 42 24 42 33 26 34 38 40 42 48 52 54 55 56 60 65 63 60 57 52 32 47 57 64 56 32 54 216 255 99 26 96 255 255 255 255 255 255 255 255 255 255 255 255 255 255 255 209 141 108 93 80 72 94 72 38 32 23 23 34 39 39 32 23 22 21 21 17 190 255 255 35 22 195 255 227 6 4 3 10 16 31 51 71 87 81 80 91 76 50 33 26 14 16 23 34 24 6 7 18 19 2 9 6 193 255 218 39 35 21 10 20 22 44 64 34 48 30 169 255 255 75 101 47 9 16 14 14 26 29 25 17 6 6 18 17 11 8 10 18 31 21 13 10 23 11 -2147483648 
-2147483648 255 255 255 255 255 255 255 255 255 255 255 255 169 62 40 17 28 82 255 255 165 5 0 23 133 255 255 255 255 255 255 255 255 255 255 255 255 255 255 255 255 255 255 255 255 189 123 118 186 255 255 255 255 255 255 255 255 255 255 255 255 255 255 201 89 29 4 0 0 0 0 0 0 47 255 255 164 46 71 63 46 38 114 255 255 255 23 0 18 55 78 53 15 22 76 109 77 24 8 13 78 168 100 26 72 113 129 139 144 96 46 28 22 14 10 24 36 49 60 62 52 45 46 46 30 10 13 44 102 138 108 67 39 36 69 189 255 109 37 255 255 255 91 113 109 98 143 45 172 255 255 255 255 255 255 255 255 251 158 110 115 127 66 41 42 25 33 35 30 23 23 22 18 19 20 16 240 255 255 23 28 185 255 225 8 9 11 4 6 22 31 24 28 34 34 46 61 62 51 62 49 52 45 40 18 16 70 150 174 104 25 13 183 255 222 43 40 47 51 35 27 33 48 32 63 59 155 255 255 80 106 50 4 15 4 16 22 14 12 20 20 13 14 15 9 9 9 13 23 13 3 9 23 7 -2147483648 
-2147483648 255 255 255 186 30 74 139 152 154 255 255 255 255 148 47 21 35 82 255 255 163 47 163 255 255 255 255 255 255 255 255 255 255 255 255 255 255 212 107 52 34 42 56 48 23 8 9 14 16 44 117 255 255 255 255 255 255 255 255 255 255 255 255 255 255 255 97 17 8 4 0 0 0 42 255 255 160 31 43 55 46 11 103 255 255 255 24 47 102 89 24 54 80 82 59 24 3 0 0 6 87 170 102 23 43 59 57 70 114 138 128 123 117 106 96 86 76 70 68 72 76 78 92 108 116 125 138 148 154 122 70 40 13 41 80 162 255 132 123 255 255 65 72 99 56 87 143 146 4 36 114 208 255 255 255 255 255 255 255 188 171 153 64 44 44 31 36 24 25 23 20 18 23 27 23 29 255 255 212 23 21 183 255 218 16 11 9 8 17 24 33 30 34 34 25 18 8 33 54 117 152 217 255 255 255 255 255 255 255 255 70 4 172 255 226 40 39 82 85 64 13 24 83 112 116 61 134 255 255 89 111 59 9 14 4 17 16 13 10 12 17 10 6 20 12 17 18 16 22 18 13 13 25 28 -2147483648 
-2147483648 252 218 142 130 104 100 141 214 255 186 114 255 255 228 88 16 38 85 255 255 202 255 255 255 255 255 255 159 92 88 74 51 47 52 48 49 46 32 27 12 11 8 25 37 52 57 48 44 36 35 28 25 72 142 253 255 255 255 255 255 255 255 255 255 255 255 255 255 255 255 255 255 255 255 255 255 144 31 29 42 46 16 106 255 255 255 56 119 62 56 91 57 18 1 0 0 0 0 13 31 102 175 96 21 24 23 35 34 21 38 67 83 88 93 97 110 121 122 130 140 134 124 140 188 221 217 209 196 151 98 88 100 62 69 93 149 255 154 203 255 248 109 130 116 31 48 154 130 41 55 42 52 30 38 100 140 254 255 255 255 255 197 70 51 46 35 37 24 28 27 22 25 29 25 26 43 255 255 170 132 156 235 255 166 52 44 49 52 37 25 39 28 6 34 51 60 69 71 69 166 255 255 255 255 255 255 255 255 255 255 137 14 165 255 223 24 35 64 63 85 4 31 108 100 75 76 124 255 255 97 111 68 12 14 11 24 25 27 17 6 6 13 11 11 6 16 10 15 13 14 11 7 4 22 -2147483648 
-2147483648 49 145 195 134 91 95 76 142 255 255 255 255 255 207 99 17 27 75 219 255 255 255 255 255 255 91 90 112 122 123 127 146 161 177 201 213 202 176 157 151 172 211 227 215 194 160 106 54 31 11 14 26 25 24 14 9 3 0 0 16 106 241 255 255 255 255 255 255 255 255 255 255 255 255 255 255 113 46 27 44 46 21 112 255 255 255 100 23 100 105 43 4 0 0 0 0 4 44 123 176 190 176 79 22 15 1 11 18 17 9 9 7 6 6 22 26 36 129 246 255 255 255 255 255 255 255 255 255 255 255 255 255 255 182 144 192 255 175 255 255 255 130 129 76 66 30 138 44 108 112 78 81 80 78 116 81 51 134 255 255 255 255 125 54 52 33 35 30 20 22 17 23 19 13 18 52 255 255 255 255 255 255 206 74 49 4 18 42 63 74 95 118 140 144 142 137 132 123 125 214 255 255 223 187 255 255 224 139 255 255 206 6 168 255 212 14 40 63 72 95 17 48 122 89 69 90 116 255 255 113 115 80 37 30 25 29 34 38 38 26 31 38 41 36 27 31 35 37 26 25 30 36 40 35 -2147483648 
-2147483648 244 255 194 70 61 136 57 83 149 255 255 255 235 120 43 122 138 158 255 255 255 255 199 18 85 129 162 179 200 236 255 255 255 255 255 255 255 255 255 255 255 255 255 255 255 255 255 255 255 255 255 255 255 239 97 0 0 0 13 117 255 255 255 255 161 116 31 119 196 255 255 255 235 132 68 151 155 76 46 67 64 33 123 255 255 255 65 112 91 24 7 46 101 167 253 255 255 242 218 188 147 97 40 25 23 23 30 28 29 34 31 25 15 13 21 13 77 255 255 255 255 255 255 255 255 255 255 255 255 255 255 255 255 255 84 219 255 186 255 255 241 16 50 98 76 49 114 101 131 88 105 83 38 104 124 65 57 68 71 205 255 255 255 133 81 57 57 54 41 40 36 32 28 24 25 78 198 215 249 255 244 187 100 58 100 109 122 121 106 106 125 130 113 93 78 59 51 55 82 173 255 255 255 255 255 255 255 255 255 255 253 25 178 255 207 31 40 77 73 101 31 57 118 72 68 82 114 255 255 133 110 81 36 23 17 20 21 23 31 31 35 32 28 26 29 36 42 35 32 43 44 33 22 25 -2147483648 
-2147483648 246 147 72 88 52 145 78 86 101 104 107 101 71 81 252 255 255 255 255 255 255 115 94 52 112 67 21 42 83 108 118 120 132 143 133 123 144 175 200 232 255 255 255 255 255 255 255 255 255 255 255 255 255 255 186 153 255 255 255 255 255 255 255 255 255 255 255 255 255 255 255 255 255 255 255 255 255 212 215 255 255 255 255 236 255 255 128 126 152 148 173 255 255 255 255 255 255 255 255 255 255 255 255 255 255 255 255 255 255 255 255 255 255 255 255 255 255 255 255 255 255 255 255 255 255 255 255 255 255 255 255 255 255 255 255 255 255 255 255 255 170 157 171 178 166 182 220 189 117 102 140 120 116 127 90 41 43 46 41 62 228 255 255 255 255 240 226 225 220 211 200 189 179 173 177 235 255 203 135 93 53 13 52 76 87 46 14 13 28 30 7 4 24 20 18 10 43 46 55 75 141 255 255 255 255 255 255 255 255 255 235 46 184 255 209 39 46 97 72 110 31 56 108 80 76 82 127 255 255 147 100 84 25 16 23 19 13 19 16 10 6 5 10 4 16 20 18 12 9 23 16 10 6 4 -2147483648 
-2147483648 103 45 39 71 87 152 153 144 149 137 140 146 137 230 255 255 255 255 244 179 171 203 184 138 150 132 134 175 188 178 164 156 164 181 204 233 255 255 255 255 255 255 255 255 255 255 255 255 255 255 255 255 255 255 255 255 255 255 255 255 255 255 255 255 255 255 255 255 255 255 255 255 255 255 247 255 255 255 255 255 255 255 255 182 217 255 255 255 255 255 255 255 255 255 255 255 255 255 255 255 255 255 255 255 255 255 255 255 255 255 255 255 255 255 255 255 255 255 255 148 193 169 125 99 108 110 105 131 177 186 209 255 255 255 255 255 255 255 255 255 100 31 61 128 219 255 255 233 162 197 197 174 140 92 42 17 31 17 19 39 87 228 255 255 255 255 255 255 255 255 255 255 255 255 255 255 255 255 249 255 240 192 135 92 81 76 62 54 65 76 83 78 82 87 68 51 49 31 56 69 67 64 74 148 255 255 255 255 255 255 207 61 183 255 221 17 92 127 101 123 27 53 142 146 133 99 124 255 255 140 91 89 24 12 17 18 21 21 15 10 21 31 23 14 9 4 7 6 7 20 13 13 5 10 -2147483648 
-2147483648 13 21 23 31 63 133 167 110 139 147 128 83 100 255 255 204 54 54 44 37 57 76 84 77 163 255 228 188 177 183 192 192 194 188 196 217 230 251 255 255 255 244 215 206 213 224 235 214 190 192 201 222 255 255 255 255 255 255 255 173 60 66 112 121 108 101 90 72 105 210 255 255 214 178 170 211 255 255 255 255 255 235 251 255 188 255 255 255 255 255 255 255 255 255 255 198 62 103 190 255 255 255 255 255 255 255 255 255 255 255 255 255 255 255 255 255 255 251 135 109 174 101 51 19 3 0 0 0 72 232 255 255 205 117 60 33 67 41 26 87 52 36 97 190 243 110 164 145 31 111 221 159 38 77 20 44 56 51 60 79 79 70 72 169 255 255 255 255 255 255 255 255 255 255 255 255 255 92 81 138 186 220 239 239 221 187 131 81 67 67 68 77 108 115 85 81 92 90 78 53 25 6 49 117 185 221 227 227 231 196 108 73 173 255 219 78 112 112 124 127 30 51 194 149 164 127 120 255 255 220 237 213 173 162 156 139 130 121 106 97 93 91 89 87 79 70 63 52 46 45 40 40 38 35 -2147483648 
-2147483648 22 25 22 19 53 111 144 84 73 118 118 150 249 255 255 253 216 168 103 43 57 14 82 177 255 255 184 72 51 25 7 21 35 56 87 101 91 76 71 67 58 49 52 74 54 13 4 20 20 62 85 97 155 161 237 245 194 142 116 99 83 67 53 30 16 19 31 51 78 99 116 129 138 134 115 93 81 63 28 13 51 148 198 255 255 255 255 255 255 255 255 212 108 183 255 255 255 255 255 255 255 255 255 255 255 255 255 255 255 255 255 255 255 255 255 211 66 130 89 76 105 45 7 0 0 0 0 59 255 255 255 255 255 255 255 255 255 255 255 255 255 231 195 220 148 194 255 255 255 251 202 158 151 104 64 102 133 162 182 193 190 180 171 159 134 64 113 178 255 255 255 255 255 255 255 255 255 248 184 138 93 45 28 90 151 197 223 215 188 140 86 44 8 51 96 90 85 95 126 148 148 143 137 127 103 71 44 7 60 144 187 120 132 255 212 149 36 100 118 96 29 46 184 118 183 115 90 255 255 255 255 255 255 255 255 255 255 255 255 255 255 255 255 255 255 255 255 255 255 255 255 255 255 255 -2147483648 
-2147483648 25 22 16 18 70 117 117 105 98 61 113 247 255 199 255 255 255 255 255 247 139 122 204 249 237 179 134 77 38 21 34 44 41 38 47 65 80 99 96 109 108 95 93 113 126 135 148 173 185 176 158 144 175 123 160 180 160 123 111 104 102 104 110 112 107 99 93 82 71 58 57 63 68 47 31 25 20 27 27 30 75 136 91 209 255 255 255 255 255 255 255 255 255 255 255 255 255 255 255 255 255 255 255 255 255 255 255 231 133 120 85 84 96 118 213 249 40 115 81 27 112 158 124 113 105 85 84 208 255 255 44 53 24 84 102 131 135 149 141 138 198 224 236 213 81 198 172 94 144 227 255 235 182 144 174 167 131 143 183 200 205 221 237 235 172 111 23 209 255 255 255 255 255 255 255 255 255 144 151 169 168 164 164 153 116 59 29 91 151 187 193 180 142 114 102 60 57 53 39 22 17 24 23 22 36 27 10 89 195 248 168 48 83 180 149 159 84 82 91 39 24 39 117 94 134 41 29 88 183 230 252 255 255 255 255 255 255 255 255 255 255 255 255 255 255 255 255 255 255 255 255 255 255 255 -2147483648 
-2147483648 70 78 79 86 109 129 121 115 92 46 50 198 255 204 196 211 223 248 255 255 255 117 111 110 116 110 140 141 89 51 48 46 70 97 121 135 155 171 155 155 140 136 164 202 223 230 237 238 239 239 247 255 255 255 255 255 226 147 104 80 62 50 48 50 51 42 39 46 48 49 58 66 64 74 80 42 61 87 96 112 147 175 227 255 255 255 255 255 255 255 255 255 255 255 255 255 255 255 255 255 250 255 255 255 255 255 255 255 255 255 255 255 255 255 255 187 62 110 132 124 58 56 31 24 32 43 26 161 255 255 255 255 255 255 255 255 255 255 255 255 255 204 196 212 154 125 214 255 255 234 200 205 215 206 198 170 155 205 255 255 255 255 227 121 255 255 255 255 226 83 53 54 57 27 33 73 87 45 41 93 117 123 140 177 208 221 218 203 174 119 46 33 112 193 225 164 109 92 81 77 68 57 57 60 60 53 56 136 196 120 25 45 90 125 104 166 141 34 20 4 4 33 75 10 70 7 74 200 255 255 255 255 193 175 168 158 143 134 129 119 106 103 104 95 88 84 77 63 53 42 24 11 6 20 -2147483648 
-2147483648 111 106 108 115 123 126 125 112 78 45 44 132 162 142 112 90 94 131 225 255 255 255 255 255 255 255 255 255 255 255 255 255 255 255 255 255 255 255 255 241 208 188 177 165 168 166 152 137 125 114 104 85 80 78 63 36 24 23 10 12 18 22 27 32 38 38 41 45 50 52 49 41 30 149 86 134 93 95 91 88 128 156 170 140 125 130 135 140 146 143 140 150 159 152 128 86 43 14 89 195 195 147 91 25 255 255 255 118 178 160 146 154 173 191 216 239 233 218 200 144 56 37 48 67 74 89 74 58 146 231 249 239 255 255 255 255 255 255 255 255 255 255 255 255 167 189 255 255 255 255 255 255 255 255 255 255 125 217 255 255 255 255 255 255 255 255 255 255 241 129 106 100 118 152 193 221 205 180 165 128 113 121 123 103 78 80 97 106 94 63 62 138 255 255 255 255 255 255 255 255 255 255 255 255 255 255 255 255 255 226 181 213 202 152 154 190 133 23 19 14 4 34 81 17 81 57 247 255 255 255 255 255 97 63 75 78 74 69 68 68 71 83 92 99 103 103 101 102 100 93 91 97 113 117 -2147483648 
-2147483648 255 255 255 255 255 255 255 255 255 236 245 255 255 255 222 162 182 233 255 255 255 255 255 255 255 255 255 255 255 255 255 255 255 255 255 255 255 252 204 169 134 98 61 31 22 24 19 19 26 28 26 18 24 30 29 32 37 38 37 44 52 57 56 50 38 24 18 13 6 3 0 0 8 218 100 217 78 21 39 68 105 108 131 146 139 125 123 123 112 101 84 45 17 20 6 16 36 85 255 255 255 255 255 255 255 255 255 194 255 255 255 255 255 255 255 255 255 255 255 255 248 242 243 240 240 255 255 255 255 255 255 255 213 146 115 128 137 108 82 71 56 59 109 255 255 140 60 32 53 87 98 87 64 57 74 51 147 123 255 255 255 255 255 255 210 51 255 255 255 255 255 255 255 255 255 255 255 255 255 255 255 255 255 255 255 255 255 255 255 255 255 255 255 255 255 255 255 255 255 255 255 255 255 255 255 255 255 255 255 255 255 255 255 255 255 148 32 54 48 63 78 99 147 152 233 255 255 255 255 175 255 255 89 37 51 50 47 57 63 61 66 87 102 106 106 112 125 135 140 142 143 153 166 138 -2147483648 
-2147483648 255 255 255 255 255 255 255 255 226 187 187 231 255 255 255 255 255 255 255 255 255 255 255 255 207 212 255 255 220 187 155 123 96 72 58 45 29 20 17 12 7 19 8 10 23 30 29 30 35 42 46 50 55 58 60 59 53 42 31 24 15 8 3 0 0 0 0 0 0 0 0 0 11 255 92 255 94 77 166 255 255 255 255 255 255 255 255 255 255 255 255 208 91 53 47 37 28 99 255 255 255 255 255 255 255 255 202 243 234 199 154 89 34 10 31 47 35 9 6 11 29 70 107 125 142 153 154 166 191 207 217 227 223 210 205 203 211 205 180 162 154 161 193 255 195 64 94 104 113 116 101 88 91 101 112 47 135 190 196 234 255 255 180 108 52 0 119 255 255 255 255 255 255 255 255 255 255 255 255 255 255 255 255 255 255 255 255 255 255 255 255 255 255 255 255 253 238 217 187 163 143 104 62 50 65 103 175 253 255 255 234 176 184 153 208 255 255 255 255 255 255 255 255 255 255 255 255 255 169 156 255 255 218 203 223 244 255 255 255 255 255 255 255 255 255 255 255 255 255 255 255 255 255 255 -2147483648 
-2147483648 139 127 113 100 86 68 52 30 27 38 35 30 52 161 246 255 255 253 227 192 144 102 120 195 133 106 124 20 4 14 10 17 23 26 29 29 31 33 31 27 29 42 57 66 65 59 50 42 34 26 18 12 8 4 1 0 0 0 0 0 0 0 0 0 0 0 0 0 0 0 0 0 11 253 101 255 95 130 240 255 218 92 34 77 116 122 124 129 136 141 179 176 60 2 10 22 34 123 255 255 232 255 255 255 255 230 114 248 143 114 181 199 179 136 95 51 56 109 144 155 165 187 205 210 225 255 255 253 204 159 127 73 27 56 98 141 161 150 129 187 255 255 255 241 150 74 70 81 116 139 137 131 139 160 190 175 82 202 255 255 255 255 255 255 255 224 119 48 35 68 50 19 48 48 35 33 57 80 81 61 40 41 53 68 81 89 96 101 109 123 136 158 190 219 233 241 255 255 255 255 255 255 255 255 255 255 255 255 255 255 255 255 255 255 255 255 255 255 255 255 255 255 255 255 255 255 182 85 76 255 255 255 255 255 255 255 255 255 255 255 254 250 243 240 247 248 237 229 230 228 217 205 197 255 -2147483648 
-2147483648 0 0 2 2 7 11 9 0 15 21 17 12 6 26 37 46 44 39 29 18 12 14 25 101 169 47 135 55 40 41 38 35 33 31 33 34 36 32 25 22 22 23 21 13 4 1 0 0 0 0 0 0 0 0 0 0 0 0 0 0 0 0 0 0 0 0 0 0 0 0 0 0 8 184 146 201 69 132 249 241 255 255 255 255 255 255 255 255 255 255 255 137 17 68 178 255 255 255 255 255 149 101 116 158 197 226 206 193 157 82 139 244 255 255 255 255 255 255 255 225 247 255 255 188 122 93 87 36 43 88 106 108 75 38 21 28 55 84 149 255 255 255 255 255 138 197 255 255 255 242 245 253 226 177 178 255 255 242 214 191 78 160 255 255 255 255 255 255 255 217 168 252 255 255 255 255 255 255 225 206 229 255 255 255 255 255 255 255 255 255 255 255 255 255 255 255 255 255 255 255 255 255 255 255 255 255 255 255 255 255 255 255 255 255 255 255 178 151 136 117 102 88 68 46 30 16 4 16 149 255 255 255 127 108 103 86 68 54 48 47 44 41 45 55 67 70 59 47 46 49 48 48 54 163 -2147483648 
-2147483648 15 15 12 9 13 19 22 24 31 35 35 30 19 11 3 6 10 8 11 16 22 29 31 55 150 108 124 98 56 54 44 31 22 14 9 4 0 0 0 0 0 0 0 0 0 0 0 0 0 0 0 0 0 0 0 0 0 0 0 0 0 0 0 0 0 0 0 0 0 0 0 0 3 96 77 102 34 79 201 255 255 255 199 120 59 37 24 111 241 255 255 255 255 255 255 255 255 255 255 255 156 194 39 18 13 41 66 91 126 187 232 222 177 118 40 108 255 255 255 255 255 255 255 255 255 255 255 255 255 255 255 255 255 255 255 255 255 255 255 255 255 255 255 255 255 255 255 255 241 169 106 199 255 255 255 240 117 40 100 246 255 255 255 201 102 106 114 152 247 255 239 203 122 142 229 255 255 224 249 255 255 255 255 255 255 255 255 255 255 255 255 255 255 255 255 255 255 255 255 255 255 255 240 185 134 110 98 34 151 255 255 255 255 225 147 48 3 0 0 0 0 0 0 0 0 0 0 12 190 255 255 253 66 63 66 60 59 62 60 61 60 58 57 44 38 41 53 49 42 35 19 22 34 83 -2147483648 
-2147483648 22 18 12 7 10 7 3 4 12 13 17 23 21 18 23 26 30 32 34 35 30 23 18 19 87 102 80 101 4 0 0 0 0 0 0 0 0 0 0 0 0 0 0 0 0 0 0 0 0 0 0 0 0 0 0 0 0 0 0 0 0 0 0 0 0 0 0 0 0 0 0 0 0 62 27 62 26 18 58 77 63 37 17 1 0 0 10 153 187 68 49 57 172 255 255 209 120 217 255 255 255 184 9 100 121 130 130 136 150 165 164 150 130 143 163 146 69 79 200 255 255 255 255 255 255 255 255 255 255 255 255 255 255 255 255 255 255 255 255 255 180 84 30 255 255 255 255 199 67 151 255 255 255 255 255 255 255 200 182 139 56 128 248 255 255 255 255 255 255 229 172 239 255 255 255 255 255 255 199 167 179 201 188 149 117 105 108 100 84 86 98 114 129 134 132 144 155 113 35 21 54 67 50 168 227 191 78 148 255 255 255 255 145 74 28 1 0 0 0 0 0 0 0 0 0 0 0 3 217 255 255 212 108 100 91 90 100 106 101 90 84 86 78 64 52 47 47 52 54 60 52 49 49 58 -2147483648 
-2147483648 15 17 15 12 16 23 26 28 34 40 39 31 19 11 9 7 7 7 4 1 0 0 0 0 57 108 49 108 8 0 0 0 0 0 0 0 0 0 0 0 0 0 0 0 0 0 0 0 0 0 0 0 0 0 0 0 0 0 0 0 0 0 0 0 0 0 0 0 0 0 0 0 0 65 24 65 24 0 0 0 0 0 0 0 0 0 7 103 241 255 255 255 255 255 255 255 255 255 255 255 255 255 197 126 120 114 168 235 255 255 255 255 255 255 255 255 255 201 180 203 196 138 85 68 61 71 85 87 83 66 45 26 13 59 147 255 255 255 255 255 255 255 255 255 255 255 244 175 56 255 255 255 119 115 166 193 154 87 114 239 255 255 229 122 56 90 214 252 147 52 83 88 73 115 213 255 255 255 255 255 255 255 255 255 255 255 255 255 255 255 255 255 255 255 255 255 255 255 108 42 71 59 149 209 131 55 234 255 255 255 148 60 21 1 0 0 0 0 0 0 0 0 0 0 0 0 0 0 245 255 255 145 62 75 72 58 56 52 47 44 50 51 48 57 56 44 34 36 45 59 66 67 57 48 -2147483648 
-2147483648 22 17 11 7 6 5 3 1 0 0 0 0 0 0 0 0 0 0 0 0 0 0 0 0 39 114 21 113 18 0 0 0 0 0 0 0 0 0 0 0 0 0 0 0 0 0 0 0 0 0 0 0 0 0 0 0 0 0 0 0 0 0 0 0 0 0 0 0 0 0 0 0 0 66 20 66 20 0 0 0 0 0 0 0 0 0 0 1 20 49 75 77 75 211 255 255 133 216 255 255 255 255 255 255 255 255 255 255 255 255 255 255 255 255 255 255 205 148 95 71 62 67 84 113 126 125 118 125 139 150 164 206 255 255 255 255 255 255 255 255 255 255 255 255 255 255 255 25 255 255 255 255 240 247 195 183 170 133 246 255 255 255 255 255 255 255 255 255 255 255 255 255 255 255 255 255 255 255 255 255 255 227 76 25 112 192 255 255 255 255 255 255 255 255 177 183 255 255 105 126 255 255 255 255 255 255 255 255 255 98 8 0 0 0 0 0 0 0 0 0 0 0 0 0 0 0 0 0 255 255 255 235 246 236 236 255 255 255 255 251 232 225 220 206 194 197 202 203 205 199 189 193 198 198 -2147483648 
-2147483648 0 0 0 0 0 0 0 0 0 0 0 0 0 0 0 0 0 0 0 0 0 0 0 0 23 110 13 111 37 0 0 0 0 0 0 0 0 0 0 0 0 0 0 0 0 0 0 0 0 0 0 0 0 0 0 0 0 0 0 0 0 0 0 0 0 0 0 0 0 0 0 0 3 70 25 71 23 0 0 0 0 0 0 0 0 0 0 28 112 167 180 179 169 128 198 223 130 210 198 225 255 255 255 255 255 255 255 255 255 255 197 137 107 109 119 131 156 190 209 197 170 140 105 72 48 27 33 45 56 64 72 107 204 255 255 255 211 115 83 45 61 51 34 127 179 252 255 255 255 255 255 255 255 255 185 154 116 144 255 255 255 255 255 255 255 253 255 207 189 255 255 255 255 255 255 255 255 255 255 255 255 255 255 255 255 255 255 255 255 223 197 233 255 255 255 255 255 252 217 255 255 255 255 255 255 255 255 255 75 6 0 0 0 0 0 0 0 0 0 0 0 0 0 0 0 0 0 0 202 255 255 255 255 255 255 255 255 255 255 255 255 255 255 255 255 255 255 255 255 255 255 255 255 255 -2147483648 
-2147483648 0 0 0 0 0 0 0 0 0 0 0 0 0 0 0 0 0 0 0 0 0 0 0 0 12 104 46 105 58 0 0 0 0 0 0 0 0 0 0 0 0 0 0 0 0 0 0 0 0 0 0 0 0 0 0 0 0 0 0 0 0 0 0 0 0 0 0 0 1 4 8 12 17 75 17 77 24 0 0 0 0 0 0 0 0 0 0 58 157 126 88 80 84 86 67 179 221 190 127 127 137 134 132 127 120 112 97 81 74 74 76 85 95 94 90 98 119 141 151 148 139 130 125 119 107 95 91 91 94 100 120 174 255 255 255 255 255 255 255 255 255 255 48 90 235 255 255 255 255 255 255 255 169 242 255 216 237 236 194 132 122 169 209 255 255 183 179 120 153 145 129 130 126 91 75 101 114 108 89 75 150 237 255 255 255 255 255 255 255 255 255 255 255 255 255 235 180 246 255 255 238 106 191 255 255 255 142 37 3 0 0 0 0 0 0 0 0 0 0 0 0 0 0 0 0 0 0 0 100 255 255 255 255 255 255 255 255 255 255 255 255 255 255 255 255 255 255 255 255 255 255 255 255 255 -2147483648 
-2147483648 0 0 0 0 0 0 0 0 0 0 0 0 0 0 0 0 0 0 0 0 0 0 0 0 4 88 75 85 74 1 0 0 0 0 0 0 0 0 0 0 0 0 0 0 0 0 0 0 0 0 0 0 0 0 0 0 0 0 0 0 0 3 6 10 14 18 24 29 27 22 20 20 16 57 21 71 21 0 0 0 0 0 0 0 0 0 0 61 158 114 73 63 61 59 62 76 85 79 59 41 36 42 49 46 41 33 30 36 32 23 23 30 26 27 22 17 16 18 14 14 11 10 20 29 24 19 22 22 25 36 53 69 110 192 255 255 255 255 255 255 255 255 255 195 214 244 195 205 255 255 250 58 102 159 178 181 203 199 148 75 40 24 45 135 189 217 222 191 195 192 185 191 213 233 219 175 139 129 126 110 99 136 208 217 219 254 255 255 255 255 255 255 255 220 116 156 255 255 255 181 50 7 45 91 95 54 11 0 0 0 0 0 0 0 0 0 0 0 0 0 0 0 0 0 0 0 0 0 21 121 235 255 255 255 255 255 255 255 255 255 255 255 255 255 255 255 255 255 255 255 255 255 255 255 -2147483648 
-2147483648 0 0 0 0 0 0 0 0 0 0 0 0 0 0 0 0 0 0 0 0 0 0 0 0 0 60 85 55 81 4 0 0 0 0 0 0 0 0 0 0 0 0 0 0 0 0 0 0 0 0 0 0 0 0 0 0 0 3 9 15 21 30 40 50 59 64 66 60 46 27 11 6 15 49 15 63 25 0 0 0 0 0 0 0 0 0 0 38 119 102 91 99 95 100 97 78 66 63 47 22 6 11 24 24 32 37 42 52 56 47 36 37 29 28 25 23 16 16 17 6 3 3 6 4 8 4 7 15 20 19 14 8 18 34 42 40 37 36 29 101 255 255 255 255 255 149 243 255 255 224 57 63 83 66 86 83 97 116 142 171 201 221 238 255 255 255 255 255 225 208 214 224 221 210 213 219 224 230 242 255 255 255 255 255 255 255 255 255 255 255 255 255 255 221 206 255 255 255 133 30 1 0 1 2 1 0 0 0 0 0 0 0 0 0 0 0 0 0 0 0 0 0 0 0 0 0 0 0 0 6 18 33 54 82 101 103 98 99 102 109 120 127 129 132 137 143 142 135 134 136 134 133 130 129 -2147483648 
-2147483648 0 0 0 0 0 0 0 0 0 0 0 0 0 0 0 0 0 0 0 0 0 0 0 0 0 39 80 32 79 8 0 0 0 0 0 0 0 0 0 0 0 0 0 0 0 0 0 0 0 0 0 0 0 0 6 15 27 42 57 67 71 75 79 79 74 67 55 41 38 23 20 22 18 58 28 62 30 0 0 0 0 0 0 0 0 0 0 24 89 57 23 34 20 10 6 5 16 24 10 2 6 10 28 23 14 19 22 24 28 38 30 24 16 18 4 4 10 25 18 7 13 16 19 21 17 21 29 24 24 32 35 33 36 42 45 46 46 45 40 31 30 190 255 255 255 255 255 255 255 77 18 40 44 37 50 12 30 33 35 39 38 49 66 98 129 146 149 147 148 130 92 64 68 74 70 62 61 63 74 107 141 167 166 163 158 153 156 163 170 187 207 199 180 193 200 236 231 103 18 6 11 11 4 0 0 0 0 0 0 0 0 0 0 0 0 0 0 0 0 0 0 0 0 0 0 0 0 0 0 0 0 0 3 14 32 44 49 54 56 57 57 55 55 57 60 60 56 48 49 45 37 38 33 32 -2147483648 
-2147483648 0 0 0 0 0 0 0 0 0 0 0 0 0 0 0 0 0 0 0 0 0 0 0 0 0 30 76 18 75 12 0 0 0 0 0 0 0 0 0 0 0 0 0 0 0 0 0 0 0 0 0 1 4 8 30 61 78 82 88 86 80 76 66 53 43 34 28 37 47 36 21 12 1 48 43 56 23 0 0 0 0 0 0 0 0 0 0 20 72 72 74 79 74 64 69 75 73 67 60 52 44 25 11 42 81 97 93 87 75 51 32 35 47 53 55 60 64 53 37 43 49 44 40 42 44 43 37 36 42 49 53 56 59 57 59 66 72 72 71 77 80 61 34 239 255 255 255 255 63 6 42 61 52 45 39 0 35 22 23 33 36 34 23 16 14 17 37 64 88 92 80 54 40 35 37 31 9 11 9 7 24 51 34 25 22 15 10 9 13 17 33 56 71 83 97 142 137 30 4 24 32 30 15 0 0 0 0 0 0 0 0 0 0 0 0 0 0 0 0 0 0 0 0 0 0 0 0 0 0 0 0 0 0 0 3 9 14 18 21 22 20 16 14 16 17 15 25 27 31 29 31 37 40 41 -2147483648 
-2147483648 0 0 0 0 0 0 0 0 0 0 0 0 0 0 0 0 0 0 0 0 0 0 0 0 0 22 74 7 73 16 0 0 0 0 0 0 0 0 0 0 0 0 0 0 0 1 4 12 23 30 37 46 49 50 69 90 80 73 63 47 39 33 21 14 15 14 29 46 50 38 15 5 0 25 25 31 8 0 0 0 0 0 0 0 0 0 0 10 44 72 84 98 115 120 124 125 114 99 97 99 95 87 61 73 128 159 166 161 136 86 36 88 130 145 140 131 128 124 125 126 116 110 109 105 100 91 82 82 85 90 96 96 92 94 98 97 102 112 115 114 118 124 118 77 61 113 113 59 59 66 80 64 37 19 24 7 29 36 57 76 73 56 45 36 29 21 13 12 9 27 52 67 53 46 56 65 54 45 48 47 40 35 31 42 42 35 28 26 23 19 22 3 22 28 32 92 99 20 24 51 35 41 23 0 0 0 0 0 0 0 0 0 0 0 0 0 0 0 0 0 0 0 0 0 0 0 0 0 0 0 0 0 0 0 0 0 0 0 0 1 2 1 0 0 0 3 12 16 13 13 18 25 32 30 -2147483648 
-2147483648 0 0 0 0 0 0 0 0 0 0 0 0 0 0 0 0 0 0 0 0 0 0 0 0 0 12 71 11 70 20 0 0 0 0 0 0 0 0 1 3 5 9 18 27 37 48 60 71 75 77 86 92 93 94 87 74 45 32 21 12 11 6 9 4 6 14 28 45 50 41 19 4 0 10 12 10 0 0 0 0 0 0 0 0 0 0 0 0 0 0 0 3 14 21 18 18 24 17 19 13 17 40 65 154 141 101 110 124 140 149 114 155 141 132 129 124 118 125 134 125 117 123 129 127 125 132 138 132 123 124 128 123 120 124 124 123 122 121 119 112 112 125 147 153 146 140 144 153 160 163 151 125 104 96 98 97 99 99 93 86 80 71 64 57 50 49 52 59 64 56 42 24 11 2 19 48 81 102 97 82 64 48 28 13 20 38 56 63 67 70 75 82 79 70 65 102 108 27 58 50 24 48 22 0 0 0 0 0 0 0 0 0 0 0 0 0 0 0 0 0 0 0 0 0 0 0 0 0 0 0 0 0 0 0 0 0 0 0 0 0 0 0 0 0 0 0 0 0 0 0 0 0 0 0 -2147483648 
-2147483648 0 0 0 0 0 0 0 0 0 0 0 0 0 0 0 0 0 0 0 0 0 0 0 0 0 4 70 26 71 29 0 0 1 3 8 16 22 27 35 39 44 55 64 71 82 90 91 91 90 86 83 74 71 67 48 37 18 9 5 4 10 3 6 6 6 11 26 43 51 44 21 4 0 1 2 1 0 0 0 0 0 0 0 0 0 0 0 0 0 0 0 0 0 0 0 13 76 176 192 132 50 30 68 186 159 36 32 44 91 156 167 140 77 48 41 48 50 48 43 45 51 52 56 61 60 63 67 71 71 66 60 65 73 75 77 84 87 79 78 83 80 81 96 112 121 129 137 143 150 148 135 127 128 125 118 108 95 78 63 57 61 68 76 84 90 102 110 107 102 98 98 97 93 87 73 52 52 77 73 56 24 26 22 30 47 57 60 65 69 76 79 83 83 61 41 86 104 41 56 5 52 34 13 4 0 0 0 0 0 0 0 0 0 0 0 0 0 0 0 0 0 0 0 0 0 3 5 4 1 0 0 0 0 0 0 0 0 0 0 0 0 0 0 0 0 0 0 0 0 0 0 0 0 0 -2147483648 
-2147483648 0 0 0 0 0 0 0 0 0 0 0 0 0 0 0 0 0 0 0 1 6 9 8 4 1 6 79 56 85 55 22 33 39 42 50 63 71 75 80 83 83 85 86 79 75 73 62 52 47 48 44 35 28 19 15 17 11 13 9 7 14 5 8 10 7 7 21 42 57 48 18 3 0 0 0 0 0 0 0 0 0 0 0 0 0 0 0 0 0 0 0 0 0 13 52 106 211 255 216 193 62 20 64 183 163 25 17 20 25 49 58 51 33 29 24 19 19 17 17 18 19 27 24 18 15 17 15 24 30 31 24 30 32 25 23 22 21 27 27 33 34 32 36 44 46 50 50 47 52 47 35 34 40 46 41 35 42 46 32 35 47 55 54 64 66 57 56 56 56 59 61 62 59 62 75 91 126 105 115 122 84 79 81 78 69 58 48 42 37 39 43 44 43 87 95 81 57 24 10 50 41 11 11 6 0 0 0 0 0 0 0 0 0 0 0 0 0 0 0 0 0 0 0 0 0 19 28 26 9 0 0 0 0 0 0 0 0 0 0 0 0 0 0 0 0 0 0 0 0 0 0 0 0 0 -2147483648 
-2147483648 0 0 0 0 0 0 0 0 0 0 0 0 0 0 3 6 11 16 20 32 47 51 46 35 26 33 95 88 99 97 74 79 82 85 90 91 87 85 82 78 72 62 58 52 45 37 31 27 16 11 12 11 7 18 17 16 8 6 6 15 7 8 12 10 9 7 16 40 58 51 20 3 0 0 0 0 0 0 0 0 0 0 0 0 1 6 9 18 37 45 34 14 1 43 123 150 197 174 142 218 70 15 60 185 170 38 25 24 15 15 25 28 23 22 27 28 18 18 24 16 12 17 10 11 13 11 8 13 18 23 31 33 22 20 20 11 1 9 17 17 18 17 21 30 32 32 31 24 23 21 23 22 9 11 19 20 20 35 33 28 19 20 25 29 28 25 24 25 24 27 25 22 28 31 35 52 113 154 157 98 51 46 48 43 29 27 36 37 32 29 30 29 44 130 105 34 22 27 42 31 13 11 13 4 0 0 0 0 0 0 0 0 0 8 22 23 11 0 0 0 0 0 0 0 0 39 29 41 15 0 0 0 0 0 0 0 0 0 0 0 0 0 0 0 0 0 0 0 0 0 0 0 0 0 -2147483648 
-2147483648 0 0 0 0 0 0 0 1 3 6 13 17 20 27 41 51 57 61 66 77 83 80 77 73 68 63 104 101 86 103 82 71 66 66 65 59 53 50 50 45 40 31 23 14 12 9 5 5 1 3 9 6 3 21 18 12 8 6 3 13 7 2 9 7 16 14 15 38 55 51 25 5 0 0 0 0 0 0 0 20 61 79 62 46 47 45 44 64 101 103 82 38 2 65 151 86 118 128 145 208 68 14 51 206 201 76 71 71 76 78 73 69 68 62 59 58 61 62 58 55 53 41 35 41 47 47 42 38 39 39 36 32 29 26 24 28 26 25 22 19 19 19 17 17 11 11 21 20 6 3 13 13 14 18 23 23 21 23 19 18 17 13 21 14 14 19 20 20 17 14 17 10 20 21 16 24 49 65 49 24 23 25 22 20 21 20 23 25 26 24 20 13 38 137 127 60 40 55 33 6 13 14 4 0 0 0 0 0 0 0 0 0 0 27 54 54 38 0 0 0 0 0 0 0 0 53 18 53 16 0 0 0 0 0 0 0 0 0 0 0 0 0 0 0 0 0 0 0 0 0 0 0 0 0 -2147483648 
-2147483648 0 0 1 4 8 12 20 29 36 46 52 56 66 72 74 76 76 72 73 73 62 56 63 67 72 74 97 89 54 75 51 46 43 38 30 27 24 19 15 11 13 9 7 1 3 5 4 7 3 1 4 9 7 19 16 14 10 2 5 2 13 14 8 3 10 13 17 39 55 53 29 6 0 0 0 0 0 0 6 57 119 115 112 82 60 37 27 58 95 66 105 52 1 66 164 80 97 120 138 196 64 19 53 246 242 105 105 104 101 107 106 99 104 108 103 100 101 99 96 95 97 98 96 95 96 96 95 93 89 84 78 73 77 78 70 72 79 73 65 64 64 65 56 44 40 43 41 38 32 29 25 28 38 41 37 30 29 31 24 27 38 34 24 20 18 15 16 17 19 19 29 19 11 13 20 18 18 25 20 15 20 25 20 17 23 19 16 14 20 22 25 15 24 103 133 106 81 42 1 5 13 18 13 4 0 0 0 0 0 0 0 0 0 41 57 42 55 0 0 0 0 0 0 0 0 60 13 60 13 0 0 0 0 0 0 0 0 0 0 0 0 0 0 0 0 0 0 0 0 0 0 0 0 0 -2147483648 
-2147483648 23 24 32 45 55 61 69 73 75 82 81 76 75 70 57 44 42 43 40 38 31 25 32 39 43 49 63 70 30 63 24 24 21 20 19 17 8 6 2 5 7 12 4 4 9 11 9 4 3 1 5 2 8 19 4 17 11 10 6 6 6 10 16 7 8 10 17 35 52 54 32 9 1 0 0 0 0 0 9 75 136 65 102 66 51 17 25 65 104 54 124 50 0 56 170 96 100 119 143 191 66 26 69 255 255 97 84 82 81 83 90 93 96 102 102 102 103 101 102 107 111 109 106 100 100 101 103 106 100 95 98 103 107 105 103 106 107 103 103 106 104 102 104 106 100 88 71 58 56 56 57 66 71 71 75 78 72 63 57 52 54 59 61 64 63 57 56 55 52 52 56 58 53 52 47 37 36 40 41 39 37 35 32 31 36 37 33 29 27 28 32 28 31 99 169 156 61 13 44 69 87 74 45 17 0 0 0 0 0 0 0 0 0 45 49 51 48 0 0 0 0 0 0 0 4 61 9 61 12 0 0 0 0 0 0 0 0 0 0 0 0 0 0 0 0 0 0 0 0 0 0 0 0 0 -2147483648 
-2147483648 51 57 70 75 75 74 73 67 62 59 54 50 36 26 27 22 23 20 14 13 8 4 1 9 15 14 28 71 12 68 10 3 4 10 8 1 6 4 11 2 4 13 8 8 7 2 3 10 6 4 0 6 9 9 3 13 2 8 10 8 0 7 10 16 4 10 16 33 50 49 32 11 2 0 0 0 0 0 8 84 166 76 94 91 80 33 27 69 123 51 132 48 0 51 171 101 106 121 142 185 73 35 82 255 255 75 60 66 68 66 70 80 85 86 81 76 86 93 91 87 84 81 77 72 78 86 87 84 90 95 94 96 92 88 96 101 96 94 95 104 109 102 100 108 103 92 85 72 60 60 75 88 93 98 100 98 100 100 93 78 75 81 93 102 99 93 101 108 104 98 95 98 103 98 93 90 83 80 81 91 107 109 104 92 87 81 68 64 61 58 64 66 74 169 213 103 7 27 26 37 19 50 53 26 0 0 0 0 0 0 0 0 0 42 32 44 31 0 0 0 0 0 0 0 11 65 15 64 14 0 0 0 0 0 0 0 0 0 0 0 0 0 0 0 0 0 0 0 0 0 0 0 0 0 -2147483648 
-2147483648 56 59 65 57 46 37 36 30 24 21 13 13 14 6 8 12 11 4 4 8 7 7 5 6 10 11 14 75 20 71 28 8 6 9 4 9 8 7 13 6 9 9 10 12 3 5 4 12 3 1 7 6 16 7 2 7 6 6 2 4 8 6 7 12 6 11 20 38 50 45 33 12 1 0 0 0 0 0 8 94 187 81 92 128 93 22 9 73 139 47 144 52 0 51 160 91 112 134 134 173 58 38 78 255 255 59 34 42 46 49 48 49 56 55 54 47 50 54 53 43 38 47 60 66 64 58 61 64 67 72 73 68 67 75 76 72 73 76 78 80 78 79 73 66 68 72 75 77 68 67 79 87 87 87 89 88 94 98 102 93 88 82 81 83 92 95 94 97 107 103 96 99 102 104 107 103 101 107 109 118 119 118 131 140 140 130 111 100 94 95 99 94 107 248 241 39 21 21 46 76 81 60 54 22 0 0 0 0 0 0 0 0 0 41 22 41 22 0 0 0 0 0 0 0 16 74 14 74 18 0 0 0 0 0 0 0 0 0 0 0 0 0 0 0 0 0 0 0 0 0 0 0 0 0 -2147483648 
-2147483648 39 39 39 25 18 12 14 4 3 11 8 3 11 4 3 7 3 6 4 9 6 6 4 9 13 2 8 68 40 60 50 6 14 12 6 4 6 3 9 0 1 9 3 13 5 1 12 11 6 4 8 4 15 9 1 7 2 6 6 3 7 13 8 9 5 8 20 43 47 42 36 12 0 0 0 0 0 0 11 98 187 77 102 148 89 13 10 83 145 47 147 55 1 63 146 66 90 141 112 162 40 17 61 255 255 66 24 22 26 25 23 24 19 15 30 23 21 17 14 14 14 21 32 40 33 23 29 36 34 33 38 41 45 46 43 43 44 51 55 43 38 47 55 46 45 60 59 64 58 54 69 74 73 78 80 80 84 80 88 92 80 71 71 64 70 76 68 63 68 74 78 81 75 70 73 82 92 91 87 76 44 25 25 31 60 98 115 109 102 92 82 81 108 255 255 27 9 21 19 19 33 20 36 13 0 0 0 0 0 0 0 0 0 44 19 44 19 0 0 0 0 0 0 0 20 82 8 82 18 0 0 0 0 0 0 0 0 0 0 0 0 0 0 0 0 0 0 0 0 0 0 0 0 0 -2147483648 
-2147483648 16 18 14 4 8 9 5 0 7 4 16 3 8 4 4 6 5 6 8 11 3 5 7 11 14 9 12 62 56 44 60 15 15 13 6 3 4 1 9 6 5 6 6 9 7 1 11 7 6 2 8 8 8 10 5 8 1 4 8 4 2 11 9 8 9 12 20 41 45 39 37 13 0 0 0 0 0 0 10 100 180 69 102 149 84 21 16 95 141 52 141 54 2 74 125 53 71 125 68 148 35 7 56 255 255 72 11 20 17 8 13 14 3 7 9 11 18 11 12 18 13 11 8 6 7 14 20 20 21 21 27 25 15 11 18 21 19 15 13 14 15 21 35 37 31 44 47 55 52 40 61 64 56 50 46 43 48 54 61 65 68 57 48 42 40 40 46 49 48 56 66 61 55 58 65 70 64 63 65 60 58 51 42 26 56 55 76 76 72 71 70 67 107 255 255 17 10 25 6 6 19 1 30 12 0 0 0 0 0 0 0 0 0 43 18 44 16 0 0 0 0 0 0 0 27 91 17 90 16 0 0 0 0 1 2 1 0 0 0 0 0 0 0 0 0 0 0 0 0 0 0 0 0 0 -2147483648 
-2147483648 13 6 6 9 3 7 2 9 10 8 13 10 6 3 9 7 4 7 2 6 7 11 7 9 13 1 6 52 62 36 70 11 18 9 11 12 11 12 9 6 5 4 5 1 5 6 8 11 6 7 12 12 4 13 4 8 3 4 8 6 11 13 10 9 13 9 18 36 45 42 35 14 0 0 0 0 0 0 11 106 173 65 90 157 95 13 5 102 137 56 138 48 1 60 110 74 74 126 40 138 32 30 61 255 255 70 10 18 6 6 10 4 8 8 1 5 7 6 10 7 13 19 12 5 13 14 11 15 6 8 3 5 3 1 11 6 13 5 11 4 9 4 18 24 23 31 28 38 45 40 53 49 21 10 13 7 16 16 25 33 46 47 27 15 13 18 22 26 38 39 28 31 38 38 39 37 38 48 52 57 74 84 95 98 79 44 39 49 49 64 78 79 118 255 255 17 23 35 12 4 18 3 31 9 0 0 0 0 0 0 0 0 0 39 13 39 13 0 0 0 0 0 0 0 36 95 21 95 16 0 0 0 0 3 2 3 0 0 0 3 4 3 0 0 0 0 0 0 0 0 0 0 0 0 -2147483648 
-2147483648 8 4 6 7 4 10 5 13 7 8 4 7 5 3 4 2 6 9 11 6 5 9 9 14 14 4 6 39 64 28 69 10 8 12 8 6 4 5 4 4 4 10 10 8 9 10 5 4 8 6 10 10 9 9 6 6 4 6 10 4 4 8 8 8 13 3 15 36 45 49 35 11 2 1 0 0 0 0 16 119 175 65 86 154 105 29 0 106 138 65 139 41 1 27 82 70 71 134 25 132 19 13 44 255 255 73 17 17 6 10 16 13 11 13 11 9 6 10 9 1 10 17 15 15 16 9 7 10 15 15 3 4 2 7 6 7 10 12 3 8 14 8 16 14 20 31 29 31 31 34 48 43 16 9 13 10 17 16 16 19 19 31 35 23 18 25 21 16 17 18 15 19 23 21 24 25 20 24 27 26 29 33 33 39 40 28 26 42 50 51 50 50 115 255 255 52 25 37 13 8 20 9 35 8 0 0 0 0 0 0 0 0 0 41 12 41 11 0 0 0 0 0 0 0 42 97 27 97 14 3 3 2 3 4 1 3 2 1 0 5 2 5 0 0 0 0 0 0 0 0 0 0 0 0 -2147483648 
-2147483648 1 4 12 6 0 6 6 8 3 6 2 4 7 5 5 7 10 7 14 6 4 4 4 13 9 5 6 38 66 24 68 14 4 5 6 6 5 7 9 3 8 15 8 7 4 6 12 3 0 1 9 8 4 7 9 6 3 6 4 7 2 11 13 12 13 3 13 35 44 51 35 9 3 3 0 0 0 0 21 135 177 45 95 137 99 42 3 107 141 74 141 28 10 3 75 76 65 140 25 131 17 11 38 255 255 107 58 27 15 6 15 1 13 16 3 4 7 13 10 13 6 11 15 12 13 8 9 9 9 22 8 9 10 7 1 6 9 2 12 10 16 12 18 13 17 24 29 38 34 30 42 37 22 11 9 12 15 13 11 13 13 23 36 37 27 29 23 20 13 13 16 15 13 16 23 23 14 7 5 14 12 12 11 9 15 15 11 17 17 16 23 16 109 255 255 60 9 34 12 2 18 6 37 10 0 0 0 0 0 0 0 0 4 47 8 46 9 0 0 0 0 0 0 0 51 98 36 95 14 8 7 3 4 2 3 1 1 3 4 3 3 3 2 1 0 0 0 0 0 0 0 0 0 0 -2147483648 
-2147483648 7 11 14 5 4 6 7 6 2 13 7 12 6 13 4 11 5 3 4 9 13 13 8 13 13 1 7 38 68 12 73 25 2 2 4 4 5 6 3 6 14 13 4 4 4 11 13 11 4 5 1 4 5 8 6 4 7 8 4 6 8 6 13 15 9 6 22 34 38 47 35 9 3 6 1 0 0 0 25 144 178 27 104 127 96 44 3 99 140 77 132 17 13 11 69 74 73 146 38 133 21 18 35 255 255 108 105 52 6 8 13 3 3 10 8 9 14 9 7 10 11 9 6 4 7 6 6 10 4 17 19 17 15 18 15 11 6 9 4 8 14 8 15 3 8 19 21 25 21 22 31 29 6 13 17 3 8 4 9 11 14 7 7 26 13 10 9 15 15 13 10 8 8 3 10 12 12 6 12 7 4 3 10 3 10 9 1 5 6 2 12 10 109 255 255 78 18 32 9 1 17 7 37 9 0 0 0 0 0 0 0 0 12 53 11 51 7 0 0 0 1 3 3 1 68 97 49 88 13 6 6 4 4 4 2 2 1 1 3 5 6 1 0 2 0 0 0 0 0 0 0 0 0 0 -2147483648 
-2147483648 3 5 14 8 6 9 7 9 13 12 3 18 7 13 3 9 15 12 8 0 4 4 10 9 8 9 10 29 70 25 69 38 1 4 3 4 3 1 4 9 11 7 7 19 20 9 9 11 2 1 5 6 9 3 12 9 4 9 4 5 7 10 13 18 8 8 25 31 34 43 35 11 9 10 4 0 0 0 21 146 188 16 136 144 87 34 1 87 133 67 106 22 26 12 54 62 83 145 44 127 8 19 23 254 255 121 103 50 6 7 10 11 16 14 11 20 20 14 11 4 5 13 17 19 9 4 9 16 16 18 10 4 1 6 9 11 9 13 13 20 7 18 11 8 4 8 16 21 13 20 22 25 6 10 21 18 1 13 9 1 11 9 6 15 13 7 6 3 6 9 6 14 11 6 3 7 1 9 11 1 8 10 8 0 9 6 6 4 8 1 3 5 111 255 255 84 25 28 9 8 20 6 36 8 0 0 0 0 0 0 0 0 23 64 26 62 8 0 0 0 3 4 4 3 79 94 60 84 8 8 6 10 10 10 3 5 4 1 3 2 6 2 1 3 2 2 1 0 0 0 0 0 0 0 -2147483648 
-2147483648 4 3 7 14 4 6 5 13 4 3 1 13 6 13 5 4 6 2 9 5 4 5 7 4 3 6 11 19 62 36 52 41 13 2 6 4 8 4 6 9 4 11 8 7 4 6 7 9 3 6 7 10 7 4 7 3 1 14 8 12 32 49 55 60 65 72 72 63 51 47 31 6 1 8 8 1 0 1 24 152 195 13 169 127 33 79 95 108 123 68 107 74 58 4 52 60 78 131 37 111 13 26 30 255 255 128 57 25 9 13 9 11 15 11 9 11 4 1 3 5 8 9 6 10 6 11 22 26 22 21 26 24 23 25 22 21 15 16 12 16 9 13 3 13 4 14 12 13 15 16 19 17 5 3 12 14 13 9 9 8 2 13 8 8 17 15 8 3 7 6 6 6 8 6 8 11 3 4 4 3 9 9 10 7 3 9 7 4 5 4 3 7 111 255 255 96 40 25 11 8 23 17 33 6 0 0 0 0 0 0 0 0 32 73 24 72 12 1 3 6 9 8 7 6 85 95 65 86 9 4 4 6 4 11 1 3 5 0 3 4 4 2 2 2 0 0 2 0 0 0 0 0 0 0 -2147483648 
-2147483648 2 3 11 7 7 3 4 7 11 4 3 7 3 12 10 10 7 2 9 3 4 9 11 12 7 13 12 10 60 44 44 46 22 6 9 13 2 9 8 4 7 13 4 13 8 14 11 3 12 19 8 10 1 9 16 18 35 60 75 91 105 109 112 106 96 91 87 76 61 45 25 15 11 1 12 16 34 65 98 172 179 37 173 123 104 111 114 111 86 48 91 120 99 5 80 104 82 105 48 145 196 184 161 255 255 103 12 16 15 17 17 10 4 3 1 9 4 7 4 9 4 4 8 1 8 10 19 9 3 4 7 7 11 15 12 16 15 22 23 13 5 10 14 8 3 18 7 6 12 16 24 11 9 8 12 1 4 0 6 10 5 3 5 4 13 17 12 12 8 7 6 7 2 8 6 8 11 6 4 4 5 11 13 9 3 4 4 6 6 3 1 1 111 255 255 110 35 21 13 10 19 18 21 1 0 0 0 0 0 0 0 0 39 78 29 78 11 2 2 9 9 5 6 9 94 97 75 86 11 8 8 8 11 8 2 3 3 4 2 3 1 3 2 1 1 0 2 0 0 0 0 0 0 0 -2147483648 
-2147483648 3 4 9 4 12 4 4 4 5 4 2 4 3 8 13 4 8 4 11 4 8 6 2 7 16 8 6 7 58 55 41 61 23 9 10 11 1 3 7 6 8 9 6 4 4 10 4 6 13 20 17 20 27 48 64 87 111 115 106 101 91 70 56 47 36 26 19 15 13 9 3 2 11 20 27 42 68 93 98 141 144 41 150 81 36 4 14 35 78 110 104 107 97 10 94 98 37 82 62 57 91 110 125 224 255 78 9 22 23 18 10 3 7 6 5 2 12 10 15 9 5 6 6 9 11 12 24 1 5 9 6 4 7 6 6 10 8 7 10 2 8 8 8 7 6 14 7 9 9 16 9 6 11 4 8 10 12 13 11 4 10 9 2 6 6 7 10 12 8 6 10 1 3 8 6 12 8 6 4 3 3 7 3 10 9 8 3 6 8 6 6 6 110 255 255 116 20 7 6 8 10 9 9 0 0 0 0 0 0 0 0 0 44 79 41 79 4 1 3 12 9 8 3 9 100 89 82 75 13 9 7 17 8 6 3 3 2 3 4 1 3 3 4 5 6 2 3 1 0 0 0 0 0 0 -2147483648 
-2147483648 6 3 7 6 10 13 9 6 5 1 4 3 3 6 8 5 4 5 3 10 2 6 3 8 11 14 17 15 47 62 35 67 18 6 7 7 4 2 6 7 6 9 3 1 3 7 8 5 13 20 56 85 104 114 112 105 87 59 37 23 12 3 0 0 0 0 0 0 0 0 1 13 27 33 39 53 55 53 41 116 138 54 153 69 20 37 46 62 84 99 108 85 37 36 45 117 125 115 86 196 255 254 233 255 255 96 3 17 18 1 3 7 7 11 4 6 15 13 15 15 3 6 12 2 14 10 22 6 15 3 6 5 9 3 7 4 11 3 14 14 4 3 9 9 6 8 10 2 12 9 7 12 13 4 1 3 4 4 4 14 16 7 11 16 16 16 13 5 10 9 4 2 3 1 3 10 3 3 3 8 6 4 6 1 11 11 7 6 6 4 3 3 110 255 255 119 10 1 0 0 3 4 3 0 0 0 0 0 0 0 0 0 51 76 51 76 0 0 0 6 9 8 4 4 103 74 85 63 8 3 4 11 6 6 4 1 3 4 2 2 4 2 6 4 6 2 1 2 1 2 1 0 0 0 -2147483648 
-2147483648 10 9 10 11 11 9 12 9 4 4 3 7 5 3 4 4 7 4 1 4 9 6 11 16 6 6 12 15 30 64 13 66 20 3 6 12 12 9 3 7 8 9 5 6 7 8 24 46 75 101 111 113 101 79 54 29 10 1 0 0 0 0 0 0 0 0 0 0 0 0 3 22 32 34 44 43 33 37 34 125 158 65 180 83 30 35 26 21 36 31 20 22 23 15 53 53 84 125 26 71 19 43 75 255 255 132 6 9 15 9 4 9 3 11 6 4 7 16 3 20 14 4 6 4 14 23 7 11 12 4 6 0 9 5 4 1 13 7 18 9 8 6 6 5 3 3 11 13 12 16 9 13 9 12 8 6 10 11 11 11 1 1 9 10 4 10 6 1 10 13 6 2 6 4 10 4 3 6 4 0 6 4 3 6 13 12 8 9 9 5 6 11 106 255 255 116 5 0 0 0 0 0 0 0 0 0 0 0 0 0 0 0 63 71 63 70 0 0 0 0 0 4 5 4 111 64 94 57 2 3 6 8 4 3 6 1 1 2 4 3 5 4 3 3 4 2 2 1 2 0 2 0 0 0 -2147483648 
-2147483648 9 10 6 6 12 4 6 10 5 9 15 12 4 4 1 2 4 3 7 5 10 3 6 16 15 10 11 9 17 68 13 70 33 6 7 7 13 8 6 4 10 10 15 34 53 80 106 116 115 96 67 42 19 4 0 0 1 2 2 2 1 0 0 0 0 0 0 0 0 0 5 28 39 39 44 35 32 33 24 139 167 78 203 93 31 36 38 46 51 45 30 20 32 50 57 42 67 129 62 149 215 231 241 255 255 130 10 9 10 13 6 9 9 8 6 10 6 6 14 9 14 10 4 9 13 4 14 9 6 6 1 4 12 11 5 4 13 10 12 2 8 10 7 7 15 18 15 17 5 14 8 11 9 2 10 11 8 5 17 9 1 8 7 15 5 11 3 1 10 15 9 11 10 11 7 3 4 10 1 8 9 3 0 9 13 18 14 11 15 3 4 15 103 255 255 108 3 0 0 0 0 0 0 0 0 0 0 0 0 0 0 0 74 62 74 62 0 0 0 0 0 1 2 4 116 60 99 53 1 6 8 5 6 0 6 6 4 3 5 3 6 3 2 0 2 1 2 1 1 2 1 0 0 0 -2147483648 
-2147483648 6 7 5 6 14 10 6 11 6 4 3 9 6 3 3 4 2 2 1 7 3 8 9 4 21 11 1 2 13 71 30 64 43 6 4 10 13 6 11 15 47 79 103 115 114 106 91 66 41 19 3 4 7 10 15 19 19 17 14 13 13 7 0 0 0 0 1 2 3 9 19 39 46 38 31 25 28 13 9 150 170 97 217 100 39 49 56 56 47 31 12 3 1 25 88 92 91 138 59 130 169 151 129 209 255 124 13 12 16 15 3 7 4 3 0 4 6 4 13 18 14 9 9 9 9 16 9 11 2 6 4 13 14 10 3 2 4 10 11 9 12 14 8 2 10 2 12 13 8 12 6 2 10 13 5 8 16 19 20 13 11 3 5 7 11 8 4 6 16 9 9 2 4 7 4 7 2 17 9 14 10 9 6 11 9 19 13 6 16 4 7 20 102 255 255 103 1 0 0 0 0 0 0 0 0 0 0 0 0 0 0 0 82 57 82 57 0 0 0 0 0 0 0 5 119 59 101 51 3 0 5 3 5 3 1 2 4 3 4 4 2 7 6 3 2 3 2 3 0 0 0 0 0 0 -2147483648 
-2147483648 4 4 2 8 9 6 10 10 11 2 4 2 4 5 9 7 6 5 4 8 3 10 6 5 13 14 9 2 6 60 36 54 47 6 6 7 6 18 31 75 120 119 103 82 49 9 33 63 78 91 97 94 93 99 105 103 98 93 86 77 68 58 44 33 23 20 20 20 21 22 23 32 31 27 30 35 41 33 28 158 175 109 234 119 62 56 41 21 9 3 0 0 0 0 25 49 111 147 98 190 229 251 255 255 255 166 10 8 17 16 7 6 7 6 4 7 11 14 15 15 12 9 8 6 7 13 6 14 6 1 9 9 4 11 7 1 4 6 14 10 11 15 10 17 19 9 6 8 16 9 6 13 16 13 6 7 8 6 12 3 6 14 15 17 9 1 7 4 12 17 18 16 9 9 10 3 12 12 3 8 6 6 12 8 16 12 10 9 6 4 10 17 98 255 255 103 0 0 0 0 0 0 0 0 0 0 0 0 0 0 0 0 92 51 92 51 0 0 0 0 0 0 0 9 129 61 110 53 9 12 14 10 5 6 7 7 7 4 1 1 3 0 2 6 4 3 1 2 2 1 0 0 0 0 -2147483648 
-2147483648 1 6 6 7 6 3 6 10 9 2 4 9 9 6 7 11 8 3 6 6 3 8 2 6 11 9 7 9 9 57 38 52 51 9 7 12 15 33 69 111 94 49 17 3 12 32 51 68 101 134 160 181 198 213 221 227 232 242 254 254 250 245 230 203 169 140 119 100 83 64 42 20 16 24 30 33 43 52 51 171 175 128 252 122 45 26 10 1 0 0 0 0 0 0 0 0 120 141 116 140 16 28 46 255 255 209 6 13 15 9 8 4 3 7 10 11 11 6 7 3 2 3 6 0 12 15 7 8 20 14 11 10 14 19 23 13 9 9 7 3 6 7 16 21 26 17 6 14 14 23 10 13 18 13 12 1 6 13 5 9 9 15 12 23 5 6 8 6 4 13 11 10 4 13 6 3 9 2 3 6 7 8 11 3 12 4 8 6 7 4 9 12 96 255 255 103 3 1 0 0 0 0 0 0 0 0 0 0 0 0 0 3 109 48 108 45 0 0 0 0 0 0 0 18 137 51 118 48 4 10 11 16 5 10 10 3 3 0 2 1 3 5 6 3 3 0 3 2 3 4 1 0 1 2 -2147483648 
-2147483648 4 5 9 6 1 3 6 10 2 2 4 0 3 2 4 3 5 3 6 3 1 10 3 3 14 9 1 2 13 64 39 58 59 20 27 53 80 98 105 78 21 1 0 1 11 36 58 75 91 98 96 80 68 63 44 23 52 107 161 216 255 255 255 255 255 255 255 255 255 255 213 150 89 48 12 15 38 60 71 200 187 151 255 89 6 0 0 0 0 0 0 0 0 0 0 6 129 133 115 125 67 63 58 253 255 222 14 21 13 1 3 6 11 7 9 17 8 8 13 4 3 13 11 11 7 11 12 10 9 17 17 18 17 7 15 11 6 4 2 4 2 7 3 18 21 10 10 14 7 18 7 15 1 8 12 3 21 12 3 5 4 8 11 11 6 12 8 15 6 2 7 2 6 8 3 4 13 6 2 6 1 3 3 9 14 6 9 4 10 16 9 9 100 255 255 105 3 2 0 0 0 0 0 0 0 0 0 0 0 0 0 6 130 44 129 43 0 0 0 0 0 0 0 22 135 41 126 44 13 6 1 14 16 17 19 8 7 6 4 3 1 2 4 3 3 3 6 6 2 3 3 2 3 1 -2147483648 
-2147483648 1 5 15 5 2 2 8 11 6 6 1 1 3 3 5 6 3 3 6 1 5 13 5 2 13 8 10 6 13 67 36 89 109 95 102 109 106 93 63 24 1 0 0 0 3 16 36 63 98 132 162 186 206 224 239 249 255 255 255 240 216 171 114 59 27 68 132 200 255 255 255 255 185 113 55 25 43 52 55 218 214 169 255 60 0 0 0 0 0 0 0 0 0 0 1 33 148 121 95 182 255 255 255 255 255 180 10 16 16 4 4 3 8 8 12 6 9 13 4 6 8 9 5 11 10 13 10 20 13 4 1 7 15 24 18 6 1 3 2 16 13 13 8 1 4 9 4 16 3 25 8 11 15 11 10 7 17 9 6 7 9 2 6 3 6 9 6 13 1 6 6 2 7 10 3 8 13 10 6 7 2 3 4 11 11 6 6 12 12 12 7 6 103 255 255 110 4 1 0 0 0 0 0 0 0 0 0 0 0 0 0 13 151 34 150 39 0 0 0 0 0 0 0 20 126 37 123 33 17 5 3 3 3 8 19 8 2 4 3 3 4 3 8 12 16 18 17 13 7 1 3 3 1 2 -2147483648 
-2147483648 4 4 13 7 7 7 6 9 6 4 4 4 1 6 4 6 3 7 4 12 8 12 4 7 16 18 25 36 54 94 87 140 140 97 82 61 35 16 4 0 0 0 0 0 0 0 0 0 0 1 9 19 29 46 73 106 147 198 250 255 255 255 255 255 255 255 255 255 255 221 174 169 127 94 56 49 52 24 23 210 224 171 241 42 0 0 0 0 0 0 0 0 0 0 3 66 163 103 66 164 231 255 255 255 255 107 24 20 3 10 3 6 8 11 17 4 6 8 12 9 9 13 9 3 6 3 6 16 16 4 9 16 17 16 12 7 2 1 4 18 6 12 6 0 3 6 13 10 17 19 7 9 11 4 5 11 6 6 6 7 7 8 4 7 8 7 3 15 9 15 15 12 3 18 8 7 13 9 12 9 4 6 9 16 8 6 4 10 6 3 3 3 100 255 255 110 4 0 0 0 0 0 0 0 0 0 0 0 0 0 0 24 168 22 167 34 0 0 0 0 0 0 0 17 112 36 108 28 21 10 7 6 6 7 12 14 6 3 3 4 2 7 8 5 6 6 5 9 12 5 4 4 2 3 -2147483648 
-2147483648 1 5 9 4 1 2 0 5 1 3 4 3 4 3 8 7 2 6 13 9 11 14 8 23 42 72 89 99 107 121 109 124 91 17 8 3 0 0 0 0 0 0 0 0 0 0 0 0 0 0 0 0 0 0 0 0 0 6 18 34 58 86 116 145 173 210 254 255 255 255 255 255 216 141 90 64 41 8 8 197 212 168 219 31 0 0 0 0 0 0 0 0 0 0 9 91 171 82 33 128 111 34 40 111 146 61 17 4 10 7 11 12 16 21 16 16 8 1 2 6 8 11 12 9 7 1 6 23 22 8 14 12 13 13 16 16 10 11 17 7 13 4 10 11 7 7 7 10 20 11 4 15 4 11 11 9 4 5 7 7 8 12 13 3 3 14 15 26 13 8 9 10 11 18 9 7 13 6 10 6 3 12 5 14 5 1 9 14 12 4 4 9 101 255 255 108 3 0 0 0 0 0 0 0 0 0 0 0 0 0 0 38 175 9 174 29 0 0 0 0 0 0 0 15 97 28 95 27 23 14 4 8 9 3 3 11 8 3 6 3 4 7 3 8 12 8 4 4 7 8 7 7 2 3 -2147483648 
-2147483648 3 4 6 8 2 3 4 8 6 4 9 3 6 4 4 4 6 7 4 5 10 11 23 55 85 93 86 77 61 69 59 73 54 0 0 0 0 0 0 0 0 0 0 0 0 0 0 0 0 0 0 0 0 0 0 0 0 0 0 0 0 0 0 0 0 3 12 25 42 61 72 66 52 43 37 27 11 0 6 198 203 175 209 23 0 0 0 0 0 0 0 0 0 0 24 113 177 67 3 124 126 34 26 100 147 67 8 12 4 5 9 12 9 11 5 17 11 4 8 7 8 6 9 11 12 9 17 20 13 6 13 7 7 14 17 12 9 11 16 13 18 7 13 9 10 8 9 10 18 11 11 18 13 13 13 4 7 2 9 6 6 12 18 12 13 12 6 21 20 9 10 6 9 11 6 6 9 8 7 10 9 15 14 10 2 3 13 12 17 4 4 15 104 255 255 106 1 0 0 0 0 0 0 0 0 0 0 0 0 0 0 47 171 22 171 25 0 0 0 0 0 0 0 14 93 19 91 27 20 27 27 24 23 18 17 19 15 8 6 3 4 10 9 7 9 11 12 10 6 6 6 9 6 3 -2147483648 
-2147483648 2 1 4 10 4 4 3 8 4 3 7 2 6 6 8 9 8 3 1 4 8 4 28 74 76 35 13 4 0 58 37 59 38 0 0 0 0 0 0 0 0 0 0 0 0 0 0 0 0 0 0 0 0 0 0 0 0 0 0 0 0 0 0 0 0 0 0 0 0 0 0 0 0 0 0 0 0 0 9 206 200 188 209 18 0 0 0 0 0 0 0 0 0 0 53 149 188 75 51 111 144 34 25 103 154 74 6 8 6 13 3 11 5 13 8 19 7 8 7 4 5 7 4 4 10 2 21 13 4 8 14 6 4 6 3 3 3 1 10 6 16 12 6 9 8 11 11 8 16 19 16 17 15 7 4 13 6 8 9 12 12 5 8 8 15 16 10 16 17 5 4 4 2 6 8 4 3 12 4 6 0 9 4 2 3 4 11 9 15 3 3 16 105 255 255 104 0 0 0 0 0 0 0 0 0 0 0 0 0 0 0 51 165 30 165 22 0 0 0 0 0 0 0 16 95 9 94 24 9 17 24 25 23 19 16 12 6 4 3 1 0 3 5 6 8 12 13 11 11 13 11 8 3 0 -2147483648 
-2147483648 6 3 8 9 5 4 5 4 7 1 3 1 3 5 3 4 9 7 7 7 4 9 35 82 55 3 11 25 31 68 34 70 30 0 0 0 0 0 0 0 0 0 0 0 0 0 0 0 0 0 0 0 0 0 0 0 0 0 0 0 0 0 0 0 0 0 0 0 0 0 0 0 0 0 0 0 0 0 9 214 187 202 197 13 0 0 0 0 0 0 0 0 0 10 96 178 190 85 125 68 164 41 16 104 162 77 5 9 6 18 4 15 12 13 10 24 8 6 10 7 4 7 5 10 9 3 20 13 11 3 14 11 9 6 5 8 7 7 3 6 2 9 10 14 4 6 2 2 3 9 4 8 14 6 9 20 12 10 7 8 8 6 6 17 9 12 9 11 9 7 6 6 4 10 8 9 3 3 10 6 10 10 9 7 5 2 12 3 14 4 4 13 104 255 255 103 0 0 0 0 0 0 0 0 0 0 0 0 0 0 0 52 150 46 151 16 0 0 0 0 0 0 0 15 95 11 94 22 0 1 4 5 3 1 2 1 0 0 0 0 0 0 0 1 2 1 0 3 4 3 0 0 0 0 -2147483648 
-2147483648 5 14 13 3 6 7 6 9 9 11 7 1 8 3 3 2 6 6 7 4 2 6 47 87 47 3 58 117 146 140 105 122 72 28 12 4 0 0 0 0 0 0 0 0 0 0 0 0 0 0 0 0 0 0 0 0 0 0 0 0 0 0 0 0 0 0 0 0 0 0 0 0 0 0 0 0 0 0 9 216 166 209 175 8 0 0 0 0 0 0 0 0 0 16 121 178 158 48 143 7 172 67 17 102 171 85 3 8 9 13 9 12 11 12 14 28 13 11 6 1 9 7 15 6 1 4 13 13 15 8 11 17 14 11 8 6 4 13 16 8 10 9 15 17 12 6 2 6 3 6 3 4 14 12 12 18 11 4 3 8 13 18 22 9 9 10 6 3 6 11 8 3 6 9 12 5 6 6 2 9 11 4 6 5 9 8 9 7 10 4 6 14 101 255 255 101 0 0 0 1 2 1 0 0 0 0 0 0 0 0 0 46 126 55 125 9 0 0 0 0 0 0 0 7 87 26 86 30 0 0 0 0 0 0 0 0 0 0 0 0 0 0 0 0 0 0 0 0 0 0 0 0 0 0 -2147483648 
-2147483648 8 6 1 5 6 9 7 14 16 13 13 6 5 4 1 3 3 4 4 3 9 7 56 87 42 6 88 112 56 62 53 113 86 35 15 7 0 0 0 0 0 0 0 0 0 0 0 0 0 0 0 0 0 0 0 0 0 0 0 0 0 0 0 0 0 0 0 0 0 0 0 0 0 0 0 0 0 0 12 207 145 205 156 4 0 0 0 0 0 0 3 4 3 13 122 178 136 96 102 46 150 98 28 99 171 94 11 6 16 4 7 5 8 4 12 20 13 14 10 12 13 8 21 6 3 3 8 16 27 10 9 9 7 2 5 3 9 14 10 16 13 6 6 9 3 4 8 8 9 6 1 6 6 9 5 7 12 13 6 8 3 4 13 17 6 1 7 12 10 4 11 4 4 4 1 2 7 4 3 6 8 3 10 11 11 4 4 7 1 4 9 11 91 255 255 98 0 0 4 10 9 6 0 0 0 0 0 0 0 0 0 32 99 50 95 3 0 7 36 59 60 57 56 42 64 51 75 65 28 24 23 18 11 8 4 0 0 0 0 0 0 0 0 0 0 0 0 0 0 0 0 0 0 0 -2147483648 
-2147483648 12 4 2 3 7 7 6 17 11 13 5 4 3 7 8 6 6 4 0 3 8 6 53 87 48 4 78 129 119 101 63 118 90 38 17 6 0 0 0 0 0 0 0 0 0 0 0 0 0 0 0 0 0 0 0 0 0 0 0 0 0 0 0 0 0 0 0 0 0 0 0 0 0 0 0 0 0 0 14 188 127 191 137 1 0 0 0 0 0 0 4 0 4 3 85 170 205 214 74 83 120 208 199 206 240 132 20 12 19 10 4 4 9 3 15 11 6 10 1 3 9 5 12 9 6 9 9 19 25 9 9 3 6 2 2 4 10 12 3 6 1 6 0 12 4 6 7 4 11 8 6 12 13 14 10 1 8 17 25 17 5 8 10 10 6 4 8 10 10 9 18 6 6 6 3 4 6 6 3 2 3 6 6 4 7 5 7 3 11 9 4 10 89 255 255 93 0 0 15 15 14 7 0 0 0 0 0 0 0 0 0 17 70 36 66 7 26 57 97 99 97 90 92 92 54 64 50 103 99 86 87 89 84 84 78 70 67 56 48 46 35 29 31 27 22 16 8 4 3 1 0 0 0 0 -2147483648 
-2147483648 8 9 3 4 3 3 3 6 15 13 7 5 11 15 12 9 8 7 7 6 6 1 50 91 50 0 31 63 51 72 31 111 65 19 7 1 0 0 0 0 0 0 4 24 52 66 55 32 15 6 0 0 0 0 0 0 0 0 0 0 0 0 0 0 0 0 0 0 0 0 0 0 0 0 0 0 0 0 12 163 111 164 117 0 0 0 0 0 0 0 3 4 3 0 31 90 149 228 174 98 144 241 255 255 255 232 18 11 19 11 6 8 4 7 16 11 6 8 0 4 3 2 6 11 15 16 14 23 15 14 6 9 13 13 5 5 6 8 7 9 3 8 13 13 16 12 7 10 3 11 4 19 5 10 8 10 7 8 8 16 10 8 12 9 9 15 8 14 6 9 11 9 6 1 3 4 4 7 6 6 1 5 2 6 10 4 2 13 5 5 0 6 95 255 255 87 0 13 33 15 24 4 0 0 0 0 0 0 0 0 0 6 45 20 38 40 76 91 98 65 57 37 42 64 56 42 41 59 77 71 77 82 82 89 94 89 91 89 79 82 82 76 75 66 60 64 60 58 57 53 49 40 31 28 -2147483648 
-2147483648 3 10 3 4 2 0 6 7 3 1 4 6 7 7 7 3 0 5 8 10 12 9 50 96 49 0 26 59 61 75 31 106 58 21 10 3 0 0 0 0 0 23 109 235 255 255 205 148 138 144 148 139 118 94 74 60 48 36 22 10 3 0 0 0 0 0 0 0 0 0 0 0 0 0 0 0 0 0 8 143 110 134 117 17 4 0 0 0 0 0 0 0 0 0 0 0 4 135 242 56 219 74 108 180 255 255 27 13 24 14 6 7 12 11 15 23 11 8 8 7 12 11 6 8 13 10 12 15 5 11 9 10 4 14 13 8 6 8 8 9 12 11 5 11 13 7 11 10 4 10 1 22 3 10 3 4 3 6 10 11 7 3 12 4 3 11 7 15 3 9 4 7 6 9 2 5 4 7 9 10 14 10 6 6 6 4 4 9 9 9 6 8 92 255 255 82 6 57 64 53 28 14 9 3 0 0 0 0 0 0 0 1 26 18 31 71 79 50 55 14 45 6 16 13 58 10 64 7 23 13 24 25 21 24 35 22 29 49 41 46 60 59 57 58 64 71 67 68 71 69 73 71 56 55 -2147483648 
-2147483648 6 7 2 8 6 8 6 4 3 6 8 1 4 9 4 2 2 2 3 2 7 9 55 98 49 0 42 71 57 62 28 102 59 20 14 8 0 0 0 0 27 141 255 255 153 134 112 38 6 19 39 60 87 119 158 195 223 238 242 235 211 173 133 98 61 28 12 4 0 0 0 0 0 0 0 0 0 0 3 133 131 100 132 97 81 52 25 7 2 1 0 0 0 0 0 0 0 75 245 43 237 110 6 106 255 255 35 16 25 16 11 2 3 9 9 20 17 21 10 3 12 7 9 11 11 6 3 3 7 6 9 1 4 0 7 4 10 6 8 11 9 7 9 14 7 14 1 9 8 12 7 20 7 14 15 6 1 3 3 7 6 3 6 6 9 11 7 12 6 16 11 12 12 17 13 12 6 6 9 1 2 1 4 5 9 14 7 8 4 12 11 5 91 255 255 80 15 96 48 84 22 10 12 5 0 0 0 0 0 0 0 0 18 43 37 50 51 8 40 69 64 26 23 20 46 21 63 23 20 13 20 18 8 9 27 5 16 29 8 13 22 16 17 27 33 29 31 24 25 29 36 52 40 36 -2147483648 
-2147483648 9 4 3 7 10 3 0 6 2 7 8 7 6 8 8 8 5 5 5 3 6 8 57 98 48 0 43 76 50 53 23 104 60 19 13 8 0 0 0 8 102 255 231 61 255 255 204 145 138 145 150 140 118 97 81 65 41 25 113 225 255 255 228 203 175 125 78 38 7 0 0 0 0 0 0 0 0 0 11 135 144 61 115 143 139 98 51 18 8 9 12 15 15 14 16 21 23 33 205 116 188 161 47 114 255 255 33 7 19 15 11 6 4 7 1 15 9 8 11 3 12 4 10 7 4 3 6 6 9 0 3 9 4 4 10 9 11 10 12 2 2 6 10 10 9 14 3 1 5 8 8 9 9 10 8 13 6 4 11 9 6 4 4 12 11 15 4 14 8 5 9 4 4 9 4 7 4 8 3 5 4 4 5 3 9 9 14 9 13 10 9 5 96 255 255 80 22 114 10 106 24 15 13 4 0 0 0 0 0 0 1 2 26 53 25 32 42 15 46 66 55 41 20 33 41 33 57 33 21 24 29 13 12 13 22 3 13 25 3 11 15 9 7 16 22 13 31 19 18 20 17 31 27 15 -2147483648 
-2147483648 7 10 2 4 9 3 2 6 3 11 2 10 3 8 3 7 1 9 7 6 4 6 47 99 51 0 30 71 64 67 35 110 58 19 11 4 0 0 0 32 175 245 65 255 251 99 16 3 9 20 39 61 87 121 159 196 225 240 247 173 54 146 130 103 87 62 52 41 10 0 6 19 25 18 8 4 1 0 23 143 141 25 35 21 73 78 51 61 74 79 80 77 83 90 88 87 86 82 167 149 130 183 122 184 255 255 39 17 14 15 11 5 10 11 4 6 8 4 8 9 8 2 4 4 7 13 6 4 6 5 4 3 9 3 4 4 7 6 7 8 9 9 10 3 9 4 8 6 8 8 8 9 7 13 21 19 16 8 19 9 4 3 7 9 3 18 3 18 3 4 2 5 6 7 9 1 4 11 6 1 4 4 4 6 9 8 9 6 7 7 5 3 97 255 255 82 23 117 7 116 22 9 6 1 0 0 0 0 0 13 38 46 35 50 19 23 37 13 51 30 23 48 18 15 11 36 47 51 20 27 31 18 11 15 16 7 4 15 12 10 12 7 6 14 15 6 22 15 13 14 6 16 24 12 -2147483648 
-2147483648 3 9 8 2 7 2 0 4 4 6 7 6 11 6 10 8 6 8 3 6 4 11 42 98 55 0 13 49 65 84 49 104 45 9 3 0 0 0 0 67 211 145 185 239 81 10 0 0 0 0 0 0 0 0 0 4 20 52 213 228 137 255 219 197 165 120 75 29 9 27 48 73 84 94 84 52 16 1 48 149 124 13 52 41 41 70 104 123 127 121 114 112 113 111 110 109 110 123 156 140 88 152 128 208 255 237 29 4 10 14 12 3 11 6 10 4 1 8 7 7 2 9 7 10 8 6 13 7 1 13 11 9 6 3 1 7 11 16 9 10 19 7 0 10 3 11 6 7 14 12 7 10 7 1 14 3 20 11 13 10 3 3 3 8 1 13 7 11 8 4 3 3 6 7 9 4 6 3 4 6 3 6 9 8 2 3 3 12 7 8 8 9 96 255 255 84 22 113 6 113 19 0 0 0 0 0 0 0 0 36 79 74 48 38 20 19 30 16 67 43 34 50 24 14 1 47 22 72 9 22 30 18 6 13 15 3 13 18 8 5 9 4 3 10 8 5 10 8 3 11 3 9 19 12 -2147483648 
-2147483648 6 3 6 9 8 3 6 4 4 6 10 3 16 5 11 9 8 6 3 7 6 15 46 95 58 0 3 21 43 77 37 85 27 0 0 0 0 0 4 111 213 30 218 142 16 0 0 0 0 0 0 0 0 0 0 0 0 14 199 217 136 232 64 1 2 13 38 64 85 96 97 95 99 118 123 108 45 10 90 150 93 21 50 73 110 124 127 117 104 97 94 98 93 81 86 102 119 138 136 106 71 120 87 185 255 176 13 5 14 13 3 3 6 10 3 1 8 9 8 6 3 10 10 6 4 4 11 9 4 13 3 6 6 7 3 3 6 8 11 4 14 16 10 6 12 7 6 10 17 10 11 17 4 6 9 9 4 13 5 9 8 12 12 7 1 6 8 9 14 13 2 6 4 3 9 7 3 4 6 6 6 9 7 4 4 1 4 11 3 16 7 20 94 255 255 89 27 108 8 111 20 0 0 0 0 0 0 0 0 45 81 9 46 22 26 12 25 24 72 43 41 59 26 14 7 42 16 78 21 15 26 10 10 1 8 4 11 6 13 8 1 6 4 4 2 3 4 3 6 10 5 9 9 2 -2147483648 
-2147483648 10 5 6 9 6 6 3 6 11 8 8 9 15 7 9 2 10 4 4 13 9 15 48 95 63 1 0 3 17 63 28 67 11 0 0 0 0 0 15 153 181 85 201 75 0 0 0 0 0 0 0 0 0 0 0 0 0 19 208 208 157 227 51 1 24 64 98 108 101 85 65 56 53 46 76 130 71 25 124 141 62 24 34 75 82 81 78 84 87 90 96 95 95 110 131 143 159 166 152 126 107 134 77 205 203 128 21 19 14 10 3 3 6 3 4 8 9 5 4 4 3 10 13 8 3 3 5 7 3 8 17 9 2 7 4 1 5 9 2 9 10 15 10 1 3 8 5 4 11 9 20 3 10 8 1 6 13 10 6 7 6 1 3 0 1 2 12 14 10 13 6 6 5 2 11 3 8 4 10 9 15 11 3 7 10 12 12 13 6 16 4 25 86 255 255 185 192 120 45 111 20 0 0 0 0 0 0 0 0 31 78 74 53 29 41 60 74 69 62 43 36 64 51 36 26 37 45 78 49 4 24 12 4 9 11 10 7 5 18 8 9 13 10 6 1 1 3 3 5 8 2 6 12 12 -2147483648 
-2147483648 10 6 6 7 1 4 4 13 7 4 6 7 6 7 6 4 4 6 9 9 8 16 41 93 68 3 0 0 11 49 23 47 1 0 0 0 0 0 39 179 124 149 167 37 0 0 0 0 0 0 0 0 0 0 0 0 0 29 224 195 176 222 47 9 67 117 111 78 48 32 30 27 23 20 52 143 84 44 161 140 40 21 28 84 75 86 84 81 89 93 97 105 122 150 164 171 179 177 175 160 162 188 72 248 176 85 28 9 7 6 2 1 9 3 8 8 2 7 13 8 3 6 0 10 8 6 4 7 6 10 8 15 6 4 10 10 4 10 4 6 6 11 3 10 10 10 6 6 14 4 10 12 3 5 1 7 4 4 4 11 7 6 3 4 4 7 11 17 13 11 4 7 5 4 12 8 2 8 3 3 3 11 4 8 4 3 5 11 14 20 12 17 76 255 255 191 206 136 91 108 24 4 5 3 0 0 0 0 0 8 31 48 41 31 35 54 56 59 51 28 21 51 70 75 76 66 54 84 66 64 93 104 91 79 74 71 66 62 55 49 48 38 32 23 14 10 2 5 3 10 10 15 23 26 -2147483648 
-2147483648 8 9 7 8 6 6 6 8 10 7 6 7 4 6 6 3 3 6 10 15 13 14 34 89 69 4 0 0 4 36 7 36 0 0 0 0 0 1 77 195 55 183 129 11 0 0 0 0 0 0 0 0 0 0 0 0 0 49 240 179 184 222 55 34 122 151 104 83 73 67 59 34 4 21 34 141 90 82 211 129 42 24 42 115 90 87 96 99 106 118 131 152 171 177 184 191 188 183 171 150 187 248 33 255 181 40 16 13 9 7 4 3 11 1 4 3 9 17 11 12 1 7 10 4 12 8 2 4 7 11 17 10 11 10 2 13 9 7 10 7 8 5 7 3 7 6 7 12 13 16 16 9 12 11 13 6 7 7 11 4 17 12 11 6 6 10 8 13 14 6 2 8 4 6 4 4 10 7 6 7 3 12 13 10 4 10 10 17 3 9 6 12 69 255 198 53 74 125 110 108 22 19 20 14 1 0 0 0 0 0 0 1 18 23 18 23 1 4 5 3 3 10 18 26 39 42 29 74 62 81 78 94 103 104 104 103 104 107 104 100 105 107 103 98 97 98 94 84 74 65 59 61 54 39 -2147483648 
-2147483648 12 1 4 6 4 6 7 4 5 3 4 4 3 4 7 8 1 7 5 10 10 5 31 92 66 3 0 0 3 36 6 36 0 0 0 0 0 11 119 195 25 200 91 1 0 0 0 0 0 0 0 0 0 0 4 23 64 133 244 155 163 230 175 177 191 150 86 90 104 103 100 103 90 56 43 128 86 150 240 95 63 34 51 140 74 57 77 108 131 150 170 174 171 172 181 178 163 148 138 135 196 255 75 255 222 18 10 19 2 4 10 8 7 1 3 2 13 8 11 11 7 5 13 9 10 9 2 4 3 6 11 13 9 8 11 7 5 8 7 6 6 10 9 9 6 6 3 7 13 18 4 19 12 4 18 3 10 10 7 9 17 8 6 3 7 5 8 2 12 6 6 10 7 6 10 8 15 7 14 4 7 10 8 4 8 3 8 14 3 13 6 11 63 255 238 96 99 81 107 115 12 29 22 26 2 0 0 0 0 0 0 0 16 24 16 24 0 0 0 0 0 0 0 0 0 0 0 47 46 46 38 6 14 21 26 30 34 38 42 45 50 58 65 72 77 81 88 91 91 92 92 94 95 91 -2147483648 
-2147483648 10 10 6 6 6 4 10 3 2 3 3 3 3 3 4 7 6 5 9 3 3 14 46 95 55 1 0 0 3 40 4 40 0 0 0 0 0 29 160 173 98 197 54 9 12 12 10 6 3 1 0 6 21 53 105 152 180 194 207 118 112 183 196 199 163 103 70 67 71 80 95 119 145 155 154 182 182 224 219 75 87 50 57 159 86 77 112 132 142 150 156 152 151 148 132 112 99 89 83 91 174 255 181 255 255 5 10 16 11 9 4 8 0 7 8 11 8 13 12 2 4 9 7 1 4 6 1 5 4 5 4 7 4 2 1 2 2 4 3 6 6 2 3 12 14 3 3 1 6 17 9 24 1 6 13 4 9 10 4 9 9 11 7 8 4 5 1 7 3 6 10 7 9 2 5 6 12 8 15 2 8 5 6 12 9 2 8 9 4 10 9 9 61 255 255 3 23 54 114 123 13 34 23 33 1 0 0 0 0 0 0 0 15 26 15 26 0 0 0 0 0 0 0 0 0 0 0 22 52 18 51 1 0 0 0 0 0 0 0 0 0 0 0 0 0 1 4 11 18 25 30 33 36 39 -2147483648 
-2147483648 4 10 10 6 5 3 10 4 3 7 9 4 3 6 3 7 19 21 12 17 43 69 91 84 32 0 0 0 1 41 1 41 3 0 0 0 1 56 192 138 138 169 79 105 110 105 102 96 81 74 78 100 143 183 201 192 156 118 127 72 62 80 61 61 54 48 43 32 35 44 52 66 87 118 160 212 236 222 163 75 106 67 60 186 148 128 129 117 106 105 106 109 105 83 61 51 50 49 45 52 138 255 255 160 255 76 23 10 19 6 11 5 3 9 6 11 9 10 6 6 7 1 10 9 3 6 6 8 6 4 7 9 9 6 3 1 2 2 6 7 8 4 2 6 5 9 8 3 4 11 6 16 8 4 8 5 4 6 5 7 3 4 5 11 8 14 6 7 6 10 10 5 7 4 9 4 5 8 8 11 6 9 4 12 4 8 10 5 3 4 9 6 63 255 255 51 80 93 136 115 18 22 29 31 1 0 0 0 0 0 0 0 16 24 13 24 4 0 0 0 0 0 0 0 0 0 0 4 63 18 67 14 0 0 0 0 0 0 0 0 0 0 0 0 0 0 0 0 0 0 0 0 0 0 -2147483648 
-2147483648 3 9 13 16 7 3 5 6 2 7 9 8 4 4 6 14 24 40 64 89 101 92 71 37 8 0 0 0 0 35 10 35 6 0 0 0 6 92 215 110 132 154 161 170 171 172 169 173 175 173 182 192 191 168 128 87 59 51 99 55 56 55 26 29 31 28 19 20 32 33 32 32 30 30 48 83 109 101 71 57 103 70 52 223 186 105 95 95 78 71 74 64 48 33 22 27 24 21 25 32 97 255 255 19 255 173 11 13 12 14 10 9 4 3 10 8 7 5 3 6 4 10 6 9 6 11 8 11 1 6 9 4 6 1 6 3 3 6 10 12 6 0 8 4 1 4 15 3 9 9 8 9 6 5 6 4 5 4 3 2 8 9 7 4 4 13 6 12 8 5 4 11 8 1 8 6 5 10 4 3 6 3 6 7 7 10 14 5 9 3 12 8 63 255 249 57 47 108 156 100 7 6 29 25 2 0 0 0 0 0 0 1 20 20 11 22 11 0 0 0 0 0 0 0 0 0 0 0 65 34 69 35 0 0 0 0 0 0 0 0 0 0 0 0 0 0 0 0 0 0 0 0 0 0 -2147483648 
-2147483648 5 6 7 13 6 1 3 4 2 8 0 7 12 22 37 57 73 84 90 84 59 31 13 3 0 0 0 0 0 25 13 25 10 0 4 20 51 141 213 79 89 101 111 92 86 96 100 111 131 139 139 124 93 59 42 39 31 27 90 44 57 47 17 28 29 22 19 24 29 21 18 11 13 8 3 13 11 4 19 44 97 79 42 249 208 68 78 82 65 64 60 34 24 31 37 35 31 26 22 23 60 236 255 151 255 255 39 1 9 10 0 8 9 8 10 6 9 6 6 3 8 16 17 10 8 15 17 17 7 10 3 8 7 6 12 7 10 11 11 16 11 13 11 11 6 3 9 16 15 17 18 20 12 11 7 1 6 0 2 3 9 15 2 4 3 9 10 4 15 9 9 5 6 6 9 1 7 11 13 4 5 9 4 3 10 1 16 11 4 9 9 2 67 255 255 81 78 106 162 98 14 12 27 19 1 0 0 0 0 0 0 2 19 20 4 22 15 0 0 0 0 0 0 0 0 0 0 0 57 59 61 60 0 0 0 0 0 0 0 0 0 0 0 0 0 0 0 0 0 0 0 0 0 0 -2147483648 
-2147483648 10 7 5 9 10 6 8 10 5 9 12 26 51 75 91 92 81 59 35 16 4 0 0 0 0 0 0 0 0 16 21 21 29 36 72 113 137 170 174 38 50 20 20 22 30 31 39 39 39 45 43 35 32 27 23 17 13 24 82 43 63 46 15 35 25 20 22 20 27 13 7 3 8 10 6 14 4 19 50 67 116 100 31 255 239 76 58 59 55 53 34 13 16 22 27 32 29 16 12 11 31 174 255 255 177 255 65 8 3 9 6 10 13 10 0 5 10 6 5 6 6 4 8 7 11 11 17 12 6 6 2 7 8 8 11 13 5 7 8 7 6 11 4 8 9 12 11 11 13 17 10 17 10 6 13 2 4 8 3 11 7 17 6 8 4 8 13 3 11 7 6 3 6 6 10 7 9 4 8 8 8 7 4 9 13 18 12 9 6 7 8 7 70 255 255 85 124 86 151 106 16 14 25 10 0 0 0 0 0 0 0 1 15 24 6 26 19 0 0 0 0 0 0 0 0 0 0 0 46 87 50 89 3 0 0 0 0 0 0 0 0 0 0 0 0 0 0 0 0 0 0 0 0 0 -2147483648 
-2147483648 3 7 6 7 13 6 6 14 28 49 69 84 90 83 65 42 21 6 0 0 0 0 0 0 0 0 0 0 0 15 53 69 103 132 154 153 125 122 114 13 42 8 9 18 22 22 25 25 19 16 21 22 20 19 25 19 15 27 71 44 65 48 34 34 24 22 26 23 20 6 8 4 9 15 18 44 75 115 135 122 162 131 38 255 255 76 56 62 47 25 11 10 16 16 13 13 7 3 6 0 12 114 255 255 118 255 76 12 4 6 10 11 4 1 3 6 10 6 9 15 22 20 13 7 7 4 10 6 3 3 10 15 14 8 9 19 13 9 7 3 2 5 9 1 1 8 7 2 3 13 10 12 7 16 11 6 6 12 7 14 4 15 9 10 8 11 12 3 7 6 4 1 5 5 9 6 7 10 4 6 13 5 4 11 9 13 8 9 10 2 8 4 66 255 255 19 108 57 124 112 20 14 16 3 0 0 0 0 0 0 0 0 9 25 14 25 20 0 0 0 0 0 0 0 0 0 0 0 29 108 17 107 10 0 0 0 0 0 0 0 0 0 0 0 0 0 0 0 0 0 0 0 0 0 -2147483648 
-2147483648 9 9 9 11 19 29 40 59 80 88 81 68 48 24 7 1 0 0 0 0 0 0 0 0 0 0 0 7 28 69 118 132 144 142 116 71 36 77 73 29 30 14 16 18 10 15 11 14 17 16 19 16 18 24 27 22 18 20 65 48 57 53 32 31 22 15 10 4 8 3 4 8 23 42 67 104 123 124 107 109 198 173 30 255 255 75 59 48 21 9 16 18 18 18 10 10 10 12 13 7 8 65 255 255 77 255 80 17 9 11 3 13 3 9 11 12 16 4 10 15 9 7 8 7 9 9 10 6 3 9 13 4 7 8 5 7 13 9 6 4 1 4 0 4 12 8 7 7 4 11 15 9 16 16 7 6 11 7 7 7 10 6 8 5 6 7 5 7 7 4 6 9 6 6 2 1 6 4 4 5 11 6 1 13 5 6 5 8 7 5 8 8 66 255 255 51 86 55 96 112 26 15 8 0 0 0 0 0 0 0 0 0 4 22 15 22 16 0 0 0 0 0 0 0 0 0 0 0 10 102 24 100 20 0 0 0 0 0 0 0 0 0 0 0 0 0 0 0 0 0 0 0 0 0 -2147483648 
-2147483648 13 13 20 40 62 79 87 83 69 50 28 12 3 0 0 0 0 0 0 0 0 0 0 0 1 9 31 70 112 139 140 118 85 62 40 19 12 82 46 34 19 7 9 11 11 11 10 8 4 6 8 10 14 17 9 10 16 18 74 57 43 44 17 20 3 6 11 11 9 1 6 31 79 114 121 119 108 95 92 108 219 226 11 255 255 64 26 21 11 16 27 28 25 14 5 12 6 4 9 12 11 41 210 255 85 232 77 22 13 9 11 3 9 5 3 6 7 16 9 10 6 10 7 10 13 9 6 6 6 14 6 3 6 9 11 13 14 7 6 6 4 2 3 8 3 6 3 9 6 8 7 11 17 13 14 8 10 11 3 9 16 8 6 8 11 10 5 9 4 6 8 4 4 9 6 13 13 11 7 9 3 4 9 11 0 3 9 8 5 6 4 8 67 255 255 78 65 48 73 112 31 10 7 3 0 0 0 0 0 0 0 0 0 17 18 18 18 0 0 0 0 0 0 0 0 0 0 0 1 74 44 71 35 0 0 0 0 0 0 0 0 0 0 0 0 0 0 0 0 0 0 0 0 0 -2147483648 
-2147483648 22 40 62 73 70 60 47 30 13 4 0 0 0 0 0 0 0 0 0 0 0 0 6 19 39 73 115 138 134 107 74 62 39 32 17 25 29 89 16 36 8 9 14 17 14 8 12 14 13 13 16 19 16 8 10 14 0 20 75 55 36 35 4 11 11 6 5 11 14 31 69 107 136 134 119 119 111 98 91 84 226 255 40 255 255 66 20 24 21 19 20 19 21 14 6 16 3 10 9 6 16 21 146 255 116 181 59 25 9 11 9 6 6 7 1 1 5 3 7 8 5 14 11 16 9 4 4 6 4 8 4 0 8 13 15 3 4 8 8 9 4 4 3 10 4 3 10 4 11 8 5 1 16 5 8 4 11 9 13 11 10 13 13 19 18 18 13 16 11 7 1 6 3 7 12 8 1 8 8 8 4 3 11 3 8 7 6 4 4 6 6 11 66 255 255 79 105 60 80 111 39 6 4 5 0 0 0 0 0 0 0 0 0 10 25 8 23 1 0 0 0 0 0 0 0 0 0 0 0 40 58 36 55 1 0 0 0 0 0 0 0 0 0 0 0 0 0 0 0 0 0 0 0 0 -2147483648 
-2147483648 59 68 60 43 21 7 0 0 0 0 0 0 0 0 0 0 0 0 0 0 10 33 62 88 106 123 124 98 71 45 31 45 28 20 33 33 54 81 16 29 6 10 13 18 16 13 11 15 16 22 24 15 1 10 4 29 41 32 59 46 29 30 3 7 6 16 33 50 75 110 138 143 128 106 102 114 100 80 64 62 230 255 72 255 255 90 33 28 17 15 18 9 6 16 10 16 4 7 4 9 18 29 71 245 133 116 37 21 5 10 10 0 7 10 8 6 3 6 8 4 3 9 21 17 18 3 5 1 2 2 5 6 9 5 10 5 9 10 4 2 9 11 10 16 13 5 11 3 9 15 7 5 17 2 3 6 7 0 4 5 6 14 13 8 8 14 8 7 9 10 9 2 9 15 16 4 1 5 6 6 8 10 4 7 7 11 10 12 9 2 6 8 64 255 255 87 124 75 112 104 43 10 5 4 0 0 0 0 0 0 0 0 0 3 28 11 30 7 0 0 0 0 0 0 0 0 0 0 0 17 69 13 72 11 0 0 0 0 0 0 0 0 0 0 0 0 0 0 0 0 0 0 0 0 -2147483648 
-2147483648 42 30 13 4 0 0 0 0 0 0 0 0 0 0 0 0 0 4 16 43 79 106 118 112 97 84 58 37 38 27 26 28 23 11 41 41 76 65 31 15 14 13 17 18 17 16 13 16 16 11 3 3 15 32 44 44 26 13 47 49 20 29 6 7 12 42 72 102 131 135 116 96 93 97 92 87 65 53 42 62 228 255 108 255 255 123 25 18 14 13 4 16 25 16 3 9 10 20 17 12 35 10 30 180 153 51 27 9 2 3 12 8 7 6 14 12 6 6 9 8 10 4 11 7 15 6 3 1 3 3 1 9 3 4 8 3 7 12 11 13 12 16 19 13 13 13 14 10 9 9 13 8 15 6 12 8 4 4 2 1 4 3 12 10 13 6 3 9 10 5 16 3 11 10 4 3 3 6 5 8 6 2 4 7 9 13 4 3 7 7 10 12 60 255 255 30 61 68 122 105 41 13 2 1 0 0 0 0 0 0 0 0 0 1 35 16 36 13 0 0 0 0 0 0 0 0 0 0 0 7 75 19 77 25 0 0 0 1 2 1 1 3 5 5 4 4 3 3 5 5 5 9 10 6 -2147483648 
-2147483648 7 1 0 0 0 0 0 0 0 0 0 0 0 0 1 10 27 56 86 113 120 99 74 50 36 37 30 34 37 16 20 20 10 24 34 29 89 46 39 15 20 21 25 20 16 19 29 27 11 16 19 31 42 44 32 9 16 23 36 53 17 24 7 24 54 95 111 105 97 86 86 97 96 76 60 50 21 9 3 42 209 255 152 229 255 146 4 15 7 6 15 17 3 6 13 18 13 3 14 29 17 25 30 125 167 50 20 8 14 18 19 14 8 11 10 16 11 4 15 6 13 5 5 6 6 9 7 4 3 3 6 7 7 6 8 6 10 13 13 3 2 5 6 4 4 14 20 16 8 8 13 10 13 14 9 9 15 13 7 4 1 7 9 9 3 8 12 13 13 9 20 16 11 8 8 6 4 3 13 16 9 4 6 10 12 6 8 13 17 15 13 13 60 255 255 137 178 135 110 104 35 7 0 0 0 0 0 0 0 0 0 0 0 2 36 13 36 14 0 0 0 0 0 0 0 0 0 0 0 1 66 41 65 40 0 0 0 2 3 7 8 5 10 14 18 21 20 10 6 9 11 10 9 11 -2147483648 
-2147483648 0 0 0 0 0 0 0 0 0 0 0 0 4 19 39 67 93 106 105 95 65 34 28 16 17 35 30 27 17 5 20 13 6 10 35 8 96 33 39 26 23 21 26 24 20 10 3 4 21 43 35 23 16 6 11 13 14 17 32 45 16 9 41 79 104 105 86 67 72 81 89 91 67 44 38 26 6 6 13 32 183 255 199 199 255 169 8 20 8 7 4 11 18 18 21 13 7 12 21 18 26 35 21 73 162 107 12 8 13 5 11 9 5 9 7 15 11 10 9 9 3 14 14 5 2 2 3 7 7 7 10 7 10 7 7 10 10 3 13 4 4 1 0 4 14 23 9 14 13 9 11 10 9 11 9 3 7 11 4 4 4 8 7 11 10 12 11 9 6 11 6 20 16 13 12 12 5 5 8 7 13 13 6 1 3 2 4 16 21 16 12 14 68 255 255 104 111 126 108 80 20 1 0 0 0 0 0 0 0 0 0 0 0 1 29 17 28 15 0 0 0 0 0 0 0 0 0 0 0 0 43 59 41 59 3 0 4 9 13 16 13 10 16 10 13 16 21 14 6 9 6 1 6 2 -2147483648 
-2147483648 0 0 0 0 0 0 0 0 0 3 9 20 42 72 90 100 91 66 51 38 17 14 33 32 37 48 35 18 6 23 17 3 9 11 35 48 95 15 25 40 38 31 29 15 7 4 16 37 52 48 31 11 4 2 2 4 10 13 22 38 43 54 107 114 95 75 55 51 77 75 57 48 29 27 27 14 9 12 13 11 155 255 238 157 255 198 9 18 17 11 8 6 6 3 9 9 6 16 16 20 29 16 14 34 130 136 28 1 14 18 14 7 4 10 3 9 7 7 8 4 15 6 7 5 6 8 6 11 13 9 12 16 13 9 11 12 8 4 13 18 11 8 10 16 21 8 3 11 14 13 17 17 4 10 3 3 6 9 4 4 3 7 8 10 15 10 5 4 4 6 10 15 18 15 19 17 13 8 6 4 6 1 8 12 10 11 14 19 13 8 6 13 66 255 255 133 14 43 47 27 4 0 0 0 0 0 0 0 0 0 0 0 0 0 20 20 20 20 0 0 0 0 0 0 0 0 0 0 0 0 23 77 22 80 13 0 7 10 13 9 11 15 13 7 11 7 14 14 13 10 8 5 3 3 -2147483648 
-2147483648 0 0 0 0 0 0 0 0 3 20 43 54 64 78 60 47 30 12 29 25 22 34 39 32 37 38 27 28 32 35 22 21 21 22 34 77 74 9 15 24 32 30 13 9 9 36 67 60 32 15 13 21 4 5 7 2 11 29 24 57 67 145 122 91 68 63 62 69 81 56 36 35 35 27 11 10 20 18 22 27 120 255 255 105 255 227 27 31 29 28 20 11 9 8 17 23 16 13 4 17 10 3 15 27 115 146 36 6 6 8 13 18 21 17 13 11 7 10 6 13 10 6 7 4 6 7 14 10 8 13 15 15 16 14 10 10 12 11 16 22 23 18 16 14 10 9 14 10 8 12 13 9 13 17 16 13 11 10 14 16 13 9 5 11 17 17 19 15 14 16 14 11 10 6 7 9 12 20 18 15 13 10 10 9 12 17 20 13 8 4 7 12 62 255 255 148 22 0 0 0 0 0 0 0 0 0 0 0 0 0 0 0 0 0 21 22 21 21 0 0 0 0 0 0 0 0 0 0 0 1 11 82 16 83 28 0 8 11 9 6 2 4 6 3 7 8 14 6 4 1 11 3 7 7 -2147483648 
-2147483648 0 0 0 0 0 0 0 1 6 28 39 18 26 47 32 36 31 15 37 40 42 48 41 31 30 26 24 23 27 26 20 22 15 30 19 85 52 11 26 20 7 8 9 24 50 54 31 11 30 42 44 34 30 29 21 22 51 75 78 111 19 186 163 71 73 75 81 94 83 53 43 40 31 17 10 18 10 2 1 13 101 255 255 51 255 255 40 33 27 24 24 21 18 21 21 21 25 15 11 17 6 6 22 50 121 137 32 12 12 14 26 26 15 7 8 14 17 24 29 18 6 11 15 12 9 10 13 3 5 10 7 3 10 13 10 11 15 18 18 19 22 19 15 12 6 5 13 6 7 7 8 1 15 18 9 6 10 13 10 10 16 16 7 13 11 14 14 15 14 11 6 10 8 4 8 9 17 16 12 13 12 11 6 6 9 17 15 14 9 3 4 11 57 255 255 153 23 0 0 0 0 0 0 0 0 0 0 0 0 0 0 0 0 0 27 27 30 25 0 0 0 0 0 0 0 0 1 4 11 16 10 64 43 66 45 16 17 14 9 7 6 10 10 9 16 20 18 15 16 12 14 7 6 11 -2147483648 
-2147483648 0 0 0 0 0 0 0 2 4 24 46 53 60 76 67 48 42 45 54 45 34 30 28 33 32 24 23 20 21 27 20 19 22 43 16 85 42 23 33 9 16 8 21 25 7 33 54 60 58 50 46 39 27 16 46 64 84 87 102 158 141 180 213 145 120 61 30 44 27 31 38 35 20 26 22 4 8 12 13 13 106 255 255 19 255 255 19 6 34 19 14 13 10 7 7 9 12 11 25 6 26 24 31 57 113 117 38 23 24 18 17 7 12 8 8 12 16 16 12 14 12 17 13 16 18 15 13 12 11 3 6 1 6 4 7 7 6 2 7 6 10 11 9 12 13 3 10 2 3 4 7 11 10 3 9 3 4 9 9 8 7 10 5 12 4 1 4 2 7 8 6 10 8 6 12 10 10 4 7 6 4 3 3 11 9 10 7 3 4 6 3 6 51 255 255 153 21 0 0 0 0 0 0 0 0 0 0 0 0 0 0 0 0 0 34 40 38 38 0 0 0 0 0 1 4 8 21 37 49 53 49 39 58 47 60 35 35 30 22 13 16 6 7 9 10 8 4 7 10 8 6 3 6 8 -2147483648 
-2147483648 0 0 0 0 0 0 0 1 3 10 22 31 34 41 60 74 83 71 50 35 28 18 11 16 14 12 14 17 21 16 13 23 27 57 38 83 31 27 23 22 12 20 10 48 74 88 91 93 85 66 48 32 27 61 85 88 82 82 93 149 183 127 204 199 109 176 185 209 206 209 217 218 205 212 234 247 251 244 234 225 204 253 255 20 255 255 187 130 38 12 6 10 6 13 9 7 23 20 12 30 36 19 23 37 105 123 56 14 12 10 3 6 10 12 5 9 7 6 3 8 12 7 1 8 11 13 17 20 21 17 6 8 7 11 1 3 4 6 12 16 7 5 3 7 13 14 5 5 9 4 7 4 4 4 6 12 13 8 6 3 8 4 12 8 4 3 9 7 14 11 13 11 13 13 13 3 2 6 5 8 2 4 10 10 2 8 9 4 4 8 9 7 58 255 255 153 20 0 0 0 0 0 0 0 0 0 0 0 0 0 0 0 0 0 41 44 41 44 0 0 0 1 2 3 13 29 57 76 82 83 85 46 51 16 52 41 36 31 25 17 18 10 4 9 4 3 5 2 14 16 17 19 13 11 -2147483648 
-2147483648 0 0 0 0 0 0 0 0 0 1 11 38 76 113 132 118 86 54 34 31 26 15 14 14 6 4 13 22 24 20 27 40 41 65 56 82 34 37 17 40 15 27 52 61 53 48 47 48 39 40 37 46 73 88 85 69 54 72 54 44 74 73 213 255 255 255 238 248 255 255 255 255 255 255 255 255 255 255 255 255 255 255 206 46 255 255 255 255 255 213 86 18 31 39 33 26 27 6 20 43 20 10 12 23 99 146 66 3 5 9 19 8 6 12 3 2 16 18 14 9 8 9 11 11 9 9 12 11 10 18 20 19 19 13 4 4 14 22 16 8 8 4 6 11 6 10 10 4 5 7 4 3 9 3 6 14 3 13 6 6 7 11 4 0 8 15 12 7 13 16 15 13 10 12 12 9 7 6 9 9 9 9 9 8 8 11 3 6 10 4 13 8 62 255 255 158 19 0 0 0 1 2 1 0 0 0 0 0 0 0 0 0 0 0 42 42 43 41 0 0 0 2 1 4 27 52 69 67 65 74 86 69 17 23 24 48 43 35 36 38 30 18 11 2 1 4 5 11 23 22 25 25 25 34 -2147483648 
-2147483648 0 0 0 0 0 0 0 3 20 57 100 132 146 138 114 80 46 32 27 26 17 10 18 22 24 28 44 54 54 58 67 60 67 66 63 77 30 10 44 68 57 65 65 51 42 37 25 8 31 35 27 51 94 86 51 47 56 73 23 60 112 122 103 255 255 205 96 117 141 152 170 194 207 203 185 170 160 152 144 146 152 121 88 79 255 255 255 252 230 227 217 227 240 235 204 165 122 93 85 63 39 30 4 46 133 149 42 11 8 11 13 6 4 10 8 3 14 2 10 4 1 2 2 6 13 15 4 5 11 1 13 11 12 10 14 21 24 15 19 9 10 6 11 6 7 4 8 6 7 4 1 6 8 8 6 9 9 10 8 10 4 5 9 2 9 10 13 16 10 6 12 9 3 1 9 8 8 3 6 9 11 6 11 9 1 7 5 4 17 8 8 7 54 255 255 163 19 1 2 1 3 2 3 0 0 0 0 0 0 0 0 0 0 0 35 41 34 39 0 0 0 1 3 5 34 60 54 39 43 44 73 91 7 39 37 40 45 42 36 38 39 31 12 2 4 0 12 28 30 26 29 31 38 51 -2147483648 
-2147483648 0 0 0 0 0 0 0 17 71 126 143 131 106 72 43 30 21 21 16 20 18 18 30 40 52 65 78 73 71 72 59 38 84 52 62 52 29 58 83 85 74 86 93 90 82 70 52 44 40 33 26 51 107 104 66 74 83 58 20 69 100 112 151 169 164 170 179 183 185 177 166 149 113 69 28 10 13 25 34 37 33 40 44 87 255 255 255 255 255 255 255 255 255 255 255 255 255 255 255 244 199 155 148 255 255 172 47 14 14 3 6 4 15 19 16 6 8 8 11 14 7 7 9 14 16 13 1 7 13 13 6 4 0 8 7 6 8 11 14 6 7 8 16 20 11 6 7 10 14 10 7 1 9 1 9 12 8 9 18 19 13 10 12 13 11 9 8 13 18 16 12 11 16 11 6 9 7 4 10 13 11 1 11 8 1 6 6 9 17 4 5 6 52 255 255 162 18 14 24 25 15 4 3 0 0 0 0 0 0 0 0 0 0 0 26 40 24 40 3 0 0 0 1 6 31 64 74 64 64 62 102 86 21 56 47 23 26 25 32 32 34 36 17 4 7 7 24 41 44 43 44 47 56 65 -2147483648 
-2147483648 0 0 0 0 0 0 0 39 110 130 89 56 39 28 20 22 25 13 18 27 31 48 60 64 64 67 64 43 36 27 15 33 96 19 52 21 67 85 83 64 41 38 39 34 18 23 50 63 65 80 114 154 158 119 84 66 47 13 2 42 96 117 145 180 181 158 171 203 230 251 255 255 240 218 185 167 154 135 109 90 85 67 62 101 70 212 205 187 181 176 173 174 178 196 220 255 255 255 255 255 255 255 255 255 255 198 90 35 35 30 21 14 6 7 13 9 10 6 4 13 15 21 23 15 5 16 11 10 13 17 13 8 6 5 5 6 6 8 13 7 6 7 14 17 16 14 13 10 3 8 4 7 16 8 5 8 11 10 10 7 11 1 1 7 13 12 1 14 4 12 6 6 5 14 5 3 9 11 16 14 18 5 12 13 14 13 9 9 20 3 8 9 53 255 255 156 15 19 14 13 17 11 1 0 0 0 0 0 0 0 0 0 0 0 26 46 24 46 6 0 0 0 0 1 13 42 73 96 113 128 123 40 69 59 34 11 20 21 37 44 31 28 20 6 6 16 36 50 46 43 43 44 54 62 -2147483648 
-2147483648 0 1 2 1 0 0 0 55 129 125 58 28 21 21 28 40 31 23 40 44 51 66 60 52 48 41 32 19 11 8 26 75 94 24 30 68 71 58 50 28 10 33 46 73 105 133 145 148 159 177 179 156 109 73 54 24 23 18 18 16 14 31 34 13 63 32 25 27 33 46 71 92 94 72 35 21 56 85 99 114 118 106 112 146 17 164 155 142 158 179 189 181 178 168 148 114 67 15 29 75 149 239 255 249 141 241 116 28 25 30 23 10 9 3 13 21 9 3 6 4 3 12 10 4 4 9 17 6 9 11 9 11 10 6 4 9 6 4 10 9 11 7 4 5 9 13 16 10 3 6 10 19 11 13 8 11 3 1 6 7 9 1 4 4 12 9 12 9 14 3 4 4 3 12 11 19 15 10 13 14 25 16 17 14 11 9 16 10 17 9 12 14 49 255 255 154 17 17 22 22 16 12 0 0 0 0 0 0 0 0 0 0 0 0 29 59 27 60 11 0 0 0 0 0 0 6 19 41 64 64 28 68 96 49 24 16 25 39 52 62 43 29 20 10 5 19 38 58 52 49 45 48 59 63 -2147483648 
-2147483648 32 41 38 25 7 0 11 82 153 132 51 32 32 32 40 55 55 63 72 68 67 57 36 28 26 20 7 7 13 36 62 102 62 46 24 73 35 22 20 9 23 41 74 108 123 126 125 128 134 127 107 83 60 44 33 11 4 14 13 21 7 10 20 44 66 39 41 81 130 178 206 220 217 198 176 159 149 144 128 111 89 57 77 155 18 247 250 208 218 250 255 255 255 255 255 255 255 255 228 207 173 123 112 117 112 230 114 7 10 14 15 9 16 16 18 16 17 12 8 6 9 11 18 32 26 3 16 3 9 7 9 20 18 16 8 7 3 1 6 10 6 6 3 3 5 6 3 11 15 12 8 12 11 13 16 6 3 3 6 4 6 8 7 9 12 3 13 2 18 6 7 6 3 6 15 12 7 3 9 3 16 17 16 6 9 8 20 13 7 9 11 3 46 255 255 157 21 4 8 6 6 8 0 0 0 0 0 0 0 0 0 0 0 0 26 66 8 66 18 0 0 0 0 0 0 0 1 7 12 16 41 85 74 23 0 11 16 24 49 65 56 35 17 16 7 22 42 69 59 46 52 63 71 79 -2147483648 
-2147483648 123 133 140 135 113 111 131 172 180 115 50 45 53 53 56 64 66 75 74 59 47 32 24 27 16 9 24 42 58 79 91 98 31 54 33 60 13 1 13 42 56 74 91 98 100 103 102 99 98 83 61 43 31 21 15 9 3 9 0 20 11 14 11 32 41 51 78 118 165 190 183 159 139 131 125 129 142 143 137 137 127 104 63 136 3 255 255 79 83 101 104 124 132 129 122 126 137 157 173 180 193 217 241 253 216 195 90 17 21 13 12 1 11 16 10 5 11 9 12 11 16 11 37 39 61 34 13 2 6 7 15 4 9 10 10 2 3 11 15 6 9 3 7 8 13 6 0 5 10 14 5 9 10 16 15 15 11 10 10 8 3 7 10 11 3 4 6 11 20 3 3 4 6 6 6 3 7 7 4 10 5 13 7 4 10 6 17 8 2 11 7 8 52 250 255 156 27 6 7 5 7 4 0 0 0 0 0 0 0 0 0 0 0 0 17 66 13 65 30 0 0 0 0 0 0 7 30 69 108 132 124 87 37 26 24 10 9 7 39 63 68 41 21 19 9 20 49 80 71 58 45 34 45 51 -2147483648 
-2147483648 156 148 152 172 178 187 194 175 128 74 49 53 64 65 64 64 53 44 32 18 18 20 12 4 26 45 61 76 91 94 88 58 49 50 48 51 6 25 46 63 60 70 83 90 102 99 89 80 62 41 24 14 9 3 4 11 12 15 13 8 17 20 27 54 70 103 127 137 129 101 66 36 26 20 22 29 29 27 37 52 60 66 11 120 21 255 255 58 44 62 59 59 38 31 23 20 41 51 61 57 31 35 56 68 8 89 56 8 14 14 13 9 3 7 1 3 7 12 13 9 7 6 39 33 44 54 20 6 6 7 8 6 6 9 12 14 9 21 13 16 7 16 11 7 5 11 1 6 5 7 15 14 8 6 4 9 11 13 10 13 15 17 15 10 8 10 8 5 11 1 3 3 5 5 11 10 7 13 7 13 4 11 4 7 7 6 9 16 8 12 9 13 56 250 255 153 29 8 13 10 11 1 0 0 0 0 0 0 0 0 0 0 0 0 7 63 35 63 42 1 0 0 0 0 3 19 55 99 130 150 164 154 123 90 67 49 36 29 42 64 71 43 18 10 3 9 35 66 57 66 87 89 93 92 -2147483648 
-2147483648 103 88 78 92 106 108 99 88 79 65 57 53 52 49 44 43 30 20 13 11 12 4 33 49 73 83 82 87 76 63 50 23 58 62 47 19 51 64 65 59 51 68 86 81 78 67 50 40 24 9 5 8 8 11 13 13 18 23 25 18 20 33 68 102 122 141 142 118 68 30 17 16 28 44 48 58 61 57 59 75 106 131 97 150 68 255 255 71 54 80 86 87 80 67 61 73 95 98 90 76 74 110 150 158 119 132 81 17 19 21 17 17 15 12 9 13 18 15 14 10 3 9 25 53 9 46 34 13 16 14 6 7 9 13 11 16 13 12 13 11 9 13 8 9 6 9 12 19 14 6 6 7 5 7 6 4 7 14 13 16 22 15 7 9 6 7 10 8 8 11 13 6 10 10 10 18 9 9 11 13 5 13 11 11 4 6 2 11 13 13 14 16 55 247 255 152 28 18 19 24 11 0 0 0 0 0 0 0 0 0 0 0 0 0 1 65 48 61 50 6 0 0 0 1 14 37 72 110 101 76 87 113 137 136 104 58 36 44 61 61 60 49 18 4 12 23 45 69 48 28 18 40 63 60 -2147483648 
-2147483648 63 59 62 65 69 70 67 69 72 65 49 35 23 21 23 24 13 7 3 4 19 55 70 69 78 78 72 62 33 21 20 16 54 82 45 48 69 59 57 65 82 99 91 67 49 44 18 18 27 18 16 17 27 33 33 36 35 31 23 15 28 58 103 136 143 132 102 52 16 8 15 19 26 34 39 45 46 62 97 147 184 174 127 196 117 230 255 72 27 27 26 30 13 36 60 88 106 90 77 86 116 152 153 123 94 156 100 14 10 17 4 4 11 18 17 19 16 14 14 9 10 12 14 34 30 25 34 12 14 14 17 12 11 4 6 9 9 1 12 5 13 8 12 3 10 14 20 15 9 6 6 3 6 10 11 10 8 8 4 8 6 8 1 3 8 17 17 14 11 9 7 8 14 14 16 25 13 11 8 3 2 9 12 6 6 10 7 8 9 17 22 22 44 233 255 156 21 30 14 35 8 0 0 0 0 0 0 0 0 0 0 0 0 0 0 61 60 50 63 15 0 0 4 16 48 83 113 135 113 98 91 76 79 86 79 62 41 51 74 62 49 46 37 30 37 46 60 77 60 60 70 68 64 52 -2147483648 
-2147483648 43 52 58 57 57 57 54 46 42 31 24 22 14 17 16 10 4 7 20 34 61 77 70 69 69 57 37 24 15 4 19 31 33 35 88 76 44 35 57 79 95 89 65 51 44 30 3 9 16 15 19 16 17 16 22 13 16 12 5 30 80 123 149 142 108 74 41 15 8 3 11 16 16 17 20 27 47 95 143 178 176 137 118 230 155 214 255 86 32 33 23 9 38 69 78 84 69 46 67 96 115 112 78 37 65 166 111 11 7 17 8 15 10 9 15 13 3 8 7 7 7 18 16 15 23 13 24 11 6 4 15 17 11 6 3 8 8 8 16 14 7 10 16 10 13 17 10 6 9 11 14 9 6 6 6 2 2 3 7 7 10 13 3 3 13 13 13 6 10 7 6 11 10 8 9 12 6 4 9 9 4 1 4 10 13 11 11 12 6 19 6 9 38 223 255 154 18 20 30 34 3 0 0 0 0 0 0 0 0 0 0 0 0 0 0 47 74 18 75 30 0 3 21 50 88 113 128 124 106 96 74 56 49 64 73 68 53 57 81 79 55 47 59 62 65 59 71 92 75 69 75 81 92 92 -2147483648 
-2147483648 30 37 40 39 33 29 23 24 29 15 6 14 20 16 8 8 18 34 49 60 71 61 46 38 30 24 3 9 22 39 54 66 82 76 96 87 49 64 89 86 72 44 24 28 22 3 13 20 28 26 15 9 16 26 25 30 22 8 58 113 146 158 138 92 47 21 9 7 8 4 8 4 6 10 25 63 109 150 169 160 130 91 113 244 186 190 255 98 6 1 20 45 68 73 62 48 40 50 84 98 81 51 24 19 54 156 116 13 13 20 21 16 11 4 10 12 10 10 8 13 9 16 19 13 9 1 13 19 6 10 7 7 7 13 11 10 11 11 8 11 1 6 13 5 5 16 11 14 10 6 1 7 7 13 13 8 11 13 9 7 2 18 12 18 9 8 8 7 4 6 10 12 8 5 7 7 9 10 9 11 10 11 10 11 6 9 8 7 9 16 3 7 47 229 255 138 18 6 41 21 0 0 0 0 0 0 0 0 0 0 0 0 0 0 0 35 79 16 81 46 3 21 57 85 106 117 112 91 79 64 37 24 21 55 58 53 48 48 76 84 59 60 66 72 74 70 89 103 81 80 82 80 95 108 -2147483648 
-2147483648 13 17 17 17 16 13 17 26 20 11 7 3 5 4 6 16 30 43 48 48 44 28 21 16 20 34 38 53 70 76 70 83 158 255 255 190 101 100 93 65 41 23 8 16 33 32 18 10 3 20 23 21 14 16 7 8 45 93 143 157 144 115 64 30 14 7 10 8 11 18 18 11 16 41 79 132 160 158 148 117 80 43 113 253 206 162 255 113 19 30 42 50 54 43 29 31 61 93 98 77 40 15 14 14 47 139 108 29 29 32 17 6 14 10 5 5 10 15 18 24 16 17 7 13 12 3 6 13 12 8 7 10 7 4 11 13 13 15 12 8 11 14 5 8 5 14 8 12 9 4 3 10 19 19 17 11 12 13 12 9 8 15 17 18 17 14 8 6 6 2 7 4 9 9 10 11 10 11 9 10 3 6 8 1 6 14 10 7 8 8 6 12 51 229 255 127 9 26 44 10 0 0 0 0 0 0 0 0 0 0 0 0 0 0 0 38 91 36 92 61 11 46 81 96 103 102 86 71 62 40 20 18 29 56 51 37 38 40 70 79 62 56 58 69 75 82 96 93 71 77 86 89 87 82 -2147483648 
-2147483648 7 11 9 10 6 10 16 19 11 8 4 7 9 12 20 22 31 36 27 26 22 18 20 25 30 45 73 87 79 69 75 96 162 255 255 255 161 89 37 7 16 16 8 9 10 8 18 32 35 30 23 10 9 31 48 80 119 146 153 119 79 45 14 5 7 7 11 12 12 15 15 26 67 114 149 165 148 120 94 60 32 19 108 255 223 127 255 127 38 47 47 45 45 41 42 74 106 100 76 47 17 4 11 9 37 114 137 137 124 113 105 86 69 53 32 16 11 17 18 17 17 18 6 3 7 14 12 9 5 9 14 15 21 18 14 15 11 10 18 21 21 16 13 14 16 7 11 13 20 20 22 22 17 6 9 9 11 7 9 16 16 13 13 14 13 25 16 10 13 13 10 10 6 4 6 9 9 7 8 14 5 9 8 10 13 13 6 6 3 4 13 13 45 225 255 122 6 42 39 3 0 0 0 0 0 0 0 0 0 0 0 0 0 0 0 46 118 56 112 78 25 67 92 94 86 74 63 58 39 16 16 21 33 48 44 28 22 31 59 54 54 62 66 70 82 94 94 92 89 92 87 85 90 86 -2147483648 
-2147483648 11 10 3 4 10 13 10 14 12 6 1 7 10 11 24 17 23 29 10 26 34 35 49 67 81 91 91 89 84 76 77 79 94 215 162 255 255 166 39 38 23 21 15 1 11 13 15 25 13 24 36 41 55 74 108 140 151 137 97 49 25 15 3 3 6 4 4 9 12 14 33 87 140 160 161 141 105 79 63 40 25 23 106 255 232 91 255 130 59 54 53 48 52 64 81 107 102 67 41 20 9 14 18 19 37 94 142 162 167 162 160 154 129 106 89 70 58 55 75 111 125 106 80 49 28 29 32 26 16 23 22 15 18 24 13 3 6 1 8 11 5 3 8 13 15 15 24 17 13 17 18 12 9 12 17 15 18 15 9 16 12 6 8 10 6 14 10 11 18 18 15 16 15 20 18 13 16 15 8 13 11 20 20 22 13 4 5 8 6 13 20 12 40 226 255 115 26 48 25 0 0 0 0 0 0 0 0 0 0 0 0 0 0 0 0 70 161 69 133 85 42 88 103 91 68 59 50 43 35 19 18 27 40 40 36 24 13 21 46 43 48 61 72 71 72 77 84 101 101 87 79 77 80 81 -2147483648 
-2147483648 17 11 10 12 13 11 8 13 14 4 7 4 15 13 22 6 11 33 35 39 51 72 91 95 99 103 97 92 85 80 70 55 44 136 255 136 251 254 106 82 65 70 79 78 76 76 84 102 112 108 116 126 127 141 156 132 97 64 25 11 16 3 7 4 1 6 7 10 21 53 97 142 157 139 116 89 59 45 47 31 23 13 104 234 224 74 243 114 61 48 43 44 65 81 88 82 55 33 20 13 10 21 28 33 39 42 47 39 49 62 61 73 78 64 62 47 26 47 161 255 255 255 255 255 151 85 81 86 79 64 51 42 30 27 32 27 20 24 21 16 9 10 3 17 16 26 25 19 16 15 9 8 9 6 8 10 14 20 15 14 13 10 9 3 7 2 11 4 7 11 15 13 15 16 17 16 6 6 13 18 18 21 15 20 15 17 17 17 19 21 13 6 40 223 255 117 51 44 10 0 0 0 0 0 0 0 0 0 0 0 0 0 0 0 3 107 178 28 142 69 52 97 100 78 57 50 35 27 26 22 24 32 31 24 20 20 17 16 35 50 50 53 66 66 64 67 70 86 70 57 59 59 60 58 -2147483648 
-2147483648 22 14 13 13 9 13 16 10 9 6 6 7 13 11 18 12 18 30 41 47 67 90 95 89 88 85 86 92 93 98 93 68 26 66 255 255 255 255 110 106 120 126 131 139 143 142 145 157 168 171 160 139 124 110 66 13 69 113 131 121 99 69 41 25 20 20 30 49 79 122 139 138 117 82 62 39 20 29 36 1 7 14 107 200 179 58 167 91 47 31 36 60 90 92 73 48 27 24 9 18 24 25 27 26 19 6 26 23 31 37 48 71 69 57 61 54 33 65 227 255 245 255 255 255 219 80 71 85 97 106 118 135 148 156 163 171 179 171 153 139 118 98 78 55 43 43 37 35 37 33 25 15 10 4 13 16 19 13 17 7 6 18 24 20 11 14 11 10 21 22 20 20 17 11 7 11 16 11 14 12 15 13 6 10 19 20 17 23 23 13 6 9 43 221 255 126 62 34 3 0 0 0 0 0 0 0 0 0 0 0 0 0 0 0 9 124 156 55 140 35 71 94 86 61 51 39 22 26 9 11 15 17 17 17 7 12 20 22 27 38 50 59 63 57 61 68 64 63 54 48 40 41 50 41 -2147483648 
-2147483648 23 21 14 14 15 13 12 14 4 3 5 14 10 14 25 39 40 44 61 74 77 78 74 74 77 80 85 87 91 95 97 98 94 95 51 16 46 54 31 9 43 61 73 86 100 110 106 97 89 86 83 75 56 28 7 33 44 59 94 140 191 220 218 194 162 125 105 118 142 153 132 102 75 49 28 17 18 27 27 6 17 38 138 180 116 27 106 63 40 42 68 91 97 75 47 30 22 24 20 34 33 24 17 9 31 45 35 20 28 47 74 75 62 59 42 29 12 97 255 255 77 47 71 255 244 36 13 26 51 79 108 135 159 181 206 250 255 255 255 255 255 255 255 255 255 245 222 194 164 142 120 94 78 61 44 35 23 10 9 21 25 27 25 30 27 18 18 29 34 19 15 15 12 14 5 7 12 13 11 9 14 9 1 1 21 13 12 14 10 12 18 13 42 220 255 144 57 22 0 0 0 0 0 0 0 0 0 0 0 0 0 0 0 0 24 117 109 94 115 20 85 86 67 53 46 25 12 26 6 5 1 9 12 18 15 13 19 27 31 35 44 56 55 50 57 65 65 57 54 41 39 48 45 30 -2147483648 
-2147483648 27 20 11 11 15 20 19 20 24 19 10 12 25 28 36 51 60 71 77 76 71 65 64 67 74 80 83 73 59 56 61 77 111 165 219 237 232 228 229 224 208 186 160 133 103 63 30 23 35 58 84 110 115 111 117 123 125 127 120 92 49 17 62 113 158 195 212 204 168 117 74 48 41 23 17 21 22 30 31 14 35 89 182 146 67 18 79 38 42 69 93 92 71 35 15 21 36 41 37 28 10 12 22 32 34 28 22 25 58 76 77 64 56 48 23 4 36 100 255 255 72 14 40 255 255 33 21 33 48 54 61 64 65 75 116 164 197 220 246 255 255 255 255 255 255 255 255 255 255 255 255 255 255 255 255 255 226 196 167 143 118 91 68 52 44 40 39 37 23 16 14 6 5 13 17 9 5 11 11 7 10 11 11 11 17 2 6 7 6 14 17 17 42 220 255 153 34 8 0 0 0 0 0 0 0 0 0 0 0 0 0 0 0 0 36 92 68 101 74 48 96 87 55 53 47 24 12 19 13 8 3 3 16 25 31 31 29 32 38 42 48 54 51 51 56 60 59 49 41 39 36 37 32 21 -2147483648 
-2147483648 30 23 28 26 24 27 25 24 28 27 27 36 42 50 64 66 73 80 70 61 61 66 71 71 71 61 48 36 34 35 32 37 56 93 138 166 170 179 202 225 246 255 255 255 255 255 234 211 189 158 123 94 63 29 9 37 63 101 144 191 226 233 203 156 99 44 24 30 43 61 93 128 136 114 90 64 29 10 33 44 94 178 191 90 32 25 58 44 60 72 69 54 33 13 20 37 42 23 6 10 26 35 33 19 12 10 23 63 98 90 78 71 55 35 21 21 38 88 247 255 80 8 39 255 255 33 40 44 57 57 52 56 55 74 120 132 98 56 32 29 40 55 67 88 118 141 164 194 224 250 255 255 255 255 255 255 255 255 255 255 255 255 255 255 255 255 224 193 170 146 122 101 77 61 55 40 29 31 29 16 11 18 24 26 19 11 15 13 6 6 7 9 43 223 255 144 13 0 0 0 0 0 0 0 0 0 0 0 0 0 0 0 0 1 35 63 63 83 38 72 118 102 62 52 46 27 16 9 15 1 14 22 20 20 24 28 37 43 46 48 55 60 53 52 58 60 51 38 38 38 22 24 20 10 -2147483648 
-2147483648 22 20 29 32 31 31 23 20 24 32 45 55 56 67 75 72 74 73 70 68 67 70 68 50 39 38 33 24 27 26 20 34 50 72 72 73 68 44 46 55 71 89 111 134 154 186 221 245 255 255 255 255 255 255 255 247 204 156 110 66 15 49 106 161 207 232 237 219 188 154 130 101 92 213 255 255 255 108 91 162 213 209 111 27 10 28 19 53 56 47 28 24 28 30 39 30 10 32 39 42 40 27 20 24 30 36 60 85 81 67 60 42 21 6 9 23 40 80 243 255 87 5 37 250 255 32 50 46 61 55 43 62 79 108 135 105 49 17 3 0 0 0 0 0 1 2 3 5 8 15 24 39 59 78 100 128 158 190 220 247 255 255 255 255 255 255 255 255 255 255 255 255 255 255 255 255 242 209 180 160 134 104 77 60 53 47 40 33 25 16 15 12 48 226 255 131 7 0 0 0 0 0 0 0 0 0 0 0 0 0 0 0 0 2 24 35 42 40 14 95 140 104 56 43 33 25 6 12 21 15 14 12 15 28 33 35 44 46 45 44 55 57 49 56 61 50 39 37 39 31 19 24 19 11 -2147483648 
-2147483648 13 15 15 18 27 26 27 30 32 40 49 54 63 56 44 48 54 53 51 56 59 55 39 26 30 35 27 22 26 26 32 48 60 54 16 35 44 23 24 16 13 17 15 29 24 23 42 55 74 99 129 158 184 218 246 255 255 255 255 255 255 249 197 146 87 24 35 101 173 231 255 255 255 255 210 93 233 220 207 219 176 83 18 22 43 11 38 24 10 18 14 26 36 13 15 41 56 53 45 41 31 27 29 39 48 56 75 72 57 57 35 12 10 24 25 35 39 74 245 255 84 3 33 237 247 37 54 49 55 52 58 95 120 125 105 51 9 0 0 0 0 0 0 0 0 0 0 0 0 0 0 0 0 0 0 0 0 0 3 9 19 32 46 65 93 125 155 178 201 230 255 255 255 255 255 255 255 255 255 255 255 255 255 255 255 255 237 211 189 164 137 108 96 238 255 108 1 0 0 0 0 0 0 0 0 0 0 0 0 0 0 0 0 1 13 22 21 9 32 118 146 93 41 22 17 17 24 25 25 24 21 7 12 25 24 35 37 33 32 37 45 38 40 50 43 33 32 32 26 18 18 21 19 11 -2147483648 
-2147483648 10 14 10 10 19 16 25 37 47 55 51 48 39 35 42 51 42 34 29 29 34 26 21 30 28 23 17 24 33 33 32 39 55 30 21 34 23 6 11 12 4 10 9 22 19 5 11 20 38 44 46 60 66 65 78 97 113 135 163 196 241 255 255 255 255 255 255 229 174 124 63 89 214 255 255 255 255 255 198 101 56 54 47 49 37 57 37 15 3 15 11 20 39 47 53 61 53 38 31 25 22 30 41 49 58 68 80 72 62 55 25 14 25 29 29 33 29 73 240 255 79 1 27 212 234 61 80 76 74 88 114 138 132 98 52 16 1 0 0 0 0 0 0 0 0 0 0 0 0 0 0 0 0 0 0 0 0 0 0 0 0 0 0 0 0 0 0 0 0 6 15 28 43 60 83 110 135 164 196 220 245 255 255 255 255 255 255 255 255 255 255 255 255 255 233 66 0 0 0 0 0 0 0 0 0 0 0 0 0 0 0 0 0 6 20 35 46 55 83 140 139 79 26 14 17 20 27 21 33 37 40 33 32 46 37 17 23 18 17 30 34 30 37 34 30 28 26 26 20 17 17 12 14 10 -2147483648 
-2147483648 13 20 18 24 31 28 31 35 43 36 34 32 27 31 41 46 28 25 24 17 25 10 19 30 16 14 14 20 26 16 13 27 47 17 33 36 6 2 16 8 8 19 12 14 17 17 26 26 24 31 36 32 33 33 33 39 45 52 61 71 83 101 122 148 188 225 255 255 255 255 255 255 195 128 39 52 101 104 87 52 48 67 64 66 61 50 18 18 3 11 29 39 45 42 34 41 31 32 38 43 50 59 67 83 85 78 78 64 43 25 9 20 38 37 29 24 18 69 237 255 77 1 20 181 208 95 117 115 124 139 141 121 88 45 13 1 0 0 0 0 0 0 0 0 0 0 0 0 0 0 0 0 0 0 0 0 0 0 0 0 0 0 0 0 0 0 0 0 0 0 0 0 0 0 0 0 0 0 0 1 9 23 39 57 78 100 124 152 181 206 228 251 255 214 114 23 0 0 0 0 0 0 0 0 0 0 0 0 0 0 0 1 13 43 89 130 154 154 142 143 116 56 17 10 12 13 23 15 10 31 40 51 64 83 103 89 74 64 37 29 33 21 29 35 22 16 17 24 20 14 14 9 9 13 -2147483648 
-2147483648 31 34 27 35 40 31 27 34 37 25 28 28 24 30 35 24 13 21 18 16 21 13 13 16 4 10 9 6 14 14 19 23 29 28 37 33 3 8 12 4 14 17 16 24 36 40 36 31 31 35 30 23 29 34 35 34 35 41 44 46 42 39 46 54 63 74 77 99 138 172 205 238 255 255 253 234 208 198 204 199 184 163 131 91 71 73 78 61 62 61 51 45 44 47 52 64 59 62 59 57 62 70 80 81 68 73 69 39 22 13 8 29 46 32 24 18 17 66 232 255 77 2 10 139 177 121 122 104 105 113 96 61 30 8 0 0 0 0 0 0 0 0 0 0 0 0 0 0 0 0 0 0 0 0 0 0 0 0 0 0 0 0 0 0 0 0 0 0 0 0 0 0 0 0 0 0 0 0 0 0 0 0 0 0 0 0 0 0 0 3 8 16 22 18 7 0 0 0 0 0 0 0 0 0 0 0 0 0 0 0 0 4 31 76 122 136 131 128 117 113 91 56 42 30 17 27 31 33 16 16 6 13 24 27 49 69 82 103 107 100 112 113 106 103 87 70 55 40 27 18 15 4 4 14 -2147483648 
-2147483648 29 36 33 35 31 24 22 28 28 22 28 24 20 27 27 13 14 21 18 17 13 10 7 16 1 6 13 7 8 19 21 17 23 28 31 24 15 13 10 7 8 16 22 27 31 26 29 44 48 40 36 38 38 39 49 44 34 29 26 24 21 17 18 23 24 36 48 49 49 46 48 54 57 70 87 116 156 193 225 247 244 221 191 166 153 142 119 104 103 93 83 77 73 73 73 69 57 57 49 48 54 62 61 42 37 50 30 18 15 14 23 39 41 31 22 14 20 63 217 255 85 1 3 82 136 108 74 54 62 65 40 17 4 0 0 0 0 0 0 0 0 0 0 0 0 0 0 0 0 0 0 0 0 0 0 0 0 0 0 0 0 0 0 0 0 0 0 0 0 0 0 0 0 0 0 0 0 0 0 0 0 0 0 0 0 0 0 0 0 0 0 0 0 0 0 0 0 0 0 0 0 0 0 0 0 0 0 0 0 0 0 8 46 98 127 98 51 50 60 70 74 67 61 57 36 24 17 43 34 24 12 19 37 65 68 36 6 43 77 94 104 116 130 155 164 159 156 135 104 90 82 60 41 44 -2147483648 
-2147483648 27 28 30 30 18 15 23 29 25 20 23 22 26 27 28 23 20 23 13 6 13 11 9 20 8 7 9 4 8 16 25 29 30 27 22 14 11 15 17 11 4 1 5 13 11 20 31 36 34 30 37 43 44 44 35 26 25 23 18 17 16 23 16 13 8 18 24 19 10 6 22 38 49 37 30 20 19 25 34 57 60 73 82 82 78 83 81 70 59 54 61 64 59 57 54 42 27 25 29 39 41 43 33 27 27 15 8 9 5 19 39 45 41 33 24 17 22 56 181 255 145 60 37 35 52 43 20 38 61 49 19 3 0 0 0 0 0 0 0 0 0 0 0 0 0 0 0 0 0 0 0 0 0 0 0 0 0 0 0 0 0 0 0 0 0 0 0 0 0 0 0 0 0 0 0 0 0 0 0 0 0 0 0 0 0 0 0 0 0 0 0 0 0 0 0 0 0 0 0 0 0 0 0 0 0 0 0 0 0 0 3 23 67 120 131 74 31 32 30 42 65 53 45 66 79 66 51 61 77 74 56 43 41 39 42 54 56 30 9 13 25 28 5 30 68 82 111 134 129 134 147 150 137 121 -2147483648 
-2147483648 26 27 24 23 27 27 30 37 38 29 26 22 15 18 27 15 9 15 6 6 14 8 6 16 1 9 10 8 9 6 16 16 13 12 11 14 20 21 12 9 5 3 6 16 27 24 19 19 14 20 19 13 21 14 9 12 17 23 23 21 20 28 26 16 17 17 9 9 4 21 35 51 54 35 17 18 28 46 60 42 22 28 18 34 25 22 29 22 24 23 35 43 44 40 32 28 27 27 35 46 41 33 24 19 10 4 10 7 15 30 49 48 42 28 23 24 26 36 115 213 222 188 150 126 107 63 17 56 58 27 7 0 0 0 0 0 0 0 0 0 0 0 0 0 0 0 0 0 0 0 0 0 0 0 0 0 0 0 0 0 0 0 0 0 0 0 0 0 0 0 0 0 0 0 0 0 0 0 0 0 0 0 0 0 0 0 0 0 0 0 0 0 0 0 0 0 0 0 0 0 0 0 0 0 0 0 0 0 1 2 13 50 90 127 112 49 32 35 40 61 77 58 45 65 85 91 75 67 77 82 78 69 48 30 29 49 74 68 49 38 44 35 36 39 27 18 21 33 43 49 64 95 111 106 -2147483648 
-2147483648 30 34 26 30 36 40 39 32 22 14 13 8 6 11 22 9 7 8 9 8 7 11 9 9 3 4 3 1 7 9 3 12 9 14 3 13 10 10 15 20 13 16 21 30 31 14 14 18 5 3 8 11 22 6 4 9 6 9 7 6 8 12 19 19 17 6 13 24 30 42 47 45 34 17 13 33 48 56 51 21 7 25 6 18 9 6 14 13 21 19 17 18 20 16 16 19 18 24 37 30 25 26 20 9 13 5 6 6 22 38 41 31 25 25 26 33 27 35 70 89 115 146 150 124 86 58 54 72 40 6 0 0 0 0 0 0 0 0 0 0 0 0 0 0 0 0 0 0 0 0 0 0 0 0 0 0 0 0 0 0 0 0 0 0 0 0 0 0 0 0 0 0 0 0 0 0 0 0 0 0 0 0 0 0 0 0 0 0 0 0 0 0 0 0 0 0 0 0 0 0 0 0 0 0 0 0 1 2 4 13 37 72 107 132 100 61 57 56 63 87 99 79 68 70 66 65 63 68 63 55 62 80 89 81 73 66 74 94 93 65 23 15 4 20 8 25 28 19 13 13 14 7 26 45 -2147483648 
-2147483648 37 34 26 30 21 16 16 10 5 6 10 4 7 14 16 11 13 8 6 8 5 9 8 12 1 4 14 14 11 11 9 11 14 23 9 12 7 17 19 25 13 15 18 24 23 13 9 6 8 9 4 1 20 8 7 9 4 9 6 7 16 11 9 13 18 25 31 38 45 49 37 21 17 25 37 47 54 41 9 9 4 17 16 14 12 8 13 20 22 18 7 6 14 17 16 20 23 23 23 9 4 8 2 8 15 2 6 6 33 35 32 25 19 29 29 28 17 35 60 47 29 41 60 50 54 78 87 64 19 1 0 0 0 0 0 0 0 0 0 0 0 0 0 0 0 0 0 0 0 0 0 0 0 0 0 0 0 0 0 0 0 0 0 0 0 0 0 0 0 0 0 0 0 0 0 0 0 0 0 0 0 0 0 0 0 0 0 0 0 0 0 0 0 0 0 0 0 0 0 0 0 0 0 0 0 0 4 12 22 33 55 83 125 137 95 66 58 60 62 75 77 57 60 54 48 54 44 37 40 43 47 64 82 84 68 53 49 59 73 81 72 68 62 59 46 53 22 11 7 15 16 15 17 40 -2147483648 
-2147483648 25 17 20 28 17 7 7 9 9 11 10 9 6 13 6 7 19 4 7 12 7 4 13 23 16 12 6 9 5 3 4 7 7 10 13 6 14 18 17 22 18 16 18 21 12 1 13 15 11 12 11 6 15 11 17 20 11 10 9 7 10 17 12 18 34 51 51 48 47 27 16 24 35 48 62 49 37 13 17 3 5 9 22 30 35 26 25 29 28 27 25 26 36 43 33 27 32 28 15 11 10 9 1 18 13 3 5 15 36 25 24 30 31 33 33 38 30 39 51 51 49 45 54 62 75 83 70 48 41 31 22 14 6 2 2 1 0 0 0 0 0 0 0 0 0 0 0 0 0 0 0 0 0 0 0 0 0 0 0 0 0 0 0 0 0 0 0 0 0 0 0 0 0 0 0 0 0 0 0 0 0 0 0 0 0 0 0 0 0 0 0 0 0 0 0 0 0 0 0 0 0 0 0 0 4 12 20 30 39 43 61 96 131 127 74 52 55 44 46 64 55 43 40 33 32 48 49 34 28 32 42 51 49 59 57 45 38 42 55 77 95 95 92 108 107 87 66 53 43 26 6 17 33 11 -2147483648 
-2147483648 17 18 25 17 5 9 18 13 7 10 6 7 16 7 8 13 15 10 7 18 5 2 6 6 19 15 7 11 13 12 3 11 8 11 13 10 14 12 12 16 20 13 4 14 17 15 17 16 12 23 24 23 15 7 10 16 14 20 26 11 12 22 19 28 43 45 44 44 42 31 35 45 58 73 63 22 7 4 11 11 9 20 27 31 34 35 31 25 23 28 34 34 30 35 40 32 21 22 22 11 13 6 3 20 4 6 16 18 26 22 23 34 44 49 47 50 51 48 47 53 59 64 68 78 84 76 86 89 85 81 71 60 53 44 35 25 18 20 18 9 3 2 2 1 0 0 0 0 0 0 0 0 0 0 0 0 0 0 0 0 0 0 0 0 0 0 0 0 0 0 0 0 0 0 0 0 0 0 0 0 0 0 0 0 0 0 0 0 0 0 0 0 0 0 0 0 0 0 0 0 0 0 0 4 18 32 40 49 49 46 65 108 132 113 57 47 52 33 49 72 57 62 58 52 45 49 66 66 57 48 49 46 32 32 41 41 33 44 51 56 65 58 47 57 61 56 63 61 66 76 66 59 67 76 -2147483648 
-2147483648 13 25 18 3 2 8 8 0 3 6 4 11 11 13 3 18 10 8 15 16 8 10 3 4 3 8 9 6 12 9 6 18 7 4 10 11 19 20 18 17 14 14 10 17 20 4 13 4 9 17 9 19 17 10 13 9 6 14 19 15 24 33 49 51 45 33 25 37 32 31 48 55 58 52 27 17 7 13 10 8 15 15 14 18 21 23 8 11 20 21 25 22 18 17 18 21 18 18 24 20 13 11 11 19 8 10 12 9 15 11 8 16 23 25 34 41 49 45 48 51 55 71 76 83 92 103 108 104 98 98 99 102 103 101 101 94 83 74 65 57 53 48 38 31 28 21 13 10 6 0 0 0 0 0 0 0 0 0 0 0 0 0 0 0 0 0 0 0 0 0 0 0 0 0 0 0 0 0 0 0 0 0 0 0 0 0 0 0 0 0 0 0 0 0 0 0 0 0 0 0 0 0 0 15 33 42 48 50 41 37 63 109 128 90 38 44 42 25 54 69 52 60 46 35 37 41 49 54 52 41 24 17 15 18 29 40 22 17 13 24 34 46 41 29 27 42 62 59 52 75 95 87 70 66 -2147483648 
-2147483648 15 24 14 8 8 4 6 4 6 8 8 11 7 6 7 13 1 3 24 9 9 7 3 9 3 3 5 21 24 18 19 17 4 4 8 11 24 9 8 15 7 7 11 6 18 14 10 3 4 10 26 22 17 9 7 5 6 7 3 13 28 37 44 45 38 23 22 31 23 40 54 52 38 23 8 11 20 17 14 16 7 20 16 6 5 25 10 10 7 6 7 9 5 7 7 6 8 2 8 20 7 5 13 17 12 11 8 11 17 9 2 15 22 11 12 33 35 23 33 32 34 61 64 58 74 87 95 100 98 103 109 114 125 132 133 135 130 121 115 113 108 103 100 92 83 75 65 59 55 47 37 27 16 8 6 6 4 1 0 0 0 0 0 0 0 0 0 0 0 0 0 0 0 0 0 0 0 0 0 0 0 0 0 0 0 0 0 0 0 0 0 0 0 0 0 0 0 0 0 0 0 1 13 38 48 54 49 34 23 28 65 104 112 70 37 46 35 22 48 58 53 46 25 12 13 11 14 21 30 29 13 6 7 20 24 40 24 19 19 24 14 23 39 43 41 45 53 61 48 57 67 76 77 75 -2147483648 
-2147483648 16 20 10 8 13 10 12 3 4 7 6 4 4 6 3 5 3 6 22 9 8 7 6 6 4 4 8 25 19 13 17 7 5 5 6 18 30 22 16 16 17 14 11 6 12 9 9 3 7 13 11 6 2 15 11 6 6 3 10 14 31 38 27 22 22 22 23 33 33 51 44 16 2 13 16 9 15 14 23 17 12 23 24 21 10 28 8 14 22 18 15 15 16 19 15 9 14 18 17 17 2 4 22 9 12 18 6 4 18 11 4 11 22 17 23 30 22 11 20 35 49 64 46 20 24 27 40 61 70 79 86 91 101 102 99 109 120 124 125 122 120 116 116 120 118 119 119 115 107 101 96 87 76 69 59 50 47 42 32 25 20 15 9 4 2 2 1 0 0 0 0 0 0 0 0 0 0 0 0 0 0 0 0 0 0 0 0 0 0 0 0 0 0 0 0 0 0 0 0 0 1 8 31 51 47 46 28 13 17 38 70 98 95 55 44 53 29 26 52 56 42 36 28 18 7 9 9 5 22 30 20 21 24 16 7 27 27 32 41 43 30 15 14 26 29 20 16 36 37 32 26 38 55 68 -2147483648 
-2147483648 255 255 255 255 255 255 255 255 255 255 255 255 255 255 255 255 255 255 255 255 255 255 255 255 255 255 255 255 255 255 255 255 255 255 255 255 255 255 255 255 255 255 255 255 255 255 255 255 255 255 255 255 255 255 255 255 255 255 255 255 255 255 255 255 255 255 255 255 255 255 255 255 255 255 255 255 255 255 255 255 255 255 255 255 255 255 255 255 255 255 255 255 255 255 255 255 255 255 255 255 255 255 255 255 255 255 255 255 255 255 255 255 255 255 255 255 255 255 255 255 255 255 237 222 215 206 200 191 183 182 177 173 177 176 167 157 148 141 131 120 111 106 101 93 84 74 65 61 57 48 39 33 19 11 15 7 6 11 8 6 4 6 6 4 0 0 2 0 0 0 0 0 0 0 0 0 0 0 0 0 0 0 0 0 0 0 0 0 0 0 0 0 0 0 0 0 0 0 0 0 2 9 28 44 53 70 81 85 88 97 123 169 213 241 255 255 255 255 255 255 255 255 255 255 255 255 255 255 255 255 255 255 255 255 255 255 255 255 255 255 255 255 255 255 255 255 255 255 255 255 255 255 255 255 -2147483648 
-2147483648 -2147483648 -2147483648 -2147483648 -2147483648 -2147483648 -2147483648 -2147483648 -2147483648 -2147483648 -2147483648 -2147483648 -2147483648 -2147483648 -2147483648 -2147483648 -2147483648 -2147483648 -2147483648 -2147483648 -2147483648 -2147483648 -2147483648 -2147483648 -2147483648 -2147483648 -2147483648 -2147483648 -2147483648 -2147483648 -2147483648 -2147483648 -2147483648 -2147483648 -2147483648 -2147483648 -2147483648 -2147483648 -2147483648 -2147483648 -2147483648 -2147483648 -2147483648 -2147483648 -2147483648 -2147483648 -2147483648 -2147483648 -2147483648 -2147483648 -2147483648 -2147483648 -2147483648 -2147483648 -2147483648 -2147483648 -2147483648 -2147483648 -2147483648 -2147483648 -2147483648 -2147483648 -2147483648 -2147483648 -2147483648 -2147483648 -2147483648 -2147483648 -2147483648 -2147483648 -2147483648 -2147483648 -2147483648 -2147483648 -2147483648 -2147483648 -2147483648 -2147483648 -2147483648 -2147483648 -2147483648 -2147483648 -2147483648 -2147483648 -2147483648 -2147483648 -2147483648 -2147483648 -2147483648 -2147483648 -2147483648 -2147483648 -2147483648 -2147483648 -2147483648 -2147483648 -2147483648 -2147483648 -2147483648 -2147483648 -2147483648 -2147483648 -2147483648 -2147483648 -2147483648 -2147483648 -2147483648 -2147483648 -2147483648 -2147483648 -2147483648 -2147483648 -2147483648 -2147483648 -2147483648 -2147483648 -2147483648 -2147483648 -2147483648 -2147483648 -2147483648 -2147483648 -2147483648 -2147483648 -2147483648 -2147483648 -2147483648 -2147483648 -2147483648 -2147483648 -2147483648 -2147483648 -2147483648 -2147483648 -2147483648 -2147483648 -2147483648 -2147483648 -2147483648 -2147483648 -2147483648 -2147483648 -2147483648 -2147483648 -2147483648 -2147483648 -2147483648 -2147483648 -2147483648 -2147483648 -2147483648 -2147483648 -2147483648 -2147483648 -2147483648 -2147483648 -2147483648 -2147483648 -2147483648 -2147483648 -2147483648 -2147483648 -2147483648 -2147483648 -2147483648 -2147483648 -2147483648 -2147483648 -2147483648 -2147483648 -2147483648 -2147483648 -2147483648 -2147483648 -2147483648 -2147483648 -2147483648 -2147483648 -2147483648 -2147483648 -2147483648 -2147483648 -2147483648 -2147483648 -2147483648 -2147483648 -2147483648 -2147483648 -2147483648 -2147483648 -2147483648 -2147483648 -2147483648 -2147483648 -2147483648 -2147483648 -2147483648 -2147483648 -2147483648 -2147483648 -2147483648 -2147483648 -2147483648 -2147483648 -2147483648 -2147483648 -2147483648 -2147483648 -2147483648 -2147483648 -2147483648 -2147483648 -2147483648 -2147483648 -2147483648 -2147483648 -2147483648 -2147483648 -2147483648 -2147483648 -2147483648 -2147483648 -2147483648 -2147483648 -2147483648 -2147483648 -2147483648 -2147483648 -2147483648 -2147483648 -2147483648 -2147483648 -2147483648 -2147483648 -2147483648 -2147483648 -2147483648 -2147483648 -2147483648 -2147483648 -2147483648 -2147483648 -2147483648 -2147483648 -2147483648 -2147483648 -2147483648 -2147483648 -2147483648 -2147483648 -2147483648 -2147483648 -2147483648 -2147483648 -2147483648 -2147483648 
