Type=GDR 2.0
Nb.Pixel/Ligne=256
Nb.Lignes=256
Nb.Bits=8
 
-2147483648 -2147483648 -2147483648 -2147483648 -2147483648 -2147483648 -2147483648 -2147483648 -2147483648 -2147483648 -2147483648 -2147483648 -2147483648 -2147483648 -2147483648 -2147483648 -2147483648 -2147483648 -2147483648 -2147483648 -2147483648 -2147483648 -2147483648 -2147483648 -2147483648 -2147483648 -2147483648 -2147483648 -2147483648 -2147483648 -2147483648 -2147483648 -2147483648 -2147483648 -2147483648 -2147483648 -2147483648 -2147483648 -2147483648 -2147483648 -2147483648 -2147483648 -2147483648 -2147483648 -2147483648 -2147483648 -2147483648 -2147483648 -2147483648 -2147483648 -2147483648 -2147483648 -2147483648 -2147483648 -2147483648 -2147483648 -2147483648 -2147483648 -2147483648 -2147483648 -2147483648 -2147483648 -2147483648 -2147483648 -2147483648 -2147483648 -2147483648 -2147483648 -2147483648 -2147483648 -2147483648 -2147483648 -2147483648 -2147483648 -2147483648 -2147483648 -2147483648 -2147483648 -2147483648 -2147483648 -2147483648 -2147483648 -2147483648 -2147483648 -2147483648 -2147483648 -2147483648 -2147483648 -2147483648 -2147483648 -2147483648 -2147483648 -2147483648 -2147483648 -2147483648 -2147483648 -2147483648 -2147483648 -2147483648 -2147483648 -2147483648 -2147483648 -2147483648 -2147483648 -2147483648 -2147483648 -2147483648 -2147483648 -2147483648 -2147483648 -2147483648 -2147483648 -2147483648 -2147483648 -2147483648 -2147483648 -2147483648 -2147483648 -2147483648 -2147483648 -2147483648 -2147483648 -2147483648 -2147483648 -2147483648 -2147483648 -2147483648 -2147483648 -2147483648 -2147483648 -2147483648 -2147483648 -2147483648 -2147483648 -2147483648 -2147483648 -2147483648 -2147483648 -2147483648 -2147483648 -2147483648 -2147483648 -2147483648 -2147483648 -2147483648 -2147483648 -2147483648 -2147483648 -2147483648 -2147483648 -2147483648 -2147483648 -2147483648 -2147483648 -2147483648 -2147483648 -2147483648 -2147483648 -2147483648 -2147483648 -2147483648 -2147483648 -2147483648 -2147483648 -2147483648 -2147483648 -2147483648 -2147483648 -2147483648 -2147483648 -2147483648 -2147483648 -2147483648 -2147483648 -2147483648 -2147483648 -2147483648 -2147483648 -2147483648 -2147483648 -2147483648 -2147483648 -2147483648 -2147483648 -2147483648 -2147483648 -2147483648 -2147483648 -2147483648 -2147483648 -2147483648 -2147483648 -2147483648 -2147483648 -2147483648 -2147483648 -2147483648 -2147483648 -2147483648 -2147483648 -2147483648 -2147483648 -2147483648 -2147483648 -2147483648 -2147483648 -2147483648 -2147483648 -2147483648 -2147483648 -2147483648 -2147483648 -2147483648 -2147483648 -2147483648 -2147483648 -2147483648 -2147483648 -2147483648 -2147483648 -2147483648 -2147483648 -2147483648 -2147483648 -2147483648 -2147483648 -2147483648 -2147483648 -2147483648 -2147483648 -2147483648 -2147483648 -2147483648 -2147483648 -2147483648 -2147483648 -2147483648 -2147483648 -2147483648 -2147483648 -2147483648 -2147483648 -2147483648 -2147483648 -2147483648 -2147483648 -2147483648 -2147483648 -2147483648 -2147483648 -2147483648 -2147483648 -2147483648 -2147483648 -2147483648 -2147483648 
-2147483648 4 13 13 1 4 5 0 0 0 0 3 0 0 0 0 0 0 0 0 0 0 0 0 0 0 0 0 12 18 16 6 0 0 0 0 0 5 3 5 0 0 0 0 1 13 7 27 101 179 172 67 0 11 88 187 255 255 255 255 255 148 27 37 125 64 0 0 0 0 0 0 0 24 52 80 74 31 1 0 0 16 44 50 21 0 0 0 16 60 77 27 0 0 0 0 35 131 126 4 0 0 0 0 0 0 0 0 0 0 0 29 34 19 0 0 0 0 0 16 12 0 0 0 0 89 217 80 0 143 255 255 194 113 41 0 0 0 6 11 8 0 0 0 0 0 1 2 2 2 3 5 5 3 0 0 4 15 19 16 22 37 33 0 0 0 0 10 16 7 7 19 40 61 74 68 42 10 0 0 0 0 16 41 67 78 73 72 80 73 57 52 51 22 0 10 72 60 22 23 17 0 0 0 0 0 0 0 0 0 0 14 25 0 0 0 0 0 0 0 0 0 0 0 0 0 2 17 18 0 0 14 35 18 0 0 0 0 0 0 0 0 0 0 0 0 0 0 0 0 14 19 9 6 9 -2147483648 
-2147483648 4 2 11 11 10 3 0 2 0 0 1 0 1 11 9 0 0 0 0 0 0 0 0 0 9 15 9 5 7 11 10 4 0 0 0 0 0 0 1 2 0 0 0 9 18 82 191 255 255 255 244 67 67 217 255 255 255 255 255 255 255 255 195 255 255 255 103 0 0 0 0 0 47 28 0 0 0 0 0 16 17 40 65 38 6 0 0 0 0 0 0 0 0 0 91 207 228 142 16 0 0 0 6 28 6 0 0 0 0 2 20 12 0 2 10 0 0 0 0 0 0 0 0 102 209 92 0 101 255 255 235 255 255 167 35 19 15 18 24 16 4 0 0 0 0 0 0 0 0 7 9 5 2 2 1 1 3 9 25 47 60 40 0 0 0 0 0 0 0 0 0 0 0 2 13 19 24 31 35 23 8 20 44 43 30 28 36 51 60 55 42 38 40 16 0 36 74 44 19 47 17 0 0 0 0 0 0 0 0 0 0 0 34 32 1 0 0 0 0 0 0 0 0 0 22 49 37 16 25 15 17 34 18 4 0 0 0 0 0 0 2 0 0 0 0 5 7 8 0 0 5 16 5 0 -2147483648 
-2147483648 12 0 0 1 4 3 5 0 0 3 0 0 1 12 7 0 0 1 11 19 15 10 4 2 13 14 5 3 0 0 3 17 4 3 2 0 0 0 0 0 0 0 0 0 72 234 255 255 237 255 255 150 137 222 238 182 124 109 82 221 255 255 255 255 255 255 255 0 0 0 0 0 50 43 0 0 0 0 0 0 0 43 87 61 12 0 0 6 65 19 0 0 0 92 176 188 90 10 0 0 0 0 2 21 9 0 0 11 23 5 0 0 0 0 5 8 10 16 0 0 0 0 64 199 99 0 87 255 255 164 102 194 255 219 119 77 51 29 12 6 5 4 0 0 0 0 0 0 0 0 3 6 5 5 6 3 0 3 12 25 41 53 37 0 0 0 0 0 0 0 0 0 0 0 0 0 30 54 68 60 37 27 35 45 45 35 13 0 1 8 4 9 34 47 9 1 38 16 0 45 50 0 0 3 74 1 0 0 0 0 0 0 0 13 34 40 61 85 78 40 5 5 17 20 15 14 18 20 21 25 23 1 4 18 6 0 0 0 0 0 0 5 5 5 5 6 9 15 6 0 0 4 1 0 -2147483648 
-2147483648 0 0 0 2 7 2 2 7 10 8 0 0 0 0 0 8 11 11 12 12 6 7 16 8 0 0 0 0 0 0 2 6 11 18 4 0 0 0 0 0 8 41 42 84 198 255 219 149 90 99 116 127 185 162 82 40 17 9 0 0 157 255 255 255 154 171 252 242 104 12 0 9 55 35 0 0 0 0 0 0 0 0 84 146 94 27 0 14 125 106 0 35 182 231 143 16 0 0 0 0 2 7 0 0 0 7 19 12 19 8 0 0 0 0 0 27 33 10 0 0 0 141 200 51 0 61 255 255 255 254 195 136 122 127 102 62 35 17 0 0 0 0 0 0 0 0 0 2 0 0 0 0 0 0 0 0 0 0 0 0 0 29 88 107 47 0 0 0 0 0 0 0 0 0 0 0 0 7 5 3 16 24 22 33 49 59 55 23 0 0 0 35 57 46 7 0 23 15 0 0 9 0 0 0 17 43 4 0 0 0 0 14 0 0 12 40 71 91 72 34 0 4 31 5 0 0 3 26 43 55 20 0 4 0 0 0 0 0 0 0 0 0 0 1 3 0 0 0 7 4 0 0 1 0 -2147483648 
-2147483648 0 0 5 1 0 0 5 6 0 0 2 4 1 0 0 0 0 4 0 0 0 4 4 1 2 10 0 0 0 2 0 0 0 6 9 8 0 0 7 39 116 210 255 255 255 176 98 62 44 22 15 86 159 119 39 2 0 0 1 0 74 234 213 64 0 0 123 255 186 63 60 56 48 12 0 0 0 0 0 0 0 0 0 107 118 57 10 0 0 0 73 230 255 241 76 0 0 0 0 0 24 35 17 0 0 6 3 0 7 6 0 0 0 0 6 29 18 0 0 0 24 116 43 0 22 255 255 255 243 232 196 118 65 45 31 20 11 9 5 0 0 0 0 5 25 24 19 15 11 8 3 0 0 0 0 1 0 0 2 3 1 10 50 115 163 137 38 0 0 0 0 0 0 0 0 0 0 0 0 0 0 0 0 0 7 29 39 36 9 0 0 17 54 44 9 0 24 22 0 0 1 26 0 0 0 36 49 0 0 0 0 0 21 14 1 8 13 24 29 22 5 0 3 0 0 0 13 27 60 73 26 0 0 0 0 0 0 0 0 0 0 0 0 0 0 0 0 0 0 0 0 0 0 0 -2147483648 
-2147483648 4 3 6 0 0 0 3 0 0 0 11 9 5 9 0 0 0 0 0 0 3 5 0 0 0 0 0 5 15 22 5 0 0 4 23 15 0 0 11 134 255 255 255 255 223 114 46 10 3 0 0 65 85 50 40 35 15 0 0 0 15 29 12 17 31 6 36 162 195 99 66 81 41 0 0 0 0 26 0 0 0 0 0 0 4 19 15 0 0 0 15 241 186 66 0 0 0 0 0 0 16 16 25 33 32 12 0 1 0 0 2 3 39 39 8 19 0 0 0 53 45 0 0 54 255 255 248 145 100 79 56 28 15 10 2 0 0 0 0 0 0 0 0 17 23 17 11 8 6 8 10 8 4 2 2 7 12 7 1 3 6 3 2 28 100 166 153 102 67 23 0 0 0 0 0 0 0 0 0 0 0 0 0 0 0 0 0 11 12 0 0 0 2 6 15 37 51 28 0 0 15 55 42 0 0 0 56 50 10 0 0 0 0 0 0 0 0 0 0 0 22 9 0 0 3 11 24 44 57 41 15 14 0 0 0 0 0 2 1 0 0 0 0 0 0 0 1 1 0 0 0 7 0 0 -2147483648 
-2147483648 7 8 8 12 7 0 0 0 0 0 6 3 0 1 0 0 0 0 0 14 4 5 12 1 0 0 7 16 23 20 2 0 0 0 6 6 4 2 73 201 249 214 181 157 102 49 29 11 0 0 0 50 52 19 25 26 10 0 0 0 0 0 43 126 110 33 23 141 194 85 47 92 53 0 0 32 90 65 0 12 0 0 0 0 0 0 14 0 0 0 27 110 8 0 0 0 0 17 25 0 0 0 0 20 17 10 21 0 0 0 0 22 70 65 0 0 0 0 46 82 0 0 81 255 255 255 206 96 47 35 26 17 7 0 0 0 0 0 0 0 0 0 15 10 1 0 0 0 2 2 0 0 0 0 0 0 0 0 0 0 0 0 7 0 0 18 49 82 102 97 61 7 0 0 30 38 10 0 0 0 0 0 0 0 0 0 0 0 0 2 25 17 0 0 17 52 56 32 26 5 0 6 25 0 0 0 0 39 60 38 0 0 0 0 0 0 0 0 0 0 2 18 0 0 0 8 11 40 37 0 0 7 4 0 1 11 10 0 0 0 0 0 0 0 0 0 0 0 0 0 4 0 0 0 -2147483648 
-2147483648 0 0 0 1 8 10 0 0 13 9 0 0 0 0 0 8 15 13 11 8 0 0 4 2 0 3 5 7 7 0 0 10 3 0 0 0 0 7 102 157 112 67 39 24 15 8 14 23 11 0 5 74 63 26 12 1 0 0 7 7 0 7 79 134 92 18 17 128 181 99 59 90 114 93 58 100 125 16 0 0 0 0 0 0 0 0 0 0 0 75 136 2 0 0 0 0 0 22 9 0 0 0 0 0 0 0 0 1 7 1 0 10 0 0 0 0 0 54 84 0 0 189 255 255 255 196 148 96 68 49 39 31 9 0 0 0 0 0 7 40 40 27 19 9 0 0 0 0 0 0 0 0 0 0 0 0 0 0 0 0 0 0 3 9 11 0 0 0 23 50 50 33 17 29 68 81 59 35 22 7 0 24 45 25 0 0 0 0 0 25 49 45 29 9 7 28 34 26 46 28 0 0 9 8 0 0 0 0 23 57 42 0 0 0 0 0 0 0 0 0 0 0 0 0 1 13 16 0 0 0 0 0 15 31 23 18 8 0 0 0 0 0 0 0 0 0 0 0 0 4 3 6 11 7 -2147483648 
-2147483648 0 0 0 0 0 0 0 8 13 4 0 1 8 2 10 16 2 0 0 0 0 0 0 11 19 4 0 0 0 0 0 7 16 7 0 0 0 0 31 57 26 0 7 20 10 0 0 0 0 0 14 87 63 19 0 0 0 0 0 0 3 17 43 59 49 27 15 56 108 90 58 51 86 143 172 188 136 40 0 0 0 23 50 0 0 0 0 0 12 130 55 0 0 0 0 0 0 0 0 4 0 0 0 0 0 0 0 0 23 32 40 12 0 0 0 0 69 109 0 0 154 255 255 255 184 101 68 45 33 20 4 0 0 0 0 0 0 0 36 58 54 36 17 7 0 0 0 0 0 0 0 0 0 0 0 0 0 0 0 0 0 0 0 0 0 24 48 43 3 0 0 10 54 68 58 41 31 33 43 48 55 78 109 116 90 59 55 72 72 66 72 76 72 48 14 0 19 71 105 91 44 0 0 19 3 0 0 0 8 37 37 38 43 11 0 0 4 2 0 0 0 0 3 10 16 28 23 0 0 0 8 5 19 25 9 0 0 5 11 11 2 0 0 0 0 0 0 0 0 0 0 2 6 3 -2147483648 
-2147483648 0 4 9 1 0 0 0 0 0 0 0 1 3 0 0 0 0 0 0 3 11 13 0 0 12 13 11 0 0 4 0 0 6 5 1 2 6 0 0 0 0 0 0 9 9 4 10 8 0 0 30 108 62 5 0 0 0 0 0 0 0 0 7 13 10 4 0 3 25 39 34 14 8 69 149 146 78 16 0 0 83 129 90 76 0 0 0 0 34 0 0 0 0 0 0 1 6 0 19 9 0 0 0 0 0 0 0 0 11 25 14 0 0 0 0 0 74 26 0 102 255 255 255 201 139 80 40 22 15 4 0 0 0 0 0 0 0 7 20 33 33 23 13 6 4 6 9 11 16 23 25 20 8 0 0 0 0 1 11 18 10 0 0 0 0 0 0 0 0 0 0 0 20 25 2 0 0 7 22 34 40 38 36 45 58 59 71 106 117 87 57 50 59 48 10 0 0 81 148 135 111 65 6 0 24 22 0 0 0 0 1 32 38 18 0 0 6 25 25 11 0 0 8 35 48 35 10 0 0 0 0 11 1 0 0 0 0 0 4 27 16 0 0 0 0 0 0 0 0 1 0 0 0 0 -2147483648 
-2147483648 6 19 14 13 9 4 6 3 4 3 0 0 0 0 0 0 7 7 4 19 24 12 0 0 0 0 0 2 9 7 0 0 0 5 12 2 25 35 0 0 0 0 0 0 0 0 27 35 0 0 38 94 58 15 5 8 14 11 2 5 15 16 12 5 0 0 0 0 19 65 75 44 8 19 61 32 0 0 0 11 145 104 41 40 0 0 0 0 0 0 0 0 0 0 6 8 0 1 17 0 0 19 17 4 0 6 8 0 5 0 0 0 0 0 22 6 0 0 88 255 255 255 167 104 67 37 25 22 14 0 0 0 0 9 33 22 13 17 20 17 10 2 0 0 0 14 23 24 21 14 5 0 0 0 0 2 19 37 44 43 31 4 0 0 0 0 0 0 0 24 41 20 0 0 0 0 0 0 21 33 32 19 2 0 0 0 0 0 10 18 1 0 0 0 0 0 0 32 82 94 122 137 84 39 36 49 43 5 0 0 2 31 34 20 1 0 0 1 29 73 77 46 39 64 59 14 0 0 0 0 0 0 0 6 10 0 0 0 0 7 15 3 0 0 0 0 0 0 0 0 0 0 0 0 -2147483648 
-2147483648 4 11 0 0 0 0 9 2 0 0 3 0 0 0 10 12 8 6 2 0 0 0 0 0 0 0 0 2 0 0 0 6 3 0 0 33 115 173 127 14 0 0 0 0 0 0 0 0 10 10 4 3 6 11 15 15 14 14 13 6 2 9 7 0 0 0 0 0 1 56 73 41 13 24 75 82 0 0 0 0 107 77 49 0 0 55 73 0 0 0 0 0 0 0 5 20 0 0 0 8 0 9 53 35 0 1 8 0 0 0 0 0 0 11 65 29 0 19 255 255 255 184 106 68 35 17 19 15 0 0 0 0 20 32 34 36 36 31 21 8 0 0 0 0 1 2 1 0 0 0 0 0 0 1 0 0 5 5 0 0 0 0 0 0 0 0 0 4 5 10 31 34 0 0 0 0 0 0 0 0 0 0 6 7 0 0 0 0 0 0 0 0 0 0 0 22 37 14 10 17 51 107 134 109 50 24 26 13 2 14 22 25 36 29 11 5 1 0 13 60 99 76 51 46 24 0 0 23 9 0 0 7 17 8 9 18 20 23 7 0 0 0 0 0 0 0 0 0 0 0 0 7 0 0 -2147483648 
-2147483648 0 0 0 0 0 0 0 0 0 6 8 6 12 7 5 13 7 2 10 2 0 0 5 6 6 11 13 5 0 0 6 11 0 0 73 200 255 255 255 255 179 84 0 0 0 0 0 0 0 0 0 0 0 5 8 0 0 8 3 0 0 0 0 0 0 0 0 0 0 0 0 2 1 23 77 80 0 0 0 45 66 61 51 5 65 147 0 0 0 0 0 0 0 0 0 0 13 15 30 43 23 4 16 9 0 6 26 0 0 0 0 33 71 44 13 5 31 205 255 255 202 113 58 36 24 21 17 7 0 0 2 18 17 1 6 31 34 16 5 4 2 0 0 0 0 0 0 0 0 0 0 0 0 0 0 0 0 0 0 0 0 0 7 32 38 41 44 26 0 0 0 0 23 36 37 31 0 0 0 0 0 0 0 16 40 41 27 23 18 0 0 0 0 0 0 0 0 0 0 0 0 0 67 120 92 44 19 19 26 15 0 0 0 0 12 25 19 0 0 0 9 38 30 4 0 15 18 3 11 12 0 0 0 3 29 37 4 1 29 0 0 0 14 3 0 0 0 0 0 0 0 0 0 11 -2147483648 
-2147483648 0 0 6 11 0 0 3 7 4 0 1 9 9 7 12 9 0 0 0 0 8 17 15 10 8 8 1 0 5 19 11 0 0 96 230 255 255 252 238 223 181 218 255 149 0 0 0 17 0 0 0 0 0 12 16 19 18 14 0 0 0 0 0 0 0 0 0 0 0 0 0 0 3 4 5 0 0 150 205 103 14 0 0 0 25 0 0 0 0 0 0 6 22 0 0 0 35 71 88 59 15 0 0 0 0 27 37 5 0 0 11 82 147 106 9 34 200 255 255 213 112 72 43 14 4 0 0 0 0 5 29 12 0 0 14 29 28 17 6 2 4 7 6 0 0 0 0 0 0 0 0 0 0 0 0 0 0 0 0 0 12 3 0 0 0 0 0 0 0 0 0 0 22 62 66 56 41 21 5 0 0 0 0 0 0 7 36 45 36 15 0 0 0 0 0 0 0 0 2 0 0 0 0 78 126 83 34 31 34 18 0 0 0 0 1 29 0 0 0 0 0 12 6 0 0 25 16 0 14 32 43 25 14 4 0 14 10 0 0 0 0 0 17 15 13 13 12 0 0 0 0 0 0 0 -2147483648 
-2147483648 9 3 1 7 16 25 19 7 6 0 0 2 10 5 3 0 0 0 1 0 0 0 1 14 8 0 0 0 4 9 8 0 34 156 228 183 117 84 70 54 38 81 207 255 206 76 14 21 0 0 0 0 0 1 0 0 0 0 0 24 55 36 0 0 0 0 0 0 0 0 0 0 0 0 0 0 0 147 174 38 0 0 0 0 0 0 0 0 0 0 0 10 49 63 63 57 73 79 52 33 8 0 0 0 0 0 0 0 0 2 29 46 25 44 101 222 255 255 255 140 73 41 26 16 13 0 0 0 0 0 0 0 16 32 37 30 17 8 4 0 0 0 0 0 0 0 0 0 0 0 0 0 0 0 0 0 0 0 14 26 5 0 0 0 0 0 0 0 0 0 1 17 31 49 59 70 96 116 117 101 68 33 2 0 0 0 0 7 8 6 1 0 0 0 0 0 28 59 36 7 0 0 0 18 102 106 71 51 41 23 0 0 0 0 0 11 0 0 0 42 18 0 0 0 0 0 2 15 14 22 23 21 21 0 0 0 14 12 0 0 28 24 7 11 26 18 17 32 8 0 0 0 0 0 -2147483648 
-2147483648 15 9 0 3 8 5 0 0 0 0 0 6 5 0 0 0 0 1 0 0 0 0 0 0 0 5 7 0 0 0 0 6 52 122 114 50 9 1 0 0 0 0 9 119 205 154 48 0 4 29 23 18 15 1 0 0 0 0 0 54 127 167 125 46 9 0 0 0 0 0 0 0 2 8 0 0 0 0 0 0 0 0 0 0 0 0 0 0 14 22 5 0 0 0 0 0 14 65 24 0 0 0 0 13 8 0 0 0 0 27 47 36 0 0 180 255 255 255 169 102 59 28 16 18 11 0 0 12 7 0 0 0 27 34 21 8 0 0 0 0 0 0 0 0 0 0 0 0 0 0 0 0 0 11 0 0 0 0 0 0 9 27 46 59 54 55 77 92 88 77 65 44 24 22 37 51 54 61 80 97 102 96 76 52 41 43 50 56 48 36 34 24 0 0 0 0 17 68 34 12 28 0 0 0 28 68 83 72 45 23 15 22 4 0 1 0 27 103 112 57 2 0 0 0 0 0 0 12 0 0 0 0 0 0 9 9 29 23 8 18 28 10 0 15 15 3 15 31 26 0 0 0 0 0 -2147483648 
-2147483648 0 0 0 0 0 0 0 0 0 0 9 6 0 7 4 0 0 0 0 8 14 9 0 0 0 0 3 0 0 0 0 0 0 0 0 0 0 0 0 0 0 0 0 12 43 52 25 0 26 141 129 53 16 0 0 0 0 0 0 16 42 83 127 115 68 44 23 5 19 20 1 0 16 2 0 0 0 0 0 0 0 0 0 0 0 0 0 15 24 31 30 4 0 0 0 0 10 71 58 4 0 7 12 26 19 0 0 0 12 23 22 6 0 97 255 255 255 166 103 59 37 26 21 7 0 0 31 45 19 0 0 0 23 29 20 5 0 0 0 0 0 0 0 0 0 0 0 0 0 0 0 0 8 0 0 0 0 7 21 26 34 55 90 119 114 88 80 88 86 65 42 29 8 0 0 0 0 0 5 23 44 56 61 61 60 68 71 62 53 55 61 58 44 11 0 0 27 38 12 23 43 19 0 0 0 23 53 48 34 26 30 44 52 20 0 2 73 161 129 37 7 0 0 0 0 4 10 6 0 0 0 0 0 1 25 22 19 5 2 17 0 0 0 5 4 5 5 0 0 0 0 0 0 0 -2147483648 
-2147483648 0 0 0 0 0 0 1 7 5 15 10 0 0 7 11 1 4 19 24 17 2 0 1 0 0 0 0 5 2 0 0 0 0 0 0 0 0 0 13 25 17 0 0 0 0 0 0 0 14 101 105 39 0 0 0 0 0 0 0 0 0 0 0 22 21 19 92 160 115 43 16 6 11 0 0 0 0 0 0 0 0 0 0 0 0 43 72 35 15 38 90 83 47 69 154 211 150 47 0 0 26 47 23 0 0 0 0 12 50 88 5 0 99 255 255 255 168 94 55 36 27 15 2 0 0 6 12 10 7 25 59 63 41 23 11 1 0 0 0 0 0 0 0 0 0 0 0 0 0 0 0 0 0 0 0 0 28 28 9 0 0 0 6 15 6 0 0 0 0 0 0 0 6 8 0 0 0 0 0 0 3 20 36 42 36 24 18 16 12 2 0 0 10 24 33 60 57 0 0 34 46 15 11 15 4 0 16 25 25 26 24 25 39 36 19 32 68 76 25 0 0 9 36 29 12 21 14 23 44 37 27 8 0 0 6 13 0 0 11 0 0 0 0 0 0 0 0 0 0 0 0 0 0 0 -2147483648 
-2147483648 0 0 10 11 2 0 0 3 4 7 0 0 6 0 0 7 16 6 0 1 0 0 17 24 16 0 0 12 0 0 0 8 0 0 0 0 0 0 0 0 0 0 0 0 7 0 0 0 0 6 0 0 0 0 0 0 0 0 0 0 0 0 0 0 0 0 53 125 101 45 16 4 0 0 0 0 0 0 0 0 0 8 7 0 35 90 73 43 37 51 64 63 80 146 219 222 126 0 0 0 8 15 0 0 0 10 27 24 48 61 7 55 255 255 255 176 104 58 25 12 11 9 4 8 18 17 4 0 9 55 90 76 38 11 0 0 0 0 0 0 0 0 0 0 0 0 0 0 0 3 21 4 0 0 0 17 24 12 0 0 0 0 0 0 0 0 0 0 0 0 0 0 6 37 43 37 33 20 5 0 0 5 12 13 12 11 13 15 10 0 0 0 0 38 70 75 37 0 0 22 43 37 33 25 15 9 11 18 27 34 37 27 28 55 53 29 14 0 0 0 0 0 48 69 65 20 0 13 40 50 15 7 22 21 6 0 0 14 0 0 0 17 5 2 9 0 0 0 6 6 6 0 0 32 -2147483648 
-2147483648 8 2 3 1 3 2 2 1 0 0 0 0 0 0 0 6 1 0 0 0 0 0 0 1 1 0 0 0 0 0 0 3 0 0 0 0 0 0 0 0 0 0 0 0 0 0 0 0 0 0 0 0 0 0 0 10 8 0 0 0 0 13 16 12 11 3 0 8 17 8 0 0 0 0 0 0 0 0 0 6 16 8 10 24 29 31 44 30 15 0 0 0 0 0 0 0 0 0 0 0 0 0 0 0 9 26 36 100 53 0 56 255 255 255 167 100 64 39 18 6 5 6 5 4 6 10 12 9 14 31 35 21 8 3 0 0 0 0 0 0 0 0 0 0 9 2 0 0 0 13 14 7 0 12 39 29 0 0 0 0 0 0 0 0 0 0 0 0 0 0 11 28 37 47 56 53 43 32 15 0 0 0 0 5 15 15 10 13 22 22 14 6 0 9 42 43 0 0 0 16 58 85 65 37 33 45 37 19 18 35 55 53 47 47 29 0 0 0 0 0 0 0 0 0 23 17 8 10 3 10 10 8 20 27 25 8 0 8 13 27 41 18 7 7 0 0 2 0 0 9 7 1 26 93 -2147483648 
-2147483648 18 5 0 0 8 6 0 3 5 0 1 0 0 0 0 0 0 0 0 0 0 5 0 0 0 3 3 0 12 18 0 0 0 0 0 0 0 0 0 0 0 0 0 0 0 0 0 0 0 0 0 0 0 0 0 0 0 0 0 14 33 49 43 22 21 22 8 0 0 0 0 0 0 0 18 0 0 0 0 0 0 20 40 57 32 1 8 0 0 0 0 0 0 0 0 0 0 0 0 0 0 0 0 0 11 25 44 51 3 38 245 255 255 191 110 64 42 28 25 25 16 7 3 0 0 0 0 2 2 0 0 0 0 0 0 0 0 0 0 0 0 0 1 13 2 0 0 0 0 9 7 11 37 57 37 12 0 0 0 0 0 0 2 4 1 0 1 18 25 27 35 38 25 6 0 0 0 0 0 0 0 0 0 0 11 11 0 0 0 0 1 3 0 0 18 12 0 0 28 24 16 43 61 62 64 74 57 26 36 58 56 52 52 53 38 5 0 0 0 0 0 0 0 0 0 16 37 26 0 0 23 22 22 23 30 49 40 27 29 25 11 3 18 10 0 0 0 0 0 0 0 21 119 147 -2147483648 
-2147483648 3 5 8 8 2 2 0 0 2 13 11 0 0 2 9 4 0 1 0 5 22 16 10 4 0 2 0 4 18 5 0 2 0 0 0 0 0 0 0 27 45 0 0 0 0 0 0 0 0 0 0 0 0 0 0 0 0 13 38 39 26 15 15 13 8 14 19 0 0 0 0 0 0 0 0 0 0 0 0 0 0 28 39 32 33 18 0 0 0 0 0 0 0 0 0 0 0 0 0 0 0 0 0 8 4 68 107 0 12 245 255 255 219 137 83 46 30 20 13 8 2 4 11 13 7 2 4 9 10 4 0 0 0 0 0 0 0 0 0 0 18 21 18 9 0 0 0 14 35 37 34 43 62 63 47 40 48 54 49 33 27 35 33 33 31 16 18 41 54 46 31 18 3 0 0 0 0 0 0 0 0 0 0 0 0 0 0 0 0 0 2 0 4 29 38 22 6 28 45 0 0 0 32 54 40 42 42 41 60 79 68 63 77 83 81 67 36 18 12 0 5 2 0 0 0 0 11 15 23 34 35 23 25 29 20 15 27 35 24 6 0 0 0 0 15 16 0 0 13 0 7 108 199 144 -2147483648 
-2147483648 0 0 4 7 0 5 12 0 3 18 15 1 0 1 11 0 0 2 1 3 0 3 12 6 0 0 0 0 0 0 13 8 0 2 0 0 0 5 96 102 0 0 0 0 0 0 0 0 0 0 0 0 0 0 0 0 0 0 12 22 20 6 0 0 0 0 0 0 0 0 0 0 0 0 0 0 0 0 0 0 10 25 26 9 43 45 0 0 0 0 0 0 2 37 33 0 0 0 0 5 0 0 20 46 24 43 88 123 245 255 255 234 154 91 48 22 10 9 7 2 0 2 5 5 6 14 16 5 2 9 11 7 3 1 0 0 0 0 0 0 0 0 0 0 0 0 0 23 32 28 22 27 40 45 43 37 36 44 41 24 15 30 50 61 53 17 0 2 27 37 31 20 10 0 0 0 0 0 0 0 0 0 0 0 0 0 3 0 0 0 7 14 26 43 41 26 15 18 22 10 8 19 26 19 1 0 0 33 43 54 79 80 74 72 80 82 67 53 42 33 20 8 0 9 4 0 0 0 18 25 30 28 24 27 18 0 0 16 15 14 24 9 0 0 2 0 5 12 9 0 29 107 132 0 -2147483648 
-2147483648 0 0 0 0 0 0 0 0 4 5 3 6 5 3 0 0 0 0 0 0 6 8 0 0 1 3 7 0 0 0 0 3 4 0 0 0 2 9 0 0 0 0 0 0 0 0 0 0 0 0 0 0 0 0 0 0 0 0 0 0 0 0 0 0 0 3 0 0 0 0 0 0 0 0 0 0 0 10 24 29 10 4 12 7 8 0 0 0 0 0 0 0 0 0 0 0 0 0 0 0 0 0 19 73 102 36 39 246 255 255 235 140 88 57 36 24 14 7 5 4 3 0 0 0 5 6 1 0 0 0 0 0 0 0 0 0 0 0 0 0 0 0 0 0 0 0 14 23 19 2 0 0 8 5 0 0 0 0 0 0 12 50 59 48 14 0 0 0 0 18 28 22 5 0 0 0 0 11 26 40 37 14 0 0 0 2 9 9 8 3 1 9 28 40 26 20 21 11 21 43 77 81 31 0 0 0 0 14 24 26 50 74 58 38 57 82 85 61 44 49 51 55 35 17 12 0 0 0 0 0 15 50 42 8 2 7 3 1 10 23 45 46 30 32 13 0 22 75 61 14 14 42 49 49 -2147483648 
-2147483648 6 2 0 0 0 0 0 0 0 0 0 0 6 6 0 0 8 7 0 0 8 4 0 0 5 4 2 0 0 0 0 0 9 6 5 10 12 0 0 0 0 0 0 0 0 0 0 0 0 0 0 0 0 0 0 0 0 0 0 0 0 0 0 3 22 0 0 0 0 0 0 0 0 0 0 0 0 8 29 31 18 11 0 0 0 0 0 6 12 7 0 6 24 0 0 0 0 7 9 0 0 21 42 110 170 138 168 255 255 254 152 94 58 40 26 18 13 5 0 0 0 0 0 4 11 12 10 13 16 11 1 0 3 3 0 0 0 0 0 0 0 0 0 0 0 27 51 50 34 19 18 13 0 0 0 0 0 0 0 0 15 34 31 34 36 16 0 0 10 22 16 2 0 0 0 0 18 31 31 28 30 26 15 11 5 0 0 2 3 2 0 1 3 0 0 4 18 26 30 58 98 90 35 4 4 1 1 7 20 29 37 48 37 31 57 85 87 77 71 51 49 73 57 24 13 16 16 0 0 0 11 23 8 0 0 0 0 0 0 37 45 35 29 24 6 0 18 40 44 30 35 50 45 170 -2147483648 
-2147483648 9 2 0 2 9 7 0 0 0 0 0 0 0 0 0 1 7 5 1 0 0 1 5 3 0 0 0 0 1 12 7 0 7 12 13 4 0 0 0 0 0 0 0 0 0 15 1 22 34 15 81 113 9 0 0 0 0 0 0 0 0 0 0 0 0 0 0 0 0 0 0 0 0 0 0 0 0 0 0 18 34 0 0 0 0 0 0 124 173 145 130 150 135 68 8 0 11 15 0 0 3 80 149 135 87 178 255 255 249 159 102 56 21 13 12 8 4 1 0 0 0 1 4 6 6 6 6 7 9 9 3 0 0 0 0 0 0 0 0 0 16 30 0 0 0 27 46 35 13 6 13 0 0 0 0 0 0 0 0 0 0 0 0 20 61 84 87 73 46 16 0 0 0 1 23 36 27 17 19 22 22 25 27 24 13 0 0 0 0 0 0 0 0 0 0 0 0 37 29 49 80 77 49 26 24 8 0 0 0 6 27 23 22 50 63 64 67 69 59 26 0 17 67 77 60 56 53 29 7 14 3 0 0 0 10 0 0 0 0 0 0 0 4 2 0 3 0 0 0 31 88 70 8 0 -2147483648 
-2147483648 0 0 0 9 6 1 0 0 0 0 0 0 0 10 22 17 2 0 9 5 0 0 3 1 0 3 5 3 7 6 8 13 2 0 8 0 0 0 0 0 0 0 9 34 54 18 55 133 62 26 71 13 0 0 0 0 0 0 0 0 0 0 0 0 0 0 0 0 0 0 0 0 54 0 0 0 0 0 0 0 0 0 0 0 0 0 32 248 255 255 255 255 154 59 17 16 20 0 6 13 8 84 146 77 64 226 255 225 137 93 56 23 2 0 0 1 4 4 4 6 7 4 3 2 0 0 0 2 0 0 0 0 0 0 0 0 0 0 0 36 55 4 0 0 0 22 27 11 0 0 0 0 0 0 0 0 0 21 23 3 0 0 16 19 26 72 121 114 65 26 18 25 30 42 48 35 22 15 12 12 10 8 8 7 0 0 0 0 0 0 0 0 0 0 0 0 11 27 1 0 27 51 58 50 38 17 4 5 0 0 4 16 27 30 13 8 33 61 54 37 15 0 17 38 41 47 41 36 28 23 19 0 0 8 13 18 17 23 26 0 0 15 23 0 1 24 4 0 0 42 84 0 0 0 -2147483648 
-2147483648 0 0 2 2 0 1 6 1 6 8 4 1 1 10 19 11 1 4 8 10 3 0 0 0 0 0 0 0 0 0 4 10 0 0 0 0 0 0 0 0 3 14 39 75 100 78 58 0 0 0 0 0 0 0 0 0 0 0 0 0 0 0 0 0 0 0 0 0 0 32 181 112 0 0 0 0 0 0 0 0 0 0 0 0 0 0 0 94 246 255 184 60 0 0 0 0 0 0 2 41 46 66 77 116 254 255 249 142 81 58 37 17 6 3 4 2 2 4 2 0 0 0 0 0 0 0 1 2 0 0 0 5 0 0 0 0 0 0 0 12 27 0 0 0 16 16 11 14 16 11 1 0 0 0 0 20 55 40 23 29 39 51 46 22 26 63 79 58 32 18 10 8 20 25 5 0 0 0 0 0 0 0 0 0 0 0 0 4 12 17 16 12 11 2 0 2 20 14 0 0 1 29 40 32 28 26 15 10 20 21 14 23 30 10 0 0 11 48 69 67 51 18 0 0 0 13 11 20 39 32 28 36 51 46 24 30 36 30 33 25 28 38 17 0 12 25 11 6 19 41 63 30 0 0 -2147483648 
-2147483648 9 11 3 0 0 8 19 23 26 15 0 6 10 0 0 0 0 0 0 8 8 3 4 0 0 2 4 0 0 0 0 9 0 0 0 0 0 0 9 24 46 94 113 95 83 46 0 0 0 0 0 0 0 24 147 154 67 0 0 0 0 0 0 0 0 27 67 0 0 8 0 0 0 0 0 0 0 0 0 0 0 0 0 2 7 5 0 0 0 0 0 0 0 0 0 0 0 16 9 41 102 138 159 231 255 255 175 112 66 33 16 8 8 11 8 1 0 0 2 2 1 0 0 0 5 7 4 1 0 0 3 0 0 6 4 0 0 0 0 0 0 0 16 33 35 18 0 0 0 0 0 0 0 5 9 0 0 0 0 31 58 44 5 0 0 0 0 0 0 0 0 0 1 0 0 0 0 0 0 0 0 0 0 0 0 0 0 0 0 0 12 38 59 62 42 12 0 5 16 30 34 28 18 7 6 23 38 29 23 35 31 28 41 39 43 44 27 31 50 55 45 28 7 0 0 0 0 0 25 34 23 41 68 62 39 26 37 51 33 19 19 0 0 16 23 15 9 13 16 28 69 219 255 220 -2147483648 
-2147483648 6 6 0 0 5 17 43 44 20 0 0 0 11 6 0 0 0 0 0 9 8 0 5 19 1 0 0 0 0 0 0 0 0 0 0 0 0 6 0 16 62 115 96 43 5 0 0 0 0 0 81 205 255 255 255 159 12 0 0 0 0 0 0 0 108 242 143 0 0 0 0 0 0 0 0 0 0 0 0 0 0 0 0 16 24 13 0 0 0 0 0 0 0 10 3 0 38 55 4 56 182 243 234 217 204 155 102 72 40 15 7 8 9 4 0 1 0 0 0 0 0 0 0 1 6 7 2 0 0 0 0 0 0 0 4 15 15 3 17 30 22 32 59 63 39 14 0 0 0 9 8 0 0 0 0 0 0 0 3 3 0 0 0 0 0 0 0 0 0 3 15 13 1 0 0 0 0 0 0 0 0 0 0 0 0 0 0 0 0 0 0 0 8 33 48 34 6 8 46 74 58 24 27 41 35 34 37 28 23 24 21 18 30 45 43 44 45 43 38 42 45 25 15 17 6 0 0 0 0 0 24 29 22 24 55 69 56 38 21 37 41 11 2 7 3 5 21 11 11 64 101 76 112 193 -2147483648 
-2147483648 1 1 3 5 3 9 23 13 0 0 0 4 0 0 0 12 18 40 46 22 6 0 1 39 0 0 0 0 0 0 0 0 0 0 0 0 0 0 0 0 3 0 0 0 0 0 0 7 31 47 97 240 255 255 192 35 0 0 0 0 0 0 0 0 0 0 0 0 0 0 0 0 0 0 6 34 3 0 0 0 0 62 88 38 6 20 58 68 2 0 0 0 14 7 16 29 28 36 67 172 255 255 255 207 141 86 56 28 12 8 4 0 0 0 0 1 2 1 1 2 3 5 3 0 0 0 0 0 0 0 0 1 0 0 0 33 58 64 59 33 15 32 48 34 11 7 15 7 0 0 0 0 0 0 0 2 65 83 36 0 0 0 0 0 0 0 0 0 0 0 0 0 0 0 0 0 0 0 0 4 3 0 0 0 0 0 0 7 5 2 0 0 0 0 30 66 59 39 49 59 35 21 49 76 70 50 30 20 27 30 24 14 8 21 23 25 49 56 47 51 58 46 33 35 16 0 0 0 0 0 3 0 0 8 37 43 26 13 22 35 23 20 23 17 16 12 7 7 44 116 110 0 0 0 -2147483648 
-2147483648 0 1 3 2 6 0 0 0 0 0 7 0 0 0 0 13 50 59 30 0 0 14 14 11 0 0 0 0 0 0 0 0 0 0 24 0 0 0 0 0 0 0 0 0 0 29 137 147 46 0 0 62 173 183 58 0 22 144 112 0 0 0 113 139 0 0 0 0 0 0 0 0 0 0 39 59 15 3 16 0 0 158 247 91 4 107 175 106 0 0 0 0 4 11 23 18 0 24 214 255 255 255 255 255 158 72 33 14 5 2 2 2 2 1 0 0 0 1 1 1 4 9 11 6 0 0 1 9 15 11 3 3 6 12 39 71 87 93 76 39 20 29 37 28 11 0 0 0 0 0 0 0 0 0 4 51 62 32 4 0 0 0 0 0 34 34 12 0 0 0 0 0 0 0 0 0 0 0 0 0 0 0 0 0 0 29 29 19 15 6 0 0 0 0 0 23 45 45 25 11 18 37 62 74 74 63 48 49 43 33 23 9 0 7 34 52 45 40 53 56 59 60 49 49 50 30 0 0 2 0 0 0 0 2 0 0 9 17 32 16 0 35 41 24 23 17 11 38 81 110 24 0 0 0 -2147483648 
-2147483648 0 0 0 0 2 0 0 0 6 11 3 0 0 0 5 38 44 1 0 0 0 3 2 0 0 0 0 0 11 9 0 0 0 0 0 0 7 39 19 0 0 31 96 43 3 101 145 47 0 0 0 0 26 57 29 67 239 243 0 0 43 205 255 255 42 0 0 0 0 0 6 26 21 78 149 127 34 31 61 32 81 225 255 174 98 187 192 0 0 0 0 0 0 18 19 0 0 82 255 255 255 208 185 180 134 75 35 14 4 0 1 3 3 0 0 0 0 0 0 0 0 0 0 5 6 5 0 0 0 1 0 1 14 33 40 31 31 46 45 23 10 24 44 39 17 0 0 0 0 0 0 0 0 0 25 36 20 10 3 0 0 0 55 90 65 41 42 44 32 13 0 0 0 0 0 15 10 0 0 0 0 0 0 0 22 35 24 17 3 0 0 0 0 0 0 0 0 0 17 18 26 49 63 62 60 63 72 80 57 20 0 0 7 20 36 47 47 46 47 46 49 61 60 55 71 56 31 20 0 0 0 0 0 0 0 0 18 22 18 15 21 23 17 13 0 0 24 81 81 28 0 0 0 0 -2147483648 
-2147483648 0 0 0 3 0 0 0 0 0 11 3 0 0 0 1 2 0 0 0 0 1 0 0 0 0 59 37 0 0 0 0 0 0 17 8 32 80 68 51 49 102 255 255 218 65 38 0 0 134 111 10 4 0 13 105 215 255 157 0 0 68 128 102 117 143 116 6 0 0 12 135 120 83 134 172 181 174 198 250 250 255 245 193 252 237 119 2 0 0 0 0 0 0 0 0 41 145 254 255 255 160 81 56 57 46 23 2 0 0 2 2 1 0 1 1 0 0 0 0 0 0 0 0 0 0 0 0 0 0 3 6 7 10 15 18 15 16 22 17 0 0 9 30 21 6 1 0 0 0 0 20 28 2 7 32 38 39 52 48 21 23 74 119 107 61 36 37 37 28 10 0 0 0 0 21 20 7 0 0 0 0 0 0 28 34 22 2 0 0 0 0 0 0 0 0 0 0 0 0 0 25 37 32 46 59 65 74 70 62 42 22 17 12 9 14 19 40 53 45 50 49 63 80 57 39 54 81 56 17 15 1 0 0 4 3 0 0 3 8 21 22 0 0 18 8 0 14 59 57 0 0 51 154 96 -2147483648 
-2147483648 0 0 0 0 0 0 5 2 0 0 4 8 7 9 0 0 0 0 0 8 24 0 0 0 0 11 39 3 0 0 23 21 48 59 36 47 64 95 207 255 247 225 255 255 255 88 0 135 255 255 175 36 0 0 138 255 255 37 0 0 0 0 0 11 138 144 12 0 0 82 218 209 147 109 56 149 255 255 255 255 255 143 6 95 118 0 0 0 0 0 14 27 0 0 0 34 252 255 255 171 97 51 24 10 0 0 0 2 0 0 0 0 0 2 5 2 2 4 6 11 11 3 0 0 0 3 8 9 8 4 0 0 0 0 0 5 28 36 20 0 0 6 1 0 0 0 0 0 0 10 47 52 38 34 37 35 26 22 41 79 109 102 61 26 16 13 10 9 6 0 0 0 0 6 0 0 0 0 0 0 7 32 29 11 0 0 0 0 0 17 32 13 0 0 0 0 0 0 0 0 0 0 0 0 22 44 53 46 49 58 56 39 18 6 1 7 24 43 51 43 44 60 69 66 61 66 74 73 55 22 4 9 11 10 16 13 2 0 0 9 31 41 25 18 29 42 55 34 0 0 0 85 137 65 -2147483648 
-2147483648 8 10 0 0 0 0 0 5 3 0 7 16 8 14 7 0 0 0 0 13 21 0 0 0 0 0 40 40 26 28 41 33 32 35 21 15 17 108 255 255 255 74 74 255 255 121 60 175 255 255 161 23 0 34 143 213 127 20 99 84 0 0 6 42 58 0 0 29 75 173 255 255 199 65 10 96 251 255 223 190 88 0 0 0 0 0 0 0 0 0 0 3 1 0 15 133 255 255 214 119 69 30 0 0 1 15 19 10 0 0 0 0 0 0 0 0 4 6 3 0 0 0 0 0 0 0 4 3 1 3 5 1 0 0 0 0 4 24 23 8 10 13 2 0 0 0 0 0 24 62 42 20 35 55 38 0 0 0 20 71 84 50 11 0 0 0 0 0 0 0 0 0 15 15 3 0 0 0 0 19 29 31 16 0 0 0 0 10 10 23 15 0 0 0 0 0 0 0 0 0 0 0 0 0 0 0 9 41 48 54 57 43 29 22 6 0 9 35 50 44 47 57 51 49 65 68 52 58 70 56 34 17 8 2 4 5 0 0 9 14 22 39 47 34 24 37 68 51 0 0 0 0 0 0 -2147483648 
-2147483648 9 6 9 4 0 3 2 0 0 0 4 0 3 8 0 5 21 10 0 6 0 0 0 0 0 0 36 64 27 0 14 33 18 18 24 6 0 0 61 191 255 183 26 124 209 104 130 140 10 0 4 20 41 91 133 124 30 61 159 20 0 42 30 50 68 21 5 41 116 208 207 183 126 49 76 99 57 0 0 0 0 0 0 0 0 0 0 0 0 20 0 0 1 41 185 255 255 219 121 62 42 35 22 6 0 0 0 0 2 5 4 2 2 0 0 0 1 0 0 0 0 1 3 2 0 0 0 0 0 4 10 12 9 6 12 24 29 25 27 33 30 22 23 29 15 0 0 0 23 31 0 0 30 47 19 0 0 0 24 26 4 0 5 6 0 0 0 0 0 0 0 8 6 0 0 0 0 0 0 0 0 0 0 0 0 0 0 0 0 0 0 0 0 0 0 0 0 0 0 0 0 0 0 0 0 0 0 0 0 17 39 55 51 21 1 0 0 8 32 49 53 48 48 40 38 65 69 52 69 78 52 29 24 24 13 0 0 7 17 24 10 5 31 42 42 58 71 75 0 0 0 0 0 0 -2147483648 
-2147483648 0 0 1 0 0 7 9 5 9 11 0 0 3 5 2 0 0 12 4 0 0 0 0 0 0 0 1 37 0 0 0 39 55 70 131 97 0 0 0 0 90 238 134 0 53 224 255 184 17 0 0 16 61 34 0 0 18 134 85 0 0 0 0 0 22 128 152 177 255 255 147 54 36 68 90 42 0 0 0 0 0 0 0 0 0 0 0 12 7 1 3 0 0 96 255 255 255 127 74 55 43 35 32 28 16 4 0 0 1 1 2 7 8 3 0 0 0 1 2 2 0 0 0 7 17 21 17 12 9 6 2 4 12 18 29 46 47 32 30 42 42 28 19 23 33 27 6 0 0 0 0 13 36 29 22 36 53 50 31 11 0 0 7 0 0 0 0 0 0 0 0 12 8 0 0 0 0 0 0 0 0 0 0 0 0 0 0 0 0 0 0 0 9 33 35 43 51 61 39 0 0 0 0 0 0 0 0 0 0 0 0 36 64 38 7 7 6 4 16 37 49 37 50 71 58 52 57 68 77 74 68 51 35 34 33 34 31 17 12 17 19 14 16 40 70 96 107 20 0 0 43 37 44 17 -2147483648 
-2147483648 0 0 0 0 0 0 0 4 10 0 0 0 1 1 4 0 0 2 0 0 0 0 47 67 23 0 0 1 2 2 0 28 114 191 207 96 13 0 0 0 0 70 55 0 26 255 255 206 106 40 0 0 0 0 0 0 0 99 39 0 0 0 0 0 0 53 173 255 255 255 87 16 59 98 49 0 0 0 0 0 0 0 0 0 0 0 2 31 5 0 0 0 15 251 255 255 153 86 57 45 35 26 24 25 19 8 0 0 0 0 0 3 3 3 5 4 1 4 8 7 4 2 5 8 10 13 12 9 6 3 2 3 9 17 23 21 9 2 6 23 37 27 10 7 13 26 35 8 0 0 0 9 29 35 43 56 55 35 15 6 0 0 0 0 6 42 13 0 0 0 2 0 0 0 0 0 0 0 0 0 0 0 0 0 0 0 0 0 0 0 0 0 14 47 68 105 126 85 19 0 0 0 0 0 0 0 0 0 0 0 0 0 28 54 42 26 14 0 3 40 56 55 54 70 82 58 48 68 75 75 84 70 44 30 25 35 41 37 33 25 18 13 15 44 77 104 63 0 0 0 84 162 129 30 -2147483648 
-2147483648 0 0 0 3 5 3 0 0 0 0 0 0 0 0 0 0 0 0 0 0 0 0 99 67 0 0 0 11 41 18 0 33 151 181 22 0 52 234 231 91 7 0 0 3 83 212 220 135 83 58 35 1 0 0 0 0 0 0 0 0 0 0 0 0 0 0 55 192 255 143 0 0 28 43 0 0 0 0 0 0 0 46 91 37 0 0 10 15 16 27 20 1 146 255 255 164 88 64 43 21 12 10 10 8 2 0 0 0 0 0 3 2 0 0 1 0 0 4 8 10 11 11 8 5 2 1 2 1 0 0 0 0 0 0 0 0 0 0 0 13 20 15 9 0 0 0 5 22 5 0 0 16 33 36 16 0 0 0 0 0 0 0 0 0 0 0 0 0 0 0 0 0 0 0 0 0 0 0 0 14 20 3 0 0 0 0 0 0 0 0 0 0 3 39 74 81 43 0 0 0 0 0 1 5 0 7 0 0 0 0 0 0 0 32 54 26 0 0 0 16 38 56 57 44 34 36 58 70 57 61 79 78 54 24 14 14 15 28 35 29 21 16 26 39 58 90 0 0 0 39 52 93 73 2 -2147483648 
-2147483648 0 0 7 3 0 0 0 0 0 0 0 0 0 0 0 0 0 0 0 0 0 0 65 58 0 2 19 43 62 53 38 43 61 0 0 0 192 255 255 255 162 96 86 117 117 55 12 48 89 92 77 40 0 0 0 0 0 0 0 0 113 158 157 30 0 0 11 62 66 14 0 0 0 0 0 0 0 0 0 0 48 114 119 34 0 0 0 0 0 77 148 196 255 255 191 109 69 34 13 5 3 2 2 1 0 0 0 0 0 0 0 0 0 0 0 0 0 0 0 0 0 1 2 1 0 0 0 0 2 0 0 0 0 0 0 2 12 13 13 14 10 12 10 0 0 0 8 9 11 27 43 40 18 0 0 0 0 0 0 0 0 0 0 0 0 0 0 0 0 0 0 0 0 0 0 0 0 0 24 15 2 0 0 0 0 0 0 0 0 8 7 5 11 17 12 0 0 0 0 0 0 17 40 28 4 0 0 5 0 0 0 0 0 0 40 54 24 12 3 0 14 35 44 42 20 17 38 49 53 62 59 58 52 21 2 2 3 19 31 19 10 22 44 49 54 48 0 0 0 67 21 0 0 0 -2147483648 
-2147483648 13 11 4 0 0 0 0 0 0 0 0 0 0 0 0 0 19 37 0 0 0 0 0 33 59 45 39 33 37 69 69 0 0 0 0 168 213 154 148 168 145 107 93 103 41 0 0 73 169 141 84 64 50 13 0 0 0 0 0 106 255 255 255 145 24 37 48 34 0 0 0 0 0 0 0 0 0 19 0 20 78 62 3 0 5 0 0 0 0 31 194 255 255 255 141 92 54 23 8 11 13 10 6 2 0 0 0 0 1 1 0 1 2 1 1 3 3 1 0 1 2 3 4 0 0 0 0 0 0 0 0 0 1 2 10 16 8 5 8 4 2 8 6 0 12 28 20 3 12 35 42 25 0 0 0 0 0 0 0 0 0 0 0 0 0 0 0 0 0 0 0 0 0 0 0 0 0 0 15 0 0 0 0 0 0 0 0 0 0 0 0 6 0 0 0 0 0 0 0 3 25 16 0 0 0 0 0 6 5 4 0 0 0 0 0 58 65 36 19 11 9 24 39 49 56 53 43 41 58 60 45 51 69 56 31 17 3 3 7 11 22 38 46 39 60 6 0 0 94 140 62 0 0 0 -2147483648 
-2147483648 0 0 0 0 0 0 0 0 0 7 12 0 0 8 51 82 104 84 0 0 0 0 0 1 66 41 1 0 0 16 17 0 0 0 153 245 66 0 0 0 0 0 37 8 0 0 32 129 108 50 58 98 123 95 42 13 0 0 162 255 254 240 186 124 102 90 54 4 0 0 0 0 0 0 0 0 0 14 19 68 86 0 0 0 26 0 0 0 4 68 196 255 255 157 80 45 31 21 15 14 13 9 3 0 0 1 3 3 2 3 4 4 4 5 5 4 7 9 7 8 9 2 0 0 0 8 14 2 0 0 0 0 0 0 7 21 24 20 13 6 5 5 4 13 26 15 0 0 15 1 0 0 0 0 0 0 0 0 0 0 3 0 0 0 0 0 0 0 0 0 0 11 0 0 0 0 0 0 0 0 0 0 0 9 22 16 7 0 0 0 0 0 0 0 0 0 0 0 0 7 0 0 0 0 0 0 0 2 0 0 0 0 0 0 0 0 37 51 30 14 3 14 29 38 56 69 65 55 46 35 41 53 63 78 80 56 20 0 0 12 42 47 31 23 66 0 0 0 151 155 52 0 0 26 -2147483648 
-2147483648 0 0 0 0 0 2 0 0 0 4 0 6 26 39 46 0 0 0 0 0 0 0 0 0 0 0 0 0 0 0 0 0 0 55 160 167 0 0 0 0 0 0 0 0 0 44 131 58 0 0 72 149 169 154 103 45 0 0 217 206 0 0 0 1 37 9 0 0 0 0 0 0 0 0 0 1 2 0 27 27 0 0 0 0 10 12 15 30 115 194 237 255 196 101 46 25 24 20 16 6 0 0 0 0 0 0 3 3 1 0 0 1 1 0 0 0 0 0 0 0 0 0 0 0 1 2 2 5 4 0 0 1 1 0 0 2 15 15 5 0 0 0 1 4 0 0 0 0 0 0 0 0 0 0 0 0 0 0 0 0 1 0 0 0 0 0 0 10 25 0 0 19 17 8 15 22 37 24 0 0 0 0 0 0 0 0 0 0 0 0 0 0 0 0 0 0 0 0 0 0 0 0 0 0 0 8 3 1 3 9 15 8 0 0 0 0 0 5 25 19 4 0 3 19 42 52 45 40 39 43 57 58 42 59 89 88 77 38 0 3 22 23 18 23 73 78 27 91 145 47 0 0 23 45 -2147483648 
-2147483648 11 0 0 0 0 2 7 6 0 0 0 0 0 0 0 0 0 0 0 0 30 0 0 0 0 0 0 0 0 57 71 37 3 3 48 28 0 0 0 0 0 0 0 0 44 113 103 0 0 0 105 129 127 146 156 131 80 54 49 0 0 0 0 0 0 0 0 0 0 0 0 0 0 0 0 45 38 17 45 0 0 0 0 0 2 28 48 81 107 197 255 179 107 78 51 27 13 14 16 9 2 0 0 1 1 0 0 0 0 0 0 0 0 0 0 0 0 0 0 0 0 1 3 4 1 0 0 0 0 0 0 0 0 0 0 0 0 0 0 0 0 0 0 0 0 0 0 3 1 0 0 0 0 0 0 0 0 0 4 0 0 0 0 0 0 2 28 58 23 0 0 0 0 18 40 30 9 0 0 0 0 0 0 0 0 0 0 0 0 0 0 0 0 0 0 0 0 0 0 0 0 0 0 3 4 1 0 0 0 0 5 10 15 0 0 0 0 0 0 41 39 18 6 17 36 44 38 40 48 49 56 58 52 58 69 79 84 76 51 22 20 23 10 6 46 158 255 255 255 77 0 0 4 14 -2147483648 
-2147483648 4 0 0 0 0 0 0 0 0 0 0 0 0 0 0 0 0 0 0 0 0 0 0 0 0 24 19 0 27 82 58 0 0 0 0 0 100 194 112 111 159 76 2 31 97 92 34 13 39 41 12 1 15 59 99 102 87 63 0 0 0 0 0 0 4 23 11 0 0 0 0 0 0 0 12 33 39 34 22 0 0 0 0 0 4 5 63 121 130 195 204 119 70 55 41 24 17 16 10 6 5 2 1 2 1 0 0 0 0 2 3 0 0 0 0 2 3 0 0 0 0 0 1 1 0 0 0 0 3 5 1 0 1 5 3 0 0 0 0 0 0 0 0 3 0 0 9 5 0 0 0 0 0 0 0 0 0 0 41 14 0 0 0 0 1 40 63 40 2 13 21 0 0 0 24 13 0 0 0 0 0 0 0 0 0 0 0 0 0 0 8 0 0 2 0 0 0 0 0 0 0 0 14 15 0 0 0 0 0 0 0 5 13 3 0 0 0 0 0 0 36 40 27 16 11 25 41 35 28 28 30 39 59 63 48 49 54 66 80 59 26 14 18 38 38 131 255 255 255 90 0 0 3 25 -2147483648 
-2147483648 0 0 0 0 0 0 0 0 0 0 0 0 0 0 0 0 37 92 23 0 0 0 15 14 19 15 5 7 17 0 0 0 0 19 20 53 192 255 255 255 255 49 0 0 23 4 0 19 140 93 0 0 0 0 0 0 0 0 12 0 0 26 35 5 12 43 22 0 0 0 0 1 26 51 43 11 15 16 0 0 24 23 0 0 32 28 22 67 208 239 144 96 61 32 28 27 21 10 2 0 0 0 0 0 0 1 2 0 0 2 3 0 0 4 4 0 0 0 0 0 0 0 1 2 3 2 2 7 5 0 1 6 9 6 0 0 0 0 1 5 9 13 23 27 8 0 8 0 0 0 0 0 0 0 0 0 0 23 29 0 0 0 3 25 31 44 39 27 58 74 26 0 0 5 11 0 0 5 5 0 0 0 0 0 0 0 0 0 0 0 0 0 0 0 0 0 0 0 0 12 26 24 22 23 6 2 11 9 7 0 0 5 0 0 6 0 0 0 0 0 0 12 29 21 11 21 41 44 24 10 16 27 36 47 42 40 51 50 47 39 19 7 29 59 0 0 0 124 85 0 0 0 28 32 -2147483648 
-2147483648 2 5 0 0 0 0 0 0 0 0 0 0 0 0 0 24 123 202 170 65 22 38 45 14 0 17 53 48 0 0 0 35 102 91 47 34 37 0 41 144 86 0 0 16 0 0 0 0 98 97 0 0 0 0 0 0 0 0 0 91 88 64 64 59 56 30 0 0 0 0 0 0 18 43 49 21 11 0 0 0 3 9 0 0 9 30 3 81 230 198 100 53 21 6 0 0 0 0 0 0 0 0 0 0 1 2 3 5 4 0 0 0 3 4 5 5 3 5 10 10 6 4 4 1 0 0 0 0 0 0 0 0 0 0 0 2 3 2 4 7 7 6 11 0 0 0 0 0 0 0 0 0 0 0 0 0 7 33 0 0 0 0 9 27 30 31 18 33 55 16 0 0 0 0 0 19 18 0 0 0 0 0 0 0 0 0 0 0 0 0 0 0 0 0 0 0 0 0 7 18 16 15 15 14 18 12 7 5 1 0 0 3 5 3 0 0 0 0 0 0 0 0 10 26 32 27 29 45 42 27 18 22 28 24 33 57 72 61 46 35 22 11 24 57 0 0 0 0 0 0 0 22 24 14 -2147483648 
-2147483648 12 0 1 43 58 19 0 0 0 0 0 0 7 38 56 110 139 140 208 239 165 79 38 6 12 85 129 111 28 0 24 114 146 111 41 0 0 0 0 22 55 84 123 94 7 0 0 9 23 24 0 0 0 0 0 0 0 0 0 60 122 121 115 121 87 0 0 0 0 0 0 0 8 0 0 34 17 0 0 0 0 0 20 0 0 55 153 255 255 150 78 40 25 11 0 0 0 0 0 0 0 0 0 1 1 0 0 0 1 0 0 0 0 0 0 0 0 3 4 4 2 0 0 0 0 0 0 0 0 0 0 0 0 0 3 2 0 0 0 0 0 0 0 0 0 0 0 0 0 4 0 0 0 0 0 0 0 0 0 0 0 0 0 18 38 27 17 29 10 0 0 0 0 0 0 4 3 0 0 0 0 0 0 0 0 0 0 0 0 0 0 0 0 0 0 11 0 0 10 0 0 0 0 0 4 4 0 0 2 3 2 0 1 5 2 3 8 0 0 0 0 0 0 7 29 22 20 24 35 47 30 9 12 20 32 44 57 60 60 68 45 18 42 89 157 145 0 0 0 0 8 20 0 0 -2147483648 
-2147483648 9 4 2 17 0 0 0 0 0 0 4 27 82 130 131 124 81 34 137 255 216 95 10 0 38 100 106 72 47 85 135 130 99 51 0 0 3 104 136 119 131 141 116 54 0 0 0 0 0 0 6 0 0 0 0 0 0 0 0 48 156 206 165 125 57 0 0 0 0 0 0 0 37 21 0 0 0 0 0 18 20 21 31 30 72 139 255 255 255 139 87 46 20 14 11 4 1 1 3 1 0 0 0 0 0 0 2 3 0 0 0 0 0 0 0 0 0 0 0 0 0 0 0 0 0 0 0 0 0 0 0 0 0 0 0 0 0 0 0 0 0 2 0 0 0 0 0 0 20 0 0 0 0 0 0 0 0 0 0 0 1 0 2 21 23 8 23 21 0 0 0 8 8 2 0 0 0 0 0 0 0 0 0 0 0 0 0 0 0 0 0 0 0 0 17 11 0 0 2 0 2 5 0 0 0 0 0 0 0 2 3 0 0 0 0 4 0 0 5 0 0 0 0 0 0 31 36 28 31 46 44 24 24 40 33 9 5 34 55 51 40 42 90 128 145 250 255 167 0 0 44 29 29 26 -2147483648 
-2147483648 8 21 0 0 0 0 0 0 31 50 24 45 105 130 131 100 55 49 30 0 0 0 0 0 0 0 0 0 0 77 101 58 3 0 0 0 84 207 226 167 125 93 42 16 0 0 0 0 0 0 22 5 0 15 89 88 29 43 84 127 208 221 123 0 0 0 0 0 0 0 0 0 8 30 15 0 0 0 0 26 50 21 18 64 56 105 254 240 133 84 55 31 11 2 0 4 10 11 7 1 0 0 1 0 0 1 3 3 3 6 8 5 2 3 8 12 2 0 0 1 1 0 4 7 3 0 0 0 0 0 0 0 0 0 0 0 0 0 0 3 6 9 2 0 0 19 21 11 26 20 0 8 22 4 0 0 0 0 0 0 0 4 10 5 0 0 8 0 0 0 0 6 7 0 0 0 0 0 9 0 0 0 0 0 0 0 0 0 0 0 0 0 0 18 22 15 4 0 0 0 0 0 0 0 0 0 0 0 0 0 4 3 0 0 0 0 0 4 7 1 0 0 0 0 0 0 18 38 37 36 42 56 62 48 30 9 0 14 27 23 29 77 120 110 62 77 189 177 30 2 37 24 48 57 -2147483648 
-2147483648 0 0 0 0 0 16 66 72 47 32 54 100 95 81 95 59 4 0 0 0 0 0 0 0 0 0 0 0 0 11 0 0 0 0 0 14 58 98 119 92 56 36 21 16 8 0 2 9 7 0 0 0 0 0 53 79 57 65 107 161 204 146 0 0 0 0 0 0 0 0 0 26 0 0 39 37 5 0 0 0 0 0 73 149 114 198 251 149 89 53 24 16 14 12 10 7 2 0 0 0 2 5 5 4 4 5 4 0 1 5 6 7 8 10 13 9 3 6 12 14 13 12 11 4 0 0 0 0 1 7 11 11 10 5 0 0 1 0 0 0 0 0 0 0 0 21 53 45 46 53 49 50 48 25 1 6 1 0 0 1 10 25 20 0 0 0 0 0 0 0 6 0 0 0 0 0 0 0 25 31 9 0 0 0 0 0 0 0 7 0 0 0 0 0 8 29 29 13 2 0 0 0 0 0 0 0 1 2 0 0 0 0 0 0 0 3 5 0 0 0 7 0 0 0 0 0 0 0 21 33 48 64 54 48 49 29 21 13 8 22 58 118 46 0 0 29 42 10 6 22 15 12 21 24 -2147483648 
-2147483648 0 0 0 15 76 78 60 37 0 33 100 85 23 13 18 0 0 0 0 0 0 0 11 29 0 0 0 0 0 0 0 0 0 0 4 65 32 10 30 38 21 12 6 0 0 48 86 38 0 0 0 0 0 0 0 20 74 90 53 54 63 0 0 0 0 0 0 0 0 0 1 9 0 0 59 75 0 0 17 0 0 0 67 127 255 255 253 132 93 54 27 14 12 13 10 5 0 0 1 2 2 3 3 2 3 3 0 0 0 0 2 0 0 0 0 0 3 11 7 1 4 10 7 0 0 0 0 0 4 12 12 6 0 0 0 0 0 0 0 0 0 0 0 1 14 28 48 63 48 44 68 70 36 0 0 16 21 30 26 14 19 18 7 1 6 7 0 0 0 0 0 0 0 0 0 0 0 0 1 20 59 75 55 7 0 0 0 0 22 17 8 13 29 13 0 0 19 21 0 0 1 11 0 2 19 6 0 3 1 0 0 0 4 14 2 0 0 0 0 1 11 17 0 0 0 0 0 0 0 26 49 46 25 23 42 50 33 20 18 28 83 133 44 0 0 0 0 0 0 24 15 25 20 7 -2147483648 
-2147483648 0 0 27 71 55 19 0 0 6 19 0 0 0 0 0 0 0 0 0 0 0 0 13 20 0 0 0 0 0 0 0 0 0 0 54 63 0 0 0 0 0 0 0 0 0 0 0 0 0 0 0 15 21 0 0 0 56 101 57 0 0 0 0 0 0 0 0 0 0 0 0 0 0 16 20 10 0 0 0 0 10 76 32 11 216 255 161 78 35 24 24 25 22 12 3 2 5 4 0 0 0 0 1 3 4 2 0 0 0 1 2 0 0 0 0 0 4 2 1 4 6 2 0 0 0 0 0 2 2 0 0 0 0 0 5 0 0 0 0 0 1 0 11 50 82 68 44 47 47 51 68 71 42 8 5 9 12 23 18 13 8 0 0 0 0 0 0 0 0 0 0 0 0 0 0 0 6 0 0 0 21 70 37 0 0 0 0 0 0 8 27 52 44 0 0 0 0 9 15 22 32 23 12 9 4 1 0 0 1 4 1 0 0 8 14 0 0 3 8 6 11 6 0 0 0 0 0 0 0 0 20 36 33 17 17 41 45 35 30 54 116 91 31 27 0 0 0 0 0 12 32 44 27 20 -2147483648 
-2147483648 1 16 19 0 0 0 0 0 0 0 0 0 0 0 0 0 0 14 26 23 26 19 0 0 0 16 5 0 0 0 0 0 0 78 113 19 0 0 0 0 0 0 0 0 0 0 0 0 0 0 0 25 36 0 0 0 62 139 94 0 0 0 0 0 0 0 0 10 14 0 0 0 0 0 0 0 0 0 0 30 145 179 106 155 227 152 74 37 12 7 10 13 12 9 5 1 2 2 0 0 1 0 0 0 0 0 1 4 5 2 0 0 0 0 0 1 1 0 0 0 0 0 0 0 0 6 13 8 0 0 0 0 0 0 0 2 1 0 0 0 0 0 0 19 67 87 78 63 53 54 53 40 18 12 18 8 0 0 18 40 9 0 0 0 0 0 0 0 0 0 0 0 0 0 0 0 0 0 0 0 0 0 8 0 0 0 0 0 0 9 23 10 0 0 0 0 0 0 14 25 17 9 14 12 0 0 12 6 3 8 8 3 0 0 7 16 5 3 5 9 5 2 9 13 14 0 0 0 0 0 0 12 36 45 32 26 34 37 40 73 141 86 0 0 24 45 0 0 0 0 22 47 44 44 -2147483648 
-2147483648 21 29 19 20 21 0 0 0 0 0 0 14 38 32 53 83 118 176 162 85 48 4 0 0 3 16 0 0 0 0 0 4 99 152 83 0 0 0 0 0 0 0 0 0 0 0 0 0 0 0 0 0 16 2 0 0 33 156 118 0 0 0 0 0 0 0 11 36 37 8 0 0 0 0 0 0 0 8 5 66 104 38 141 255 255 113 62 44 29 11 5 8 7 7 7 4 0 0 0 0 0 0 0 1 0 0 0 1 1 0 0 0 3 7 5 0 0 0 0 0 0 0 0 0 0 6 17 19 9 0 0 0 0 0 0 0 0 10 12 0 0 0 0 0 2 40 59 54 39 32 21 0 0 0 13 13 14 28 43 25 0 0 0 0 0 0 0 0 0 0 0 0 0 0 0 0 0 0 0 0 0 0 0 40 0 0 0 0 0 0 0 0 0 0 0 0 0 5 0 0 0 0 0 0 17 20 17 16 8 10 23 23 5 0 0 0 0 6 10 2 0 8 23 10 0 0 0 0 0 0 0 0 23 41 35 24 19 30 47 73 98 114 90 0 0 0 0 0 0 7 24 27 32 40 -2147483648 
-2147483648 14 6 30 68 44 17 19 25 52 99 127 114 109 140 166 172 172 155 112 69 43 5 0 3 20 0 0 0 15 51 54 129 230 147 0 0 0 0 0 0 0 0 0 0 0 0 0 0 0 0 0 0 0 0 0 0 0 0 0 0 0 0 0 0 0 0 0 0 4 5 5 5 0 0 0 0 0 0 94 157 35 0 188 255 158 85 64 48 29 19 12 4 0 0 1 3 0 0 1 0 0 0 2 3 1 0 0 0 0 0 0 0 2 1 0 0 1 7 9 7 4 6 10 5 2 4 2 3 9 9 0 0 0 8 13 11 11 9 1 0 0 0 0 0 0 10 30 34 27 16 1 0 0 13 23 21 32 44 25 0 0 0 0 0 12 1 0 0 0 0 0 0 0 0 0 0 0 0 0 0 0 0 0 0 0 0 7 22 2 0 0 0 0 0 9 0 0 0 0 0 0 0 0 0 4 12 10 10 14 8 0 0 2 2 0 0 0 0 0 0 0 0 0 0 0 0 1 0 0 0 0 0 0 31 47 32 17 27 53 73 47 39 73 103 105 23 0 19 38 35 29 11 10 21 -2147483648 
-2147483648 0 0 2 17 27 58 101 152 173 151 130 95 65 65 60 67 72 0 0 22 58 24 4 7 4 0 0 0 6 26 104 230 244 60 0 0 69 44 7 0 0 0 0 0 0 0 0 0 0 0 0 5 0 0 0 0 0 0 0 0 0 0 0 0 0 0 0 0 0 0 0 0 0 0 0 33 0 17 160 195 130 255 255 201 121 100 70 45 29 21 12 3 0 1 1 0 0 0 0 0 1 2 1 0 1 5 4 2 0 0 0 1 1 0 0 0 0 1 6 7 3 0 1 4 10 11 1 0 6 20 17 1 0 0 0 0 0 0 0 0 0 0 0 0 13 17 10 11 19 10 0 0 19 51 51 37 21 0 0 0 0 0 3 15 15 0 0 0 0 0 0 0 0 0 0 0 0 0 0 64 81 44 15 0 0 15 35 33 4 0 0 0 0 0 0 1 0 0 7 35 24 1 3 13 2 0 0 6 18 11 0 0 8 5 0 3 9 0 0 4 0 0 0 0 6 0 0 8 5 0 0 0 0 0 21 33 30 34 60 79 48 0 0 9 156 137 26 19 54 41 21 14 16 14 -2147483648 
-2147483648 0 0 0 0 14 27 52 83 80 50 30 22 20 7 0 6 0 0 0 23 70 13 1 20 25 21 0 0 9 44 166 222 104 0 0 75 96 91 52 0 0 0 0 0 0 0 0 0 0 55 84 72 0 0 0 0 0 0 0 0 0 13 0 0 18 4 0 0 0 0 0 0 0 0 0 16 31 44 52 8 129 255 255 144 80 52 30 11 6 10 9 4 2 1 0 0 0 0 0 2 4 2 0 0 0 1 4 7 9 10 5 0 0 5 6 4 0 0 0 0 0 0 0 0 4 0 1 8 6 4 10 18 8 0 0 0 0 0 0 0 0 0 0 0 15 28 19 3 0 0 0 0 15 34 43 45 22 0 0 0 0 15 19 22 0 0 0 0 0 0 0 0 0 0 0 0 2 3 51 139 211 222 183 130 91 76 54 12 0 0 0 0 1 4 0 0 6 2 8 26 21 0 0 0 0 0 0 0 11 14 11 15 19 13 2 6 5 0 1 4 6 7 0 0 4 11 15 18 13 4 0 0 0 0 0 22 43 36 48 64 48 0 0 0 0 34 8 14 39 34 23 21 21 13 -2147483648 
-2147483648 0 0 3 8 12 12 18 9 0 0 0 0 0 0 14 15 0 0 0 18 1 6 41 70 52 6 0 0 33 146 240 146 0 15 120 111 19 0 0 0 0 0 0 0 0 0 0 0 227 255 169 76 0 0 0 0 0 0 0 6 31 0 0 0 0 0 0 0 0 0 12 0 0 6 0 0 33 42 0 0 137 240 154 89 44 17 8 6 6 3 0 0 0 0 0 0 0 0 0 0 0 0 0 0 0 0 0 0 0 2 2 0 0 0 0 1 1 0 0 0 0 0 0 3 3 6 11 7 0 0 0 0 1 2 2 0 0 0 0 0 0 0 0 0 17 17 17 11 0 0 0 1 19 33 26 12 0 0 0 0 0 23 36 11 0 0 0 0 0 0 0 0 0 0 0 0 11 11 52 136 182 142 79 114 205 212 154 86 21 0 0 0 0 9 7 0 0 0 0 0 0 0 0 0 0 0 0 0 0 4 11 1 1 6 8 0 0 0 0 0 18 13 0 0 0 10 16 9 0 0 0 0 0 0 0 0 35 46 42 33 28 28 0 0 12 11 14 27 21 24 27 25 22 23 -2147483648 
-2147483648 9 5 2 3 16 22 8 0 0 0 0 0 0 0 23 0 0 0 0 0 0 19 148 138 26 0 3 36 117 237 203 40 0 37 96 48 0 0 0 0 0 0 0 0 0 1 0 0 149 201 73 0 0 0 0 0 0 0 6 28 0 0 0 0 0 0 0 0 0 0 30 0 0 0 0 0 0 0 0 110 255 195 100 64 41 35 28 23 15 4 0 0 0 0 0 0 0 0 0 0 0 0 0 0 0 0 0 0 0 0 0 0 0 0 0 0 0 0 0 0 0 0 0 0 0 0 6 4 2 3 0 0 0 0 10 10 0 0 0 0 0 0 0 16 23 13 7 7 7 0 0 0 10 31 17 0 0 0 0 0 5 2 8 0 0 0 0 0 0 0 0 0 0 0 0 0 8 15 17 38 30 0 0 0 70 161 184 192 170 104 30 0 20 40 42 34 21 18 19 25 32 29 27 15 4 9 9 1 0 0 3 11 1 0 0 3 0 1 0 0 0 0 0 2 14 11 0 0 0 1 13 8 0 0 0 0 0 39 47 29 19 35 43 50 48 20 33 43 35 46 43 35 32 25 -2147483648 
-2147483648 8 7 0 0 4 2 0 0 0 9 0 0 0 8 18 0 0 22 18 0 0 90 139 34 0 1 39 101 191 195 37 0 0 53 61 10 0 0 0 0 0 0 0 0 79 103 3 0 0 0 0 0 0 0 0 0 0 7 20 0 0 13 32 9 0 0 0 0 0 0 0 23 20 0 6 16 19 19 111 255 255 148 78 42 20 10 6 3 1 0 0 0 0 0 3 4 4 4 3 1 0 0 1 3 3 1 0 0 0 0 3 4 0 0 0 0 0 0 0 0 0 0 4 9 6 0 0 0 0 0 1 2 11 16 14 10 0 0 0 0 0 0 0 1 7 6 3 5 5 0 0 5 9 0 0 0 0 0 0 11 12 5 0 0 0 0 0 0 0 0 0 0 0 0 0 0 15 7 0 0 3 20 15 0 0 0 11 89 188 228 186 146 135 126 131 124 87 58 40 31 38 45 43 28 6 0 0 0 0 0 0 0 1 3 2 7 26 19 0 0 0 0 0 5 7 5 0 0 6 19 9 0 5 0 0 0 0 0 25 27 6 17 82 111 54 0 10 39 56 53 40 31 26 22 -2147483648 
-2147483648 0 4 6 10 1 0 3 6 12 13 7 0 0 12 0 0 0 0 0 0 54 99 0 0 0 30 90 185 200 55 0 0 23 63 52 0 0 0 0 0 0 0 0 27 80 104 0 0 0 0 0 0 0 0 0 0 0 22 0 0 0 17 31 28 0 0 0 30 32 0 0 0 21 6 59 141 137 154 255 255 199 109 70 49 33 13 4 2 0 0 0 0 0 0 0 1 3 3 1 0 1 3 3 4 10 13 10 4 0 0 2 3 0 0 0 0 0 0 0 0 0 3 4 6 11 2 0 0 0 0 0 0 12 24 26 15 1 0 2 0 0 0 13 15 4 0 0 8 8 4 13 19 0 0 0 0 0 0 15 18 22 33 0 0 0 0 0 0 0 0 0 0 0 0 0 0 5 4 0 0 56 121 128 107 51 0 0 0 44 159 253 255 202 155 142 120 53 1 0 8 10 10 13 15 8 0 0 10 10 1 0 0 4 21 10 0 0 0 1 0 0 0 5 5 0 0 0 4 7 0 0 0 0 0 0 0 0 0 0 0 0 2 102 143 62 6 10 16 17 10 8 17 18 24 -2147483648 
-2147483648 0 0 9 9 1 0 0 3 5 0 2 15 4 7 0 0 0 0 0 61 113 0 0 0 0 45 166 230 111 0 0 55 98 42 0 0 0 0 0 0 0 16 0 0 0 0 0 0 0 0 0 0 0 0 0 0 26 7 0 9 24 0 11 16 0 0 22 28 0 0 0 0 0 1 70 135 125 227 255 255 139 75 42 22 11 4 1 0 0 0 0 1 2 1 0 0 0 0 1 2 1 0 0 0 0 1 3 5 7 5 0 0 1 2 1 3 3 5 9 6 1 1 0 0 0 0 0 4 2 0 0 2 7 8 3 0 0 2 9 0 0 13 35 36 23 15 13 3 0 0 0 0 0 0 0 0 0 25 29 18 8 0 0 0 0 0 0 0 0 0 0 0 0 0 0 0 0 11 0 0 1 67 104 128 123 77 57 60 56 85 151 168 140 139 106 36 2 0 0 0 11 16 11 3 9 16 10 9 6 0 0 0 9 9 0 0 0 2 7 3 4 0 0 0 0 0 0 1 0 0 0 1 0 0 6 0 0 0 0 0 0 0 48 79 34 20 21 14 6 3 11 11 16 23 -2147483648 
-2147483648 0 0 0 1 4 0 1 1 0 0 0 4 4 0 0 0 0 0 66 150 29 0 0 1 18 129 221 133 0 0 47 112 74 0 0 0 0 0 0 0 11 15 0 0 0 0 0 29 41 14 0 0 0 0 3 15 1 0 0 27 21 19 0 0 8 17 44 4 0 0 0 0 0 18 59 27 107 255 255 145 93 56 33 16 6 2 1 0 0 0 0 0 0 0 1 2 1 1 2 1 0 0 0 0 0 0 0 0 1 3 2 7 18 24 22 14 0 0 0 0 0 0 0 0 0 9 11 4 0 0 12 21 18 8 0 0 0 6 2 0 0 2 17 12 8 11 9 0 0 0 0 0 0 0 0 0 0 10 17 20 0 0 0 0 0 0 0 0 0 0 0 0 0 0 0 0 4 26 18 2 2 46 94 97 84 58 30 34 51 46 29 29 51 94 114 128 149 132 93 35 26 84 96 44 16 26 10 0 0 0 0 0 0 0 0 3 13 14 10 18 14 1 2 0 0 0 0 0 0 0 0 0 0 0 5 7 0 0 0 0 0 0 0 24 2 1 8 14 18 19 21 10 15 25 -2147483648 
-2147483648 0 1 0 0 0 0 2 3 0 0 0 0 0 11 0 0 0 38 183 82 0 0 0 0 93 210 139 0 0 48 111 81 3 0 0 0 0 0 1 49 48 0 0 0 0 0 124 255 255 122 0 0 0 0 63 37 13 18 30 24 27 29 0 0 14 27 17 0 0 0 0 17 4 46 40 14 205 255 176 58 25 19 15 13 11 6 0 0 0 0 0 0 0 0 0 0 0 0 0 0 0 0 1 2 1 0 0 0 0 3 3 4 6 4 0 0 0 0 0 0 0 0 2 3 4 5 6 6 7 7 2 0 0 0 0 0 11 18 9 0 0 0 0 0 1 4 4 0 0 3 0 0 0 0 0 7 14 25 31 0 0 0 0 0 0 0 0 0 0 0 0 0 0 0 0 0 15 23 21 5 0 16 68 88 86 71 0 0 0 0 0 0 0 0 0 114 225 255 255 226 185 194 208 143 38 7 11 0 0 2 0 0 0 0 2 8 0 0 0 4 8 2 1 9 0 0 0 0 0 1 15 12 5 8 0 0 5 0 0 0 0 0 17 28 19 14 29 28 9 12 15 13 14 19 -2147483648 
-2147483648 2 2 0 0 0 0 0 0 2 0 0 0 0 8 0 0 5 133 66 0 0 0 0 67 214 161 0 0 26 126 40 0 0 0 0 0 0 0 30 75 68 9 21 81 88 172 255 255 255 0 0 0 0 33 52 13 14 45 34 19 17 0 0 0 9 55 15 0 3 0 0 15 64 117 69 131 255 239 132 75 30 10 1 0 0 1 0 0 0 0 1 3 3 1 0 0 1 1 0 0 0 0 1 2 2 4 8 9 4 0 0 0 0 0 0 0 0 0 0 0 0 5 5 0 0 0 0 1 7 5 0 0 0 1 3 6 7 8 7 10 25 29 21 19 17 16 14 0 0 0 0 0 0 12 50 54 51 35 0 0 0 0 0 0 0 0 0 0 0 0 0 0 0 0 0 0 0 15 34 11 0 0 33 67 70 55 0 0 0 0 0 0 0 0 0 0 34 129 174 194 192 159 165 157 68 2 7 6 0 0 0 0 0 5 7 0 0 0 0 4 1 0 0 0 1 0 0 9 22 19 12 20 22 7 0 0 0 0 0 0 0 0 6 6 21 37 41 42 31 21 28 32 18 13 -2147483648 
-2147483648 3 5 8 11 4 0 3 2 7 3 0 5 12 0 0 0 118 104 0 0 0 12 86 211 202 0 0 0 105 78 0 0 0 0 0 1 0 0 3 57 33 0 172 255 255 255 255 255 117 0 0 0 11 26 0 0 0 0 0 20 5 0 0 0 6 21 0 0 0 26 1 0 108 218 167 251 255 133 79 64 40 29 20 9 2 0 0 1 3 3 2 3 3 1 0 0 1 2 1 0 0 0 0 0 0 0 0 0 0 0 0 4 3 3 6 10 9 5 0 0 3 10 12 8 3 1 2 5 7 11 19 24 18 10 7 8 14 17 14 12 20 35 34 18 5 0 0 0 0 0 0 0 36 100 95 77 50 0 0 0 0 0 0 0 0 0 0 4 0 0 0 0 0 0 0 0 0 19 49 45 27 12 6 18 11 0 17 35 13 0 0 0 0 0 0 0 0 0 12 8 0 0 0 10 83 48 16 12 0 0 2 8 3 0 0 0 0 2 5 0 0 0 0 0 0 2 0 0 3 0 0 0 0 0 0 2 0 0 0 0 0 0 0 0 0 28 44 40 40 30 27 38 32 14 -2147483648 
-2147483648 0 0 7 11 6 0 0 0 0 1 0 0 0 0 0 95 103 0 0 0 34 121 243 180 0 0 0 124 144 31 0 0 0 0 0 0 0 0 0 0 0 53 255 255 255 255 255 100 0 0 0 0 40 17 0 0 0 0 0 0 0 0 0 10 7 0 0 0 0 38 11 8 96 134 218 255 195 96 53 25 13 3 0 0 0 0 2 2 0 0 0 0 2 5 4 1 0 0 0 0 0 0 1 0 0 0 0 0 0 1 1 1 6 9 4 1 6 9 8 8 5 1 2 4 2 1 6 9 2 0 8 10 0 0 0 2 14 14 20 35 38 30 26 17 0 0 0 0 0 0 0 2 95 108 85 39 0 0 0 0 0 0 0 0 0 0 0 0 0 0 0 0 0 0 0 0 0 0 8 20 29 30 21 5 0 0 36 102 125 111 67 15 0 0 0 0 0 0 0 41 50 0 0 0 41 55 15 1 4 0 0 5 1 0 0 0 3 4 4 0 0 0 0 2 5 0 0 0 0 0 0 0 0 0 1 7 7 0 0 0 0 0 0 0 0 3 38 45 42 32 19 20 25 24 -2147483648 
-2147483648 4 6 8 8 12 12 0 0 0 0 3 1 1 0 70 134 0 0 0 10 130 242 182 0 0 0 71 180 91 2 0 0 0 0 0 0 0 0 0 0 0 70 255 255 255 255 147 0 0 0 0 59 50 27 15 14 0 0 19 0 0 0 12 50 12 0 0 0 0 6 19 123 114 83 219 230 139 97 49 15 5 3 2 2 0 0 2 3 1 1 1 0 0 1 2 2 2 1 0 0 0 1 2 1 0 0 0 0 4 3 1 0 1 1 0 0 0 6 9 9 7 4 0 2 8 12 11 4 0 0 0 0 0 0 0 1 1 2 11 28 39 32 19 11 0 0 0 0 0 0 0 60 92 52 0 0 0 0 0 0 0 0 0 0 0 0 0 0 0 0 0 0 0 0 0 0 0 0 0 11 34 40 21 0 0 14 50 74 109 112 70 51 35 15 6 0 0 0 0 0 92 157 117 45 51 54 9 0 0 4 0 0 0 9 5 0 0 0 0 9 10 6 13 16 8 0 0 0 0 0 0 0 0 2 6 6 15 13 0 0 0 0 0 0 0 0 4 30 37 38 35 30 36 47 -2147483648 
-2147483648 7 7 0 0 5 16 8 0 6 5 0 0 2 27 106 84 0 0 5 102 216 142 0 0 0 84 219 117 0 0 0 0 0 0 0 0 0 0 0 0 0 28 65 0 0 0 0 0 0 0 21 36 19 0 17 22 5 23 15 0 0 0 16 3 0 0 0 0 0 0 63 156 157 219 249 151 86 50 24 15 11 10 5 2 2 1 0 0 3 3 1 0 0 0 0 2 1 0 0 0 0 0 0 0 0 0 3 2 0 0 1 1 0 0 0 0 2 5 1 0 0 7 12 10 12 15 9 3 6 7 0 0 0 0 0 0 0 4 16 22 24 18 2 0 0 0 0 0 0 0 49 67 0 0 0 0 0 0 0 0 0 0 0 0 0 0 0 0 8 3 0 0 0 0 0 0 4 12 16 26 33 22 0 0 21 52 21 0 31 100 126 116 98 90 85 55 0 0 0 0 0 16 80 75 82 69 17 0 0 4 14 14 3 0 2 4 8 6 0 0 0 2 2 0 6 14 1 0 7 0 0 15 22 12 0 0 8 19 2 0 0 0 0 0 0 0 0 0 19 32 43 51 41 20 -2147483648 
-2147483648 3 0 0 0 0 0 0 0 0 3 0 0 0 3 66 80 15 3 100 190 94 0 0 0 70 246 227 43 0 0 0 0 7 29 0 0 36 22 0 0 0 0 0 0 0 0 0 0 0 29 59 27 0 0 0 0 28 0 0 0 0 0 1 0 0 0 0 0 0 1 60 67 129 237 196 113 64 29 21 19 14 5 0 0 0 0 0 0 0 0 0 0 0 0 0 0 0 0 0 3 0 0 0 0 1 2 0 0 0 0 0 0 0 0 0 0 0 5 5 3 0 0 0 1 0 1 1 3 10 11 4 0 0 1 7 8 7 8 14 15 7 0 0 0 0 0 0 0 0 0 0 0 0 0 0 0 0 0 0 0 0 0 6 10 0 0 0 0 0 0 19 16 4 0 0 0 0 6 6 17 21 22 10 0 23 56 27 0 0 30 94 126 129 123 97 72 34 0 0 0 0 0 0 8 54 51 29 5 0 0 2 17 4 0 0 11 17 13 6 0 0 0 0 0 4 19 16 0 0 5 0 0 5 13 5 1 0 0 1 0 0 1 7 0 0 0 0 0 19 48 51 43 16 0 -2147483648 
-2147483648 12 7 6 2 0 0 2 6 0 0 18 16 3 0 12 40 77 157 216 77 0 0 0 110 249 202 65 0 0 0 0 13 0 0 38 206 158 0 0 0 0 0 0 0 0 0 0 0 0 37 49 39 19 3 0 9 35 0 0 2 12 33 0 0 0 0 0 11 35 87 85 93 198 203 114 68 50 39 24 12 6 4 2 0 0 0 0 0 0 0 0 0 0 0 0 0 0 0 0 1 0 0 1 7 9 4 0 0 0 0 0 0 2 8 9 6 4 4 6 7 4 0 0 0 0 4 7 8 5 2 5 11 22 34 31 19 12 6 0 0 0 0 0 0 0 0 0 0 0 0 0 0 0 0 0 0 0 0 14 10 0 3 20 16 0 0 0 0 0 0 9 21 9 0 0 0 0 3 0 8 18 19 21 25 22 23 28 13 0 0 12 57 87 112 110 78 51 25 2 0 0 0 0 0 34 40 31 16 0 0 0 0 0 8 14 5 0 1 0 0 8 9 2 1 4 9 11 14 12 8 3 0 0 6 11 10 7 1 0 1 5 4 6 7 0 0 0 0 0 29 45 35 30 35 -2147483648 
-2147483648 0 0 0 0 0 7 5 0 0 0 15 33 18 0 0 30 164 255 160 0 0 0 177 253 146 36 0 0 0 0 0 0 0 0 50 204 117 0 0 28 17 0 0 46 0 0 0 0 10 25 25 21 21 0 0 34 4 0 0 0 51 31 0 0 0 0 1 26 83 128 130 222 255 171 96 51 21 11 5 7 4 0 0 0 1 2 2 1 0 0 0 1 1 0 0 0 0 2 2 0 0 0 0 0 0 0 0 0 0 0 0 0 0 0 8 17 11 1 0 0 1 4 0 0 0 0 0 0 0 0 4 7 8 7 7 8 7 1 0 0 0 0 0 0 0 0 0 0 0 0 0 0 0 0 0 0 0 0 1 17 9 0 0 0 0 0 0 0 0 0 0 0 0 0 0 7 33 38 32 25 10 0 5 19 14 0 0 41 31 0 0 0 18 49 74 111 146 145 114 92 72 51 29 0 10 53 52 28 8 8 8 0 0 2 5 0 0 0 8 10 12 10 10 12 1 0 0 13 11 0 0 0 0 0 5 2 0 2 6 1 0 7 1 0 0 0 0 0 0 0 13 42 54 52 -2147483648 
-2147483648 0 0 0 0 4 7 0 0 0 5 7 6 0 0 0 41 173 188 49 0 0 201 219 31 0 0 0 0 0 0 0 0 53 39 14 0 0 2 51 31 11 0 29 0 0 0 0 0 39 32 0 0 0 0 18 0 0 9 0 30 75 3 0 0 0 0 0 43 86 57 142 255 199 102 53 30 16 4 2 1 0 0 0 0 0 0 0 0 0 0 0 0 0 0 0 0 0 0 0 0 0 0 0 0 0 0 0 7 14 15 11 2 0 0 0 0 0 4 0 0 2 2 2 0 0 0 2 7 9 12 10 0 0 0 0 0 0 0 0 0 0 0 0 0 0 0 0 0 0 0 0 0 0 0 0 0 1 2 0 0 0 0 0 0 0 0 0 0 0 0 0 0 0 0 0 22 35 37 33 19 12 11 11 15 8 0 0 37 50 30 14 13 31 23 0 11 75 139 175 173 146 111 87 51 0 24 63 38 12 5 11 9 0 0 0 0 0 0 7 13 0 0 9 12 0 0 1 0 0 0 3 7 4 0 5 5 1 3 10 10 4 0 0 0 5 17 0 0 0 0 0 29 61 52 -2147483648 
-2147483648 0 0 0 0 0 0 0 0 10 9 0 0 0 10 1 14 81 100 56 49 154 204 0 0 0 0 0 0 0 8 0 0 8 88 55 0 0 17 28 0 0 0 0 0 0 0 0 27 45 0 0 0 0 28 38 0 0 0 0 20 0 0 0 0 5 19 7 70 103 92 232 255 144 88 54 31 15 6 6 2 0 0 0 0 0 0 0 0 0 0 0 0 0 0 0 0 0 0 0 0 0 0 0 0 0 0 0 0 3 9 13 14 13 11 6 0 0 0 2 4 1 0 2 2 0 0 0 6 9 5 2 1 0 0 0 0 0 0 0 0 0 0 0 0 0 0 0 0 0 0 0 0 0 0 0 0 0 3 20 0 0 1 26 22 6 10 0 0 0 13 21 26 15 0 0 11 25 11 0 0 0 0 0 0 0 0 0 5 25 29 47 51 37 10 0 0 0 0 48 80 102 99 91 101 42 0 14 23 8 0 0 1 10 0 0 13 26 12 0 0 6 15 6 0 0 0 0 0 0 11 17 15 6 0 0 0 0 0 0 8 12 0 0 5 8 17 11 0 0 0 0 0 30 34 -2147483648 
-2147483648 0 0 0 2 0 0 0 1 3 0 0 0 0 0 3 4 15 35 81 199 239 48 0 0 51 0 0 0 42 24 0 0 7 188 141 0 0 0 0 0 9 24 0 0 0 0 0 16 0 0 0 0 0 50 0 0 0 0 18 0 0 0 0 0 20 48 95 84 41 183 255 236 108 51 40 25 6 0 0 0 0 0 1 1 0 0 0 0 0 0 0 0 0 0 0 0 0 0 0 0 0 0 0 0 0 0 0 0 0 0 0 1 10 18 19 9 0 0 0 0 0 0 0 0 0 0 0 0 0 0 0 0 0 0 0 0 0 0 0 0 0 0 0 0 0 0 0 0 0 0 0 0 12 25 14 12 17 25 27 18 17 22 24 14 18 25 28 33 25 18 22 22 7 0 0 0 11 16 6 0 0 0 0 0 0 0 5 8 3 0 13 28 27 39 41 0 0 0 0 0 0 27 57 75 68 26 0 4 7 0 0 0 14 13 5 15 10 0 0 0 4 14 2 0 10 5 0 9 15 14 5 3 12 0 0 0 0 0 0 8 9 1 7 11 0 0 0 7 0 0 0 0 0 29 -2147483648 
-2147483648 5 0 0 0 0 1 0 0 0 0 2 0 0 0 0 0 0 0 70 203 173 23 62 137 0 0 0 0 21 7 30 28 69 182 137 0 0 0 41 34 17 96 35 0 0 0 2 0 0 0 0 0 34 16 0 0 4 7 18 0 0 0 18 24 18 46 141 109 81 242 243 129 79 48 31 18 16 12 4 0 1 2 1 0 0 0 1 2 2 0 0 0 0 0 0 0 0 0 0 0 0 0 0 0 0 0 0 0 0 0 0 0 0 0 0 0 2 4 7 4 0 0 0 0 0 0 0 0 0 0 0 0 0 0 0 0 0 0 0 0 0 0 0 0 0 0 0 0 0 0 1 17 10 10 18 31 37 19 2 0 0 11 0 0 2 12 38 48 37 36 29 8 0 6 6 11 23 20 8 0 0 0 0 0 0 9 36 44 26 9 7 13 23 40 82 109 72 5 0 0 0 11 36 22 28 55 41 26 6 0 2 0 0 6 10 3 0 0 0 0 0 0 2 4 0 5 15 9 3 0 0 0 0 4 18 13 10 5 0 0 2 4 0 0 4 0 0 10 11 0 0 0 0 0 -2147483648 
-2147483648 3 1 0 0 0 5 11 1 3 0 0 3 4 7 0 0 0 0 23 62 38 55 171 85 0 0 0 42 34 0 1 150 221 95 0 0 8 146 255 224 91 116 98 0 0 3 10 11 0 0 16 53 31 0 0 0 11 61 4 0 0 18 44 31 16 60 93 125 255 255 132 53 54 43 21 9 10 7 0 0 0 0 0 0 0 2 0 0 0 0 0 0 1 0 0 0 0 0 0 0 0 0 0 0 0 0 0 0 0 0 0 0 0 0 0 0 0 0 0 0 0 0 0 0 0 0 0 0 0 0 0 0 0 0 0 0 0 0 0 0 0 0 0 0 0 0 0 0 0 18 36 22 9 15 24 20 14 3 3 7 0 0 0 2 5 11 27 38 58 71 58 37 26 30 31 30 33 20 15 15 5 7 20 20 8 9 16 24 43 62 57 39 31 15 19 83 137 119 55 11 18 23 0 0 0 43 60 57 27 2 3 0 0 0 0 0 0 0 3 4 0 0 9 4 0 0 3 0 0 0 0 0 0 0 0 12 11 2 1 0 3 14 8 3 13 10 0 4 26 17 0 0 0 0 -2147483648 
-2147483648 2 10 4 0 0 4 11 7 6 8 0 0 13 3 0 0 0 0 1 0 4 48 86 22 0 0 24 22 0 0 1 204 251 0 0 0 142 255 255 255 255 159 29 0 25 8 2 31 21 10 64 65 0 0 2 0 49 64 2 0 1 12 16 0 45 136 109 188 255 248 129 66 26 13 9 7 0 0 0 0 0 0 0 0 0 0 0 0 0 0 0 0 0 0 0 0 0 0 0 0 0 0 0 0 0 0 0 0 0 0 0 0 0 0 0 0 0 0 0 0 0 1 0 0 6 11 2 0 0 2 0 0 0 0 0 0 0 0 0 0 0 0 0 0 0 0 0 0 12 36 32 17 24 31 31 23 8 4 19 33 22 10 3 8 25 20 27 55 66 54 40 56 70 44 17 17 20 9 6 22 25 12 0 0 0 0 0 0 9 60 70 50 43 55 53 46 53 48 47 53 47 16 0 0 0 46 74 77 58 13 0 0 0 0 0 0 0 0 13 16 6 6 3 0 0 5 4 0 0 1 1 0 0 0 1 7 3 0 9 15 4 12 19 8 0 0 0 3 0 0 0 0 0 0 -2147483648 
-2147483648 2 1 0 1 8 13 11 10 7 7 0 0 11 5 0 0 0 0 0 0 2 2 0 46 129 99 19 0 0 31 126 159 35 0 0 30 136 143 114 236 255 199 0 23 14 0 14 10 9 61 70 0 0 12 2 16 23 0 0 11 34 20 0 0 75 117 147 255 255 153 94 47 18 12 11 12 8 3 2 4 5 2 0 0 0 0 0 0 0 0 0 0 0 0 0 0 0 0 0 0 0 0 0 0 0 0 0 0 0 0 0 0 0 0 0 0 0 0 0 0 4 4 2 4 7 9 12 20 22 10 1 4 6 0 0 0 0 0 0 0 0 0 0 0 9 0 0 10 23 12 14 9 3 16 23 26 22 15 21 28 24 1 0 33 44 39 56 67 50 30 30 55 82 68 16 0 0 0 0 0 0 0 0 0 0 0 0 24 24 14 10 14 32 56 79 81 47 13 26 66 67 20 0 0 0 22 73 77 59 16 0 2 0 0 0 0 0 4 14 7 0 0 0 0 15 22 7 5 0 0 7 0 4 18 14 0 0 0 0 0 0 0 0 0 0 0 0 0 0 0 0 2 0 0 -2147483648 
-2147483648 2 0 0 0 9 8 7 14 5 0 5 7 2 9 6 7 18 3 0 3 0 0 0 42 179 211 102 0 0 51 221 127 0 0 0 45 48 22 0 55 162 195 187 133 7 0 10 0 4 42 0 0 18 1 3 39 11 0 0 0 0 0 0 67 114 35 143 249 173 75 23 21 17 5 0 0 2 7 10 10 10 10 9 3 0 0 0 0 0 0 0 0 0 0 0 0 2 0 0 0 0 0 0 2 0 0 0 0 8 30 43 41 41 42 20 0 0 0 0 0 0 0 0 0 0 0 7 13 3 0 0 0 0 0 0 0 0 0 0 0 0 41 43 57 47 15 10 17 9 0 4 5 3 10 13 7 8 24 18 18 30 14 22 48 55 83 112 111 86 58 56 74 109 113 55 0 0 0 9 0 0 0 0 0 0 0 0 4 17 10 9 20 12 0 18 52 73 100 110 70 10 0 8 34 31 22 45 48 34 14 3 9 7 9 13 9 6 4 0 0 0 0 0 0 15 8 0 1 4 10 9 8 19 16 4 0 0 0 0 0 0 0 0 0 6 17 4 0 0 0 0 0 2 0 -2147483648 
-2147483648 3 12 13 4 0 0 0 0 0 0 0 0 0 0 9 14 20 13 5 9 4 2 0 1 120 239 204 77 5 57 135 9 0 0 62 40 23 17 14 0 29 189 255 112 0 0 0 0 20 0 0 46 80 48 68 86 123 136 51 0 0 0 0 106 137 129 223 184 88 44 6 0 0 3 9 4 0 0 2 2 0 0 0 0 0 0 0 0 0 0 0 0 0 0 0 0 0 2 0 0 0 0 0 6 17 13 4 6 16 35 60 69 37 0 0 0 0 0 0 0 0 0 0 0 0 0 0 0 0 0 0 0 0 0 27 105 169 139 60 20 43 72 64 49 43 52 56 30 5 0 0 7 21 22 9 0 0 22 28 24 35 61 79 75 99 159 199 207 176 129 106 119 159 174 104 9 0 0 0 0 0 0 0 0 0 0 0 0 0 16 23 27 6 0 0 0 3 55 87 56 0 0 13 45 42 39 70 90 49 8 5 1 3 7 5 1 2 11 2 0 0 0 0 6 2 0 0 0 3 9 1 4 11 8 0 0 4 0 0 0 0 0 0 0 0 0 10 9 0 1 0 0 0 0 -2147483648 
-2147483648 0 0 4 4 0 0 0 0 0 0 0 0 0 0 0 2 0 0 7 9 5 0 0 0 42 135 199 199 197 135 0 0 0 79 84 63 55 29 10 0 14 102 58 0 0 0 9 46 30 0 57 102 91 100 124 186 224 136 32 0 0 0 81 124 113 246 255 155 95 57 23 0 0 0 0 3 2 3 6 6 0 0 0 0 0 0 0 0 0 0 0 0 0 0 0 0 0 0 0 21 28 28 27 36 44 43 33 13 1 7 18 0 0 0 0 0 0 0 0 0 0 0 0 0 0 0 0 0 0 0 0 0 0 17 62 120 191 241 222 171 131 96 60 36 39 46 35 25 11 0 0 5 5 0 0 0 13 27 50 52 39 75 121 163 219 243 228 223 239 236 212 193 193 212 163 49 4 9 2 0 3 0 0 0 10 44 54 37 33 34 22 2 0 0 0 0 0 0 0 13 38 21 0 19 37 33 67 102 54 10 2 1 3 0 0 0 0 6 2 0 0 0 8 16 2 0 0 0 0 0 0 6 13 9 0 0 0 1 0 0 0 0 0 1 0 0 0 0 0 1 0 0 0 0 -2147483648 
-2147483648 0 0 0 0 1 2 6 4 0 0 9 12 5 0 0 2 4 3 2 2 0 0 1 12 13 33 115 221 248 130 0 0 0 54 65 74 84 58 14 0 35 28 0 0 0 53 91 97 70 113 144 77 37 68 116 186 150 3 0 8 2 53 183 185 197 255 203 109 65 34 24 14 3 0 0 0 0 0 0 0 0 0 0 0 0 0 0 0 0 0 0 0 0 0 0 0 0 0 9 43 54 44 36 50 63 52 37 21 8 4 0 0 0 0 0 0 0 0 0 0 0 0 0 0 0 0 0 0 0 0 0 0 1 22 37 50 95 186 255 255 242 157 109 88 67 38 17 18 7 0 0 0 0 0 6 23 39 48 53 66 81 118 179 231 255 233 170 148 201 255 255 248 226 245 241 130 31 24 36 42 48 32 12 36 77 83 61 45 42 44 41 23 0 0 0 0 0 0 0 0 16 18 0 0 11 10 6 28 21 8 0 0 0 0 0 0 0 0 0 0 13 5 0 0 0 0 0 0 0 0 0 0 0 7 20 5 0 0 0 2 0 0 2 0 0 4 8 8 5 0 0 1 0 5 -2147483648 
-2147483648 0 0 0 1 2 9 3 1 14 12 9 2 1 6 6 12 15 8 1 0 0 0 10 14 10 4 25 62 43 0 0 0 0 35 63 78 69 35 0 0 13 0 0 0 56 138 152 130 121 133 104 45 16 15 38 66 35 0 0 33 54 112 175 241 255 239 138 67 15 7 17 13 0 0 0 0 0 0 0 0 0 0 0 0 0 0 4 0 0 0 0 0 0 7 1 0 1 14 17 14 8 7 18 29 32 32 23 4 0 0 0 0 0 0 0 0 0 0 0 0 0 0 0 0 0 0 0 0 0 0 0 0 0 0 0 2 26 82 165 234 255 248 197 134 92 52 28 17 0 0 0 0 0 0 26 56 65 65 79 126 174 204 214 202 186 168 137 106 105 139 176 184 159 157 200 173 61 0 3 16 14 4 0 19 55 52 45 53 49 38 38 41 40 33 16 0 0 0 0 0 0 2 40 0 0 0 0 0 0 3 5 0 0 1 4 3 0 0 6 4 1 0 0 0 0 0 0 0 5 3 0 0 0 0 0 3 0 1 3 0 2 6 0 0 0 0 4 15 4 0 0 8 0 5 -2147483648 
-2147483648 0 0 10 17 5 0 5 2 0 4 0 0 13 18 12 8 4 1 0 0 0 0 0 0 1 0 0 0 0 0 0 0 11 46 80 81 43 5 0 0 0 0 0 49 140 170 132 66 33 0 0 0 0 11 42 61 20 0 20 75 143 202 204 255 255 160 84 41 7 0 0 0 0 0 0 0 0 0 0 0 0 0 0 0 0 0 0 3 11 17 18 8 2 3 8 6 7 21 18 0 0 0 0 0 0 0 0 0 0 0 0 0 0 0 0 0 0 0 0 0 0 0 0 0 0 0 0 0 0 0 0 0 0 0 0 0 0 0 1 44 116 197 210 131 72 50 23 0 0 0 0 0 0 0 6 50 57 68 124 185 227 228 196 162 132 115 110 89 52 35 38 28 0 0 24 101 62 0 0 0 0 0 17 52 59 56 64 74 66 47 27 7 5 28 32 0 0 0 0 0 0 23 96 67 0 0 21 27 5 4 10 7 3 0 0 0 0 0 1 0 0 0 0 0 0 0 3 9 0 0 0 0 0 0 0 0 1 0 3 2 0 0 0 0 9 0 0 0 0 0 0 0 12 1 -2147483648 
-2147483648 3 8 11 1 0 0 0 0 0 1 0 0 2 9 4 0 0 0 0 0 8 9 0 0 0 0 0 0 0 0 0 46 62 76 88 65 27 0 0 0 0 0 0 52 69 38 1 0 0 0 0 0 40 98 134 98 4 0 36 149 198 228 249 231 175 115 67 41 22 0 0 0 0 0 0 0 0 0 0 0 0 0 0 19 15 0 0 0 18 16 12 18 16 11 10 2 0 0 0 0 0 0 0 0 0 0 0 0 0 0 0 0 0 0 0 0 0 0 3 23 32 35 43 49 60 51 24 0 0 0 0 0 0 0 0 0 0 0 0 0 0 56 130 114 59 38 6 0 0 0 0 0 0 0 3 16 47 108 159 169 173 170 151 120 71 36 45 59 54 37 0 0 0 0 0 21 60 11 0 0 0 10 62 52 13 3 13 23 22 3 0 0 0 24 27 0 0 0 0 0 32 53 59 51 22 14 44 52 27 5 0 1 3 0 7 5 0 0 0 0 0 5 20 9 0 0 14 10 0 0 0 0 0 0 0 2 2 0 0 5 11 3 2 2 1 6 0 0 0 0 0 0 2 0 -2147483648 
-2147483648 0 1 0 0 0 0 0 0 0 6 4 0 0 0 0 0 0 0 0 3 3 0 2 0 0 0 0 0 0 20 63 73 90 108 79 33 0 0 0 0 0 0 0 0 0 0 0 0 0 2 18 51 112 148 169 84 0 0 106 169 96 148 230 183 116 75 42 19 7 0 0 0 8 3 0 0 0 0 0 0 0 0 0 2 19 3 0 0 0 0 0 0 0 0 0 0 0 0 0 0 3 15 0 0 0 0 0 0 0 0 0 0 0 0 0 1 15 24 30 46 76 99 101 88 94 110 115 111 88 68 44 1 0 0 0 0 0 0 0 0 0 0 2 64 65 18 0 0 0 0 0 0 0 0 0 0 72 144 151 127 108 99 72 34 1 0 0 0 0 0 0 0 0 0 0 0 9 9 0 0 0 20 65 24 0 0 0 0 0 0 0 0 12 35 52 41 0 0 0 19 68 53 5 0 0 8 0 0 0 0 13 8 0 8 17 9 5 5 6 7 7 8 3 1 5 5 6 9 5 7 19 12 2 6 10 5 2 11 7 0 0 0 4 2 0 5 10 6 5 0 0 4 1 0 -2147483648 
-2147483648 3 0 0 0 5 1 0 1 0 0 0 0 0 0 0 0 0 0 6 0 0 0 0 0 0 0 0 0 0 24 48 67 93 88 48 0 0 0 0 0 0 0 0 0 0 0 0 8 77 112 121 131 127 125 143 34 0 0 179 118 101 208 199 125 77 40 20 12 14 11 0 0 0 0 0 0 0 0 0 0 0 0 0 0 0 0 7 7 0 0 0 0 0 0 0 0 7 0 0 0 0 0 0 0 0 0 0 0 0 0 15 13 0 0 1 25 43 53 69 88 113 138 147 136 101 82 101 133 163 173 150 96 27 0 0 0 0 0 0 0 0 0 0 0 33 0 0 0 0 8 7 0 0 0 0 17 86 122 103 72 65 55 12 0 0 0 0 0 0 0 0 0 0 0 0 0 0 0 0 0 0 0 0 5 24 7 0 0 0 0 5 25 17 13 46 73 36 0 0 0 10 10 0 0 0 17 0 0 0 0 7 1 10 7 0 0 0 7 6 0 5 9 2 1 7 9 8 8 5 6 3 7 16 15 10 1 2 3 0 0 0 1 10 7 3 0 0 6 15 19 14 2 7 14 -2147483648 
-2147483648 0 0 0 0 0 0 0 0 0 0 0 0 0 2 10 5 8 11 11 6 8 0 0 0 0 0 0 15 33 44 56 82 99 81 5 0 0 0 0 0 0 0 0 0 0 27 69 131 161 159 172 165 124 128 79 0 0 118 171 102 242 255 168 81 40 22 9 8 22 37 37 21 0 0 0 0 0 0 0 0 0 0 0 0 0 0 0 0 1 19 22 11 8 0 0 0 0 6 3 0 0 0 0 0 0 0 0 0 0 0 1 11 6 11 43 74 89 83 79 92 95 101 130 145 128 105 90 97 130 159 166 151 124 90 39 0 0 0 0 0 0 0 0 0 0 0 0 13 41 18 0 0 0 0 26 70 86 83 64 22 0 0 0 0 0 0 0 0 0 0 0 0 0 0 0 0 0 0 5 0 0 0 0 0 0 23 20 3 0 2 25 40 35 15 6 31 78 81 24 0 0 0 0 0 0 7 0 0 0 0 0 0 0 0 0 0 0 0 0 0 3 8 5 0 0 3 0 0 7 15 14 2 0 6 0 0 4 0 0 0 6 9 6 1 3 0 0 0 0 8 16 0 0 0 -2147483648 
-2147483648 2 13 12 0 0 0 0 3 0 0 0 6 4 0 6 7 7 9 2 10 0 0 0 0 0 0 9 43 76 89 101 110 93 25 0 0 0 0 0 0 0 14 13 16 42 93 150 186 180 155 141 116 116 136 0 0 0 149 131 163 255 215 117 70 25 5 0 0 14 36 51 47 32 24 24 25 11 0 0 0 0 0 0 0 5 12 1 0 0 0 13 9 0 0 0 0 0 0 0 0 0 0 0 0 0 0 0 0 2 2 0 0 24 63 83 75 71 68 67 92 111 101 95 112 152 178 162 124 83 59 65 97 138 150 91 6 0 0 0 0 0 0 0 0 0 0 5 24 42 24 0 0 0 29 59 80 75 30 0 0 0 0 0 0 0 0 0 0 0 0 0 0 0 0 0 0 0 0 0 0 3 0 0 0 0 0 0 8 32 45 41 29 26 20 4 20 92 151 128 65 32 27 3 0 0 0 9 17 0 0 0 0 0 0 7 7 0 0 0 1 0 0 1 1 0 0 0 0 0 0 0 0 0 5 2 0 0 10 10 0 0 0 0 0 8 10 0 0 0 1 0 0 0 0 -2147483648 
-2147483648 7 5 15 11 0 0 3 14 9 0 7 20 8 0 0 0 8 13 0 0 0 0 0 0 0 23 15 41 89 111 126 136 62 0 0 0 0 0 0 29 50 46 58 91 117 139 157 146 128 119 88 66 107 88 0 0 10 143 143 245 246 138 89 63 28 6 1 0 2 17 28 31 38 51 47 30 23 3 0 0 0 3 0 0 25 49 46 28 12 0 0 0 5 0 0 0 0 0 0 0 0 0 0 0 0 0 0 0 0 5 7 16 46 82 95 71 55 85 133 160 162 131 75 45 60 87 92 73 43 19 20 40 63 75 75 47 0 0 0 0 0 0 0 0 0 0 18 16 9 30 31 14 19 31 34 37 14 0 0 0 0 0 0 0 0 0 20 37 38 0 0 0 0 0 0 0 0 0 0 0 17 36 53 60 40 17 12 27 46 50 43 34 29 28 23 19 32 60 89 92 56 15 5 12 8 4 0 0 0 4 5 0 0 0 9 1 0 0 0 9 6 0 6 4 0 0 0 0 0 0 0 0 0 0 0 6 5 0 0 0 0 0 0 6 11 11 8 3 2 0 0 6 16 9 -2147483648 
-2147483648 0 0 0 11 16 10 8 6 6 4 4 13 6 0 0 0 3 0 0 0 0 0 0 0 25 48 77 115 145 134 113 70 0 0 0 0 0 1 2 34 63 85 108 127 140 139 128 102 90 92 79 103 107 0 0 0 190 156 193 255 177 93 53 22 6 2 3 0 0 0 0 0 12 36 28 0 0 43 27 0 0 0 15 22 31 45 42 29 19 4 0 4 2 0 0 0 0 0 0 0 0 0 0 0 0 0 0 0 0 0 0 24 59 87 114 148 171 181 174 132 63 0 0 0 0 0 0 0 0 0 6 6 0 0 0 43 20 0 0 0 0 0 0 0 0 0 21 17 11 22 30 28 21 16 22 15 0 0 0 0 0 0 0 0 0 21 73 116 136 120 93 89 87 60 25 16 22 15 7 19 48 71 85 93 99 96 77 61 48 32 18 10 11 16 15 17 23 17 12 17 13 0 0 7 11 0 0 0 0 0 0 0 4 10 0 0 0 0 1 7 11 5 0 0 0 0 9 16 11 24 29 16 1 0 0 0 0 0 0 2 0 5 15 7 0 0 9 6 0 0 2 1 3 2 -2147483648 
-2147483648 0 0 0 5 12 16 18 8 5 10 4 0 6 12 0 6 0 0 0 0 0 0 0 27 24 51 120 182 172 124 79 0 0 0 0 0 0 0 12 55 96 113 129 157 171 159 134 105 104 113 100 117 21 0 0 160 255 187 203 181 108 51 10 0 0 8 10 6 0 0 0 0 0 11 24 0 0 37 81 48 1 0 0 20 29 15 0 0 4 10 10 0 0 0 0 0 0 0 0 0 0 0 0 0 0 0 0 0 0 0 13 58 95 110 122 149 162 138 92 0 0 0 0 0 0 0 0 0 0 0 0 0 0 0 0 0 12 0 0 0 0 0 0 0 0 6 28 20 31 32 20 14 7 6 8 0 0 0 0 0 0 0 0 0 0 18 69 110 158 208 220 177 114 83 75 62 36 14 32 54 69 77 63 56 62 64 52 32 15 5 2 2 3 3 2 7 14 16 15 8 1 0 0 0 0 0 0 0 0 0 0 0 4 0 0 0 5 26 21 0 0 3 0 0 0 0 0 0 19 47 31 3 3 9 7 0 0 22 21 1 6 20 10 0 0 0 0 6 6 12 9 0 0 2 -2147483648 
-2147483648 0 0 0 7 7 3 0 0 0 3 0 0 0 13 4 0 8 0 0 0 0 0 13 33 35 57 88 118 127 109 7 0 0 0 0 0 9 4 13 83 141 145 152 194 230 212 152 114 127 141 134 36 0 0 32 175 195 229 186 98 47 19 2 0 11 22 15 0 0 0 0 0 0 0 35 61 17 0 44 70 32 0 0 2 13 0 0 13 14 4 0 0 0 0 0 0 0 0 0 0 0 0 0 0 0 0 6 37 62 86 111 127 129 106 67 41 35 15 0 0 0 0 0 0 0 0 0 0 0 0 0 0 0 0 0 0 0 7 3 0 1 6 0 0 0 15 32 30 31 33 25 29 16 0 0 0 8 0 0 0 0 0 1 50 101 129 133 136 146 188 248 249 166 103 93 76 41 1 0 23 47 60 47 27 17 10 10 11 5 0 0 0 0 0 0 0 0 0 0 0 0 0 0 0 0 0 0 0 0 0 2 4 0 0 0 2 5 9 7 0 0 0 4 8 9 0 0 0 0 0 0 0 0 0 2 5 1 2 5 2 4 3 0 0 0 0 0 5 0 0 0 0 0 5 -2147483648 
-2147483648 6 3 0 0 0 0 0 0 0 0 0 0 0 3 16 0 0 0 0 0 0 11 27 35 57 92 83 53 68 35 0 0 0 0 0 4 7 15 20 45 109 158 179 208 221 191 136 103 105 115 75 0 0 0 219 188 189 212 153 91 54 27 14 8 2 3 10 11 0 0 0 0 0 0 7 67 68 0 0 46 58 12 0 0 0 0 4 12 14 5 0 0 0 0 0 0 0 0 0 0 0 0 0 0 0 0 0 27 73 116 140 129 92 48 17 0 0 0 0 0 0 0 0 0 0 0 0 0 0 0 0 0 0 0 0 0 0 8 3 0 4 9 12 16 27 25 19 27 25 22 30 39 20 0 0 5 0 0 0 0 19 103 149 196 206 174 143 119 96 100 142 206 224 142 78 76 55 41 44 34 23 30 43 40 22 4 1 7 10 5 0 0 0 0 0 0 0 0 0 0 0 0 0 0 0 0 0 0 0 0 1 7 6 6 13 10 5 0 0 6 0 0 0 6 3 2 14 11 0 0 0 0 0 0 0 3 0 0 0 5 2 0 4 9 11 3 0 0 0 0 0 0 0 0 -2147483648 
-2147483648 8 2 0 0 0 0 0 0 1 0 0 0 0 2 15 10 0 0 0 0 8 29 45 66 100 121 96 45 0 0 0 0 0 0 0 14 7 19 37 19 56 109 130 101 0 0 0 54 66 17 0 0 0 122 211 243 224 139 77 41 20 3 0 0 5 0 0 10 25 25 10 0 0 0 0 17 79 71 0 0 48 51 0 0 0 0 0 0 11 8 0 0 0 5 26 0 0 0 0 0 0 0 0 0 0 0 0 0 0 0 0 0 0 0 0 0 0 0 0 0 0 31 3 0 0 174 255 127 8 0 0 0 0 0 0 0 0 0 0 0 0 0 21 43 48 44 31 40 43 33 44 44 31 10 0 0 0 0 0 104 147 112 84 80 48 0 0 0 1 16 26 77 171 166 103 117 107 63 75 97 82 50 26 15 6 2 0 0 0 0 2 0 0 0 0 0 0 0 0 0 0 0 0 0 0 0 0 0 0 4 0 0 10 5 0 1 6 0 0 0 0 0 0 0 0 0 4 0 0 0 0 0 2 12 0 0 2 0 0 2 0 3 4 0 6 5 0 0 2 3 0 3 0 0 -2147483648 
-2147483648 3 4 0 0 0 2 8 0 0 0 0 0 6 7 16 0 0 0 0 0 0 0 15 56 112 121 95 16 0 0 0 0 0 2 19 32 22 31 55 39 12 0 0 0 0 0 0 0 0 0 0 0 90 185 201 239 186 93 26 0 0 0 0 2 8 6 0 2 22 38 25 0 0 0 0 0 18 101 79 4 7 34 8 0 0 0 0 7 18 19 4 0 0 0 23 10 0 0 0 0 0 0 0 0 0 0 0 0 0 0 0 0 0 0 0 0 0 0 0 0 17 0 0 0 51 165 217 171 81 0 0 0 0 30 0 0 0 0 0 0 0 0 16 37 57 78 71 55 51 61 71 57 37 26 15 0 0 0 153 159 0 0 0 0 0 0 0 0 0 0 0 7 60 98 93 109 120 83 51 64 78 57 28 15 16 15 9 1 0 1 5 10 25 39 38 11 0 0 0 0 0 0 0 0 0 0 0 0 0 2 2 0 2 2 0 0 2 4 5 0 0 0 0 0 0 0 0 1 3 0 1 6 4 11 10 3 5 0 0 7 0 0 0 0 0 0 6 10 5 1 3 6 1 2 -2147483648 
-2147483648 0 0 8 5 0 0 7 8 1 5 9 0 0 3 0 0 0 0 0 15 0 3 14 52 96 109 51 0 0 0 0 0 6 10 16 26 34 60 90 80 3 0 0 0 0 0 0 0 0 0 0 84 233 227 251 209 126 71 36 12 4 20 28 13 0 0 3 3 9 21 22 16 8 0 0 0 0 45 101 68 0 0 24 17 0 0 0 0 0 10 21 4 0 0 0 0 0 0 0 0 0 0 0 0 0 0 0 0 0 0 0 0 0 0 0 0 0 34 39 37 13 0 0 0 86 28 0 45 0 0 0 0 2 25 0 0 0 0 0 0 0 0 4 30 48 69 80 57 35 43 50 31 9 5 0 0 0 126 143 0 0 0 0 0 0 0 0 0 0 0 0 0 0 19 67 81 85 100 74 30 16 17 19 19 18 16 15 10 0 0 4 19 33 31 6 0 0 0 0 0 0 0 0 0 0 0 0 0 0 0 9 7 0 1 7 6 0 0 3 7 11 8 6 5 5 10 11 7 2 11 9 0 0 0 2 2 0 0 0 0 0 0 0 0 0 4 10 5 6 0 3 5 7 4 -2147483648 
-2147483648 0 2 9 14 4 0 0 6 6 10 12 5 8 9 0 0 0 0 0 14 33 42 61 89 102 76 0 0 0 0 0 0 25 28 12 18 43 66 93 108 30 0 0 0 10 52 2 0 0 0 27 224 248 236 213 134 61 37 33 27 19 12 7 2 0 0 0 0 0 2 26 37 18 0 0 0 0 10 46 83 44 0 14 31 9 0 0 0 0 6 12 12 0 0 0 0 0 0 0 0 0 0 0 0 0 0 0 0 0 0 0 0 0 0 0 45 83 86 100 84 5 0 0 0 23 8 0 41 0 0 0 0 0 0 0 0 0 0 0 0 0 0 0 2 11 33 58 59 39 10 0 0 0 0 0 0 50 71 0 0 0 0 0 0 0 0 0 0 0 0 0 0 0 0 45 68 58 70 70 46 27 22 17 14 13 14 15 6 0 0 0 0 0 0 0 0 0 0 0 0 0 0 0 0 0 0 0 0 0 0 0 0 0 7 23 17 0 0 0 0 0 8 4 0 12 9 0 0 0 0 0 0 0 0 0 12 11 3 0 0 0 6 14 13 8 6 0 0 0 0 0 0 5 2 -2147483648 
-2147483648 0 0 0 0 0 0 0 2 14 14 7 11 11 0 0 0 0 20 15 13 25 46 80 108 122 7 0 0 0 0 24 34 31 14 25 51 74 73 86 101 8 0 0 116 187 138 39 0 0 0 162 220 244 217 128 59 29 17 9 13 20 13 5 3 1 0 0 0 0 0 0 21 21 0 0 0 0 0 10 67 93 44 0 4 14 14 16 26 26 15 7 6 8 0 0 0 0 0 0 0 0 0 0 0 0 0 0 0 0 0 0 0 0 0 0 0 22 67 122 157 125 25 0 0 0 0 0 0 0 0 0 0 0 0 0 0 0 0 0 0 0 0 0 0 0 11 29 38 34 25 9 5 13 3 0 0 10 0 0 0 0 0 0 0 145 255 195 23 0 0 0 0 0 1 27 24 18 35 46 39 19 9 13 16 15 10 1 0 0 0 0 0 0 0 0 0 0 0 0 0 0 0 0 0 0 0 0 0 0 0 0 0 0 0 0 0 6 17 12 4 0 0 0 0 0 0 0 6 0 0 0 0 1 1 3 10 1 3 12 6 0 0 5 10 8 0 0 0 0 1 10 9 0 0 -2147483648 
-2147483648 0 0 0 1 1 2 5 0 0 7 7 23 0 0 0 0 0 36 25 26 24 43 88 126 82 0 0 0 0 0 14 30 27 20 37 59 83 104 109 35 0 0 126 201 124 53 0 0 0 115 207 206 180 135 86 59 40 19 7 1 2 2 1 3 5 2 0 0 0 0 0 22 42 38 4 0 0 0 0 25 79 90 52 21 19 24 16 4 0 0 0 0 0 3 0 0 0 0 0 0 0 0 0 0 0 0 0 0 0 0 0 0 0 0 0 0 0 0 47 137 214 244 177 52 0 0 0 0 0 105 133 0 0 0 0 0 0 0 0 0 0 0 0 7 14 2 4 25 36 45 44 24 19 20 0 0 0 0 0 0 0 0 0 0 133 183 178 105 0 0 0 0 23 90 104 56 9 0 11 19 10 5 13 12 5 5 6 11 18 21 20 0 0 0 0 0 0 0 0 0 0 3 4 0 0 0 0 0 0 0 0 1 0 0 0 0 0 2 0 9 1 0 0 2 0 0 12 18 14 10 13 21 13 14 9 0 0 3 3 8 10 8 4 0 0 2 0 0 21 16 2 0 0 0 -2147483648 
-2147483648 0 0 5 9 11 8 0 0 0 0 10 0 0 0 0 0 0 3 2 1 32 80 118 114 0 0 0 0 0 0 0 0 12 38 35 22 53 90 71 0 0 0 187 154 59 0 0 0 135 226 246 221 147 81 48 26 3 0 13 21 16 4 0 6 13 16 11 0 0 0 0 0 10 40 34 1 0 0 0 0 18 73 89 61 40 36 23 1 0 0 0 0 0 0 0 0 0 0 0 0 0 0 0 0 0 0 0 0 0 0 0 0 0 0 0 0 0 0 0 0 56 171 234 164 58 10 0 3 94 191 151 3 0 0 0 0 0 0 0 0 9 16 5 2 0 0 0 30 51 47 42 32 20 12 0 0 0 0 0 0 0 0 0 60 25 0 0 9 0 0 0 0 0 73 110 68 20 0 0 2 16 18 7 0 0 2 9 18 24 18 0 0 0 0 0 9 0 0 0 0 0 11 0 0 0 0 0 0 0 5 16 14 2 3 3 2 2 0 0 0 0 8 19 2 0 0 0 0 10 19 16 1 0 1 0 0 0 1 0 4 25 27 3 0 6 9 5 7 13 8 0 0 0 16 -2147483648 
-2147483648 0 0 0 0 0 0 0 0 0 0 0 0 0 0 0 9 12 0 0 12 62 117 149 42 0 0 0 0 0 0 0 3 7 36 56 49 63 92 44 0 0 72 116 88 79 18 0 95 200 235 223 184 128 66 17 0 0 0 0 4 1 0 0 0 0 0 0 0 0 0 0 0 0 0 11 33 24 0 0 0 0 10 39 43 32 28 32 29 18 3 0 0 0 0 5 0 0 0 0 6 0 0 0 0 0 2 18 5 0 0 0 0 0 0 0 0 0 0 0 0 0 0 0 0 0 0 0 0 0 4 0 0 0 0 0 0 0 0 0 0 4 0 0 0 0 0 0 5 28 33 26 26 20 12 4 0 0 17 43 0 0 58 23 0 0 0 0 0 0 0 0 0 0 0 0 0 0 0 3 10 16 11 0 0 0 0 0 1 7 0 0 0 0 0 23 0 0 0 0 0 12 16 3 0 0 0 0 0 0 6 16 10 0 0 0 5 0 0 0 0 2 16 7 0 0 0 0 0 0 0 0 5 5 0 0 5 0 0 8 16 6 0 0 0 0 5 14 7 0 0 0 0 11 25 -2147483648 
-2147483648 11 9 7 5 0 0 6 5 0 0 0 0 0 0 0 31 38 5 1 50 105 166 135 0 0 0 0 0 0 0 29 37 40 59 87 112 111 83 0 0 11 121 73 87 74 66 120 112 127 174 146 87 42 11 0 2 15 16 6 0 0 0 0 0 0 0 0 0 0 0 5 0 0 0 0 1 23 22 8 0 0 0 15 26 27 25 25 26 17 0 0 0 0 0 0 0 0 0 16 17 6 9 2 0 0 10 4 0 0 0 0 0 0 0 0 0 0 0 0 0 0 0 0 0 0 0 0 0 0 0 0 0 0 0 0 0 0 14 20 19 0 0 0 0 0 0 0 0 4 14 20 18 2 11 20 0 0 1 153 255 255 246 78 0 0 0 0 0 0 0 0 0 0 0 0 0 0 0 0 0 0 0 0 0 0 0 0 0 0 0 0 0 0 41 9 0 0 0 0 29 28 7 0 0 0 0 0 0 3 0 0 0 0 0 0 0 0 0 9 4 0 0 0 2 17 13 8 6 0 0 0 16 14 0 0 0 5 1 0 0 0 0 0 0 0 2 3 0 0 0 0 1 2 8 -2147483648 
-2147483648 0 11 15 13 6 4 0 0 1 0 0 0 0 0 13 46 57 18 8 62 151 193 22 0 0 0 0 0 0 2 24 60 93 98 102 116 89 0 0 0 56 111 109 117 85 63 30 0 2 73 74 21 0 0 0 0 4 11 11 7 11 11 5 5 2 0 0 7 19 14 1 0 0 0 0 0 6 40 41 14 0 5 23 31 33 24 7 0 0 0 0 0 6 0 0 0 7 8 6 5 10 19 19 10 3 0 0 0 0 0 0 0 0 0 0 0 0 0 0 0 5 13 10 0 0 0 0 0 0 0 1 1 0 0 0 14 48 57 32 2 0 0 0 0 0 0 0 0 0 4 8 13 18 21 14 0 0 0 82 255 255 255 191 74 5 0 0 0 16 58 3 0 0 0 0 0 0 0 0 0 0 0 0 0 0 8 6 0 0 0 0 0 53 34 0 1 0 0 4 36 34 7 0 0 0 0 0 2 12 8 0 0 0 0 0 0 0 0 0 1 0 0 0 2 5 12 8 3 10 15 9 2 0 0 0 0 0 0 0 0 0 0 0 0 3 3 0 0 3 0 0 1 0 0 -2147483648 
-2147483648 0 0 0 0 0 0 0 0 0 0 0 0 0 15 47 52 42 29 52 123 196 134 0 0 0 0 0 0 0 1 13 56 109 121 116 79 0 0 0 0 91 95 103 107 74 0 0 0 0 0 0 0 0 0 9 5 0 0 0 0 0 3 6 8 9 11 9 3 0 0 0 0 0 0 0 0 0 0 16 14 0 0 0 0 1 0 1 0 0 0 0 0 0 0 0 0 0 0 0 0 0 0 9 11 5 0 0 0 0 0 0 0 0 0 0 0 0 0 0 0 2 20 16 12 28 25 0 0 0 0 0 0 0 0 0 51 83 68 29 0 0 0 0 0 0 0 0 0 0 0 0 16 25 0 0 0 0 0 0 39 74 73 72 43 0 0 0 67 158 131 4 0 0 0 14 43 28 3 0 0 0 0 1 2 5 2 0 0 0 0 0 28 42 15 22 25 0 0 25 44 41 0 0 0 0 0 0 0 1 0 0 0 6 2 0 5 7 0 0 0 0 3 0 0 0 0 0 0 4 3 2 0 0 0 2 0 0 0 0 0 0 0 0 0 0 0 0 2 0 0 0 0 0 0 -2147483648 
-2147483648 0 0 0 0 0 2 6 5 0 0 0 0 0 9 43 60 48 59 127 182 166 0 0 0 0 0 0 16 27 27 24 20 47 95 100 0 0 0 0 61 88 81 83 51 0 0 0 0 0 0 0 0 2 0 0 0 5 10 12 9 3 4 9 12 20 26 24 14 0 0 0 0 0 18 54 29 0 0 0 0 0 0 0 0 0 0 4 0 0 0 1 10 0 0 0 0 0 0 0 0 0 0 0 0 0 0 0 0 0 0 0 0 0 0 0 0 0 0 0 0 0 0 0 0 0 0 0 0 0 0 0 0 0 0 0 54 82 64 45 14 0 0 0 0 0 0 0 0 0 0 6 0 0 0 0 0 0 0 0 22 30 15 0 0 0 0 0 0 13 0 0 0 0 0 33 39 29 11 3 7 6 6 11 13 9 2 0 0 0 0 9 56 28 11 25 7 16 57 62 49 11 0 0 0 0 0 0 0 0 0 0 0 0 8 12 4 13 16 0 0 0 2 7 0 0 0 0 0 3 1 0 0 0 1 0 0 0 0 0 9 6 7 1 0 0 0 0 0 0 0 2 8 0 0 -2147483648 
-2147483648 0 0 0 1 5 6 21 0 0 0 0 0 16 14 22 49 53 71 121 157 59 0 0 0 0 13 12 15 28 39 35 4 0 38 20 0 0 0 68 125 117 87 22 0 0 0 0 0 0 0 0 0 0 0 0 0 0 0 4 6 3 4 2 2 12 11 2 4 2 0 0 0 0 0 38 59 39 14 8 15 21 6 0 2 10 15 13 0 0 0 0 0 0 0 0 0 0 0 0 0 0 9 6 0 0 0 0 0 0 0 0 0 0 0 0 0 0 0 0 0 0 0 0 0 0 0 0 0 0 0 0 0 0 0 18 60 65 41 20 0 0 0 0 0 0 0 0 0 0 0 1 0 0 0 0 0 0 0 0 39 60 63 56 33 0 0 0 0 0 0 0 0 0 0 0 5 0 0 0 0 6 15 15 8 3 0 0 0 0 8 81 75 37 27 0 0 24 50 30 5 0 0 0 0 0 0 0 13 0 0 0 0 0 6 9 6 8 4 0 0 0 0 1 6 1 1 2 0 0 0 0 0 1 1 3 2 5 0 0 5 10 0 0 0 1 0 1 0 0 0 13 16 0 0 -2147483648 
-2147483648 3 10 0 0 7 12 7 0 0 0 0 17 25 39 38 0 0 23 46 46 0 0 0 0 2 13 21 18 13 17 20 8 7 10 0 0 0 44 95 102 111 52 0 0 0 0 0 0 0 0 0 0 0 0 0 11 7 0 0 0 0 0 0 3 0 0 0 5 13 12 1 0 0 0 0 24 49 55 37 27 33 21 0 2 13 2 0 0 0 0 0 0 0 7 8 16 10 0 0 4 0 0 1 8 0 0 0 0 0 0 0 0 0 0 0 0 0 0 0 0 0 0 0 0 0 0 0 0 0 0 0 0 0 1 35 49 35 1 0 0 0 0 0 0 0 0 0 0 0 0 0 17 17 8 25 31 21 0 0 0 0 35 64 77 61 12 0 0 0 0 0 0 0 0 0 0 0 0 0 0 0 0 0 0 0 0 0 0 0 77 89 47 22 11 0 0 44 30 3 0 0 0 0 0 0 0 0 0 0 0 1 1 2 0 0 0 0 0 6 0 0 0 0 3 17 8 4 0 0 0 0 0 0 4 13 4 0 6 6 0 1 4 6 13 20 14 17 20 7 3 0 0 7 8 -2147483648 
-2147483648 9 1 0 0 1 11 0 0 0 0 0 16 35 56 42 0 0 0 0 0 0 0 0 0 11 0 4 4 0 11 22 33 34 0 0 0 0 1 26 67 35 0 0 0 0 19 6 0 0 0 0 0 0 8 14 1 0 0 6 9 7 6 5 0 0 0 16 18 23 35 22 0 0 0 0 36 62 63 49 35 27 24 17 5 0 0 0 0 0 0 0 0 0 0 12 17 15 9 0 0 7 4 1 7 7 0 0 0 0 0 0 0 0 0 0 0 0 0 0 0 0 0 0 0 0 0 0 0 0 0 0 0 0 21 39 35 9 0 0 0 0 0 0 0 0 0 0 0 0 0 0 0 0 5 18 19 1 0 0 0 0 0 0 0 9 23 15 0 0 0 0 0 0 0 0 0 6 2 0 0 1 0 0 4 0 0 0 0 66 80 44 4 0 0 0 44 50 28 5 0 0 0 0 0 0 0 0 0 0 12 4 3 5 0 0 0 0 0 0 1 1 2 8 9 2 0 11 9 9 12 6 0 0 0 3 0 0 6 11 0 0 6 6 3 12 22 5 0 6 0 0 0 1 0 -2147483648 
-2147483648 0 0 0 8 4 10 0 0 0 0 10 12 21 31 32 21 0 0 0 0 0 0 0 21 40 18 0 0 7 38 57 60 41 0 0 0 0 0 23 120 64 0 0 44 53 21 0 0 0 0 0 0 0 0 0 0 0 0 0 0 0 0 0 0 0 4 1 0 8 32 54 51 12 0 0 22 56 63 54 35 11 4 14 17 14 8 0 0 0 0 0 0 0 0 0 5 4 3 0 0 5 12 4 9 21 19 13 11 0 0 0 0 0 0 0 0 0 0 0 0 0 0 0 0 0 0 0 0 0 0 0 0 0 24 24 0 0 0 0 0 0 0 2 0 0 0 0 1 1 0 0 0 7 25 20 0 0 0 0 0 0 0 0 0 0 0 0 0 0 0 0 0 0 0 0 0 4 7 0 0 0 0 0 0 0 0 0 62 99 60 4 0 0 0 11 42 9 13 12 0 0 0 0 0 0 0 4 12 15 6 0 0 0 0 5 5 8 8 4 2 8 7 0 0 5 12 12 0 0 0 0 0 0 0 1 10 7 0 0 0 0 0 5 2 0 3 0 0 0 3 0 0 0 3 -2147483648 
-2147483648 0 0 0 0 0 7 0 0 0 0 14 4 0 0 18 35 48 27 0 0 0 0 3 0 20 28 22 28 36 48 51 46 30 0 0 0 17 5 75 113 44 12 71 83 36 1 0 0 0 0 0 0 0 0 0 0 0 0 0 0 0 0 0 0 5 5 0 0 0 0 16 51 50 6 0 0 0 9 13 11 14 18 16 13 10 0 0 0 0 0 6 4 8 13 0 0 4 0 0 0 0 0 0 0 4 16 32 15 0 0 0 0 0 0 0 0 0 0 0 0 0 0 0 0 0 0 0 0 0 0 0 21 50 31 0 0 0 0 0 0 0 0 0 0 0 0 7 9 0 0 0 0 22 24 16 0 0 0 0 0 0 0 0 0 0 0 0 0 0 0 0 0 0 0 0 0 0 3 12 6 0 0 0 0 0 0 0 49 68 51 30 7 0 21 77 42 0 0 1 0 0 0 0 0 0 0 0 0 5 1 6 4 0 1 1 1 6 4 0 0 0 0 0 0 0 0 0 0 0 0 0 2 6 0 4 6 9 6 0 0 0 0 5 0 0 0 0 0 0 2 14 0 3 11 -2147483648 
-2147483648 9 13 0 0 0 1 0 0 0 12 0 0 0 0 0 0 17 71 0 0 0 0 0 6 0 18 25 27 22 28 49 49 32 0 0 4 2 14 39 0 0 76 146 80 28 12 16 2 0 0 0 0 0 0 0 0 0 0 0 0 0 0 0 0 0 0 0 0 0 0 0 13 49 56 12 0 0 0 0 0 12 17 18 19 9 0 0 0 0 12 27 16 9 16 7 0 2 7 19 27 19 7 0 0 0 0 0 0 0 0 0 0 7 0 0 0 2 0 0 0 0 0 0 0 0 0 0 0 0 0 2 49 60 26 0 0 0 0 0 0 0 0 0 0 0 10 10 0 0 0 0 0 0 0 0 0 0 0 0 0 0 0 0 0 0 0 0 0 0 0 0 0 0 0 0 0 0 1 10 14 9 0 0 0 0 0 23 34 19 22 28 0 0 50 73 29 13 11 0 0 0 0 0 0 0 3 0 4 1 0 1 0 6 4 0 0 0 0 0 0 0 0 3 1 0 0 0 0 0 0 7 18 15 6 0 0 11 11 5 4 12 9 0 1 0 0 0 1 8 7 0 5 10 7 -2147483648 
-2147483648 12 4 0 6 9 0 0 1 2 0 0 0 0 0 0 0 0 52 9 0 0 0 0 7 5 17 19 20 42 47 52 69 47 0 0 0 0 33 29 0 14 125 135 72 35 21 26 14 0 0 0 0 0 0 0 4 0 0 0 0 2 7 10 3 0 0 0 0 0 5 11 13 34 69 64 9 0 0 0 0 0 0 0 0 0 0 0 3 2 0 0 0 4 4 13 22 10 0 16 23 4 0 10 0 0 0 0 0 0 0 0 0 2 2 16 15 5 0 0 0 0 0 0 0 0 0 0 0 16 29 26 16 0 0 0 0 0 0 0 0 0 0 0 0 0 0 0 0 0 0 7 0 0 0 0 2 18 0 0 0 0 0 0 0 0 0 0 0 0 0 0 0 0 0 0 0 0 0 1 1 4 0 0 0 0 0 24 35 20 10 0 0 32 64 26 3 18 6 0 0 0 0 0 0 6 20 10 0 0 0 0 0 0 0 4 0 0 4 14 16 10 6 3 0 0 0 0 1 2 1 8 3 0 4 0 0 0 0 3 1 1 7 7 7 5 0 0 0 4 2 1 4 0 1 -2147483648 
-2147483648 0 0 0 0 0 0 28 71 32 0 0 0 0 0 0 0 0 0 0 0 0 0 6 8 12 20 24 38 72 80 60 74 54 28 72 86 70 75 75 84 132 147 92 53 42 13 0 1 0 0 0 0 0 0 0 0 0 0 0 0 0 0 0 8 14 13 7 3 2 0 0 0 6 34 57 54 20 0 0 0 0 0 0 0 0 0 0 2 4 0 0 0 0 0 8 14 7 0 0 0 0 0 0 0 0 0 0 0 0 0 0 0 0 10 24 0 0 0 0 0 0 0 1 18 21 13 7 7 14 22 1 0 0 0 0 0 0 0 0 0 0 0 0 0 0 0 0 0 0 0 0 0 0 0 0 0 12 0 0 0 0 0 0 0 0 0 0 0 0 0 0 0 0 0 0 0 0 0 0 0 0 0 0 0 0 1 19 20 8 0 0 0 52 39 0 0 0 0 0 0 0 0 0 0 5 7 10 0 0 0 0 0 0 0 0 0 0 0 11 15 10 0 0 0 0 7 3 1 11 3 0 0 0 2 0 0 0 0 0 0 0 8 15 5 0 0 0 8 0 0 0 0 5 2 -2147483648 
-2147483648 0 3 3 0 0 1 31 61 33 0 0 6 0 0 0 0 0 0 0 0 1 5 17 40 41 29 44 78 103 104 94 86 43 39 79 90 107 114 103 96 124 115 56 25 15 9 5 5 0 0 0 0 0 0 0 0 0 1 1 0 0 0 0 0 0 0 0 4 6 0 0 3 1 3 30 54 44 20 2 0 0 0 0 0 0 0 0 0 0 0 0 0 0 0 0 0 1 7 0 0 0 0 0 0 0 4 1 0 0 10 17 0 0 0 0 0 0 0 0 0 0 11 18 21 21 23 36 25 4 0 0 0 0 0 0 0 0 0 0 0 0 0 0 0 0 0 0 5 5 0 0 0 0 0 0 0 0 1 0 11 19 0 0 0 0 0 0 0 0 0 0 0 0 0 0 0 0 1 3 0 0 0 0 0 0 46 42 12 0 0 0 5 47 10 0 0 0 0 0 0 0 0 8 10 5 0 0 0 0 0 0 0 0 1 6 0 1 7 10 2 0 2 0 0 12 17 0 0 0 0 0 1 10 7 0 0 0 0 0 0 1 0 0 0 0 1 4 3 7 6 2 0 1 0 -2147483648 
-2147483648 0 2 11 15 0 0 26 25 0 0 0 0 0 6 0 0 0 0 0 0 23 30 32 48 68 81 109 139 131 105 95 72 13 0 0 18 92 123 86 60 83 53 7 0 0 9 16 0 0 0 0 0 0 0 0 0 0 0 0 0 0 0 0 0 2 0 0 0 0 0 12 18 12 5 15 32 39 43 49 45 16 0 0 0 0 12 21 9 0 0 0 0 1 4 0 1 9 11 0 0 0 0 0 0 0 0 0 0 0 1 0 0 0 0 0 0 0 0 0 0 13 21 19 7 10 34 42 32 4 0 0 0 0 0 0 0 0 0 0 0 0 0 0 0 0 0 0 0 0 0 0 0 0 0 0 0 0 0 0 0 24 22 1 0 0 0 0 0 0 0 0 0 0 0 0 0 0 0 2 0 0 0 0 0 38 59 37 2 0 0 0 26 23 3 0 0 0 0 0 0 0 0 0 12 0 0 0 0 10 20 10 8 11 4 8 7 0 0 2 0 0 3 19 15 2 0 0 0 0 6 2 3 7 7 3 4 10 20 24 0 0 0 0 0 0 10 12 0 0 3 8 9 0 0 -2147483648 
-2147483648 0 0 2 13 2 0 16 18 0 0 0 0 0 0 0 0 0 0 0 6 17 27 41 33 40 71 96 105 74 24 14 14 0 0 0 0 80 160 125 80 61 26 6 5 12 9 0 0 0 0 0 0 0 0 0 0 0 0 0 8 12 7 5 7 12 9 0 0 0 0 0 1 19 27 22 31 49 52 41 31 29 22 4 0 0 0 12 11 0 0 0 0 0 5 6 0 1 16 19 13 0 0 0 0 0 0 0 0 0 0 0 0 0 0 0 0 0 0 1 21 29 14 7 6 0 0 0 0 0 0 5 0 0 0 0 0 0 0 0 0 0 0 0 0 0 0 2 0 0 0 0 0 0 0 0 1 3 0 0 0 9 35 20 0 0 0 0 0 0 0 0 0 0 0 0 0 0 0 0 0 0 0 20 50 57 34 0 0 0 8 30 0 0 0 0 0 0 0 0 0 0 0 0 7 0 0 9 5 9 18 12 13 15 3 3 8 0 0 0 0 0 0 12 10 1 0 5 18 7 0 0 0 0 0 7 25 18 6 1 0 0 0 0 0 3 3 0 0 0 0 0 0 0 0 -2147483648 
-2147483648 0 5 0 0 0 0 9 39 38 17 0 0 0 0 6 18 0 0 0 4 18 22 27 0 0 0 0 0 0 0 0 0 10 0 0 0 74 161 137 108 62 13 4 6 14 0 0 0 0 0 0 0 0 0 0 0 0 0 0 1 6 12 12 3 0 8 4 0 0 0 13 21 23 25 15 5 12 18 10 8 19 32 30 6 0 0 0 5 0 0 0 13 2 0 13 13 9 4 0 0 0 0 0 0 0 0 0 10 7 0 0 0 3 9 0 0 0 17 27 19 10 8 9 1 0 0 0 0 0 0 0 0 0 0 0 2 5 0 0 0 0 0 0 0 0 9 11 8 0 0 0 12 0 0 0 0 2 0 0 0 2 32 27 4 0 0 0 0 0 0 0 0 0 0 0 0 0 0 0 0 0 15 40 46 31 3 0 0 0 31 23 0 0 0 0 0 0 0 0 48 38 23 8 2 11 11 2 0 0 0 6 4 0 1 5 3 4 0 0 4 13 0 0 0 3 10 5 3 4 1 0 0 0 0 4 9 0 0 0 5 4 0 0 0 0 0 0 0 0 0 0 0 0 11 -2147483648 
-2147483648 3 0 0 0 0 0 10 29 32 17 12 5 0 0 0 0 0 0 6 6 9 17 0 0 0 0 0 0 0 0 0 0 34 61 55 75 105 60 50 77 30 0 0 0 0 0 0 4 5 24 42 0 0 0 0 0 0 0 0 0 0 0 0 0 0 0 4 9 0 0 0 16 14 5 4 0 0 0 0 0 0 10 26 31 18 0 0 0 0 0 6 17 15 5 0 0 3 0 0 0 0 0 0 0 0 0 0 2 4 0 0 8 6 0 0 0 14 20 6 0 0 6 5 0 0 0 0 0 0 0 0 0 0 0 0 0 0 0 0 0 0 1 20 14 19 27 20 8 0 0 0 0 0 0 0 0 0 22 23 0 0 0 0 5 9 5 7 0 0 0 0 0 0 0 0 0 0 0 0 0 0 7 16 7 0 0 0 0 0 0 0 0 0 0 0 0 0 0 27 87 71 37 4 0 15 13 10 16 3 2 9 0 0 0 0 3 7 8 8 2 7 2 0 0 0 0 0 6 0 3 7 0 0 0 0 0 0 7 0 0 4 18 27 3 0 0 5 6 2 1 5 0 3 12 -2147483648 
-2147483648 0 0 2 18 17 0 0 0 1 2 5 1 0 0 0 0 0 0 4 0 0 4 0 0 0 0 0 0 0 0 0 6 7 24 64 131 125 42 43 56 7 0 0 0 0 0 0 0 12 30 49 31 0 0 0 0 0 0 0 5 3 0 0 0 0 0 0 23 20 0 0 0 0 0 0 0 0 0 4 7 0 0 0 7 21 9 0 0 0 0 1 2 6 7 0 0 0 0 0 0 0 0 1 0 1 0 0 0 0 0 3 0 0 0 0 4 0 0 0 0 0 0 0 0 1 2 2 0 0 0 0 0 0 0 0 0 0 0 0 32 56 62 57 48 45 51 48 18 0 0 0 0 0 0 0 0 0 0 0 0 0 0 0 0 29 46 42 16 2 0 0 0 0 0 0 0 0 0 0 0 0 2 5 0 0 0 0 0 0 0 0 0 0 0 0 0 0 0 0 0 3 8 5 2 10 3 0 0 0 0 0 0 0 0 1 0 1 5 1 0 0 0 0 7 9 7 7 5 0 0 0 3 0 0 1 0 10 12 0 0 8 11 15 12 0 0 0 6 0 0 7 11 0 0 -2147483648 
-2147483648 4 1 5 9 10 3 0 0 0 0 0 0 0 0 0 0 0 0 1 3 8 0 0 0 4 0 0 0 0 0 0 0 0 0 44 103 57 36 70 39 0 0 0 0 0 0 0 0 0 10 32 32 0 0 0 0 0 0 0 1 3 1 4 0 0 0 0 0 8 8 0 0 0 0 0 0 0 0 2 12 10 0 0 0 0 0 4 19 29 19 0 0 0 0 0 0 0 0 0 0 0 0 15 12 7 4 0 0 0 0 0 0 4 9 12 4 0 0 0 0 0 0 0 0 0 3 0 0 0 0 0 0 0 0 0 0 0 0 22 47 63 59 54 53 51 55 43 21 1 0 0 0 0 0 4 40 57 15 0 0 0 0 2 6 11 28 27 15 0 0 0 0 0 3 0 0 0 0 0 0 0 0 0 2 3 0 0 0 0 0 0 0 9 0 0 0 0 0 0 0 0 0 0 0 0 8 0 0 0 0 0 0 0 6 8 0 0 1 2 0 0 0 0 0 0 3 0 4 1 0 0 1 8 0 0 0 0 0 5 15 3 0 0 2 17 4 0 4 1 0 1 11 2 0 -2147483648 
-2147483648 8 5 3 1 1 0 0 0 0 10 3 0 0 0 0 0 11 15 13 10 13 2 4 4 6 13 2 0 0 0 0 0 0 4 73 82 0 35 91 26 0 0 0 0 0 0 0 0 0 0 7 5 0 0 0 0 0 0 0 0 0 0 0 0 0 0 0 0 11 15 11 1 0 0 2 1 0 0 0 0 4 6 1 0 0 0 0 0 0 5 0 0 0 0 0 0 0 0 0 11 11 7 12 23 17 10 5 0 0 0 0 18 24 14 15 18 9 2 0 0 0 0 0 0 0 0 0 0 0 0 0 0 0 0 0 0 0 36 43 34 36 44 60 57 38 4 0 0 0 0 0 0 0 0 0 89 119 54 3 0 0 0 2 5 0 0 0 11 1 0 3 18 17 0 0 0 0 0 0 0 2 5 0 0 0 0 0 0 0 0 0 0 0 0 0 0 0 0 0 0 0 0 0 3 7 14 19 19 11 0 0 2 16 8 0 0 0 0 0 0 0 7 10 0 0 0 3 7 0 0 0 0 5 11 9 8 7 0 0 0 0 0 0 0 8 15 14 3 5 0 0 0 0 3 -2147483648 
-2147483648 0 7 4 0 0 0 0 0 0 14 5 0 0 0 0 0 0 11 4 10 14 0 0 0 4 8 0 0 0 0 0 0 0 0 34 0 0 81 98 13 0 0 0 0 0 0 0 10 4 0 0 4 11 0 0 0 0 0 0 0 0 0 0 2 11 9 0 0 0 19 21 14 17 23 24 26 26 18 6 2 8 12 5 0 0 0 0 0 0 0 4 0 0 2 6 10 0 0 1 18 19 16 10 18 18 12 9 0 0 8 15 28 26 12 7 19 12 0 0 0 0 0 0 0 0 0 0 0 0 0 0 0 0 0 0 0 20 38 28 27 46 60 45 20 0 0 0 0 0 0 0 0 0 0 0 19 7 0 0 0 0 0 0 0 0 0 0 0 20 23 13 18 2 0 0 0 0 0 0 0 0 0 0 0 0 0 0 0 0 1 11 0 0 0 0 0 0 0 0 0 0 4 2 5 1 1 1 4 13 2 0 0 12 2 0 0 0 0 0 0 0 0 0 3 0 0 13 0 0 8 3 9 14 6 12 18 20 9 0 0 0 2 0 0 0 8 11 3 14 21 14 3 0 0 -2147483648 
-2147483648 1 3 7 6 0 0 0 0 20 27 9 5 15 7 0 0 0 3 16 16 1 0 0 0 0 0 0 0 0 0 0 0 0 0 0 0 0 82 47 0 0 0 5 0 0 0 0 7 19 0 0 3 17 0 0 0 0 0 0 0 6 13 0 0 0 0 0 0 0 2 4 8 9 2 2 10 18 21 15 8 7 6 0 0 0 0 0 0 0 0 0 0 0 0 0 7 0 0 0 0 5 13 14 16 16 4 0 19 28 14 17 27 21 11 1 1 2 0 0 0 0 0 0 0 0 0 0 0 0 0 0 4 0 0 32 57 52 38 18 30 59 55 14 0 0 0 0 0 0 0 0 0 0 0 0 0 0 0 0 0 0 0 0 0 0 0 0 0 0 13 5 0 0 0 0 0 0 0 0 0 0 0 4 28 30 12 0 0 0 0 8 0 0 0 0 0 0 2 0 0 0 0 1 0 0 0 0 0 0 20 17 0 0 0 7 1 0 0 0 0 0 10 15 9 0 0 7 0 0 14 3 0 1 0 0 0 0 0 0 0 15 18 8 0 0 0 0 0 0 6 12 7 8 5 -2147483648 
-2147483648 3 8 16 4 0 0 0 0 26 24 32 40 22 0 0 0 0 0 14 11 0 0 0 0 0 0 0 0 0 0 0 0 0 0 0 0 0 0 0 0 0 4 42 54 49 31 13 11 23 17 1 10 33 21 0 0 0 0 0 0 0 0 0 0 0 0 4 17 11 1 1 0 0 0 0 0 3 1 0 0 0 0 0 0 0 0 0 0 2 1 0 0 0 0 0 0 0 3 1 5 20 21 10 0 3 9 5 24 26 17 18 0 0 9 11 0 2 4 0 0 0 0 0 0 0 0 0 0 0 0 0 31 26 51 78 74 62 35 39 60 51 19 0 0 0 0 0 0 0 0 0 0 0 0 0 0 0 0 0 0 0 0 0 0 0 0 0 0 0 0 0 0 0 12 6 0 0 0 0 0 0 4 8 3 0 0 15 28 12 8 0 0 0 0 0 0 0 0 0 0 0 0 4 0 0 0 0 0 0 3 18 12 0 0 3 11 18 11 0 0 5 13 14 13 12 0 0 0 3 0 1 0 5 10 1 0 0 0 2 5 0 0 12 7 0 0 0 2 0 0 0 0 8 10 -2147483648 
-2147483648 0 0 8 0 0 0 0 0 5 9 25 32 4 0 0 0 6 3 0 0 0 3 18 11 0 0 0 0 0 0 0 0 0 0 0 0 0 0 0 0 0 37 48 45 43 26 19 14 14 22 15 18 42 61 0 0 0 0 0 0 0 0 0 3 0 0 0 0 0 0 0 4 9 13 12 8 0 0 0 0 0 0 0 0 0 0 0 1 7 13 8 0 0 0 0 0 0 7 9 13 25 24 13 0 0 22 29 15 18 20 6 0 0 3 7 0 0 0 0 0 0 0 9 2 0 0 0 0 9 26 22 26 53 86 92 66 43 39 55 58 22 0 0 0 0 0 0 0 0 0 0 0 0 0 0 0 0 0 0 0 0 0 0 0 1 0 0 0 0 0 0 0 0 13 11 0 0 0 0 0 0 0 0 0 0 14 39 28 2 0 0 0 0 0 0 0 0 0 0 6 0 0 3 14 0 0 8 9 0 0 0 5 10 4 0 13 17 6 6 4 6 8 0 5 13 1 0 0 0 0 4 9 0 0 0 0 0 14 22 11 0 0 0 0 0 0 10 28 27 6 0 0 1 0 -2147483648 
-2147483648 0 0 0 0 0 0 0 0 0 13 17 6 0 0 23 30 38 18 0 0 0 12 22 2 0 0 0 3 0 0 0 0 0 0 0 0 0 0 0 0 0 0 0 10 27 40 23 13 8 11 27 31 39 66 53 0 0 0 0 0 0 0 11 27 19 0 0 0 0 0 5 5 0 0 0 0 0 0 4 0 0 0 0 1 0 0 0 0 0 0 0 0 1 3 0 0 4 0 0 0 18 26 21 15 12 18 33 22 10 21 17 13 13 0 0 4 0 0 8 24 25 32 14 7 29 40 74 109 96 76 61 45 61 85 64 33 34 64 72 32 0 0 0 0 0 0 0 0 0 2 36 65 94 110 105 83 65 45 33 36 29 12 9 25 10 0 0 0 0 0 0 0 4 2 0 0 0 0 0 2 0 0 0 0 7 17 0 0 0 0 0 0 0 0 0 0 0 0 6 4 0 0 0 9 3 0 11 9 0 0 0 0 0 0 0 9 1 0 0 2 0 0 0 0 0 0 4 0 0 0 0 0 0 0 0 0 0 13 16 8 1 0 0 4 4 0 0 0 0 0 0 0 0 0 -2147483648 
-2147483648 0 7 0 0 0 0 0 0 18 28 22 0 0 7 18 18 7 0 0 0 0 1 5 0 0 0 7 6 0 0 0 17 0 0 0 0 0 0 0 0 0 0 0 0 26 60 39 22 38 39 35 59 61 42 56 0 0 0 0 0 0 0 0 8 22 12 0 0 1 14 15 8 4 6 7 5 2 0 0 0 0 0 0 10 5 0 4 7 1 0 0 0 0 0 0 0 0 0 11 13 12 23 27 25 24 16 17 19 13 13 7 17 22 9 11 8 20 48 54 49 52 47 42 63 74 67 88 114 106 99 99 88 82 67 41 34 56 81 70 33 6 0 0 0 0 0 0 0 29 73 117 150 173 192 188 171 148 128 132 138 124 107 80 49 15 0 0 0 0 0 0 0 3 0 0 0 0 0 0 0 0 0 0 0 0 0 0 0 0 0 0 0 0 0 0 15 16 13 3 0 0 9 1 0 6 4 0 0 0 0 0 3 16 5 6 0 0 0 3 23 18 3 4 1 0 0 10 8 0 0 0 0 0 0 0 6 0 0 0 0 0 2 0 0 5 0 0 0 0 0 0 0 0 10 -2147483648 
-2147483648 6 20 0 0 0 0 0 0 11 28 1 0 4 14 14 0 0 0 0 0 0 0 0 0 0 5 5 0 0 0 0 11 11 0 2 58 31 0 0 0 0 0 0 0 0 37 63 59 64 77 71 82 90 69 74 73 0 0 0 0 0 0 0 0 11 23 12 2 5 0 0 0 9 18 17 13 1 0 0 0 0 0 0 0 0 0 0 0 0 0 4 7 0 0 0 0 0 3 25 33 25 29 40 31 24 25 12 18 27 9 2 10 15 29 40 17 19 61 65 52 63 60 60 82 82 69 79 91 87 97 97 87 71 34 40 79 89 65 44 27 0 0 0 0 0 0 13 20 48 84 108 126 150 169 171 165 154 148 140 140 139 125 101 46 1 0 4 0 0 0 0 0 0 2 17 0 0 0 0 0 2 21 22 15 3 0 0 0 0 0 0 0 0 0 7 6 10 19 3 0 6 5 0 0 0 3 0 0 2 3 0 10 22 6 0 0 0 0 0 3 11 8 8 0 0 0 7 1 0 0 0 0 0 0 0 0 2 0 0 0 0 0 5 6 11 17 0 0 4 0 0 0 0 1 -2147483648 
-2147483648 3 2 0 0 0 0 0 0 0 0 0 0 16 26 0 0 0 0 0 0 0 0 0 0 6 0 0 0 0 7 24 11 0 0 0 0 12 0 0 0 0 0 0 0 0 0 42 95 96 106 121 111 109 129 131 132 57 0 0 0 0 0 0 0 0 12 30 24 1 0 0 0 0 1 0 0 0 0 0 0 0 0 0 0 0 0 0 0 0 0 5 8 0 0 0 0 9 15 10 20 30 27 32 36 29 33 32 19 16 15 22 18 8 32 46 36 21 21 41 52 55 55 52 48 51 53 67 81 75 68 59 47 26 30 55 75 78 35 3 0 0 0 0 0 0 29 72 76 71 65 66 90 108 103 98 90 79 87 104 108 91 78 71 28 0 0 0 0 0 0 1 0 0 0 17 4 0 0 0 0 0 0 0 0 0 0 0 0 0 0 0 0 0 0 0 0 0 2 0 8 0 0 0 0 0 0 0 0 11 3 3 0 0 0 0 0 0 0 0 0 0 0 0 0 0 0 0 0 0 0 2 3 0 5 2 4 4 0 2 6 4 0 0 3 3 1 5 3 0 7 5 0 3 0 -2147483648 
-2147483648 0 0 6 20 9 0 0 0 0 0 0 4 0 0 0 0 0 0 0 0 0 0 0 2 1 0 0 0 0 18 21 0 0 25 0 0 0 0 0 0 0 0 0 0 0 0 0 27 93 92 78 66 56 85 107 101 74 0 0 0 0 0 0 0 0 15 33 27 3 0 0 0 0 0 0 0 0 0 0 0 0 0 0 0 0 0 0 0 0 14 17 5 0 0 0 0 9 13 4 0 0 7 17 24 26 28 28 14 13 24 31 35 29 20 12 14 29 42 48 53 47 44 52 37 25 42 51 47 42 31 24 18 20 54 79 51 20 12 0 0 0 0 0 0 24 46 72 89 92 93 102 112 98 61 20 0 0 13 57 76 59 52 33 0 0 0 0 0 0 0 19 12 0 0 10 9 0 0 5 0 0 0 0 0 0 0 0 0 0 0 0 0 0 0 0 0 0 0 0 0 4 11 18 8 0 0 0 1 0 2 10 0 0 0 2 0 0 0 3 0 0 0 0 2 11 0 0 0 21 14 0 0 0 0 0 0 0 0 10 18 10 11 0 0 0 0 1 1 2 21 20 6 0 0 -2147483648 
-2147483648 6 0 5 59 57 4 0 0 0 0 0 0 0 0 0 0 0 0 0 5 0 0 10 0 0 0 0 0 0 0 0 0 0 14 0 0 0 0 0 0 0 0 0 0 0 0 0 0 0 0 0 0 0 0 0 9 60 51 0 0 0 0 0 0 0 2 13 24 28 10 0 0 0 0 0 0 0 0 0 0 1 0 0 0 0 0 0 0 7 14 6 5 13 4 2 17 12 5 4 0 10 17 15 21 24 16 7 14 30 39 40 42 39 11 0 3 28 49 41 26 34 47 49 36 33 52 44 31 34 27 19 20 48 70 53 12 0 0 18 1 5 19 18 32 62 69 73 96 122 155 186 189 136 45 0 0 0 35 63 61 69 74 29 0 0 4 0 0 0 2 7 8 23 14 0 0 0 0 6 3 0 0 0 0 0 0 0 0 20 0 0 0 0 0 0 2 0 0 0 0 5 7 3 0 3 18 19 0 0 5 2 3 11 12 9 8 4 1 0 0 0 0 0 9 11 0 0 0 8 14 0 0 0 0 0 0 0 3 0 0 0 17 16 0 0 0 0 11 14 0 0 0 0 0 -2147483648 
-2147483648 0 0 0 50 82 38 0 0 9 21 5 0 0 0 9 25 5 0 4 7 0 0 0 0 0 0 5 0 0 0 0 0 0 0 0 11 11 3 0 0 0 0 0 0 0 0 0 0 0 0 0 0 0 0 0 0 39 86 38 0 0 0 0 0 0 0 0 9 23 20 10 0 0 0 0 0 0 0 1 0 0 0 0 0 0 1 0 0 0 0 0 0 0 9 14 20 22 20 18 18 25 22 18 23 13 2 8 17 25 30 28 24 24 23 21 27 16 0 3 17 28 35 30 26 32 37 41 46 40 26 23 30 44 38 0 0 0 0 24 58 51 44 56 69 75 89 128 176 207 205 194 202 179 85 7 13 53 87 89 71 90 97 49 26 48 58 35 14 10 0 0 10 20 6 0 0 0 0 0 0 8 0 0 0 0 0 0 0 0 0 0 0 3 18 12 0 0 1 9 20 13 0 0 0 11 16 2 0 5 0 0 0 10 11 0 0 0 0 2 3 0 0 0 0 0 2 8 8 3 6 5 0 7 7 0 1 6 2 0 0 0 0 0 0 0 8 0 0 9 2 1 3 3 16 -2147483648 
-2147483648 0 0 3 39 76 58 7 0 0 7 24 18 0 0 0 9 26 23 0 0 0 0 0 6 8 5 4 0 0 0 0 0 0 0 0 7 1 0 0 0 11 9 5 9 0 0 0 0 0 0 0 0 0 0 0 26 31 52 91 27 0 0 0 0 0 0 0 0 0 0 0 0 0 0 0 0 0 0 0 0 0 0 0 0 0 0 0 0 0 0 0 0 0 0 6 4 9 9 12 10 0 5 18 13 13 16 15 8 1 7 12 6 13 26 28 26 13 0 0 17 18 10 7 17 23 16 27 37 28 18 15 15 6 0 0 0 0 0 0 32 71 86 105 118 131 166 208 217 188 136 80 37 26 30 25 40 74 92 85 89 112 93 35 14 41 53 41 40 33 15 14 22 6 0 0 0 0 0 0 0 0 0 0 0 0 0 0 0 0 0 0 10 10 20 15 4 5 5 11 12 9 11 7 7 4 0 0 2 12 16 8 4 13 19 10 0 1 12 16 18 9 4 6 4 17 23 9 7 13 16 13 0 0 8 2 0 0 0 0 4 6 0 1 2 0 2 2 1 1 0 0 10 19 17 -2147483648 
-2147483648 0 0 0 35 90 71 21 0 0 0 21 22 29 27 1 7 30 12 0 0 8 0 0 11 16 11 11 19 5 0 0 0 0 0 0 0 0 0 0 27 28 17 0 0 0 0 0 0 0 0 0 0 15 32 35 36 36 28 22 20 0 0 0 0 0 0 0 0 0 0 5 7 0 0 0 0 0 0 0 0 0 0 0 0 0 0 0 0 0 5 0 0 0 0 0 0 0 0 3 3 0 0 0 15 23 19 16 20 5 0 7 7 6 11 14 20 25 24 23 21 12 8 16 29 37 29 19 18 18 16 0 0 0 0 0 0 0 0 0 0 47 104 139 162 186 192 155 90 21 0 0 0 0 0 0 55 82 79 72 113 116 35 0 20 16 1 18 32 43 64 58 26 4 6 4 0 0 2 18 17 0 0 0 0 0 0 0 0 0 0 0 0 10 8 3 0 0 2 2 0 0 0 6 17 6 0 0 0 13 20 14 0 0 0 9 15 14 13 0 1 15 9 6 3 9 4 0 0 0 0 4 20 9 0 15 9 0 0 0 13 9 0 0 0 0 0 9 10 0 0 0 0 4 6 -2147483648 
-2147483648 0 0 0 36 108 102 42 0 0 0 53 65 28 14 8 1 11 13 6 8 10 12 17 22 22 0 0 18 33 0 0 0 2 5 1 0 0 22 40 30 0 0 0 0 0 0 0 0 0 0 0 0 0 25 21 3 0 0 0 0 0 0 0 0 0 0 0 0 4 14 16 4 0 0 0 0 6 0 0 0 0 0 0 0 0 0 0 0 0 0 0 0 0 2 4 0 0 0 1 3 1 0 0 8 23 23 26 36 31 18 5 9 20 24 17 11 26 32 16 7 14 27 34 28 28 30 24 29 33 21 0 0 0 0 0 0 0 0 0 0 0 31 67 89 92 48 0 0 0 0 0 0 0 0 20 68 67 44 54 80 24 0 0 36 22 18 25 28 67 128 119 54 28 23 12 12 19 37 43 0 0 0 0 0 0 0 0 6 13 12 0 0 11 11 3 0 0 8 8 11 0 0 2 6 4 8 4 0 0 0 0 1 0 0 0 2 2 0 0 0 7 13 13 6 5 0 0 0 0 0 0 13 8 0 0 1 0 0 8 8 0 0 0 0 4 9 3 0 0 1 0 0 0 0 -2147483648 
-2147483648 13 15 16 28 79 112 73 14 0 4 46 61 24 0 0 0 0 24 45 19 1 19 17 9 12 0 0 0 2 5 6 16 18 1 0 0 6 26 2 0 0 0 0 0 0 0 0 0 0 0 0 0 0 0 14 0 0 0 0 0 0 0 0 0 0 0 0 0 0 0 0 0 0 0 0 0 0 0 0 0 0 0 0 0 0 0 0 0 0 0 0 0 0 3 5 0 0 0 0 11 19 18 9 7 19 20 11 17 29 20 5 10 19 23 22 19 33 38 20 8 9 15 6 0 0 8 19 18 16 0 0 0 0 0 0 0 0 0 0 0 0 0 0 0 0 0 0 0 0 0 0 0 0 34 73 68 6 0 0 0 0 0 0 19 24 25 14 4 41 109 112 54 19 12 6 11 31 34 0 0 0 0 0 0 0 0 2 0 0 0 0 0 4 0 0 0 12 12 4 8 9 2 0 0 0 2 16 12 0 0 0 3 2 1 0 0 0 5 12 11 3 9 9 12 11 0 0 10 3 0 0 0 0 6 0 0 0 4 11 2 0 7 4 0 4 0 0 0 0 0 0 11 7 0 -2147483648 
-2147483648 19 18 5 0 19 104 111 58 18 0 0 19 49 24 0 16 10 1 13 20 12 0 0 0 0 0 11 5 0 0 0 0 7 7 0 0 0 0 0 0 0 0 13 0 0 0 0 0 0 0 0 0 0 0 0 0 0 0 0 0 0 0 0 0 0 0 0 0 0 0 0 0 0 0 0 0 0 0 0 0 0 0 0 0 0 0 0 0 0 0 0 0 0 0 0 5 13 4 0 3 15 18 13 10 3 1 5 0 0 0 0 2 5 20 35 31 23 28 35 21 0 0 0 0 0 0 5 0 0 0 0 0 0 0 0 0 0 0 0 0 0 0 0 0 0 0 0 0 0 0 0 0 6 68 74 14 0 0 0 0 0 0 0 1 12 5 3 0 0 0 0 0 4 15 12 13 28 0 0 0 0 0 0 0 0 0 0 0 0 0 0 3 0 0 0 1 0 0 0 0 0 0 0 0 0 0 11 10 0 0 1 0 0 0 0 0 1 4 7 0 0 0 0 0 0 0 15 14 4 0 0 0 0 7 8 0 0 0 0 0 2 0 5 10 0 0 0 0 0 0 1 23 15 0 -2147483648 
-2147483648 10 0 0 0 0 86 122 60 6 0 0 33 57 50 40 29 22 10 0 10 20 11 0 0 0 0 8 3 0 0 0 0 0 0 16 28 0 0 0 0 0 9 7 13 7 0 0 0 0 0 0 0 0 0 0 10 3 0 0 0 0 0 0 0 0 0 0 0 0 0 0 0 13 14 0 0 0 0 0 0 0 0 0 0 0 0 0 0 0 0 0 0 0 0 5 16 21 11 0 0 0 5 8 6 7 23 35 11 0 0 0 0 11 22 22 23 8 3 12 8 0 0 11 19 10 0 0 0 0 0 0 0 0 0 0 0 0 0 0 0 0 0 0 0 0 0 0 0 0 0 0 24 45 57 20 0 0 0 0 0 0 0 0 0 12 24 31 30 0 0 0 0 11 10 10 29 0 0 0 0 0 0 8 0 0 0 0 0 0 0 10 7 2 10 18 11 0 0 0 0 0 0 7 13 14 0 0 0 0 4 7 8 3 0 1 15 0 0 0 0 0 0 0 0 0 16 17 0 0 2 0 0 0 0 2 5 1 0 0 0 7 0 0 6 7 7 12 4 1 9 4 0 0 0 -2147483648 
-2147483648 1 0 0 0 4 61 108 58 3 0 0 1 11 34 58 41 23 8 0 1 12 20 0 0 12 17 0 0 0 16 25 0 0 0 17 26 10 0 0 2 1 4 0 1 12 0 0 0 0 0 0 0 0 0 0 8 68 51 18 3 1 3 4 0 0 0 0 0 0 0 0 0 5 1 0 0 0 0 0 2 6 0 0 0 0 0 0 0 0 0 0 0 0 0 10 15 6 1 0 0 0 3 0 0 5 24 27 18 25 22 20 28 12 0 0 9 5 0 0 5 28 55 56 39 39 19 0 0 0 0 0 4 13 2 0 0 0 0 0 0 0 0 0 0 0 0 0 0 4 26 48 62 40 6 0 0 0 0 0 0 0 0 0 0 18 35 38 41 5 0 0 0 2 3 17 25 0 0 0 0 0 16 31 24 18 15 16 13 0 5 16 2 0 1 14 14 1 0 0 1 9 8 0 0 11 4 0 0 4 0 0 3 8 18 27 22 1 0 0 0 0 0 0 0 1 0 2 4 0 0 4 5 4 1 0 7 12 9 8 0 0 6 4 0 0 8 16 7 0 6 1 0 0 4 -2147483648 
-2147483648 0 0 8 17 8 26 82 83 27 2 0 0 0 28 30 19 5 0 2 6 0 4 19 26 18 5 0 0 0 0 0 0 0 3 0 0 0 4 13 17 1 0 0 6 0 4 5 0 6 5 0 0 0 0 0 0 55 86 58 27 0 0 0 11 0 0 0 0 0 0 0 0 0 0 0 0 0 4 13 13 11 12 0 0 0 0 0 0 0 0 0 0 0 0 0 3 0 0 0 12 17 8 1 0 0 2 0 0 19 21 28 32 12 0 0 0 0 0 0 4 28 37 25 31 39 19 0 0 0 0 0 26 20 2 0 8 17 3 0 0 0 0 0 0 0 0 0 0 5 28 38 35 0 0 0 0 0 0 0 3 0 0 0 0 10 23 21 34 26 0 5 2 0 5 20 13 0 0 0 0 0 9 22 29 24 10 8 2 1 0 0 4 0 0 0 0 0 0 0 4 5 2 0 0 0 2 3 0 0 0 0 0 0 7 5 6 12 9 0 0 0 0 5 0 0 0 0 0 1 7 2 0 7 0 0 3 2 0 0 0 0 0 0 0 0 0 0 0 10 9 9 21 21 6 -2147483648 
-2147483648 0 2 11 20 0 0 50 95 55 5 0 0 0 24 18 0 0 6 3 4 6 2 23 26 0 0 0 6 8 0 0 10 12 0 0 0 0 7 4 1 0 0 9 0 0 8 12 11 1 0 0 0 0 0 0 0 0 50 73 51 31 0 0 13 0 0 0 0 0 0 0 0 0 0 0 7 12 12 5 4 0 0 0 0 0 0 0 0 0 0 0 0 0 0 0 0 5 5 8 16 13 3 0 3 7 0 0 0 3 15 9 0 0 0 0 0 0 0 0 0 0 0 0 24 21 10 1 0 2 5 12 9 0 0 6 17 11 23 18 7 4 0 0 0 0 0 0 0 26 33 26 4 0 0 0 0 17 11 0 0 0 0 0 0 0 4 17 30 32 21 24 11 1 18 24 0 0 0 0 0 0 0 18 24 0 0 0 0 0 7 5 1 12 17 11 0 0 0 2 5 0 0 3 0 0 0 0 0 0 0 5 0 0 0 0 0 0 5 6 12 22 11 4 11 5 0 0 0 0 0 0 0 0 0 0 0 4 11 0 0 0 0 8 10 6 0 0 4 6 9 25 16 0 0 -2147483648 
-2147483648 0 0 0 0 0 0 46 117 112 40 6 21 15 13 20 19 21 18 0 0 11 0 0 0 0 2 2 14 18 9 0 0 8 0 0 16 14 0 0 0 0 0 0 0 0 10 6 6 0 0 0 0 12 0 0 0 0 0 44 49 52 44 19 0 6 0 0 0 0 0 0 0 0 0 5 12 6 0 0 8 4 0 0 0 0 0 0 0 0 0 0 0 0 0 0 0 3 6 12 8 0 0 3 10 0 0 0 1 13 4 0 0 0 0 0 0 0 0 0 0 0 0 13 22 6 0 9 10 12 19 8 0 0 0 0 0 0 16 27 26 7 6 20 11 0 0 0 9 25 28 5 0 0 0 0 0 0 0 0 5 0 0 0 0 0 0 0 10 18 15 10 16 32 40 27 0 0 0 0 0 0 0 0 0 0 0 0 0 2 10 7 0 0 11 1 0 0 4 0 0 2 5 5 0 0 0 6 28 21 0 1 0 0 0 0 0 0 5 14 11 10 4 0 2 20 10 7 7 0 0 3 0 0 0 1 0 2 3 0 0 1 0 3 11 15 3 0 0 0 0 0 0 0 0 -2147483648 
-2147483648 0 0 0 0 0 7 43 108 108 34 0 16 45 32 28 25 8 3 10 3 0 4 10 0 0 0 17 9 2 11 11 15 0 0 8 10 2 0 0 0 0 0 0 1 14 9 9 30 35 2 0 0 17 6 0 0 0 0 0 37 36 33 18 4 11 6 0 0 0 0 0 0 0 0 0 0 0 0 0 1 0 0 0 5 1 0 0 0 0 0 0 0 0 5 12 6 0 3 8 5 0 0 7 4 0 0 0 0 0 0 0 0 0 0 0 0 0 0 0 4 9 30 49 40 12 0 2 16 18 20 10 0 5 0 0 0 0 0 0 0 0 10 17 1 0 0 0 0 0 0 0 0 0 0 0 0 0 0 1 12 8 0 0 0 0 0 0 5 9 4 6 31 49 42 15 0 0 0 0 0 0 0 0 0 0 0 1 10 21 10 2 2 0 3 0 0 3 11 3 0 0 5 3 0 0 0 13 14 10 0 4 20 11 0 0 0 0 0 2 8 0 0 0 0 1 14 6 0 10 9 0 0 0 0 0 0 0 0 0 3 8 4 0 0 0 0 0 0 0 0 0 0 0 2 -2147483648 
-2147483648 0 2 0 0 0 0 0 61 98 46 0 0 12 15 35 38 7 0 13 14 0 14 11 0 0 0 18 7 5 14 22 12 0 3 9 0 0 0 0 0 0 0 19 36 29 12 19 59 66 32 7 0 0 22 30 0 0 0 0 4 22 12 0 0 0 0 0 0 0 0 0 0 0 1 0 0 0 18 11 0 0 0 6 3 0 2 0 0 0 0 0 0 0 10 7 0 2 12 4 2 12 7 0 0 0 0 0 0 0 0 0 0 0 0 0 0 0 0 17 32 49 74 77 51 21 2 4 22 32 20 13 26 21 0 0 0 0 0 0 0 1 5 0 0 0 0 0 0 0 0 0 0 0 0 0 0 0 0 15 8 0 0 0 0 0 0 12 8 0 0 7 35 41 26 3 0 0 0 0 0 0 0 0 0 0 6 6 11 15 3 0 4 7 0 0 0 0 0 6 0 0 0 5 3 4 0 0 0 0 0 6 12 10 0 2 0 0 0 0 3 0 0 0 0 0 0 0 0 5 1 0 4 0 0 0 0 0 0 0 0 0 0 0 0 0 0 0 0 1 3 0 0 0 2 -2147483648 
-2147483648 8 11 5 0 0 0 0 34 104 86 18 0 0 7 25 37 28 26 29 14 9 14 0 0 17 20 0 3 20 5 0 0 2 7 0 0 0 0 20 32 29 13 0 3 0 0 0 0 0 14 23 0 0 13 22 11 0 0 0 0 0 5 5 0 2 6 3 0 0 0 0 0 0 19 8 0 0 6 3 5 11 3 0 0 4 6 0 0 0 0 0 0 0 1 0 0 8 15 3 11 18 8 0 0 0 0 0 0 0 0 0 0 0 0 0 0 0 2 28 65 91 86 55 25 11 2 8 27 39 42 50 45 19 4 3 0 0 0 0 0 0 0 0 0 0 0 0 0 0 0 0 0 0 0 0 0 0 12 23 8 3 3 0 3 16 9 9 12 0 0 21 59 60 23 0 0 15 8 0 4 1 0 0 0 0 0 0 0 0 0 0 2 4 0 0 29 24 2 2 9 0 0 0 0 0 0 0 0 0 0 0 0 0 2 5 5 7 5 0 0 0 12 19 4 0 0 0 0 0 0 0 0 0 6 14 6 9 8 0 0 0 0 15 1 0 0 12 13 11 9 1 6 7 3 -2147483648 
-2147483648 1 3 5 0 0 0 0 14 77 98 43 0 0 11 20 22 34 42 25 9 10 15 10 0 8 12 0 1 10 0 0 0 0 0 0 10 0 0 4 17 18 4 1 0 0 0 0 0 0 0 1 0 0 0 0 0 0 0 0 0 0 0 0 4 0 0 0 0 0 0 0 0 0 30 34 22 0 0 0 3 5 0 0 6 11 8 0 0 0 0 0 0 6 0 0 0 0 0 0 6 10 12 6 0 0 0 0 0 0 0 0 0 0 0 0 0 0 25 67 97 102 65 17 0 0 12 22 25 34 51 58 42 30 33 34 19 0 0 0 0 0 0 0 0 0 0 0 0 0 0 0 0 0 0 0 0 0 0 0 0 13 12 0 0 0 9 9 6 0 9 28 37 24 0 0 11 20 0 0 0 0 0 0 0 0 0 0 0 0 0 0 0 0 0 0 34 74 38 3 4 12 0 0 0 0 0 9 0 0 0 0 3 0 0 0 0 5 9 3 0 7 19 10 12 7 0 0 0 2 3 10 9 5 16 22 15 14 6 0 7 3 3 10 0 0 0 0 0 0 4 6 8 13 12 -2147483648 
-2147483648 4 0 5 7 0 0 0 0 57 113 75 8 0 8 12 17 45 37 5 5 18 2 0 0 1 1 8 13 5 4 4 0 0 7 8 2 0 0 0 0 0 0 0 8 7 0 0 0 0 0 0 0 0 0 0 0 3 3 0 0 0 0 0 0 0 0 0 0 0 0 0 0 0 4 7 9 16 6 2 0 0 3 9 13 13 8 3 0 0 0 0 0 0 0 0 0 0 0 0 0 3 1 0 0 2 0 0 0 0 0 0 0 0 0 0 0 7 52 94 94 61 8 0 0 18 45 45 26 27 41 24 5 17 26 15 0 0 6 0 0 0 0 0 0 0 0 16 6 0 0 0 0 0 0 0 0 0 0 0 0 1 0 9 4 4 23 15 0 0 13 4 0 0 0 0 0 0 0 0 0 0 0 0 4 0 0 9 1 0 1 0 0 0 0 0 0 56 63 14 1 3 0 0 8 22 7 0 0 0 1 0 0 1 0 0 0 0 0 0 0 6 0 5 14 0 0 0 1 9 6 17 17 0 0 9 9 0 4 22 22 21 6 0 0 0 0 0 0 0 0 2 6 5 6 -2147483648 
-2147483648 0 0 12 20 23 12 5 5 45 94 73 37 12 0 0 19 33 19 16 20 9 0 4 21 12 10 11 1 0 0 0 0 3 20 11 7 20 20 16 0 0 0 0 0 6 0 0 0 0 0 0 1 0 0 0 0 8 8 0 0 0 20 0 0 0 0 0 0 0 0 0 0 0 0 0 0 0 0 0 0 0 1 4 3 3 3 6 4 0 0 0 0 0 0 0 0 0 0 0 0 0 0 0 0 0 0 0 2 0 0 0 0 0 0 0 8 36 72 71 31 0 0 0 0 22 41 37 30 29 30 19 2 0 4 13 22 41 73 109 131 112 96 98 97 114 131 127 71 0 0 10 9 0 0 5 0 0 0 0 5 0 0 13 25 28 28 14 3 3 1 0 0 0 0 0 0 0 0 0 0 13 9 7 21 20 11 5 8 10 9 4 1 8 24 19 0 0 0 0 3 3 7 5 0 2 9 0 6 21 16 0 0 0 0 0 0 6 0 0 9 3 2 8 9 8 15 23 14 0 0 0 0 0 0 0 0 0 0 0 1 0 0 0 2 9 5 2 13 7 0 0 1 3 0 -2147483648 
-2147483648 0 5 9 16 28 20 6 0 4 36 59 55 18 0 0 25 36 45 50 31 13 14 26 27 1 0 7 3 0 0 0 0 1 9 16 15 9 2 0 0 0 0 0 0 0 4 5 0 0 2 17 0 0 0 0 0 0 0 0 0 0 50 34 0 0 7 0 2 8 0 0 0 0 0 0 5 13 0 0 0 5 0 0 0 0 1 2 1 0 4 11 12 4 0 0 0 0 0 0 0 0 0 0 0 0 0 0 2 0 0 0 0 0 0 0 6 38 51 24 0 0 0 3 0 3 16 23 35 27 4 14 39 45 58 106 147 176 222 255 255 255 255 255 255 255 255 255 214 121 42 27 69 107 118 108 71 35 12 0 0 0 18 23 26 27 15 6 9 6 3 10 3 0 0 0 0 5 9 2 3 10 7 2 7 14 5 0 0 0 0 0 2 5 15 16 0 0 0 0 5 4 11 8 0 0 0 2 2 2 11 15 6 0 0 5 15 25 26 11 5 0 0 0 0 0 11 29 17 5 7 0 0 0 0 0 0 0 0 0 0 0 0 0 11 12 15 16 14 10 6 0 0 0 0 -2147483648 
-2147483648 0 7 6 7 2 3 10 0 0 29 54 28 20 15 0 16 39 63 73 37 18 29 25 23 7 0 0 10 0 0 2 6 6 13 12 0 0 0 0 0 0 0 0 0 0 8 20 1 0 4 11 14 0 0 0 0 0 0 0 0 0 0 55 30 0 8 7 10 39 0 0 0 0 0 0 0 0 20 27 15 3 0 0 0 3 3 6 17 23 13 13 13 7 13 7 0 0 0 0 0 0 0 0 0 6 0 0 0 0 0 0 0 0 0 0 7 26 16 0 0 10 3 0 0 11 34 59 71 70 70 91 126 161 207 254 255 255 255 255 255 255 255 255 255 255 255 255 255 255 193 152 215 255 255 255 215 174 122 59 17 21 42 46 36 19 7 4 2 0 0 0 0 0 0 0 0 0 4 21 19 0 0 0 0 0 0 1 0 0 0 8 2 9 15 7 7 0 0 1 0 0 0 0 0 0 0 0 0 0 0 0 0 6 15 16 12 12 26 14 0 0 0 0 0 0 0 0 0 5 13 0 0 0 0 8 18 1 20 26 6 7 9 9 17 13 3 11 19 6 0 0 1 5 1 -2147483648 
-2147483648 10 11 7 0 0 3 5 0 0 32 37 0 0 45 43 14 14 28 32 16 11 19 23 22 23 21 9 5 3 15 26 10 1 4 0 0 0 0 0 7 2 0 0 7 1 0 9 32 21 0 6 27 9 0 0 0 12 0 0 0 0 0 9 35 21 0 0 0 0 0 0 0 0 0 5 0 0 4 9 1 0 2 10 1 6 24 32 29 23 17 6 2 7 4 5 9 3 0 4 3 0 6 6 0 0 9 0 0 0 0 0 2 0 0 0 0 14 11 3 12 27 19 14 43 75 103 133 148 167 200 225 238 255 255 255 255 254 214 185 174 177 181 183 184 172 179 225 255 255 255 255 255 255 255 255 240 236 222 162 82 42 39 48 47 30 14 12 4 0 0 0 0 0 0 14 0 0 4 15 11 3 1 0 0 0 0 6 1 0 5 11 0 6 12 1 0 0 0 0 0 0 0 0 3 0 0 0 0 0 0 0 0 0 3 11 6 0 0 7 0 0 0 0 1 6 0 0 0 0 0 1 0 0 12 15 17 17 11 11 0 0 15 6 0 7 0 0 0 0 0 0 0 0 6 -2147483648 
-2147483648 5 4 3 0 0 0 0 2 0 10 46 11 0 0 12 1 0 0 0 23 32 15 15 14 17 18 1 0 10 16 6 0 13 0 0 0 0 1 8 22 26 8 6 10 0 0 0 5 0 0 6 15 18 4 0 40 53 6 0 0 0 0 0 9 19 0 0 0 0 0 0 0 0 0 0 6 0 0 0 0 3 6 11 9 15 22 20 16 14 14 2 0 0 0 0 2 8 13 14 3 5 23 19 1 0 6 3 0 0 0 0 0 0 0 0 0 0 0 1 3 8 34 82 132 165 185 189 193 217 233 236 240 236 212 179 148 117 84 53 47 60 62 49 36 31 42 61 93 171 255 255 211 150 124 110 110 135 169 184 134 55 30 38 47 41 19 16 9 0 4 0 0 0 0 3 14 2 0 4 2 0 8 5 0 0 0 6 3 5 3 0 2 0 0 0 6 0 0 0 0 8 8 6 6 5 4 8 4 0 0 0 1 0 0 0 0 0 0 0 13 15 0 0 0 0 0 0 0 0 0 0 1 11 21 7 0 10 0 0 0 0 0 0 0 0 0 0 0 0 11 13 0 0 9 -2147483648 
-2147483648 15 0 0 0 0 8 11 10 0 6 48 15 0 0 0 12 8 2 22 54 46 33 22 15 19 15 19 15 7 13 8 0 0 0 2 10 2 1 0 0 2 18 16 11 0 0 0 0 0 0 0 0 0 5 12 41 39 9 9 11 0 0 0 0 0 0 0 2 15 31 0 0 0 0 0 0 0 0 16 18 6 0 0 10 9 4 11 13 12 5 0 0 0 2 12 18 8 0 0 0 0 0 7 12 17 21 21 6 0 6 5 0 0 0 0 0 0 0 0 0 0 2 68 143 180 182 173 169 163 148 123 92 65 44 41 19 0 0 0 0 0 0 0 0 0 0 0 3 41 96 116 92 61 50 51 45 46 69 120 147 112 67 35 23 20 15 18 28 38 26 0 0 0 0 0 0 1 3 0 0 0 0 0 2 8 6 0 12 12 0 0 0 0 0 0 8 10 6 1 1 7 10 3 2 5 15 12 0 0 0 0 0 0 0 0 0 0 0 0 0 0 0 0 0 0 2 1 0 0 0 0 15 20 8 0 0 0 0 0 0 4 0 0 0 0 0 5 0 0 0 3 9 11 0 -2147483648 
-2147483648 7 0 0 0 10 12 0 0 2 5 25 25 0 0 0 1 27 32 40 52 35 26 36 38 31 32 35 16 10 25 37 18 0 0 19 11 0 0 0 0 0 7 0 0 0 4 0 1 0 0 0 0 3 19 10 8 15 8 14 12 0 0 0 0 3 15 5 3 21 44 1 0 0 11 0 0 13 28 10 0 0 0 0 0 0 0 12 21 16 8 17 14 0 5 20 11 0 0 0 6 0 0 0 15 23 26 25 25 32 25 7 0 0 0 0 0 0 0 0 0 0 0 0 0 44 60 44 32 25 0 0 0 0 0 0 0 0 0 0 0 0 0 0 0 0 0 0 0 0 0 0 4 24 36 62 70 49 28 46 122 168 119 43 0 0 5 24 57 53 24 0 0 0 0 0 0 0 0 4 9 7 0 1 1 0 5 0 1 9 2 0 0 9 11 0 0 0 0 7 5 4 2 0 2 5 13 7 0 5 2 2 7 2 3 10 13 4 0 0 9 0 0 0 0 4 0 0 4 8 0 5 15 1 0 0 0 0 0 6 12 0 0 19 15 4 3 1 1 11 3 0 0 6 0 -2147483648 
-2147483648 0 5 0 0 0 0 0 0 2 0 14 48 19 0 0 0 0 19 28 30 38 19 16 32 33 28 3 3 21 14 12 9 2 8 0 0 3 4 0 0 0 0 0 0 8 6 1 15 0 0 9 8 2 3 6 8 15 36 32 7 0 0 0 0 0 13 17 3 14 29 0 0 0 0 9 15 11 0 0 0 0 0 0 0 0 0 6 23 23 24 36 26 0 0 1 0 0 3 3 0 0 0 0 0 10 11 17 36 34 21 11 4 7 0 0 0 0 0 0 0 0 0 0 0 0 0 0 0 0 0 0 0 0 0 0 0 0 0 0 0 0 0 0 0 0 0 0 0 0 0 0 0 0 0 3 49 63 45 42 98 139 103 47 13 0 0 23 42 31 10 0 0 0 15 12 0 0 0 3 15 7 3 6 5 0 0 0 0 0 8 6 10 9 10 3 0 0 0 0 5 5 16 17 6 13 6 2 5 9 16 12 6 7 17 9 2 9 0 0 22 12 0 0 0 0 0 0 6 17 8 0 6 0 0 0 0 1 19 21 11 0 0 0 0 0 0 5 8 4 8 0 0 0 1 -2147483648 
-2147483648 0 18 26 19 0 0 3 3 0 0 15 33 17 0 0 0 0 12 30 21 40 61 46 29 18 11 5 6 12 0 0 0 10 0 0 9 7 5 6 15 14 0 0 1 8 0 0 2 7 20 15 0 0 0 0 5 14 21 12 0 0 4 6 0 0 0 0 0 0 4 9 0 0 0 16 38 0 0 0 0 2 8 7 6 5 8 19 20 18 23 16 8 0 0 0 0 0 9 0 0 0 0 0 0 0 1 20 15 0 3 15 7 1 2 0 0 0 0 0 0 0 0 0 0 0 0 0 0 0 0 0 0 0 0 0 0 0 0 0 0 0 0 0 0 0 0 0 0 0 0 0 0 0 0 0 0 41 88 82 64 57 56 37 19 9 0 0 0 0 0 0 0 0 0 0 0 0 0 0 0 0 7 3 2 8 3 0 0 0 0 11 8 0 0 2 0 0 3 0 0 0 2 0 1 16 11 8 7 7 15 4 0 0 0 0 0 0 17 15 0 7 9 5 0 0 0 15 0 0 0 0 0 4 10 0 0 3 8 7 0 0 0 0 0 0 0 0 0 0 0 14 0 0 6 -2147483648 
-2147483648 0 0 8 14 2 0 0 0 0 13 25 30 12 2 0 0 0 6 29 31 28 54 54 26 13 13 27 22 12 8 0 16 21 3 22 19 0 0 1 26 12 7 7 0 0 20 10 0 14 18 0 0 0 0 0 0 0 0 0 0 0 0 10 7 7 0 0 0 0 0 0 0 0 0 2 12 1 0 0 0 0 6 13 14 4 3 7 10 19 23 12 5 10 0 0 0 0 0 0 0 0 0 0 0 0 0 8 0 0 0 4 0 4 2 0 0 0 0 0 0 0 0 0 0 0 0 0 0 0 0 0 0 0 0 0 0 0 0 0 0 0 0 0 0 0 0 0 0 0 0 0 0 0 0 0 0 0 59 40 0 0 0 4 4 5 0 0 0 0 0 0 0 0 0 0 0 5 4 0 0 6 9 8 12 13 10 4 7 0 0 0 0 0 0 1 3 0 12 20 1 0 0 0 0 1 0 0 12 10 0 0 0 0 0 0 0 0 7 0 0 12 17 5 0 0 10 3 0 0 0 2 0 0 17 1 0 2 0 0 0 18 19 1 9 12 10 0 0 0 0 4 15 4 0 -2147483648 
-2147483648 0 0 0 0 0 0 0 0 0 2 17 50 60 26 0 0 0 0 11 21 4 0 15 38 41 27 39 40 15 6 10 16 21 21 1 0 0 0 0 0 0 0 7 7 6 13 4 0 12 16 11 2 0 3 0 0 0 0 0 0 0 0 0 0 0 4 1 5 0 0 0 0 0 2 0 2 17 4 0 0 9 11 7 6 0 0 0 0 7 21 23 24 30 18 0 0 0 0 0 0 4 6 4 0 0 0 0 2 16 21 14 13 19 15 12 0 0 0 0 0 0 0 0 0 0 0 0 0 0 12 41 45 36 11 0 9 32 24 0 0 0 0 0 0 0 0 0 0 0 0 0 0 0 0 0 0 0 0 0 0 0 0 0 0 0 0 0 0 0 0 0 3 4 0 0 5 13 1 0 4 6 3 11 6 1 8 15 12 0 0 0 0 2 1 5 4 0 0 0 1 0 0 0 0 0 0 0 5 4 0 0 0 0 0 0 0 0 0 6 5 0 3 4 7 18 8 0 0 0 0 7 0 0 0 0 0 0 0 0 0 1 15 10 8 7 2 9 4 0 0 0 10 3 0 -2147483648 
-2147483648 0 0 0 0 1 11 13 3 0 0 13 69 87 44 1 0 0 0 0 0 12 5 9 34 50 44 34 31 19 8 13 16 22 17 0 0 10 11 0 0 0 0 8 10 7 8 8 0 5 26 23 10 22 34 23 0 0 0 15 12 10 12 0 0 0 0 1 0 5 0 0 0 0 1 8 2 2 6 10 23 21 7 2 1 1 6 7 4 7 9 11 10 8 16 6 0 0 0 0 2 14 7 0 0 0 2 8 10 14 19 23 18 12 15 13 0 0 0 0 0 0 0 0 0 0 0 0 0 0 0 112 173 164 135 132 147 150 159 134 43 16 46 32 3 0 0 0 0 0 0 0 0 0 0 0 0 13 0 0 0 0 0 0 0 0 0 0 0 0 0 0 2 2 3 0 1 7 0 0 4 0 0 0 0 0 0 8 0 0 0 0 15 11 1 0 0 1 0 2 6 0 0 4 0 0 0 0 0 0 4 4 9 5 2 1 6 11 1 4 1 0 0 7 18 12 0 0 5 8 2 2 7 4 0 6 4 0 2 0 0 0 0 3 0 0 0 0 0 0 0 0 0 0 0 -2147483648 
-2147483648 0 0 0 0 0 3 10 18 17 0 8 69 112 95 36 0 0 0 0 0 32 49 32 6 19 26 0 5 14 13 19 13 10 11 0 0 11 9 0 2 16 12 0 0 1 7 8 3 4 0 6 7 6 11 11 10 8 4 3 0 0 0 0 0 0 0 0 0 0 0 0 0 0 0 0 0 0 16 21 16 7 0 0 7 4 12 17 7 0 0 11 10 0 0 10 0 0 0 4 3 0 0 0 0 0 0 4 12 12 17 19 6 0 12 7 0 0 0 0 0 4 0 0 0 10 0 0 0 0 0 89 190 224 220 235 255 255 255 255 248 233 233 178 113 79 30 0 0 0 31 58 62 78 118 111 63 0 0 0 0 0 0 0 0 0 0 0 0 5 0 2 15 10 8 0 0 0 0 0 0 0 0 0 0 0 0 0 0 0 16 16 4 0 0 0 1 7 5 6 0 0 22 19 10 19 20 6 0 0 0 0 17 22 16 6 3 9 7 0 0 0 0 0 0 0 0 7 10 15 22 0 0 10 3 6 2 0 6 12 0 0 0 0 0 0 0 0 0 0 4 0 0 0 3 -2147483648 
-2147483648 10 5 0 0 0 1 3 7 10 6 10 58 131 164 114 39 0 0 0 0 17 43 38 9 9 13 3 8 13 13 12 4 0 0 26 30 11 13 27 26 26 12 0 3 14 12 0 0 0 1 0 0 0 0 0 8 8 2 0 0 3 0 0 0 0 0 0 0 0 1 5 2 7 0 0 7 26 43 36 10 0 0 0 0 12 9 6 8 0 0 0 0 0 0 17 18 0 0 0 0 0 0 0 5 4 0 0 6 22 20 9 10 15 24 15 0 0 0 0 0 0 0 0 0 13 1 0 0 0 0 0 40 97 121 147 203 255 255 255 255 255 255 255 255 244 185 109 102 151 170 158 176 241 255 195 102 0 0 0 0 0 0 0 0 0 0 3 22 7 0 0 11 9 0 0 0 0 0 0 0 6 0 0 0 0 0 0 7 7 7 11 0 0 0 0 1 0 0 0 0 7 8 8 18 11 6 11 8 0 0 0 0 0 0 4 1 0 10 0 0 0 0 4 0 0 7 18 9 1 9 7 5 0 0 0 0 0 9 16 17 9 0 0 0 0 2 5 0 0 0 0 0 0 0 -2147483648 
-2147483648 9 10 0 0 0 0 0 8 4 8 8 27 97 149 141 94 29 0 0 0 7 23 22 14 25 39 44 43 37 29 18 17 6 0 6 18 6 4 25 30 0 0 7 24 37 40 21 0 0 0 0 0 0 0 1 0 0 1 11 25 8 0 0 0 0 3 28 22 0 0 0 0 7 11 17 20 33 40 30 15 9 17 5 0 1 0 0 0 0 0 0 0 0 0 0 0 0 0 0 0 0 0 0 0 0 0 0 0 6 8 8 13 22 16 4 15 8 0 0 0 0 0 0 0 7 0 0 0 0 0 0 0 0 0 0 0 30 75 106 151 236 255 255 255 255 255 255 255 255 255 255 255 255 255 184 79 0 0 0 0 0 0 0 0 0 0 11 7 0 0 0 0 0 0 0 1 4 6 2 7 9 1 0 0 0 0 0 5 8 1 0 0 0 0 0 0 0 0 0 0 0 0 0 1 0 0 0 0 0 0 0 0 0 0 0 0 0 0 0 0 0 0 0 0 6 2 0 0 1 0 0 0 0 2 2 8 20 0 0 3 17 14 0 0 0 4 13 5 3 0 0 0 0 0 -2147483648 
-2147483648 0 2 2 0 0 0 0 8 16 4 0 6 50 92 112 107 68 21 1 0 0 0 13 35 34 43 60 53 46 31 9 13 16 7 5 4 0 0 1 20 12 0 17 36 37 23 18 12 0 0 0 0 0 0 0 0 0 0 11 16 0 0 18 13 0 0 26 16 0 0 0 0 6 8 7 2 5 2 0 4 20 25 19 3 0 0 0 0 0 0 0 0 0 0 0 0 0 0 0 0 0 0 0 0 0 0 0 0 0 4 0 0 4 2 0 0 0 0 0 0 0 0 0 13 2 13 16 0 0 0 0 0 0 0 0 0 0 0 0 0 0 55 147 235 255 255 255 255 255 255 255 255 255 196 86 0 0 0 0 11 18 0 0 0 0 0 0 0 0 9 4 0 0 9 14 12 6 8 10 14 4 0 6 0 0 8 0 0 8 11 5 1 0 0 3 4 0 0 0 0 0 0 0 1 0 0 0 1 0 0 0 2 0 0 0 0 0 0 0 4 0 0 1 5 0 0 0 0 3 0 0 0 0 0 0 11 18 0 0 0 0 0 0 0 0 0 0 0 7 14 0 0 17 14 -2147483648 
-2147483648 0 2 8 18 18 11 0 0 0 0 0 4 3 38 100 143 139 99 37 0 0 0 17 52 31 20 34 38 46 45 22 10 11 4 13 14 10 18 0 0 13 28 11 2 0 0 0 0 0 0 4 17 15 0 0 0 0 0 0 0 0 0 29 45 7 0 0 0 5 0 0 18 9 3 15 22 10 0 0 0 16 16 9 10 6 0 0 0 0 0 0 0 0 0 0 0 0 0 0 0 0 0 0 0 0 0 0 0 0 0 0 0 5 0 0 3 0 0 0 0 0 0 0 0 4 13 8 0 0 0 0 0 0 0 0 0 0 0 0 0 0 0 0 0 21 81 154 223 244 238 203 158 110 46 0 0 0 0 0 23 30 0 0 0 0 0 0 0 0 4 0 0 13 12 17 9 0 4 8 13 13 11 15 4 0 0 0 0 0 0 3 3 10 22 11 13 28 8 0 0 0 0 3 5 11 28 46 21 0 3 6 1 9 6 2 4 0 0 0 0 0 1 12 25 6 0 0 0 0 0 0 0 0 0 0 0 0 1 3 0 0 0 1 0 0 0 0 0 0 0 0 3 15 6 -2147483648 
-2147483648 0 0 0 5 10 6 0 0 0 0 0 0 0 21 75 134 167 165 108 22 0 0 6 35 29 17 20 14 21 47 55 30 4 2 18 17 16 43 15 0 0 18 0 0 0 0 0 0 7 16 1 0 0 0 0 0 0 0 0 0 0 0 4 34 32 4 0 0 0 0 0 16 13 0 0 8 9 13 12 8 12 9 2 3 0 0 0 0 0 1 10 5 3 11 16 7 0 6 0 0 0 0 0 0 0 0 0 0 0 0 10 17 0 0 18 25 18 0 0 0 0 0 0 0 0 0 0 0 0 0 0 0 0 0 52 95 88 75 61 26 0 0 0 0 0 0 0 0 0 0 0 0 0 0 0 0 0 0 0 13 17 0 0 0 0 2 0 0 0 0 0 14 6 0 6 12 8 7 2 0 0 13 11 9 10 4 0 0 0 1 2 8 12 13 5 0 12 18 12 16 15 19 13 0 0 0 10 15 5 3 0 0 11 27 18 0 1 5 0 0 0 0 0 16 31 3 0 0 0 2 0 5 6 0 0 0 0 0 0 5 2 0 4 8 0 0 0 0 0 0 14 17 0 0 -2147483648 
-2147483648 9 0 0 0 0 0 5 0 0 2 0 0 0 22 44 73 112 143 145 99 34 0 0 0 18 32 39 30 13 13 37 24 0 31 55 19 0 0 18 17 4 0 0 0 0 0 0 0 7 13 7 0 0 5 2 0 0 0 0 0 0 0 0 7 37 43 23 2 0 0 0 0 18 0 0 0 0 0 17 17 0 12 25 0 0 0 0 0 10 0 3 15 9 0 0 8 16 41 54 35 11 0 0 0 2 0 0 0 0 0 19 16 0 0 4 5 0 0 0 13 27 21 7 0 0 0 0 0 0 0 0 0 0 0 0 0 25 51 80 101 83 29 6 3 0 0 0 0 0 0 0 0 0 0 0 0 0 0 0 0 2 0 0 0 0 3 0 0 0 0 3 7 0 0 0 2 0 0 4 0 0 0 0 0 8 12 10 8 7 6 4 5 1 0 0 0 0 0 11 15 16 16 12 0 0 0 0 0 15 9 0 0 0 6 7 7 17 4 0 0 0 0 0 0 10 18 15 23 19 7 2 0 0 0 1 0 0 0 0 0 21 15 0 0 18 9 4 9 4 4 6 10 7 7 -2147483648 
-2147483648 6 0 6 2 0 0 0 6 3 0 0 0 4 10 19 29 46 74 112 148 104 16 0 0 18 38 37 35 18 12 15 10 39 86 55 0 0 0 10 27 0 0 0 0 0 0 0 4 3 0 9 7 6 16 7 0 0 0 0 0 0 0 0 0 19 30 30 28 6 0 6 10 4 0 0 0 0 14 8 0 0 0 0 0 0 0 0 5 11 6 0 5 7 0 0 10 19 40 57 50 35 23 8 0 0 0 0 0 0 0 0 0 0 0 0 0 0 0 0 0 22 34 22 0 0 0 0 6 15 7 0 0 0 0 0 0 0 0 0 43 95 134 163 178 178 144 49 0 0 0 0 0 0 5 5 4 0 0 0 0 0 0 0 0 7 24 20 1 0 0 0 0 3 5 1 0 0 1 10 4 0 0 0 0 0 0 6 8 3 0 0 0 0 0 0 3 0 0 0 4 0 0 0 2 10 3 0 0 13 6 0 5 0 0 0 18 18 10 17 27 26 13 0 0 0 15 25 20 2 0 0 0 0 7 4 1 11 11 0 0 5 10 0 0 11 12 0 0 0 6 0 0 0 0 -2147483648 
-2147483648 0 4 0 0 6 3 0 0 12 5 2 14 11 1 4 1 0 10 52 101 124 82 10 0 12 25 20 18 14 19 16 24 80 71 0 0 19 18 8 11 1 0 12 4 0 1 22 16 0 4 13 6 10 10 0 0 6 5 13 0 0 0 0 0 17 24 14 2 5 16 23 22 12 6 0 0 0 15 29 16 0 0 0 0 0 0 3 4 3 16 15 2 0 2 3 1 2 10 20 29 30 18 6 0 0 0 1 16 17 0 0 0 0 0 0 0 0 0 0 0 0 13 25 9 0 0 0 9 14 24 19 3 0 0 0 0 0 0 0 0 8 89 137 149 173 226 241 192 165 184 213 206 154 108 70 8 0 0 0 0 0 0 12 20 27 25 19 10 8 1 0 2 16 15 0 0 3 13 6 1 0 0 0 0 0 0 0 2 0 0 0 0 0 0 0 12 21 12 0 0 0 0 0 16 20 8 0 0 0 0 11 4 0 0 2 2 0 5 22 14 13 3 0 0 10 23 3 0 0 6 1 0 3 7 2 0 0 5 0 0 0 0 5 8 0 0 0 0 0 0 0 0 0 0 -2147483648 
-2147483648 16 0 0 0 0 4 0 0 1 4 0 0 0 0 0 2 0 0 7 32 74 105 69 17 0 11 29 30 29 21 14 27 25 0 0 0 34 20 0 4 7 12 22 16 4 8 21 19 6 2 8 23 24 0 0 0 3 6 6 0 0 0 0 0 1 23 25 10 9 21 17 22 21 0 0 0 0 0 34 47 17 0 0 0 0 0 0 0 4 14 15 4 0 0 0 0 3 5 6 23 20 5 0 0 0 0 0 9 9 5 0 2 6 5 2 0 5 19 2 0 0 0 8 26 20 0 0 0 0 0 20 25 13 0 0 0 0 0 0 0 0 0 4 25 48 94 164 226 245 250 245 174 82 28 0 0 0 0 0 0 0 11 22 27 23 6 0 0 0 0 0 4 4 11 4 0 0 6 0 0 12 19 15 0 0 6 14 5 0 0 0 0 0 0 0 0 3 12 0 0 0 0 0 2 5 7 3 0 0 0 0 0 4 15 1 0 0 0 0 0 0 9 3 0 0 0 0 0 0 0 2 4 0 0 7 11 0 0 0 0 0 0 14 7 0 0 0 1 0 0 0 0 0 2 -2147483648 
-2147483648 14 22 15 0 0 1 0 0 0 0 0 0 0 6 0 0 23 19 8 0 21 69 75 19 0 0 23 39 45 35 32 22 0 0 0 2 0 0 0 0 6 16 8 7 10 0 0 0 10 9 6 23 16 0 0 0 4 11 0 0 0 0 0 0 0 6 22 18 22 17 15 28 16 0 0 0 5 0 0 11 12 0 0 0 0 1 9 11 0 0 9 3 0 0 0 0 3 0 1 6 15 14 4 4 0 0 1 1 1 0 0 0 2 5 3 0 0 3 2 2 0 0 0 7 12 0 0 0 0 0 0 10 12 15 6 0 0 0 0 0 0 0 0 0 0 0 0 36 62 59 35 3 0 0 0 0 0 0 0 0 3 14 12 6 9 6 0 0 0 1 4 0 0 0 6 7 0 0 0 14 12 2 4 5 16 19 6 0 0 13 22 12 6 0 0 0 0 0 12 16 11 13 1 0 0 8 4 4 7 0 0 0 12 8 0 0 0 0 0 0 0 9 0 0 0 0 0 5 0 0 0 17 0 0 2 11 5 0 0 0 0 7 0 0 12 4 0 0 0 0 0 7 20 19 -2147483648 
-2147483648 4 27 28 15 10 4 2 4 0 0 0 5 9 8 0 0 0 0 0 0 0 35 62 16 0 0 0 44 53 37 40 23 0 0 0 1 0 0 0 0 17 18 4 0 0 6 8 0 0 5 11 10 4 15 15 0 8 9 0 2 3 0 0 0 0 0 0 5 11 3 10 40 35 12 0 0 0 0 0 2 3 0 0 0 2 9 16 13 6 5 4 0 0 11 7 14 8 0 6 6 11 27 25 21 11 0 0 0 6 5 0 0 0 4 8 0 0 0 0 3 0 0 0 0 0 6 6 0 0 0 0 0 7 12 6 0 0 0 0 0 0 0 0 0 0 0 0 0 0 0 0 0 0 0 0 0 0 0 0 0 0 13 14 4 7 0 0 0 14 21 9 0 0 0 0 0 0 0 0 8 4 0 0 3 16 0 0 5 9 9 14 13 2 0 4 17 6 2 10 3 3 5 0 0 0 0 6 5 2 1 2 13 15 1 1 3 0 0 0 0 0 0 0 0 0 2 9 0 0 19 15 2 0 0 0 1 0 0 0 0 0 0 0 0 0 7 9 7 15 18 20 25 28 4 -2147483648 
-2147483648 0 0 7 7 9 3 7 11 6 13 7 3 2 0 0 0 0 0 0 0 0 2 60 59 0 0 0 4 42 49 28 3 0 0 17 17 0 0 7 13 21 27 9 0 0 14 13 3 0 0 6 0 0 14 37 27 2 0 5 13 23 2 0 0 0 0 0 16 3 0 18 40 44 34 11 0 0 0 0 0 0 0 0 0 0 13 14 13 19 17 4 6 9 6 13 11 4 6 8 13 21 29 35 22 2 0 0 0 0 0 4 3 3 2 0 6 2 2 2 0 0 1 0 0 0 5 2 0 11 5 0 0 0 0 0 0 0 0 8 0 0 0 0 0 0 0 0 0 0 0 0 0 0 0 0 0 4 6 0 0 3 17 9 3 0 0 0 0 0 5 9 1 0 0 0 0 13 11 9 11 0 0 0 0 0 0 0 3 12 2 3 0 0 4 5 10 6 0 0 0 0 0 0 0 0 0 0 0 0 0 0 7 4 12 13 8 10 0 0 0 0 0 0 2 0 0 0 0 0 5 14 4 0 2 8 3 0 0 0 2 0 0 0 0 0 13 14 4 11 12 2 0 0 0 -2147483648 
-2147483648 0 0 0 0 13 0 0 6 0 0 13 4 0 0 0 0 0 0 0 0 0 0 31 81 37 0 0 0 6 50 37 0 0 0 0 22 13 0 5 7 0 0 0 0 0 0 1 2 0 0 0 3 0 0 6 26 13 0 0 9 12 26 24 7 0 0 0 9 24 14 35 57 23 5 4 0 0 0 0 0 0 0 0 0 0 0 0 5 16 17 18 18 13 7 6 2 3 9 8 16 24 21 28 23 7 6 7 0 0 4 16 12 9 4 0 0 10 26 19 0 0 0 0 0 0 0 0 0 6 0 0 0 0 0 0 0 0 0 0 0 0 0 0 0 0 0 0 0 0 0 0 0 0 0 0 0 0 0 0 4 20 0 0 4 0 0 0 0 0 0 5 11 0 0 0 0 1 0 2 4 0 0 14 9 0 0 0 0 0 0 0 0 0 0 0 0 0 0 0 2 3 0 0 8 7 0 0 0 6 16 12 0 0 13 0 0 0 0 5 20 18 0 0 10 9 0 0 18 15 0 2 1 0 5 6 9 11 6 8 13 7 0 5 15 6 0 1 0 0 0 0 0 0 0 -2147483648 
-2147483648 6 0 0 0 0 0 0 6 4 0 0 2 6 9 7 0 0 0 8 8 6 0 0 58 143 88 0 0 0 23 35 0 0 12 10 5 14 15 0 0 0 0 0 0 0 0 0 1 0 0 0 0 0 0 0 0 0 11 9 0 0 7 14 18 18 6 6 27 41 27 52 78 24 0 0 0 0 0 0 0 0 0 0 0 0 2 5 7 10 10 11 8 9 12 0 0 0 0 12 25 22 22 33 38 39 28 5 0 9 15 10 1 0 3 11 1 4 14 12 0 0 0 12 23 12 0 0 0 0 0 0 0 0 0 0 0 0 0 0 0 0 0 0 0 0 0 0 0 0 0 0 0 0 0 0 0 0 0 0 8 8 0 2 14 4 0 0 0 0 3 9 4 0 11 27 21 2 0 0 0 0 9 14 4 0 0 0 0 0 0 0 0 0 0 0 0 3 0 0 2 3 0 13 11 0 0 3 8 9 13 13 4 4 0 9 16 0 0 7 20 18 12 16 17 12 7 3 9 20 10 0 0 5 7 0 0 9 25 20 2 8 15 11 13 10 0 0 4 0 0 0 0 0 0 -2147483648 
-2147483648 6 3 10 0 0 0 8 0 0 0 0 1 2 6 5 0 0 0 0 4 12 4 0 23 131 201 122 0 0 0 0 0 11 21 6 0 0 10 11 0 2 3 5 14 18 7 0 0 0 0 9 13 13 20 14 0 0 18 2 0 0 0 0 2 22 31 39 48 42 37 67 65 28 0 0 0 0 0 0 0 0 0 0 0 0 5 15 11 4 0 1 13 18 19 8 0 2 16 12 8 14 28 44 55 52 32 19 9 0 0 0 0 0 2 13 22 20 4 6 17 16 8 7 12 3 0 8 0 0 0 0 0 0 0 0 0 0 0 0 0 0 0 0 0 0 0 0 0 0 0 0 0 0 0 0 0 0 0 0 0 5 15 12 13 0 0 0 2 11 6 0 0 12 8 0 6 8 10 0 0 13 7 0 0 0 0 0 0 7 13 0 6 7 0 9 6 0 0 0 0 0 0 10 0 0 1 0 1 0 0 3 12 0 0 1 12 8 0 2 8 0 10 16 3 2 8 0 0 0 0 0 0 0 0 0 0 0 0 10 11 11 16 5 0 0 0 0 0 0 0 0 0 0 0 -2147483648 
-2147483648 0 0 0 4 4 8 0 0 0 0 0 4 0 0 0 2 0 0 0 5 20 15 0 0 55 144 180 82 0 0 0 0 9 0 0 0 1 0 1 10 16 16 15 11 8 8 0 0 2 2 1 25 35 18 18 9 0 0 7 3 1 4 4 9 26 38 27 12 12 29 44 32 5 0 0 0 0 0 0 0 0 0 0 0 0 0 7 9 0 0 8 23 17 23 31 29 26 20 6 0 1 10 21 32 37 33 22 0 0 0 0 0 4 12 17 36 42 12 6 26 26 0 0 0 0 6 7 0 0 0 0 0 0 0 0 0 0 0 0 0 0 0 0 0 0 0 0 0 0 0 0 0 0 0 0 0 0 0 0 0 4 1 0 0 0 0 5 11 6 0 0 0 4 0 0 0 0 9 7 2 0 0 0 11 12 0 0 3 8 11 3 1 14 17 5 0 0 0 1 0 0 0 0 0 5 6 0 0 7 0 0 0 0 0 0 0 0 4 3 0 0 0 0 0 0 0 0 0 0 0 0 2 1 10 3 0 0 0 0 13 14 8 0 0 0 0 0 0 0 0 0 0 0 0 -2147483648 
-2147483648 0 4 4 8 15 6 0 0 0 10 8 7 0 0 0 0 0 0 0 12 2 0 9 0 6 51 112 95 0 0 0 0 6 6 7 1 0 0 0 0 8 9 8 6 0 0 5 9 15 12 0 0 0 11 13 9 1 1 17 22 16 19 28 18 14 12 0 0 0 0 27 18 0 0 0 0 0 0 0 0 0 0 0 2 0 0 0 0 0 6 13 9 0 0 23 26 15 0 0 0 2 3 1 6 18 28 17 4 3 0 0 0 14 16 8 19 30 15 2 13 0 0 0 0 1 4 0 0 0 0 0 0 0 0 0 0 0 0 0 0 0 0 0 0 0 0 0 0 0 0 0 0 0 0 0 0 0 0 0 0 0 0 0 0 0 0 6 13 1 3 6 0 0 0 0 0 0 0 1 4 0 0 9 18 12 15 19 15 7 1 0 0 0 5 0 0 7 8 0 0 0 7 0 0 0 2 7 0 0 0 0 0 0 0 0 0 0 4 0 0 1 4 0 0 0 0 14 19 1 0 0 0 1 0 0 0 16 0 0 0 6 0 0 0 0 0 0 0 0 0 0 0 0 2 -2147483648 
-2147483648 8 20 15 8 8 4 2 20 24 10 7 5 0 0 0 0 9 7 0 6 0 0 12 13 0 3 55 109 117 48 0 0 1 7 15 2 0 1 0 3 9 11 18 17 3 0 0 3 14 19 4 0 0 0 0 13 26 9 0 6 3 12 35 28 4 0 0 0 0 0 31 5 0 0 0 0 0 0 0 0 0 0 0 0 0 0 0 0 0 10 3 0 0 1 11 17 11 0 0 0 4 8 0 0 9 17 18 25 17 9 8 10 20 7 0 0 1 7 8 0 0 0 0 0 0 0 0 0 0 0 0 0 0 0 0 0 0 0 0 0 0 0 0 0 0 0 0 0 0 0 0 0 0 0 0 0 0 0 1 6 0 6 19 2 0 0 0 0 13 15 10 1 0 1 4 14 9 0 0 0 1 0 1 1 5 13 4 0 0 0 3 11 0 0 12 4 0 0 0 0 0 7 10 0 0 5 10 1 0 0 1 0 0 0 1 2 0 0 0 0 3 0 0 0 5 12 23 8 0 0 0 0 0 0 0 4 15 12 12 3 0 0 0 0 0 0 0 0 0 0 0 0 0 6 -2147483648 
-2147483648 7 0 0 1 10 7 0 7 15 10 0 0 3 2 0 0 1 5 3 0 0 0 4 6 0 0 8 74 126 81 20 0 0 0 0 0 5 7 13 19 24 26 22 11 10 12 0 0 2 18 8 3 7 0 0 23 31 18 1 0 1 16 12 14 0 0 0 2 17 39 52 6 0 0 0 0 0 0 0 0 0 0 0 0 0 0 0 0 0 0 0 11 26 19 10 14 13 3 0 0 1 0 0 0 11 22 26 25 16 14 18 15 6 4 6 5 7 16 19 0 0 8 0 0 0 0 0 0 0 10 0 0 0 0 0 0 0 0 0 0 0 0 0 0 0 0 0 0 0 0 0 0 0 0 0 0 0 0 0 8 0 7 17 0 0 0 0 0 0 0 0 3 1 6 6 0 0 0 0 0 0 5 0 0 0 0 0 0 0 0 18 7 0 2 3 0 0 0 2 4 1 2 11 10 6 6 2 0 0 0 0 6 3 0 2 2 5 0 0 0 0 0 0 24 30 14 0 0 1 8 1 0 0 1 3 0 0 24 11 0 0 0 0 0 0 0 0 0 0 0 0 0 0 0 -2147483648 
-2147483648 0 0 0 2 0 9 8 0 0 3 0 0 14 19 8 3 0 0 0 0 0 0 0 0 0 0 2 8 8 0 0 0 0 0 3 0 6 17 35 24 2 0 0 0 12 20 6 3 2 0 0 0 0 21 26 29 30 15 19 22 3 0 0 0 0 0 31 23 0 27 65 28 0 0 3 12 0 0 0 0 0 0 0 0 0 0 0 3 6 1 6 18 21 9 0 0 5 7 2 0 0 0 0 8 18 17 26 29 32 36 29 15 7 14 28 31 25 23 14 1 6 28 21 0 0 0 2 2 2 9 18 0 0 0 0 0 0 0 0 4 9 0 0 0 0 0 0 0 0 0 0 0 0 0 0 0 0 0 0 0 5 13 3 0 0 0 0 0 0 0 0 0 0 0 0 0 0 0 4 0 0 6 0 0 0 0 2 3 0 2 4 0 0 0 0 0 0 0 3 19 16 3 12 17 6 0 0 0 0 0 0 2 0 0 0 0 4 15 13 0 0 0 5 14 9 0 0 0 0 2 7 3 0 2 8 3 0 0 0 0 0 0 0 0 0 0 0 0 0 0 0 0 0 0 -2147483648 
-2147483648 1 10 15 17 13 8 12 10 0 0 0 3 0 5 9 6 4 0 0 0 0 0 0 5 13 0 0 0 0 0 0 0 0 11 23 25 16 17 16 11 0 0 0 1 16 11 11 24 6 0 0 0 0 10 14 2 0 7 25 32 3 0 9 0 0 4 12 0 0 6 42 23 0 0 0 0 0 0 0 0 0 0 0 0 0 0 0 0 0 7 2 4 10 8 0 0 0 4 9 0 0 0 0 3 9 13 27 41 59 67 45 19 11 18 33 34 29 27 6 0 14 23 22 17 12 12 14 5 0 7 22 16 0 2 8 1 0 0 0 0 0 0 0 0 0 0 0 0 0 0 0 0 0 0 0 0 0 10 3 0 0 2 0 0 0 0 0 4 0 0 0 0 0 0 0 0 9 6 0 0 0 0 0 5 0 0 0 0 7 3 0 0 0 0 0 9 20 6 6 3 0 1 0 0 1 4 0 0 13 21 8 0 5 11 9 2 0 9 20 6 0 0 0 0 0 0 5 0 0 0 3 6 0 0 2 0 0 0 0 0 0 0 0 0 0 3 0 0 0 0 0 0 0 4 -2147483648 
-2147483648 6 10 4 4 9 0 0 6 0 0 2 12 3 0 0 4 1 16 17 7 14 24 19 11 12 0 0 0 0 0 0 0 0 23 54 33 14 14 15 32 35 18 7 0 0 3 0 0 4 9 0 0 0 0 0 0 0 0 3 8 20 17 5 0 0 0 0 12 21 25 41 21 0 0 0 0 0 0 0 0 0 0 0 0 0 0 0 0 0 0 0 0 0 12 4 2 0 0 12 10 7 0 0 0 0 8 23 32 37 33 24 17 14 16 20 27 40 46 34 26 18 0 0 19 27 21 29 17 0 10 31 34 15 12 12 1 1 0 0 0 0 0 0 0 0 0 0 0 0 0 0 0 0 0 1 16 4 11 13 3 5 0 0 0 0 0 8 8 7 0 0 3 12 19 13 0 16 22 0 0 0 0 0 1 0 0 0 0 0 4 0 0 4 0 0 14 23 14 0 0 0 0 0 0 1 5 12 17 27 21 0 2 9 6 0 0 0 0 5 0 0 3 0 0 0 0 4 0 6 10 0 0 9 9 0 0 0 0 0 0 0 0 0 10 0 0 0 0 0 0 0 0 0 13 -2147483648 
-2147483648 0 0 0 0 0 0 0 0 0 12 11 0 0 3 6 8 10 13 23 19 23 35 18 0 5 31 19 0 0 0 0 0 0 0 19 17 1 2 10 20 31 28 3 0 0 0 0 1 3 0 0 1 6 5 0 0 1 0 0 0 11 0 0 0 23 26 2 0 0 17 32 2 0 0 0 0 0 0 0 0 0 0 0 0 0 0 0 0 0 0 0 0 0 2 9 4 0 0 15 29 24 16 15 9 0 6 14 10 6 10 20 29 29 22 14 22 33 34 47 56 31 0 0 6 22 23 3 0 8 17 30 27 19 6 0 0 0 0 0 0 0 0 0 0 0 5 0 0 0 0 0 0 0 0 0 0 0 0 0 0 10 0 0 0 9 17 5 2 0 0 0 0 7 10 13 11 0 0 0 8 0 3 0 0 0 0 7 10 5 2 0 0 0 0 1 6 0 0 0 0 0 0 0 6 6 5 13 9 0 3 0 0 0 0 0 0 11 6 0 0 19 15 0 0 0 0 0 12 11 10 14 12 23 0 0 0 0 0 0 3 0 0 0 0 0 0 0 0 0 0 1 6 2 0 -2147483648 
-2147483648 0 7 4 0 0 5 7 6 14 18 8 0 0 15 13 5 6 3 8 20 13 6 0 0 4 19 11 14 30 21 0 6 15 0 0 0 3 0 0 0 0 0 0 0 0 0 0 4 5 0 0 11 20 14 6 7 20 18 0 0 16 11 5 18 31 31 12 0 0 9 2 0 0 0 0 0 0 0 0 0 0 0 0 0 0 0 0 0 0 0 0 0 0 0 6 0 3 9 11 20 21 19 20 27 30 28 24 10 6 19 41 48 39 32 28 21 12 20 41 51 46 32 12 6 12 17 4 0 15 22 2 0 7 13 0 0 0 0 1 0 0 0 0 0 0 0 0 0 1 16 19 11 0 0 0 0 0 0 0 0 0 0 0 0 2 5 0 0 2 10 12 0 3 0 0 6 0 0 4 13 10 3 0 0 3 6 12 14 2 0 0 8 2 4 12 0 0 0 0 14 12 0 2 9 4 1 0 0 0 8 5 0 0 1 19 21 21 16 1 9 8 0 2 2 0 0 0 0 0 0 10 17 0 0 0 0 0 10 11 8 6 6 7 0 0 6 0 0 0 4 15 18 0 0 -2147483648 
-2147483648 13 0 0 2 4 0 0 18 29 4 0 0 17 9 7 7 0 0 0 7 3 0 0 6 0 0 0 19 33 18 17 20 14 0 0 0 11 14 0 0 0 0 0 13 0 0 5 0 10 24 3 0 0 0 1 14 10 0 0 0 11 10 12 34 33 23 20 9 20 23 0 0 0 0 0 0 0 0 0 0 0 0 0 0 0 0 0 0 0 0 0 0 0 0 0 9 5 2 0 5 18 24 30 40 44 34 25 28 29 25 38 50 43 36 33 25 10 18 41 49 54 50 38 35 25 14 21 29 28 14 0 0 0 0 1 3 20 37 19 0 0 0 0 0 12 23 32 27 30 21 0 1 19 18 5 16 33 21 19 25 2 0 0 4 0 0 0 0 19 17 4 14 6 0 0 3 6 9 0 0 8 5 0 3 11 11 0 0 0 0 9 19 9 8 11 0 0 0 0 5 16 8 0 4 1 0 0 0 0 4 3 0 6 22 26 17 7 4 6 0 0 1 16 19 5 0 0 0 0 0 0 0 0 0 0 0 16 22 0 0 4 14 7 0 0 17 18 17 12 8 8 4 13 23 -2147483648 
-2147483648 0 0 0 2 5 7 6 1 2 0 0 1 0 0 0 0 0 0 0 0 0 0 0 0 0 0 0 4 9 5 8 0 0 0 4 10 20 24 3 0 0 0 8 11 5 5 2 7 2 5 8 0 0 3 28 20 1 0 0 0 0 0 0 20 20 7 0 0 4 24 13 0 0 0 0 0 0 0 0 0 0 0 0 0 0 0 0 0 0 0 0 0 0 0 1 10 23 21 4 4 17 32 41 42 38 20 17 33 34 23 17 30 34 27 33 32 22 19 26 37 39 39 53 53 37 21 11 23 31 11 3 18 15 6 5 16 32 36 31 28 26 18 11 22 31 45 56 31 27 11 0 0 23 16 0 13 25 28 31 26 12 0 1 5 0 0 0 0 0 0 8 15 2 0 8 0 0 0 0 0 0 1 3 0 0 5 0 0 6 7 0 0 5 0 0 0 0 2 8 2 0 0 0 4 0 0 0 0 0 0 0 11 8 0 0 0 0 0 0 0 2 7 11 20 19 0 0 5 7 3 0 0 0 0 0 0 0 0 0 0 0 0 0 0 5 15 9 1 0 0 0 18 69 45 -2147483648 
-2147483648 0 6 13 4 5 14 4 0 0 10 27 2 0 0 0 1 0 0 0 0 0 0 0 0 4 11 0 7 22 12 0 0 0 0 13 25 35 23 0 0 0 0 0 0 0 1 11 13 0 0 27 15 0 13 25 5 0 0 0 0 0 0 0 0 0 0 0 1 0 26 18 0 0 0 0 0 0 0 0 0 0 0 0 0 0 0 0 0 0 0 0 0 0 0 0 14 20 15 6 0 5 9 9 14 29 34 26 25 15 5 11 22 38 46 43 37 21 11 12 8 13 28 34 35 33 19 15 22 13 9 22 37 41 31 31 34 14 3 17 32 38 36 32 30 34 43 37 18 17 19 0 0 0 1 3 7 11 9 3 1 4 16 15 3 4 12 10 0 0 0 6 1 0 0 0 0 0 0 0 3 0 0 10 23 6 0 0 0 7 5 0 0 0 0 0 0 0 6 6 0 0 0 4 0 0 0 0 0 0 0 0 11 1 0 0 0 0 0 0 20 29 7 1 6 10 11 10 17 17 23 0 0 0 0 13 0 0 11 19 0 0 0 0 0 0 0 0 11 13 6 15 17 0 0 -2147483648 
-2147483648 9 13 13 5 0 0 0 4 5 3 11 14 11 7 5 3 0 0 0 6 11 10 6 1 3 10 2 6 34 25 0 2 21 3 5 20 6 0 0 0 0 2 0 0 0 1 20 16 4 8 21 14 0 0 0 0 0 7 6 5 13 14 2 0 0 0 28 31 26 35 0 0 0 0 0 0 0 0 0 0 0 0 0 0 0 0 0 0 0 0 0 0 0 0 0 12 0 0 9 8 0 0 0 0 17 35 26 10 17 27 27 29 46 54 41 38 40 32 24 12 18 37 31 25 26 17 20 19 6 19 31 19 22 34 46 45 21 13 15 18 41 61 53 38 30 31 35 28 26 28 22 5 0 0 14 32 25 4 0 0 0 0 0 0 3 4 3 1 13 3 0 0 1 0 0 0 18 11 3 18 17 8 14 20 16 5 3 15 21 28 30 16 7 11 14 14 12 9 13 21 33 32 15 9 26 27 0 0 0 14 20 13 0 0 0 0 0 22 24 0 1 1 0 0 0 17 4 0 5 14 0 0 0 0 0 17 21 25 26 11 0 18 17 1 0 0 4 15 15 20 30 0 0 0 -2147483648 
-2147483648 2 7 5 4 1 0 8 9 0 0 0 9 13 3 1 0 10 12 4 5 2 0 0 3 0 0 4 11 14 7 0 0 10 13 10 0 0 0 0 1 0 1 0 0 2 9 5 28 37 1 0 0 5 0 0 0 7 0 14 28 25 16 0 0 9 12 23 29 36 26 0 0 0 0 0 0 0 0 0 0 0 0 0 0 0 0 0 0 0 0 0 0 0 0 0 0 0 10 19 15 0 0 2 2 8 18 20 15 29 38 28 34 37 34 42 44 50 52 42 36 34 31 32 33 23 30 33 17 20 29 23 6 5 27 48 49 34 22 16 22 51 77 72 44 24 27 42 56 40 28 45 39 10 6 22 31 29 16 7 0 0 0 8 2 0 0 0 1 9 9 0 0 2 17 16 12 5 10 23 21 22 24 10 0 9 35 40 29 26 33 39 27 24 25 14 20 15 2 16 31 31 21 7 3 12 6 0 4 0 0 0 0 0 0 1 4 5 15 9 0 0 0 0 0 0 0 0 0 6 0 0 0 0 4 0 14 18 12 10 11 15 27 40 34 26 24 25 16 13 9 0 0 10 19 -2147483648 
-2147483648 0 0 0 0 0 4 14 9 4 8 1 0 0 4 7 0 0 0 0 0 0 0 0 0 0 0 0 9 0 0 17 12 4 20 13 0 0 0 1 19 10 0 0 0 7 0 0 8 14 0 0 0 10 5 0 0 0 3 23 20 18 16 0 0 10 1 0 2 35 26 0 0 0 0 0 0 0 0 0 0 0 0 0 0 0 0 0 0 0 0 0 0 0 0 0 0 0 0 10 15 9 12 8 0 0 2 8 16 15 17 24 22 12 15 39 45 42 49 53 63 55 32 32 31 23 36 38 25 23 29 32 32 26 24 34 31 34 26 17 34 46 55 49 35 38 34 27 39 33 30 42 27 19 31 26 10 12 13 0 0 0 0 0 0 0 0 0 3 0 0 0 0 0 5 21 11 0 0 0 0 1 0 0 0 0 0 0 0 0 0 0 0 3 0 0 0 0 0 0 0 0 0 0 0 0 0 0 10 0 0 0 0 3 14 4 3 3 0 0 0 0 0 0 0 0 0 0 1 1 0 0 0 0 30 16 0 0 0 0 12 28 31 47 53 35 14 1 0 0 0 0 4 9 0 -2147483648 
-2147483648 0 0 0 0 0 0 0 3 6 2 0 0 0 6 3 1 0 0 14 5 0 0 0 0 4 1 0 0 0 0 5 15 12 4 3 4 2 4 9 11 5 1 1 2 9 0 0 0 0 8 20 9 0 0 0 0 0 6 30 19 5 12 12 0 0 0 0 0 7 24 1 0 0 0 0 0 10 0 0 0 0 0 0 0 0 0 0 0 0 0 0 0 0 0 0 0 0 0 0 3 16 25 16 0 0 0 5 8 11 15 13 15 26 28 30 41 49 53 59 71 66 51 37 22 39 61 53 42 37 35 41 49 47 35 21 20 32 40 45 42 26 19 37 55 44 20 3 8 35 45 29 19 34 45 38 18 0 0 0 0 0 0 0 0 0 0 0 5 16 4 0 0 1 12 9 0 0 0 0 0 0 0 0 0 0 0 0 0 0 0 0 0 0 0 0 0 0 0 0 0 0 0 5 4 0 0 0 0 0 6 7 3 6 5 0 0 0 0 0 0 10 18 1 0 0 0 0 7 0 0 0 0 12 3 0 0 0 0 5 15 16 5 2 5 0 0 0 0 0 1 0 0 0 0 -2147483648 
-2147483648 0 0 0 0 0 0 0 3 1 0 0 3 0 0 0 1 12 15 21 19 6 0 13 29 17 5 12 0 0 0 0 1 0 3 12 3 0 0 4 21 13 10 17 1 0 2 0 0 0 16 13 3 0 0 0 15 8 8 27 19 0 0 0 0 0 0 0 0 0 0 0 0 0 0 0 7 15 0 0 0 0 0 0 0 0 0 0 0 0 0 0 0 0 0 0 0 0 0 0 0 7 16 17 4 0 0 5 11 17 23 25 27 39 42 31 35 45 48 52 47 43 55 60 63 61 45 41 48 64 73 61 43 40 44 43 51 52 57 58 42 37 37 59 79 58 31 19 34 49 36 30 32 40 49 38 20 3 0 1 7 8 0 0 0 8 4 0 8 9 6 12 6 4 7 0 0 0 0 0 0 0 0 6 0 0 0 3 0 0 0 0 0 0 3 7 4 17 10 0 0 2 15 21 18 10 4 10 8 9 11 0 0 0 0 0 0 0 11 16 13 19 5 1 16 13 2 0 4 0 0 0 0 0 0 0 5 12 0 0 0 0 0 0 0 0 4 0 3 13 0 0 0 0 0 -2147483648 
-2147483648 7 11 1 3 7 9 8 6 0 9 24 15 0 3 0 0 0 4 7 13 23 13 8 26 15 3 3 0 0 0 0 0 5 16 17 0 0 0 0 5 18 3 5 13 3 7 13 0 0 0 0 0 0 0 6 11 0 0 0 0 9 3 0 2 16 17 3 15 25 0 0 0 0 0 0 0 0 0 2 0 0 0 0 0 0 0 0 0 0 0 0 5 0 0 0 0 0 0 4 5 4 0 0 16 22 11 1 2 13 23 28 25 20 25 28 30 41 42 31 31 45 63 76 81 60 33 36 48 61 64 51 38 35 46 54 48 43 47 43 37 46 49 45 64 85 72 52 52 38 21 30 32 31 36 31 23 8 0 0 0 5 10 12 16 8 0 0 0 0 0 9 0 0 0 0 4 6 5 0 0 0 0 0 0 7 8 5 1 0 0 0 0 0 0 0 5 9 9 7 2 5 3 0 0 11 6 4 10 0 0 9 9 0 0 0 0 2 13 2 7 4 0 0 0 0 0 3 1 0 0 0 0 0 0 1 15 11 0 0 0 0 0 0 0 0 1 0 0 0 0 11 0 0 8 -2147483648 
-2147483648 0 14 9 16 21 15 14 6 1 13 13 3 8 10 7 5 5 5 0 0 1 7 2 0 0 10 1 0 0 0 0 10 5 0 1 0 5 13 0 0 1 0 3 27 8 9 16 0 0 0 0 2 0 0 0 0 0 0 0 0 4 6 13 6 7 14 18 28 42 27 0 8 8 0 0 0 0 0 6 2 0 7 0 0 0 0 0 0 0 0 0 0 0 0 0 0 0 0 0 0 0 0 0 5 14 15 23 14 2 3 3 6 2 0 16 31 35 36 27 30 48 53 55 54 55 60 62 55 37 20 19 40 53 50 34 17 22 36 46 43 30 22 24 38 57 64 61 49 29 27 41 56 55 39 31 24 12 1 0 0 2 15 20 23 11 0 0 0 0 4 6 0 0 0 1 11 6 4 1 0 0 0 0 3 7 9 0 0 0 11 12 3 2 0 0 0 0 0 0 6 6 0 0 0 4 4 0 3 1 2 16 20 11 1 1 1 9 15 5 0 0 0 5 0 0 0 12 0 0 0 0 1 2 10 20 5 5 0 0 0 0 0 0 0 0 0 8 1 0 3 9 10 15 2 -2147483648 
-2147483648 0 1 13 12 17 14 0 0 1 0 0 0 2 0 2 11 5 3 0 0 0 0 0 0 0 5 0 0 0 0 21 21 8 0 0 15 20 3 0 0 0 0 0 5 4 3 5 4 11 10 6 13 9 0 0 0 4 0 0 0 0 0 8 17 11 5 11 15 22 25 5 0 0 0 0 0 0 0 1 6 17 28 10 3 1 0 0 0 0 0 0 0 0 0 0 0 0 0 0 0 0 0 1 0 3 18 28 28 11 4 9 2 0 1 5 11 24 29 34 42 38 30 22 28 51 66 66 56 43 28 25 39 49 48 34 31 43 54 66 59 35 26 23 16 22 41 49 37 38 46 49 68 80 65 30 4 0 0 0 8 5 5 5 2 9 9 0 0 0 0 0 0 9 4 0 0 9 7 9 4 0 0 0 2 2 0 0 7 11 9 6 8 7 0 0 0 0 0 0 0 0 0 0 2 0 0 3 14 12 0 0 0 0 0 6 18 13 4 0 0 0 0 4 7 14 13 16 0 0 0 0 0 10 2 0 0 1 8 3 12 18 0 0 10 6 2 6 8 7 4 1 0 0 0 -2147483648 
-2147483648 5 0 2 0 4 4 0 0 0 0 0 0 0 0 1 0 0 0 0 0 0 0 0 0 12 8 0 0 0 5 31 27 33 5 0 0 0 1 8 0 0 12 0 0 7 7 3 21 23 13 8 10 6 7 16 9 3 3 0 0 0 0 13 3 8 20 14 11 13 10 5 0 4 0 3 15 14 8 0 1 16 11 8 0 0 0 0 0 0 0 0 0 0 0 0 0 0 0 0 0 0 0 0 0 0 6 7 17 23 14 17 10 0 0 0 0 0 9 20 27 31 20 16 32 41 49 58 63 60 54 49 38 39 44 45 54 59 55 52 52 51 46 33 19 21 28 30 38 50 54 52 65 69 39 4 0 0 0 0 7 9 5 0 0 0 8 11 1 0 0 0 7 7 0 0 0 0 7 6 1 0 3 2 0 0 0 4 17 11 0 0 3 0 6 2 0 10 3 0 7 3 0 0 4 0 0 5 0 2 0 0 0 0 0 0 4 6 0 0 0 10 11 0 7 20 6 4 0 0 0 0 6 3 0 0 0 0 0 0 3 16 4 0 11 0 0 0 0 0 0 0 0 0 0 -2147483648 
-2147483648 11 0 0 1 6 1 0 0 0 10 10 7 5 7 7 0 0 0 0 0 0 3 0 0 11 12 0 0 0 3 0 6 21 8 0 0 0 27 38 13 0 4 0 0 4 2 0 2 6 0 5 10 11 5 3 0 0 0 0 0 0 0 0 0 0 0 25 50 37 9 7 8 9 17 30 43 28 11 0 0 0 0 0 0 0 14 25 11 0 0 0 0 0 0 0 0 0 0 0 0 0 0 0 0 0 0 2 9 18 26 20 8 0 0 3 0 0 0 6 7 12 11 25 42 35 30 37 53 58 59 56 51 51 48 53 56 53 47 45 55 65 66 60 45 30 25 37 57 55 54 75 76 48 10 0 0 0 0 0 2 1 0 0 0 0 0 14 7 0 0 0 16 9 6 1 0 0 0 20 21 16 5 0 0 0 0 14 9 0 0 10 3 0 6 20 14 2 0 3 12 27 12 0 0 0 1 0 0 0 1 0 1 11 5 0 0 0 0 5 0 0 0 0 0 0 0 0 0 0 0 12 14 8 0 0 0 0 0 0 0 0 0 0 0 0 0 0 0 6 0 0 22 30 20 -2147483648 
-2147483648 12 0 1 14 4 0 0 0 1 4 3 11 14 8 2 0 0 0 0 0 4 22 13 0 0 1 0 0 0 0 0 0 0 3 21 19 19 19 20 17 1 0 2 0 0 0 0 0 0 0 0 0 9 17 9 0 0 0 0 0 5 0 0 6 0 0 5 42 42 0 0 0 0 3 21 30 15 5 3 0 0 0 0 0 0 7 7 0 0 0 0 0 0 0 0 0 0 0 0 0 0 0 0 0 0 1 6 9 15 24 22 21 41 44 20 8 6 1 12 19 5 14 34 23 18 30 42 53 49 43 45 51 54 59 65 56 53 63 71 74 82 94 91 76 65 66 70 66 69 81 81 55 12 0 0 0 0 3 4 8 0 0 0 8 8 4 14 11 0 2 2 1 7 13 12 6 0 0 19 16 1 0 0 5 11 7 2 0 0 2 6 7 9 9 6 3 0 0 3 0 0 11 0 0 0 2 0 0 1 1 1 0 0 6 8 0 0 11 22 6 0 0 2 6 4 8 0 0 0 0 22 6 0 0 0 0 0 0 0 0 0 0 0 3 7 6 19 37 28 8 11 16 10 21 -2147483648 
-2147483648 0 7 5 0 0 0 0 0 3 0 0 0 0 0 0 0 1 0 0 16 22 19 17 6 1 0 0 0 0 0 16 0 0 11 19 16 4 0 0 3 7 1 0 5 0 0 5 8 0 0 0 0 0 1 9 0 7 28 8 0 0 0 4 24 27 12 1 12 11 0 0 0 0 0 0 0 0 0 0 2 1 0 0 0 0 0 0 0 0 0 0 0 0 0 0 0 0 0 0 0 0 0 0 0 10 7 1 9 15 9 13 29 44 46 33 28 27 19 17 21 16 17 22 9 1 17 27 24 28 38 46 43 44 56 65 66 63 65 64 60 77 95 91 84 86 93 84 73 77 61 21 0 0 0 0 0 0 0 0 0 0 8 17 8 0 0 0 0 0 0 0 1 2 0 0 0 1 0 0 0 0 0 4 19 16 10 0 0 1 0 0 0 13 6 0 0 4 5 0 0 0 0 0 0 0 0 16 13 10 12 12 3 0 10 6 0 4 19 2 3 7 9 16 13 18 17 0 0 0 0 12 0 0 2 6 4 4 0 0 7 0 16 42 31 21 30 23 5 4 0 10 17 11 22 -2147483648 
-2147483648 0 0 1 0 0 0 0 2 1 0 0 0 0 0 0 0 5 7 4 11 14 14 20 8 0 0 0 0 0 11 33 18 0 2 0 0 0 0 0 0 2 0 5 11 9 7 2 5 0 0 0 0 0 0 0 0 9 14 16 0 0 0 0 3 7 5 15 15 4 0 0 0 0 0 0 0 0 0 0 0 11 8 0 0 0 0 0 0 11 11 4 0 0 0 0 0 0 0 0 0 0 0 0 0 0 0 0 0 0 1 10 20 18 18 31 37 34 31 23 17 22 23 10 12 21 20 9 0 12 31 39 33 37 47 52 57 52 54 57 59 69 74 67 66 71 66 60 53 30 0 0 0 0 0 0 0 0 0 0 0 0 14 11 5 4 0 0 0 11 13 0 0 0 0 0 0 0 0 0 0 3 0 0 0 0 0 0 0 0 13 4 0 0 0 0 3 8 10 0 0 0 0 0 11 0 0 8 6 0 2 1 0 0 0 0 0 0 0 0 5 23 16 3 0 0 0 0 0 0 1 3 15 0 0 1 0 0 0 0 10 0 31 70 34 18 6 0 0 10 34 41 46 71 39 -2147483648 
-2147483648 0 0 0 0 0 0 1 8 7 0 0 0 0 0 0 0 0 15 16 0 0 0 2 5 0 0 0 0 0 0 2 11 0 0 0 0 0 0 0 0 0 0 11 5 11 27 7 0 9 2 2 3 5 0 0 0 0 0 6 21 18 11 7 2 0 0 21 21 8 0 0 0 4 0 0 0 0 0 0 0 0 0 2 9 4 6 26 19 6 9 9 4 1 0 0 0 0 0 0 0 0 0 0 0 0 0 0 0 0 0 0 3 9 11 22 30 31 43 40 28 21 17 14 18 32 23 11 18 19 10 7 24 41 40 38 40 45 54 52 50 44 33 37 43 36 18 0 0 0 0 0 0 0 0 0 0 0 4 0 6 6 2 1 0 11 9 0 0 11 8 3 0 0 0 4 0 0 5 1 0 2 9 1 0 0 0 0 3 10 12 0 0 0 0 1 0 0 14 15 5 0 0 1 4 12 3 0 4 1 0 0 6 11 1 0 7 0 0 0 0 0 0 0 0 8 0 0 0 0 0 0 0 0 0 0 0 0 0 5 1 5 3 0 0 2 11 22 22 24 44 44 37 36 25 -2147483648 
-2147483648 0 0 0 6 0 0 2 4 6 9 1 9 12 6 19 15 0 0 0 0 0 0 0 0 0 0 0 0 0 0 0 0 0 4 15 5 0 0 0 0 0 0 0 0 3 9 4 0 12 13 5 0 0 4 0 0 0 0 0 20 24 19 19 12 7 19 24 15 0 0 0 0 0 0 0 0 0 0 0 0 0 1 19 14 0 9 28 24 14 9 0 0 10 7 0 0 0 0 0 0 0 0 0 0 0 0 0 0 0 0 0 0 8 9 9 12 21 33 34 35 40 39 37 33 31 23 17 24 24 13 6 15 21 15 17 32 40 35 28 23 17 6 9 8 0 0 0 0 0 0 0 0 0 0 3 16 22 30 19 3 0 0 2 0 0 14 9 3 3 1 3 6 4 0 0 0 0 0 2 3 0 16 21 10 11 15 23 29 7 0 11 5 0 0 0 0 0 0 3 0 1 10 2 0 16 17 8 13 17 7 0 14 15 4 8 4 0 0 0 0 0 0 0 0 12 0 0 0 3 4 0 0 0 0 0 0 0 0 0 0 0 0 0 0 5 14 38 44 50 33 8 0 0 5 -2147483648 
-2147483648 0 0 0 1 8 18 22 8 0 3 6 9 15 12 5 0 0 4 0 0 3 6 0 0 0 0 0 0 0 8 7 0 0 0 0 6 12 0 3 2 0 0 1 0 0 0 0 0 1 5 0 0 10 18 3 0 0 0 0 0 2 7 0 0 0 15 15 9 1 0 0 0 0 0 12 8 0 0 0 7 2 4 14 6 0 0 0 12 21 10 9 3 0 0 0 0 0 0 0 0 0 0 0 0 0 0 0 0 0 0 0 0 3 4 0 0 8 15 17 21 45 64 54 45 40 43 48 37 27 26 26 16 2 3 6 7 8 0 0 0 0 0 0 0 0 0 0 0 0 0 0 0 0 0 8 13 12 11 8 0 0 0 2 0 0 0 10 13 3 6 11 3 0 0 10 10 4 2 5 3 0 4 5 2 4 10 31 37 20 16 13 6 7 0 0 0 0 0 0 0 4 13 4 0 6 8 0 0 0 1 9 7 0 0 1 0 0 0 0 8 6 0 0 12 0 0 0 0 0 0 3 0 0 0 0 0 0 0 0 4 25 6 0 25 30 7 12 33 22 0 0 0 0 0 -2147483648 
-2147483648 4 14 4 0 2 20 18 8 5 1 5 8 5 0 0 0 0 0 0 2 11 10 3 7 0 0 0 0 0 0 10 23 4 0 0 0 0 0 0 2 11 16 12 2 0 0 0 0 0 0 0 4 18 12 0 0 5 11 0 0 0 0 0 0 0 6 21 18 6 0 0 0 0 3 18 0 0 0 10 12 0 0 0 4 22 4 0 3 2 0 2 5 1 0 0 0 0 0 0 0 0 0 0 0 0 0 0 0 0 0 0 0 0 2 12 10 0 0 9 18 21 38 51 52 58 58 49 45 42 43 48 41 21 13 10 0 0 0 0 0 0 0 0 0 0 0 0 0 0 0 16 28 10 0 0 1 0 0 0 0 1 0 0 1 2 0 0 0 0 0 0 2 0 5 19 7 3 12 0 0 0 0 0 2 2 6 16 16 18 20 1 0 0 0 0 0 0 0 0 5 2 0 0 0 0 0 0 0 0 0 0 6 10 8 7 6 15 28 12 0 11 21 12 7 0 0 0 0 0 0 5 11 0 0 0 0 0 19 23 38 48 24 20 29 28 20 10 0 0 0 0 0 0 0 -2147483648 
-2147483648 4 2 2 4 0 0 0 4 6 7 4 3 0 0 0 11 8 3 9 7 0 0 12 4 0 0 0 9 14 1 0 0 11 19 2 0 0 0 10 4 20 8 0 0 0 0 0 11 11 0 7 5 0 0 3 20 18 10 7 0 0 0 0 0 0 5 18 17 13 11 0 0 0 0 2 0 3 2 0 0 0 0 0 0 21 26 16 0 0 0 1 0 1 2 0 0 0 0 0 0 0 0 0 0 0 0 0 0 0 0 0 0 0 0 15 6 0 1 14 21 21 26 30 39 48 45 47 57 63 62 57 53 49 39 21 0 0 0 0 0 0 0 0 0 0 0 0 0 0 0 0 14 20 9 0 0 0 0 4 2 0 1 0 0 7 2 0 0 0 0 0 3 9 11 1 0 0 1 0 0 0 0 0 0 5 6 0 0 0 0 0 0 0 2 9 5 0 0 0 0 0 0 3 7 3 1 7 0 2 5 0 5 16 18 11 10 18 20 8 0 0 12 17 3 0 0 0 0 4 0 0 0 0 0 0 0 26 44 28 34 36 17 11 1 13 34 18 0 3 2 0 0 0 0 -2147483648 
-2147483648 0 0 0 5 6 0 0 0 0 0 4 0 0 3 3 10 14 15 19 10 0 0 22 5 0 0 0 12 17 13 0 0 0 9 8 0 0 10 15 0 0 0 0 0 14 12 8 17 4 0 0 0 0 0 12 24 18 0 6 18 7 0 0 0 0 0 3 5 0 0 0 0 0 0 0 2 14 0 0 0 0 0 0 0 0 8 0 0 13 14 0 0 0 3 0 1 0 0 0 0 0 0 0 0 0 0 0 0 0 0 0 0 0 0 0 0 9 15 8 10 17 13 9 18 12 10 25 29 42 46 37 45 49 40 16 0 0 0 0 0 0 0 0 0 0 0 14 17 0 0 0 0 12 28 23 4 0 12 6 0 0 14 16 4 1 0 2 3 0 0 0 0 0 3 0 0 2 0 0 0 0 0 0 0 5 0 0 0 0 0 0 0 0 8 18 14 4 0 7 3 9 17 12 14 5 0 0 0 0 11 16 9 0 5 5 0 0 0 0 0 0 0 14 0 0 0 0 0 0 0 0 0 0 0 0 16 20 15 13 0 0 0 7 1 9 25 1 0 8 0 0 5 0 0 -2147483648 
-2147483648 0 0 2 5 0 2 0 0 0 0 0 0 2 8 4 4 0 0 2 3 0 0 10 0 0 0 0 4 8 1 0 0 0 3 5 3 0 0 0 8 0 0 0 0 6 9 4 0 0 0 8 15 9 16 19 3 1 4 7 7 7 4 9 22 17 12 0 0 0 0 0 0 8 3 0 10 10 0 0 0 0 0 0 0 0 0 0 11 25 21 12 17 19 9 3 0 0 0 0 0 0 0 0 0 0 0 0 0 0 0 0 0 0 0 0 0 0 6 4 0 2 2 1 0 0 8 11 6 0 0 0 10 7 0 0 0 0 0 0 0 0 0 0 2 0 0 0 15 11 1 0 0 0 8 7 0 0 5 0 0 0 0 8 14 2 6 10 0 0 16 1 0 0 0 0 1 6 5 3 0 0 0 0 6 2 0 0 0 2 5 0 0 9 4 2 24 16 0 6 14 14 4 0 0 3 0 0 0 0 0 4 0 0 0 7 10 0 0 0 0 0 1 9 0 0 0 0 0 3 20 3 0 0 0 12 18 0 0 19 0 0 0 10 9 0 0 0 0 0 2 16 0 0 2 -2147483648 
-2147483648 2 12 17 9 0 5 13 11 8 1 0 0 6 7 6 2 3 4 0 0 0 3 0 0 0 0 5 0 0 0 0 0 0 8 8 2 0 0 0 6 6 2 11 5 0 0 0 0 0 0 14 18 22 9 0 0 0 0 1 0 2 0 2 13 31 24 0 0 0 0 0 4 14 2 5 19 10 9 15 1 0 0 0 0 0 0 0 1 1 9 22 30 30 20 10 8 12 5 0 0 0 0 0 0 0 0 0 0 0 0 0 0 0 0 0 0 0 0 0 0 0 0 0 0 0 8 18 19 0 0 0 0 0 0 0 0 0 0 0 0 0 0 0 4 3 0 0 0 6 10 15 8 0 0 0 0 0 0 2 5 0 0 0 0 0 10 3 0 0 5 8 8 6 3 3 0 0 2 5 0 0 9 10 10 8 1 0 0 9 2 0 0 0 0 0 0 1 0 0 3 0 0 0 0 0 1 6 0 0 0 0 0 0 0 3 18 0 0 0 0 0 0 3 0 0 0 0 0 0 0 0 8 6 5 18 22 8 0 2 14 0 0 2 1 0 0 0 0 0 0 0 0 0 4 -2147483648 
-2147483648 20 10 0 0 0 3 10 10 6 13 9 1 7 9 4 3 13 11 0 0 7 0 0 0 0 17 14 0 0 0 0 0 0 0 0 0 13 1 0 0 0 11 15 0 0 0 0 0 0 0 0 0 9 0 0 0 0 0 0 2 0 4 3 0 8 9 0 0 0 0 2 0 0 0 0 4 8 8 0 0 0 7 9 0 0 0 0 0 0 0 5 23 27 22 19 15 7 5 1 0 0 0 0 0 0 0 0 0 0 0 0 0 0 0 0 0 0 0 0 0 0 0 0 0 0 0 0 0 0 0 0 0 0 0 0 0 0 0 0 0 0 0 0 0 7 0 0 0 5 7 7 7 1 0 0 0 0 0 0 1 6 0 0 0 0 0 0 0 5 5 8 13 10 5 2 0 0 0 1 12 13 0 0 3 3 0 0 0 0 0 0 0 0 1 0 0 0 6 5 0 0 0 6 1 0 0 2 10 6 0 0 0 0 0 0 0 0 0 0 0 0 0 0 0 0 0 0 0 0 0 0 18 17 16 17 6 7 5 0 1 9 0 0 0 0 0 0 0 0 0 0 0 0 0 -2147483648 
-2147483648 14 4 0 0 0 0 0 0 4 5 18 18 4 2 9 4 0 0 0 19 19 6 0 0 0 5 7 7 5 6 4 0 0 0 0 2 16 16 3 0 0 0 0 0 5 1 0 0 11 18 4 0 0 0 14 0 0 0 0 0 0 0 0 0 0 0 10 13 16 5 0 0 0 0 0 0 0 0 0 0 5 6 4 3 5 4 0 0 0 0 0 0 9 12 5 0 8 20 11 0 0 0 0 0 0 0 0 0 0 0 0 0 0 0 0 0 0 0 0 0 0 0 0 0 0 0 0 0 0 0 0 0 0 0 0 1 2 0 0 0 0 0 0 0 11 12 0 2 15 9 2 4 11 9 1 4 0 0 0 0 9 0 0 0 0 0 0 2 2 5 2 0 13 9 0 7 13 0 0 18 13 0 0 0 0 1 9 5 0 0 16 19 7 5 6 0 2 10 1 0 0 0 0 0 0 0 0 0 3 8 6 0 0 0 0 0 0 6 9 14 13 5 0 0 0 0 0 0 0 0 0 13 17 26 11 0 0 0 0 0 0 0 0 0 0 0 0 0 0 0 0 0 0 0 -2147483648 
-2147483648 3 7 4 0 0 0 0 0 0 1 12 13 0 6 17 2 0 0 12 17 12 1 0 0 0 0 0 38 42 40 27 7 4 6 5 1 0 8 23 14 3 0 5 15 4 0 3 18 27 22 0 0 0 0 14 4 0 0 0 0 10 0 0 0 0 0 0 0 10 1 0 0 0 0 0 0 0 0 0 0 0 0 0 0 0 0 0 0 0 0 0 0 0 6 7 10 18 14 3 0 5 0 0 0 0 0 0 0 0 0 0 0 0 0 0 0 0 0 0 0 0 0 0 0 0 0 0 0 0 0 0 0 0 0 0 0 0 0 0 0 0 0 0 0 6 9 1 3 2 1 5 9 7 1 3 3 0 0 0 0 11 12 7 0 0 0 0 13 14 0 0 2 0 0 0 16 6 0 0 0 2 2 0 0 0 0 0 0 10 24 27 21 7 0 1 11 2 0 0 0 12 14 0 1 14 15 3 0 0 7 0 0 0 0 4 14 13 6 6 20 14 1 0 0 0 0 0 0 3 24 14 0 0 8 0 0 0 0 0 0 0 0 0 0 0 0 0 0 7 8 0 0 0 0 -2147483648 
-2147483648 0 0 0 1 1 0 0 0 5 0 0 4 8 7 1 0 0 11 6 0 0 0 0 0 0 0 0 16 21 0 0 14 9 13 5 0 0 1 16 8 0 0 0 0 0 0 7 5 4 1 0 0 3 0 0 0 23 40 22 4 0 0 17 21 5 0 0 0 0 0 0 0 0 0 11 29 10 0 10 5 0 0 0 0 0 0 0 0 0 0 0 5 0 1 10 14 2 0 0 0 2 6 0 0 0 0 0 0 0 0 0 0 0 0 0 0 0 0 0 0 0 0 0 0 0 0 0 0 0 0 0 0 0 0 0 0 0 0 0 0 0 0 0 0 0 1 10 0 0 8 1 0 2 0 1 0 0 0 0 0 0 10 12 7 9 2 0 2 8 11 0 1 0 0 6 10 0 0 4 0 4 12 2 0 0 0 0 0 3 0 1 0 5 3 1 7 0 0 0 6 25 27 14 16 19 11 9 5 0 0 0 0 0 2 6 1 8 7 6 2 0 1 0 0 0 0 0 0 13 33 1 0 0 0 0 5 0 0 0 0 0 0 0 0 0 0 10 4 0 7 7 0 15 5 -2147483648 
-2147483648 0 0 0 1 6 5 0 0 0 0 0 5 13 0 0 0 2 0 1 4 0 0 0 0 0 12 0 0 0 0 0 17 26 18 1 0 5 4 0 0 0 0 0 0 11 13 8 0 0 0 1 10 14 0 0 8 26 7 0 0 0 12 28 15 9 11 16 2 0 0 0 6 0 0 0 0 0 0 7 13 1 0 0 0 0 0 0 6 2 0 0 2 4 0 0 0 0 0 0 0 1 6 1 0 0 0 0 0 0 0 0 0 0 3 0 0 0 0 0 0 0 0 0 0 0 0 0 0 0 0 0 0 0 0 0 0 0 0 0 0 0 0 0 0 0 0 4 0 0 0 0 0 4 1 0 0 0 10 14 0 0 0 0 0 6 12 1 0 0 6 15 6 0 0 0 0 4 0 0 0 5 14 5 0 0 0 3 13 7 0 0 0 5 16 4 0 9 15 5 13 0 0 7 0 0 0 2 9 0 6 14 3 3 1 0 0 1 2 9 0 0 7 12 0 0 0 0 4 0 0 0 0 0 0 0 0 3 12 8 6 0 0 4 10 0 0 4 0 0 0 18 4 0 3 -2147483648 
-2147483648 0 0 5 8 4 1 1 0 0 2 0 0 0 0 0 6 5 0 3 13 0 0 0 0 0 0 0 0 0 4 8 0 2 0 0 6 14 20 12 0 4 14 21 9 5 7 0 0 0 8 9 10 0 0 0 21 13 0 0 0 0 12 0 0 16 26 19 2 0 0 1 22 13 1 0 0 0 0 0 0 0 0 0 0 5 6 2 0 0 0 0 0 0 0 0 0 0 6 22 12 4 3 3 0 0 0 0 6 2 0 0 10 19 13 0 0 0 0 0 0 0 0 0 0 0 0 0 0 0 0 0 0 0 0 0 0 0 0 0 0 0 0 8 8 0 0 0 0 0 0 0 8 3 5 9 9 15 22 9 0 0 1 7 1 0 0 0 0 0 0 5 0 0 0 0 5 8 2 1 9 11 2 0 0 7 20 13 0 0 0 0 0 0 0 0 0 15 6 2 0 0 0 0 0 0 8 0 0 18 10 0 0 2 0 0 11 10 6 9 0 0 1 0 0 0 0 0 0 0 0 4 0 0 0 0 0 0 17 12 1 0 0 11 23 30 22 0 0 10 0 0 0 0 0 -2147483648 
-2147483648 0 4 0 3 2 0 0 1 0 0 0 0 0 0 3 8 12 7 0 0 0 0 0 0 0 0 0 0 5 28 15 0 0 0 1 13 2 13 12 1 16 19 12 1 0 7 5 4 16 10 9 3 0 0 0 2 0 12 26 12 7 7 0 0 11 10 4 0 0 0 0 2 8 14 12 0 0 0 0 0 0 0 0 0 0 0 0 0 0 0 0 0 0 0 0 0 0 5 7 10 4 2 0 0 0 8 12 4 0 3 13 18 12 8 0 0 0 0 0 0 0 0 0 0 0 0 0 0 0 0 0 0 0 0 0 0 0 0 0 0 0 0 6 1 0 0 0 0 0 0 0 0 0 1 29 37 14 0 0 0 0 3 4 4 0 0 5 6 1 0 0 0 0 8 8 4 4 14 12 0 0 0 7 14 19 13 4 0 0 0 2 0 0 0 0 7 5 1 0 0 0 1 0 0 1 7 0 0 0 0 0 2 0 0 0 0 0 0 0 10 16 0 0 0 0 0 0 0 0 4 0 0 2 0 0 2 4 8 0 0 0 5 5 7 26 24 0 0 16 4 0 0 0 0 -2147483648 
-2147483648 1 4 0 1 13 8 0 0 0 0 0 1 8 9 10 5 10 20 6 0 0 0 0 0 7 15 2 8 19 10 0 5 14 0 7 20 6 0 0 14 19 0 0 6 2 3 0 1 8 9 6 0 0 7 12 0 0 0 14 16 3 0 0 5 2 13 3 0 0 0 0 0 0 8 5 2 12 1 0 0 0 0 0 0 0 0 0 0 0 0 0 0 0 0 0 0 6 0 0 8 0 0 0 0 0 0 0 0 0 0 0 0 0 0 0 0 0 0 0 0 0 0 0 0 0 0 0 0 0 0 0 0 0 0 0 0 0 0 0 0 0 0 0 0 9 16 13 5 0 0 1 0 0 0 8 10 7 10 13 12 1 0 4 1 0 0 0 10 8 0 0 0 0 0 0 0 0 5 4 0 0 10 21 31 24 6 7 2 0 3 0 0 0 0 0 0 0 6 3 0 0 2 8 0 0 0 0 0 0 0 21 18 7 1 0 0 0 0 0 0 23 0 0 0 0 0 0 5 0 0 0 0 0 0 11 6 0 0 0 0 0 4 0 0 0 0 0 0 0 7 1 6 5 0 -2147483648 
-2147483648 9 6 4 0 5 11 3 0 0 3 3 0 0 4 4 0 0 6 10 0 0 0 0 0 0 15 25 16 0 0 0 0 0 2 0 4 4 0 0 32 29 9 7 20 13 0 0 0 0 9 0 0 10 24 15 0 0 0 0 0 0 0 0 0 18 20 4 0 0 1 0 0 0 0 0 0 19 7 0 0 0 0 0 0 0 0 1 0 0 0 0 2 1 0 15 20 6 0 3 17 4 0 6 12 0 0 0 0 0 0 0 0 0 0 0 0 0 0 0 0 0 0 0 0 0 0 0 0 0 0 0 0 0 0 0 0 0 0 0 0 0 0 0 7 22 12 4 6 3 5 0 0 0 0 0 0 7 20 21 21 0 0 1 0 0 0 0 4 6 2 10 7 0 0 10 6 0 0 4 15 14 15 12 9 10 13 10 2 12 18 6 0 4 16 17 5 3 3 3 8 4 2 4 1 0 0 0 12 0 0 12 15 9 5 6 0 0 0 2 16 26 7 0 0 0 0 0 11 6 0 0 0 0 0 0 0 0 0 0 3 0 1 1 0 0 0 0 0 0 0 0 0 0 0 -2147483648 
-2147483648 0 0 1 0 0 0 0 0 0 2 4 0 0 0 0 0 0 0 0 0 0 0 0 0 0 0 13 0 0 0 3 0 0 0 3 0 0 0 3 10 16 17 0 9 17 0 0 0 0 3 14 22 32 30 5 0 0 0 0 1 0 0 0 3 13 9 3 10 9 0 0 2 0 0 0 0 0 0 0 0 0 3 0 0 0 18 8 0 0 0 0 0 0 0 3 0 0 0 0 10 13 6 5 5 6 0 0 0 0 0 0 0 0 0 0 0 0 0 0 0 0 0 0 0 0 0 0 0 0 0 0 0 0 0 0 0 0 0 0 5 14 4 0 15 12 0 1 0 1 5 0 0 0 0 0 0 1 0 0 8 13 9 0 0 0 1 0 0 0 6 7 2 5 13 16 14 3 0 0 3 0 0 0 0 0 0 0 0 10 0 0 4 16 25 28 29 15 0 0 0 0 0 0 18 24 12 2 2 0 0 0 0 0 7 9 9 11 0 0 15 16 0 0 0 0 0 0 13 12 0 17 18 0 0 0 0 20 4 0 8 10 17 11 6 15 2 0 1 0 0 0 0 0 0 -2147483648 
-2147483648 0 0 0 0 0 0 0 1 8 0 1 1 0 4 3 3 8 6 0 0 0 0 3 0 0 0 0 0 0 4 23 23 14 11 0 0 0 17 0 0 0 12 7 0 0 0 0 13 6 0 20 40 33 26 12 6 16 16 7 6 0 0 10 21 9 0 0 0 0 0 0 0 0 0 0 0 0 0 0 0 0 6 0 0 0 7 0 0 0 0 0 0 0 0 0 0 0 0 0 0 0 0 0 0 0 0 0 0 0 0 0 0 0 0 0 0 0 0 0 0 0 0 0 0 0 0 0 0 0 0 0 0 0 0 0 0 0 0 27 76 60 12 0 5 0 0 2 0 5 0 0 0 0 2 0 0 0 0 0 0 8 7 0 0 4 0 0 4 0 0 1 15 19 8 0 0 0 0 0 0 0 0 0 0 0 0 0 0 0 0 0 0 14 19 14 15 0 0 0 0 0 0 0 14 22 14 0 0 0 0 0 0 0 8 7 0 5 8 0 0 0 0 0 0 0 5 0 2 15 17 8 0 5 22 21 4 0 0 0 0 0 0 8 9 3 0 0 5 8 0 0 0 0 6 -2147483648 
-2147483648 1 2 5 7 12 14 11 7 7 3 0 0 0 0 6 9 14 9 0 0 0 0 0 0 0 0 1 3 18 13 0 0 3 0 0 0 5 16 1 0 0 0 13 0 0 0 8 18 21 0 0 0 2 22 31 39 35 19 10 2 14 30 22 10 1 0 0 0 0 0 0 0 8 15 0 0 0 0 0 0 0 0 0 0 0 0 0 0 0 0 0 0 0 0 0 0 0 0 0 0 0 0 0 0 0 0 0 0 0 0 0 0 0 0 0 0 0 0 0 0 0 0 0 0 0 0 0 0 0 0 0 0 0 0 0 0 0 0 10 56 43 11 1 0 2 1 0 12 9 0 3 13 17 11 0 0 0 0 0 0 0 0 0 10 2 2 8 4 10 4 3 11 10 12 0 0 0 1 0 0 0 7 7 4 1 0 0 6 5 7 1 0 0 0 0 0 0 0 8 10 0 0 0 0 0 6 0 0 0 0 0 0 9 4 4 0 5 22 17 5 0 0 0 0 3 2 7 0 0 5 0 0 13 26 20 0 0 0 6 0 0 0 1 7 0 0 17 12 16 12 0 7 27 10 -2147483648 
-2147483648 0 0 6 15 12 10 21 12 2 1 0 0 0 0 0 0 1 0 0 0 0 0 0 0 12 2 16 32 19 10 9 2 0 0 0 5 7 2 0 0 0 0 4 1 0 12 15 12 17 0 0 0 0 3 27 41 25 7 4 2 11 15 15 3 0 0 0 0 0 0 0 0 16 2 0 0 0 0 0 0 8 0 0 3 0 0 0 0 0 2 0 0 0 0 0 0 2 4 6 0 0 0 0 0 0 0 0 0 0 0 0 0 0 0 0 0 7 5 0 0 0 0 4 16 23 18 5 0 0 0 0 0 0 0 0 0 0 0 0 0 0 0 4 0 2 0 2 6 0 0 5 10 16 0 0 0 1 0 0 2 0 0 12 4 4 17 10 8 16 9 2 0 0 0 1 9 0 0 0 0 0 0 0 0 0 0 0 0 8 20 22 8 0 0 0 0 0 6 6 5 0 0 0 0 0 0 20 11 0 2 0 6 9 0 0 14 13 8 20 13 0 0 0 0 11 0 0 0 0 0 11 17 4 0 0 0 0 8 4 7 14 0 0 0 0 7 0 2 20 1 0 17 10 5 -2147483648 
-2147483648 0 1 0 0 0 0 0 13 11 0 0 0 0 3 3 3 0 0 0 0 0 0 0 0 9 0 2 20 3 1 7 0 0 0 0 0 0 1 0 0 13 0 0 5 18 19 14 0 0 0 0 0 0 0 0 0 11 8 9 18 23 16 3 0 0 0 0 0 0 0 0 0 0 0 0 0 0 0 2 3 0 0 0 6 0 0 0 0 0 0 0 0 0 10 5 0 0 6 17 14 12 20 6 0 0 0 0 0 0 0 0 1 0 6 17 7 10 11 4 7 3 0 2 10 18 12 0 0 0 0 0 0 0 0 0 0 11 12 0 0 0 0 0 0 0 0 3 0 0 0 0 0 0 0 0 0 2 4 1 1 0 8 14 3 8 8 0 3 0 0 9 3 0 0 0 0 0 11 10 4 0 0 0 0 0 0 0 0 6 1 0 9 0 0 0 3 12 5 0 0 0 0 0 0 0 0 9 5 0 12 14 0 0 7 4 0 0 0 0 5 0 0 0 0 0 10 0 0 0 0 2 0 0 0 0 0 0 0 0 13 11 0 0 0 3 7 0 0 0 0 4 0 0 0 -2147483648 
-2147483648 14 8 0 0 0 0 0 3 10 5 3 0 1 11 9 2 0 0 0 0 0 0 1 7 17 4 0 8 0 0 0 0 4 6 1 0 0 0 0 0 0 0 0 0 0 7 9 0 0 0 14 27 21 0 0 0 0 2 7 8 8 4 0 3 3 0 0 0 0 0 4 0 0 0 0 0 0 0 3 0 0 0 0 6 0 0 0 0 0 0 0 0 0 0 0 0 0 0 0 2 5 0 10 0 0 0 0 0 0 3 11 11 10 10 17 25 12 0 11 22 22 10 0 0 0 0 0 0 0 0 5 3 0 0 0 2 5 11 0 0 0 0 3 0 0 0 0 0 0 0 1 0 0 4 11 4 0 6 15 6 5 14 3 3 12 0 0 0 0 0 3 10 6 3 0 0 0 16 7 6 6 0 0 5 4 0 0 0 0 0 0 11 6 0 3 0 0 0 0 0 4 17 15 0 0 0 0 0 19 14 4 0 0 19 13 0 0 0 0 0 0 0 0 0 0 9 14 12 0 0 0 0 0 0 0 0 1 0 0 0 0 0 0 0 1 4 11 4 0 8 2 0 0 0 -2147483648 
-2147483648 8 0 0 1 0 0 10 7 0 4 13 14 15 8 0 0 0 0 0 0 0 0 13 24 7 10 14 5 2 4 2 0 12 16 8 23 5 0 8 11 0 0 1 0 0 0 1 13 0 0 27 47 18 0 0 0 0 0 6 0 0 0 2 11 4 0 0 0 0 0 1 0 0 0 1 0 0 0 0 0 0 0 0 0 0 5 13 17 6 0 0 0 0 0 0 0 0 0 0 0 0 0 0 4 0 0 0 0 12 18 5 0 15 22 18 20 5 0 6 12 22 16 3 0 0 0 0 0 0 0 0 0 0 0 9 7 0 0 0 0 0 0 4 11 7 3 0 0 1 8 10 6 0 0 8 7 0 10 13 4 10 5 0 0 0 0 0 0 0 0 0 0 0 0 0 0 0 0 0 6 5 0 1 8 7 12 17 13 0 0 0 0 0 10 14 0 0 0 0 0 0 14 22 13 1 0 0 0 7 8 0 2 4 0 0 0 0 0 0 0 0 0 0 0 0 6 24 22 9 6 0 0 3 0 0 13 17 0 0 0 0 0 0 0 0 5 25 28 14 0 2 7 15 0 -2147483648 
-2147483648 0 2 0 0 0 0 5 4 0 4 7 6 7 0 0 0 0 0 0 0 0 0 11 13 0 15 10 0 6 0 0 3 15 5 6 11 2 0 11 9 0 7 11 14 11 0 0 4 8 4 9 9 0 0 15 0 0 0 0 3 0 0 0 0 0 0 0 0 0 0 0 0 0 0 0 0 0 0 0 0 0 0 0 0 0 0 0 22 17 5 0 0 4 2 0 0 4 0 0 0 0 0 0 0 0 0 0 0 4 1 0 9 25 25 4 0 0 2 6 0 0 4 1 0 0 0 0 0 0 0 0 0 0 0 14 17 6 0 0 8 3 0 0 12 22 9 0 4 12 13 5 10 5 0 0 0 0 0 0 0 2 0 0 0 0 1 0 0 0 0 0 0 0 0 0 3 0 0 0 7 11 11 14 9 13 28 40 42 19 7 6 2 16 13 0 0 2 6 11 11 5 2 2 9 12 4 3 0 0 3 6 13 3 0 0 0 0 0 5 0 0 0 0 9 12 0 0 0 5 21 17 21 5 0 5 4 0 0 1 0 0 0 0 0 0 0 0 0 0 0 2 1 0 0 -2147483648 
-2147483648 1 3 5 0 0 4 0 0 0 0 0 11 2 0 4 0 0 0 0 0 0 0 0 0 0 1 0 0 10 16 0 0 0 0 6 0 0 1 1 1 7 0 0 5 20 16 0 0 22 34 0 0 0 13 8 0 0 0 0 28 32 14 0 0 0 0 16 23 4 0 0 3 11 0 0 0 0 0 0 0 0 0 0 0 0 0 0 0 19 10 0 1 16 3 0 5 8 8 7 0 0 3 0 0 0 0 0 9 17 14 8 14 9 0 0 0 0 0 0 0 0 0 0 0 0 0 0 0 0 0 0 0 0 0 0 3 7 1 2 4 2 0 0 24 47 25 6 13 9 8 9 12 19 6 0 0 1 0 0 2 5 0 0 0 0 0 0 0 0 0 5 9 0 0 0 4 17 8 0 0 5 0 0 0 12 11 5 0 0 1 8 4 0 0 0 0 0 5 9 6 0 0 0 0 11 11 0 0 4 6 10 1 0 0 0 1 0 0 3 0 0 0 0 0 0 0 0 0 0 12 18 21 9 7 9 2 4 3 0 0 16 0 0 0 0 0 0 0 2 7 2 0 0 11 -2147483648 
-2147483648 8 0 0 0 0 0 2 0 0 0 9 21 10 2 0 0 0 0 0 0 0 9 0 0 0 9 0 0 21 33 21 0 0 11 3 0 0 0 1 0 2 0 0 0 7 18 9 0 18 47 14 0 0 0 0 0 0 0 6 10 20 14 0 0 0 0 21 42 30 2 0 5 16 20 5 0 0 0 0 0 0 10 0 0 0 0 0 0 0 3 10 13 1 0 12 19 16 12 4 4 10 5 12 15 6 5 9 11 9 14 18 9 0 0 0 0 1 3 0 3 0 0 0 0 0 0 0 0 0 0 0 0 0 0 0 0 0 11 14 0 4 2 0 18 17 5 11 19 13 7 10 6 6 13 8 9 10 0 3 11 12 6 5 3 0 0 0 0 2 5 12 1 0 0 0 0 10 7 0 0 0 0 0 0 4 2 0 0 0 0 0 0 0 0 3 0 0 0 0 0 0 0 0 0 0 0 0 12 11 0 3 2 0 10 20 8 24 37 13 0 0 0 14 8 0 5 2 10 16 0 0 0 10 19 15 31 29 5 0 0 8 13 15 16 2 0 0 0 14 22 3 0 8 14 -2147483648 
-2147483648 0 0 0 1 0 0 4 9 3 1 0 0 0 0 0 0 0 0 0 0 20 48 29 9 11 3 0 9 13 6 14 7 5 18 11 3 7 4 4 11 6 0 3 0 0 2 4 0 0 29 43 6 0 0 0 2 27 39 5 0 0 0 0 0 0 0 21 29 23 11 12 18 19 20 10 3 0 0 0 0 3 18 3 0 0 0 16 0 0 0 14 16 1 19 23 10 0 0 0 0 0 0 0 11 14 15 15 7 0 1 11 2 0 1 7 3 10 14 2 0 0 0 0 0 0 7 0 0 0 0 0 0 0 0 5 0 0 7 7 1 0 0 0 0 0 0 8 14 9 5 1 0 1 7 0 0 1 0 4 0 0 3 3 0 1 8 8 17 12 0 11 10 0 9 12 0 0 0 0 1 0 4 6 5 8 0 0 4 0 0 0 0 8 11 6 3 0 0 0 0 0 0 0 1 0 0 15 19 1 0 0 3 14 16 9 8 8 20 3 0 0 0 5 18 11 14 28 26 0 0 0 0 7 20 34 44 25 6 9 0 0 10 21 2 0 0 0 2 0 0 6 28 36 20 -2147483648 
-2147483648 0 0 2 0 3 0 0 4 12 2 0 0 0 6 0 0 0 0 0 0 8 12 14 19 6 0 0 5 0 0 0 6 0 0 7 9 0 0 0 4 0 0 23 10 4 14 10 0 0 2 19 27 3 0 3 2 2 7 0 0 0 0 10 9 31 65 67 52 43 38 35 22 0 0 19 13 2 0 0 1 0 0 4 2 0 1 7 0 0 0 0 0 9 0 2 0 0 0 0 0 0 0 0 0 0 10 14 8 10 3 0 0 0 4 6 11 7 0 0 0 0 0 0 0 12 10 3 3 3 3 0 0 0 0 0 0 8 0 0 6 9 14 0 0 0 0 0 0 0 0 0 0 0 0 0 0 5 2 2 3 0 0 0 0 0 0 11 15 0 0 0 0 10 7 5 2 0 0 0 0 0 2 10 5 0 0 0 0 5 0 0 0 0 0 0 1 13 0 0 0 0 4 0 0 0 1 10 0 0 0 0 0 0 0 0 8 0 0 0 0 0 0 0 0 0 0 8 11 0 2 17 13 2 6 25 25 2 1 19 11 0 0 0 2 0 0 0 10 1 0 9 39 41 24 -2147483648 
-2147483648 0 0 0 0 0 6 0 0 10 20 9 8 8 0 0 0 0 1 2 0 0 0 0 3 3 0 0 0 0 0 0 0 0 0 0 0 0 0 0 0 0 0 30 27 9 6 13 12 0 0 0 0 0 0 0 0 0 0 0 0 5 18 5 3 84 174 186 178 173 148 113 66 20 7 15 14 15 9 10 15 0 0 1 0 1 0 0 0 0 0 0 16 14 0 8 9 0 0 0 4 10 19 5 0 2 0 0 14 19 14 8 10 19 16 5 0 0 0 0 0 0 2 11 3 0 0 1 6 0 0 0 0 0 0 0 0 4 4 11 21 13 0 0 0 0 0 0 0 0 0 0 0 0 1 4 4 0 0 0 3 9 0 0 3 3 0 0 0 0 12 0 0 4 0 0 14 8 8 11 0 0 0 0 0 0 1 1 0 9 9 2 5 0 0 0 1 0 3 9 5 10 2 0 0 0 0 0 0 0 0 0 0 0 0 0 0 0 0 0 0 0 0 0 0 0 0 0 4 4 0 4 25 14 0 18 16 0 6 16 10 1 0 0 7 19 29 39 20 0 7 16 5 2 5 -2147483648 
-2147483648 0 0 2 0 0 0 3 5 0 0 0 6 0 0 0 0 0 22 14 0 0 0 0 0 14 2 0 0 0 0 0 0 0 0 0 0 8 6 0 0 0 0 4 10 0 0 1 13 0 0 0 0 0 10 19 12 0 0 2 0 0 0 0 0 88 219 255 255 255 255 255 217 175 137 98 69 55 44 21 5 2 0 0 0 0 0 0 0 0 0 18 13 7 17 22 20 8 2 12 11 4 3 0 0 0 0 0 1 0 3 0 1 15 11 2 0 0 0 0 0 0 0 9 2 0 0 0 0 0 0 0 0 0 0 0 0 0 8 20 23 10 0 0 9 0 0 0 7 0 0 0 0 0 0 0 2 0 0 0 0 0 0 0 0 7 9 0 0 13 4 0 0 0 4 8 6 12 10 4 0 0 0 0 0 0 0 1 0 0 1 9 0 0 0 3 3 0 7 6 0 0 0 1 2 0 0 6 0 0 0 0 0 2 11 4 0 6 3 0 0 0 2 5 7 11 10 7 0 0 0 0 0 0 8 0 0 0 9 8 2 2 0 0 10 39 44 31 9 0 0 15 11 0 1 -2147483648 
-2147483648 2 2 4 10 7 0 3 0 0 0 0 0 0 0 0 0 2 2 14 11 0 0 0 0 0 0 0 0 0 0 0 0 0 4 16 11 4 4 0 1 23 15 0 0 0 0 0 0 1 0 0 2 10 6 8 13 9 0 0 0 0 0 0 0 51 156 241 255 255 255 255 255 255 255 255 209 171 150 105 53 23 13 21 13 0 0 0 0 0 0 0 0 0 9 0 1 10 13 9 3 0 0 0 0 0 0 0 0 0 0 0 0 0 0 0 0 0 0 0 0 0 0 0 0 4 0 0 0 0 0 0 9 6 6 9 0 0 10 19 21 19 12 7 0 0 0 6 0 0 0 0 0 0 0 0 0 2 0 0 0 0 2 0 0 8 10 2 0 0 0 0 0 0 6 7 0 0 0 0 0 3 2 8 19 9 0 0 3 0 1 6 2 0 16 27 21 18 6 0 0 11 32 28 11 0 0 7 0 0 0 0 0 0 8 0 0 8 13 0 0 0 0 0 0 12 5 0 0 0 7 12 3 4 3 0 0 0 5 0 3 9 1 0 2 19 11 0 0 4 13 8 21 20 4 -2147483648 
-2147483648 13 13 6 6 6 0 0 0 0 0 3 2 0 0 0 8 6 0 8 4 2 2 0 0 0 0 0 0 4 17 0 0 6 14 12 5 1 0 0 4 19 9 0 0 0 0 0 0 0 0 0 0 0 0 0 0 12 21 9 0 0 9 8 0 4 42 67 101 154 218 255 255 255 255 255 255 255 255 255 232 190 178 171 141 115 84 48 24 3 0 0 0 0 0 0 0 12 6 0 0 0 0 0 0 0 0 0 0 0 0 0 0 0 0 0 0 0 0 0 0 0 0 0 0 0 0 0 0 0 0 0 0 8 15 0 0 0 8 2 0 5 17 9 0 3 9 0 0 0 4 1 0 4 6 0 0 0 0 3 1 2 0 0 0 0 0 0 0 0 0 0 0 0 0 0 0 0 0 0 0 0 3 3 7 16 14 12 10 11 5 0 9 21 24 19 0 0 4 12 19 21 20 13 11 7 0 0 0 1 0 0 0 0 0 9 15 25 37 0 0 0 0 0 0 0 0 0 5 32 15 0 2 6 0 0 7 8 6 0 0 14 24 23 4 0 2 0 0 0 21 10 0 0 0 -2147483648 
-2147483648 11 8 0 1 9 0 0 7 4 0 5 0 0 0 0 0 0 0 0 0 0 0 4 0 2 22 7 0 6 13 4 9 8 0 0 1 20 14 0 0 0 0 0 0 0 8 18 0 0 1 0 0 7 1 0 0 0 10 10 5 0 0 8 11 8 8 10 24 41 59 98 146 179 223 255 255 255 255 255 255 255 255 255 255 255 255 255 224 181 122 77 60 30 8 19 18 16 8 0 0 0 0 0 0 0 0 0 0 0 0 0 0 0 0 0 0 0 0 0 0 0 0 0 0 0 0 0 0 0 0 0 0 3 0 0 0 0 0 0 0 0 0 0 0 0 0 0 0 0 0 0 0 19 23 10 4 0 6 8 10 0 0 0 0 0 0 0 0 2 10 7 0 0 0 0 0 4 0 2 6 0 0 4 0 4 13 9 9 4 1 2 5 9 2 0 0 2 8 14 4 0 0 2 9 0 0 0 5 5 0 0 2 5 11 40 62 69 50 0 0 0 0 4 19 4 15 19 11 9 0 0 0 4 1 0 0 3 6 8 1 3 24 31 12 0 0 0 0 23 18 0 0 0 0 -2147483648 
-2147483648 2 5 0 0 10 12 1 1 5 5 3 0 0 0 0 0 0 0 0 0 0 0 29 27 17 23 11 0 0 0 1 9 3 0 0 3 4 0 0 0 0 0 0 0 1 4 0 8 12 0 0 0 4 10 18 9 2 0 0 0 0 0 0 21 31 22 12 18 23 18 6 4 16 40 92 161 224 255 255 255 255 255 255 255 255 255 255 255 255 255 255 248 177 120 99 94 65 33 14 0 0 0 0 0 0 0 0 0 0 0 0 0 0 0 0 0 0 0 0 0 4 0 0 0 0 0 0 1 1 8 10 0 0 0 0 0 0 0 0 0 0 0 0 0 0 0 6 8 10 10 0 0 0 0 0 0 0 6 5 0 0 0 7 6 6 9 6 0 0 0 3 1 3 5 0 0 4 2 8 15 6 1 7 0 0 0 0 0 0 0 0 0 0 0 0 5 11 2 0 0 0 0 0 2 0 2 7 5 3 5 10 22 38 59 75 74 60 27 0 0 0 7 7 11 18 5 6 12 5 3 0 0 10 15 3 0 9 4 9 16 2 15 28 9 0 0 0 18 46 26 5 0 0 1 -2147483648 
-2147483648 7 2 0 0 0 9 12 0 1 11 1 0 0 0 0 0 0 0 0 0 0 7 21 16 0 0 0 0 0 0 0 0 8 0 0 0 0 0 0 4 19 19 1 0 0 0 0 9 5 0 0 0 0 5 0 5 1 0 2 2 0 0 0 18 29 14 7 0 0 2 7 9 16 27 31 33 45 76 139 199 231 237 228 255 255 255 255 255 255 255 255 255 255 255 255 251 214 176 153 124 85 57 42 17 0 0 0 0 0 0 0 0 0 0 0 3 0 0 0 0 0 15 14 3 0 2 16 20 14 19 27 25 14 7 1 0 2 9 3 11 11 4 11 13 7 3 15 17 11 14 0 0 0 0 0 0 0 0 0 0 0 8 4 20 15 0 0 0 0 0 0 9 16 5 0 0 3 3 0 0 0 6 0 0 0 0 0 3 12 0 0 0 0 2 0 0 0 0 0 0 0 0 0 0 0 5 4 0 0 14 40 62 71 79 61 37 21 0 0 0 0 16 15 16 17 0 0 0 3 5 3 0 0 17 19 5 5 0 0 0 10 26 19 9 2 0 0 22 41 15 0 0 0 0 -2147483648 
-2147483648 0 0 0 2 0 0 7 0 0 0 0 0 0 0 0 7 0 0 0 0 0 12 11 2 0 0 0 0 0 0 0 0 0 0 0 0 13 15 9 12 12 3 0 0 12 24 22 7 0 2 2 0 6 6 0 2 0 0 0 1 0 0 0 10 24 14 13 3 0 2 0 0 8 22 32 28 18 14 14 18 33 55 67 82 114 136 147 168 199 243 255 255 255 255 255 255 255 255 255 255 255 255 228 166 121 91 56 30 13 3 0 0 6 0 6 27 34 33 23 7 12 20 0 0 0 13 27 31 23 14 31 45 39 42 34 17 9 0 0 7 22 44 31 16 10 0 0 0 6 7 7 5 1 0 0 2 0 0 0 0 0 0 0 0 0 0 0 1 6 4 3 7 3 0 0 0 7 0 0 0 0 0 0 0 0 0 0 0 0 0 5 3 2 5 8 4 6 11 8 10 1 0 0 0 0 3 14 26 38 65 86 87 73 39 12 0 0 0 0 0 0 0 0 0 0 0 1 0 0 0 8 12 0 1 23 2 0 10 11 10 16 6 0 0 11 13 33 21 0 0 0 0 8 10 -2147483648 
-2147483648 0 0 3 15 0 0 0 0 0 0 0 0 0 0 7 24 16 0 0 11 6 0 0 10 15 8 3 9 10 0 0 0 0 0 4 0 0 8 18 17 4 0 0 0 6 7 0 2 10 13 0 0 0 5 0 0 0 0 0 8 0 0 0 0 0 19 10 6 2 0 0 0 14 25 30 34 25 8 0 0 2 21 35 41 34 25 20 17 24 44 68 100 150 197 214 229 255 255 255 255 255 255 255 255 255 255 241 181 121 88 65 34 2 3 10 5 28 37 28 34 31 10 0 0 8 14 16 18 18 21 28 26 26 33 42 50 26 0 6 10 56 147 135 44 0 0 0 0 10 5 12 20 4 0 8 13 0 0 0 4 0 0 0 0 0 0 0 15 24 11 0 0 0 0 0 8 0 0 0 0 0 0 0 0 5 4 0 0 0 3 10 3 0 0 5 12 8 2 5 0 0 9 0 0 0 8 41 68 89 109 96 59 21 0 0 0 0 0 0 0 0 0 0 0 0 10 12 1 0 0 0 0 0 0 16 14 1 1 0 4 6 0 0 1 11 10 19 5 0 0 2 0 3 16 -2147483648 
-2147483648 0 0 0 2 0 0 0 10 15 0 0 0 0 0 0 0 0 11 1 0 0 0 0 0 0 9 15 14 23 20 7 0 0 0 0 0 0 2 8 5 11 17 10 1 0 0 0 0 13 20 6 2 0 0 0 0 0 0 8 8 14 15 0 0 9 15 5 15 16 5 15 25 20 6 0 0 0 0 5 15 22 23 18 19 17 9 8 9 4 2 5 6 14 32 55 67 77 110 141 172 220 255 255 255 255 255 255 255 255 255 228 158 112 82 51 46 53 45 33 21 10 11 14 15 11 0 1 4 9 21 9 0 0 12 25 28 25 19 14 21 84 212 251 125 13 0 3 0 0 0 4 1 0 0 12 10 5 3 8 14 12 3 0 0 0 0 0 3 8 0 0 0 0 0 0 0 0 0 8 20 29 19 18 15 5 5 0 0 0 0 11 10 0 0 0 0 0 1 11 6 6 13 4 0 0 41 85 106 99 69 31 4 0 0 0 0 0 0 0 0 0 0 7 12 14 16 1 2 4 1 4 0 0 0 0 0 0 0 0 4 16 9 4 4 8 14 6 9 10 2 7 0 0 21 -2147483648 
-2147483648 0 0 0 0 0 2 5 6 7 0 0 0 0 0 0 0 0 0 0 0 0 0 0 0 0 0 3 24 4 0 0 0 1 4 2 4 0 0 1 0 0 0 5 6 1 0 0 0 0 0 10 9 0 0 4 0 0 9 6 0 0 0 2 17 15 0 0 13 17 10 12 24 13 0 0 0 0 14 31 35 21 7 4 5 8 12 17 22 26 24 11 4 9 13 22 33 36 31 28 43 64 84 120 166 214 255 255 255 255 255 255 255 255 255 219 190 153 123 98 50 2 0 0 0 0 0 2 3 15 19 6 0 0 13 20 15 21 26 19 25 66 151 255 255 89 2 12 1 0 0 1 0 0 0 0 0 0 18 11 0 0 2 0 1 2 12 17 0 0 0 0 0 0 11 0 0 0 0 4 19 29 18 5 4 3 9 8 0 0 0 0 10 4 0 0 0 0 3 0 0 20 10 2 16 54 94 106 87 51 10 0 0 4 4 0 0 0 0 0 0 16 25 11 0 0 0 0 2 15 18 8 2 22 3 0 0 0 5 18 14 7 4 9 0 0 24 33 10 0 0 4 3 0 0 -2147483648 
-2147483648 0 0 0 0 0 0 0 0 0 0 0 0 0 0 0 0 0 0 0 0 0 10 0 0 0 0 0 3 0 0 0 3 4 3 7 8 0 0 3 0 0 0 0 7 0 0 0 0 0 0 0 8 6 7 0 0 10 0 0 0 0 0 0 17 21 10 12 12 11 16 9 2 1 0 4 10 13 22 16 0 0 0 5 11 14 14 11 10 11 1 0 0 3 5 6 3 4 5 12 23 28 28 28 30 35 72 127 172 221 255 255 255 255 255 255 255 255 255 250 105 0 0 0 0 0 0 0 0 19 0 0 14 44 51 50 58 53 48 63 102 120 94 176 252 118 3 0 0 8 4 3 21 20 2 0 0 0 0 0 0 0 0 4 4 4 7 4 0 0 0 0 9 26 12 0 0 0 0 11 8 0 0 0 0 2 2 4 0 8 4 0 0 0 0 4 3 0 0 0 0 0 0 21 69 111 100 63 34 9 0 0 0 7 2 0 0 0 0 0 0 9 19 28 11 0 0 0 0 0 7 0 0 5 0 0 2 18 19 17 6 6 5 2 7 16 37 30 0 0 0 0 3 8 11 -2147483648 
-2147483648 0 0 0 0 0 0 0 0 0 0 0 0 0 0 0 0 3 19 5 0 0 12 0 0 14 4 0 0 0 0 0 0 0 8 2 0 0 0 0 0 0 0 0 0 0 0 0 0 0 0 0 0 8 1 0 0 6 3 1 1 2 8 2 4 16 12 4 5 16 19 7 0 0 16 28 19 6 0 0 0 0 11 13 10 9 15 16 11 9 5 4 6 8 8 2 0 0 0 3 6 14 23 22 18 19 24 30 32 38 59 113 185 239 255 255 255 255 255 255 251 0 0 0 0 0 0 0 0 9 10 37 84 137 162 166 172 168 166 183 212 189 108 83 155 158 48 0 0 17 7 5 8 8 9 0 0 0 0 1 5 0 0 0 0 2 0 0 12 5 0 5 19 19 15 11 2 0 0 14 8 0 0 0 0 0 0 5 4 4 2 5 8 0 0 4 4 0 0 0 0 0 3 44 87 89 57 19 0 0 0 0 0 0 0 0 0 0 0 0 0 0 0 12 16 6 0 8 5 0 1 0 0 0 2 11 2 6 4 9 13 5 6 13 25 33 25 2 0 5 4 0 6 34 28 -2147483648 
-2147483648 0 0 0 0 0 0 0 0 0 0 0 0 0 0 0 0 0 6 13 2 4 0 0 0 0 0 0 0 0 1 0 0 0 0 0 0 5 14 0 0 0 3 12 10 0 0 3 6 16 20 0 0 0 0 0 0 0 0 2 2 8 7 0 9 27 27 16 3 0 0 0 0 0 3 11 11 3 0 0 0 4 4 1 0 0 9 14 11 10 13 10 3 1 0 0 0 0 0 9 10 9 8 0 0 3 7 8 13 11 7 8 24 52 84 120 145 158 178 255 242 0 0 0 0 0 0 0 0 62 144 205 247 255 255 255 255 255 255 255 255 176 89 41 107 174 78 0 0 13 18 0 0 0 0 0 0 0 1 6 0 0 0 0 0 0 0 0 1 1 10 10 0 0 0 22 26 2 0 3 0 0 0 0 0 0 3 0 10 15 13 12 1 5 5 0 0 0 0 0 0 3 39 73 65 29 17 0 0 0 0 0 0 0 0 0 0 0 0 0 0 0 3 0 0 10 27 18 35 27 10 17 11 0 1 0 0 8 12 17 0 0 0 10 14 10 0 0 0 16 20 6 6 19 14 -2147483648 
-2147483648 0 0 0 0 0 0 0 0 0 0 0 0 0 0 0 0 0 0 0 0 0 0 0 0 0 1 4 0 0 2 18 12 0 0 0 0 15 39 11 0 8 10 7 0 0 4 11 1 4 11 20 4 0 0 0 0 0 0 0 0 5 0 0 20 29 13 0 0 0 0 10 6 6 7 2 0 0 0 0 0 0 0 0 2 4 0 0 0 0 0 0 8 5 0 2 5 0 0 6 12 2 0 0 0 1 6 1 0 0 0 11 16 9 0 7 21 27 13 24 125 184 104 0 0 18 27 0 0 54 209 255 255 255 247 238 236 247 248 226 179 110 50 14 77 149 62 0 0 0 3 0 0 0 0 0 0 0 0 0 0 1 9 10 2 0 4 6 0 4 11 0 0 0 0 16 15 3 0 0 0 0 0 0 0 0 0 0 8 1 9 10 4 7 2 0 0 0 3 3 4 21 53 48 7 0 0 0 0 0 0 0 0 0 0 0 0 0 0 2 0 4 21 0 0 0 4 16 25 14 0 0 0 0 0 0 0 0 0 0 0 0 0 0 7 16 0 0 0 23 38 24 5 5 25 -2147483648 
-2147483648 11 7 0 0 0 0 0 0 0 0 0 0 0 0 9 6 0 0 0 0 0 0 2 9 0 0 0 0 0 4 2 0 10 0 0 0 4 10 10 10 8 0 0 0 0 7 0 0 0 7 19 7 0 1 11 3 6 4 0 0 0 1 5 13 11 0 0 0 1 7 14 15 4 0 0 0 4 14 12 4 0 0 0 0 0 0 0 0 0 0 7 8 6 3 2 10 22 16 3 1 1 0 4 9 11 16 18 13 5 5 13 17 21 23 17 5 4 0 0 150 255 255 69 0 0 0 0 0 0 0 68 91 94 100 99 92 111 126 90 39 18 15 1 46 116 64 6 17 9 0 0 3 2 17 22 14 24 16 0 0 0 7 7 0 3 10 0 1 6 0 0 0 5 0 0 0 0 0 0 0 0 0 1 0 0 0 4 0 0 0 5 0 0 0 0 4 4 0 0 24 44 33 0 0 4 0 0 0 0 0 0 0 0 0 0 0 0 11 30 15 25 19 0 5 6 0 0 0 0 0 0 0 0 0 9 0 0 0 0 7 26 12 0 16 17 0 0 7 21 29 41 46 30 15 -2147483648 
-2147483648 25 21 2 0 0 2 16 22 63 88 40 0 0 0 14 25 13 0 1 11 0 0 0 5 0 0 0 13 11 8 3 0 14 27 15 8 0 0 0 5 5 2 3 6 9 1 0 0 0 8 0 0 14 22 8 0 0 0 0 0 0 0 0 3 6 8 11 5 1 0 0 0 0 0 0 4 1 6 31 44 29 17 14 12 11 9 6 6 10 15 18 17 14 9 3 3 17 19 1 0 0 0 0 0 10 8 12 19 18 1 0 0 0 7 7 7 17 19 0 113 255 195 35 0 0 0 0 0 0 0 0 0 0 4 12 3 4 10 14 11 8 12 5 7 90 171 139 102 93 82 99 109 109 118 110 94 81 62 51 39 22 18 16 8 0 0 0 0 2 0 0 10 12 0 0 0 0 9 8 0 0 5 5 2 0 6 4 0 0 0 0 0 0 0 0 0 0 0 10 38 37 3 0 11 29 0 0 0 0 0 0 0 0 0 0 3 5 0 0 15 27 12 2 9 8 0 0 0 8 13 5 10 21 2 0 6 6 19 26 21 31 18 2 8 4 0 0 9 0 0 6 25 36 9 -2147483648 
-2147483648 0 0 5 0 0 8 21 36 76 91 43 5 0 0 0 5 0 0 0 0 0 0 15 2 0 0 0 2 4 28 42 12 0 7 13 20 7 0 0 0 2 8 8 21 22 5 0 0 0 0 0 7 11 0 0 0 0 0 15 16 0 0 0 14 17 3 8 12 0 0 0 0 0 0 0 0 0 0 1 16 17 12 11 12 8 0 0 3 11 4 1 1 0 0 0 0 13 13 0 0 0 0 3 13 12 0 0 0 9 12 5 3 0 0 0 0 0 0 0 10 0 0 0 8 0 0 0 0 0 0 0 0 0 0 0 0 0 0 0 8 28 30 11 0 81 255 255 247 236 250 255 255 249 242 227 213 186 166 151 124 102 73 50 43 7 0 0 0 0 0 3 0 0 0 0 0 7 15 8 2 1 0 0 8 0 0 0 0 17 8 0 0 6 8 0 0 6 20 42 43 15 0 0 1 0 0 0 0 0 0 0 0 0 1 0 0 6 0 0 16 0 0 0 0 0 0 4 0 0 7 0 0 0 0 0 13 7 4 14 9 5 18 33 14 0 0 0 0 0 0 0 3 10 0 -2147483648 
-2147483648 0 0 0 3 6 3 6 20 40 44 17 4 0 0 0 0 0 0 0 0 0 10 2 0 10 15 0 0 0 17 25 6 0 0 0 20 24 15 5 7 6 2 0 0 11 6 0 0 0 0 0 13 3 0 0 3 7 7 12 9 0 0 0 14 25 21 20 22 1 0 0 0 0 0 0 0 0 5 9 5 0 0 0 0 0 0 4 0 0 0 0 0 0 0 0 0 0 0 3 6 2 0 0 0 0 2 5 4 6 15 21 17 14 10 3 11 0 0 0 0 0 0 0 0 0 0 38 47 0 0 0 0 0 0 0 0 0 0 0 0 0 0 0 0 36 224 255 255 255 255 255 255 255 254 238 218 202 194 190 188 174 142 116 95 67 42 23 6 0 0 0 0 0 1 0 2 0 0 0 0 0 0 0 13 0 0 0 6 14 0 0 0 0 4 13 16 23 30 29 12 5 7 4 0 0 0 0 0 0 0 0 6 2 0 0 0 0 0 0 3 0 0 0 0 0 1 5 0 0 0 1 0 0 0 0 0 0 0 0 0 1 18 34 9 0 0 4 4 1 0 2 33 7 0 -2147483648 
-2147483648 9 0 0 7 7 12 35 35 16 14 2 0 0 0 0 0 0 0 0 3 0 0 0 0 0 0 0 0 0 0 0 0 0 0 8 14 2 0 13 17 11 5 0 0 0 3 0 0 0 10 12 3 3 18 20 17 18 14 0 0 0 0 4 0 0 0 0 0 0 0 0 0 4 10 15 10 2 0 0 0 0 6 12 14 11 8 8 0 0 0 0 3 11 13 15 2 0 0 18 31 24 17 11 2 0 3 4 0 0 0 5 5 9 14 26 59 0 0 0 0 0 0 122 0 0 0 21 59 0 0 0 0 0 0 0 0 0 0 0 0 0 0 0 1 26 124 225 236 213 195 173 161 152 142 130 114 109 114 116 124 126 115 107 91 90 101 84 63 59 64 65 91 130 120 102 85 43 10 0 0 0 0 9 2 0 9 9 0 0 0 2 11 5 10 17 17 14 17 6 0 9 14 2 0 0 0 0 0 0 0 0 0 0 0 0 0 0 0 0 11 8 0 3 9 1 0 0 0 0 0 0 16 12 1 0 0 0 0 0 4 4 0 0 0 0 9 4 4 9 9 23 28 6 0 -2147483648 
-2147483648 12 1 0 0 5 24 57 64 31 5 0 0 0 0 0 0 0 0 4 12 0 0 0 1 0 2 7 2 0 0 0 0 0 5 5 0 0 0 0 0 2 6 0 0 0 0 5 1 0 9 2 0 3 24 20 6 2 0 0 0 17 25 15 0 0 0 0 0 0 0 0 0 0 0 0 0 0 0 0 0 4 3 2 2 0 0 0 0 0 0 0 0 0 0 0 0 0 0 0 0 0 6 9 6 1 0 0 0 0 0 0 0 0 0 11 38 0 0 0 0 0 255 255 84 6 0 7 52 10 0 0 0 0 0 0 0 0 0 0 0 0 14 24 21 12 29 83 119 119 110 103 101 93 77 66 52 43 44 39 30 22 16 13 15 49 107 151 181 210 248 255 255 255 255 255 255 226 155 101 69 46 32 7 0 0 10 3 0 0 0 0 9 13 9 2 3 4 0 0 7 6 0 0 0 0 0 0 0 0 0 0 0 0 0 0 0 0 0 0 9 10 10 1 3 14 0 0 0 0 0 0 0 0 0 0 0 6 5 6 7 10 8 0 0 9 15 3 0 0 18 39 24 206 255 -2147483648 
-2147483648 -2147483648 -2147483648 -2147483648 -2147483648 -2147483648 -2147483648 -2147483648 -2147483648 -2147483648 -2147483648 -2147483648 -2147483648 -2147483648 -2147483648 -2147483648 -2147483648 -2147483648 -2147483648 -2147483648 -2147483648 -2147483648 -2147483648 -2147483648 -2147483648 -2147483648 -2147483648 -2147483648 -2147483648 -2147483648 -2147483648 -2147483648 -2147483648 -2147483648 -2147483648 -2147483648 -2147483648 -2147483648 -2147483648 -2147483648 -2147483648 -2147483648 -2147483648 -2147483648 -2147483648 -2147483648 -2147483648 -2147483648 -2147483648 -2147483648 -2147483648 -2147483648 -2147483648 -2147483648 -2147483648 -2147483648 -2147483648 -2147483648 -2147483648 -2147483648 -2147483648 -2147483648 -2147483648 -2147483648 -2147483648 -2147483648 -2147483648 -2147483648 -2147483648 -2147483648 -2147483648 -2147483648 -2147483648 -2147483648 -2147483648 -2147483648 -2147483648 -2147483648 -2147483648 -2147483648 -2147483648 -2147483648 -2147483648 -2147483648 -2147483648 -2147483648 -2147483648 -2147483648 -2147483648 -2147483648 -2147483648 -2147483648 -2147483648 -2147483648 -2147483648 -2147483648 -2147483648 -2147483648 -2147483648 -2147483648 -2147483648 -2147483648 -2147483648 -2147483648 -2147483648 -2147483648 -2147483648 -2147483648 -2147483648 -2147483648 -2147483648 -2147483648 -2147483648 -2147483648 -2147483648 -2147483648 -2147483648 -2147483648 -2147483648 -2147483648 -2147483648 -2147483648 -2147483648 -2147483648 -2147483648 -2147483648 -2147483648 -2147483648 -2147483648 -2147483648 -2147483648 -2147483648 -2147483648 -2147483648 -2147483648 -2147483648 -2147483648 -2147483648 -2147483648 -2147483648 -2147483648 -2147483648 -2147483648 -2147483648 -2147483648 -2147483648 -2147483648 -2147483648 -2147483648 -2147483648 -2147483648 -2147483648 -2147483648 -2147483648 -2147483648 -2147483648 -2147483648 -2147483648 -2147483648 -2147483648 -2147483648 -2147483648 -2147483648 -2147483648 -2147483648 -2147483648 -2147483648 -2147483648 -2147483648 -2147483648 -2147483648 -2147483648 -2147483648 -2147483648 -2147483648 -2147483648 -2147483648 -2147483648 -2147483648 -2147483648 -2147483648 -2147483648 -2147483648 -2147483648 -2147483648 -2147483648 -2147483648 -2147483648 -2147483648 -2147483648 -2147483648 -2147483648 -2147483648 -2147483648 -2147483648 -2147483648 -2147483648 -2147483648 -2147483648 -2147483648 -2147483648 -2147483648 -2147483648 -2147483648 -2147483648 -2147483648 -2147483648 -2147483648 -2147483648 -2147483648 -2147483648 -2147483648 -2147483648 -2147483648 -2147483648 -2147483648 -2147483648 -2147483648 -2147483648 -2147483648 -2147483648 -2147483648 -2147483648 -2147483648 -2147483648 -2147483648 -2147483648 -2147483648 -2147483648 -2147483648 -2147483648 -2147483648 -2147483648 -2147483648 -2147483648 -2147483648 -2147483648 -2147483648 -2147483648 -2147483648 -2147483648 -2147483648 -2147483648 -2147483648 -2147483648 -2147483648 -2147483648 -2147483648 -2147483648 -2147483648 -2147483648 -2147483648 -2147483648 -2147483648 -2147483648 -2147483648 
