Type=GDR 2.0
Nb.Pixel/Ligne=256
Nb.Lignes=256
Nb.Bits=8
 
-2147483648 -2147483648 -2147483648 -2147483648 -2147483648 -2147483648 -2147483648 -2147483648 -2147483648 -2147483648 -2147483648 -2147483648 -2147483648 -2147483648 -2147483648 -2147483648 -2147483648 -2147483648 -2147483648 -2147483648 -2147483648 -2147483648 -2147483648 -2147483648 -2147483648 -2147483648 -2147483648 -2147483648 -2147483648 -2147483648 -2147483648 -2147483648 -2147483648 -2147483648 -2147483648 -2147483648 -2147483648 -2147483648 -2147483648 -2147483648 -2147483648 -2147483648 -2147483648 -2147483648 -2147483648 -2147483648 -2147483648 -2147483648 -2147483648 -2147483648 -2147483648 -2147483648 -2147483648 -2147483648 -2147483648 -2147483648 -2147483648 -2147483648 -2147483648 -2147483648 -2147483648 -2147483648 -2147483648 -2147483648 -2147483648 -2147483648 -2147483648 -2147483648 -2147483648 -2147483648 -2147483648 -2147483648 -2147483648 -2147483648 -2147483648 -2147483648 -2147483648 -2147483648 -2147483648 -2147483648 -2147483648 -2147483648 -2147483648 -2147483648 -2147483648 -2147483648 -2147483648 -2147483648 -2147483648 -2147483648 -2147483648 -2147483648 -2147483648 -2147483648 -2147483648 -2147483648 -2147483648 -2147483648 -2147483648 -2147483648 -2147483648 -2147483648 -2147483648 -2147483648 -2147483648 -2147483648 -2147483648 -2147483648 -2147483648 -2147483648 -2147483648 -2147483648 -2147483648 -2147483648 -2147483648 -2147483648 -2147483648 -2147483648 -2147483648 -2147483648 -2147483648 -2147483648 -2147483648 -2147483648 -2147483648 -2147483648 -2147483648 -2147483648 -2147483648 -2147483648 -2147483648 -2147483648 -2147483648 -2147483648 -2147483648 -2147483648 -2147483648 -2147483648 -2147483648 -2147483648 -2147483648 -2147483648 -2147483648 -2147483648 -2147483648 -2147483648 -2147483648 -2147483648 -2147483648 -2147483648 -2147483648 -2147483648 -2147483648 -2147483648 -2147483648 -2147483648 -2147483648 -2147483648 -2147483648 -2147483648 -2147483648 -2147483648 -2147483648 -2147483648 -2147483648 -2147483648 -2147483648 -2147483648 -2147483648 -2147483648 -2147483648 -2147483648 -2147483648 -2147483648 -2147483648 -2147483648 -2147483648 -2147483648 -2147483648 -2147483648 -2147483648 -2147483648 -2147483648 -2147483648 -2147483648 -2147483648 -2147483648 -2147483648 -2147483648 -2147483648 -2147483648 -2147483648 -2147483648 -2147483648 -2147483648 -2147483648 -2147483648 -2147483648 -2147483648 -2147483648 -2147483648 -2147483648 -2147483648 -2147483648 -2147483648 -2147483648 -2147483648 -2147483648 -2147483648 -2147483648 -2147483648 -2147483648 -2147483648 -2147483648 -2147483648 -2147483648 -2147483648 -2147483648 -2147483648 -2147483648 -2147483648 -2147483648 -2147483648 -2147483648 -2147483648 -2147483648 -2147483648 -2147483648 -2147483648 -2147483648 -2147483648 -2147483648 -2147483648 -2147483648 -2147483648 -2147483648 -2147483648 -2147483648 -2147483648 -2147483648 -2147483648 -2147483648 -2147483648 -2147483648 -2147483648 -2147483648 -2147483648 -2147483648 -2147483648 -2147483648 -2147483648 -2147483648 -2147483648 -2147483648 -2147483648 -2147483648 
-2147483648 9 14 14 11 9 7 8 4 3 4 13 3 11 22 6 12 11 17 23 19 13 13 12 10 33 18 2 13 21 18 12 8 16 29 24 18 20 3 25 6 21 17 30 11 13 22 37 129 187 182 93 49 37 109 216 255 255 255 255 255 255 69 60 255 252 222 255 255 255 214 145 174 40 129 184 155 65 7 16 15 34 246 231 99 225 150 84 47 255 255 124 255 255 255 95 45 132 190 26 77 75 111 26 19 35 19 24 19 51 23 47 62 30 51 30 15 38 11 34 13 34 16 18 50 136 255 82 51 180 255 255 221 178 255 154 84 49 25 25 25 14 6 3 1 0 3 2 3 3 4 5 9 6 1 3 6 16 24 38 55 80 66 6 47 68 51 21 19 8 11 22 46 69 76 69 44 14 43 39 24 8 43 44 68 82 96 88 84 73 61 54 76 27 106 91 255 224 22 102 124 122 207 122 134 182 206 110 78 56 38 46 91 50 86 63 40 94 63 54 53 7 49 34 37 20 72 25 44 52 51 40 35 18 28 101 249 255 147 39 14 13 6 4 6 16 13 21 11 11 15 33 9 21 14 -2147483648 
-2147483648 4 12 17 13 10 8 7 6 7 2 15 8 1 22 10 5 14 8 18 10 9 17 20 9 27 17 13 7 18 11 19 4 20 24 31 9 13 6 25 3 9 18 8 21 22 85 220 255 255 255 255 144 151 255 255 255 255 255 255 255 255 255 255 255 255 255 116 255 255 255 99 96 48 110 142 145 90 39 30 27 25 206 244 63 214 140 88 31 255 255 255 255 255 69 123 211 236 142 87 69 65 69 10 34 15 37 48 18 67 58 61 77 26 26 11 23 42 5 37 23 53 38 29 120 255 99 156 156 255 255 255 255 255 255 138 87 51 38 34 20 7 3 5 4 2 4 8 8 3 7 9 6 4 3 1 3 3 14 35 56 86 98 64 60 94 115 82 42 34 43 47 37 21 4 15 19 34 56 40 25 9 24 45 45 41 72 54 52 61 56 43 66 61 68 37 255 247 64 77 134 17 130 84 58 54 137 153 97 59 76 72 65 72 99 57 25 87 78 24 68 14 73 27 4 22 72 51 47 62 42 75 34 40 4 4 96 255 255 135 29 16 9 7 7 5 10 22 10 9 21 16 21 18 12 -2147483648 
-2147483648 16 4 14 13 7 11 7 1 5 3 10 14 15 18 10 11 6 3 19 22 16 14 6 16 16 14 6 6 13 14 3 20 34 13 20 9 16 5 29 13 12 11 7 16 128 255 255 255 255 255 255 255 255 255 255 221 140 109 96 255 255 255 255 255 255 255 255 255 255 255 81 32 64 52 89 206 201 164 121 65 11 145 245 62 192 130 101 38 250 255 255 255 160 105 255 193 91 85 139 74 37 37 34 28 21 32 10 42 77 51 60 70 34 33 14 45 55 16 17 36 51 22 110 255 116 145 112 255 255 249 214 216 255 251 150 103 62 41 22 7 5 4 6 16 24 21 15 11 13 9 4 6 6 5 6 3 2 4 14 28 65 121 119 57 93 149 141 102 104 99 70 41 28 32 34 23 31 63 70 61 42 27 42 46 57 79 51 7 1 9 4 44 45 61 66 253 221 117 47 91 89 42 127 45 117 49 91 85 37 28 51 59 47 84 85 40 85 115 81 57 10 77 17 23 17 39 63 43 57 38 86 13 34 18 21 5 104 255 255 140 19 7 10 10 5 12 27 15 19 18 13 13 1 16 -2147483648 
-2147483648 3 25 13 26 13 12 3 8 10 9 9 9 20 17 8 11 12 13 14 17 17 8 16 13 0 12 4 6 13 15 30 23 33 21 4 14 11 11 28 17 11 47 42 106 255 255 255 167 122 123 255 255 255 255 164 74 52 9 16 26 255 255 255 255 255 252 255 255 255 255 71 44 119 72 135 150 207 233 207 140 112 58 179 152 157 114 87 16 171 255 255 99 188 246 224 38 133 129 126 67 22 8 44 21 22 32 28 40 54 8 50 37 48 36 35 34 51 10 61 47 20 155 243 171 120 62 255 255 255 255 253 207 126 135 111 71 39 18 5 9 1 11 28 29 22 16 5 4 7 12 10 6 4 0 1 10 14 14 11 14 36 82 135 149 97 55 129 109 123 106 85 48 28 25 34 52 20 20 18 21 26 24 37 39 59 94 91 39 19 29 17 41 57 49 119 218 190 176 39 29 109 103 134 171 61 134 13 62 75 57 8 14 31 63 57 40 73 117 89 35 22 36 31 10 30 33 43 40 61 65 45 35 9 33 25 4 14 118 255 255 135 31 16 11 6 4 25 14 22 6 17 10 5 6 -2147483648 
-2147483648 18 24 18 25 12 13 7 7 4 3 18 7 1 11 11 6 7 11 18 18 13 4 6 5 8 17 7 9 13 18 29 31 8 19 9 14 6 6 20 51 143 223 255 255 255 247 127 67 70 91 255 244 255 200 97 36 42 6 19 9 143 255 242 65 213 215 255 255 255 255 98 84 133 139 194 100 152 205 170 188 230 157 23 107 125 88 51 42 58 255 255 240 255 241 76 108 179 139 89 30 26 35 21 10 3 25 23 26 26 38 26 31 49 23 54 36 20 43 77 43 144 216 44 92 51 255 255 255 255 242 216 148 72 55 36 22 13 9 9 9 25 38 27 9 28 28 20 15 11 10 4 4 6 0 2 11 4 5 3 11 29 39 65 140 203 146 44 52 63 72 87 78 65 70 86 109 101 64 49 33 19 12 30 37 15 68 88 70 48 22 54 25 56 50 153 205 152 225 75 36 111 121 43 190 67 103 85 24 82 108 99 24 37 75 35 22 13 68 80 36 57 6 4 44 35 16 20 34 60 75 37 29 23 68 15 9 6 27 98 255 255 150 51 20 16 2 10 23 9 18 7 13 2 8 -2147483648 
-2147483648 13 6 21 9 16 4 8 13 16 15 17 9 6 13 0 8 15 23 31 19 8 9 6 5 10 15 15 7 16 33 5 38 20 11 26 19 8 12 24 200 255 255 255 255 255 139 54 12 49 57 255 139 255 110 74 41 29 7 20 9 20 68 218 56 205 192 146 255 198 255 88 97 94 177 217 99 67 249 42 168 202 199 125 83 22 45 29 33 255 255 239 255 189 146 149 164 198 116 36 16 16 16 25 33 33 48 27 23 34 31 20 29 41 39 59 54 78 86 34 55 161 153 148 132 255 255 255 249 135 101 68 46 24 21 10 5 9 17 54 75 70 39 16 35 27 18 12 9 6 10 10 8 6 2 3 9 13 7 3 9 31 31 10 34 117 181 168 121 69 37 43 58 46 55 73 95 107 86 57 33 25 51 80 95 70 50 66 60 75 13 62 49 28 44 160 191 139 255 111 53 88 95 59 96 157 22 99 91 69 38 114 116 61 78 29 34 64 67 83 6 75 13 4 58 23 27 25 45 66 45 63 26 13 56 15 5 6 3 17 104 226 255 140 43 19 9 9 7 10 19 8 17 12 13 -2147483648 
-2147483648 13 10 25 12 17 4 6 17 10 21 6 19 8 3 22 12 3 14 11 24 7 6 12 7 11 14 7 17 25 23 22 41 20 11 19 25 13 14 141 255 255 246 187 160 121 56 30 17 43 42 255 68 255 87 75 27 10 14 11 7 10 66 180 126 191 141 71 255 199 165 48 111 53 197 209 90 148 234 34 143 65 165 174 147 77 54 35 135 255 255 120 145 146 244 240 198 130 37 25 29 8 5 17 27 21 53 36 10 44 22 19 62 82 92 17 79 135 56 92 92 26 92 157 255 255 255 255 162 83 62 32 25 15 8 19 22 20 45 89 66 48 35 34 34 11 4 8 4 4 6 0 1 3 4 6 12 28 41 48 44 30 23 13 1 7 44 96 108 105 97 62 9 24 18 31 47 32 34 53 64 58 75 88 114 118 78 71 86 71 3 66 48 17 34 136 163 155 255 125 39 71 33 85 73 168 147 40 79 112 55 19 83 119 84 46 65 68 78 76 42 50 33 10 58 6 25 27 46 39 59 53 15 44 41 23 11 14 9 21 40 82 247 251 153 50 9 22 12 15 9 16 9 25 6 -2147483648 
-2147483648 10 15 32 5 20 10 10 5 13 14 8 28 8 4 28 18 15 14 14 16 9 13 6 18 6 4 9 13 15 18 16 39 6 24 13 16 27 15 255 255 200 107 45 29 24 16 16 31 22 37 255 74 255 82 71 1 11 12 9 10 12 48 101 135 117 72 20 226 213 100 71 129 124 255 208 100 177 86 77 94 54 127 174 141 117 80 76 255 255 149 234 30 255 255 246 147 32 27 56 30 30 31 41 57 36 37 32 33 20 27 6 79 55 87 52 78 100 67 134 44 16 255 255 255 255 248 187 119 86 61 41 32 11 31 48 47 44 45 55 40 57 54 35 21 5 7 7 8 12 21 25 21 17 15 18 35 51 51 53 61 49 16 11 9 11 37 71 44 23 51 67 45 20 34 73 82 59 36 22 15 4 38 52 27 34 47 66 102 31 55 78 56 31 30 113 123 171 255 110 36 77 15 70 138 75 183 83 36 73 78 50 42 56 57 36 41 48 39 39 41 23 36 18 57 7 34 29 34 31 72 44 12 36 55 34 18 9 16 18 37 23 100 204 255 170 47 34 12 3 6 17 8 25 7 -2147483648 
-2147483648 3 16 29 22 11 0 19 14 13 6 9 13 11 8 14 21 3 4 6 12 9 12 8 14 22 4 7 12 17 21 6 28 16 17 10 9 58 61 255 255 117 63 24 24 10 11 15 16 24 68 204 95 213 66 46 20 16 10 5 7 17 25 44 62 53 38 24 85 169 112 77 117 86 255 255 194 143 57 64 121 79 147 156 90 103 152 238 255 255 130 72 224 255 255 174 61 33 40 59 9 26 53 38 63 28 44 46 11 25 47 45 48 49 83 77 42 73 128 20 69 254 255 255 255 255 158 93 64 50 28 6 24 59 77 68 61 44 8 37 59 60 47 25 11 2 14 17 21 20 15 11 10 4 15 30 44 45 34 36 44 57 51 32 18 6 42 78 64 9 37 51 14 57 77 68 41 40 35 43 48 55 78 110 118 90 62 74 114 76 101 96 82 77 74 123 104 160 255 133 117 124 3 46 140 25 128 110 44 22 54 68 73 43 11 13 17 68 12 23 26 29 31 8 59 23 54 24 13 53 39 47 9 19 62 16 1 12 12 25 31 16 39 66 191 255 173 89 16 16 6 21 20 29 3 -2147483648 
-2147483648 5 7 19 1 14 12 16 22 6 7 12 1 6 14 10 17 4 2 3 4 17 13 1 14 18 17 16 8 12 6 4 14 6 5 9 6 68 61 255 255 135 74 52 21 16 7 19 22 74 75 71 119 137 43 26 19 16 13 13 19 20 6 28 25 11 15 14 13 110 101 52 89 45 190 218 148 94 103 96 98 105 226 132 106 56 255 245 94 197 56 189 255 255 173 83 1 6 27 25 28 11 31 23 64 16 45 29 18 16 40 20 18 42 43 83 98 144 49 110 180 255 255 255 251 187 112 52 40 33 6 35 74 77 54 26 32 38 32 27 36 36 26 15 7 7 15 10 11 17 23 25 22 13 27 28 29 29 9 19 22 21 21 38 53 61 53 62 58 27 29 29 29 48 38 10 22 21 7 25 35 42 43 36 49 62 59 75 122 117 104 82 59 64 106 156 122 115 191 169 167 196 81 62 115 40 51 87 66 4 35 51 48 41 38 11 22 44 31 31 16 14 9 9 49 49 60 28 43 30 20 33 13 5 58 6 24 21 13 9 46 20 30 24 70 187 248 215 83 39 9 13 34 29 6 -2147483648 
-2147483648 8 19 17 13 14 18 10 21 6 9 15 9 16 10 17 18 15 17 13 20 29 18 14 24 15 8 8 16 9 10 24 13 13 6 16 3 41 43 239 255 252 150 146 112 51 16 43 47 134 41 81 106 72 27 16 10 14 13 4 7 16 17 32 18 3 11 18 12 72 96 78 70 37 99 132 61 176 246 168 42 205 151 80 95 255 255 169 65 254 255 255 255 227 56 33 16 31 57 18 78 34 30 35 70 13 27 13 22 29 43 18 58 46 13 85 118 129 123 99 255 255 255 249 147 99 55 31 36 24 20 75 85 40 11 33 28 49 43 33 24 12 4 4 6 0 15 23 24 22 14 6 4 17 36 18 12 24 37 45 44 31 16 33 47 64 89 109 73 19 30 49 24 43 61 67 67 48 31 34 37 34 21 4 27 44 49 50 31 16 35 39 35 20 118 172 128 91 75 108 146 189 168 151 118 36 58 73 55 22 42 16 33 47 56 35 23 16 21 31 74 82 49 43 64 62 26 50 45 6 29 15 9 9 38 24 25 11 11 15 53 34 6 26 45 77 163 255 226 123 14 7 25 13 8 -2147483648 
-2147483648 30 11 11 18 14 8 10 8 6 12 15 13 7 12 22 23 20 23 12 19 8 33 9 14 16 13 16 3 7 18 19 7 9 10 12 43 123 174 145 226 215 148 255 255 181 98 65 23 164 28 128 47 12 20 21 17 15 18 16 7 2 13 22 9 3 9 24 32 17 60 73 43 18 57 102 147 255 255 247 255 195 80 83 29 255 153 164 234 255 255 255 255 156 102 18 27 47 82 6 98 43 13 57 45 8 3 13 20 33 51 20 49 13 60 81 44 80 35 255 255 255 255 159 98 51 34 28 24 5 62 85 42 31 47 34 37 58 50 28 11 0 4 5 4 7 4 3 1 4 4 9 4 13 35 21 4 5 7 17 35 56 58 31 9 8 39 37 18 33 11 33 39 27 52 52 32 40 50 31 32 26 8 12 34 44 48 74 80 73 54 36 34 37 131 150 97 113 44 51 114 96 139 209 183 59 50 49 25 10 26 22 26 51 75 56 20 1 15 49 74 106 97 58 48 61 26 25 44 21 39 10 22 21 35 23 37 26 26 8 52 21 16 28 22 34 44 157 255 249 117 11 20 10 17 -2147483648 
-2147483648 34 13 20 7 13 14 10 13 16 6 22 15 12 15 14 26 9 16 14 10 19 21 16 7 12 13 18 5 25 10 12 16 9 13 94 240 255 255 255 255 228 143 127 234 255 178 101 30 153 36 125 53 19 25 16 2 10 8 25 62 104 125 106 57 18 37 53 60 51 28 6 8 5 25 77 193 255 255 255 255 160 61 69 59 240 161 104 255 255 255 255 115 83 139 113 22 53 82 37 106 25 34 19 28 13 38 32 18 48 36 15 34 72 70 25 39 67 255 255 255 255 166 102 57 30 34 27 9 24 64 54 22 32 27 12 39 50 31 12 4 4 5 1 6 6 10 12 7 4 8 6 3 26 47 32 18 31 65 92 91 67 30 22 32 40 57 52 26 17 24 20 16 51 38 39 31 21 55 72 78 75 51 17 24 61 73 46 29 44 42 34 38 43 121 125 64 139 55 45 156 88 35 125 211 130 53 38 25 28 26 17 31 53 60 55 28 25 21 51 91 14 90 34 7 67 33 21 35 29 49 9 37 17 33 29 55 7 9 30 6 41 16 26 13 28 14 20 151 255 255 127 35 2 25 -2147483648 
-2147483648 22 11 6 14 4 8 6 10 13 7 19 13 9 9 12 19 9 8 12 1 11 18 21 10 11 9 5 7 20 19 16 36 11 140 255 255 255 254 238 231 195 242 255 156 175 218 122 29 187 102 166 83 36 34 21 20 21 15 59 113 137 161 173 132 67 46 55 48 69 63 33 1 3 18 22 242 255 255 255 255 115 12 65 70 112 240 255 255 255 157 60 15 30 59 135 46 47 122 95 140 27 24 38 52 13 89 51 63 40 48 22 104 149 116 50 35 255 255 255 255 195 99 68 28 16 20 22 40 36 33 52 27 18 29 39 47 37 19 8 3 6 9 6 1 13 29 35 34 24 16 20 40 69 78 56 39 37 50 40 11 12 8 40 70 69 70 68 62 57 52 43 26 22 62 66 57 44 21 6 13 45 60 57 37 34 51 48 48 44 21 14 27 39 102 120 76 157 31 32 233 128 120 26 141 180 87 37 45 38 46 44 54 56 39 25 29 77 94 96 104 25 65 17 48 39 25 51 29 17 56 46 35 20 40 28 37 51 31 9 48 12 44 23 36 20 30 17 36 143 255 255 142 51 16 -2147483648 
-2147483648 16 11 15 15 16 31 20 8 7 6 14 3 10 5 6 5 20 13 3 15 19 20 31 16 11 14 12 6 13 16 13 53 91 255 255 253 138 84 70 60 61 81 246 255 209 199 135 53 255 158 221 130 64 31 16 4 4 10 70 109 119 55 81 136 109 40 99 95 106 83 48 11 9 22 32 255 255 179 255 231 106 255 255 255 255 255 255 255 115 10 11 65 55 65 151 88 74 128 57 166 57 16 39 43 24 100 71 64 40 46 82 105 45 93 114 255 255 255 255 207 126 67 35 21 18 8 48 53 33 14 42 35 24 54 60 45 21 8 4 0 3 3 4 18 39 47 42 49 50 48 71 88 81 56 35 47 46 30 15 26 14 48 91 110 98 75 63 47 36 32 25 37 48 52 59 70 97 116 118 102 68 35 18 20 30 33 11 17 22 6 3 18 65 114 102 77 125 60 63 255 113 95 85 19 149 135 72 62 48 71 68 52 27 20 9 12 166 102 164 116 19 48 54 64 23 22 58 27 14 36 31 24 24 77 40 20 62 20 13 30 28 54 18 31 35 21 17 37 14 115 232 249 153 59 -2147483648 
-2147483648 19 23 14 4 8 22 24 7 6 21 6 17 10 11 18 15 8 25 23 18 18 12 46 21 9 18 10 9 7 13 12 58 184 255 230 114 40 7 3 17 52 56 23 151 208 170 92 56 255 175 218 147 75 19 21 35 35 33 38 74 139 181 125 80 101 11 173 131 145 112 54 14 4 18 120 255 249 43 144 255 255 255 255 255 255 255 255 110 23 22 12 84 43 29 122 58 81 109 38 161 80 13 17 13 11 72 99 61 5 49 137 60 81 61 210 255 255 255 246 135 82 46 21 24 11 26 34 13 18 44 67 21 49 56 44 23 3 6 4 6 16 24 25 48 64 50 43 54 69 81 87 57 17 16 19 47 59 38 24 5 23 54 68 59 58 55 78 92 89 82 71 50 47 37 40 52 54 62 80 99 104 96 77 53 45 47 50 59 49 36 35 42 96 110 79 69 50 68 121 255 141 32 82 76 57 119 85 73 58 98 73 55 48 13 19 11 159 112 227 96 42 54 67 40 10 18 18 38 14 45 36 26 28 77 10 38 49 26 11 18 32 17 13 19 26 8 34 34 33 28 98 234 241 171 -2147483648 
-2147483648 15 26 9 16 15 26 24 7 19 17 21 8 11 11 13 7 1 16 20 11 14 9 27 43 35 9 27 12 6 3 13 56 222 255 165 66 41 22 23 11 40 48 19 12 44 52 27 28 190 191 202 138 54 17 45 46 37 32 16 16 43 90 134 115 102 48 234 63 178 118 45 16 27 18 255 255 159 206 255 255 255 255 255 255 255 255 58 40 48 32 36 50 48 78 133 55 160 139 130 162 80 9 25 35 36 24 53 14 55 39 160 10 105 249 255 255 255 246 149 77 48 33 25 9 17 17 32 46 25 80 45 61 65 47 31 10 3 1 1 12 26 27 34 57 43 11 11 24 39 51 35 15 20 18 49 37 17 32 34 27 35 60 92 119 114 88 80 89 86 66 44 29 20 30 38 17 11 22 16 24 45 57 65 65 63 69 71 64 53 55 61 75 139 131 70 33 35 40 168 228 149 25 61 83 22 65 54 50 64 111 69 58 87 22 19 3 91 162 171 40 65 77 56 22 7 13 10 42 43 55 19 16 39 35 25 46 31 47 8 19 13 35 21 10 4 6 33 29 27 14 35 120 205 251 -2147483648 
-2147483648 30 20 7 9 6 8 3 11 12 17 21 11 4 9 27 1 15 24 27 21 3 10 3 20 30 28 41 14 4 6 11 53 188 255 206 70 57 17 13 29 34 31 26 21 16 11 27 34 67 112 125 83 21 59 66 59 54 34 27 17 20 25 15 23 46 22 211 170 180 93 36 13 52 123 255 250 147 255 255 255 255 185 109 142 163 64 84 59 44 44 90 83 48 102 248 219 196 121 181 155 56 48 24 29 51 33 10 14 119 92 79 61 108 255 255 255 242 156 84 47 33 17 6 14 13 7 14 10 42 81 59 95 70 37 16 3 9 13 23 30 28 24 34 46 18 15 10 36 36 18 8 19 41 82 65 9 38 46 19 11 4 9 12 23 23 34 35 45 39 32 29 18 10 14 30 24 11 22 23 10 8 20 39 48 42 26 18 17 14 6 20 46 126 158 75 61 64 67 161 173 174 49 62 67 6 26 16 33 66 111 65 35 72 63 22 45 71 84 27 28 58 83 43 44 12 39 28 27 78 63 43 18 31 15 13 34 34 51 24 16 48 22 25 22 9 16 16 34 18 17 33 35 117 215 -2147483648 
-2147483648 23 4 10 12 10 4 20 17 6 17 6 1 8 10 22 7 29 12 9 21 17 3 23 35 29 15 24 22 16 13 6 51 115 255 243 99 91 72 39 54 69 54 37 25 15 11 43 40 21 7 19 78 89 68 41 26 32 33 29 31 50 56 50 28 23 11 87 130 113 62 23 7 41 255 255 203 255 255 255 118 73 9 34 31 35 91 118 78 50 84 67 70 80 212 255 225 127 42 238 105 10 27 21 23 49 14 27 25 175 63 49 115 255 255 255 252 144 97 45 27 19 9 4 13 18 18 4 6 27 62 91 86 47 17 3 11 14 24 36 40 46 48 46 33 8 6 17 46 37 21 26 16 58 67 29 46 38 23 3 15 39 77 104 127 140 108 72 68 68 51 37 42 35 42 45 42 35 22 18 9 15 16 13 28 30 20 13 15 17 25 50 49 85 141 84 77 44 135 120 112 200 68 71 64 19 23 19 25 61 111 71 43 47 75 54 50 37 14 58 60 60 33 48 83 66 20 27 20 61 83 15 15 39 25 8 29 33 39 4 47 13 24 12 26 9 9 15 29 8 7 19 17 93 234 -2147483648 
-2147483648 13 14 4 1 13 4 28 23 10 20 16 20 18 17 8 17 13 26 24 27 32 26 22 21 11 10 7 13 24 3 4 41 64 255 255 244 239 253 255 255 215 129 62 40 17 33 68 78 105 158 201 172 115 51 4 19 29 20 46 38 14 13 31 40 19 3 8 18 23 16 8 28 155 255 250 255 255 255 89 8 38 16 19 30 55 41 118 97 42 53 64 73 48 214 255 60 121 196 199 51 27 50 37 24 16 26 38 108 111 55 64 255 255 255 255 149 89 60 24 21 18 7 7 6 7 10 14 11 14 32 38 24 10 4 11 20 29 43 51 61 67 55 40 15 25 14 43 48 15 39 23 44 70 18 67 45 12 51 64 65 103 120 107 113 102 68 23 8 23 30 29 57 68 60 57 55 43 33 15 3 17 21 7 20 29 26 11 15 26 46 60 25 65 97 47 43 86 166 77 72 182 103 77 58 35 47 37 25 51 96 78 74 53 60 52 16 47 70 71 39 45 32 36 22 24 52 11 19 27 69 32 13 34 29 28 13 17 27 20 41 42 18 11 26 8 8 2 24 12 9 15 35 121 255 -2147483648 
-2147483648 21 16 4 6 9 17 29 17 20 7 5 15 22 20 12 19 16 23 19 25 23 31 13 14 7 4 3 4 12 21 9 23 24 144 243 255 255 255 255 255 236 159 88 57 60 60 165 239 255 255 255 199 128 73 10 19 27 14 13 31 36 50 44 37 30 25 16 14 36 80 113 192 255 206 100 255 255 141 2 14 27 28 51 57 34 33 96 134 54 83 98 78 87 238 255 154 153 206 79 24 46 44 28 29 27 25 65 92 33 63 255 255 255 255 183 98 58 40 27 29 20 10 8 6 7 15 11 4 3 16 16 7 3 6 24 33 37 52 64 57 34 16 1 28 14 64 80 48 27 40 17 44 66 57 55 18 30 57 59 56 72 42 10 28 7 75 39 18 30 47 55 66 55 36 14 5 5 17 17 16 24 29 20 3 22 29 7 16 11 46 53 35 79 66 19 34 131 142 49 80 133 62 66 71 64 74 67 38 46 91 79 76 58 64 87 25 24 58 47 28 37 18 34 35 31 47 37 26 49 38 40 24 27 27 30 49 50 31 35 30 11 21 35 11 6 8 13 24 14 17 30 21 239 255 -2147483648 
-2147483648 17 12 9 9 3 24 23 9 20 16 12 6 12 18 21 6 10 5 4 6 27 29 10 9 8 4 16 16 24 31 14 16 4 30 73 116 133 153 119 225 220 131 94 98 103 250 255 255 255 230 176 222 226 160 67 39 41 16 46 51 31 21 15 21 29 18 30 62 151 208 235 255 217 42 122 255 255 30 6 21 10 50 57 32 35 22 119 148 41 56 33 35 39 184 225 100 119 163 21 24 28 34 7 33 38 92 115 20 34 255 255 255 255 192 122 66 41 26 17 11 4 7 12 16 11 3 9 10 12 7 14 7 3 8 25 36 36 56 50 5 22 25 20 23 35 94 38 31 59 54 35 50 68 63 48 42 60 84 50 34 52 42 34 40 31 66 61 45 56 57 51 49 29 24 29 26 36 42 40 38 36 34 26 13 17 27 17 11 22 38 40 49 74 49 40 64 148 98 56 133 136 28 70 58 40 43 75 53 60 101 102 77 80 89 128 84 55 51 20 11 20 28 21 17 39 9 11 17 69 35 48 23 25 38 20 17 43 39 35 33 30 11 34 21 24 24 28 16 13 14 13 150 255 255 -2147483648 
-2147483648 15 13 7 8 8 9 16 11 6 27 19 17 10 5 25 17 3 4 3 13 19 25 12 23 11 8 19 33 11 31 14 29 3 8 12 34 21 18 231 237 102 255 255 255 255 255 255 255 157 103 116 217 255 255 132 50 63 44 42 37 20 6 4 9 25 9 72 212 230 173 151 107 65 87 255 255 255 24 13 4 34 72 38 16 54 65 190 116 25 17 30 24 14 198 221 54 143 148 29 20 39 22 50 51 33 167 92 147 255 255 255 255 204 121 68 34 24 14 10 3 2 2 5 12 13 15 17 5 4 10 17 8 3 9 30 51 57 62 30 17 22 31 35 35 74 82 23 60 59 44 23 28 42 46 43 38 44 74 46 37 42 31 51 62 58 37 66 46 38 45 42 39 19 3 18 24 26 18 17 13 19 30 24 24 21 16 19 14 14 20 32 56 58 47 41 82 158 63 51 178 130 33 101 19 11 16 47 35 46 68 115 90 76 79 122 108 96 75 50 33 26 47 18 10 9 25 27 8 55 25 44 33 27 41 20 6 9 21 44 39 42 9 24 8 32 32 37 42 13 6 57 247 255 27 -2147483648 
-2147483648 8 16 13 15 17 13 12 13 11 22 17 23 12 6 15 25 10 12 6 9 13 25 6 25 13 9 11 24 14 14 2 33 4 9 18 34 20 48 226 217 255 255 255 255 255 255 255 249 146 88 192 215 252 255 182 114 118 91 63 33 7 7 8 3 17 25 249 255 188 68 68 67 210 255 255 255 119 24 24 29 24 86 22 26 80 114 236 66 11 10 27 25 20 180 188 125 152 101 40 9 67 24 99 89 102 141 106 255 255 255 255 228 119 69 43 27 20 13 6 4 3 0 3 9 9 10 1 6 2 7 13 5 4 13 44 76 95 73 42 44 74 78 64 48 70 42 54 69 49 18 11 8 10 14 6 10 32 69 54 39 16 53 60 51 62 43 92 97 59 38 37 31 5 23 36 35 13 11 26 40 38 20 11 19 17 2 23 21 13 15 25 46 41 42 35 79 170 56 43 182 125 82 77 14 26 14 21 21 25 33 75 86 69 51 85 109 116 101 52 49 56 72 36 21 23 23 34 33 37 7 17 51 43 43 12 18 3 3 45 31 48 56 32 35 14 38 23 93 73 33 103 255 255 142 -2147483648 
-2147483648 6 14 16 17 11 11 18 10 12 15 21 15 10 6 13 11 10 11 11 21 13 4 19 10 16 11 6 9 22 17 10 25 10 10 6 30 14 32 255 255 255 255 255 255 255 128 112 237 238 129 127 154 161 254 232 255 255 197 112 48 23 14 12 4 40 84 255 255 180 137 191 255 255 255 255 142 37 31 41 39 21 86 14 42 84 172 194 33 14 8 4 40 40 103 154 98 68 18 25 20 51 41 139 176 170 143 255 255 255 255 215 152 78 44 28 19 14 7 2 6 7 3 2 4 11 13 11 13 16 11 7 4 4 17 61 103 109 63 64 56 43 36 29 22 37 27 83 78 45 19 20 15 25 32 26 34 68 96 66 32 42 43 33 42 93 68 46 115 91 49 24 8 21 38 22 23 35 34 31 28 30 27 16 12 12 7 19 16 13 18 26 35 19 17 35 62 169 64 36 155 114 96 37 18 28 5 9 32 24 34 46 61 80 41 62 102 124 130 76 54 49 81 81 26 35 32 23 9 21 3 24 25 51 57 13 18 14 20 15 37 46 60 30 29 35 33 66 84 83 69 143 255 255 170 -2147483648 
-2147483648 9 8 20 8 10 18 1 17 9 14 8 7 3 6 22 17 11 16 19 21 29 9 18 6 11 15 2 9 5 23 18 16 20 23 16 13 34 188 255 255 190 76 36 53 75 92 9 239 254 152 88 208 52 189 255 255 255 255 229 146 102 68 40 25 108 255 255 147 113 216 255 255 255 201 98 58 14 25 59 30 37 32 103 119 129 160 58 129 174 147 130 167 135 69 84 8 11 15 7 31 4 115 230 201 87 201 255 255 255 205 143 88 39 17 12 8 4 1 2 4 2 5 4 6 6 6 7 7 9 11 4 6 9 26 83 131 95 17 20 16 23 48 14 47 25 43 84 55 16 6 20 19 57 30 22 59 92 74 22 40 54 28 27 20 94 115 92 136 98 34 9 6 25 25 26 50 41 23 19 22 22 27 29 25 14 14 37 40 43 50 47 43 50 64 62 65 124 68 38 103 89 99 65 32 38 23 4 33 22 8 28 54 75 50 64 78 118 126 73 62 1 17 88 78 71 61 54 40 13 15 13 28 69 35 14 29 10 12 11 26 30 44 13 4 52 13 58 76 70 36 181 255 218 146 -2147483648 
-2147483648 11 11 6 11 12 29 9 20 17 11 7 9 4 10 30 24 2 10 21 7 29 6 15 1 9 9 6 13 9 21 22 20 14 12 13 40 181 255 255 84 24 15 11 51 117 63 84 255 160 105 120 88 199 255 255 255 255 255 255 255 255 255 241 255 255 255 255 255 66 224 242 255 92 165 137 95 44 13 67 35 58 117 165 126 113 100 120 255 255 255 255 255 179 82 54 21 21 25 10 53 49 208 246 88 80 255 255 255 208 119 82 37 16 13 9 3 4 4 4 6 7 6 4 2 4 7 0 2 2 9 6 4 9 48 101 142 79 34 22 43 66 20 81 48 55 68 69 25 5 7 16 38 61 27 55 64 44 30 23 27 44 28 45 30 49 81 128 140 78 26 21 25 37 42 53 43 28 19 13 13 10 10 14 11 27 50 47 29 24 39 41 54 72 77 67 42 64 70 51 47 37 76 91 55 55 52 4 33 12 11 11 62 58 31 26 35 86 111 90 85 31 24 18 50 53 54 41 62 33 27 22 29 43 11 23 38 18 23 32 7 25 19 25 21 33 24 15 32 31 92 177 123 252 255 -2147483648 
-2147483648 19 7 14 2 9 21 17 7 10 9 6 9 7 22 25 11 9 4 18 10 15 12 10 8 12 8 6 8 4 20 9 19 8 58 89 212 255 255 133 10 3 31 41 110 146 78 152 219 111 68 92 163 255 255 184 185 197 209 229 255 255 255 255 255 255 255 115 255 133 79 255 255 204 255 103 79 81 39 69 99 137 139 101 57 51 40 228 255 255 255 211 91 168 87 41 38 16 50 60 70 71 255 197 120 255 255 255 228 141 77 46 19 7 8 11 4 2 4 4 0 1 3 4 3 8 8 7 4 4 10 2 9 11 65 115 137 64 33 56 75 34 105 70 70 74 74 56 23 19 13 7 40 61 46 28 20 58 51 24 34 57 71 60 23 30 65 94 73 33 22 14 9 22 25 6 18 23 15 18 22 21 25 30 27 52 59 16 7 17 39 34 36 54 54 13 16 36 89 76 33 1 42 88 44 56 69 17 39 22 22 23 52 55 19 38 29 41 83 108 108 76 18 21 31 19 25 16 38 46 34 31 52 56 50 34 35 36 31 40 43 30 38 25 37 12 26 25 8 47 153 167 57 97 255 -2147483648 
-2147483648 21 13 13 7 4 8 27 25 30 19 1 6 10 22 19 17 7 7 11 13 8 4 6 12 17 10 4 29 44 51 11 14 103 255 255 255 255 92 27 29 50 115 114 133 135 76 95 231 255 222 100 255 255 40 255 235 131 107 112 255 255 255 255 255 181 38 89 148 162 98 255 255 255 139 14 43 85 67 75 77 101 62 24 18 11 24 216 255 231 213 220 187 158 57 13 61 4 51 85 42 126 255 238 255 255 255 246 156 102 45 18 8 8 14 10 1 3 0 6 2 3 2 6 0 7 10 9 7 8 6 4 6 16 66 126 133 45 16 62 112 4 129 34 99 83 55 47 29 14 8 13 40 53 55 10 20 54 64 24 55 77 58 7 20 16 38 40 30 11 14 6 7 1 17 26 24 27 24 24 23 20 23 19 27 70 57 30 20 14 27 25 43 75 91 50 17 20 99 78 37 36 34 90 40 44 58 41 42 31 36 31 40 61 55 52 57 37 51 86 110 86 46 24 19 15 12 28 4 26 35 26 43 68 78 57 27 37 52 51 45 27 17 23 34 26 15 36 14 51 178 201 222 255 246 -2147483648 
-2147483648 12 15 6 4 7 25 43 44 20 35 17 24 11 10 19 18 14 20 9 25 18 2 10 21 5 55 76 190 255 255 161 77 255 255 255 208 90 35 3 29 101 157 99 76 87 162 166 197 184 255 213 255 255 255 255 178 27 105 104 255 255 204 209 144 249 255 177 34 208 240 255 255 128 19 12 10 43 61 55 29 76 10 18 36 26 37 165 255 241 244 208 124 74 16 41 65 80 98 60 113 237 255 255 255 255 255 156 100 55 20 7 8 9 7 2 3 0 3 4 1 3 3 6 5 6 9 3 15 18 11 4 10 18 52 132 132 49 4 81 120 26 113 59 107 71 30 35 32 9 9 11 42 52 59 43 67 67 19 41 69 47 31 65 64 62 65 55 41 17 3 17 13 5 28 21 18 17 4 5 8 6 13 7 52 100 67 57 33 21 37 24 10 31 64 65 38 33 80 65 75 59 43 83 61 57 50 40 30 37 27 22 28 40 64 48 61 57 52 78 98 98 64 34 29 13 19 22 3 18 6 27 30 23 55 63 71 57 38 66 40 41 48 4 22 8 5 33 16 68 231 243 149 113 255 -2147483648 
-2147483648 7 17 8 16 3 44 26 30 22 42 0 32 2 12 8 22 28 41 46 27 27 12 29 45 122 255 255 255 255 255 255 252 255 255 66 32 21 34 48 57 113 95 80 75 59 216 72 40 96 255 255 255 255 255 216 65 175 137 7 255 240 152 79 177 255 143 216 85 170 255 255 202 18 22 38 35 35 32 34 21 46 67 88 39 13 36 187 255 114 206 139 63 64 8 51 71 123 112 93 255 255 255 255 255 255 175 104 50 22 9 4 0 3 4 3 1 3 1 1 3 3 6 4 6 4 6 5 17 14 9 9 15 25 52 111 106 78 64 107 99 23 84 49 72 37 22 36 18 3 9 41 71 82 76 48 14 67 83 36 54 52 71 92 70 53 45 44 48 33 13 9 18 32 47 41 42 36 22 6 7 4 12 25 85 98 23 59 32 16 32 17 39 48 27 34 70 85 79 50 60 64 48 64 87 92 65 40 20 47 31 26 35 13 39 40 37 55 66 90 87 110 96 44 41 47 23 20 25 21 34 4 8 17 25 37 53 27 21 60 36 40 54 24 25 16 13 20 28 128 255 211 199 255 255 -2147483648 
-2147483648 10 9 11 20 7 37 35 47 34 23 15 15 12 18 15 16 63 59 45 20 18 16 35 56 255 255 255 255 156 199 255 255 255 38 95 15 77 57 44 71 95 132 95 109 50 132 144 147 64 255 255 71 176 242 88 149 126 255 141 255 255 95 185 160 236 255 165 113 255 255 204 20 13 11 103 59 102 19 32 27 15 247 250 173 26 118 255 255 20 225 133 52 40 27 24 35 102 24 255 255 255 255 255 255 232 131 69 26 14 3 4 3 2 3 4 1 1 1 1 1 4 9 11 6 0 3 3 14 20 11 9 13 35 44 81 99 97 93 99 67 26 60 38 50 20 24 29 31 42 83 124 101 75 48 11 84 73 48 36 27 46 76 50 67 85 44 22 37 34 22 26 36 67 76 49 41 32 22 14 13 27 48 75 87 51 35 68 35 24 40 69 85 75 45 32 23 82 93 26 19 66 46 62 84 100 91 61 49 57 33 31 46 13 11 44 53 51 52 90 88 105 118 60 51 86 48 48 18 8 24 39 33 13 12 13 27 14 24 45 26 34 39 51 30 23 17 25 38 187 255 43 255 255 255 -2147483648 
-2147483648 8 7 13 22 3 10 28 19 17 17 11 9 16 16 20 68 56 23 75 43 24 8 16 51 255 255 92 64 42 52 163 186 182 48 89 44 30 51 30 50 61 67 132 75 37 101 160 111 69 255 255 113 119 209 179 113 245 255 255 255 167 255 255 255 139 179 150 225 255 188 6 32 26 102 215 141 179 85 62 73 146 255 255 255 128 255 239 52 169 215 127 67 9 40 27 19 59 227 255 255 255 255 192 187 154 95 48 17 7 2 3 3 3 0 4 3 4 7 11 14 15 11 2 6 6 5 1 8 9 1 4 7 28 43 66 72 44 48 58 33 19 38 46 45 17 11 31 47 57 100 84 49 44 13 59 90 27 57 51 26 49 24 59 124 95 43 44 54 37 14 10 51 81 42 35 42 26 14 21 39 69 82 68 33 22 42 52 32 35 87 127 94 93 104 120 110 79 62 23 27 51 49 64 77 88 99 79 81 57 24 39 44 13 22 36 48 59 54 80 87 90 118 77 55 94 99 76 22 7 11 26 17 19 23 18 4 18 27 28 51 26 23 52 25 16 17 29 95 186 255 156 255 83 254 -2147483648 
-2147483648 8 18 3 15 7 10 4 8 0 17 6 10 10 10 39 70 34 71 62 15 31 9 42 77 255 255 93 53 85 13 26 54 75 48 64 34 80 70 51 49 159 255 255 249 81 92 37 91 135 255 255 138 123 154 192 219 255 215 255 255 75 249 255 156 255 146 102 255 255 44 154 148 84 200 250 207 255 255 250 255 255 255 214 255 241 230 18 169 162 121 72 56 38 46 27 45 174 255 255 255 244 164 82 68 56 31 10 7 4 3 3 1 2 1 3 2 6 7 9 6 9 13 6 4 7 15 20 13 4 4 6 8 16 21 57 76 26 33 27 3 18 9 37 21 19 5 8 39 58 59 28 28 32 24 86 81 41 71 85 50 25 92 139 122 66 37 42 46 28 28 59 98 63 24 61 41 11 17 38 56 65 36 2 29 35 25 26 28 60 123 90 38 59 129 178 203 187 136 76 16 30 37 35 57 88 93 78 70 66 61 56 43 14 19 17 20 43 64 79 86 91 96 100 61 61 110 97 70 24 17 3 10 9 13 15 18 11 15 23 44 28 22 32 27 43 16 83 103 141 222 197 255 155 208 -2147483648 
-2147483648 15 14 16 7 4 3 7 6 12 12 11 11 11 9 31 60 79 47 22 10 50 40 221 255 255 255 160 43 75 34 25 43 51 67 58 79 66 98 225 255 255 255 255 255 255 89 107 204 255 255 255 112 79 49 142 255 255 255 255 24 24 242 255 19 255 144 55 255 255 233 255 255 148 188 171 150 255 255 255 255 255 247 82 255 147 64 166 169 57 25 28 49 21 89 69 171 255 255 255 255 144 108 61 30 19 9 4 8 4 4 6 6 4 4 5 4 6 7 6 11 13 9 6 9 4 9 8 11 8 4 3 8 11 16 54 65 29 43 20 23 8 29 13 33 39 22 14 61 43 11 50 58 61 52 98 74 29 44 77 88 114 125 83 37 16 13 24 25 8 66 125 85 27 44 52 32 13 32 37 31 20 32 30 12 4 9 12 21 49 116 70 60 118 119 126 145 166 190 201 152 86 60 50 13 62 64 59 46 53 82 82 66 27 15 13 8 28 54 84 83 88 74 93 79 77 101 83 111 64 25 16 23 11 10 26 16 10 20 15 21 34 58 37 21 59 43 126 85 76 157 108 255 144 104 -2147483648 
-2147483648 14 10 8 12 10 14 9 7 6 15 11 21 14 20 7 14 30 10 2 13 63 183 255 255 255 247 188 54 58 74 41 61 40 35 41 80 27 180 255 255 255 255 255 255 255 255 72 255 255 255 192 31 50 78 172 255 171 255 255 86 118 255 255 83 197 115 97 255 233 255 255 255 205 81 158 225 251 255 227 235 92 76 199 215 196 137 135 79 13 19 8 43 17 90 55 255 255 255 255 171 95 60 36 30 25 21 20 10 1 4 7 9 9 9 2 4 4 8 4 3 6 10 12 11 10 4 4 4 1 3 6 9 9 19 60 48 16 38 33 39 13 32 4 41 37 50 75 57 25 68 43 41 51 71 81 39 34 33 27 71 91 58 22 16 8 20 36 43 45 123 126 17 51 42 37 24 22 33 17 19 29 31 20 26 33 32 21 14 37 94 80 106 157 103 71 92 112 137 175 193 197 215 204 182 126 52 10 41 49 74 88 88 42 23 6 13 36 36 84 95 75 67 86 65 75 103 68 92 86 70 43 25 8 4 11 6 5 16 9 16 22 51 64 37 52 39 152 54 77 155 94 240 86 61 -2147483648 
-2147483648 16 6 9 7 11 8 4 4 16 6 22 26 3 16 18 14 26 17 13 17 42 255 255 183 223 96 139 66 35 70 26 75 30 20 34 66 35 255 255 252 255 194 255 152 255 255 172 255 255 38 26 30 72 187 203 237 74 255 255 243 75 255 255 136 219 210 37 255 183 255 255 255 218 59 225 255 81 34 130 251 229 255 255 217 163 58 77 50 41 38 29 68 15 73 255 255 255 255 193 97 61 44 25 27 34 20 3 7 3 5 9 4 8 6 7 4 1 8 6 2 1 1 3 3 7 13 15 8 4 6 10 18 14 21 59 42 40 43 38 54 32 30 24 52 57 65 85 61 71 34 29 24 30 64 35 20 29 13 33 31 15 10 20 7 65 92 85 73 111 154 62 37 46 34 30 13 31 32 15 8 24 37 39 44 27 37 44 23 50 104 125 119 134 93 42 68 71 45 67 101 170 217 255 255 255 230 163 90 25 34 74 96 69 26 15 11 50 22 66 96 75 60 88 62 42 93 96 79 76 101 74 29 24 26 18 15 4 9 18 25 11 14 42 52 58 68 172 77 202 138 52 255 97 61 -2147483648 
-2147483648 11 0 5 6 6 18 10 6 17 13 9 29 21 5 16 12 6 30 6 30 13 255 255 17 109 83 41 40 23 67 65 60 55 83 142 98 78 255 255 255 118 242 255 201 255 255 255 252 128 74 66 27 101 167 153 173 84 255 255 255 58 255 255 210 152 244 155 255 255 255 169 255 247 69 255 210 72 198 255 255 255 255 187 97 34 30 70 38 65 37 51 66 24 130 255 255 255 221 121 75 55 41 32 32 31 16 1 5 1 1 8 7 10 3 2 6 2 9 6 2 0 3 3 7 18 21 18 13 10 8 2 11 16 25 52 50 51 40 34 55 42 29 19 44 73 105 46 84 82 33 40 18 44 41 23 36 55 55 37 11 6 11 38 20 97 31 46 42 129 94 39 44 35 30 30 6 35 23 34 41 41 47 64 67 40 40 36 39 76 128 125 73 93 102 57 76 51 68 41 50 102 95 126 167 211 255 255 255 235 132 35 55 88 69 24 11 46 38 43 73 75 61 69 94 61 68 99 86 78 106 99 53 35 35 41 38 31 19 20 17 27 16 17 44 73 113 190 102 255 245 52 255 106 18 -2147483648 
-2147483648 11 1 10 11 2 21 7 7 13 9 10 16 25 3 15 11 23 12 22 37 64 255 255 68 45 58 31 33 42 56 75 44 117 222 216 195 120 175 255 255 143 73 115 135 253 255 255 206 108 44 46 87 82 105 157 186 66 255 255 255 87 227 255 255 99 105 173 255 255 255 114 255 219 101 182 123 255 255 255 246 165 99 32 29 7 55 30 55 25 51 42 43 75 255 255 255 251 146 96 60 43 30 24 27 23 10 2 3 2 3 4 4 4 4 5 6 1 6 10 7 6 2 10 10 10 13 12 9 6 4 3 6 9 21 39 27 10 16 8 29 37 29 13 30 58 105 67 57 64 49 26 50 44 41 46 58 56 35 15 13 17 19 39 39 76 42 16 102 116 18 46 44 37 24 34 18 39 35 29 20 11 38 65 54 44 43 37 66 81 114 86 41 54 94 78 108 127 85 56 98 80 59 48 39 50 87 158 232 255 255 206 75 44 100 58 28 35 31 13 51 82 81 60 84 90 82 87 74 78 105 111 84 46 33 37 35 42 41 36 25 28 20 16 50 77 139 114 255 255 255 84 255 133 65 -2147483648 
-2147483648 17 13 6 6 6 17 9 12 13 25 12 13 20 17 34 46 62 86 135 158 166 255 255 111 20 40 45 17 51 28 62 141 197 217 89 252 52 255 255 255 199 70 36 59 85 212 226 163 88 64 36 85 77 71 111 172 188 255 255 255 48 128 255 255 143 67 106 202 255 147 195 231 147 45 68 187 255 247 143 103 20 74 96 42 36 37 11 55 18 43 45 5 255 255 255 255 162 110 70 34 22 14 12 11 4 3 3 2 1 2 3 3 1 0 1 1 2 4 9 10 12 11 13 7 3 1 2 1 3 5 3 4 3 11 31 22 4 14 4 14 20 29 19 33 65 88 39 36 22 11 29 74 57 39 19 13 30 37 33 39 42 37 39 71 62 52 116 159 63 53 22 38 57 62 61 42 34 39 7 30 23 59 74 25 52 36 70 75 48 98 56 46 25 55 78 81 73 72 128 124 72 41 23 10 10 9 22 55 121 205 255 251 82 64 79 31 19 19 15 16 64 75 67 56 57 79 75 73 67 82 101 105 67 40 28 14 17 29 36 32 36 24 33 64 63 155 78 255 121 255 75 220 117 104 -2147483648 
-2147483648 3 14 7 3 7 11 9 6 23 25 16 6 6 32 90 99 109 140 204 212 211 134 223 239 20 48 53 51 66 56 66 200 214 8 255 111 255 255 255 255 219 107 98 142 123 55 97 107 96 101 78 54 44 70 85 162 239 255 255 82 113 163 255 238 115 150 171 181 102 191 235 192 138 100 171 235 224 82 35 45 61 182 119 129 48 18 21 65 6 88 157 199 255 255 255 167 119 78 35 20 15 10 6 5 1 3 3 3 2 2 1 1 3 4 3 2 4 7 5 7 5 1 6 5 2 9 12 6 4 2 4 3 1 10 33 14 13 15 18 18 13 27 28 48 73 72 18 25 16 28 61 82 46 15 41 50 71 88 90 88 71 61 49 78 56 113 165 103 54 73 20 40 49 44 61 64 38 16 29 29 18 76 89 23 51 40 83 62 38 90 49 45 19 18 29 48 168 183 155 92 29 17 41 43 6 10 32 14 22 28 134 255 245 69 54 75 24 22 9 14 26 54 56 65 65 58 43 56 66 73 88 91 87 66 22 2 4 25 31 31 35 23 59 69 74 135 255 255 171 255 41 162 153 108 -2147483648 
-2147483648 13 20 4 9 10 16 15 6 36 21 21 10 36 69 104 36 22 66 193 191 221 190 117 255 59 70 67 51 39 69 74 155 205 126 200 196 255 255 252 201 169 107 115 146 61 127 81 77 170 164 96 65 50 35 60 160 255 255 255 255 255 255 255 146 66 197 202 185 31 228 226 190 215 162 168 169 71 20 9 23 118 155 57 169 39 7 44 74 56 178 200 255 255 255 244 126 81 47 27 24 18 13 7 3 2 3 4 3 1 1 2 1 3 1 1 3 3 3 0 5 3 6 6 2 6 9 5 13 11 8 7 3 1 10 28 19 9 9 18 7 8 18 38 56 61 66 31 15 32 44 62 55 17 80 87 69 95 105 95 67 52 68 62 48 74 167 108 47 68 84 47 49 50 39 69 81 64 39 24 4 42 88 79 16 30 15 66 18 59 76 53 31 32 75 130 165 207 130 55 3 27 19 24 43 16 23 15 15 18 7 16 150 255 248 80 73 73 37 20 14 9 37 45 72 93 72 46 47 62 74 89 74 102 116 41 19 8 37 7 31 36 41 66 55 105 31 255 255 255 255 72 193 152 81 -2147483648 
-2147483648 7 14 11 10 8 25 30 23 38 10 30 30 35 31 76 90 108 128 255 255 182 189 116 149 66 50 33 44 4 39 23 78 186 25 153 255 158 255 255 124 96 18 93 66 173 138 101 188 122 141 74 102 123 98 54 154 202 255 255 255 255 249 188 178 119 214 178 144 34 245 252 228 255 124 105 103 48 14 22 123 113 39 98 110 55 23 36 33 86 255 255 255 255 255 166 71 50 30 29 28 17 9 3 1 1 3 4 4 3 3 4 4 4 5 5 4 7 9 7 8 9 2 7 9 4 8 15 4 8 6 4 7 1 11 11 22 24 22 17 6 7 14 44 49 51 73 45 25 47 21 43 43 63 105 76 69 111 86 82 29 19 31 55 54 151 142 40 34 96 66 43 37 19 64 55 57 46 57 31 56 67 82 44 28 33 21 61 39 59 90 81 80 109 164 164 150 134 47 6 24 1 39 65 41 18 14 16 6 6 9 25 33 143 255 255 78 43 54 35 15 3 14 35 54 85 85 71 59 49 69 82 67 86 140 88 68 34 30 16 12 44 52 45 45 164 160 255 142 255 255 147 234 116 62 -2147483648 
-2147483648 19 14 19 15 9 30 13 26 19 9 25 31 35 39 57 4 110 229 255 219 29 81 82 64 18 28 42 56 19 63 43 25 173 124 233 190 177 255 255 255 255 203 108 62 178 45 219 100 167 96 80 163 169 172 104 125 90 255 255 255 71 220 150 103 63 165 140 109 59 255 255 218 207 99 82 57 48 22 28 134 31 94 55 46 67 34 33 38 228 255 255 255 255 165 106 55 38 26 26 19 9 1 6 6 4 0 3 3 1 0 2 1 3 2 1 4 7 6 3 0 3 10 11 9 7 6 4 14 6 4 1 9 1 14 5 6 15 15 5 3 4 15 39 40 57 114 71 70 36 35 61 67 80 98 41 44 108 60 93 67 9 43 54 96 154 62 17 13 118 21 16 72 34 51 33 73 73 35 35 62 59 47 22 32 35 58 103 88 65 66 96 127 152 163 113 88 68 21 16 34 38 48 39 14 10 11 13 3 4 9 27 14 30 136 255 255 103 16 34 28 9 12 13 27 59 71 61 47 45 73 76 75 72 103 96 109 91 42 4 35 22 29 25 56 242 255 255 130 255 230 215 213 82 61 -2147483648 
-2147483648 17 8 30 14 23 30 9 19 17 42 54 66 79 80 85 203 255 255 255 94 35 34 102 80 56 40 43 42 46 119 102 37 165 183 253 28 255 168 255 255 255 255 127 73 95 160 179 93 218 72 166 148 128 167 164 148 81 255 255 74 255 255 255 62 38 132 139 91 115 255 255 197 157 95 38 45 42 58 58 41 132 105 65 39 44 38 49 98 255 255 255 255 187 116 78 49 26 24 21 11 6 1 7 3 3 1 2 1 1 2 3 3 4 2 3 1 3 6 8 3 4 9 6 11 7 4 9 16 10 9 9 13 15 14 3 13 7 7 4 7 7 13 35 56 94 140 41 109 5 41 41 56 91 85 41 41 113 31 98 74 25 49 87 103 79 26 44 69 69 25 26 66 35 27 49 74 60 14 65 61 31 7 38 48 87 103 112 61 29 39 93 108 87 95 77 38 25 13 22 31 39 30 19 4 22 13 9 9 6 13 22 19 23 25 119 255 255 130 21 47 45 18 10 17 42 67 64 43 54 72 67 83 86 78 74 101 101 96 57 46 22 25 13 62 255 255 255 255 255 86 246 148 60 31 -2147483648 
-2147483648 6 6 36 16 33 33 26 39 54 75 71 115 147 156 160 255 211 111 170 59 60 70 91 47 11 25 35 13 126 169 139 42 139 224 255 48 255 231 121 115 255 255 124 44 98 142 91 175 166 145 148 67 38 70 110 110 102 255 255 255 255 195 255 91 52 117 120 49 180 255 223 194 112 75 18 64 81 89 34 82 57 29 80 23 16 27 92 138 255 255 255 244 146 87 55 33 27 27 13 6 6 3 5 3 1 3 6 8 3 3 3 2 3 2 0 3 3 7 9 10 6 6 3 9 3 4 8 9 3 5 1 4 1 6 4 7 10 5 3 10 7 9 35 63 106 128 27 111 51 55 36 59 81 41 42 76 100 61 116 33 37 51 106 66 3 40 84 47 6 20 26 30 46 27 38 47 37 21 78 66 41 42 70 57 61 88 78 14 21 27 100 115 56 84 75 10 10 26 28 23 26 10 14 17 14 16 8 4 6 17 17 6 21 4 13 111 248 255 152 20 42 44 31 19 19 43 70 38 37 59 41 69 82 82 57 69 81 83 91 60 27 15 18 90 255 156 255 255 255 212 255 105 39 30 -2147483648 
-2147483648 18 10 43 42 61 62 78 89 76 71 49 104 118 121 139 203 57 106 186 52 48 17 55 30 31 24 6 10 172 114 170 57 122 254 255 53 206 255 255 255 255 172 109 70 35 42 62 93 171 98 99 116 91 64 56 54 91 255 255 255 170 235 255 87 93 132 79 89 202 184 164 191 73 76 49 54 61 68 25 80 31 27 51 42 38 38 120 137 255 255 255 190 111 66 40 30 27 17 3 1 3 4 3 2 0 3 4 2 5 6 3 2 0 4 4 2 6 9 5 11 9 3 1 8 4 6 4 8 6 3 1 8 10 8 10 5 8 3 1 9 9 13 35 69 128 118 37 64 103 52 25 74 45 19 38 96 43 125 103 33 53 37 81 53 34 57 55 27 61 80 48 36 44 57 35 19 29 7 93 75 42 87 106 62 53 79 50 19 33 47 99 124 36 98 92 31 18 39 17 18 28 27 25 30 13 4 13 9 10 3 3 10 6 9 7 6 88 229 255 175 48 16 35 22 19 24 61 53 43 55 24 54 52 74 62 52 78 64 64 44 25 8 42 120 202 154 34 170 103 255 238 65 31 36 -2147483648 
-2147483648 2 10 46 65 24 23 47 25 19 51 52 100 110 65 42 95 152 208 255 118 22 66 64 14 30 44 53 48 115 132 125 59 168 255 246 71 37 27 91 220 173 59 80 113 17 54 77 42 98 149 34 124 130 110 93 101 221 255 255 255 184 255 255 88 131 108 40 177 159 102 174 172 44 55 68 27 31 22 44 50 11 42 16 94 11 37 81 255 255 255 218 141 63 48 28 12 11 8 3 2 0 4 3 1 1 3 4 5 6 5 3 2 4 4 6 7 4 6 10 10 7 4 4 5 5 8 7 13 19 17 15 13 15 15 10 4 8 4 4 8 8 6 19 83 177 119 64 65 81 73 6 74 33 40 45 83 26 143 46 88 63 32 44 52 37 53 23 47 70 24 89 33 51 67 42 27 27 30 118 87 42 103 110 101 53 48 44 74 113 114 110 111 38 104 99 18 23 38 7 32 19 17 20 24 30 13 11 6 7 12 8 15 9 3 6 14 12 82 216 255 200 75 11 29 34 28 38 55 72 67 23 42 44 59 56 58 90 83 64 52 39 12 78 137 51 255 255 255 197 255 148 30 35 17 -2147483648 
-2147483648 13 9 29 65 61 28 43 25 41 77 66 73 81 46 60 110 190 140 255 255 173 85 51 50 61 140 130 116 31 39 57 181 202 230 184 55 79 99 218 215 95 108 164 122 55 51 60 103 61 174 133 89 119 75 80 99 255 255 252 234 217 255 255 137 119 23 119 183 85 83 186 126 49 37 26 34 46 16 33 32 29 45 22 62 48 55 198 255 255 255 162 106 51 35 26 11 11 7 8 8 2 5 1 1 1 3 3 4 1 4 8 6 3 3 9 12 4 3 4 4 2 4 10 12 12 9 14 23 25 21 22 16 9 3 3 3 6 12 19 20 17 17 25 118 212 111 76 48 8 72 24 70 43 21 22 61 66 111 58 72 23 28 14 37 50 35 20 69 19 89 80 10 37 74 56 40 4 98 117 65 54 106 87 86 55 57 88 138 156 141 79 77 72 88 73 11 13 20 14 16 21 21 8 18 13 13 13 3 8 11 4 19 5 5 3 6 13 14 71 190 255 225 81 18 32 30 24 33 69 79 48 30 34 56 41 44 71 97 72 82 76 23 127 182 184 255 53 255 189 255 57 24 54 10 -2147483648 
-2147483648 9 28 6 23 56 83 80 75 72 52 30 41 84 130 133 131 106 34 192 255 255 108 14 68 143 196 106 106 90 88 183 202 161 141 101 80 9 110 255 255 162 167 154 54 130 78 108 140 85 152 178 44 126 49 39 17 255 255 154 131 193 255 255 139 59 94 139 146 76 112 183 58 61 78 13 16 62 21 24 20 22 27 34 45 137 153 255 255 255 236 126 84 38 30 22 9 9 3 6 7 4 7 3 3 4 3 2 6 3 7 4 9 7 10 16 11 12 7 16 20 17 15 13 10 1 0 20 27 18 10 13 14 11 7 4 6 9 15 15 13 6 2 27 134 200 89 29 38 30 29 38 54 42 8 27 39 71 70 49 22 1 17 6 21 33 10 40 55 46 106 29 13 25 72 51 50 48 132 69 58 85 99 80 57 63 92 126 143 112 105 113 60 92 28 50 20 10 6 10 3 6 20 13 19 9 22 12 13 9 4 4 13 15 10 6 4 3 20 12 35 173 255 233 120 12 34 39 37 53 69 81 47 30 58 45 9 27 69 65 69 102 42 205 221 148 255 255 188 47 209 54 50 59 28 -2147483648 
-2147483648 23 44 20 77 141 94 34 2 39 56 47 51 113 130 132 101 56 50 65 160 244 112 70 52 191 158 79 137 30 125 156 124 85 86 109 131 153 241 255 255 163 109 72 52 189 135 143 186 101 104 185 79 131 88 89 93 255 255 163 132 208 255 192 21 150 147 97 142 109 142 150 22 25 99 29 21 40 45 20 53 54 27 27 96 125 213 255 255 226 165 81 48 22 24 15 11 14 11 8 1 4 4 1 1 1 1 4 4 6 7 8 6 2 4 10 12 3 12 9 1 1 5 4 11 3 7 25 26 5 11 9 11 13 11 9 7 9 9 3 8 12 9 44 148 174 73 22 58 46 24 30 29 39 32 42 16 56 39 22 14 3 20 16 9 12 19 57 17 107 71 8 12 26 49 53 74 73 98 30 96 113 119 86 65 34 53 134 112 48 37 107 81 65 18 47 38 18 10 8 8 7 10 9 18 19 11 8 17 16 9 7 4 7 15 17 7 10 4 9 19 37 166 255 255 142 30 18 46 54 55 85 69 63 66 60 28 16 31 43 61 94 86 255 196 76 96 216 230 149 104 54 66 48 75 -2147483648 
-2147483648 32 34 87 133 79 23 67 73 62 51 62 128 103 83 96 81 22 56 236 255 255 119 62 2 151 148 182 147 107 147 80 81 80 97 82 206 233 212 217 168 104 42 34 52 228 147 94 195 111 101 197 82 118 143 93 113 255 255 153 164 210 170 44 255 251 112 80 178 114 107 46 30 54 49 50 40 29 67 1 68 27 42 145 174 125 255 255 255 167 112 50 26 20 22 19 13 10 2 0 2 3 5 5 4 4 6 4 0 1 5 6 7 8 10 13 10 9 7 12 15 13 13 12 4 13 22 27 20 3 17 13 12 13 6 3 0 9 8 7 10 13 5 64 166 149 33 53 68 76 64 59 52 58 77 45 19 31 28 25 11 19 37 21 14 16 36 51 60 103 14 10 15 38 46 67 82 67 34 26 129 143 102 31 54 57 61 167 58 17 9 40 54 29 9 29 45 41 13 3 17 22 22 13 30 8 5 13 6 9 20 6 2 3 9 22 6 9 1 11 8 15 38 137 253 255 177 79 9 39 50 75 69 62 68 83 60 22 34 23 62 74 157 144 141 68 33 67 244 200 66 55 65 36 76 -2147483648 
-2147483648 18 46 116 78 77 82 70 61 17 33 101 107 26 47 19 118 91 179 255 255 127 38 22 36 61 70 70 33 132 150 116 138 135 109 166 240 214 220 192 118 66 22 12 77 210 118 132 153 84 160 211 51 117 151 123 75 255 255 118 97 80 67 255 255 166 149 143 189 72 60 33 10 95 7 73 106 87 25 20 42 69 17 255 162 255 255 255 243 142 79 40 20 20 20 17 7 5 4 1 3 2 3 4 3 4 4 3 6 6 2 2 0 2 3 8 10 4 11 7 3 4 10 7 9 19 23 25 11 13 23 13 6 6 4 6 9 10 9 4 10 13 7 72 167 125 30 49 76 72 51 71 74 70 105 37 36 27 44 34 16 38 30 10 29 6 40 26 74 67 30 30 59 72 61 39 33 16 16 5 104 160 134 58 10 66 111 169 17 30 25 8 37 34 21 26 15 31 27 14 25 13 16 7 14 23 12 7 8 17 20 3 3 4 15 10 13 7 9 1 1 11 17 20 114 242 255 218 96 14 33 61 57 59 40 75 86 36 48 24 49 87 194 76 145 239 192 72 255 147 68 69 50 23 65 -2147483648 
-2147483648 16 42 76 77 56 20 21 65 23 49 16 59 65 76 130 172 111 206 255 111 1 34 21 22 8 24 20 20 81 152 156 153 155 172 255 201 154 244 199 96 58 48 24 129 184 43 80 94 142 183 131 34 113 128 121 34 210 255 171 72 142 255 255 198 86 142 171 110 32 46 46 70 66 20 106 130 157 51 17 22 14 119 203 189 255 255 251 173 83 47 31 27 26 14 9 4 6 6 0 1 0 2 3 3 6 2 6 4 6 5 2 4 4 7 7 0 6 2 5 6 7 4 14 18 15 24 16 8 14 18 12 11 10 2 6 4 8 10 7 14 11 2 56 147 136 68 49 68 57 51 68 81 116 128 18 34 27 51 18 18 29 19 33 34 17 37 29 87 51 38 61 66 55 44 40 41 17 6 51 69 97 122 89 44 65 134 138 64 10 23 31 74 45 71 54 43 17 19 34 23 40 23 23 9 13 25 2 8 15 18 3 7 14 10 16 3 10 3 8 7 20 15 20 16 71 198 255 233 119 18 24 57 75 41 43 73 58 57 37 54 156 127 162 124 58 230 113 255 83 59 70 51 38 50 -2147483648 
-2147483648 35 18 56 45 24 14 29 49 44 85 121 93 60 109 176 125 41 195 251 69 27 27 19 32 8 16 10 27 63 111 132 89 118 255 255 89 131 255 187 112 85 61 29 168 237 142 161 205 185 146 58 83 88 90 99 49 100 255 255 52 255 255 224 113 68 68 61 17 46 44 58 71 46 11 87 151 131 15 43 34 178 205 130 255 255 255 144 109 59 42 24 18 14 9 6 5 6 2 3 1 1 0 3 1 4 2 5 4 7 4 3 7 8 8 4 5 3 3 3 4 8 16 20 11 6 21 18 10 6 16 12 3 6 13 6 6 11 6 4 18 13 5 41 91 102 92 79 77 59 54 53 67 145 133 21 22 29 51 21 45 17 46 40 35 30 47 55 102 67 69 72 40 32 36 41 70 51 34 70 89 81 61 128 61 38 124 95 56 16 16 45 41 48 106 47 30 30 3 28 25 23 11 23 14 2 14 12 6 6 18 9 15 16 33 9 26 6 8 5 9 16 20 21 21 14 48 150 255 255 145 52 30 72 67 51 49 56 58 47 94 225 106 191 99 68 185 27 234 48 39 39 51 70 51 -2147483648 
-2147483648 36 30 79 58 24 25 57 83 82 77 42 69 38 90 82 84 127 230 255 129 48 30 53 54 35 16 31 32 28 8 85 60 239 255 216 16 118 255 199 142 104 62 17 255 255 255 255 244 210 118 103 126 84 32 69 77 54 255 255 255 255 246 132 108 107 55 13 38 75 72 61 45 68 52 107 103 53 41 45 139 183 43 233 255 255 210 113 90 52 35 27 16 9 7 7 4 5 4 3 2 2 2 2 3 1 6 3 1 3 2 7 4 6 7 6 3 7 8 5 4 6 14 12 5 4 10 18 19 13 8 17 4 7 11 14 6 10 10 12 7 24 26 58 62 32 43 60 61 43 33 24 80 164 107 13 13 39 64 58 25 74 47 28 18 17 26 83 118 73 75 63 35 36 48 40 69 82 37 81 134 134 112 69 88 75 100 52 33 35 7 39 41 89 67 22 21 42 5 40 46 43 17 17 5 17 22 17 21 9 24 23 35 24 33 28 25 1 15 10 4 8 8 29 12 2 1 22 128 255 255 181 49 39 67 65 50 43 47 49 130 241 185 255 148 90 209 88 195 37 18 25 32 63 44 -2147483648 
-2147483648 23 6 60 79 51 41 66 75 63 99 133 142 109 153 170 174 186 203 255 159 44 95 41 77 58 45 62 27 24 52 81 226 255 255 74 47 121 158 198 191 122 130 85 255 255 255 239 179 247 208 138 121 127 8 58 77 95 224 255 255 255 147 82 80 119 110 69 56 72 93 55 61 33 71 59 19 41 12 146 238 36 47 255 255 255 148 101 77 40 28 29 11 3 4 1 3 1 2 1 0 3 2 2 4 3 4 1 4 8 10 6 2 3 1 1 3 3 7 9 7 7 10 13 10 3 4 4 4 16 9 8 12 6 11 17 11 12 9 11 19 23 27 62 54 16 17 36 38 28 16 31 99 161 76 23 22 64 78 38 65 102 27 16 10 34 13 124 120 59 34 24 17 53 69 41 51 77 63 84 174 116 121 85 89 149 57 10 24 22 13 30 48 69 15 17 6 48 15 64 38 55 27 13 6 16 18 10 17 16 23 6 32 30 22 25 17 3 18 13 19 17 25 13 8 11 13 9 11 103 214 255 202 59 50 75 73 41 32 54 148 203 121 255 233 107 175 79 162 57 36 29 35 35 28 -2147483648 
-2147483648 18 16 6 37 54 59 110 156 179 152 134 104 66 75 73 79 92 208 255 110 68 144 34 101 44 85 32 27 48 44 154 255 255 63 84 95 139 81 149 150 255 255 255 255 255 255 255 114 250 255 211 61 140 38 58 76 157 255 255 255 139 46 44 31 74 74 93 121 77 93 67 29 55 70 50 53 68 81 255 226 173 255 255 255 190 133 92 58 33 26 20 4 0 5 3 3 3 2 1 1 1 3 1 1 1 6 4 3 4 4 4 5 3 6 8 7 9 7 6 8 11 4 7 13 11 12 13 5 6 20 18 11 13 21 17 6 3 8 21 21 7 13 59 39 25 30 24 24 20 19 48 93 134 74 52 38 59 49 44 95 66 14 15 26 40 72 164 82 16 23 20 56 61 70 42 27 45 57 35 163 157 46 80 94 152 17 42 34 11 20 34 50 50 10 7 9 31 28 48 44 40 15 8 15 10 11 2 7 18 11 12 18 27 16 16 4 9 6 3 13 6 27 11 5 12 0 6 14 24 65 193 255 219 57 53 86 52 34 74 156 142 150 255 95 157 142 99 109 68 47 26 50 24 30 -2147483648 
-2147483648 17 13 4 23 35 32 52 83 83 50 35 26 22 48 45 58 29 255 255 30 106 189 19 110 46 99 40 45 52 98 255 255 157 151 40 233 134 112 92 187 255 255 255 255 255 255 255 111 144 255 255 73 61 90 151 255 255 255 255 193 48 26 21 79 55 18 47 123 92 110 64 24 115 36 109 38 104 152 255 23 134 255 255 255 148 81 45 22 13 17 11 4 2 5 2 4 1 1 1 3 4 2 1 1 2 1 4 7 10 11 5 4 0 9 7 4 7 10 8 2 17 14 13 1 6 11 13 8 10 6 13 25 14 17 35 34 19 11 17 14 7 26 65 22 44 36 21 19 9 29 54 81 102 48 47 46 28 37 88 80 20 20 30 36 7 134 148 31 15 25 70 95 59 78 64 22 20 51 64 155 246 223 188 187 178 76 55 42 58 53 61 38 31 4 6 6 15 20 16 30 21 7 25 23 11 18 18 14 17 21 16 15 30 13 10 13 12 4 11 16 8 20 4 3 6 12 19 18 15 9 47 173 255 223 66 58 65 36 92 150 98 243 255 84 116 54 154 52 55 56 34 51 27 39 -2147483648 
-2147483648 14 5 4 13 29 27 27 11 9 14 9 12 12 60 24 44 153 255 176 94 123 198 43 142 53 118 70 77 86 254 255 255 14 124 174 237 40 72 131 255 255 255 255 255 133 160 255 209 242 255 255 92 103 181 255 255 255 255 177 10 58 54 35 104 54 24 109 83 126 80 49 64 81 10 101 16 106 175 255 89 255 255 255 167 97 48 22 13 15 13 3 3 0 3 6 5 3 1 2 4 2 2 2 1 3 1 0 0 4 3 6 7 12 6 3 3 3 5 5 4 20 15 2 9 3 12 12 8 3 7 4 14 25 8 4 15 17 9 18 13 15 47 58 10 58 27 17 12 2 25 54 73 77 43 35 22 28 64 70 40 30 40 41 14 89 173 98 36 68 116 125 90 71 91 102 66 17 60 131 138 208 161 79 156 242 214 158 133 97 20 40 30 9 13 10 5 14 23 8 3 20 24 18 32 17 14 9 21 27 13 16 9 13 10 14 6 33 20 19 6 18 14 11 6 4 11 20 13 7 11 8 54 166 255 187 36 52 46 101 133 77 255 255 69 176 64 157 40 46 50 43 50 33 44 -2147483648 
-2147483648 21 7 3 6 21 28 20 14 9 9 9 13 13 48 29 20 255 255 11 21 150 93 164 163 86 129 55 110 214 255 255 62 59 37 193 120 64 222 255 255 255 192 255 253 21 71 255 255 255 255 133 159 244 255 255 255 255 184 35 52 11 77 17 75 75 60 130 57 133 18 97 105 28 9 76 44 80 170 159 255 255 255 201 114 77 48 32 25 17 6 2 1 0 2 2 1 3 3 2 4 1 3 1 4 10 13 10 6 3 0 8 12 8 9 7 6 6 7 7 7 15 14 6 13 10 1 7 11 3 6 3 22 26 3 12 12 8 28 34 24 30 55 26 41 56 20 7 7 10 32 63 63 43 40 50 61 77 64 46 19 43 48 25 44 182 191 102 92 137 161 141 109 95 99 134 102 22 61 164 92 128 161 104 60 73 166 194 236 224 122 34 20 31 40 43 38 21 28 19 26 43 36 31 23 11 11 9 11 23 17 6 20 15 16 26 11 33 15 12 8 6 12 14 12 18 11 6 19 11 1 16 13 49 155 222 182 31 41 95 115 77 255 255 108 179 90 120 64 51 57 61 55 44 45 -2147483648 
-2147483648 14 18 13 9 4 6 10 19 9 9 11 22 3 27 40 125 255 177 19 125 78 120 159 50 135 103 40 183 255 255 98 83 26 97 165 28 202 255 255 255 255 175 202 120 118 104 145 255 255 245 76 248 255 255 255 255 118 10 36 39 47 35 32 44 54 85 64 21 120 72 98 92 41 18 80 29 56 160 255 255 255 252 159 72 59 28 13 6 3 2 0 2 4 1 3 4 4 6 3 3 0 2 1 6 8 3 4 3 4 3 6 16 6 9 7 6 6 9 10 5 12 16 6 11 6 4 11 13 4 8 9 22 16 18 17 10 22 38 27 15 36 52 13 55 48 10 3 6 12 50 62 43 30 41 90 106 74 49 22 41 36 47 19 149 255 187 135 146 146 114 95 91 84 88 165 127 33 49 158 110 145 185 82 48 98 43 29 123 224 255 203 147 140 126 131 131 91 60 41 34 44 51 45 29 19 6 4 7 10 17 11 15 25 11 32 10 34 19 6 18 24 13 9 25 15 6 11 16 8 20 10 20 39 53 147 255 184 80 89 97 62 238 255 149 123 108 73 64 61 66 67 58 41 51 -2147483648 
-2147483648 6 26 15 17 5 8 4 13 22 13 32 19 8 14 14 216 255 120 134 110 105 159 51 132 81 78 107 255 255 195 92 58 102 128 131 88 255 255 209 247 255 83 99 69 201 111 22 255 255 255 126 255 255 255 255 130 20 49 30 37 28 17 31 31 28 68 22 57 81 66 78 20 88 15 162 148 156 251 255 255 255 174 120 64 48 21 9 4 0 3 2 3 2 4 1 1 4 4 1 2 1 3 3 4 11 13 10 6 3 6 2 19 14 8 8 5 4 1 6 6 11 13 7 13 12 14 14 13 7 8 14 13 13 26 27 21 39 30 3 3 42 33 21 59 40 7 3 13 20 58 49 42 59 109 127 92 42 8 24 46 42 59 81 255 255 167 142 138 113 60 35 38 67 96 177 151 35 34 140 132 104 200 165 113 58 14 33 27 51 168 255 255 202 158 143 146 104 3 11 22 21 22 17 24 37 13 12 11 12 3 18 18 15 21 16 10 14 11 7 16 13 12 5 24 9 11 17 6 17 1 18 11 30 33 57 175 255 230 145 91 48 178 248 156 63 116 51 41 25 55 55 52 40 47 -2147483648 
-2147483648 8 18 10 13 17 12 5 3 14 11 18 17 7 13 61 255 230 183 143 80 179 23 159 61 23 46 243 255 206 58 55 124 158 82 102 255 255 253 98 173 81 54 74 57 204 74 164 255 255 255 88 255 255 255 123 7 49 26 63 25 50 24 52 36 61 24 28 89 13 73 39 40 83 9 255 150 166 255 255 255 223 121 78 39 20 9 5 3 3 1 0 1 2 3 2 0 4 2 1 3 1 0 1 2 1 1 3 9 8 7 3 18 15 2 3 6 6 5 10 6 11 9 2 16 11 22 9 4 4 6 8 3 15 16 3 29 43 20 9 18 38 15 45 60 34 15 15 6 30 55 38 61 145 182 126 60 7 34 38 33 45 39 255 255 202 126 83 72 63 41 29 25 56 106 185 159 65 37 107 143 1 135 146 132 128 84 57 60 59 95 153 177 145 144 109 143 136 29 18 32 19 24 13 21 36 26 22 11 6 6 9 10 10 10 9 14 11 6 18 17 20 5 10 10 18 13 9 3 8 22 21 15 3 12 6 26 178 255 242 133 70 120 116 80 78 110 57 39 29 55 48 48 36 39 -2147483648 
-2147483648 14 13 10 3 16 3 9 1 11 13 3 7 4 18 153 255 248 132 72 196 29 154 62 7 24 171 255 215 50 75 122 195 109 81 255 255 255 152 100 126 50 20 99 70 159 83 140 183 255 255 100 255 255 197 49 44 23 18 46 61 30 35 48 45 61 17 79 4 79 48 17 40 65 48 255 35 107 255 255 255 140 85 53 26 10 6 3 1 1 0 0 0 0 2 3 2 3 3 2 1 0 0 2 0 1 4 7 6 1 3 6 13 19 24 22 14 6 12 12 3 15 10 3 8 2 16 14 4 4 1 13 21 21 11 13 35 31 12 4 38 32 22 41 38 22 11 9 11 44 46 48 133 242 189 93 54 46 30 35 24 41 214 255 235 136 65 30 43 31 50 39 37 48 105 190 175 106 49 80 126 46 69 125 101 103 99 31 35 57 77 29 75 60 94 136 194 205 143 93 35 32 85 97 73 26 32 11 15 9 6 10 13 10 21 11 8 14 18 24 20 16 1 16 22 24 22 11 14 19 18 13 27 14 4 24 51 46 248 255 139 74 88 15 31 102 91 63 31 44 49 51 59 19 43 -2147483648 
-2147483648 12 9 10 12 13 4 22 11 7 6 7 19 14 22 217 255 219 74 240 84 174 106 23 12 162 255 225 40 85 150 202 161 15 242 255 234 180 101 51 121 83 56 118 40 99 27 124 255 255 255 255 255 255 31 85 42 15 21 36 55 35 42 33 30 40 27 85 77 58 37 16 23 58 138 255 21 255 255 255 193 81 53 33 18 11 6 0 2 2 2 2 3 3 3 4 0 1 4 1 0 0 0 1 2 1 2 1 2 6 3 8 6 6 6 4 13 19 15 24 14 13 6 3 8 7 9 13 7 9 8 10 4 6 7 21 26 19 20 21 47 25 34 43 32 23 7 4 20 47 35 107 239 255 110 67 59 66 45 47 50 214 255 255 119 90 20 18 39 29 36 47 41 28 86 190 215 134 51 68 107 53 18 80 98 104 142 78 98 133 169 161 116 81 77 30 125 247 255 255 235 189 203 211 209 69 7 35 13 2 8 17 20 13 23 6 8 2 14 18 7 10 6 21 30 8 31 11 7 11 1 16 18 7 8 19 50 16 213 250 123 51 28 39 44 121 81 59 44 50 34 57 64 14 36 -2147483648 
-2147483648 3 10 1 8 9 2 20 6 14 9 13 7 31 31 255 255 91 248 110 235 154 38 34 118 255 223 70 127 99 248 84 117 194 255 255 135 100 34 30 102 70 119 76 82 107 238 255 255 255 46 255 255 138 84 66 32 35 50 45 43 39 73 47 34 9 60 17 71 55 5 60 19 66 219 205 208 255 255 203 144 67 41 25 12 4 3 3 1 0 0 1 3 3 3 3 1 1 3 2 0 0 0 1 2 3 4 8 9 6 2 9 6 9 15 15 14 15 4 15 8 4 5 5 5 9 14 10 1 7 6 6 12 10 3 17 19 11 10 32 45 29 38 48 40 27 19 16 33 46 56 221 255 151 25 110 82 83 47 61 234 255 255 129 61 60 18 7 28 19 22 33 58 17 61 198 239 144 67 71 72 49 51 35 81 90 164 187 108 166 217 232 179 132 124 111 71 36 130 180 211 192 171 166 255 176 6 32 7 8 11 24 18 19 14 10 9 18 20 10 15 13 13 24 16 25 23 7 9 22 19 18 22 23 13 13 27 13 172 245 138 50 26 48 36 113 85 54 65 70 33 59 72 22 23 -2147483648 
-2147483648 3 10 8 11 9 6 11 6 15 17 6 12 32 21 255 255 160 162 160 247 40 18 116 255 255 82 224 135 255 166 161 255 255 255 149 97 25 23 29 57 89 113 203 255 255 255 255 255 117 255 255 249 12 90 18 72 81 20 46 77 18 99 9 11 56 34 79 49 31 26 35 42 205 255 207 255 255 255 151 99 55 42 26 11 4 4 4 3 3 3 3 3 3 1 2 2 3 3 1 0 0 0 2 0 2 2 2 3 4 5 4 6 8 8 7 12 17 5 10 3 9 11 13 8 6 5 2 6 8 12 19 25 20 11 18 16 15 18 39 40 20 44 47 33 14 9 21 53 61 127 255 199 39 120 129 97 63 74 248 255 255 151 39 40 50 20 14 26 7 14 19 57 29 57 197 235 169 107 86 57 40 61 42 33 78 168 206 118 80 30 57 89 80 61 84 83 61 51 36 80 48 91 95 198 238 59 24 25 0 9 22 13 19 10 7 12 16 4 14 10 25 24 28 23 20 18 10 8 8 14 15 18 17 34 16 4 7 117 228 187 114 119 142 84 72 63 57 66 82 47 46 74 45 26 -2147483648 
-2147483648 8 4 8 11 23 7 13 7 5 27 1 22 28 48 255 204 165 136 221 72 37 146 255 255 67 255 76 255 255 31 255 252 208 143 64 111 3 4 47 72 179 59 255 255 255 255 255 107 255 255 255 18 59 43 18 73 92 45 35 96 81 56 4 22 55 62 73 35 5 55 56 63 255 177 255 255 255 200 121 59 28 23 11 2 1 3 3 3 1 1 2 2 2 5 4 1 4 2 0 1 2 2 1 1 1 2 5 4 3 1 1 3 7 11 7 3 15 9 10 8 12 5 3 7 8 5 8 9 3 1 13 10 8 17 18 3 14 16 36 47 38 42 35 20 1 30 61 64 76 193 247 68 112 129 101 47 103 255 255 255 144 74 29 31 21 19 15 35 17 13 25 43 18 68 183 224 193 142 86 34 40 57 44 29 109 159 139 143 155 121 70 19 43 66 97 92 66 67 14 75 98 74 117 87 189 108 34 27 6 12 11 12 9 21 18 7 17 9 13 4 25 20 10 16 16 13 20 14 34 19 8 25 44 27 13 9 20 47 169 210 202 238 255 211 81 9 50 70 85 63 40 58 50 38 -2147483648 
-2147483648 11 6 13 8 23 13 8 12 7 22 4 21 31 76 255 171 92 251 100 39 164 255 223 23 230 219 232 255 169 102 255 213 73 83 80 66 16 54 76 133 210 255 255 255 255 255 148 255 255 255 80 92 58 28 24 62 56 11 25 43 56 25 14 91 44 64 26 51 47 44 75 219 255 183 255 255 227 163 80 40 20 17 12 3 2 1 3 3 1 1 1 1 3 3 3 2 4 1 4 6 4 5 2 3 0 4 4 4 4 3 3 2 1 9 12 4 6 6 11 9 10 4 2 3 11 12 13 4 11 8 19 9 13 13 7 9 1 8 19 31 39 37 27 11 18 49 57 38 114 236 149 74 117 60 16 146 255 255 255 148 59 36 27 37 27 17 25 24 11 7 33 43 13 70 173 218 192 166 99 44 56 55 30 50 120 123 93 99 128 139 99 52 36 38 68 66 87 73 70 24 106 195 127 45 129 152 68 29 8 13 16 16 13 21 7 11 17 10 20 9 26 23 20 26 25 6 27 19 11 31 3 25 10 6 19 8 19 14 68 136 162 169 185 252 211 91 6 57 84 73 55 58 51 54 -2147483648 
-2147483648 20 11 9 6 7 19 14 18 7 24 11 27 34 65 156 217 255 159 16 185 255 182 75 210 161 111 255 231 94 223 255 244 55 31 40 29 22 97 93 138 149 255 255 249 236 30 255 255 255 164 63 84 19 4 17 75 25 56 17 44 27 27 38 59 93 33 16 47 74 26 71 255 255 255 255 255 169 99 42 27 22 17 10 3 4 1 3 0 3 3 1 0 3 6 1 2 3 1 9 6 9 6 5 9 9 5 4 4 3 1 3 3 6 17 14 3 2 5 3 4 9 9 13 10 12 15 9 8 12 8 11 5 14 20 11 13 9 4 16 22 24 18 4 16 44 68 41 38 160 186 61 88 17 127 241 255 255 255 160 66 24 39 37 27 36 22 27 11 14 13 20 38 23 68 172 215 190 178 107 67 64 31 5 57 93 107 103 55 31 126 156 117 104 96 101 56 42 50 82 130 96 45 127 81 113 205 114 28 14 4 24 15 15 12 14 9 13 7 23 8 25 20 20 14 19 20 11 3 13 23 16 20 25 13 10 10 11 24 3 45 57 40 46 130 242 221 89 29 68 66 58 72 57 39 -2147483648 
-2147483648 17 12 2 5 7 12 17 15 6 27 23 32 41 13 68 255 255 71 143 255 165 125 236 153 109 255 255 50 255 255 251 187 20 31 89 46 47 136 114 67 36 255 255 255 255 180 255 255 255 40 89 58 30 17 21 69 44 31 45 18 26 26 39 48 59 25 26 33 68 47 154 255 255 255 255 208 122 64 36 25 21 9 4 4 4 3 3 4 1 1 1 0 1 4 6 3 3 4 6 4 7 6 2 6 1 4 4 3 4 6 7 7 11 15 10 8 6 6 6 3 8 13 3 3 2 1 7 6 10 14 4 3 16 11 7 10 10 14 15 15 7 6 20 40 62 55 20 75 161 117 27 120 250 255 255 255 226 128 50 52 46 51 27 19 25 20 21 34 27 10 21 31 15 69 171 214 211 172 116 75 59 25 32 51 47 98 177 77 71 35 112 129 135 126 102 76 38 27 55 82 137 145 98 10 82 231 158 35 18 8 2 17 6 13 9 22 20 16 13 8 21 15 14 16 6 23 17 4 2 6 19 9 12 13 9 17 12 11 15 11 8 7 10 7 116 246 211 70 35 71 60 73 70 42 -2147483648 
-2147483648 13 13 6 4 21 13 3 6 8 12 32 23 31 12 34 255 255 158 255 157 159 214 99 135 255 255 190 177 255 199 61 104 35 74 47 255 177 205 119 5 27 255 255 255 255 255 255 255 50 75 86 39 43 17 29 9 40 51 27 8 36 66 20 37 25 23 18 31 83 138 163 255 255 255 232 156 88 58 31 17 12 4 2 2 4 2 0 3 3 2 0 1 1 2 3 6 4 3 0 5 4 12 3 9 9 4 10 20 23 22 17 8 6 13 13 8 11 6 6 8 4 6 11 8 5 4 10 8 5 12 5 11 23 34 31 19 13 12 6 9 11 20 40 47 38 29 81 208 223 214 253 255 255 255 221 159 99 32 14 43 44 39 22 16 7 20 6 16 17 48 25 30 10 58 163 223 240 159 125 84 61 22 44 55 31 69 216 106 78 31 12 58 90 115 110 93 76 64 36 17 49 81 74 85 59 239 178 56 11 7 11 11 16 8 15 20 10 13 6 6 11 19 6 15 18 11 17 17 12 8 6 11 10 8 17 21 10 15 15 11 10 9 15 13 15 139 238 190 48 42 56 83 89 51 -2147483648 
-2147483648 3 9 5 6 19 8 12 10 3 0 16 35 20 11 45 240 255 255 167 155 210 56 203 255 255 99 86 255 255 182 69 59 118 56 202 255 255 255 46 28 20 158 255 255 124 255 255 222 28 77 79 25 46 63 14 80 56 48 33 7 59 31 49 17 10 15 1 27 158 193 165 255 255 255 180 111 68 31 14 11 6 2 2 2 1 3 2 1 3 3 1 1 1 2 4 6 3 3 2 9 14 22 25 22 21 22 19 17 14 10 9 12 10 6 8 18 11 1 4 6 3 4 3 7 9 4 6 4 8 8 7 8 8 7 13 9 7 1 10 24 29 35 48 35 33 95 255 255 255 255 255 250 200 140 124 67 27 12 19 39 28 30 6 9 11 17 17 20 29 56 53 20 16 44 155 249 255 157 126 92 49 9 27 47 39 80 185 111 47 17 37 31 21 71 74 120 156 170 129 95 76 51 44 101 11 237 197 83 9 11 11 11 12 8 7 13 25 8 8 10 12 28 13 18 11 13 8 14 20 3 1 9 21 10 7 6 10 16 17 7 8 17 3 10 24 33 146 242 180 59 21 83 97 64 -2147483648 
-2147483648 15 6 13 8 4 8 6 21 14 9 9 19 21 22 44 126 234 198 164 255 44 255 251 35 154 106 250 255 255 132 68 14 127 72 255 236 255 255 51 31 19 120 255 255 255 255 255 47 63 66 43 29 63 79 65 40 89 11 24 87 86 111 29 20 7 19 7 73 189 139 250 255 255 185 127 74 54 20 14 9 0 1 3 1 0 1 2 2 3 3 3 3 11 19 16 11 13 15 15 16 16 15 25 28 28 19 4 9 14 17 11 3 9 15 16 13 2 6 6 0 8 4 6 3 11 10 2 8 11 12 11 3 9 8 8 4 4 17 28 39 47 47 47 86 168 255 255 255 221 222 156 112 105 80 53 12 3 22 25 45 13 30 8 4 18 23 27 50 32 40 59 23 4 33 165 255 255 159 114 83 36 14 22 36 59 123 127 71 50 31 16 51 51 49 8 12 75 158 188 177 156 113 88 74 8 178 216 116 22 16 14 17 6 17 8 27 11 18 13 13 12 25 25 13 6 10 7 10 28 4 3 11 16 14 6 7 9 8 17 17 9 16 23 15 14 17 30 160 238 177 67 45 95 76 -2147483648 
-2147483648 23 8 17 4 8 14 11 13 26 11 4 23 27 16 23 31 95 101 255 255 255 255 118 171 226 44 255 255 80 13 31 76 27 122 255 140 255 158 59 10 23 101 255 255 255 255 181 46 74 8 44 52 74 29 58 59 31 7 30 147 28 138 21 23 25 28 11 197 157 164 255 255 255 138 97 65 36 19 15 4 2 2 3 2 2 2 2 2 3 6 12 19 22 16 16 19 26 34 40 38 25 16 11 8 6 14 7 3 8 13 13 16 16 11 8 8 10 4 6 4 5 3 4 4 3 13 8 6 11 5 2 11 4 8 6 11 13 20 27 28 31 28 110 255 255 255 255 222 184 154 114 72 62 37 28 13 22 4 24 31 16 13 31 27 21 24 31 28 22 37 65 35 17 16 178 255 255 151 88 76 50 22 25 20 78 162 86 16 30 31 49 69 60 10 71 114 119 25 61 89 118 113 92 104 85 128 189 147 25 7 19 7 19 9 13 21 26 14 16 19 19 21 25 6 10 13 19 9 17 16 17 17 7 12 25 22 17 12 8 11 12 4 18 18 8 19 33 37 157 216 182 34 65 83 -2147483648 
-2147483648 21 14 8 4 10 19 12 3 25 3 6 16 19 2 8 4 15 41 255 255 255 127 255 49 255 208 255 124 103 30 92 83 119 191 177 55 255 129 92 18 10 82 255 255 255 253 31 58 42 72 46 54 14 69 53 43 8 27 38 76 104 90 21 8 61 49 97 226 93 255 255 255 193 94 74 45 19 18 13 2 2 1 1 1 0 0 0 0 0 6 15 20 25 20 20 24 25 29 34 31 25 16 15 15 16 29 39 36 29 23 12 3 12 18 19 9 6 10 6 6 8 5 4 6 1 9 17 22 24 24 21 15 14 19 21 22 18 17 32 27 46 130 255 255 255 229 200 174 130 108 82 60 27 43 23 13 18 40 27 24 19 23 34 40 21 33 50 37 40 40 75 28 30 18 189 255 255 145 62 49 69 73 67 46 83 165 61 10 23 5 41 49 47 39 109 50 105 112 60 31 36 59 66 82 163 154 163 154 28 21 16 25 18 23 24 15 13 7 16 30 4 20 3 4 10 31 25 10 17 21 7 6 12 23 20 18 16 7 3 13 16 9 7 19 9 18 31 15 51 150 238 159 40 68 -2147483648 
-2147483648 10 8 11 0 12 17 7 15 17 10 3 10 20 14 12 6 8 13 160 222 238 96 213 192 83 255 230 13 82 36 106 33 255 255 192 117 202 120 69 40 35 166 255 186 255 96 16 49 40 70 26 30 115 19 110 31 42 18 55 20 65 24 18 25 78 53 186 126 178 255 255 226 118 80 58 28 20 18 9 0 1 3 1 2 0 0 1 2 2 11 16 15 13 21 36 44 46 39 25 19 20 21 18 23 31 27 25 30 33 26 23 16 7 8 5 8 4 6 7 7 3 7 7 10 13 17 17 16 15 15 15 10 12 14 22 34 35 37 35 67 172 255 255 255 167 145 130 127 74 78 3 83 19 32 21 39 37 35 14 13 24 13 11 36 2 18 43 49 42 54 71 9 38 17 190 255 255 141 45 16 51 62 42 26 72 139 58 44 49 11 53 49 47 46 117 145 73 45 39 39 23 20 63 28 137 189 182 150 50 20 12 25 14 23 24 6 21 19 16 29 15 13 4 6 6 31 31 13 13 11 10 2 8 24 18 16 17 6 3 18 14 15 4 15 13 3 10 16 11 54 161 221 158 8 -2147483648 
-2147483648 3 9 12 13 12 9 13 13 13 5 7 17 7 13 4 13 23 16 44 66 58 120 175 96 255 255 67 77 45 60 35 179 255 167 242 175 144 146 255 255 92 255 114 154 105 31 32 41 13 43 21 78 106 104 71 47 20 76 22 45 42 22 46 34 78 115 200 125 255 255 255 169 82 64 34 21 17 9 1 5 6 8 10 6 2 2 0 7 16 22 17 6 21 35 37 46 45 35 25 26 25 35 47 54 47 38 31 27 30 37 53 56 43 39 36 26 11 7 8 13 8 8 4 9 13 15 17 15 14 8 6 12 16 16 27 36 55 85 132 241 255 255 255 158 123 106 98 95 36 53 40 71 25 23 28 34 16 6 8 9 31 17 7 20 7 13 27 39 64 83 72 40 46 31 184 255 255 124 47 26 10 24 45 30 76 119 36 24 61 62 71 60 55 24 40 98 138 120 66 17 21 24 34 43 72 171 199 163 99 12 9 6 21 12 17 7 20 23 4 20 11 13 10 9 30 20 23 12 13 11 13 5 23 18 4 17 13 10 1 13 4 23 10 17 13 28 6 9 27 17 39 140 224 136 -2147483648 
-2147483648 2 11 4 16 7 11 16 8 25 11 6 0 16 8 9 20 23 23 11 15 18 52 92 255 255 84 122 81 14 116 83 255 255 143 250 99 145 255 255 255 255 255 79 202 27 49 12 60 30 24 74 78 31 81 34 21 103 64 98 9 27 51 16 44 152 213 160 255 255 255 205 146 60 34 19 17 11 9 15 20 24 26 25 23 17 14 15 21 33 35 25 21 34 50 38 29 21 35 53 58 48 64 88 97 88 70 56 57 77 101 113 113 93 76 60 45 30 15 12 12 4 5 1 9 12 13 2 6 6 4 5 13 18 25 61 108 175 230 255 255 255 253 143 117 78 50 56 64 13 41 32 58 29 33 35 26 16 6 25 35 23 19 6 8 25 22 35 61 78 62 49 56 83 49 172 255 255 101 58 28 31 25 40 44 98 85 38 15 9 64 73 57 64 57 59 46 53 69 82 53 51 45 45 64 23 130 202 173 153 37 10 6 12 9 20 22 16 18 23 18 19 27 3 19 33 31 18 18 3 11 7 7 31 13 15 22 8 14 19 15 13 14 24 13 16 34 3 19 11 15 5 37 159 202 -2147483648 
-2147483648 10 7 8 17 18 18 14 11 28 11 20 27 14 10 10 27 13 34 16 11 26 16 27 255 255 141 101 60 42 81 225 255 47 255 138 58 165 232 148 255 255 200 139 141 40 54 23 47 28 66 88 52 38 20 60 54 123 65 98 29 38 43 30 37 255 201 190 255 255 255 142 87 46 27 22 17 8 8 6 7 6 4 1 11 11 23 34 33 37 32 37 44 43 40 28 14 29 44 51 58 48 48 50 49 63 60 46 49 58 67 65 80 66 44 32 29 21 21 16 4 11 4 3 7 8 11 13 21 22 10 11 9 12 34 102 198 255 255 242 235 218 97 63 64 25 3 38 37 26 18 15 44 4 16 29 27 36 15 41 29 27 1 4 44 44 39 79 75 58 32 45 62 90 96 139 255 255 90 68 7 42 60 105 128 118 68 22 24 34 42 14 28 70 66 83 81 52 68 46 70 67 100 55 8 40 60 190 178 183 93 11 4 0 6 9 8 3 7 35 11 20 29 10 18 19 33 11 16 9 4 7 12 16 25 18 13 18 11 32 13 12 8 18 11 30 13 9 23 15 13 6 6 59 140 -2147483648 
-2147483648 6 13 11 7 25 13 11 14 10 9 22 30 3 17 17 24 21 13 13 3 15 21 31 150 255 255 102 22 63 104 255 255 255 255 60 131 139 130 95 72 181 255 242 203 159 31 43 9 32 70 40 71 27 37 47 97 64 67 88 43 17 15 51 113 255 122 255 255 255 178 82 55 35 18 18 14 2 9 12 11 11 12 9 4 11 30 28 27 28 25 29 34 35 35 18 12 30 20 23 33 41 34 32 24 17 41 46 26 9 35 44 54 70 57 28 21 29 42 48 40 31 26 24 18 14 8 9 16 8 13 12 4 17 59 120 201 209 139 125 126 114 80 65 68 64 26 30 23 9 20 9 25 8 12 21 9 29 25 32 20 36 35 47 69 56 87 135 113 86 58 74 94 109 158 90 255 255 111 60 23 97 101 95 96 74 54 41 26 23 34 16 41 61 44 20 53 82 117 112 70 47 121 47 42 34 23 156 186 189 143 15 14 13 11 14 10 6 4 29 25 10 23 16 6 21 8 9 9 20 24 13 14 19 20 4 11 12 1 21 8 2 20 20 14 10 17 11 19 5 6 6 6 28 43 -2147483648 
-2147483648 4 14 18 6 25 7 15 14 10 12 3 12 17 9 21 20 27 21 5 14 6 10 12 43 198 255 246 142 20 255 255 13 255 188 111 130 117 112 85 99 30 220 255 255 233 41 64 8 77 32 78 66 80 85 68 123 143 159 167 27 39 51 21 255 222 193 255 255 191 93 68 51 25 19 17 13 2 2 4 6 9 16 27 47 60 52 36 34 30 19 15 14 28 35 37 30 17 30 35 22 37 37 18 15 21 16 16 36 21 35 61 74 50 29 94 119 115 102 96 104 122 135 129 106 76 54 40 31 27 13 9 11 29 55 97 179 255 223 105 61 58 99 85 58 78 56 63 45 18 24 16 32 25 23 10 17 6 34 29 33 37 68 104 89 102 178 219 208 183 133 117 147 164 222 108 255 255 132 45 78 132 80 51 72 58 41 46 39 32 32 33 49 27 40 52 35 3 58 90 85 100 105 17 65 45 40 132 214 232 162 22 7 8 11 7 3 4 11 10 23 10 23 10 6 20 22 13 13 8 23 17 4 14 8 12 9 4 2 8 22 10 11 4 9 11 9 11 10 4 17 8 8 25 26 -2147483648 
-2147483648 15 2 15 13 19 18 9 7 22 11 12 8 19 19 10 12 17 21 9 16 16 10 23 4 54 174 255 255 199 255 255 189 223 104 98 138 106 107 71 77 87 116 255 255 193 22 76 60 47 45 62 146 96 117 131 229 246 230 246 4 21 23 142 255 192 255 255 255 165 67 49 38 31 32 18 8 3 4 6 12 25 48 64 72 68 60 54 41 20 10 26 36 54 56 45 38 39 37 24 22 28 28 28 36 47 43 33 32 19 26 30 2 105 194 190 159 160 163 164 189 228 240 221 200 181 156 120 85 60 40 25 21 20 32 73 136 246 255 255 191 134 128 103 55 69 48 55 60 37 31 21 45 14 5 27 13 26 49 55 52 39 77 147 177 234 255 245 224 249 245 215 216 206 251 224 222 255 125 16 65 105 30 13 47 24 84 63 44 62 44 28 30 16 43 73 75 57 40 20 82 128 115 16 73 45 35 83 226 255 166 14 9 6 13 19 14 19 6 4 23 10 29 9 16 3 23 13 13 9 17 11 7 21 19 21 6 2 3 8 19 19 5 8 7 4 6 8 17 8 21 16 1 17 27 -2147483648 
-2147483648 22 9 13 8 5 4 19 15 10 10 17 16 29 10 7 12 15 17 8 12 23 6 13 16 13 44 174 255 251 160 122 163 69 62 71 151 119 82 54 59 167 66 255 255 71 59 151 103 70 113 157 89 43 74 142 255 150 255 245 16 44 90 255 255 255 255 255 193 107 38 30 28 21 30 30 24 19 16 18 42 65 71 57 49 31 21 18 27 27 48 67 61 50 38 28 24 24 20 16 49 54 45 37 55 65 53 38 22 18 30 25 133 230 185 122 106 135 159 169 198 213 201 199 209 218 218 196 153 115 97 67 28 1 22 37 56 122 236 255 255 255 210 157 105 89 51 58 55 63 35 33 38 19 11 15 31 57 66 70 66 82 143 219 255 255 245 175 153 202 255 255 255 237 255 255 154 255 134 39 73 111 66 12 39 92 117 62 47 70 52 41 24 24 50 47 66 45 30 22 49 107 145 6 95 12 17 8 202 255 166 4 20 17 10 7 9 32 16 22 9 16 27 10 12 13 15 16 16 7 13 2 4 25 17 30 12 13 10 12 8 1 13 4 12 5 7 10 22 10 15 6 7 18 22 -2147483648 
-2147483648 24 18 4 1 2 13 4 3 18 16 23 2 27 6 15 14 21 27 9 7 28 9 10 18 12 11 53 108 101 41 86 84 25 37 81 155 108 35 29 64 213 87 255 255 81 150 208 130 121 146 104 54 23 15 134 255 113 255 166 53 78 224 255 255 255 255 233 125 46 20 23 18 6 33 56 63 61 52 44 57 59 40 34 35 24 23 4 6 26 50 46 31 10 20 1 16 3 16 37 37 8 17 24 50 35 38 33 15 14 39 126 207 163 44 45 91 116 115 127 155 125 104 112 126 152 191 215 215 195 179 163 120 77 46 14 12 34 98 178 254 255 255 254 164 126 92 64 61 85 35 35 41 13 19 33 66 84 78 104 131 178 238 255 240 217 172 138 114 109 140 177 191 166 166 255 181 222 137 27 56 103 82 7 42 93 81 45 55 69 46 38 42 55 68 18 58 38 29 2 51 104 114 42 59 44 40 32 192 255 163 16 10 16 9 16 9 27 17 8 7 9 13 31 28 9 15 18 14 14 4 10 12 26 13 14 31 1 7 11 13 6 13 3 16 2 15 9 19 15 18 25 27 16 10 -2147483648 
-2147483648 13 16 16 17 10 19 9 3 6 7 15 2 18 18 17 9 11 31 4 9 23 16 11 6 3 21 83 159 175 125 87 45 70 50 113 146 65 39 20 76 228 255 255 138 192 195 154 72 38 46 23 50 20 16 173 255 187 255 73 99 143 255 255 255 255 255 156 62 17 24 24 27 38 55 64 65 68 69 50 37 44 24 26 32 13 37 18 3 17 34 35 13 8 15 9 10 15 28 28 18 34 30 34 37 39 56 68 65 78 138 186 136 47 5 54 74 75 58 60 87 37 46 37 21 29 78 123 152 167 166 187 179 142 107 64 36 18 19 11 62 152 255 255 215 131 124 75 80 95 45 37 56 24 36 70 77 73 92 171 207 238 255 239 193 161 117 115 90 56 36 54 44 8 54 160 136 118 111 52 46 109 85 24 90 100 75 66 76 73 49 27 18 31 57 35 27 50 57 38 95 97 30 96 72 22 23 57 207 255 154 19 20 8 11 25 24 9 7 5 11 10 17 21 31 1 17 6 14 14 23 25 19 9 29 33 21 5 10 3 3 7 8 15 1 10 10 14 8 31 1 40 27 14 17 -2147483648 
-2147483648 3 8 20 11 14 18 8 13 9 3 7 12 6 9 6 12 15 27 7 7 10 9 15 11 25 86 198 199 142 66 18 91 103 94 126 110 27 72 93 195 255 255 255 54 143 109 1 78 98 95 68 26 41 110 237 255 255 255 62 187 213 255 255 255 255 174 110 47 26 12 32 24 17 41 36 56 71 87 91 61 52 27 3 33 24 20 30 21 20 34 34 22 16 17 10 4 20 26 13 20 21 13 34 22 57 82 85 68 99 156 120 51 22 30 52 50 38 13 9 54 32 59 59 57 67 51 42 36 52 54 88 116 126 125 104 83 74 75 61 40 43 90 255 255 147 137 112 102 101 66 51 68 15 31 99 87 72 164 228 207 195 196 185 138 86 38 50 60 54 37 13 73 149 165 96 34 70 50 61 94 99 43 84 79 64 55 30 34 27 9 27 28 12 31 46 37 67 90 48 74 58 68 63 96 75 44 102 236 255 155 17 17 4 4 11 25 3 9 15 8 1 10 21 30 14 4 17 10 6 28 6 27 25 29 23 6 18 8 13 9 16 3 12 4 1 6 3 13 25 4 29 9 2 18 -2147483648 
-2147483648 7 13 3 17 3 7 18 9 18 7 4 13 17 16 34 26 22 19 3 3 4 8 14 32 106 207 238 134 47 54 88 118 135 129 99 61 52 174 223 255 241 189 92 31 84 127 105 95 56 46 53 62 131 171 255 129 255 255 251 202 111 255 255 255 186 116 64 23 36 29 16 29 11 57 56 66 89 102 122 122 103 75 52 3 36 9 30 39 9 46 27 13 23 18 8 5 16 21 35 32 11 17 21 30 52 50 51 61 96 96 37 26 25 29 39 41 33 24 30 51 77 116 108 92 95 111 118 112 89 71 57 49 76 102 117 119 101 85 75 65 65 48 172 255 187 161 143 120 105 57 42 67 25 31 89 121 150 231 224 164 142 130 103 47 3 21 18 7 17 72 122 164 162 118 94 64 48 14 75 82 58 47 95 24 47 91 72 58 37 45 40 16 18 35 66 94 56 88 80 24 71 58 5 93 79 57 99 249 255 152 20 22 3 11 18 14 5 12 6 7 9 9 9 19 16 9 19 14 6 22 20 14 18 10 30 9 22 16 9 4 13 6 6 6 4 12 17 6 20 12 20 28 17 8 -2147483648 
-2147483648 13 14 13 3 6 15 0 1 18 12 13 14 15 20 31 16 13 8 6 8 12 2 31 129 234 249 141 48 39 105 90 126 159 103 48 37 195 255 232 170 87 60 34 27 44 84 55 11 77 129 134 149 155 159 255 127 255 146 255 119 135 255 255 255 125 70 33 13 39 44 6 36 26 87 90 65 77 89 108 115 88 73 91 60 38 16 36 38 15 47 18 23 33 25 18 9 15 4 24 28 33 34 54 69 59 34 63 64 59 53 33 30 4 25 23 31 47 54 70 88 122 158 151 136 103 82 110 136 163 174 150 96 27 34 60 87 99 97 95 95 108 109 131 207 204 217 140 122 104 22 22 54 46 30 80 182 238 233 170 106 112 87 25 40 73 87 109 138 171 208 199 152 94 90 148 190 157 43 104 56 47 99 82 24 25 46 44 47 50 31 5 27 24 23 46 126 137 37 110 48 11 14 35 101 46 65 48 255 255 120 20 27 11 11 14 13 7 9 7 3 7 9 16 23 11 9 23 14 10 13 6 9 23 17 28 5 12 11 6 7 15 5 10 15 3 15 14 10 23 27 24 26 15 15 -2147483648 
-2147483648 9 3 13 11 8 14 2 8 23 11 18 19 16 3 26 9 8 22 11 21 18 31 151 249 255 147 51 15 69 133 104 162 171 84 77 201 255 252 139 68 35 38 37 35 23 65 102 145 164 173 188 174 138 182 197 255 255 202 255 125 255 255 255 187 77 42 17 10 31 58 39 25 15 95 74 37 74 58 66 80 70 47 71 51 47 27 44 27 13 38 36 31 25 11 25 29 19 10 31 20 32 54 85 96 70 53 69 36 28 44 17 33 17 13 44 74 90 83 84 93 112 139 140 145 140 106 104 113 137 160 168 161 132 91 44 32 70 87 98 101 109 102 121 155 189 255 122 84 116 32 8 46 48 18 111 244 255 216 115 49 79 70 109 128 136 153 179 204 222 188 133 128 167 222 240 251 253 74 97 61 39 103 122 80 28 40 36 6 17 18 38 44 35 21 23 85 166 84 76 63 17 26 69 117 28 79 35 255 255 102 33 17 10 11 18 15 10 5 12 4 21 11 20 20 0 3 22 12 9 17 15 6 15 6 7 5 9 6 11 2 15 17 8 17 4 2 7 12 13 10 19 6 21 13 -2147483648 
-2147483648 3 14 23 3 17 12 4 9 22 7 6 15 6 13 25 8 11 19 6 16 13 150 255 238 140 27 87 57 109 160 146 193 153 53 230 255 255 135 39 31 14 42 21 24 78 137 200 212 181 165 165 117 131 205 44 255 211 255 174 173 255 255 171 127 50 22 9 14 14 46 53 47 47 101 72 43 98 56 38 62 77 54 70 15 14 36 37 23 20 11 34 42 34 34 28 44 29 9 33 5 21 67 82 58 59 53 35 14 28 46 17 20 25 69 87 76 71 68 78 102 123 140 120 112 158 179 165 133 94 64 67 108 144 156 137 86 31 37 62 84 79 77 121 126 170 255 103 47 114 74 12 49 59 49 158 255 250 169 57 82 129 161 156 129 118 119 129 128 121 102 111 153 187 192 148 204 255 137 73 73 15 53 66 66 73 55 35 11 40 56 53 34 28 20 16 38 118 155 128 71 39 44 103 121 44 100 46 255 255 101 22 1 9 11 9 13 7 9 3 5 25 11 13 9 7 2 16 21 9 8 5 6 6 9 10 11 9 10 14 4 17 14 23 11 14 16 7 11 2 1 9 15 8 12 -2147483648 
-2147483648 7 16 26 19 15 9 11 14 10 1 10 20 22 20 22 8 27 15 16 12 121 255 255 122 16 30 96 98 139 178 178 207 70 222 255 255 153 32 28 30 50 60 65 100 151 201 226 175 128 126 104 66 160 130 255 255 170 255 161 255 255 238 136 84 31 10 9 15 14 18 29 33 52 104 92 50 115 85 37 47 87 67 66 24 45 64 49 28 13 13 26 40 47 35 13 48 35 3 28 30 55 85 60 23 22 19 4 14 27 39 28 16 55 105 97 73 55 86 148 175 169 145 89 47 60 88 92 74 44 23 20 42 64 90 172 154 33 19 36 50 49 65 98 85 158 210 86 45 93 85 42 44 83 67 164 255 200 105 129 147 133 97 58 40 41 32 54 51 63 55 72 87 72 65 25 178 255 129 77 43 18 60 82 74 61 50 44 44 61 60 48 35 30 30 23 20 35 60 91 93 57 53 121 125 31 110 40 255 255 94 25 6 22 17 9 3 9 16 17 9 13 4 6 6 9 13 15 10 20 23 15 9 2 13 12 17 16 10 22 7 10 17 8 12 20 19 20 8 6 16 14 7 18 14 -2147483648 
-2147483648 6 19 12 20 26 12 20 6 6 7 20 14 48 11 13 16 35 1 23 86 245 255 135 24 34 56 132 182 197 183 176 134 158 255 255 187 34 25 46 48 63 98 121 145 176 208 205 119 90 97 82 108 168 140 255 230 255 255 255 255 255 161 93 33 8 3 11 7 20 9 7 8 23 79 115 76 74 102 69 21 98 93 63 40 70 70 42 32 27 32 12 28 56 43 10 49 39 16 53 83 91 89 65 42 27 20 25 35 33 35 20 38 88 129 118 149 171 187 189 140 63 8 34 35 33 32 68 86 62 30 15 8 21 62 118 174 84 16 28 25 28 59 76 73 148 166 72 65 86 60 53 47 86 66 165 255 139 93 85 63 62 40 28 28 19 25 74 117 146 164 115 105 111 98 31 183 255 90 30 22 54 94 117 102 105 101 84 75 61 40 21 10 13 19 16 17 23 17 13 24 43 83 107 109 19 105 87 255 255 86 29 4 15 26 8 8 9 8 29 10 11 9 2 10 11 24 11 16 25 29 29 19 5 23 16 25 19 11 16 12 6 7 17 13 11 9 17 7 8 15 14 7 8 3 -2147483648 
-2147483648 7 14 9 5 27 18 24 11 7 14 18 9 38 29 4 35 15 18 82 235 255 183 12 52 42 84 205 255 205 151 133 75 255 255 219 55 15 19 73 100 99 131 149 184 202 213 192 109 106 115 100 147 30 255 255 226 255 255 255 255 167 97 45 12 5 10 14 6 9 19 24 19 9 44 136 128 31 51 123 52 75 112 80 48 77 47 13 14 24 37 17 40 61 48 21 55 43 55 99 95 71 62 51 49 46 25 34 31 25 26 18 91 136 153 135 150 162 141 100 77 255 255 221 142 127 239 255 255 158 114 64 46 112 137 80 140 123 23 9 31 39 59 68 73 131 118 77 75 77 66 50 35 75 66 170 236 92 33 29 39 77 83 64 73 54 72 76 113 160 234 236 195 156 129 85 192 255 81 34 60 87 99 101 71 76 68 53 43 27 14 4 2 4 9 8 11 14 16 15 22 49 101 107 93 16 80 135 255 225 84 22 5 6 6 20 8 6 28 24 7 10 11 3 10 12 18 18 10 47 47 42 19 11 21 10 17 6 22 24 3 7 27 12 4 16 19 4 19 7 13 11 4 3 2 -2147483648 
-2147483648 9 6 7 13 30 13 10 18 12 3 0 15 1 45 11 44 8 33 218 255 201 67 47 48 55 121 243 244 150 121 10 255 255 255 79 7 23 7 112 178 150 158 183 238 255 236 177 114 138 142 134 41 255 255 37 255 255 255 255 173 94 49 24 13 14 25 15 13 25 36 34 24 18 20 111 170 56 28 73 94 45 97 100 70 66 24 8 14 31 36 34 51 60 58 35 60 48 80 92 65 58 58 40 49 50 22 6 37 62 86 121 160 169 136 84 48 37 21 104 255 255 255 255 176 255 255 255 255 233 186 127 119 171 132 100 106 125 28 3 36 37 60 78 71 107 78 81 85 60 82 55 44 56 61 175 220 100 22 113 148 133 114 27 51 136 164 145 144 147 196 255 255 254 149 106 179 217 59 24 47 90 85 72 49 46 21 11 20 12 7 11 15 23 25 18 21 24 22 13 26 56 115 132 80 31 41 179 255 204 71 4 7 13 14 8 8 9 27 13 11 20 6 7 10 14 0 17 26 60 16 53 22 6 17 6 5 17 12 24 8 22 13 20 6 24 19 25 24 3 3 4 9 10 7 -2147483648 
-2147483648 15 6 12 14 25 9 26 17 10 16 7 17 20 23 31 36 17 149 255 223 61 14 82 47 91 164 234 227 118 38 255 255 255 80 19 4 34 15 135 233 149 171 219 255 250 198 138 103 129 116 93 255 255 115 255 255 255 255 231 126 72 35 21 14 16 17 12 27 31 33 40 40 32 18 55 140 148 13 26 62 60 55 103 90 63 20 7 12 35 51 50 43 63 60 9 39 50 81 67 58 69 65 50 64 55 48 44 52 79 120 152 157 123 66 27 9 57 202 255 255 255 255 255 223 255 255 132 255 253 187 148 162 114 77 112 93 93 25 13 34 30 58 89 70 93 77 70 85 57 79 57 60 22 43 193 233 100 145 195 123 140 186 168 204 232 192 151 123 97 100 143 246 255 228 95 165 182 61 57 57 88 78 61 50 34 11 9 20 12 7 10 35 52 54 46 33 17 15 33 56 101 143 125 42 31 67 206 245 161 48 9 13 10 10 13 10 12 14 13 12 3 17 4 7 15 6 15 24 43 48 42 11 6 25 19 4 4 23 16 9 20 9 16 10 29 4 35 18 13 14 9 1 15 11 -2147483648 
-2147483648 20 18 20 34 19 19 11 16 7 21 28 18 8 14 40 24 73 255 255 78 10 40 102 80 150 193 195 194 84 231 255 255 137 20 10 17 20 36 128 248 192 138 198 190 50 68 42 59 95 24 255 255 216 243 255 255 255 239 133 67 31 4 15 14 16 12 6 19 48 40 14 16 42 40 35 54 162 108 16 19 49 51 69 99 75 30 21 11 29 68 67 52 59 35 26 10 45 66 69 78 70 52 42 68 62 67 98 114 99 83 76 81 57 30 18 111 235 255 255 255 55 255 255 255 132 175 255 238 250 106 193 222 30 113 64 78 47 28 24 32 32 48 70 76 92 100 76 74 81 78 56 59 35 11 208 244 71 221 54 206 241 189 129 112 78 33 70 53 15 20 33 92 255 255 122 206 160 75 93 105 105 83 46 26 10 6 7 20 17 6 14 37 30 20 25 27 14 27 42 62 141 142 86 24 24 110 229 209 102 34 5 7 13 6 7 5 19 14 15 13 13 7 17 15 23 7 6 4 16 20 16 6 3 25 7 19 8 4 6 6 13 15 15 3 15 20 33 11 14 8 2 3 5 7 -2147483648 
-2147483648 17 22 28 18 20 14 8 16 13 29 30 7 6 28 32 15 232 255 170 34 22 53 104 111 189 186 160 101 168 255 255 204 34 18 36 38 23 85 129 222 222 75 141 226 255 255 192 82 46 244 255 255 201 255 255 255 255 146 67 33 20 12 16 24 20 6 3 3 33 50 45 31 35 42 41 41 61 135 105 22 46 38 14 91 82 38 32 26 25 81 88 62 47 5 24 55 47 57 75 69 70 62 43 52 68 77 105 145 166 171 168 151 106 75 103 216 249 242 252 176 19 255 255 255 53 255 250 175 220 127 189 255 70 130 86 76 56 31 42 43 42 31 32 70 81 122 111 76 94 86 75 59 45 33 206 208 102 89 195 229 86 160 137 132 202 255 255 168 90 56 43 13 163 255 123 241 141 83 87 86 91 66 33 23 16 16 9 5 13 9 16 37 34 39 41 13 37 70 63 79 155 101 53 35 45 154 242 171 53 26 18 17 3 8 7 1 20 20 7 8 4 9 15 13 19 22 3 3 6 6 7 6 7 17 19 25 6 11 19 9 2 21 31 19 16 24 38 14 10 1 6 6 13 16 -2147483648 
-2147483648 15 16 33 7 22 1 8 11 17 22 19 6 7 29 25 173 255 249 17 24 5 75 115 172 208 170 75 119 255 255 227 82 7 22 54 34 36 132 160 195 159 143 255 255 255 255 228 123 159 255 255 87 255 255 255 255 178 85 44 18 16 24 31 21 15 3 3 8 9 33 60 52 14 6 24 29 14 50 144 86 46 13 24 67 62 49 48 40 15 69 105 82 47 32 34 69 54 56 84 59 76 59 63 54 66 72 70 79 99 117 141 161 122 84 100 176 144 150 226 155 23 222 255 129 100 188 99 48 90 255 149 255 122 116 186 106 132 78 51 51 54 29 7 55 58 103 127 97 86 61 55 35 36 25 180 161 21 148 198 47 229 255 184 253 255 255 255 255 174 65 56 38 105 255 93 243 113 102 82 69 45 24 20 24 19 16 15 12 8 16 13 27 35 31 12 58 94 83 65 107 155 88 51 44 75 181 225 132 34 17 14 9 6 3 7 10 8 11 8 10 11 23 21 20 9 30 13 9 10 11 10 4 7 9 16 18 3 24 25 8 11 13 14 10 19 4 37 10 15 6 15 7 13 13 -2147483648 
-2147483648 20 6 28 16 6 11 10 10 25 12 14 7 20 27 107 255 255 90 40 20 35 90 152 223 225 127 125 255 255 248 86 25 33 30 53 42 43 164 182 191 38 255 255 186 252 255 210 88 255 255 44 255 255 255 255 198 94 44 35 27 24 27 10 4 8 9 10 12 12 8 55 65 40 28 34 21 34 24 71 128 51 28 31 53 28 38 49 40 16 52 103 101 61 32 55 69 64 58 92 51 73 34 48 49 48 44 41 40 59 85 106 151 134 83 38 122 145 159 238 195 97 127 255 177 88 80 40 69 109 255 188 255 144 107 255 146 168 141 80 62 45 37 30 30 24 56 110 120 103 49 24 40 44 23 136 165 114 135 58 255 255 255 158 244 255 101 255 255 255 78 78 57 115 255 46 219 107 70 70 56 47 27 18 20 14 14 15 21 13 30 24 8 8 47 113 152 114 57 45 127 142 74 44 46 96 175 188 97 24 17 12 13 7 15 24 18 20 14 4 10 18 23 15 19 13 19 12 11 13 14 23 29 23 15 6 23 11 27 13 20 9 7 15 14 16 15 21 14 23 4 8 10 6 8 -2147483648 
-2147483648 17 11 16 10 12 13 15 14 23 16 9 12 24 50 255 255 144 27 38 34 37 106 193 249 241 48 255 255 195 119 37 35 35 14 62 83 78 168 214 180 138 255 91 255 255 248 141 151 255 168 235 255 255 255 199 94 50 24 10 13 22 20 6 3 3 3 10 17 20 18 23 48 68 52 34 27 49 38 10 88 122 47 46 46 18 28 51 53 32 57 101 102 72 34 27 57 62 64 77 41 70 27 13 24 25 21 49 43 47 80 92 138 146 112 68 56 98 128 211 255 222 104 191 255 168 84 31 40 255 255 235 255 162 131 255 173 147 164 124 65 35 44 46 20 14 22 82 118 117 73 32 41 43 29 92 220 148 87 234 255 202 255 255 107 145 255 226 177 255 137 123 73 119 207 49 182 104 37 47 40 31 17 14 21 15 10 9 27 18 10 12 7 28 148 204 156 85 56 92 152 108 22 6 46 90 159 158 73 21 10 26 22 13 20 25 18 21 25 16 9 19 23 16 7 7 15 6 6 14 17 28 10 23 11 17 30 21 15 12 8 13 9 14 14 18 7 25 19 18 27 13 10 2 24 -2147483648 
-2147483648 2 17 8 17 9 14 18 12 4 17 9 27 30 214 255 223 4 38 35 48 37 142 233 255 173 255 255 194 81 52 24 41 28 20 93 103 98 178 246 74 255 255 170 255 255 151 64 255 184 142 255 255 255 219 120 74 45 20 8 9 12 6 3 3 6 8 12 8 10 15 6 28 82 85 54 39 67 67 42 26 101 114 55 51 27 33 47 48 9 56 100 106 66 45 45 57 55 65 59 47 66 31 23 32 38 32 43 55 33 52 86 127 144 113 92 95 93 63 106 205 255 255 184 214 126 107 92 72 255 220 231 243 142 116 210 216 89 136 132 58 13 31 47 10 18 22 54 108 118 82 65 54 36 52 55 241 129 193 255 255 247 255 255 212 226 193 179 122 162 132 168 117 86 185 110 145 95 24 11 19 12 20 18 14 5 7 15 24 25 22 23 23 130 252 172 65 65 59 147 134 48 21 15 73 82 167 146 48 23 8 22 19 9 14 40 21 4 18 16 9 3 25 12 6 9 7 23 19 26 11 17 22 23 15 13 24 18 6 4 10 13 14 13 11 17 10 18 6 21 29 10 4 20 9 -2147483648 
-2147483648 13 11 18 21 12 11 13 22 14 11 16 13 167 255 255 70 53 6 20 45 61 195 255 255 49 255 255 72 37 44 16 34 13 41 90 98 111 182 206 157 255 32 255 245 202 58 190 133 138 255 255 255 230 146 72 37 4 4 13 23 18 4 6 8 15 20 22 4 17 24 29 17 43 88 98 49 41 72 75 60 20 94 90 65 46 41 34 33 11 51 97 113 62 42 66 52 59 62 49 46 56 53 38 44 44 44 21 49 26 29 64 119 152 130 101 89 89 91 84 79 118 201 235 182 69 79 93 55 182 203 160 79 98 128 193 239 76 119 134 89 16 24 49 18 18 39 30 80 122 80 72 75 34 59 29 191 115 136 255 255 234 168 255 255 181 71 18 10 49 120 210 154 17 111 110 99 65 22 16 4 16 25 13 2 3 3 13 22 28 18 34 167 255 213 40 62 42 69 135 65 35 33 38 96 116 175 120 36 20 9 20 18 3 8 23 4 2 14 14 6 23 8 22 4 13 13 25 9 16 21 17 7 17 5 14 14 11 5 5 7 31 27 6 9 12 13 5 18 15 9 16 19 9 21 -2147483648 
-2147483648 3 7 20 18 6 6 16 23 9 0 10 100 255 255 130 14 55 0 17 71 125 254 255 118 255 255 167 54 25 44 23 35 13 67 82 110 153 204 111 255 255 255 255 159 167 72 134 113 245 255 255 255 166 92 34 8 18 18 18 13 3 6 6 16 28 21 19 21 24 15 21 22 33 62 90 71 24 30 65 81 42 17 42 43 35 34 36 34 21 59 102 113 73 27 63 69 68 50 27 38 59 62 27 35 18 46 40 27 29 44 58 98 140 139 110 87 90 100 101 114 119 84 36 27 49 91 82 68 60 48 25 38 69 133 211 213 82 134 142 113 30 3 42 33 41 41 19 39 106 80 67 78 45 63 13 109 106 32 255 255 24 166 255 255 153 61 7 36 116 132 228 136 104 82 54 62 58 27 19 19 20 13 4 7 6 11 9 3 13 33 170 255 207 35 52 27 59 93 98 17 59 36 67 125 161 144 81 32 7 19 16 12 9 10 24 12 12 10 11 6 14 24 10 13 8 7 20 20 15 12 4 18 20 4 12 6 12 3 8 21 23 13 20 6 2 10 15 10 12 7 25 13 22 37 -2147483648 
-2147483648 12 9 11 10 12 10 10 20 9 9 76 254 255 204 24 47 55 31 33 132 192 255 255 208 255 255 39 35 30 26 49 48 46 110 112 154 183 195 81 255 33 255 212 194 112 101 151 154 251 255 240 161 70 24 9 8 17 16 21 10 13 9 9 17 25 33 25 25 15 8 14 5 44 69 66 39 25 22 41 67 51 19 15 27 28 33 31 29 30 77 112 115 73 12 51 92 66 32 17 46 74 58 16 21 26 61 32 27 58 69 48 52 103 119 116 111 92 84 58 74 100 108 129 125 130 163 128 121 109 102 67 28 46 104 165 139 69 147 153 117 16 22 34 38 47 38 26 22 84 77 63 80 58 44 21 35 121 85 255 255 255 255 255 255 222 66 13 124 156 185 221 98 152 136 96 101 95 57 29 18 13 8 11 8 11 13 11 6 18 119 255 215 13 64 19 39 63 74 37 29 57 24 87 166 169 101 49 21 4 22 5 17 17 10 30 17 25 7 17 11 6 19 19 3 17 17 14 12 13 9 4 16 14 16 10 6 10 5 10 12 13 25 14 5 7 3 9 11 8 6 23 9 30 37 -2147483648 
-2147483648 2 11 17 18 21 7 2 6 13 28 220 255 230 74 45 92 58 78 64 204 255 255 27 255 255 94 34 32 41 3 70 77 102 139 141 165 138 71 255 255 196 255 230 224 88 76 108 63 255 246 148 88 31 20 12 16 4 11 16 7 11 13 6 14 14 6 7 9 22 15 9 27 61 82 68 34 17 42 45 44 46 41 30 31 34 26 15 8 52 101 119 97 60 28 55 81 63 25 6 49 75 49 40 22 29 58 35 58 58 58 54 38 62 90 96 101 87 78 60 44 79 28 19 22 53 100 90 55 45 31 3 15 70 114 154 83 127 150 144 96 23 23 28 36 34 29 17 17 69 70 57 80 70 30 30 30 108 155 144 255 255 255 214 206 243 81 35 155 49 228 153 103 121 126 37 58 86 76 35 21 20 15 11 8 1 8 8 17 89 225 253 64 85 38 18 27 65 41 24 41 47 10 124 190 146 75 33 12 12 11 10 14 17 3 22 13 25 24 29 23 14 21 7 6 10 22 13 6 16 17 9 8 20 23 13 13 10 3 4 21 25 30 21 0 6 6 4 3 8 13 10 9 23 44 -2147483648 
-2147483648 18 6 16 25 17 6 7 10 13 140 255 255 80 19 71 120 44 105 114 255 255 255 255 255 239 33 33 16 52 9 90 118 130 148 160 115 48 255 255 69 255 255 255 198 77 111 164 94 255 255 111 62 22 22 23 9 6 8 9 8 7 11 6 14 19 11 9 4 12 14 29 43 55 74 63 43 65 35 21 23 36 53 30 1 7 0 7 13 77 106 95 68 59 54 56 51 61 26 7 50 67 37 34 31 25 32 65 71 49 43 45 52 46 70 71 79 88 92 77 43 52 33 19 38 44 48 45 31 30 22 16 41 116 130 100 62 160 133 105 64 37 31 37 45 39 24 14 21 62 62 52 64 75 42 57 61 90 167 54 44 77 73 80 117 187 116 30 115 161 206 32 129 87 174 81 64 70 71 30 17 11 1 1 6 7 3 16 66 190 255 128 36 73 26 23 43 113 21 70 53 44 67 163 169 119 63 40 15 17 12 9 4 13 4 16 20 34 14 34 25 8 9 6 8 20 16 10 15 6 4 2 9 25 13 10 11 10 16 4 11 10 17 26 6 2 9 4 4 3 15 13 15 21 18 -2147483648 
-2147483648 17 6 16 30 10 12 13 18 78 255 255 143 17 34 86 124 60 100 215 255 255 17 255 255 79 20 28 36 56 32 93 143 122 140 136 48 255 255 139 187 255 254 255 139 113 221 142 82 255 255 158 74 26 20 25 7 6 14 12 9 8 7 9 16 22 26 24 16 29 41 54 64 44 38 92 40 54 72 48 12 24 56 27 18 25 16 11 34 95 91 59 69 77 53 63 50 55 25 20 60 59 27 28 32 17 32 71 43 32 30 18 40 57 66 70 67 70 95 94 98 79 56 46 42 9 11 33 50 68 82 78 92 133 98 28 63 154 109 82 24 37 45 55 50 44 35 28 37 58 42 50 56 74 92 89 67 80 164 100 33 38 26 23 75 159 192 147 61 82 65 102 147 120 220 123 58 52 50 31 22 10 8 11 15 9 6 42 145 249 159 16 75 33 25 30 73 103 76 95 57 25 133 163 141 123 60 44 18 25 22 6 3 6 10 20 20 26 16 11 12 1 6 11 19 19 18 17 33 3 3 8 20 5 17 13 14 6 17 4 14 15 7 13 16 18 15 15 15 15 13 8 9 21 26 -2147483648 
-2147483648 18 5 10 25 7 19 21 24 234 255 203 31 29 42 112 127 75 79 255 255 187 255 255 255 6 26 29 59 56 49 79 126 148 163 31 255 255 116 88 252 255 243 201 95 236 186 82 75 255 255 223 89 38 24 33 26 9 13 7 6 4 4 3 4 12 12 6 13 48 41 34 45 29 22 63 81 39 52 64 26 28 46 25 8 16 31 15 56 100 82 40 70 91 46 65 63 38 19 36 56 36 19 36 32 14 37 49 10 16 9 10 32 41 52 61 57 68 83 86 116 110 87 71 66 70 73 68 76 80 85 89 85 97 40 30 107 125 80 52 18 57 54 52 37 39 42 44 57 42 22 51 68 74 112 75 19 52 173 145 64 64 72 56 34 35 119 172 190 197 150 159 163 183 255 132 41 30 38 35 25 15 17 15 8 3 15 109 231 192 18 112 80 45 28 19 83 43 72 64 9 77 155 160 145 117 39 19 25 10 22 7 8 5 8 14 15 10 20 6 9 11 8 17 31 1 5 12 40 9 15 13 8 1 21 4 14 5 7 22 5 24 4 12 9 1 3 7 6 9 5 18 23 7 19 -2147483648 
-2147483648 29 12 3 17 8 20 15 127 255 255 58 37 41 58 120 99 41 23 255 255 117 255 255 111 20 37 30 65 53 44 61 96 169 182 104 255 170 81 145 252 255 157 115 191 177 74 69 57 239 255 255 124 69 33 35 31 10 10 10 17 16 10 3 3 4 14 6 6 53 49 39 47 9 43 15 48 50 67 63 41 39 27 18 10 18 20 12 70 93 81 51 63 80 51 61 68 39 16 37 46 34 19 29 41 25 33 29 7 9 13 20 42 28 28 38 55 76 65 60 70 72 76 76 68 79 80 66 73 65 47 44 59 60 7 72 116 88 37 43 53 70 64 47 28 16 34 70 72 44 22 41 63 87 110 64 39 43 143 169 90 3 39 64 77 71 18 46 107 168 142 110 150 206 255 147 60 27 32 37 36 26 11 6 13 15 66 205 218 51 99 122 54 40 22 78 21 44 38 37 24 104 169 175 134 81 23 6 18 15 10 1 3 6 7 13 13 15 13 13 9 18 8 18 15 18 8 13 30 7 6 8 5 4 11 13 6 7 7 21 6 21 15 6 23 20 15 27 28 11 8 18 16 17 9 -2147483648 
-2147483648 30 5 14 11 15 22 23 245 255 171 25 51 57 87 87 44 59 60 255 255 255 255 199 29 22 36 32 48 55 54 64 99 175 137 224 255 46 119 136 255 198 75 135 89 22 43 84 54 125 255 255 151 80 45 44 21 7 10 7 13 10 10 5 3 8 4 16 18 45 60 66 61 28 50 23 37 63 69 57 45 34 24 17 18 9 22 33 70 78 80 71 54 62 48 49 67 49 27 40 36 42 20 15 42 40 33 16 11 4 20 42 33 19 13 18 36 52 31 28 27 36 37 53 58 56 55 58 54 42 58 47 61 27 46 90 103 50 37 61 49 66 54 45 30 14 42 60 43 40 17 35 40 102 97 46 38 19 108 147 122 85 47 29 4 46 47 27 19 83 97 79 159 206 255 176 79 29 20 28 42 27 8 2 7 14 118 209 102 73 113 61 68 48 72 51 59 50 28 14 39 120 204 180 104 66 24 6 3 8 12 11 8 5 14 24 14 10 10 16 7 15 14 14 9 16 0 11 17 10 14 13 4 6 0 6 16 14 19 11 4 11 13 6 23 17 26 16 23 10 8 22 12 25 6 -2147483648 
-2147483648 8 18 6 16 16 35 95 255 255 70 39 61 65 87 58 22 70 69 255 255 255 255 58 25 41 23 36 39 79 81 91 113 156 50 255 249 30 125 228 255 89 110 71 84 53 72 99 55 46 255 255 201 100 65 40 24 15 18 16 14 11 9 6 8 0 7 7 6 22 45 88 99 42 41 65 42 61 66 56 37 13 7 14 19 14 14 30 61 70 87 75 47 54 42 34 69 46 33 57 25 29 30 18 28 46 49 17 16 15 34 33 28 28 19 23 23 32 10 23 10 16 24 44 63 41 37 63 38 27 76 64 52 49 72 76 73 44 63 47 49 58 27 44 25 34 44 25 7 33 14 42 29 91 89 50 52 37 111 113 92 97 81 74 60 54 33 34 8 52 69 82 156 180 255 231 95 34 15 21 45 29 8 6 21 71 158 144 63 110 72 11 65 88 77 52 57 32 14 22 72 166 239 155 64 47 8 22 16 24 7 21 15 10 12 20 9 8 10 13 3 18 15 9 9 22 16 12 0 15 16 12 10 10 14 9 21 9 27 9 3 9 6 6 16 24 11 22 27 13 23 3 22 30 11 -2147483648 
-2147483648 7 10 20 16 20 44 184 255 216 16 42 50 60 103 61 35 100 58 154 185 255 114 53 48 26 29 37 50 106 106 87 105 122 89 255 121 37 133 255 255 90 113 180 104 46 107 115 54 47 234 255 255 122 88 55 38 18 9 20 20 22 27 24 10 7 7 1 13 14 17 45 96 98 10 76 80 49 25 15 11 14 21 17 14 11 27 60 59 61 79 64 48 41 49 37 62 48 36 65 18 16 36 23 10 42 38 34 33 33 36 20 25 22 28 30 21 22 17 18 19 16 50 64 48 48 43 54 26 24 71 47 22 81 68 45 55 80 56 34 33 36 10 25 28 23 21 11 14 19 23 34 5 70 93 56 92 44 125 94 54 67 67 74 61 41 37 48 31 46 41 51 130 123 255 255 115 51 15 23 33 26 16 20 61 122 143 53 72 80 52 47 71 124 24 135 49 47 28 39 127 234 231 91 30 38 15 21 1 18 15 15 4 7 1 13 13 7 11 16 0 17 11 13 19 16 14 14 17 21 14 9 3 17 14 20 19 10 13 4 5 24 12 7 6 21 30 28 8 17 6 15 1 8 19 -2147483648 
-2147483648 10 18 5 14 31 43 255 255 122 29 29 46 55 115 85 18 37 102 6 140 135 39 50 44 37 18 35 61 93 125 83 105 92 185 222 70 68 169 255 233 116 77 224 80 74 119 121 60 36 122 255 255 175 100 36 35 36 9 4 2 6 13 14 18 9 14 18 19 16 23 20 49 96 72 23 79 82 43 19 6 16 19 19 19 17 48 78 56 42 53 69 64 30 49 61 52 44 40 54 37 25 49 24 12 52 13 19 56 31 35 26 7 8 17 23 4 22 24 9 20 42 64 54 38 45 38 31 33 15 35 10 67 79 33 22 60 55 46 38 14 17 25 14 14 13 13 17 8 9 20 18 4 59 97 50 119 35 126 95 41 50 65 61 61 34 23 36 22 38 27 33 113 69 255 255 133 71 25 30 26 16 6 21 68 115 82 26 72 40 28 52 122 109 98 120 94 49 31 76 208 255 156 34 35 25 19 14 15 7 15 5 10 7 7 11 27 4 13 19 4 12 6 6 5 20 28 14 12 13 10 7 20 29 10 20 14 20 11 6 9 27 14 4 9 3 26 10 3 14 10 14 5 11 11 -2147483648 
-2147483648 13 18 18 13 32 32 255 255 90 17 34 63 58 104 87 69 69 64 157 144 68 23 15 28 45 27 22 75 99 141 97 117 65 255 151 73 62 212 255 146 23 212 163 85 113 111 123 87 32 45 255 255 255 145 49 20 26 22 16 7 3 8 19 9 9 15 18 13 6 14 13 30 57 80 72 23 78 65 38 25 14 12 10 4 30 64 69 41 30 42 66 60 30 38 70 53 53 38 27 45 30 52 24 26 60 47 65 52 21 48 33 24 14 8 19 15 31 42 23 39 48 50 28 46 36 27 12 48 17 35 43 60 29 26 40 43 35 31 38 27 30 33 27 22 22 9 26 19 20 10 17 29 63 81 56 106 42 100 101 39 66 83 60 65 53 33 27 16 30 34 27 104 26 255 255 153 85 36 31 23 11 5 29 79 117 47 52 64 26 12 68 146 54 136 51 105 37 6 168 255 208 82 30 29 12 26 11 18 6 20 16 16 17 12 4 26 11 7 23 16 10 13 3 6 23 6 21 9 4 13 16 3 26 7 8 14 26 9 3 3 11 7 7 18 16 27 9 2 18 3 13 7 4 17 -2147483648 
-2147483648 15 23 18 21 26 17 255 255 144 28 20 65 66 94 58 72 133 52 238 126 29 17 10 23 53 39 24 101 143 138 107 141 58 255 117 130 85 247 255 160 150 254 93 85 140 126 115 99 36 55 181 255 255 186 113 38 13 11 14 14 14 14 23 10 15 16 11 3 2 12 14 24 15 35 74 59 36 42 47 53 38 26 13 33 58 74 50 24 46 59 63 48 29 34 57 48 73 39 4 54 48 39 22 43 66 54 42 21 21 60 10 32 24 21 27 30 44 53 25 42 43 22 1 51 43 37 7 55 33 27 13 48 51 51 39 24 29 27 26 38 31 30 26 33 35 37 27 5 18 4 40 67 47 63 73 74 40 57 109 26 38 71 53 61 44 53 41 25 27 40 33 93 15 255 255 192 96 51 31 22 13 14 40 96 105 13 66 52 10 34 105 93 54 88 15 86 20 92 255 255 111 41 40 9 25 18 11 6 13 32 16 9 16 12 2 17 10 9 14 15 12 5 13 18 13 10 11 5 13 8 17 19 12 4 6 27 31 33 30 11 8 14 16 12 17 38 19 13 6 7 11 6 6 16 -2147483648 
-2147483648 27 4 21 20 37 19 201 255 221 40 56 42 77 80 33 39 117 163 210 75 7 27 29 51 62 45 49 146 184 139 122 161 110 246 97 141 113 255 255 178 183 190 74 83 144 151 109 101 46 69 77 255 255 213 142 68 21 17 3 11 16 19 33 17 15 13 9 4 6 21 11 15 7 13 36 62 45 24 16 27 41 45 50 56 51 55 36 24 52 63 56 43 23 30 53 48 71 46 17 58 51 40 40 44 60 50 25 16 16 53 19 12 33 42 29 65 40 42 41 41 25 14 24 57 41 45 37 41 38 9 34 50 46 26 31 29 33 41 30 21 12 22 26 32 40 34 26 14 7 18 80 69 39 58 74 57 31 29 105 22 43 38 44 56 30 38 42 23 22 46 56 68 44 244 255 250 108 63 29 18 13 43 81 100 51 48 67 32 46 107 99 5 55 19 64 55 34 196 255 193 49 16 37 11 22 13 21 10 16 32 20 6 3 15 6 12 9 18 10 14 3 6 18 4 13 23 18 23 9 8 15 9 12 10 24 18 12 7 24 23 3 14 6 4 17 37 22 19 10 8 14 5 7 6 -2147483648 
-2147483648 23 8 25 15 28 35 152 255 255 50 73 42 95 64 36 40 88 139 103 27 24 40 50 74 81 90 125 204 195 129 121 130 175 204 58 66 93 255 255 167 197 85 69 100 142 137 121 112 81 87 89 255 255 255 149 95 33 33 16 8 4 10 30 16 6 14 24 30 26 15 12 22 22 20 19 38 44 44 50 45 16 31 63 54 21 38 37 23 47 65 61 39 15 32 58 45 60 50 43 44 54 55 47 55 51 37 35 23 22 27 15 29 45 53 59 52 24 56 55 16 13 27 23 48 45 40 44 33 15 21 19 9 34 10 36 31 43 55 39 30 22 35 45 42 36 23 37 23 13 44 89 57 34 47 60 54 25 22 94 63 47 24 37 37 33 33 45 44 17 29 41 36 60 160 255 255 125 84 28 10 16 61 84 43 39 62 42 3 83 117 17 60 26 25 81 30 74 255 252 122 27 24 15 14 6 19 13 19 16 34 17 8 14 20 9 7 12 19 6 30 8 6 28 17 3 15 35 14 24 15 12 3 11 15 39 9 14 20 28 4 19 12 11 12 9 24 17 13 4 4 13 9 4 11 -2147483648 
-2147483648 22 11 6 13 3 44 101 255 255 32 37 66 115 57 56 51 68 74 41 6 20 46 59 68 79 92 134 187 124 50 87 75 224 245 112 48 141 255 255 181 187 26 72 109 135 125 146 133 91 94 88 206 255 255 142 118 51 33 13 10 12 8 29 26 13 27 31 30 33 14 4 5 23 31 30 31 51 52 42 32 34 46 28 12 19 15 29 41 58 70 60 27 4 35 60 47 47 47 64 39 74 74 52 58 48 36 27 29 18 16 38 34 30 16 23 22 37 52 27 43 30 15 18 31 49 13 12 9 24 13 6 17 39 9 40 11 14 33 30 49 59 58 48 43 16 21 46 15 31 56 77 37 18 39 49 41 37 35 100 116 9 35 26 13 50 48 43 65 30 16 25 12 54 77 255 255 139 101 52 22 19 58 59 50 63 34 19 50 87 78 41 33 40 40 80 24 133 255 187 78 32 25 22 18 26 15 16 18 11 33 12 21 24 11 17 11 3 23 21 27 7 24 16 14 3 6 20 21 22 13 7 9 10 17 26 28 18 8 9 21 17 25 28 20 3 17 4 9 16 7 11 3 11 2 -2147483648 
-2147483648 9 6 6 17 13 43 62 255 255 29 6 75 122 59 46 63 56 73 28 32 19 60 51 24 78 104 118 166 103 124 173 108 230 255 98 125 255 255 208 193 130 21 80 100 129 149 162 133 73 106 66 91 255 255 174 115 62 51 24 13 7 12 30 19 1 27 52 24 33 30 16 21 23 27 17 9 12 18 12 10 21 53 55 17 18 21 13 43 74 74 45 25 12 25 57 60 38 44 64 46 99 93 56 55 36 20 9 26 8 14 38 33 3 9 15 9 32 29 31 42 13 14 28 11 36 55 55 41 27 23 25 33 43 51 33 4 9 25 24 62 75 57 47 55 14 28 52 9 45 54 55 27 34 42 56 21 46 44 75 129 54 32 27 38 30 46 40 61 27 21 26 7 36 31 255 255 163 73 52 24 12 38 50 49 32 33 60 68 40 41 25 34 52 51 49 59 228 255 83 77 68 23 31 20 31 25 10 11 17 25 6 16 24 9 24 11 7 6 19 9 20 15 20 16 4 10 14 15 7 11 2 10 8 10 6 11 17 17 16 25 4 14 19 22 14 13 9 8 17 6 7 10 5 12 -2147483648 
-2147483648 4 8 10 6 6 44 37 255 255 41 18 63 114 61 30 56 85 72 25 40 17 61 23 37 65 117 131 193 190 175 245 191 207 255 124 203 255 216 168 173 40 34 83 104 126 168 150 124 71 93 80 31 255 255 255 126 67 57 28 24 24 19 31 19 8 18 56 30 17 42 32 16 14 9 4 0 13 14 10 3 0 30 53 47 25 3 20 52 87 65 23 25 31 24 52 58 39 67 75 74 106 94 46 34 18 14 17 3 20 16 30 31 6 11 18 2 17 30 21 26 12 13 27 2 24 29 33 22 16 30 39 27 43 59 38 33 33 35 34 52 18 29 54 56 35 40 48 9 58 58 44 27 48 49 60 33 31 39 56 109 89 10 18 39 14 18 30 41 15 27 18 22 30 24 255 255 213 65 57 23 10 13 26 8 21 63 78 50 15 30 59 47 30 20 37 176 255 166 43 104 111 41 4 6 23 16 16 18 4 10 9 12 14 8 24 4 11 10 14 3 13 12 8 4 6 7 11 19 2 4 10 13 17 0 3 19 15 15 13 22 9 19 27 15 24 10 18 10 8 5 9 6 19 12 -2147483648 
-2147483648 11 14 3 19 18 37 28 255 255 48 7 43 91 72 36 75 93 51 40 19 40 46 21 16 5 72 65 93 115 82 255 234 183 255 119 255 255 139 231 140 44 60 99 137 151 157 134 108 61 71 75 113 228 255 255 159 100 58 29 18 3 13 31 30 28 29 31 31 21 25 49 23 8 4 8 7 8 12 4 9 7 30 33 26 34 27 32 47 76 48 9 20 25 36 59 55 42 82 77 82 91 67 41 16 11 19 21 19 34 4 31 30 10 17 4 6 9 35 23 22 24 10 20 3 37 8 20 11 18 36 32 44 37 31 44 49 39 35 31 38 57 81 70 68 58 62 56 35 60 61 56 35 42 54 44 16 19 10 29 80 100 49 30 5 31 46 44 21 12 18 17 51 28 28 224 255 247 86 79 28 12 2 20 14 42 68 71 33 35 76 79 53 24 24 122 255 255 66 95 50 101 31 22 8 11 13 22 12 22 14 6 27 12 10 17 9 9 12 3 6 14 27 10 11 9 8 7 14 9 9 5 23 9 18 19 3 16 13 7 7 20 17 15 49 5 21 8 8 3 15 9 16 20 10 -2147483648 
-2147483648 4 11 18 14 14 17 89 255 255 60 11 40 59 73 37 71 68 29 47 9 57 22 23 18 9 49 49 35 42 106 255 235 166 255 49 255 205 133 255 81 79 113 147 160 150 123 121 84 47 43 50 149 65 255 255 214 127 81 46 31 13 1 24 7 15 26 16 6 18 11 34 29 11 6 7 13 10 15 14 13 22 35 28 21 27 34 34 31 75 60 14 31 28 36 62 59 41 74 86 85 81 40 40 27 10 34 16 14 32 9 40 24 6 13 12 13 23 34 11 18 21 24 27 25 28 13 30 47 36 35 41 63 45 32 55 55 22 26 66 49 65 75 65 68 63 71 43 61 73 65 68 42 42 43 20 41 57 36 31 56 82 61 10 12 14 30 27 16 3 18 20 63 19 31 158 255 255 93 81 35 15 9 13 22 45 69 61 29 54 75 49 23 46 24 255 255 136 47 102 102 92 20 28 10 14 29 15 17 32 25 6 30 5 29 8 6 6 9 3 10 11 21 13 16 8 6 2 16 21 11 13 19 10 16 24 5 14 15 6 15 9 16 19 38 17 7 9 4 7 16 7 14 3 8 -2147483648 
-2147483648 8 16 23 7 5 20 205 255 209 79 3 38 46 50 46 45 70 19 37 22 55 2 6 18 6 35 36 19 39 109 219 255 121 255 114 255 108 236 255 28 128 172 158 120 122 98 82 78 59 9 42 145 57 255 255 255 134 104 56 39 22 13 29 8 17 17 11 8 14 16 25 17 5 13 4 15 4 11 21 7 22 42 33 20 27 25 25 28 59 63 32 31 22 30 60 58 46 67 81 86 84 34 27 37 21 39 10 13 30 13 29 19 25 17 16 28 34 32 7 21 30 44 46 50 42 27 66 47 50 37 80 63 78 67 69 81 38 67 76 44 40 65 76 64 48 22 33 58 95 75 68 60 41 42 21 118 127 115 15 44 75 81 12 7 17 22 9 12 29 21 9 57 29 16 107 255 255 133 78 36 18 6 11 27 45 78 66 46 63 66 28 40 40 155 255 217 45 25 62 71 40 12 25 4 28 28 20 19 33 18 11 24 20 22 16 11 12 12 3 9 12 11 10 11 30 8 4 20 39 4 8 11 14 13 25 13 9 6 14 10 22 23 21 14 9 15 16 6 6 2 19 18 13 13 -2147483648 
-2147483648 2 11 13 9 19 112 255 246 122 91 7 26 46 9 24 26 64 11 15 45 39 10 8 6 22 23 22 19 49 76 150 255 177 213 166 172 112 255 219 106 178 161 125 87 120 80 36 89 68 17 42 132 84 173 255 255 168 126 51 29 8 6 29 4 17 16 6 21 11 22 26 16 18 29 24 30 27 18 13 12 16 46 43 25 22 23 37 54 58 43 40 32 20 32 54 55 62 69 53 86 85 43 21 24 37 34 10 30 9 10 20 30 33 25 15 24 57 38 18 31 47 33 39 54 61 63 61 41 77 73 96 35 83 96 35 84 84 83 50 47 54 85 57 23 6 46 61 59 106 80 44 64 23 50 75 148 97 140 15 35 65 110 51 20 16 29 40 9 36 26 13 46 6 19 78 255 255 153 87 46 26 9 22 30 40 82 82 64 45 45 24 48 92 255 255 98 14 13 13 20 14 4 16 7 25 15 3 11 39 6 19 6 25 8 14 12 19 23 8 6 17 6 3 15 33 1 20 4 35 16 6 10 17 10 23 22 21 16 18 20 4 6 17 12 6 22 14 8 18 24 20 25 3 20 -2147483648 
-2147483648 3 3 9 10 86 249 255 126 79 103 25 27 53 7 6 30 49 19 16 64 7 31 48 47 37 29 44 36 64 58 101 242 222 135 168 144 255 255 124 176 201 113 101 98 106 45 21 67 85 12 25 119 77 32 255 255 255 148 62 23 17 13 17 17 13 20 9 9 28 20 11 13 13 14 8 13 18 22 15 14 11 46 57 38 30 35 49 45 46 26 34 36 19 35 40 57 78 69 35 82 77 43 26 16 49 36 8 33 29 14 18 31 39 35 9 1 78 46 24 29 23 25 38 44 44 67 95 108 105 100 59 9 34 59 72 102 113 71 32 72 77 74 17 20 32 44 33 51 102 76 26 73 57 64 98 161 150 129 41 52 58 111 89 31 21 14 40 21 2 13 9 36 38 20 50 255 255 150 83 55 33 18 11 32 53 95 102 59 19 25 23 29 215 255 166 38 6 12 10 6 22 4 13 9 27 16 12 21 20 23 18 6 20 11 11 11 17 22 12 5 17 17 16 17 17 16 22 37 2 18 19 20 3 5 11 9 10 27 14 4 17 18 8 1 3 28 17 10 25 7 13 34 9 14 -2147483648 
-2147483648 8 8 21 15 204 255 169 23 69 109 41 52 42 32 32 42 33 41 21 46 24 30 40 68 34 45 50 22 56 49 61 129 136 137 170 185 255 255 90 206 189 58 94 128 114 58 37 42 88 43 17 102 64 68 255 255 255 187 107 52 36 18 27 44 40 20 9 19 24 21 11 11 7 14 21 7 3 11 6 10 18 63 83 70 53 29 40 38 38 31 34 27 31 38 29 65 74 67 39 71 69 48 32 4 39 50 6 25 30 17 21 7 29 30 11 4 68 62 39 30 30 38 26 23 28 43 127 117 81 53 49 36 32 52 118 110 106 48 54 107 69 24 45 34 40 39 47 71 95 70 53 102 103 86 103 135 125 89 59 85 87 87 97 38 12 15 25 21 21 12 22 42 39 25 12 255 255 163 67 51 28 9 8 9 57 100 96 68 18 13 52 147 255 226 73 22 15 21 14 6 19 19 16 15 20 13 16 21 9 6 21 17 3 13 6 17 28 13 8 4 9 26 16 23 16 9 28 34 13 7 23 17 16 11 11 6 27 17 8 10 8 3 12 17 7 20 6 6 16 29 25 24 16 10 -2147483648 
-2147483648 16 12 23 69 255 255 59 59 61 107 25 40 4 49 22 20 15 37 37 17 21 13 37 58 14 27 50 10 28 31 44 77 67 82 124 186 255 255 255 204 122 39 95 118 125 75 43 46 71 56 31 82 52 103 44 255 255 251 111 78 50 19 3 3 7 8 15 14 15 22 14 11 10 13 18 13 5 17 13 15 20 69 89 66 38 29 28 37 28 39 45 26 32 36 30 66 62 57 50 55 62 57 45 19 19 44 31 24 28 20 7 37 16 11 17 13 56 86 43 14 30 6 25 26 31 25 130 6 91 35 85 41 54 105 117 95 78 45 87 100 23 31 66 60 54 58 72 98 96 64 72 86 73 27 40 57 55 58 76 66 104 98 105 50 5 11 30 35 30 16 34 60 22 49 25 255 255 189 72 58 33 11 21 34 52 77 83 87 36 38 176 246 213 140 50 25 24 30 17 6 11 35 8 23 6 10 8 16 5 13 6 22 10 9 1 14 23 7 10 6 12 18 9 14 17 17 20 16 9 9 13 13 16 10 20 14 25 17 25 11 8 17 24 34 11 20 14 29 34 8 13 6 13 20 -2147483648 
-2147483648 12 31 32 150 255 216 43 63 47 104 23 7 34 21 27 31 39 20 34 20 4 12 30 18 14 17 45 19 7 27 34 37 64 50 66 117 255 255 255 255 141 68 72 104 110 93 54 51 70 42 40 77 40 89 109 255 255 255 142 96 46 15 20 27 21 3 16 17 19 26 20 10 5 10 11 9 13 10 11 7 25 69 85 63 6 24 17 28 30 35 52 34 15 45 42 51 58 57 56 33 49 62 59 33 17 23 35 22 13 21 27 43 13 15 17 9 73 92 13 27 35 36 14 20 37 44 124 109 132 79 89 58 68 116 74 56 74 80 98 56 32 65 71 67 48 66 81 91 60 6 67 77 104 111 105 83 66 64 62 36 97 91 115 70 28 33 38 43 42 31 36 58 22 52 40 216 255 224 85 66 27 18 22 17 24 59 89 108 82 183 255 203 137 87 36 11 7 9 38 11 20 34 13 17 17 6 19 9 10 7 16 18 7 4 4 25 7 12 4 16 18 11 16 17 22 14 20 15 9 9 8 8 8 13 17 4 4 23 21 25 7 8 21 15 11 27 29 18 24 3 15 16 13 10 -2147483648 
-2147483648 14 38 13 250 255 125 47 71 35 100 23 20 36 15 23 23 18 21 26 24 4 17 24 30 31 8 49 23 34 30 4 30 25 36 12 24 132 255 255 255 255 255 152 80 62 107 92 47 76 57 39 81 62 62 122 49 255 255 255 145 67 30 40 20 31 22 6 19 31 35 24 8 7 15 11 6 6 10 23 43 66 68 57 63 14 16 4 22 43 38 50 35 4 58 56 43 57 56 50 30 36 54 69 38 29 20 17 33 13 13 38 25 27 28 12 10 73 92 54 52 54 48 44 64 77 69 99 114 123 102 110 92 96 95 41 54 108 112 78 33 52 78 65 63 39 80 77 38 30 81 119 151 174 192 188 172 151 144 138 138 145 130 130 80 75 54 31 33 39 55 37 42 25 43 39 170 255 255 102 67 20 11 11 9 17 79 129 136 187 255 207 104 101 40 10 24 21 13 31 32 9 32 13 9 21 6 20 16 17 13 18 9 17 6 10 20 31 16 27 29 20 8 4 23 14 15 24 10 9 17 16 13 10 11 7 13 3 20 23 28 7 6 6 12 31 12 35 47 35 17 17 16 8 19 -2147483648 
-2147483648 7 54 49 255 255 61 27 94 12 98 29 32 15 21 15 9 44 15 15 31 10 8 34 36 35 12 39 20 51 19 20 39 20 28 76 66 32 173 186 255 255 255 255 192 55 75 119 74 77 92 73 84 98 92 105 100 244 255 255 202 107 43 46 42 14 37 18 18 43 27 18 11 9 24 18 15 17 31 44 62 65 57 50 47 24 18 13 19 53 37 40 38 4 67 62 43 47 37 40 48 43 44 75 50 28 33 12 24 29 11 40 10 31 33 40 37 35 78 66 54 63 61 60 90 90 72 80 91 99 105 102 90 77 48 43 100 138 92 46 43 79 85 70 57 19 61 41 24 61 108 109 126 151 169 172 168 163 165 145 140 150 139 119 49 105 60 30 17 14 29 36 29 26 52 37 116 255 255 111 83 30 21 25 17 27 120 176 221 255 211 74 81 57 7 7 27 19 20 4 32 29 18 17 15 12 3 12 15 6 8 3 49 30 12 14 6 17 6 42 8 17 9 8 40 11 30 13 13 24 17 16 8 12 11 17 13 2 4 27 31 16 11 10 12 22 18 4 9 16 13 16 11 8 27 -2147483648 
-2147483648 11 48 109 255 233 36 15 85 35 86 58 23 32 27 13 35 44 35 14 35 31 37 38 13 31 18 25 36 38 20 31 41 32 44 125 13 38 96 86 118 140 212 255 255 236 68 65 106 102 112 123 112 116 143 147 152 60 255 255 255 158 76 43 48 18 20 36 25 33 22 13 16 17 19 2 20 37 51 54 59 54 41 34 23 23 11 26 41 62 26 27 45 31 65 64 38 28 34 22 34 50 38 63 65 32 37 38 20 23 26 34 20 23 37 48 68 27 28 45 53 55 60 53 66 65 59 70 81 85 84 60 51 26 45 72 116 119 37 13 55 112 92 63 46 3 32 77 77 94 99 74 93 113 103 100 100 99 107 111 108 97 96 80 63 124 41 26 16 20 14 9 9 22 77 29 72 255 255 111 91 47 15 16 14 55 208 255 255 216 78 44 90 20 19 10 27 11 6 22 20 28 16 14 19 8 6 13 4 13 13 3 47 34 23 20 13 8 14 28 33 33 23 22 59 28 42 6 22 26 22 24 8 0 6 8 4 7 4 12 8 7 10 32 3 6 17 9 3 8 8 10 15 11 21 -2147483648 
-2147483648 13 49 116 255 229 40 18 63 47 69 45 36 57 28 55 50 30 46 33 35 32 37 14 14 25 14 27 23 6 49 25 11 21 38 68 62 49 61 40 9 12 66 115 244 255 247 119 28 96 100 81 76 62 89 133 122 117 140 255 255 255 149 68 36 31 19 35 30 8 22 16 16 22 22 7 28 48 65 64 58 47 28 27 17 20 36 38 43 35 15 34 51 57 53 58 26 14 39 28 25 34 24 46 59 32 29 43 24 14 33 33 42 37 39 25 58 35 42 49 53 47 48 53 46 40 46 61 47 54 50 25 19 22 95 95 91 79 27 19 72 111 93 49 17 25 56 72 90 111 116 114 120 100 68 41 68 54 35 57 76 60 81 33 115 130 37 35 41 35 41 22 23 8 94 13 44 255 255 115 76 49 34 12 38 169 255 255 198 64 24 63 59 14 32 15 11 18 13 16 10 16 11 18 11 9 14 9 15 17 4 10 14 26 8 6 6 13 4 11 18 14 10 16 42 17 39 16 4 31 16 25 17 18 18 10 12 21 12 13 18 13 17 28 14 20 20 9 19 22 24 33 13 9 23 -2147483648 
-2147483648 6 41 77 255 255 66 23 55 28 36 41 44 50 39 55 24 13 36 13 29 16 11 17 6 31 12 6 7 15 48 20 38 27 14 5 25 28 40 17 21 10 34 50 106 228 255 255 217 72 53 37 64 39 28 76 56 100 55 235 255 255 255 133 57 46 30 13 30 29 11 13 21 24 23 30 45 62 61 44 23 29 32 37 26 31 50 33 21 13 21 44 49 64 62 42 23 20 35 40 28 19 25 42 50 33 18 40 24 32 43 41 47 52 14 25 41 29 49 45 27 34 48 51 36 37 52 46 31 44 38 20 20 54 124 65 25 69 2 46 69 81 97 51 36 69 78 76 99 144 179 199 192 142 107 82 73 27 37 66 62 70 94 62 139 108 36 17 35 38 70 11 25 27 77 6 36 255 255 114 59 37 27 14 144 255 255 198 65 20 42 63 22 32 21 31 10 7 11 16 6 22 10 3 5 4 18 21 1 9 9 6 3 14 20 9 10 11 13 5 16 23 21 6 14 13 21 13 11 8 21 11 10 20 21 9 11 12 6 17 25 11 17 16 13 24 7 22 22 30 9 22 4 14 21 -2147483648 
-2147483648 3 20 29 251 255 137 10 55 36 33 71 31 23 23 23 43 20 26 18 18 15 27 18 26 27 29 12 16 29 29 28 21 20 22 11 16 16 33 30 47 23 11 25 17 103 139 255 255 255 135 80 78 68 78 85 25 41 99 38 252 255 255 209 115 80 52 18 9 24 27 10 11 25 30 46 70 66 34 35 18 38 44 24 17 19 33 9 17 18 35 59 39 52 72 33 21 36 38 49 32 25 37 38 45 37 14 37 18 33 33 30 30 47 27 30 38 17 8 23 17 32 36 31 29 32 40 41 47 44 31 24 32 73 92 7 53 89 68 31 94 94 100 70 78 87 99 141 186 229 227 211 205 214 224 115 34 53 100 90 75 103 102 131 136 95 75 49 23 45 69 12 14 33 42 11 46 255 255 119 70 35 15 127 255 255 193 96 22 9 78 38 12 33 21 32 10 2 3 10 23 18 3 19 13 17 16 8 11 9 11 15 13 10 16 9 12 14 15 4 19 23 23 5 4 18 16 13 11 11 19 16 10 17 10 8 9 8 4 10 21 31 9 12 6 13 8 12 3 19 10 5 17 3 16 -2147483648 
-2147483648 6 3 3 187 255 208 32 68 48 11 89 40 8 11 4 34 35 27 15 20 21 13 16 21 16 45 18 34 47 13 20 13 30 37 18 18 11 24 42 50 39 19 10 11 40 32 82 213 255 211 83 45 37 25 9 37 36 54 99 32 255 255 255 163 109 53 35 14 7 24 13 19 30 38 47 58 43 34 51 43 50 52 33 19 8 32 25 22 13 36 48 46 47 52 33 4 28 36 44 34 4 24 37 43 45 21 34 13 25 10 20 25 30 31 34 35 25 4 4 19 24 13 7 17 24 21 30 38 28 19 17 21 60 50 78 92 107 139 67 48 111 115 108 127 142 185 231 230 207 147 98 45 144 255 135 41 85 113 85 90 140 94 184 119 64 79 72 43 45 55 26 22 10 31 6 49 255 255 122 95 28 105 255 255 200 106 81 42 47 77 3 22 22 30 17 11 5 6 14 16 10 11 24 22 18 19 14 3 22 31 10 26 14 22 32 9 3 20 21 32 9 7 12 11 17 27 9 15 15 18 32 3 8 10 4 21 15 9 13 11 38 2 1 14 4 6 4 17 13 20 6 13 19 18 -2147483648 
-2147483648 18 7 10 114 255 255 80 53 66 25 76 58 29 27 5 10 32 23 23 24 11 14 27 12 17 46 22 42 35 17 20 26 41 41 28 13 19 32 10 76 46 34 18 15 18 11 9 59 175 237 149 48 20 35 39 47 41 28 28 73 102 255 255 246 144 59 42 24 13 18 10 17 15 21 37 48 35 34 48 29 45 55 28 22 13 51 30 21 6 37 48 47 34 34 30 7 28 32 33 43 22 17 23 42 44 28 32 26 10 7 15 34 13 17 23 30 40 26 24 25 13 11 16 35 38 29 31 19 18 16 8 27 58 80 101 67 55 122 137 36 66 112 139 173 201 217 177 96 36 34 74 131 217 238 93 69 108 95 73 117 132 101 198 100 49 65 51 35 54 84 60 30 15 36 4 49 255 255 129 95 88 255 255 236 106 94 69 33 31 45 11 20 14 22 3 3 8 10 8 10 16 9 15 29 6 27 9 14 28 30 28 20 20 13 30 23 17 18 6 7 20 9 8 11 19 6 10 20 20 9 24 21 9 1 15 13 14 0 9 16 19 5 6 33 16 10 9 16 9 14 8 14 7 6 -2147483648 
-2147483648 23 16 15 40 255 255 133 12 64 70 64 102 29 20 27 13 11 51 21 47 16 22 39 23 22 21 18 19 33 20 33 11 16 51 11 13 14 22 57 65 17 48 41 35 16 14 12 10 70 173 192 153 47 27 24 19 24 33 61 61 22 236 255 255 228 118 57 27 7 15 18 26 34 30 24 34 27 23 34 16 44 44 1 20 18 50 1 15 21 35 74 46 10 18 26 35 35 16 31 43 35 4 10 27 35 42 30 39 33 18 14 30 21 26 30 19 32 37 16 13 15 27 35 34 28 32 33 32 33 24 44 38 63 76 54 30 28 71 139 112 38 31 70 122 123 75 38 113 147 158 158 161 182 123 22 93 99 50 58 104 34 160 142 95 77 59 41 30 105 155 124 82 31 40 17 53 255 255 138 48 255 255 255 136 89 56 24 12 20 38 10 9 11 12 3 10 10 22 8 11 7 15 10 15 4 31 6 20 26 20 31 11 15 21 11 22 14 7 22 27 20 13 13 13 24 29 23 24 28 17 3 13 25 7 18 9 19 9 8 20 4 7 19 30 30 11 8 5 11 5 22 22 28 13 -2147483648 
-2147483648 18 15 17 52 197 255 204 33 56 112 50 123 59 16 31 13 15 40 51 31 7 19 29 17 13 25 24 22 4 43 35 18 32 47 24 25 23 27 26 43 37 53 24 33 38 15 9 13 31 84 132 214 162 34 17 26 58 92 92 55 26 77 255 255 255 224 118 62 19 3 24 49 67 67 53 28 31 44 48 47 51 31 3 11 22 39 6 14 29 44 75 26 8 9 31 56 14 8 26 35 43 18 17 15 23 52 13 18 32 26 22 16 19 24 44 22 34 50 30 13 16 19 6 16 21 8 27 27 19 46 85 60 59 38 26 32 31 41 105 139 141 117 112 147 167 180 222 228 212 200 179 128 73 45 85 87 21 38 59 81 173 151 66 89 87 55 46 9 158 181 149 133 24 25 19 64 255 255 76 255 255 255 130 69 48 23 3 4 16 40 26 20 7 10 13 7 27 18 6 13 28 6 23 11 17 22 16 14 11 19 20 15 3 13 13 28 27 12 13 33 19 17 17 13 17 44 6 22 6 20 25 12 20 13 20 16 22 22 12 4 1 8 18 14 40 4 12 8 20 24 18 12 26 13 -2147483648 
-2147483648 24 18 7 49 101 255 255 94 38 128 44 95 90 55 16 23 12 5 21 20 14 3 11 23 10 39 39 12 20 33 29 23 15 18 33 22 40 14 30 50 28 28 13 26 45 38 10 13 32 37 45 155 209 124 17 59 61 91 52 39 35 34 137 255 255 255 186 121 57 19 32 53 67 53 48 47 64 66 57 56 44 27 20 25 41 35 23 30 35 47 48 15 10 9 33 53 17 9 19 21 34 19 26 14 11 51 10 4 24 30 17 4 5 22 52 35 30 44 47 22 8 30 31 27 38 28 14 14 36 99 111 78 64 53 39 31 33 24 56 93 136 160 178 209 244 245 219 179 162 144 121 91 31 70 85 17 74 85 131 209 185 89 33 69 87 53 53 22 197 167 130 138 18 33 36 86 255 255 166 255 255 128 55 34 22 33 34 38 35 46 17 31 6 16 5 7 28 8 13 18 23 11 30 14 16 8 13 12 7 4 13 12 9 15 30 14 39 11 8 11 7 10 22 11 14 32 15 30 18 17 28 14 12 10 8 19 11 24 11 5 3 3 20 16 29 14 8 10 25 11 11 27 15 18 -2147483648 
-2147483648 16 8 17 33 17 234 255 149 6 116 65 56 89 101 42 34 23 16 11 17 28 13 11 29 20 24 43 6 24 16 19 21 14 6 20 36 16 31 46 25 39 16 7 41 7 38 33 13 33 31 23 100 149 190 87 57 61 46 11 20 13 11 30 194 255 255 255 156 86 44 34 47 66 58 9 31 51 48 45 35 15 14 11 28 47 35 23 23 34 34 28 21 15 12 31 38 27 24 27 27 16 9 25 15 15 42 36 35 37 14 9 4 20 30 40 34 9 19 32 27 20 8 14 23 26 36 16 29 67 107 98 50 47 45 27 30 34 31 29 49 73 85 94 103 123 122 93 63 52 54 60 103 96 67 22 111 107 81 136 149 73 36 9 49 79 61 55 50 165 152 160 85 14 32 39 113 255 201 255 255 160 67 20 10 17 17 25 22 14 26 12 26 10 12 19 11 18 18 17 17 20 8 26 13 15 6 21 10 13 7 18 11 4 13 13 16 24 24 19 6 3 16 16 8 6 16 23 17 17 20 27 7 6 10 8 24 1 19 4 20 10 5 9 10 15 7 12 6 15 10 18 19 29 21 -2147483648 
-2147483648 15 13 14 12 36 128 255 233 17 95 88 9 72 78 60 42 25 39 11 31 20 23 42 24 32 29 29 34 25 19 25 4 24 8 24 30 22 26 25 6 55 9 18 7 29 6 51 17 22 25 34 89 64 161 188 20 107 78 23 9 13 8 40 34 255 255 255 208 114 56 33 25 63 61 35 23 34 39 28 14 7 6 10 34 30 10 11 17 26 26 16 34 13 26 28 27 33 21 43 32 12 6 26 16 6 26 33 59 40 23 20 28 18 16 25 19 24 23 26 20 32 61 56 43 44 20 22 49 88 91 68 15 45 16 11 28 12 22 37 45 51 46 47 44 39 31 21 17 13 71 104 123 88 21 80 153 77 58 101 36 75 36 16 36 53 65 52 62 87 79 99 25 3 19 21 114 243 168 215 139 93 43 37 25 24 15 16 14 0 9 19 4 12 9 18 18 3 19 13 17 16 8 15 19 13 20 23 8 13 6 16 13 11 19 28 28 7 15 21 24 32 17 3 3 9 14 26 6 9 20 30 10 4 9 7 13 17 25 9 18 4 13 7 6 13 11 17 26 5 12 3 11 13 4 -2147483648 
-2147483648 35 4 8 25 39 48 255 255 56 90 70 42 43 46 38 33 22 55 4 27 7 9 54 37 44 41 17 40 21 40 11 11 15 23 14 30 26 15 13 17 47 20 10 6 38 11 39 11 23 22 31 76 40 89 216 137 63 129 69 30 8 22 24 24 99 255 255 255 155 82 39 16 71 65 40 9 23 28 26 20 11 18 7 37 21 4 17 15 31 42 24 39 17 33 15 23 48 16 44 30 25 16 27 19 8 2 37 40 28 28 31 33 22 6 16 11 32 38 16 4 30 52 29 32 43 38 39 51 87 63 23 27 31 6 5 37 18 27 25 38 37 32 43 40 22 31 13 20 47 81 120 101 29 42 109 126 39 31 61 9 59 38 31 23 22 60 41 47 38 20 41 10 15 22 24 86 134 113 115 84 70 13 33 29 24 11 8 16 3 3 15 9 13 25 14 18 7 20 18 22 10 6 10 34 11 18 3 21 18 8 11 13 3 17 9 21 23 14 8 28 26 24 5 12 18 21 22 7 9 17 26 7 9 6 5 4 22 24 7 9 18 12 11 9 14 27 2 31 11 11 9 22 23 13 -2147483648 
-2147483648 27 4 24 28 10 9 231 255 126 79 47 15 7 30 49 35 28 52 9 26 13 3 31 27 25 50 12 13 8 42 6 12 17 13 37 44 3 13 9 11 30 9 14 24 34 37 22 11 11 22 27 51 29 54 165 205 84 89 98 64 44 22 14 34 22 217 255 255 226 129 56 23 77 65 22 9 22 29 24 16 8 10 29 42 21 25 25 21 44 41 18 30 17 38 18 19 51 16 33 26 18 27 27 15 11 17 41 18 17 17 10 17 24 0 24 17 25 47 4 12 28 23 5 27 21 49 59 44 84 41 12 16 13 22 15 41 14 39 42 18 26 21 12 42 30 18 29 38 77 87 115 72 35 67 103 80 32 52 36 13 37 39 30 18 9 46 37 31 32 24 33 27 29 38 33 41 78 88 66 76 47 18 22 24 31 17 13 26 11 7 12 1 20 34 13 31 14 15 24 24 16 8 4 25 7 7 8 15 19 4 10 10 21 20 18 11 20 10 7 23 25 27 6 20 6 13 10 6 11 7 13 5 8 20 14 4 13 19 14 10 17 14 10 16 6 30 7 18 7 13 29 16 17 19 -2147483648 
-2147483648 20 16 36 13 20 17 140 255 212 47 54 22 19 13 67 42 33 53 18 51 20 15 11 13 20 52 3 18 27 32 4 11 10 25 13 56 15 3 15 16 21 8 16 46 6 43 13 8 16 27 33 38 23 15 113 181 187 43 90 65 68 67 27 44 23 56 255 255 255 191 84 33 77 51 6 13 21 34 18 16 20 13 41 34 23 30 20 31 51 22 9 28 10 27 27 10 45 19 23 29 7 26 27 10 10 34 26 9 15 16 33 27 30 36 34 11 22 43 4 12 35 24 30 26 19 44 64 43 81 40 14 13 28 24 38 29 23 23 54 33 10 13 30 27 26 25 21 76 85 87 81 54 53 72 92 43 11 70 30 16 7 31 30 5 15 35 24 14 21 16 21 39 56 58 28 23 67 74 51 72 29 31 15 25 49 14 9 22 20 14 9 8 3 29 7 39 5 6 14 32 22 5 5 7 16 10 8 29 22 11 7 23 24 17 17 21 19 9 17 16 16 9 8 2 22 12 10 13 14 12 3 10 14 19 23 16 8 4 23 18 9 19 4 16 15 11 7 7 9 21 23 16 30 13 -2147483648 
-2147483648 17 10 33 30 16 24 67 255 255 71 60 39 46 32 70 48 37 47 37 59 15 24 19 27 27 40 20 9 14 27 12 29 15 33 22 55 4 21 28 22 20 18 18 23 21 32 21 36 49 6 43 58 37 25 65 113 200 181 30 52 60 66 23 46 12 19 112 255 255 255 120 43 69 28 1 14 36 34 2 21 25 20 35 22 37 28 27 44 45 21 10 35 6 18 29 10 41 13 16 41 10 13 22 6 31 28 21 11 13 52 44 30 31 38 38 33 23 37 0 4 32 57 65 40 48 45 42 51 72 41 34 12 12 7 37 52 43 22 33 33 8 17 24 5 17 25 34 90 93 76 51 69 77 89 78 36 29 64 23 13 23 20 45 11 25 33 11 22 13 6 13 33 74 54 29 63 54 60 37 56 27 24 28 35 33 15 5 13 33 10 8 14 18 27 35 30 15 11 4 28 15 5 3 9 20 6 20 15 32 3 11 34 14 16 19 13 20 25 3 18 6 16 25 30 5 21 8 20 11 14 19 9 14 20 21 10 6 16 9 13 8 4 16 10 3 2 11 17 23 25 28 19 27 6 -2147483648 
-2147483648 4 4 11 20 9 16 3 191 255 153 40 85 13 17 51 78 57 42 21 37 10 15 11 40 16 0 24 22 5 31 22 18 41 6 21 36 19 39 20 20 21 28 20 38 31 18 47 82 89 58 36 71 39 28 44 18 130 221 101 13 60 63 39 36 5 23 50 255 255 255 182 56 45 13 10 21 21 24 13 33 25 14 29 23 42 32 25 36 21 19 22 33 17 30 20 21 30 14 22 38 17 15 17 14 42 26 24 17 32 58 35 29 25 39 22 37 26 22 21 33 68 108 85 59 80 54 18 46 73 54 37 27 27 25 31 59 59 56 46 37 15 20 14 29 36 49 67 119 118 95 92 97 107 95 66 41 26 34 23 10 35 22 44 9 28 17 16 14 6 15 13 40 64 32 59 81 40 47 11 34 21 17 16 17 13 21 10 14 27 19 3 15 20 21 45 15 24 2 10 3 21 15 9 11 9 13 23 19 35 3 23 22 16 9 10 17 12 25 23 11 15 17 11 34 16 17 17 16 18 15 16 16 5 29 18 23 3 10 8 12 24 16 6 13 6 10 7 0 15 15 8 13 20 2 -2147483648 
-2147483648 13 17 10 14 13 18 22 85 255 236 21 91 31 10 25 98 79 46 29 15 9 14 29 30 19 24 4 8 20 22 12 15 32 8 7 21 26 32 23 35 35 23 10 9 6 16 70 74 68 54 33 46 59 17 30 41 44 188 176 76 51 65 51 33 2 25 67 83 255 255 255 88 4 27 22 29 8 7 29 25 29 11 26 29 34 36 41 34 13 14 16 18 22 39 17 24 8 24 31 25 21 31 22 23 49 18 27 26 27 47 27 10 18 39 8 21 14 3 49 73 112 117 55 60 96 64 8 34 74 75 55 46 47 42 6 30 34 56 56 39 44 16 56 64 64 78 91 147 134 102 108 122 113 86 60 48 31 13 30 27 31 15 40 11 38 21 27 13 15 14 53 75 66 26 82 73 26 31 8 18 1 13 8 16 4 14 11 18 18 28 8 3 9 24 16 30 25 2 2 14 0 35 14 16 14 10 17 15 27 11 21 12 18 8 6 29 8 9 22 7 27 13 20 24 7 16 10 13 28 24 6 13 12 13 14 25 10 22 14 17 32 4 19 5 8 1 14 16 13 11 5 8 11 13 -2147483648 
-2147483648 21 19 9 6 16 15 16 15 242 255 97 56 71 13 24 93 80 54 31 13 14 15 55 18 33 12 22 19 10 4 8 7 25 17 14 22 10 15 30 27 21 4 15 23 28 18 67 81 67 17 5 26 78 27 15 55 33 127 170 133 50 55 47 40 6 34 59 24 255 255 255 129 55 35 44 51 7 14 33 11 33 19 20 31 25 49 57 41 18 10 10 5 21 33 29 10 21 33 28 10 17 36 36 38 37 17 35 23 18 45 25 12 26 25 10 21 17 43 101 117 120 76 37 65 98 59 24 27 64 72 61 55 64 53 35 20 21 24 42 52 74 46 58 44 55 71 63 131 113 78 99 132 126 114 85 68 47 13 23 32 21 12 29 25 24 27 32 12 30 11 83 75 24 60 78 46 28 9 21 13 14 27 18 13 14 8 13 21 24 28 8 15 17 37 36 60 75 52 3 6 14 25 20 9 3 15 17 15 21 17 24 9 18 9 6 24 7 11 6 12 8 20 16 20 7 20 9 9 12 6 10 9 5 19 23 23 20 38 17 13 13 33 19 22 19 11 13 26 13 4 8 8 16 14 -2147483648 
-2147483648 7 17 7 24 5 15 17 44 156 255 189 11 93 35 12 71 70 65 49 7 21 8 59 19 45 11 20 25 5 15 4 6 24 11 25 18 29 15 32 31 6 20 30 31 22 8 32 44 24 14 19 26 78 35 14 53 11 75 125 138 51 57 44 45 44 54 42 40 130 255 255 204 101 4 42 44 31 6 26 19 28 19 16 30 25 59 69 37 6 12 17 21 25 23 23 4 17 43 21 3 15 33 47 42 24 31 34 11 20 46 34 27 18 15 4 7 38 106 139 116 69 22 49 60 80 60 45 31 46 55 48 47 48 48 23 14 26 19 35 24 54 59 43 20 30 33 16 92 81 57 69 84 91 93 94 92 50 38 25 16 17 3 28 13 6 27 20 18 24 28 70 60 51 94 51 20 37 28 15 14 10 28 16 9 5 3 9 1 25 25 6 16 34 13 22 114 59 117 24 5 8 4 10 16 25 13 17 24 5 13 24 11 15 2 16 13 4 16 6 3 27 16 9 16 13 21 16 13 10 6 23 23 8 24 9 10 12 34 24 25 22 25 26 35 17 16 15 9 16 7 12 6 7 7 -2147483648 
-2147483648 21 0 20 31 25 14 16 51 70 255 255 44 79 52 10 40 56 85 56 24 9 33 34 28 40 12 19 13 6 15 12 10 8 20 13 26 36 26 31 14 34 19 24 18 25 6 25 24 16 11 8 33 61 46 21 36 13 55 77 144 29 47 42 48 46 29 20 45 41 255 255 255 128 46 50 33 26 19 24 27 20 9 15 23 25 59 70 42 9 9 13 19 26 21 9 6 11 34 11 13 27 46 45 31 30 38 24 6 34 42 42 27 24 15 5 10 77 159 117 48 13 53 39 47 47 50 39 41 38 45 75 52 32 38 25 27 42 73 112 135 113 107 98 97 115 132 127 73 36 49 45 76 8 48 91 86 35 36 9 12 29 9 45 25 29 29 21 21 15 29 53 37 49 86 34 16 42 24 9 11 16 11 9 21 22 12 5 11 32 28 4 17 37 30 22 100 97 115 32 8 8 7 10 24 2 13 5 6 21 16 6 20 15 9 21 9 7 9 7 9 25 22 25 9 25 17 29 23 7 9 25 28 6 20 19 29 29 28 9 7 10 23 18 24 21 6 4 17 8 11 14 9 13 9 -2147483648 
-2147483648 23 18 17 18 30 33 13 46 4 233 255 65 33 48 27 25 62 94 72 31 16 37 28 37 9 14 18 3 7 35 20 8 5 16 18 38 34 12 21 49 60 28 25 36 18 15 24 15 16 22 18 20 54 32 28 54 48 67 24 146 104 64 92 56 22 22 10 32 22 199 255 255 145 88 41 20 30 39 24 11 22 11 15 22 24 57 68 47 12 7 13 18 11 9 10 16 13 27 26 31 39 54 31 15 48 46 9 14 56 36 51 30 44 16 6 25 116 157 63 19 45 28 33 42 15 29 27 41 49 40 69 63 56 61 107 147 178 227 255 255 255 255 255 255 255 255 255 226 127 54 35 88 107 132 134 86 36 29 14 21 21 27 58 27 28 24 29 19 23 31 55 15 59 89 27 17 31 28 16 25 22 13 16 10 17 12 13 10 18 27 1 14 24 34 32 28 96 78 15 5 4 12 22 11 23 11 6 8 10 11 21 6 6 4 14 26 25 28 14 6 9 13 20 13 22 17 31 19 9 9 15 20 6 13 23 22 22 13 16 13 16 12 12 22 25 15 16 23 22 13 4 23 18 11 -2147483648 
-2147483648 4 26 12 9 16 27 12 27 24 177 255 64 21 17 50 29 60 84 98 58 18 40 27 35 32 27 3 12 16 38 24 12 8 30 20 22 32 16 33 63 44 35 24 16 21 13 23 1 11 42 11 14 45 27 35 72 64 99 11 115 165 20 115 110 10 11 34 10 42 47 255 255 170 75 41 30 18 45 35 15 27 23 13 16 23 55 66 43 27 13 13 14 9 18 9 13 10 38 37 19 27 50 19 9 52 56 20 30 69 42 49 24 33 37 21 51 136 129 32 23 21 13 42 36 11 35 59 72 92 83 97 128 162 209 255 255 255 255 255 255 255 255 255 255 255 255 255 255 255 200 152 216 255 255 255 215 176 123 67 27 22 54 66 36 20 30 30 14 30 31 64 7 77 71 7 26 19 24 23 25 16 17 16 20 16 18 9 15 16 10 13 3 9 29 30 9 25 10 5 11 10 15 20 8 19 21 17 18 24 13 17 9 6 15 17 23 18 27 26 22 25 6 8 16 17 24 11 26 10 17 23 12 11 17 16 28 7 31 26 15 18 11 28 21 18 3 12 25 36 13 8 15 7 17 -2147483648 
-2147483648 12 33 7 8 18 17 7 9 43 118 255 104 49 47 51 37 35 41 82 87 17 31 25 36 51 27 9 7 29 24 35 10 9 34 30 14 17 14 18 46 20 30 4 10 13 29 23 33 21 35 21 27 11 23 34 47 61 82 39 84 161 112 64 147 30 3 48 23 18 94 255 255 234 74 5 9 14 26 27 21 32 16 14 15 15 52 72 44 31 18 6 3 10 15 12 16 11 35 18 13 25 35 15 15 30 68 22 34 59 49 22 14 12 29 29 84 141 110 23 13 28 42 39 44 78 106 135 148 173 202 225 238 255 255 255 255 255 218 190 176 177 181 183 184 172 181 227 255 255 255 255 255 255 255 255 241 241 230 196 104 44 60 69 48 41 39 30 26 42 38 70 27 84 35 20 7 13 7 15 11 6 13 3 17 10 8 6 1 13 24 12 11 27 16 33 3 10 8 11 11 4 11 7 13 1 5 10 9 17 21 16 4 6 11 12 12 13 17 48 33 31 14 14 3 7 10 26 13 12 11 33 8 10 12 36 34 17 48 24 3 2 16 17 3 10 12 20 17 40 3 9 14 7 12 -2147483648 
-2147483648 5 36 11 9 8 16 8 18 46 63 255 177 83 75 13 15 29 26 72 80 33 33 15 40 35 18 11 3 30 16 10 9 25 12 27 15 10 5 22 31 26 25 10 12 6 30 53 7 16 28 42 19 24 13 11 40 67 27 23 77 107 130 69 107 64 33 35 23 50 101 255 255 255 83 26 17 15 36 27 22 33 6 17 25 16 46 67 43 26 18 16 10 12 4 8 8 18 32 23 25 18 27 42 19 10 58 51 27 51 48 10 10 24 19 30 95 149 103 25 6 8 45 82 137 171 192 192 193 217 233 236 240 238 219 187 151 118 84 58 55 62 62 49 36 35 42 62 104 204 255 255 211 153 124 111 111 139 178 243 198 60 62 69 48 65 54 24 52 43 44 59 50 80 17 8 23 4 14 4 6 2 9 18 14 9 5 13 21 6 21 7 16 26 25 23 8 2 6 7 8 10 14 13 15 6 4 8 4 9 14 6 1 4 19 11 10 8 31 40 37 31 18 22 8 10 12 10 12 13 17 25 11 27 25 13 12 14 35 30 19 20 5 11 16 17 14 8 20 17 11 18 3 9 17 -2147483648 
-2147483648 15 23 10 15 1 13 13 19 21 10 255 255 64 140 49 12 29 28 46 72 50 45 25 40 31 17 24 15 24 14 16 6 31 15 3 26 4 7 14 13 3 27 18 12 33 31 64 36 20 21 53 36 10 27 13 69 39 13 10 86 68 61 90 54 85 49 15 14 42 77 201 255 255 73 47 19 19 12 16 28 36 3 9 19 9 36 64 45 25 20 26 10 16 3 14 18 25 27 28 30 9 2 48 25 18 55 65 46 40 35 14 7 39 21 44 80 161 108 31 22 22 12 99 168 190 190 174 169 163 149 123 93 66 52 59 23 61 70 70 69 32 27 40 35 18 18 16 13 50 98 117 105 61 50 57 46 47 73 174 249 140 80 57 23 73 61 21 63 54 41 26 64 64 23 22 16 11 15 5 20 14 7 25 18 11 6 18 22 12 7 9 12 11 25 3 13 10 6 5 15 7 19 8 10 7 17 17 9 9 12 10 11 5 12 23 22 17 30 27 27 20 15 18 11 5 10 1 2 13 15 8 15 36 10 9 6 16 24 33 10 26 19 11 11 8 3 7 6 6 6 17 17 13 12 -2147483648 
-2147483648 9 2 13 11 17 17 6 6 3 29 255 255 39 140 114 15 34 48 40 66 64 33 43 48 47 32 38 27 17 30 42 35 27 4 22 39 13 15 9 36 37 22 9 16 39 30 49 15 9 31 57 56 9 31 10 86 31 22 26 69 49 26 67 48 59 71 5 19 25 73 105 255 255 86 24 16 13 29 10 36 37 9 1 8 11 24 57 44 36 25 24 14 12 12 28 22 39 29 26 19 19 20 27 21 23 56 68 64 44 48 26 12 46 11 39 79 164 98 56 54 73 97 152 166 104 73 45 33 28 51 91 144 172 156 131 215 255 255 255 185 106 215 247 219 172 127 79 41 49 53 31 50 29 39 63 74 51 31 80 200 204 121 43 7 67 57 26 66 76 25 21 57 42 6 16 9 7 16 6 21 8 8 11 7 8 14 14 9 19 6 2 7 9 19 7 5 6 3 8 12 11 24 6 8 5 26 36 10 10 4 14 11 6 9 12 18 15 18 16 21 11 17 14 13 11 26 11 11 23 2 7 19 9 16 6 10 16 11 10 17 16 12 20 17 4 11 9 7 12 9 25 14 7 10 -2147483648 
-2147483648 11 16 4 4 24 18 17 13 12 34 236 255 107 102 154 69 13 33 28 45 78 38 16 45 51 28 37 19 22 21 14 64 16 29 7 35 17 20 30 24 58 17 25 14 22 19 51 15 32 16 62 53 26 25 7 92 24 39 37 46 32 29 39 55 25 70 18 9 30 66 28 255 255 121 14 15 19 20 30 39 28 5 3 13 9 21 38 39 51 30 36 40 4 34 15 44 34 21 25 12 32 10 15 4 14 56 56 62 48 61 39 16 44 3 24 89 152 80 61 76 121 147 219 255 211 105 95 99 102 174 247 255 255 245 235 255 255 255 255 255 255 255 255 255 255 255 237 157 210 255 255 190 102 62 37 52 69 60 49 118 184 143 71 35 62 50 52 46 90 16 49 67 14 15 14 13 24 36 15 20 15 3 6 9 12 17 10 15 8 8 7 12 10 14 8 6 11 9 7 14 9 20 18 7 14 19 40 12 23 16 22 15 10 17 10 20 25 27 42 24 44 8 16 16 13 38 14 27 29 16 13 27 34 27 21 23 5 22 22 12 24 30 15 16 19 22 5 14 16 25 11 42 15 3 -2147483648 
-2147483648 36 21 27 20 7 8 21 23 22 29 192 255 158 44 138 97 56 14 30 39 58 83 46 49 46 14 59 7 13 10 23 52 16 21 11 21 22 24 46 16 50 18 6 21 10 7 65 8 55 28 57 31 41 44 26 91 14 21 13 29 24 13 17 47 14 58 16 9 44 50 16 255 255 174 56 42 13 41 24 26 16 8 10 12 9 20 28 36 51 25 17 45 26 41 31 51 7 19 42 34 28 3 33 19 24 47 41 55 49 51 44 28 35 18 14 87 123 74 68 92 101 84 138 255 255 191 115 86 96 205 255 232 186 223 233 255 243 228 255 255 255 255 255 255 255 255 255 255 255 255 255 255 255 231 183 64 44 103 84 72 132 149 96 53 74 49 61 33 93 43 81 63 24 12 11 20 27 38 30 23 14 13 9 3 9 9 11 7 13 3 20 20 6 17 16 6 1 4 9 17 4 6 30 13 19 11 31 20 34 15 4 15 12 10 18 27 20 27 44 9 44 13 24 8 23 7 21 15 16 28 13 34 42 10 22 19 17 23 9 14 34 26 30 27 9 15 18 23 18 4 30 31 5 6 -2147483648 
-2147483648 44 5 10 17 22 13 25 26 13 34 163 255 184 24 91 89 91 42 29 56 30 67 62 58 55 14 61 22 12 35 6 20 23 4 36 45 32 29 29 34 20 10 11 23 16 23 55 15 40 27 30 20 38 40 44 104 13 38 49 48 31 10 16 42 15 77 26 20 44 23 26 255 255 198 94 29 55 34 10 26 8 6 14 18 16 8 18 32 45 24 29 39 35 11 30 29 6 23 55 37 16 14 41 10 27 21 31 73 56 33 40 40 24 30 15 76 91 85 91 78 53 29 42 155 255 249 142 76 50 209 239 141 83 141 174 229 95 122 255 255 255 255 213 238 255 255 255 255 255 255 255 255 255 255 255 195 114 64 84 119 126 113 104 52 79 66 51 75 78 61 69 24 18 22 13 14 18 28 21 19 10 14 16 16 14 19 9 7 3 13 26 29 8 18 11 13 4 16 20 5 11 23 42 39 13 13 19 20 30 2 25 15 17 23 10 10 17 17 4 13 23 30 24 16 14 30 6 25 29 16 10 21 8 20 1 4 3 29 19 9 24 19 15 9 16 14 8 21 5 12 15 20 6 9 -2147483648 
-2147483648 37 18 13 7 38 6 20 22 26 42 146 255 222 28 56 77 104 67 33 66 16 15 42 61 79 27 49 52 16 42 11 19 30 21 33 60 32 17 2 20 26 29 18 8 38 13 26 24 22 18 20 6 22 19 26 95 42 48 34 74 20 29 7 37 23 98 1 10 15 19 37 255 255 196 96 8 71 46 12 18 9 11 7 17 28 9 15 26 28 21 45 40 42 37 7 6 11 33 46 33 6 7 36 10 16 13 31 72 54 31 52 37 27 44 17 47 61 68 63 54 39 12 11 47 179 255 216 154 40 202 235 129 47 64 127 163 64 140 190 185 255 179 92 104 135 255 238 255 255 205 220 255 255 255 255 255 198 9 213 255 231 138 93 55 81 76 41 63 42 52 50 8 6 20 6 12 15 5 12 15 12 9 12 6 1 20 19 13 20 11 24 17 16 11 5 24 4 25 11 1 1 35 20 41 30 21 13 6 7 4 30 2 15 22 24 2 15 32 13 5 9 25 13 15 18 25 27 19 16 21 18 23 33 11 20 19 10 16 17 9 9 20 10 18 10 20 10 20 9 16 15 16 13 11 -2147483648 
-2147483648 24 19 24 9 35 11 25 17 26 52 108 255 252 62 37 70 90 86 59 55 29 18 19 40 89 48 37 60 31 43 14 19 24 25 30 40 19 11 6 18 35 54 10 12 44 8 16 23 5 30 23 17 44 38 25 56 31 14 34 87 22 34 16 33 61 74 15 26 12 27 35 255 255 197 92 2 62 62 14 23 21 10 3 17 33 6 15 26 17 9 41 34 27 43 15 17 21 33 36 20 18 11 34 15 4 10 31 61 48 27 61 38 23 44 15 17 28 40 32 25 29 10 18 40 57 176 231 224 114 108 207 207 164 139 178 202 159 211 180 67 255 114 34 37 23 225 157 255 151 69 107 97 131 255 255 255 223 47 255 255 219 172 94 66 77 77 64 34 18 42 38 12 10 11 10 3 10 20 20 20 10 23 8 13 12 1 13 25 23 8 4 26 14 7 8 32 7 22 8 10 15 33 4 14 37 6 15 17 2 4 26 9 7 14 21 8 24 23 15 29 10 11 10 19 17 11 24 9 20 24 30 42 18 14 19 11 5 3 7 21 31 6 9 16 13 18 21 15 12 6 16 26 25 3 -2147483648 
-2147483648 4 21 30 18 25 11 22 27 21 33 51 209 255 142 36 51 86 74 71 18 34 54 40 17 54 48 28 35 46 37 21 13 10 35 58 13 16 30 6 12 17 49 9 2 37 15 8 21 11 22 6 22 56 22 11 39 20 6 29 71 32 30 26 31 40 41 40 48 6 51 19 255 255 207 95 10 49 56 24 16 22 24 13 20 34 17 27 32 15 4 31 45 33 23 30 28 13 24 38 11 9 28 27 16 7 20 20 61 44 21 60 52 17 29 17 27 39 37 27 7 32 10 24 29 14 62 163 231 173 54 104 203 224 221 252 255 255 255 255 250 255 255 184 136 83 153 68 206 60 44 126 62 94 255 255 255 177 161 255 255 133 149 96 77 77 85 60 26 18 40 8 31 22 8 16 18 19 22 25 23 16 22 17 6 8 17 9 37 2 16 17 22 1 6 9 25 10 20 6 7 8 28 23 10 47 20 35 15 14 8 14 19 22 21 12 19 25 15 19 38 2 10 13 13 29 10 10 13 17 27 15 24 16 9 7 10 8 12 18 17 28 31 10 11 13 12 20 17 13 13 9 25 25 31 -2147483648 
-2147483648 19 14 14 20 14 11 11 18 16 12 16 139 232 212 142 39 76 54 62 45 25 44 71 36 21 62 43 13 57 28 13 7 10 21 62 30 20 37 31 32 30 16 11 21 33 27 20 31 10 19 4 29 53 24 11 41 16 3 28 59 47 13 29 37 15 16 45 56 3 57 7 255 255 199 104 7 41 57 37 13 29 31 24 12 34 17 23 39 43 42 32 51 45 5 23 57 3 23 40 30 34 23 16 7 16 20 12 54 39 28 60 63 19 25 49 39 23 39 26 34 28 23 31 13 26 3 74 170 192 143 39 40 98 122 154 215 255 255 255 255 255 255 255 255 249 197 109 195 152 177 193 178 255 255 255 255 63 240 255 219 72 124 88 71 66 64 19 51 46 49 25 33 19 9 27 24 26 16 18 8 17 6 15 10 18 20 12 30 7 20 12 9 7 7 12 17 3 20 8 14 17 16 22 21 39 6 46 11 5 13 3 14 12 14 9 15 14 16 2 31 11 4 16 17 14 20 19 28 7 17 11 7 1 10 3 27 10 30 26 30 9 22 13 16 18 8 5 4 21 25 12 13 11 46 -2147483648 
-2147483648 17 13 20 24 16 13 3 20 13 13 11 69 147 197 204 108 40 33 66 62 44 25 87 50 25 78 61 44 70 41 18 18 29 11 27 21 6 18 41 44 2 14 9 45 52 44 50 21 27 11 24 26 31 21 21 35 23 13 16 60 41 17 27 30 23 11 40 46 20 39 10 255 255 193 112 22 35 52 41 33 27 32 6 10 19 3 20 40 89 76 89 78 50 25 25 59 34 45 54 48 25 12 12 9 36 24 27 38 21 33 59 58 22 21 62 42 10 34 28 50 50 33 20 18 36 34 15 88 167 185 110 85 75 73 68 29 36 75 106 152 255 255 255 255 255 255 255 255 255 255 255 255 255 255 255 167 66 255 255 175 13 110 78 61 34 26 14 34 60 55 37 27 15 19 22 17 16 13 12 22 16 19 6 14 20 16 19 18 13 21 4 4 6 11 23 28 24 37 18 9 18 34 9 7 26 39 37 6 9 10 18 17 30 21 20 22 15 15 13 18 22 15 14 25 8 18 11 36 15 11 6 10 13 26 14 13 22 22 15 21 17 14 0 8 22 9 14 14 13 8 13 17 6 36 -2147483648 
-2147483648 9 8 32 8 9 15 12 13 18 7 21 19 65 139 195 142 78 21 69 57 57 24 74 57 36 67 70 57 74 61 16 14 51 13 12 15 13 15 57 38 42 9 37 58 57 23 55 13 29 23 30 12 12 34 26 30 41 17 24 45 17 6 27 28 18 21 27 20 22 39 24 255 255 204 105 14 5 42 36 28 26 34 27 11 16 16 36 71 108 64 60 62 42 45 63 62 51 55 58 29 16 20 8 24 51 31 37 36 9 34 68 45 9 32 62 34 28 27 28 39 49 38 25 23 32 30 19 55 114 150 117 99 91 118 146 144 128 93 86 61 49 84 164 245 255 255 255 255 255 255 255 255 255 244 127 50 106 255 255 139 38 81 50 37 26 17 22 13 58 40 13 24 11 11 16 14 12 16 16 33 6 14 6 6 3 13 13 11 9 16 5 11 6 4 31 38 19 53 32 22 27 35 22 1 20 28 6 9 8 16 20 4 29 20 19 22 24 25 11 7 42 24 23 29 9 16 21 20 17 4 13 24 8 33 22 22 18 6 14 22 17 13 4 9 11 30 10 14 9 15 4 1 17 23 -2147483648 
-2147483648 9 6 25 19 18 19 6 11 3 20 7 7 11 69 159 169 162 106 47 38 56 49 27 66 34 33 45 48 66 91 39 19 56 20 14 33 12 25 46 17 45 31 31 60 26 29 34 19 11 16 7 18 15 12 34 24 38 26 31 38 10 5 34 68 34 40 33 22 29 59 12 255 255 213 108 26 13 50 41 6 17 32 28 21 23 33 79 99 78 39 11 16 20 23 31 27 29 63 44 33 31 38 19 44 38 16 25 27 20 38 82 23 9 43 55 39 28 16 18 24 32 29 58 24 28 13 37 42 86 112 120 111 65 51 30 53 76 37 74 97 115 103 87 46 22 81 162 224 245 238 208 163 124 74 22 40 106 250 236 109 60 38 37 10 6 9 28 16 42 20 23 4 26 16 18 17 6 11 16 39 25 11 15 22 15 10 13 17 12 11 3 17 11 22 24 28 38 33 24 5 20 14 23 7 25 46 48 57 9 8 15 3 38 7 3 6 7 20 13 19 41 21 48 43 21 16 13 6 14 15 12 15 8 22 30 38 8 19 4 25 22 15 1 20 17 28 22 18 10 7 11 21 17 6 -2147483648 
-2147483648 23 13 10 10 10 6 16 20 19 11 6 14 3 23 94 145 189 181 121 27 43 52 35 47 59 21 33 39 34 89 75 30 62 22 37 59 23 43 24 25 11 24 8 67 36 42 38 25 24 16 5 7 0 15 36 13 18 41 16 53 26 6 64 62 79 22 26 18 40 68 43 255 255 211 124 14 19 53 48 10 12 40 30 13 46 83 100 72 33 13 21 10 4 11 32 18 20 70 38 22 29 39 46 42 22 12 18 17 33 31 75 21 14 35 44 48 42 17 12 8 13 19 48 51 39 3 47 24 70 104 125 131 101 29 66 115 102 76 61 35 51 89 128 141 155 161 117 51 32 16 49 74 70 65 71 84 108 220 203 86 65 3 46 18 3 10 17 34 30 16 30 26 10 10 21 34 9 9 8 34 13 14 13 30 14 13 23 12 11 15 4 16 17 16 6 12 14 18 16 19 17 19 18 3 20 54 26 84 7 11 8 16 19 27 18 9 5 14 19 30 23 17 62 19 58 17 18 16 10 6 12 6 6 17 20 41 33 23 9 27 12 29 4 25 6 24 5 6 7 3 15 21 8 23 -2147483648 
-2147483648 9 16 16 7 9 6 12 6 13 14 24 24 23 30 45 75 126 162 180 137 38 34 61 6 65 32 49 57 28 53 57 54 70 36 63 95 24 25 59 18 4 13 23 49 21 32 28 19 48 16 10 7 4 12 30 11 8 49 22 54 40 23 84 22 84 43 23 8 32 73 51 255 255 180 134 37 31 35 41 18 1 30 43 40 88 108 72 17 19 10 9 19 9 3 22 25 20 62 76 43 11 7 24 20 6 29 16 24 40 9 62 29 40 18 26 47 47 32 24 21 27 25 22 41 54 22 39 7 22 48 96 126 141 119 110 88 55 51 80 108 129 94 23 19 34 97 173 187 187 221 240 217 161 107 91 72 80 195 176 72 70 18 44 24 11 17 9 38 26 16 11 22 13 7 30 32 15 6 4 15 27 11 17 17 13 16 30 13 15 17 4 7 3 13 11 19 18 0 12 17 17 19 13 15 18 48 51 59 23 17 28 20 5 6 15 18 30 16 20 4 11 18 50 27 43 48 17 25 20 9 18 12 12 20 1 13 33 20 22 7 24 23 10 9 22 17 6 9 6 4 23 11 17 10 -2147483648 
-2147483648 27 2 21 2 7 12 8 25 6 22 40 8 44 34 21 29 51 92 144 192 123 23 54 38 37 38 46 70 49 38 34 79 55 111 61 129 24 52 24 30 20 22 15 48 6 27 17 32 47 6 11 10 15 16 13 16 14 36 24 47 25 27 81 16 51 31 31 36 46 73 52 255 255 143 127 30 13 24 31 31 18 6 51 89 104 76 33 10 17 29 4 6 17 11 6 24 19 43 79 71 38 25 27 12 14 34 11 13 20 32 39 39 45 26 22 49 64 30 30 39 28 34 22 10 51 38 30 6 17 10 31 69 113 135 171 164 118 62 39 43 137 170 163 178 182 170 55 66 132 145 112 134 114 35 6 4 74 197 152 62 75 13 31 22 28 35 34 49 11 15 17 16 15 6 27 26 26 21 10 20 29 23 18 10 14 14 27 11 9 12 20 19 11 7 8 17 3 19 3 4 9 21 10 22 10 11 36 21 17 7 26 18 15 26 8 18 28 35 18 27 34 23 21 41 13 47 30 20 12 10 13 7 8 17 7 3 37 20 6 20 9 10 23 14 11 13 6 17 17 7 11 23 20 6 -2147483648 
-2147483648 36 13 7 7 7 11 20 18 14 10 32 14 41 33 20 1 11 24 67 132 175 120 10 55 18 27 28 74 58 33 43 70 87 79 120 108 22 44 11 25 47 9 23 34 18 3 25 32 34 9 13 21 32 14 7 22 15 20 45 18 23 31 55 53 27 29 16 34 53 68 67 255 255 130 108 33 44 15 50 51 16 42 86 98 91 42 17 6 4 34 16 2 19 14 3 21 12 11 52 62 38 30 38 11 25 20 13 18 17 14 31 38 37 36 13 48 67 17 25 49 47 21 27 27 22 56 19 13 20 27 20 15 58 74 134 169 172 150 125 80 33 103 139 150 174 244 255 203 167 185 214 250 179 109 74 43 132 200 114 61 75 6 27 36 47 38 45 65 9 19 19 32 20 15 8 23 17 26 6 31 17 8 10 4 10 27 14 3 8 36 36 16 13 11 8 12 24 17 6 13 17 22 4 19 20 11 11 10 6 16 13 6 25 14 22 2 12 12 23 15 28 3 12 37 26 47 4 21 17 7 19 10 8 17 14 5 44 22 24 29 15 19 18 11 16 22 10 15 31 3 11 15 18 21 -2147483648 
-2147483648 34 3 16 14 9 9 0 11 17 6 28 8 24 32 29 4 14 8 8 59 120 166 95 46 31 11 34 82 64 36 50 46 64 62 170 31 50 20 14 16 61 13 40 17 11 25 22 23 21 22 8 26 37 37 19 40 19 27 44 17 22 30 33 78 7 27 30 53 34 66 65 255 255 117 93 24 48 38 43 79 54 64 85 70 65 40 9 0 6 20 26 9 24 18 14 21 23 6 36 47 45 35 44 30 15 10 4 25 19 27 18 18 38 33 24 49 45 28 2 37 72 39 8 40 20 42 19 15 28 11 24 27 32 22 69 100 136 164 175 166 106 47 46 34 51 99 182 238 246 250 246 185 87 33 64 135 191 157 70 75 57 31 33 51 37 21 55 64 6 31 23 42 9 11 20 20 8 19 13 23 22 19 15 10 9 38 16 10 10 51 23 14 5 12 9 18 3 12 23 9 4 12 16 2 7 17 3 10 13 11 4 24 11 21 15 16 16 19 18 18 4 23 3 35 36 46 25 11 6 15 24 4 17 20 10 11 32 23 29 31 19 24 15 18 18 11 15 17 26 22 20 11 3 16 -2147483648 
-2147483648 26 30 15 2 9 13 26 10 26 17 20 4 30 25 25 20 29 23 10 42 44 126 141 22 33 41 24 79 74 57 53 46 43 123 120 18 44 32 22 11 54 21 29 9 21 24 7 8 24 17 10 25 16 60 17 57 7 25 26 14 20 24 28 67 47 12 33 66 28 73 67 255 255 96 99 35 29 46 21 56 89 100 78 37 41 43 9 11 2 2 28 19 26 22 11 4 27 4 25 31 47 48 48 36 4 6 11 25 19 33 23 6 42 27 35 62 21 21 18 20 62 52 33 10 29 14 23 22 36 48 2 14 23 20 38 40 65 92 118 159 147 123 108 79 66 43 18 50 65 59 35 13 51 105 164 214 173 84 55 75 31 40 27 42 30 6 67 50 1 27 28 34 8 9 25 28 13 26 11 15 16 3 7 20 19 45 17 19 12 35 26 14 6 8 16 26 26 3 27 16 11 16 7 11 7 18 7 13 17 13 12 16 13 11 13 24 16 15 29 15 26 28 16 37 34 49 12 10 16 18 7 19 6 16 4 11 6 13 12 17 8 34 5 17 22 11 22 25 16 18 11 20 20 23 -2147483648 
-2147483648 4 29 31 19 11 16 32 4 20 18 4 6 44 18 9 50 11 20 13 49 6 64 151 95 59 106 35 64 85 73 47 88 87 74 59 13 33 22 19 6 35 18 18 10 20 21 10 3 36 12 19 21 22 51 31 55 27 9 9 18 8 22 22 46 67 36 23 61 16 91 91 255 255 79 87 53 37 49 54 24 117 130 62 10 30 36 17 16 13 12 28 35 11 29 9 21 10 4 17 35 29 56 62 37 27 5 17 24 12 47 20 6 40 18 43 80 20 27 14 25 30 43 51 22 28 8 13 18 10 57 17 15 30 17 25 13 40 47 45 80 99 119 130 113 104 99 89 82 72 74 86 100 142 172 188 170 87 29 61 66 7 43 24 30 48 29 76 25 14 27 13 26 17 17 19 28 6 14 13 13 11 8 15 3 23 17 18 14 11 14 15 14 14 9 4 19 23 12 16 19 11 6 16 19 27 7 12 16 18 21 6 14 15 3 15 15 26 4 18 4 30 16 35 31 16 4 10 8 8 20 26 18 22 8 16 1 9 8 7 11 16 33 31 23 15 11 16 22 17 30 22 40 29 16 -2147483648 
-2147483648 13 8 26 15 9 6 20 13 17 17 11 9 34 18 26 47 35 43 46 48 25 3 120 185 127 168 136 7 73 93 38 125 115 30 37 18 9 14 20 13 23 30 9 11 7 33 13 11 39 20 21 4 22 21 52 46 30 6 6 39 23 3 22 34 78 55 17 56 25 92 121 255 255 76 54 37 51 43 69 22 130 142 51 16 16 30 15 18 21 18 36 35 9 27 13 22 11 8 13 37 25 49 72 47 44 4 19 27 6 51 18 9 35 16 42 86 22 10 10 27 23 21 40 40 22 20 4 15 14 43 17 24 44 23 16 19 44 50 39 39 47 76 111 114 121 130 136 125 113 115 118 132 150 138 115 76 30 17 74 68 21 48 13 25 46 59 76 16 8 5 17 11 17 29 33 17 13 11 30 13 24 3 16 22 10 17 16 9 12 12 13 8 16 4 14 16 7 17 19 22 20 12 25 8 16 19 9 10 21 21 14 17 15 12 23 16 26 14 13 7 16 12 26 10 10 14 12 17 14 24 16 28 24 6 27 15 9 6 9 4 7 24 15 18 15 18 15 15 20 23 14 27 48 126 -2147483648 
-2147483648 6 17 36 8 14 18 9 10 4 10 26 11 22 16 14 27 23 31 24 20 12 22 42 217 248 100 230 110 21 84 80 154 114 24 6 24 30 20 37 11 2 15 27 23 21 36 5 18 30 31 31 8 22 9 19 38 13 13 17 42 14 30 24 8 56 47 43 34 50 91 165 255 255 73 24 20 34 46 76 59 123 135 49 15 13 25 7 5 16 17 46 32 18 26 6 8 6 13 14 26 27 41 61 73 53 6 20 21 11 36 23 20 32 26 44 76 24 27 38 15 40 16 15 6 19 28 40 20 17 17 26 26 51 46 54 47 54 82 66 49 47 55 85 120 127 118 130 136 124 122 112 100 96 83 57 36 35 32 76 52 38 28 13 30 22 65 51 9 17 18 20 17 1 35 10 24 9 16 42 4 36 15 21 17 6 20 16 17 21 20 23 18 4 0 11 22 3 11 22 6 15 21 19 22 10 17 25 4 13 19 16 14 8 16 38 11 24 22 5 21 18 20 4 11 11 8 5 18 15 36 6 37 22 14 27 19 16 7 8 13 20 11 12 17 13 27 17 14 23 13 64 132 239 255 -2147483648 
-2147483648 6 7 24 21 8 39 22 6 13 21 21 4 21 14 9 14 20 10 18 22 13 8 22 150 255 139 133 203 64 33 122 199 85 18 10 5 40 20 33 24 16 27 39 11 16 34 18 33 25 50 47 8 28 6 12 36 7 14 32 25 24 7 15 18 40 40 52 27 62 114 234 255 255 91 12 27 20 33 58 73 111 106 47 14 20 22 6 15 11 10 42 31 16 30 10 13 8 13 13 26 30 37 53 90 67 30 9 18 9 29 22 25 31 23 50 79 4 18 49 11 49 33 18 29 14 21 22 42 16 38 41 17 40 60 64 63 60 95 111 96 73 74 97 103 106 100 107 114 114 111 85 64 75 66 47 42 59 52 56 20 16 13 30 37 6 66 28 24 11 27 16 9 15 17 28 30 3 13 35 18 30 23 14 15 13 20 22 11 29 9 18 9 9 11 10 22 13 4 17 4 8 24 13 19 23 11 27 18 17 15 17 15 28 1 34 21 12 16 15 28 24 32 20 18 18 10 9 25 24 24 9 36 14 13 21 9 11 25 23 6 18 16 24 14 10 21 12 13 29 130 235 255 255 255 -2147483648 
-2147483648 8 13 14 3 28 11 16 8 13 13 10 3 26 12 10 10 15 17 14 15 17 11 25 51 212 255 129 140 117 42 126 221 52 24 19 7 30 22 13 14 3 23 27 33 18 17 32 42 25 64 68 23 23 22 28 19 32 18 6 26 27 18 19 22 39 51 71 53 75 121 255 255 255 80 25 47 56 76 94 112 100 68 48 16 28 10 15 16 7 6 31 34 19 36 33 7 18 24 12 8 26 31 53 95 81 47 20 16 8 33 26 28 33 6 49 85 20 4 38 30 45 43 22 29 37 16 11 34 35 37 53 28 39 36 37 57 33 37 70 83 80 94 104 101 113 129 128 118 116 103 85 73 79 72 71 60 64 50 28 7 12 17 42 39 30 69 16 20 19 23 15 8 13 13 2 17 16 11 8 16 15 7 12 34 17 10 13 21 17 13 8 10 24 5 25 10 18 17 17 19 4 19 22 18 19 1 23 27 31 23 6 23 18 9 17 17 18 11 36 18 23 21 19 6 10 13 3 30 14 11 13 26 15 13 18 23 21 22 22 19 11 16 10 12 4 13 55 123 237 255 255 249 162 91 -2147483648 
-2147483648 18 17 6 18 13 23 15 22 20 12 14 6 22 19 8 16 8 22 16 9 24 29 8 12 76 206 222 83 87 139 128 184 34 36 34 16 29 30 1 14 17 31 27 33 9 9 23 37 28 70 81 25 42 18 30 28 49 17 17 23 25 4 4 46 53 61 56 29 73 97 255 255 227 50 82 92 100 116 130 112 79 49 34 11 27 8 13 9 15 14 9 39 18 33 53 29 38 26 17 4 13 10 27 75 78 61 25 12 24 34 18 18 30 14 48 67 47 25 19 30 40 20 39 12 37 8 11 16 46 27 52 23 11 16 33 57 43 15 38 65 89 102 99 104 104 119 114 116 123 116 96 84 77 73 67 47 58 37 15 3 24 1 37 39 53 59 5 20 17 8 30 31 4 31 13 17 2 10 8 16 8 16 7 22 13 2 0 19 11 16 3 19 24 21 29 6 7 7 13 28 13 13 21 31 7 13 20 36 34 3 22 25 10 10 23 10 32 4 41 14 31 12 7 21 11 10 12 22 5 12 19 24 19 26 6 34 16 34 18 18 14 8 20 21 44 142 226 255 255 255 184 87 47 38 -2147483648 
-2147483648 23 15 11 14 19 17 26 18 15 11 20 8 9 16 11 18 9 18 8 25 4 22 17 19 8 89 156 175 97 116 129 108 23 62 15 11 18 16 13 3 14 32 22 23 13 18 24 38 21 55 73 28 25 11 26 42 33 37 18 27 29 20 28 42 67 40 29 32 66 61 255 255 173 106 115 105 95 88 77 66 53 40 12 16 16 21 20 13 17 7 20 40 21 2 44 27 24 4 26 4 4 3 9 60 63 61 35 28 19 26 11 8 21 16 45 33 44 57 4 13 1 18 47 15 11 11 8 9 57 23 39 31 18 30 22 43 63 65 66 78 82 78 75 80 65 77 78 78 81 104 117 93 78 72 46 31 43 9 5 10 20 6 36 31 65 43 21 28 7 3 29 40 13 37 15 14 6 13 9 4 17 12 23 21 22 15 19 21 11 15 9 23 3 22 15 11 9 8 12 24 8 13 17 13 18 18 17 33 17 24 16 17 15 8 12 6 27 9 19 24 13 6 13 17 11 10 15 22 13 6 25 25 9 21 21 12 16 13 42 9 8 8 75 111 225 255 255 255 168 94 40 44 6 24 -2147483648 
-2147483648 11 23 15 11 11 4 20 22 27 11 15 5 30 13 7 21 16 10 11 25 26 13 13 13 14 21 72 203 216 69 72 32 17 61 16 16 4 1 9 15 17 33 23 21 29 25 32 37 14 43 48 24 13 7 27 25 32 36 2 19 13 32 37 30 64 24 44 51 47 24 255 255 108 93 74 65 60 60 39 40 39 43 33 20 12 27 19 26 11 12 6 40 31 21 25 20 13 15 25 10 7 9 15 53 42 58 44 35 35 27 18 10 20 24 47 16 25 71 8 1 27 33 27 12 6 39 31 17 51 24 31 47 25 23 12 27 50 62 54 62 52 31 32 48 59 77 68 54 45 63 99 93 70 61 41 39 25 9 9 13 8 15 40 6 67 23 26 19 15 15 35 23 5 31 16 30 23 14 27 4 19 4 37 17 14 16 9 13 10 16 4 22 4 13 13 6 20 12 16 22 9 8 35 3 22 7 16 19 26 24 11 14 14 6 3 12 17 9 19 33 9 7 21 4 7 13 37 23 20 7 13 12 6 15 19 18 15 38 46 4 36 105 247 255 255 255 165 98 33 37 6 55 3 13 -2147483648 
-2147483648 8 13 3 7 10 17 16 17 15 11 6 7 29 12 9 13 25 18 11 20 30 11 20 23 19 22 9 126 228 175 104 16 43 39 20 19 14 9 18 30 30 40 25 11 32 23 20 35 28 38 29 11 13 9 15 26 31 25 7 23 23 47 20 14 31 34 27 12 21 41 255 255 55 41 15 15 45 48 40 41 26 38 40 17 9 27 6 4 15 13 6 27 38 23 17 17 13 31 22 16 11 11 23 45 24 60 43 35 51 23 27 16 6 36 50 7 20 64 20 26 13 45 4 25 36 39 30 14 29 30 7 52 16 28 24 29 24 16 8 27 38 9 30 34 51 60 57 47 41 42 51 78 40 30 43 46 35 28 32 9 0 38 39 31 57 16 14 13 10 17 23 13 3 23 12 28 32 9 24 11 14 10 25 27 9 6 19 12 22 12 20 9 10 4 11 24 26 9 18 16 9 8 35 19 27 6 8 9 37 15 21 13 4 3 8 16 16 15 6 36 30 29 8 31 30 14 24 38 9 8 9 7 6 3 4 19 18 37 25 88 202 255 255 255 180 87 37 17 17 33 4 46 22 29 -2147483648 
-2147483648 18 17 6 6 5 16 29 21 11 13 14 14 16 20 10 8 17 10 7 14 18 15 38 26 30 24 24 51 190 212 105 52 37 0 39 6 13 19 42 25 16 29 20 8 14 22 19 8 40 33 20 11 25 23 28 45 31 15 20 23 31 48 6 16 20 7 56 24 16 74 255 255 33 47 25 27 62 30 29 49 27 30 42 6 7 27 11 9 7 5 13 20 34 11 12 8 5 42 24 16 13 10 25 27 24 54 37 42 58 39 38 17 10 30 52 32 31 60 23 49 15 63 36 27 22 10 22 3 22 17 28 33 20 46 24 13 7 18 6 20 36 6 52 40 34 54 60 53 35 32 19 54 49 36 50 46 34 30 48 7 10 45 29 60 48 14 7 16 28 28 9 9 15 21 13 19 34 16 15 13 4 17 4 27 23 14 14 4 11 36 9 24 18 11 16 28 15 10 8 30 16 9 20 34 25 4 6 10 42 7 28 6 9 9 6 13 9 24 13 20 26 9 29 35 14 20 19 22 3 6 17 4 9 8 10 4 34 55 170 255 255 255 207 66 34 11 6 12 20 28 2 34 18 34 -2147483648 
-2147483648 21 16 20 18 13 8 38 13 13 25 7 15 8 12 11 15 13 9 14 11 7 11 41 6 45 24 27 65 213 202 105 78 40 19 45 25 19 29 31 16 14 28 25 7 20 14 19 24 15 41 18 12 48 12 21 32 6 10 37 36 6 67 13 12 17 36 61 40 32 142 255 224 13 53 59 42 77 15 13 40 43 45 46 10 13 28 32 29 10 7 16 4 30 22 18 6 5 38 28 4 17 7 29 6 23 45 29 50 66 71 65 31 12 23 43 40 34 67 42 46 35 73 55 46 18 12 23 6 23 7 26 16 13 28 8 11 1 19 35 19 24 34 59 31 39 79 61 55 35 41 21 41 62 41 34 21 36 43 31 14 30 40 15 67 44 10 0 7 25 10 16 9 9 13 6 11 23 25 7 19 19 8 4 24 8 18 14 3 13 35 7 37 14 3 12 10 20 6 10 21 11 7 7 35 23 7 6 9 34 21 22 6 7 14 9 18 6 9 23 6 20 9 34 31 30 16 7 20 12 16 11 6 17 17 4 26 120 255 255 255 217 87 35 10 8 8 8 24 25 20 9 32 27 6 -2147483648 
-2147483648 17 11 6 6 14 17 17 6 17 16 16 17 3 14 5 24 17 16 29 10 14 26 36 19 53 4 46 108 236 166 100 64 50 52 61 41 18 26 31 32 52 24 26 11 26 25 13 13 9 38 10 8 52 16 25 31 31 6 45 23 21 73 16 25 15 53 51 34 46 187 255 176 16 38 65 69 80 30 17 7 31 58 49 33 30 28 36 45 28 14 22 20 10 30 28 3 11 16 30 17 13 4 18 10 20 27 23 37 41 45 74 39 15 16 27 35 41 80 78 43 33 52 38 35 27 22 37 34 20 19 32 42 33 13 20 9 1 22 29 42 22 53 42 20 43 56 64 39 52 61 31 35 45 34 9 18 40 62 15 6 41 31 38 50 32 8 14 8 24 13 26 3 13 19 21 18 16 22 14 17 28 8 10 19 2 13 16 16 5 30 13 28 18 13 17 30 25 17 4 26 25 16 19 27 27 6 14 23 29 26 4 3 9 8 6 18 11 22 12 19 11 11 20 23 24 17 4 31 12 17 20 11 19 11 26 194 255 255 255 127 42 25 20 12 20 29 23 11 17 37 24 21 15 30 -2147483648 
-2147483648 15 1 7 12 21 23 2 15 15 13 22 8 13 4 12 23 17 21 40 19 29 35 18 13 25 34 54 151 240 133 95 44 32 87 24 63 13 22 37 27 53 43 45 18 41 28 15 11 19 22 10 15 48 6 27 9 25 12 35 3 12 49 19 22 40 48 40 21 44 216 255 124 30 34 51 81 66 40 42 9 11 53 52 53 38 30 34 54 45 20 20 22 17 26 32 4 24 6 21 33 24 21 16 30 16 8 15 19 19 32 73 44 31 22 26 22 33 72 85 64 32 18 11 8 22 23 17 38 22 39 37 47 45 12 30 15 13 34 2 29 34 58 25 26 39 29 50 36 50 67 26 24 20 44 47 17 45 77 11 5 45 9 56 24 13 17 16 8 22 20 20 15 11 11 28 14 14 20 10 14 25 4 9 22 15 14 8 12 7 22 26 9 9 22 31 36 18 15 15 14 18 26 17 15 25 6 13 11 2 27 11 16 9 17 26 8 17 19 16 15 19 26 8 24 14 20 6 29 16 19 37 23 23 49 181 255 255 162 35 11 15 42 37 19 51 21 25 20 19 32 21 6 16 30 -2147483648 
-2147483648 6 7 11 8 10 10 7 19 14 20 9 10 3 19 13 16 12 21 23 20 21 6 27 11 16 23 33 157 234 139 109 17 20 70 45 58 11 18 39 35 22 58 53 3 21 16 7 18 16 8 15 29 54 15 36 18 39 18 13 35 17 27 5 19 63 37 20 32 26 237 255 85 41 46 69 74 50 50 53 24 12 35 42 43 26 21 27 44 51 22 10 11 18 11 33 13 17 11 11 22 22 24 20 40 37 28 24 30 15 25 65 60 43 34 38 21 13 56 64 62 57 33 14 7 20 18 11 24 17 44 12 43 32 30 40 20 23 25 19 8 61 56 32 37 16 26 26 14 19 80 33 27 20 48 58 32 47 70 19 25 36 22 53 9 18 16 11 2 30 10 12 18 19 17 16 12 16 16 16 23 22 6 25 6 3 13 27 17 4 13 20 11 12 6 34 24 24 17 6 15 12 15 3 14 16 7 4 9 4 18 31 17 24 5 19 25 22 16 25 16 10 29 10 6 29 12 11 17 5 28 30 25 36 236 255 255 134 11 12 9 23 19 28 19 32 10 10 19 8 16 31 18 9 23 -2147483648 
-2147483648 13 10 13 4 13 7 4 18 29 11 19 6 23 11 8 24 11 15 8 9 3 14 25 6 16 20 28 130 231 165 106 22 17 16 32 19 17 17 9 34 46 67 23 13 8 22 12 16 39 25 8 42 44 19 23 23 43 20 8 58 11 16 14 39 53 34 22 40 20 232 255 67 43 47 54 42 44 68 75 65 37 17 20 44 17 13 24 33 46 40 22 8 21 19 22 21 12 4 5 6 18 27 30 43 52 34 27 43 32 27 45 67 50 40 43 28 19 32 51 60 64 55 44 36 26 15 28 33 28 24 10 34 24 31 43 8 21 44 23 25 70 20 24 20 14 35 38 27 30 68 17 13 35 53 47 20 57 53 22 41 6 45 28 4 16 20 10 9 27 18 6 26 12 34 11 19 33 10 13 12 23 9 26 3 16 11 26 15 21 21 10 21 30 16 27 9 18 18 8 12 16 8 9 4 1 16 10 8 13 9 43 15 35 25 26 17 8 11 29 13 23 15 16 22 16 16 13 18 11 30 9 16 203 255 251 114 38 22 18 14 24 15 11 28 13 18 28 34 12 9 27 4 23 24 -2147483648 
-2147483648 8 28 8 6 18 10 6 19 6 34 12 29 8 13 13 28 6 17 13 17 10 19 10 4 24 26 36 108 231 181 86 37 24 6 7 22 30 25 27 20 42 37 14 24 12 27 14 11 56 9 13 35 49 4 28 20 33 31 10 68 13 21 29 47 27 26 22 40 20 235 255 45 47 50 53 50 51 70 90 91 81 44 28 55 16 26 30 40 43 46 31 17 20 21 5 19 24 22 6 18 18 32 41 43 51 31 17 40 39 29 19 45 51 33 40 41 36 21 32 47 51 49 55 53 38 26 16 23 31 14 8 28 38 29 39 23 44 44 32 40 84 22 14 24 32 45 58 39 37 19 28 30 26 31 40 25 50 52 35 38 29 49 15 6 3 9 10 15 5 22 10 33 18 24 18 9 29 10 4 4 25 11 25 1 22 6 10 10 19 18 14 16 27 6 26 30 16 10 10 16 13 16 17 4 28 33 16 6 23 26 29 17 37 15 10 13 16 20 22 2 10 7 11 20 21 3 14 9 10 11 23 126 255 255 87 27 14 22 25 14 10 17 23 33 43 15 30 27 16 10 10 46 69 51 -2147483648 
-2147483648 11 23 14 4 10 15 15 17 10 24 29 10 17 9 18 21 7 18 21 15 16 14 12 10 15 24 34 89 231 196 80 56 19 24 13 41 45 24 57 16 30 6 27 31 4 21 11 13 36 22 27 17 50 47 27 20 27 28 9 69 9 10 40 46 28 20 13 45 32 255 227 30 52 59 70 67 69 69 73 79 97 92 81 82 40 22 17 28 45 60 38 26 18 29 8 14 20 24 19 25 20 10 11 15 40 56 28 30 38 24 11 27 52 50 47 52 48 13 17 29 30 34 34 37 37 42 15 23 18 23 24 38 62 47 45 42 23 21 17 38 92 40 32 38 35 48 37 51 48 27 29 54 13 5 45 36 46 44 15 23 32 49 21 11 4 13 10 9 21 11 15 23 41 19 20 8 19 9 4 11 16 10 14 24 13 12 12 9 7 6 22 38 26 15 25 28 23 6 6 7 30 14 30 13 31 30 18 11 20 43 7 12 15 19 13 11 21 22 9 30 35 10 7 8 17 19 24 17 23 31 31 255 255 102 41 26 10 14 30 6 8 31 16 9 46 17 19 25 21 13 17 71 7 44 -2147483648 
-2147483648 9 17 13 12 0 10 23 20 7 3 14 20 14 8 18 17 17 10 9 13 19 13 23 7 8 17 20 62 217 232 93 34 21 25 18 47 17 24 69 27 16 3 19 28 14 39 22 19 15 51 25 44 44 59 32 24 32 22 21 67 18 15 26 28 44 25 33 72 53 255 160 44 53 57 51 54 61 51 61 72 78 80 97 95 74 32 24 32 40 68 53 44 37 35 28 16 19 12 23 22 20 12 18 4 18 55 27 19 43 33 27 29 48 60 50 52 70 34 29 42 18 38 34 25 35 56 23 19 27 19 34 21 46 52 49 46 24 17 15 20 79 63 54 43 31 44 38 68 62 38 55 39 20 19 62 53 43 30 16 16 28 32 3 8 3 6 9 11 18 15 23 26 43 11 18 10 20 14 8 30 17 10 18 22 17 16 8 21 24 29 41 41 30 11 28 30 29 9 13 22 37 35 27 21 28 30 35 25 22 28 22 13 12 20 39 27 13 23 27 36 23 25 13 12 6 24 11 13 9 31 146 255 241 36 24 41 21 25 38 37 18 28 34 3 24 20 4 31 24 23 40 16 57 20 -2147483648 
-2147483648 6 13 5 18 1 15 13 23 14 6 8 9 13 6 15 19 13 13 4 16 14 13 21 8 6 28 11 42 204 255 109 6 12 15 35 29 24 44 51 27 5 3 8 29 3 54 12 29 38 39 29 38 43 26 34 12 30 18 17 75 29 17 8 17 44 44 51 88 75 255 98 54 48 40 38 51 54 39 30 50 57 43 80 75 88 58 31 37 39 52 51 40 43 35 36 25 21 11 22 16 8 3 18 12 13 35 34 23 34 44 29 35 38 43 54 54 74 56 48 62 35 32 39 33 42 53 34 23 30 35 23 27 22 37 48 50 47 24 16 23 59 78 78 44 24 49 42 85 57 34 64 41 13 38 81 60 34 21 18 17 37 16 8 12 11 14 15 3 27 38 8 30 26 23 20 22 7 17 29 34 22 26 13 12 9 36 40 35 28 34 52 33 33 25 23 24 17 6 24 31 34 21 10 13 16 13 46 11 27 7 3 11 30 9 57 36 7 40 46 26 34 24 11 11 25 13 23 27 25 27 255 255 125 11 3 28 18 14 34 46 26 27 59 34 26 31 28 24 18 11 24 32 13 38 -2147483648 
-2147483648 13 10 6 19 4 9 14 10 13 8 7 14 14 6 10 22 6 14 3 11 11 20 23 11 10 30 27 30 229 243 104 22 22 22 25 14 10 42 9 35 11 4 12 17 10 38 20 47 33 12 28 8 49 12 7 35 21 8 26 61 28 29 9 35 47 33 52 66 96 227 47 36 20 19 41 46 29 39 15 32 41 31 68 68 83 71 34 29 42 47 55 51 51 47 39 32 19 15 10 17 9 17 10 14 16 24 27 23 16 29 26 27 25 20 42 62 58 55 59 77 55 37 34 34 47 40 40 34 26 38 33 47 33 25 37 39 45 41 18 40 46 55 71 42 38 50 28 64 33 30 55 33 24 61 78 49 23 13 7 39 40 30 8 34 21 26 9 3 23 36 1 23 13 6 26 11 9 4 16 30 5 20 9 21 23 14 9 18 29 34 29 12 15 19 20 11 25 26 34 27 39 27 19 19 24 35 25 14 11 29 22 14 15 14 50 27 13 37 48 13 17 7 1 27 27 19 26 27 41 139 255 255 24 30 18 28 15 14 39 27 34 37 56 56 37 17 11 10 10 4 13 13 17 19 -2147483648 
-2147483648 9 15 15 17 11 9 8 4 8 8 20 13 13 13 3 25 10 3 15 5 13 13 19 2 4 3 49 37 255 214 85 34 27 16 8 11 6 48 14 31 20 5 17 3 13 11 28 63 30 10 20 13 41 13 15 41 17 23 41 35 35 34 23 28 56 31 41 46 127 197 3 13 10 11 51 35 12 21 22 36 34 39 63 69 89 82 56 43 43 29 45 68 57 54 44 27 32 36 26 4 16 33 23 8 27 16 18 16 12 23 17 23 34 29 31 62 58 58 61 77 73 59 39 36 43 61 61 50 40 47 41 57 57 36 24 31 35 62 48 48 28 21 60 60 44 26 4 31 35 46 55 38 35 71 71 32 26 12 14 31 33 34 29 34 9 29 6 9 27 48 9 21 7 22 11 25 12 18 21 41 15 22 8 25 22 30 37 33 24 29 30 27 23 25 17 14 20 16 33 40 24 16 10 16 15 18 10 16 16 13 10 6 6 5 32 11 35 20 6 14 14 22 23 22 15 15 17 34 24 255 255 112 12 3 29 47 20 22 35 16 24 16 12 27 34 14 14 11 14 7 7 16 20 49 -2147483648 
-2147483648 14 9 6 17 9 10 12 6 13 17 18 3 18 11 9 17 17 24 24 25 19 2 14 29 18 7 63 72 255 192 63 31 18 19 17 4 23 38 22 30 43 22 30 5 22 12 15 47 8 18 13 8 23 22 6 49 8 53 49 19 33 34 25 16 48 31 25 25 155 185 6 17 28 28 51 11 19 2 11 33 35 43 57 51 78 98 54 50 60 21 10 58 39 44 53 25 23 23 37 14 15 31 34 22 17 7 12 16 17 26 29 37 40 46 32 48 52 52 53 56 59 60 66 68 61 46 55 55 64 79 62 55 51 47 43 52 54 67 59 44 42 39 60 82 67 31 20 34 52 37 62 47 50 71 60 20 15 14 7 24 35 15 21 9 8 15 9 23 21 60 14 17 4 26 20 26 10 25 20 31 17 8 21 21 1 10 13 7 20 23 27 32 23 4 9 15 19 11 18 29 12 31 26 32 24 4 11 13 13 16 17 9 10 6 19 15 41 19 16 20 33 12 21 21 16 6 16 50 41 255 255 49 22 17 37 35 17 18 29 15 29 0 37 45 25 4 14 13 15 4 21 15 22 24 -2147483648 
-2147483648 7 17 7 19 7 11 14 12 26 9 26 17 8 13 12 11 5 20 20 25 29 20 22 28 40 4 61 113 255 175 41 26 20 38 18 33 23 27 31 7 65 23 20 23 25 11 16 29 30 16 15 4 3 9 27 46 19 63 47 12 36 49 20 30 51 29 11 26 149 156 27 26 8 28 49 27 16 6 3 13 17 34 57 28 51 107 67 57 80 48 25 51 19 34 56 31 19 24 36 20 20 20 20 29 24 12 11 4 17 24 31 34 20 31 28 36 45 48 34 45 54 63 81 83 71 40 44 51 63 67 57 63 42 47 54 49 47 51 44 38 47 49 47 64 98 77 54 56 38 27 52 53 55 62 44 25 10 8 11 22 22 10 16 16 10 5 17 26 17 33 9 9 17 23 20 15 10 27 17 37 11 27 27 13 7 14 16 7 25 33 18 20 8 8 15 29 11 16 10 24 22 29 11 17 29 10 7 19 6 13 19 10 7 10 7 16 12 21 6 9 20 26 8 10 4 7 13 55 135 255 210 38 29 11 21 21 12 16 31 26 45 25 61 37 23 11 14 29 25 7 16 13 8 8 -2147483648 
-2147483648 31 30 10 18 21 16 18 6 27 23 21 21 13 19 24 6 6 18 15 17 3 34 28 14 49 19 39 151 255 167 16 12 6 55 11 49 7 32 13 32 55 4 15 34 8 25 19 11 39 22 20 4 13 11 42 36 33 54 58 30 36 54 21 33 61 23 24 56 150 110 32 14 20 30 61 54 44 15 8 3 13 10 42 23 17 76 80 64 84 75 71 62 32 27 51 42 30 47 36 21 15 14 11 6 15 15 25 20 20 6 11 21 4 10 19 34 37 47 38 34 50 53 59 58 78 66 64 60 40 21 31 58 57 50 35 25 24 38 47 43 31 22 31 43 68 79 64 51 42 28 49 69 69 58 40 30 27 9 25 20 4 17 20 23 13 15 22 23 12 4 17 18 20 11 7 14 6 22 15 46 7 14 13 11 13 10 20 11 20 19 14 15 3 13 9 27 23 11 2 19 19 18 28 11 22 18 9 9 13 28 17 23 24 11 1 9 23 15 12 3 16 14 9 27 21 18 12 18 226 255 135 13 18 24 27 20 7 41 14 18 18 46 69 22 44 18 13 5 16 31 25 17 15 2 -2147483648 
-2147483648 39 15 13 12 17 15 5 3 27 23 31 16 18 6 8 16 7 13 5 10 13 30 25 13 31 24 14 190 255 128 21 21 25 61 14 38 22 43 12 33 28 26 41 16 28 49 27 9 41 14 33 16 28 9 47 34 34 20 53 44 43 34 13 32 62 20 13 55 162 83 14 8 38 40 69 25 46 28 21 17 18 28 12 25 15 33 58 66 78 78 83 76 57 34 43 39 37 54 43 38 23 24 7 6 11 21 28 43 14 4 14 16 9 3 24 12 24 44 44 42 40 30 31 31 63 71 68 69 43 30 27 44 53 49 47 34 43 54 66 62 43 26 30 32 30 55 54 37 48 46 51 70 85 69 30 28 31 18 20 16 14 7 7 4 14 27 14 20 4 13 29 15 23 4 15 2 11 20 21 34 9 7 14 6 10 8 21 7 20 9 10 25 15 18 17 12 21 17 14 12 12 16 22 14 20 24 17 14 27 27 16 16 25 7 17 22 30 9 23 6 20 17 7 40 17 23 27 77 255 255 73 7 14 30 30 26 11 61 4 12 25 31 50 21 40 16 25 25 7 46 35 4 6 7 -2147483648 
-2147483648 16 6 3 2 9 16 9 10 25 9 18 9 19 3 5 16 6 17 4 8 26 33 37 6 17 16 13 226 254 59 31 27 44 24 22 11 9 37 20 16 6 32 24 18 20 40 19 21 45 25 35 19 42 17 52 27 27 8 44 38 57 14 16 25 63 31 18 60 164 77 10 15 42 48 55 20 44 29 20 5 26 13 10 22 30 13 24 42 57 65 77 69 73 52 47 46 51 46 38 40 28 40 16 10 25 19 8 30 25 14 18 11 14 8 20 7 10 30 26 27 34 27 24 32 47 52 60 77 61 58 50 43 40 47 60 54 59 55 52 61 63 46 33 28 22 38 38 39 52 55 53 66 72 41 34 39 35 19 7 13 13 7 4 16 11 22 11 23 14 20 23 7 20 16 16 18 4 24 15 19 11 15 4 14 16 10 6 19 12 9 0 21 16 17 12 0 11 6 23 10 17 7 33 15 33 13 22 4 20 8 13 11 15 0 27 4 13 23 32 17 16 16 11 20 22 7 38 174 255 202 21 25 3 24 43 26 24 55 6 21 27 4 25 19 18 8 14 34 20 45 31 25 25 9 -2147483648 
-2147483648 17 11 6 7 13 25 8 7 10 10 16 13 14 13 7 22 13 21 11 21 18 23 25 33 12 13 57 245 204 37 7 13 28 29 13 15 9 27 51 20 19 22 9 16 9 10 13 20 27 24 37 22 50 18 55 10 25 8 36 6 44 49 23 22 72 39 25 88 144 70 11 13 32 58 44 44 37 25 1 16 30 12 1 17 19 26 27 17 28 61 80 71 84 85 70 55 61 47 29 34 23 37 24 11 27 33 8 16 19 26 20 25 22 18 17 2 13 11 13 8 16 37 27 43 44 32 38 62 61 61 60 56 51 51 61 56 53 47 46 60 74 67 61 45 30 37 38 57 58 54 75 77 48 55 59 34 27 11 6 2 1 18 18 13 10 2 15 13 17 16 13 17 10 17 3 16 18 10 22 23 20 18 20 14 16 11 18 9 10 8 21 3 16 7 20 14 8 10 25 16 35 18 40 12 38 1 10 18 5 7 10 1 11 14 22 21 20 23 16 6 11 10 17 10 16 13 27 255 255 114 12 44 27 21 30 22 26 54 19 34 18 25 21 11 14 25 17 13 10 29 11 26 30 30 -2147483648 
-2147483648 32 1 9 20 4 24 10 13 7 4 15 11 15 16 10 29 6 15 13 19 9 30 13 42 9 3 130 244 147 53 25 36 18 33 22 19 21 21 39 46 15 12 22 13 16 13 17 36 28 17 40 22 42 20 52 1 23 3 32 12 29 47 19 17 57 54 35 105 110 35 19 10 25 49 22 33 15 24 13 13 29 26 15 29 19 36 10 13 27 50 69 68 76 91 92 64 72 62 28 40 34 27 35 9 16 45 15 13 16 24 28 31 44 46 20 9 8 3 12 19 16 26 45 24 30 31 43 57 58 44 54 53 55 60 70 57 54 63 73 76 85 94 93 77 66 70 70 66 72 82 82 60 46 92 75 24 16 15 4 11 22 31 14 9 8 15 16 16 17 16 26 9 7 16 20 10 9 20 22 20 11 5 18 6 14 20 14 9 13 4 25 15 14 21 6 4 18 3 25 13 11 29 22 28 16 8 14 9 7 9 13 8 3 19 18 24 35 17 24 21 16 14 6 6 9 29 61 255 255 49 25 40 40 25 25 2 16 51 9 18 19 42 14 4 18 8 31 37 28 16 13 16 14 37 -2147483648 
-2147483648 23 10 16 12 18 20 23 6 11 6 12 4 3 13 17 24 7 17 17 16 28 24 25 27 21 34 197 232 109 29 19 26 14 14 20 19 6 9 23 49 11 13 20 14 14 23 10 11 27 14 31 26 34 27 36 14 8 28 11 29 18 37 26 33 51 42 57 123 76 7 22 14 41 45 23 28 9 19 11 18 7 18 22 31 38 33 36 30 10 29 44 57 57 78 100 75 86 87 34 31 45 28 44 19 22 44 15 9 17 10 21 30 44 46 37 28 30 19 23 22 34 17 37 30 13 20 30 30 44 38 53 46 44 56 70 68 64 65 66 63 77 95 96 87 86 95 84 73 78 61 26 61 97 115 61 21 21 21 10 6 29 22 29 8 9 16 14 18 16 14 22 15 3 8 24 15 21 28 32 33 13 13 4 20 16 19 4 7 15 6 25 6 13 7 17 12 15 9 23 17 17 20 8 19 27 6 19 17 12 13 20 4 9 11 6 19 9 25 20 25 8 13 16 16 18 27 151 255 175 6 17 9 33 20 29 11 4 51 3 15 4 19 44 31 27 33 33 5 16 3 39 29 11 51 -2147483648 
-2147483648 12 4 3 14 12 22 19 16 3 12 6 12 16 17 35 16 7 24 30 17 17 17 28 9 27 78 245 193 61 14 33 25 8 2 20 16 18 12 29 34 8 23 6 13 23 8 34 12 3 34 11 15 18 42 34 14 32 15 18 14 18 51 38 33 40 27 71 122 64 12 28 13 43 35 35 28 13 17 16 13 20 8 30 16 37 20 11 8 13 19 22 20 39 75 92 64 86 107 51 23 47 42 44 44 30 30 26 14 8 1 10 20 21 18 34 37 38 33 26 18 37 24 22 32 24 31 9 17 22 32 45 43 39 48 54 61 53 55 57 60 73 74 80 69 71 68 64 53 38 65 105 127 127 85 28 23 30 23 26 12 13 15 17 7 16 14 25 11 11 28 17 20 7 13 21 18 19 8 30 16 8 13 22 2 5 13 16 13 2 13 16 5 7 12 15 19 11 14 4 8 11 22 7 17 11 37 8 6 8 3 21 18 18 6 14 4 15 18 23 9 23 16 6 19 15 15 240 255 96 11 3 16 44 8 43 16 11 66 29 12 23 72 70 52 19 6 20 13 16 36 61 49 72 41 -2147483648 
-2147483648 6 13 6 17 13 25 9 27 11 14 4 22 11 12 28 17 3 20 24 13 11 6 14 12 23 128 255 130 38 17 22 48 4 11 25 22 23 14 39 17 8 20 17 10 11 27 17 3 14 40 4 3 9 23 40 10 25 11 10 21 18 58 36 34 30 45 88 107 57 21 33 15 28 45 47 39 16 15 27 17 29 11 32 9 20 31 27 19 15 14 21 6 21 64 70 44 74 107 65 38 44 51 54 53 51 35 34 27 17 11 9 6 13 11 23 31 33 44 40 29 36 17 16 22 33 25 14 22 21 14 20 31 48 40 39 46 46 58 52 50 48 33 58 45 39 37 38 63 113 167 173 134 89 40 11 13 6 16 26 6 13 8 3 3 17 19 9 23 13 37 9 18 16 9 9 1 8 6 1 14 8 14 17 7 4 10 8 3 24 14 4 9 20 15 9 17 2 14 21 5 4 20 19 11 25 35 11 11 5 6 23 13 22 1 8 9 4 13 13 11 9 22 17 8 13 72 255 255 41 9 17 15 57 22 53 8 9 63 45 3 25 103 17 61 10 22 24 28 24 62 48 37 38 41 -2147483648 
-2147483648 6 10 21 23 4 17 2 26 10 23 5 17 13 7 24 16 3 7 11 16 20 19 16 4 7 177 242 91 37 13 28 39 6 9 21 6 8 22 31 6 11 12 15 15 17 9 15 20 13 32 9 11 8 18 16 30 30 13 38 20 25 53 43 22 26 72 93 92 37 17 26 11 24 61 50 37 30 29 19 20 23 7 31 15 6 56 36 34 21 11 12 1 19 55 44 35 71 100 73 61 60 60 76 57 57 46 30 35 19 8 11 16 16 9 21 16 21 33 38 35 52 39 37 34 31 27 17 24 29 13 17 15 33 16 17 34 42 42 30 23 17 12 32 23 51 100 139 174 181 161 119 65 42 14 8 17 27 34 21 11 26 16 6 13 15 30 13 37 6 39 9 15 16 10 13 6 2 10 2 9 1 17 21 10 11 17 24 29 13 7 12 20 15 17 9 13 22 21 21 8 5 16 6 3 17 20 22 15 17 18 15 16 16 9 8 4 20 17 16 19 11 34 18 23 13 147 255 203 13 24 25 44 27 9 49 12 9 43 29 20 3 65 53 25 6 15 43 46 51 48 9 6 8 33 -2147483648 
-2147483648 7 7 29 17 13 18 22 14 3 19 6 9 21 13 10 13 6 7 14 17 13 6 13 14 34 219 208 84 27 25 13 15 16 21 9 12 12 40 13 16 17 12 7 6 15 7 28 26 23 7 18 13 19 30 13 18 36 14 49 16 2 42 38 11 42 82 84 83 17 6 20 23 28 52 44 18 16 20 18 26 10 28 23 25 4 61 36 23 24 11 14 6 20 52 31 42 73 89 80 68 73 73 89 81 57 57 48 51 42 12 15 31 21 9 14 8 16 19 25 21 47 64 54 46 40 46 48 38 34 28 31 16 18 4 6 7 11 13 13 14 28 51 91 135 188 210 193 162 109 51 56 19 24 15 20 13 18 13 16 10 30 17 3 31 33 18 13 35 3 33 14 9 22 9 14 10 11 8 12 4 3 26 18 2 7 19 41 39 27 18 13 31 15 4 17 14 13 27 15 16 20 16 15 11 12 8 13 7 2 21 14 18 13 10 13 19 27 19 12 27 15 33 13 42 14 233 255 134 21 15 37 13 13 31 27 11 25 23 9 16 30 10 6 38 35 15 44 38 22 4 21 20 8 35 -2147483648 
-2147483648 13 14 13 14 3 24 22 8 7 15 5 10 16 4 15 20 17 11 19 20 31 19 17 26 87 238 170 78 14 35 13 27 36 23 15 9 20 47 9 34 11 23 13 14 23 32 41 24 48 28 15 15 37 16 28 9 35 13 30 23 12 36 28 23 58 90 91 70 13 10 24 37 30 11 53 4 7 6 37 22 8 40 20 18 23 32 51 4 3 10 20 18 23 49 13 25 61 74 79 62 51 64 81 104 79 63 61 59 64 32 21 39 32 3 12 14 12 16 11 18 25 39 53 53 58 60 49 49 48 44 50 44 21 14 12 13 28 46 64 77 84 124 200 227 223 173 126 89 37 13 32 47 13 24 20 13 7 25 19 10 23 7 20 31 22 8 1 28 17 24 16 4 27 14 23 18 6 16 0 5 2 28 15 3 6 27 51 32 25 21 17 28 7 13 10 7 24 17 11 10 16 11 20 12 20 4 1 11 11 13 7 19 22 10 22 31 21 30 12 34 16 43 17 49 73 255 250 77 25 4 31 24 16 31 9 14 0 19 24 66 49 37 27 52 40 22 59 11 30 19 16 31 14 46 -2147483648 
-2147483648 16 4 3 9 6 21 15 4 8 18 6 6 22 13 8 17 13 8 17 20 30 18 14 13 152 228 125 66 17 23 13 16 42 22 10 22 41 17 12 32 33 16 16 25 24 48 42 41 42 41 24 12 37 8 21 27 37 13 13 22 11 36 17 33 66 101 108 50 21 25 17 50 28 27 66 11 8 2 43 16 23 40 29 16 26 29 51 7 8 2 17 22 15 36 5 1 26 48 68 62 48 50 59 89 91 74 71 72 85 59 36 42 44 24 15 6 4 23 18 21 28 35 32 39 48 51 47 59 68 62 59 59 50 39 31 42 53 75 85 94 84 137 211 159 105 48 40 24 32 24 5 37 22 16 15 26 24 9 7 4 17 9 13 15 18 12 6 27 33 32 42 8 28 31 1 27 8 7 15 11 14 28 4 2 16 23 45 42 34 31 19 29 5 14 9 9 27 15 18 13 4 3 17 11 17 1 7 0 2 14 4 29 23 21 20 30 18 22 27 34 8 32 17 41 158 255 171 37 18 33 26 17 43 23 12 8 41 44 37 98 39 48 27 35 16 37 42 4 19 4 19 34 12 43 -2147483648 
-2147483648 2 13 9 6 10 13 6 10 12 10 4 11 19 9 3 10 14 15 23 12 20 4 27 37 210 202 77 51 18 17 3 21 18 13 27 10 30 24 21 34 35 38 19 14 21 36 27 52 18 46 40 2 28 17 17 45 18 7 25 22 7 27 12 21 76 117 109 45 10 21 4 58 20 33 63 2 18 23 41 32 30 32 29 45 36 14 29 4 13 15 2 26 8 19 6 7 10 31 60 58 48 51 47 65 84 85 88 78 90 83 67 63 62 46 24 12 16 27 20 11 29 25 13 22 13 21 25 31 43 49 41 50 52 42 54 71 74 55 57 68 64 135 189 76 28 9 21 30 17 27 26 21 13 28 24 16 18 13 6 4 14 16 18 7 17 21 4 17 37 18 48 15 13 23 20 15 12 4 9 6 13 24 15 5 24 8 39 52 44 35 17 31 3 9 18 20 15 8 9 13 10 17 20 20 5 8 8 11 18 20 16 28 13 7 7 30 11 13 33 19 27 16 17 4 255 255 107 32 30 43 13 29 46 12 12 18 54 15 39 95 30 41 24 21 27 27 5 14 8 25 6 25 6 39 -2147483648 
-2147483648 16 10 16 9 16 6 6 14 7 14 13 15 3 13 6 11 19 17 3 13 14 17 32 98 255 158 38 34 8 7 18 16 3 8 24 27 22 37 16 43 16 34 14 4 6 19 18 45 17 37 57 16 16 47 28 43 9 6 48 7 7 15 34 23 75 127 90 54 24 13 16 56 8 9 46 21 12 45 29 8 24 23 27 54 63 6 24 20 26 22 20 24 24 11 4 8 18 9 40 51 33 51 42 41 57 63 76 71 80 89 72 79 88 69 45 26 27 27 7 10 32 8 1 10 14 8 12 13 2 37 10 12 32 38 90 87 83 27 52 68 44 118 161 54 12 11 10 36 12 13 8 10 25 14 10 9 4 6 13 12 11 23 13 17 6 12 10 7 27 19 23 16 10 13 20 1 15 12 3 7 4 9 11 21 10 9 20 17 14 18 16 20 9 6 4 24 21 13 8 15 23 15 15 16 8 4 11 10 26 9 4 11 17 9 8 37 3 10 35 11 23 3 25 69 255 255 64 24 15 34 29 24 25 8 29 24 22 23 28 38 37 24 34 10 32 11 50 37 14 32 21 1 15 22 -2147483648 
-2147483648 10 16 32 13 17 18 17 12 11 27 7 4 12 13 10 10 27 13 6 30 20 25 22 152 255 99 22 34 21 23 23 19 16 14 27 32 28 30 21 35 13 18 22 6 11 10 14 33 33 9 69 19 25 40 24 28 17 9 45 2 3 7 48 20 83 113 62 48 34 35 25 38 15 12 27 31 14 42 34 15 18 14 17 55 66 25 38 27 11 10 25 31 31 21 10 9 17 18 17 48 30 43 43 40 38 45 48 59 72 88 70 73 100 76 57 45 34 40 10 13 43 3 7 4 3 14 19 25 31 47 24 26 67 88 102 78 64 30 65 57 17 112 140 46 3 6 21 21 13 17 17 8 20 30 26 22 23 5 16 9 10 23 11 17 4 12 17 6 12 5 8 8 10 9 15 7 23 12 5 22 11 13 14 32 10 5 26 5 9 3 12 6 4 13 18 12 35 10 21 6 11 25 2 4 13 7 6 9 20 18 18 19 17 16 25 44 26 20 40 23 16 13 35 142 255 210 48 11 10 33 40 13 29 9 40 27 20 30 16 20 0 4 36 1 13 20 50 26 26 14 22 39 24 6 -2147483648 
-2147483648 21 12 25 21 15 29 13 14 8 28 16 7 15 14 15 11 21 11 13 20 32 12 48 173 201 69 31 58 40 40 29 16 20 32 35 22 30 11 30 14 28 13 17 24 25 8 2 18 36 25 63 5 17 10 10 13 13 22 42 8 9 22 35 29 98 83 51 29 11 48 20 35 18 24 9 28 20 35 17 23 9 11 14 46 48 26 41 40 25 12 9 23 27 28 19 15 13 27 3 33 41 45 37 51 38 51 46 43 54 61 67 61 96 96 81 85 46 44 24 17 44 13 13 3 4 20 12 39 52 25 13 49 100 93 65 46 45 50 58 28 8 116 131 28 11 6 19 9 9 17 8 15 3 13 18 13 23 14 13 1 19 9 25 12 7 20 25 2 9 5 10 13 10 9 16 18 31 6 1 22 16 7 15 35 13 14 27 11 14 23 14 12 4 7 12 19 26 12 22 4 14 9 10 17 10 9 3 16 6 6 16 23 10 6 36 50 35 4 38 24 17 11 45 184 255 175 49 27 53 52 12 18 46 26 41 10 24 12 35 11 13 4 30 15 18 31 38 19 33 48 39 17 30 27 -2147483648 
-2147483648 23 4 13 24 3 22 10 6 4 14 24 18 11 8 17 7 16 17 9 19 28 6 89 178 131 61 36 73 33 6 15 10 8 33 29 6 21 39 15 6 35 28 7 30 33 7 10 21 33 38 38 20 25 11 18 14 10 17 46 24 8 28 21 41 107 81 57 28 17 35 20 45 21 18 16 33 13 39 15 10 5 12 13 37 43 22 18 42 38 17 22 11 11 25 9 5 10 30 19 10 33 44 32 49 27 36 49 41 59 39 46 49 77 101 92 113 89 67 46 29 35 18 21 10 13 29 12 54 50 31 60 99 108 62 30 23 56 79 40 14 14 117 122 12 12 22 10 8 15 10 2 15 12 14 1 4 5 23 20 18 21 26 33 9 15 20 16 4 4 5 6 4 16 13 15 17 34 17 10 22 28 7 17 37 16 17 19 9 8 9 24 20 10 6 6 15 6 17 7 6 19 10 11 17 6 13 9 10 3 8 15 6 13 11 26 34 8 6 36 20 25 5 34 207 255 143 56 47 55 37 39 13 44 37 20 13 13 9 32 33 22 22 32 20 38 46 39 29 27 31 28 8 35 49 -2147483648 
-2147483648 23 8 6 16 9 10 9 4 4 5 12 18 3 12 23 14 17 8 17 20 14 11 148 177 118 65 2 78 55 40 27 20 4 19 14 3 12 27 24 18 37 24 10 34 28 18 15 37 33 33 9 21 20 45 20 40 10 11 28 41 11 12 33 50 102 91 65 30 10 7 30 43 18 6 2 24 8 33 15 12 5 5 11 32 48 20 12 27 44 29 17 17 25 17 20 11 18 26 35 2 29 20 23 47 30 14 30 43 57 44 33 37 50 71 85 105 110 86 71 58 42 25 24 10 15 30 35 58 64 70 105 109 70 29 7 27 78 87 18 4 25 119 113 8 12 30 1 25 6 3 5 11 8 17 3 3 17 19 20 39 19 46 30 8 16 12 8 17 17 5 8 14 9 27 4 16 12 31 17 38 44 2 9 19 30 20 13 13 13 25 35 21 26 9 5 20 4 16 6 8 13 15 12 5 15 20 3 18 17 9 24 11 6 17 11 21 13 10 23 28 16 7 30 233 255 115 72 54 21 29 54 8 25 29 8 13 15 24 29 41 32 23 36 36 40 17 2 16 10 29 44 27 18 27 -2147483648 
-2147483648 19 3 8 13 5 4 6 15 10 8 13 18 11 22 21 29 4 11 13 7 9 59 191 153 111 24 36 52 50 12 2 33 9 25 25 20 17 1 19 33 38 20 17 27 13 13 34 27 7 3 11 16 9 56 15 36 34 42 22 52 4 27 50 46 93 81 70 48 4 10 39 41 22 13 20 38 30 14 22 9 8 6 4 17 47 34 22 21 32 40 22 6 32 7 21 17 8 31 46 13 38 6 11 40 34 15 21 43 44 40 26 19 34 50 57 69 98 98 94 91 60 44 31 32 27 38 66 89 106 105 94 58 23 16 18 77 96 56 9 10 44 125 104 18 21 25 11 17 5 13 11 4 4 18 3 6 22 10 16 40 9 37 22 10 17 10 20 16 11 22 1 29 15 23 21 10 15 18 4 39 22 18 6 0 27 36 24 9 9 15 19 8 25 8 23 20 17 22 6 15 33 38 24 27 20 13 13 25 28 7 35 25 10 3 15 15 11 22 12 18 11 5 60 248 236 102 82 46 32 34 19 15 28 37 3 18 20 25 11 9 13 14 35 46 37 32 14 4 10 24 18 10 15 14 -2147483648 
-2147483648 24 8 6 9 8 5 4 24 11 11 15 7 16 7 24 25 3 1 7 6 7 99 186 125 78 13 24 40 55 39 37 29 26 27 49 15 5 9 12 51 29 17 13 4 13 16 29 16 15 9 1 22 21 29 17 14 55 13 30 65 10 12 61 29 87 74 70 42 21 17 35 36 12 17 46 31 49 6 17 13 5 19 16 8 29 17 32 23 26 34 32 6 20 14 16 13 30 22 46 11 53 7 1 30 36 17 28 42 34 36 34 10 18 45 28 30 71 88 88 95 75 62 52 56 60 77 110 116 113 86 50 22 4 4 44 112 85 37 30 30 46 123 84 5 21 4 18 12 21 3 17 9 4 29 11 11 18 10 21 17 19 19 4 16 13 18 11 20 19 15 17 31 26 16 28 6 16 17 5 31 6 26 7 13 22 15 4 30 11 18 34 8 9 23 18 24 11 21 9 32 12 27 20 16 19 15 4 36 20 10 44 21 6 1 13 6 7 20 10 18 26 42 97 255 231 94 68 42 45 14 7 13 24 30 19 24 11 30 23 8 6 13 18 12 18 49 18 28 30 25 20 9 10 27 -2147483648 
-2147483648 27 3 7 14 11 7 3 19 6 10 8 10 16 19 11 8 14 8 21 13 27 140 168 110 58 28 38 32 46 26 47 14 3 7 57 6 15 22 13 55 16 24 21 9 5 10 18 4 14 8 9 28 3 21 38 23 39 44 27 75 3 27 28 39 95 82 64 18 16 15 9 40 32 11 35 45 53 25 10 8 22 11 17 18 29 12 40 17 22 33 29 18 22 29 24 24 30 13 55 12 60 8 3 15 35 9 33 48 18 31 42 21 30 39 14 12 35 64 75 94 86 86 78 101 114 123 133 107 74 40 20 7 7 30 84 105 54 34 36 27 37 112 64 16 9 28 36 14 22 28 14 13 4 31 9 9 20 27 11 12 21 5 9 17 10 9 2 13 30 2 12 13 26 17 24 14 18 28 7 38 12 24 25 14 8 24 13 24 16 14 42 4 9 3 11 5 19 8 14 27 18 17 16 13 6 16 3 26 28 11 46 17 4 19 9 24 13 10 11 45 16 69 147 255 214 67 56 29 27 9 7 34 12 6 34 25 10 29 14 5 10 10 11 23 35 44 10 27 14 43 18 24 21 19 -2147483648 
-2147483648 15 6 12 11 4 11 3 15 4 13 6 6 15 13 4 11 27 10 28 8 76 180 134 91 60 27 35 24 14 31 29 23 18 21 35 13 2 34 36 49 16 27 12 25 13 11 9 7 27 10 11 17 27 24 67 20 16 36 34 59 26 17 9 71 102 81 46 9 28 21 19 28 39 16 18 28 30 34 18 32 23 8 12 27 34 23 37 35 14 39 24 22 32 27 21 21 8 29 49 13 54 4 6 11 40 14 36 48 9 33 57 28 25 29 0 4 4 37 61 83 89 102 120 135 136 139 96 57 43 16 8 21 33 70 111 78 34 26 25 18 30 93 54 29 6 13 23 26 13 23 31 6 9 13 32 38 28 16 27 7 24 4 7 13 14 4 6 23 33 6 24 21 8 13 25 18 18 26 12 42 7 22 26 14 28 13 4 8 19 8 38 13 21 20 16 17 7 13 16 16 9 9 13 10 19 15 21 14 35 17 40 16 6 25 15 27 18 2 16 35 16 54 211 255 156 50 46 25 30 11 17 36 34 22 18 26 18 13 24 20 11 7 14 10 26 25 16 3 18 15 9 23 16 23 -2147483648 
-2147483648 3 15 9 9 14 14 3 17 8 15 7 7 14 14 10 6 14 26 13 26 133 185 99 68 46 38 32 27 21 24 7 16 17 4 7 22 15 41 44 30 20 5 8 38 14 21 11 25 23 11 10 8 22 17 75 11 17 10 23 45 23 11 3 79 104 88 23 27 33 24 12 32 25 8 5 40 12 15 12 29 25 25 15 28 25 31 30 53 26 33 24 18 16 12 6 10 13 14 35 10 37 8 12 6 46 27 28 39 21 39 64 23 25 27 13 17 20 25 36 61 92 111 125 120 102 87 68 51 49 47 30 41 64 103 99 54 32 28 26 19 25 81 54 31 10 16 23 20 17 6 29 8 8 3 37 22 38 17 28 12 17 9 6 7 18 4 12 22 25 13 23 3 8 9 23 13 14 7 22 39 3 14 26 31 27 13 9 16 10 11 19 21 9 14 6 14 13 8 6 6 6 2 22 15 26 25 26 9 37 4 36 18 9 23 13 26 17 8 27 3 23 6 255 255 111 46 22 41 35 20 31 14 29 21 11 13 20 11 53 22 16 6 10 8 21 18 27 17 16 7 7 12 14 11 -2147483648 
-2147483648 11 19 6 22 5 19 17 14 16 9 3 11 8 9 4 8 6 10 12 51 172 167 86 55 14 40 41 29 7 42 26 22 9 14 16 9 30 24 11 32 44 11 20 36 14 20 19 30 38 9 12 6 12 37 59 3 16 24 6 28 18 15 26 83 117 90 6 27 3 33 14 36 14 8 17 22 24 22 15 24 20 28 10 22 14 26 17 35 54 22 19 3 7 11 15 22 8 12 6 19 18 15 10 13 25 36 33 41 23 38 59 50 60 66 66 72 66 57 62 75 90 101 105 95 69 46 56 62 58 61 57 72 100 93 59 45 38 31 25 28 30 81 50 18 28 17 15 10 21 16 15 9 5 8 36 24 22 24 30 22 12 27 1 6 15 1 15 9 13 18 11 10 7 0 28 6 11 9 20 38 15 15 18 14 10 20 12 30 14 22 6 14 9 26 20 7 23 6 3 11 9 16 28 21 10 14 0 13 16 24 23 16 16 25 8 0 11 13 12 26 30 65 255 255 72 30 9 44 12 18 27 3 15 20 17 7 11 22 49 8 25 5 5 10 23 27 13 25 41 24 24 17 21 10 -2147483648 
-2147483648 10 13 5 13 15 20 22 13 27 3 9 6 7 4 9 9 7 10 18 94 196 130 72 47 39 15 30 13 36 31 9 8 20 10 13 10 37 8 27 17 43 25 12 9 37 1 5 13 54 11 24 23 34 38 27 19 30 29 30 17 13 24 34 101 128 76 13 24 9 19 15 24 17 28 18 7 20 41 25 25 15 21 14 13 25 44 8 20 67 21 29 12 28 33 13 3 19 20 23 11 13 19 7 6 12 18 24 42 35 45 54 65 80 103 114 115 113 113 115 109 95 78 69 70 78 67 62 61 71 60 69 92 93 58 36 48 36 34 26 47 40 88 40 16 14 24 9 6 7 9 15 18 9 14 26 14 5 8 6 14 28 25 6 10 8 1 11 5 9 13 7 18 7 18 31 16 25 12 7 23 10 12 17 13 12 8 16 17 22 4 6 9 24 40 33 30 19 11 8 14 6 9 19 22 24 12 10 4 3 34 9 16 14 17 9 9 11 16 8 33 23 139 255 244 44 22 25 23 23 9 17 22 18 15 19 17 21 22 21 11 24 24 17 6 17 3 10 37 18 40 15 16 22 4 -2147483648 
-2147483648 13 7 6 6 8 20 21 1 23 6 3 5 3 4 13 3 9 8 39 143 185 85 69 49 37 26 28 39 17 4 34 37 14 16 10 28 13 17 22 21 23 18 17 20 36 13 7 23 40 20 22 40 36 28 12 13 20 20 38 19 8 16 53 109 119 65 12 18 10 11 12 21 41 27 11 10 19 41 35 19 16 25 3 18 54 44 34 23 58 34 50 21 29 44 28 36 28 12 29 15 12 21 18 19 21 10 17 34 39 56 65 68 69 82 89 85 93 98 98 91 74 60 48 51 61 69 53 43 62 61 68 81 62 40 34 51 29 34 76 101 88 121 29 20 15 12 18 6 12 15 13 14 10 24 6 23 17 7 10 16 8 9 9 4 11 11 16 4 6 5 5 16 19 18 18 10 40 11 28 8 17 20 15 12 17 15 25 11 8 21 21 17 42 30 18 20 18 10 3 12 9 25 17 15 23 21 11 16 13 30 29 35 15 9 20 10 6 25 6 43 9 232 255 171 25 33 27 8 38 21 9 28 18 28 22 26 13 47 4 6 20 34 27 11 15 19 19 33 13 35 11 31 10 21 -2147483648 
-2147483648 1 8 9 10 12 23 22 17 17 6 6 16 8 9 13 9 15 13 83 173 151 55 62 59 14 36 35 31 18 13 32 35 3 4 39 21 24 17 3 22 26 18 39 11 33 10 18 38 30 4 44 15 22 27 32 39 40 19 30 18 15 31 58 104 101 63 9 31 30 26 24 24 23 16 9 7 7 47 43 14 22 29 16 2 65 31 33 27 35 27 44 38 27 31 44 29 12 11 21 25 27 30 32 22 32 11 18 28 23 42 56 58 46 56 42 27 27 34 33 35 34 37 28 24 13 29 28 35 47 53 68 70 45 33 44 46 30 43 146 103 121 151 25 20 16 11 20 13 10 29 6 17 18 29 24 10 18 16 13 10 16 23 6 17 24 6 23 4 11 9 8 12 13 18 4 17 37 1 30 14 21 13 9 4 9 9 11 19 6 17 13 19 63 18 16 24 29 8 9 10 4 24 25 23 0 25 28 20 14 17 29 11 16 15 30 6 24 33 20 41 19 255 255 78 25 28 18 13 14 5 28 20 14 37 30 12 30 35 7 3 14 46 17 9 34 4 32 40 16 14 17 7 27 30 -2147483648 
-2147483648 10 18 7 21 13 16 27 12 20 15 9 16 8 20 6 2 13 38 143 178 107 57 67 30 13 38 27 41 19 16 28 36 18 25 32 14 38 14 19 15 7 42 32 35 10 18 20 46 25 42 45 39 53 39 27 43 57 7 18 18 20 17 49 87 101 61 20 39 35 34 28 14 16 28 11 9 7 62 41 32 18 20 11 9 52 17 20 29 30 14 16 53 20 8 38 9 2 16 13 11 11 10 17 18 32 6 18 32 35 32 34 37 29 34 20 3 18 5 4 25 20 33 6 16 25 21 7 17 38 50 69 53 29 29 39 27 11 26 158 119 119 142 34 19 6 25 6 12 13 21 10 24 16 4 25 5 1 10 9 3 6 6 18 9 26 19 12 13 18 27 16 11 9 10 13 9 43 15 19 19 27 9 6 0 17 9 18 26 14 26 27 11 56 48 38 29 10 10 15 9 15 23 16 32 14 11 31 11 8 22 17 17 9 7 21 16 30 18 23 26 79 255 255 1 52 17 10 18 20 11 25 18 6 26 30 27 27 13 16 15 14 32 24 13 32 13 19 26 23 25 5 39 28 27 -2147483648 
-2147483648 7 19 3 17 12 6 11 13 14 19 11 14 4 21 3 8 11 76 184 164 69 61 65 19 9 21 18 38 27 1 20 42 26 9 13 12 42 23 34 10 14 22 24 31 19 35 15 35 34 60 38 7 61 52 35 38 68 9 23 28 35 26 47 70 103 60 35 44 43 29 22 39 17 54 27 30 19 68 24 45 9 13 10 21 30 23 18 23 48 24 22 39 20 11 22 9 1 27 23 31 25 24 25 24 38 14 36 37 43 26 5 17 8 6 24 8 35 22 4 26 3 42 12 14 22 13 9 24 23 35 41 21 20 31 25 25 11 17 94 102 86 104 47 22 12 22 3 12 19 10 6 28 16 16 16 7 6 15 15 1 9 22 16 6 11 9 4 21 6 16 13 17 12 9 6 6 46 27 14 22 19 10 3 20 22 10 14 40 25 21 10 21 17 37 26 3 12 6 13 7 30 30 20 27 17 15 13 25 2 17 15 14 16 9 15 18 11 19 8 16 184 255 171 27 46 26 18 13 14 6 16 16 16 11 22 31 35 24 23 45 29 16 33 12 9 8 15 22 20 42 24 19 47 47 -2147483648 
-2147483648 14 11 2 14 8 4 15 23 14 20 15 12 19 24 9 12 20 126 185 133 46 40 65 42 17 13 53 41 49 21 9 37 22 12 9 7 44 24 43 21 9 14 21 12 8 40 19 10 37 31 60 27 53 17 46 75 52 4 28 27 29 32 41 75 91 49 51 55 31 26 4 35 18 49 17 42 21 62 17 29 20 27 36 29 13 22 16 12 44 41 18 20 31 22 9 13 8 25 22 22 18 6 37 7 46 26 50 22 11 17 17 16 10 17 25 26 30 24 16 37 23 35 10 22 15 23 35 37 25 14 24 11 7 35 14 38 9 19 32 50 28 67 59 17 8 12 8 26 16 9 5 10 16 6 22 4 12 13 24 13 5 35 9 3 12 16 6 13 14 3 6 16 6 15 14 25 11 26 9 25 12 6 4 18 18 9 3 38 24 30 7 13 12 16 9 9 5 17 24 6 34 24 20 10 12 14 22 13 19 15 9 14 43 19 32 13 15 32 30 24 255 255 85 32 24 32 28 18 21 33 33 34 26 7 29 13 21 22 20 46 42 15 27 9 1 4 20 9 18 33 26 8 43 54 -2147483648 
-2147483648 9 3 4 9 3 4 13 22 14 13 20 21 31 18 11 14 59 170 151 93 43 24 45 43 7 22 62 47 58 30 10 29 12 31 10 29 10 17 33 13 8 9 17 10 12 42 1 26 18 16 89 47 20 24 20 45 41 20 23 19 35 30 46 84 76 27 62 51 23 45 7 23 25 33 7 26 18 59 19 19 24 32 64 34 21 10 25 19 25 36 9 17 34 36 22 20 27 4 26 15 18 22 19 32 35 21 52 14 25 27 7 13 20 23 33 21 5 15 23 38 22 20 3 17 25 39 41 28 20 21 16 17 14 31 19 36 6 19 18 41 22 59 54 14 7 13 24 21 7 9 16 10 10 28 22 10 8 13 17 22 17 22 23 18 4 26 15 10 10 5 18 16 8 18 23 29 16 20 11 17 5 6 13 14 26 12 20 25 5 14 14 1 23 35 14 13 19 24 28 8 24 14 22 15 19 6 16 10 13 20 17 10 50 12 41 16 16 32 53 23 255 255 44 29 37 23 26 22 38 19 34 7 23 21 29 25 18 33 38 28 40 9 24 11 15 24 28 32 15 25 16 11 40 28 -2147483648 
-2147483648 4 8 2 11 4 2 14 6 13 7 22 12 24 4 5 24 104 184 107 54 63 21 12 17 7 16 35 49 46 13 20 13 19 43 7 29 28 4 12 21 4 11 31 15 17 23 44 24 31 28 105 9 49 13 29 5 7 27 25 13 12 14 56 86 64 6 53 41 31 56 19 16 17 25 11 20 17 58 17 19 21 6 64 37 23 19 41 27 17 35 13 12 38 14 16 27 40 17 14 18 27 26 22 32 18 24 53 26 34 11 3 27 41 25 16 8 16 3 23 35 7 4 5 20 46 48 38 16 17 25 22 23 20 12 30 32 7 21 19 51 15 66 36 20 22 30 29 9 23 13 12 12 18 35 9 20 13 27 9 13 16 8 21 17 11 21 9 11 13 18 15 18 10 17 18 29 3 20 19 9 13 12 30 25 17 28 46 43 33 7 10 2 20 35 15 16 6 15 35 11 24 14 4 10 14 4 11 8 29 19 25 16 23 36 34 27 25 23 69 94 255 254 26 11 25 22 12 25 16 23 44 23 5 25 6 28 18 19 23 18 17 8 26 21 19 39 10 14 22 19 22 7 30 5 -2147483648 
-2147483648 3 3 12 10 15 11 20 13 9 12 18 11 8 3 7 58 137 171 78 30 91 26 27 7 6 23 7 47 16 27 19 17 17 27 6 20 26 5 7 33 13 4 27 16 23 26 43 14 25 38 86 23 56 55 8 16 16 21 46 44 47 15 52 88 64 0 39 61 16 43 18 8 16 32 10 13 30 47 18 20 11 6 49 44 36 32 69 49 21 26 30 13 51 11 6 47 35 18 8 18 3 6 16 20 14 21 34 36 43 14 8 42 30 18 14 11 15 3 21 22 24 20 16 50 57 46 26 17 28 17 16 28 14 11 35 35 20 19 24 58 2 70 22 52 47 72 21 14 23 8 10 14 35 15 11 28 9 31 22 12 5 9 6 3 13 9 9 7 14 20 12 17 15 16 14 16 18 13 19 14 16 4 25 20 12 12 27 13 38 11 9 6 2 15 26 17 13 6 32 6 35 18 11 10 17 19 21 8 36 13 26 7 17 32 3 11 15 8 65 170 255 181 37 18 12 35 23 30 22 12 35 22 25 17 9 14 15 8 13 22 17 24 26 7 20 25 44 22 22 10 22 8 25 16 -2147483648 
-2147483648 20 8 17 9 25 5 6 7 8 6 13 22 13 4 8 105 159 130 71 33 82 11 34 20 10 28 23 30 33 53 41 15 22 11 21 14 11 14 1 30 20 17 25 27 10 37 17 11 38 49 28 32 24 50 27 14 12 19 66 51 41 21 37 89 74 17 21 78 31 18 17 29 18 43 5 13 37 30 16 15 1 13 14 36 25 23 69 77 11 11 30 28 39 16 14 60 29 16 13 16 16 7 14 21 8 7 17 41 42 14 18 40 11 20 3 12 9 3 22 13 13 29 30 72 47 26 22 17 21 27 37 25 22 16 40 39 20 12 20 55 7 82 10 78 18 93 13 19 16 8 11 10 23 13 11 23 11 23 15 27 14 13 12 21 10 6 18 4 4 9 22 1 16 4 9 3 10 11 8 30 23 11 23 13 4 4 14 42 18 10 9 14 15 11 11 11 19 11 24 8 49 26 13 17 31 37 18 20 29 12 17 10 15 10 20 10 24 38 45 251 255 111 50 11 14 33 16 13 27 8 15 7 16 27 16 37 36 25 12 46 9 41 27 18 6 14 10 27 15 25 4 12 9 21 -2147483648 
-2147483648 24 13 8 5 13 14 6 10 11 3 22 15 13 4 24 150 159 95 69 25 41 49 30 25 25 19 40 9 32 40 42 11 6 23 48 4 8 18 6 27 17 24 21 26 20 28 6 3 63 52 50 42 18 34 16 10 32 45 39 58 20 38 28 84 67 42 34 69 35 11 29 40 23 43 26 4 47 16 14 13 23 21 27 22 38 17 68 50 38 23 14 16 35 20 23 57 11 23 24 4 3 15 13 24 15 16 19 30 37 15 11 22 8 3 7 9 11 16 14 16 38 32 36 68 16 30 10 13 9 17 29 21 25 19 35 21 10 15 7 49 16 94 4 72 51 72 10 14 9 7 1 4 11 8 6 9 3 17 4 11 10 15 13 33 13 11 22 24 17 0 31 24 13 11 17 7 9 24 14 29 24 7 6 29 9 2 4 38 12 8 10 10 10 19 13 19 14 14 24 16 48 27 8 15 29 36 15 27 5 27 13 11 17 23 19 10 20 20 8 255 255 73 31 18 13 21 36 33 10 16 11 12 17 31 39 54 59 36 11 33 18 19 25 2 16 15 16 26 10 18 6 29 37 21 -2147483648 
-2147483648 20 6 3 4 8 11 13 6 22 3 17 23 6 7 63 163 140 90 50 10 10 14 17 27 10 14 28 12 16 34 28 19 2 19 42 17 7 15 3 20 11 1 30 12 32 28 10 7 70 72 30 78 8 33 8 8 44 15 7 58 14 32 28 83 90 95 72 86 57 39 47 33 3 23 35 17 56 15 10 9 28 20 28 16 16 53 59 20 33 25 27 0 32 16 2 36 32 35 22 22 10 6 19 21 13 17 21 22 37 15 3 7 9 7 6 16 9 12 7 22 44 17 17 43 13 28 3 8 8 23 16 17 19 35 37 22 16 11 1 48 21 93 23 51 43 32 11 16 9 8 9 7 10 10 18 3 5 8 14 11 10 4 2 34 20 10 11 19 33 12 27 22 16 18 22 4 12 33 29 22 21 2 11 20 8 14 16 22 5 8 3 4 4 6 24 1 13 4 18 17 26 11 7 18 19 11 12 8 13 27 14 13 7 11 14 18 7 32 54 255 255 65 11 13 12 8 9 11 34 8 17 20 20 13 48 33 84 25 19 11 14 22 11 6 24 20 42 24 1 20 25 52 42 33 -2147483648 
-2147483648 6 3 1 9 15 10 4 23 10 27 9 14 11 6 126 149 113 89 22 1 17 18 6 15 9 7 8 4 30 31 24 14 17 26 18 35 10 17 11 32 41 55 33 31 30 15 16 17 53 74 39 72 25 35 22 4 46 21 3 56 5 24 10 97 193 203 186 191 180 150 114 68 36 8 26 30 53 32 12 17 12 39 17 32 15 58 51 23 38 11 25 36 15 11 27 9 24 18 5 24 10 20 6 13 20 16 14 31 40 15 8 11 27 16 6 10 17 19 9 14 33 14 16 35 8 16 13 17 19 21 25 18 18 30 47 46 9 9 16 59 15 92 49 21 10 20 17 17 7 16 14 8 6 15 18 6 4 6 22 8 10 6 8 21 6 12 22 13 25 25 4 6 9 4 8 15 8 23 29 11 4 12 17 21 21 1 13 6 9 9 2 5 7 21 18 27 12 3 11 5 10 18 15 25 18 7 14 13 10 20 9 7 3 14 12 12 25 49 77 255 255 51 4 20 22 28 20 9 38 13 13 28 15 4 74 20 96 6 18 21 15 14 25 13 40 29 66 22 15 8 38 43 18 27 -2147483648 
-2147483648 11 9 3 13 20 15 11 22 14 24 2 6 9 57 162 124 60 83 40 6 26 11 16 7 15 28 16 16 48 32 25 18 27 20 24 31 11 12 13 43 33 85 4 26 8 9 5 14 13 52 46 51 18 41 35 18 23 32 10 40 20 14 20 130 255 255 255 255 255 255 255 228 187 138 104 80 74 67 21 5 26 41 22 47 35 66 37 35 59 20 38 39 10 20 49 28 37 12 22 19 9 6 23 6 18 21 14 35 32 6 11 23 27 16 12 6 16 17 16 30 31 43 21 42 6 17 35 34 35 30 23 15 12 24 54 48 15 20 28 63 21 106 37 23 13 25 11 18 19 25 24 3 8 20 3 16 5 4 17 17 11 4 9 7 7 9 13 9 13 4 9 4 8 4 8 8 17 17 16 9 16 18 8 9 13 21 23 2 10 1 9 11 18 11 8 21 13 15 6 3 5 29 1 26 21 10 6 6 16 14 4 3 8 12 13 6 17 49 102 255 227 28 12 13 37 24 24 32 34 13 25 5 24 11 67 54 74 16 8 24 18 4 27 47 49 44 51 23 29 23 42 25 16 21 -2147483648 
-2147483648 16 14 4 16 13 16 4 9 19 30 12 7 33 94 156 75 30 72 44 24 24 10 28 35 14 40 20 36 64 21 9 14 23 7 24 27 9 9 0 33 29 65 13 23 3 9 17 14 3 13 44 24 21 48 33 23 9 33 19 34 38 14 34 155 255 255 251 255 255 255 255 255 255 255 255 224 182 166 114 57 45 30 21 66 19 89 34 35 72 50 40 29 14 13 42 19 41 18 25 4 11 18 28 9 18 25 33 30 43 31 34 46 30 26 19 8 17 18 16 36 21 56 38 31 4 25 40 42 36 21 8 10 19 38 52 36 26 32 35 59 35 123 20 10 36 13 10 2 31 2 24 5 23 28 18 19 6 7 9 16 9 6 15 2 13 12 4 7 9 25 17 8 6 21 17 10 10 18 10 8 8 10 13 19 16 25 11 6 4 13 6 26 8 18 31 22 20 8 11 6 17 38 29 20 11 6 7 24 8 10 11 12 7 9 13 20 11 45 158 255 171 13 31 13 29 7 23 49 11 18 23 3 16 8 34 45 35 16 7 17 21 15 24 72 21 20 34 35 24 35 45 34 41 13 -2147483648 
-2147483648 18 17 6 7 6 14 3 9 13 14 19 3 56 121 126 29 48 65 25 46 12 26 45 53 22 32 17 37 40 17 8 10 10 26 17 31 3 11 9 16 19 27 13 13 6 19 15 23 18 5 45 15 18 37 43 13 12 34 11 25 44 9 55 156 255 255 131 111 154 218 255 255 255 255 255 255 255 255 255 241 201 181 171 172 117 107 48 24 57 52 37 44 25 7 37 9 30 6 22 10 14 19 41 30 25 24 47 21 44 44 36 52 68 71 55 38 42 37 28 38 20 47 55 28 8 40 21 33 24 11 12 7 18 46 34 32 44 35 28 55 25 122 34 7 29 16 8 30 16 11 13 8 13 12 16 12 7 9 11 1 12 1 18 6 12 12 4 4 18 11 16 11 10 28 21 16 17 13 5 7 8 9 15 11 29 20 12 17 14 7 7 17 23 37 19 4 4 6 13 19 36 26 25 17 9 11 18 25 5 15 9 12 20 11 21 31 26 58 251 255 108 31 34 16 13 15 12 24 34 15 19 2 13 14 8 9 23 15 28 11 21 29 30 64 12 44 29 37 4 41 28 45 63 30 -2147483648 
-2147483648 13 8 10 7 9 9 16 7 13 0 24 21 98 129 94 35 65 56 30 48 4 34 50 42 30 30 32 25 8 17 22 11 11 20 10 23 22 15 18 12 13 18 9 14 9 10 21 4 20 17 28 8 13 13 33 16 23 35 28 24 36 24 61 143 255 255 128 82 49 67 98 148 181 233 255 255 255 255 255 255 255 255 255 255 255 255 255 226 182 123 77 82 31 16 43 20 24 27 16 13 21 41 54 44 36 28 55 33 45 47 30 49 72 67 59 53 50 36 38 34 13 24 40 32 26 34 16 24 12 12 23 24 9 22 30 26 59 42 18 60 24 104 56 8 13 5 22 24 6 16 13 2 27 27 14 11 0 7 11 11 0 11 9 12 23 6 6 4 16 14 9 18 9 20 16 10 4 3 2 8 8 9 15 8 7 13 11 23 13 7 3 6 14 26 13 8 3 9 14 9 27 18 16 16 18 13 11 6 9 14 4 3 22 24 41 67 73 54 255 255 74 56 11 19 11 16 24 12 11 29 26 17 15 27 13 12 19 13 39 13 4 24 34 34 21 42 13 4 33 37 0 41 45 44 -2147483648 
-2147483648 8 14 18 20 13 32 19 9 22 7 21 49 135 127 100 81 64 49 31 24 18 15 44 32 52 26 66 39 31 20 13 14 19 13 16 6 13 19 27 5 2 5 15 22 13 6 16 11 17 17 23 12 13 17 37 10 34 37 33 30 16 31 32 148 255 255 133 96 40 42 17 4 18 44 97 164 226 255 255 255 255 255 255 255 255 255 255 255 255 255 255 249 191 120 109 96 75 57 14 5 32 53 40 33 19 26 59 48 37 47 34 45 36 34 25 48 42 29 33 12 6 8 15 7 28 25 17 1 11 11 14 22 22 9 38 18 53 52 6 48 16 96 52 9 14 7 8 13 10 13 7 16 35 23 16 8 4 15 5 8 21 15 8 23 29 9 15 8 14 21 6 21 15 14 17 1 4 8 16 15 23 19 18 13 20 11 14 14 6 7 10 16 9 15 16 12 12 8 23 34 34 19 8 2 22 8 11 7 17 10 10 26 47 72 83 77 64 40 255 255 63 59 28 11 27 14 19 13 6 37 13 35 12 36 11 18 10 6 17 19 14 24 30 9 18 24 29 59 52 27 14 16 16 63 -2147483648 
-2147483648 17 22 25 23 29 28 14 8 15 14 5 76 161 124 86 53 33 33 13 22 28 13 26 18 44 25 82 49 23 17 15 20 20 15 24 10 4 23 26 20 19 20 1 17 22 8 12 14 9 13 34 16 6 20 30 9 25 36 28 30 8 9 9 179 255 255 129 96 33 38 11 13 16 27 31 34 45 83 145 202 238 239 228 255 255 255 255 255 255 255 255 255 255 255 255 254 231 189 155 127 103 79 50 20 9 17 25 31 4 20 36 33 4 30 7 15 9 9 18 18 10 17 21 17 28 16 18 20 21 31 32 30 20 10 37 18 62 52 6 54 25 92 39 26 10 3 19 29 14 14 27 24 33 28 24 14 9 13 16 18 3 18 4 23 20 4 18 18 14 32 4 16 23 6 30 16 8 17 22 8 20 19 13 22 26 25 18 9 25 6 20 17 9 8 6 25 10 7 34 8 19 21 29 14 15 6 4 7 7 14 46 66 83 96 64 39 21 74 255 255 39 43 17 31 41 13 13 4 3 41 6 36 7 25 40 22 7 26 10 23 28 44 19 23 10 10 26 102 49 46 6 32 22 30 -2147483648 
-2147483648 7 24 19 4 34 4 9 10 15 24 35 131 157 97 63 17 30 37 19 39 10 23 16 26 28 49 68 33 14 24 13 27 10 32 19 21 16 34 23 32 13 19 17 3 29 24 27 17 25 4 32 13 21 6 37 4 13 34 7 13 16 13 8 222 255 255 128 81 40 40 8 13 18 28 32 28 21 18 14 21 48 60 68 84 115 136 147 168 201 246 255 255 255 255 255 255 255 255 255 255 255 255 237 170 123 98 59 41 13 8 17 12 13 14 17 37 38 33 24 7 36 20 40 23 33 13 27 31 35 35 31 46 39 42 38 20 70 39 14 59 26 97 58 29 21 9 28 26 13 8 46 25 11 17 7 14 9 16 24 13 17 9 15 6 13 11 17 13 10 36 4 7 6 21 32 25 18 36 25 26 8 8 20 17 19 18 16 21 29 4 10 4 22 14 8 13 12 11 35 11 9 8 29 10 10 13 14 26 39 69 97 91 82 52 13 6 15 135 255 255 25 25 13 42 56 17 13 16 25 36 18 27 4 13 49 6 22 28 12 21 43 29 23 8 19 16 33 88 30 75 24 17 16 17 -2147483648 
-2147483648 22 18 8 17 18 15 12 16 4 29 83 182 117 55 55 25 76 27 51 46 10 19 6 30 17 43 43 23 26 20 12 16 16 25 15 21 24 31 25 34 9 28 22 14 38 7 26 12 26 17 9 17 40 18 35 6 2 26 26 9 7 31 28 240 255 255 124 70 42 36 9 22 35 37 32 34 25 22 18 17 12 22 35 42 34 25 20 17 24 44 69 102 155 202 217 231 255 255 255 255 255 255 255 255 255 255 248 182 126 90 65 42 2 21 24 35 28 38 28 34 50 24 62 9 45 20 17 18 42 43 34 26 26 34 43 51 46 28 38 47 82 154 176 79 37 12 21 13 17 6 34 27 4 20 20 13 9 25 10 24 13 23 25 28 25 19 5 15 25 24 7 9 31 34 3 25 15 45 9 18 13 1 15 8 22 20 18 17 28 11 14 6 22 9 9 14 14 2 31 15 6 9 11 10 10 29 51 69 95 119 100 59 22 8 17 23 17 171 255 255 40 36 13 30 48 11 14 29 10 20 28 17 34 52 29 50 35 21 7 4 31 16 28 21 19 13 33 31 36 50 10 10 3 23 -2147483648 
-2147483648 87 34 35 10 6 25 10 12 17 13 118 182 73 31 29 0 78 35 51 29 39 34 23 31 16 38 49 18 33 21 17 8 12 6 6 16 35 18 16 22 13 37 24 9 41 19 25 18 14 20 13 24 30 17 30 13 20 28 45 14 15 33 47 238 255 255 119 82 32 33 21 37 43 19 13 14 9 29 20 19 22 23 18 20 20 14 9 9 6 18 5 6 14 36 60 69 79 111 144 179 226 255 255 255 255 255 255 255 255 255 233 175 115 84 51 65 58 51 33 22 30 33 69 16 42 9 17 9 28 46 14 3 10 27 29 31 26 30 50 51 188 221 255 235 70 10 4 11 20 14 7 3 16 8 32 12 22 15 16 35 34 15 19 28 6 7 13 13 10 6 7 9 39 10 19 13 17 31 11 41 30 20 21 15 27 27 10 9 28 32 12 21 14 4 8 13 3 9 29 33 15 13 7 10 9 79 109 108 106 76 32 22 18 18 19 17 17 169 255 255 41 9 32 14 30 18 9 22 16 5 30 9 28 55 17 60 30 36 17 24 26 9 20 30 13 16 29 21 24 12 13 26 39 26 -2147483648 
-2147483648 255 194 130 56 14 24 5 6 11 47 140 148 52 14 14 30 65 23 27 26 58 19 37 52 46 44 21 30 28 5 16 2 7 6 3 11 28 15 5 6 13 27 27 8 23 13 12 20 7 4 14 19 13 20 40 10 13 46 36 18 10 22 56 255 255 255 126 98 24 28 36 38 23 16 26 25 6 24 31 37 21 10 4 5 16 17 19 22 26 29 13 4 13 14 22 35 36 31 33 45 66 86 122 170 221 255 255 255 255 255 255 255 255 255 221 194 153 129 101 65 6 25 64 19 48 23 28 15 15 38 8 2 12 51 22 23 22 34 42 75 255 248 255 255 202 14 20 17 20 17 1 13 20 14 34 15 14 19 11 30 22 3 11 11 6 25 17 10 19 16 12 26 16 11 10 17 14 20 4 60 30 30 7 11 25 21 9 6 27 33 13 26 4 10 10 16 10 9 35 18 28 13 14 18 72 145 134 87 51 12 43 25 11 24 9 23 31 168 255 244 31 28 31 13 14 3 24 2 27 18 18 3 22 9 32 42 6 5 20 37 17 7 17 11 16 25 36 16 39 8 7 45 48 36 -2147483648 
-2147483648 255 255 255 219 132 82 43 20 8 99 158 111 36 25 23 40 38 31 29 29 45 13 13 44 12 22 27 23 50 20 13 3 9 6 7 14 16 26 13 28 36 27 19 11 6 16 7 15 21 33 27 8 8 24 34 7 10 46 23 16 15 16 43 255 255 255 141 97 24 26 36 34 3 19 9 24 20 22 19 4 11 8 7 11 18 17 14 11 11 3 18 8 11 5 7 11 6 9 14 23 29 29 28 33 43 79 131 173 223 255 255 255 255 255 255 255 255 255 255 197 56 83 117 98 106 113 74 6 21 6 11 20 51 75 51 61 53 54 76 150 255 254 176 255 255 11 20 29 14 18 4 21 43 6 36 14 8 6 8 18 16 10 15 9 9 38 11 20 13 17 12 9 26 20 10 22 9 12 17 55 9 30 18 7 22 10 13 6 10 7 27 9 22 14 9 6 19 17 35 8 12 9 21 88 137 146 88 38 30 37 45 3 7 38 37 52 35 193 255 219 19 19 31 33 23 25 22 4 12 7 4 14 12 34 19 6 18 25 17 27 17 12 8 11 43 50 32 29 40 18 4 43 37 52 -2147483648 
-2147483648 188 233 255 255 255 255 194 128 83 153 149 81 33 35 42 36 3 54 25 23 15 13 22 20 14 28 34 31 51 15 15 16 8 18 14 17 28 29 26 59 19 20 7 4 10 18 19 13 25 8 48 7 8 9 20 30 6 35 17 7 20 11 40 255 255 255 144 93 38 24 22 29 9 17 30 24 13 1 25 14 6 11 15 11 14 16 16 12 9 10 15 15 14 8 3 17 10 4 3 10 14 24 22 23 27 24 31 33 38 67 122 195 244 255 255 255 255 255 255 255 233 197 187 125 140 213 220 66 10 13 46 101 153 168 167 173 168 168 196 255 255 205 140 255 255 72 17 4 25 8 22 8 43 11 21 14 11 6 7 7 20 10 10 12 3 22 10 20 10 16 14 28 19 34 17 16 9 7 31 31 13 20 27 16 15 1 14 13 11 16 27 8 38 22 18 7 14 19 14 4 14 9 64 133 119 86 33 33 58 53 29 11 20 46 64 40 31 221 255 184 26 14 23 52 35 28 9 20 6 1 13 21 16 24 20 12 6 15 11 18 22 17 13 25 59 45 44 42 20 16 16 15 52 52 -2147483648 
-2147483648 91 112 136 196 231 255 255 255 224 174 118 55 23 42 66 31 19 42 43 4 13 17 32 9 8 40 13 29 23 25 4 16 17 38 23 9 6 18 22 52 6 17 18 12 24 13 27 15 24 22 27 21 17 10 12 39 15 36 18 8 29 9 52 255 255 255 135 91 41 10 17 30 25 15 16 13 3 14 27 6 16 4 3 4 5 10 14 11 10 17 19 11 15 5 9 21 9 12 10 13 13 9 11 13 11 9 8 15 12 18 10 28 54 85 124 147 160 183 255 255 255 211 125 98 122 101 255 165 78 148 218 255 255 255 255 255 255 255 255 255 221 130 126 255 255 213 10 21 28 23 11 16 32 25 19 11 11 1 17 8 20 17 10 9 10 10 16 7 25 10 21 14 16 23 22 26 22 25 33 11 19 19 25 20 16 6 16 10 15 18 29 5 35 14 21 29 23 13 16 17 29 55 117 112 62 48 9 58 78 64 48 51 54 55 61 26 21 236 255 141 35 29 11 57 13 29 23 42 29 10 20 11 3 1 32 18 9 16 27 15 31 17 19 14 53 13 57 24 19 22 35 25 47 33 -2147483648 
-2147483648 51 45 57 93 67 148 229 255 244 140 67 23 19 51 65 40 30 27 48 7 23 39 18 11 15 19 28 24 19 18 19 13 34 55 26 15 53 39 39 22 8 21 20 20 41 26 22 15 7 16 26 9 28 22 18 22 20 46 11 11 29 7 46 255 255 255 119 82 53 16 11 21 33 22 8 6 6 26 42 41 40 16 4 2 4 4 8 9 11 11 14 13 12 8 6 20 15 25 19 12 4 7 16 13 3 6 1 7 13 9 11 16 13 2 9 25 31 43 57 255 255 115 28 111 84 74 223 255 217 235 255 255 255 250 242 237 248 250 241 193 118 63 93 171 255 255 18 30 42 11 27 24 26 41 39 6 7 9 8 14 9 19 16 3 9 13 19 13 15 11 1 15 24 13 24 23 41 31 31 11 16 20 18 21 26 9 5 11 7 9 14 7 28 2 9 20 13 8 15 7 66 90 98 48 49 44 48 77 77 68 59 70 66 55 54 30 20 228 255 128 16 41 33 47 31 4 32 27 44 2 0 17 14 14 33 14 20 13 24 35 14 32 25 17 45 24 45 6 26 38 63 29 51 45 -2147483648 
-2147483648 41 17 35 77 38 45 85 132 156 83 8 17 28 48 42 13 23 7 52 6 30 44 12 13 16 12 40 33 22 4 4 2 43 15 29 9 76 10 71 12 8 10 19 31 27 38 8 14 10 13 24 36 16 1 29 4 35 36 34 45 39 13 31 255 255 241 111 80 61 32 15 21 26 19 9 9 6 35 49 4 31 17 9 11 13 12 11 9 9 0 10 14 7 9 4 14 30 24 25 1 3 6 11 17 16 16 19 13 10 10 16 17 25 23 17 16 9 15 66 255 255 255 129 103 45 113 117 255 255 214 181 145 114 108 103 96 111 127 97 45 18 21 65 49 255 255 19 30 40 17 33 15 20 34 42 15 24 16 9 8 1 24 18 15 23 16 10 11 8 10 13 1 10 20 26 31 32 18 30 7 15 10 13 17 28 6 15 11 21 27 5 7 34 10 4 9 16 4 6 26 95 80 46 37 62 22 94 95 95 90 55 42 51 47 27 17 15 191 255 146 34 20 59 20 23 14 41 12 51 9 10 29 13 23 27 20 38 6 25 15 30 27 17 60 19 48 19 9 46 29 69 48 60 44 -2147483648 
-2147483648 50 21 16 47 27 26 27 120 207 124 59 40 36 28 18 27 14 10 35 16 24 31 12 6 45 25 21 37 24 10 11 6 24 27 21 10 56 47 54 6 12 8 3 17 16 23 10 13 6 25 6 30 23 24 14 9 45 23 46 48 58 24 22 255 255 238 106 83 63 29 17 9 19 20 10 9 9 23 47 45 34 23 14 13 11 9 6 6 13 17 19 20 14 16 8 3 18 19 13 6 3 11 13 2 14 10 13 19 25 1 17 15 4 7 11 20 18 19 19 141 255 255 242 43 76 98 71 255 255 255 255 223 110 62 20 23 26 19 15 11 9 20 43 51 255 255 140 108 94 84 99 109 110 118 111 94 81 69 53 41 22 35 31 25 29 10 9 8 6 26 6 19 20 5 27 27 13 16 22 9 14 7 16 14 27 6 11 31 12 41 7 28 25 2 9 13 17 12 17 57 80 41 30 68 71 51 128 101 103 71 42 31 21 22 3 13 6 174 255 144 51 36 54 9 10 23 42 22 47 17 9 16 23 18 15 35 48 22 29 24 32 20 18 82 18 55 2 17 31 18 29 27 62 9 -2147483648 
-2147483648 49 6 7 18 24 8 33 141 255 112 125 57 34 20 12 12 10 32 23 26 20 10 21 3 53 11 9 28 15 44 52 18 3 9 16 23 15 28 16 7 6 10 9 21 31 9 9 10 27 11 18 7 14 12 17 13 38 30 31 29 42 39 17 255 255 239 112 75 53 24 31 11 17 23 15 11 10 17 7 18 17 17 11 13 9 9 7 11 14 7 3 7 7 18 11 10 18 21 11 22 23 14 4 18 13 3 11 8 16 22 9 6 6 15 20 20 17 37 38 79 255 255 195 9 15 35 114 97 255 255 255 255 204 114 38 33 38 26 23 11 30 33 22 51 255 255 255 249 236 250 255 255 249 242 227 213 188 171 154 129 104 74 60 53 11 28 14 1 9 29 11 14 33 15 13 15 11 20 14 2 5 11 8 16 12 23 12 23 18 29 23 24 6 11 11 2 12 31 57 64 40 19 37 95 40 143 142 98 65 16 19 27 6 17 8 3 6 192 255 127 21 48 40 8 13 32 46 17 34 8 33 17 18 12 3 28 34 36 15 13 5 24 41 64 32 55 10 17 18 36 22 29 49 54 -2147483648 
-2147483648 44 33 7 13 29 4 36 155 255 61 170 56 55 16 29 34 23 36 20 26 6 34 26 15 34 29 8 30 20 77 55 44 16 23 29 28 24 42 9 9 6 3 5 10 25 15 13 13 30 18 15 28 21 15 10 4 30 36 12 9 14 18 31 255 255 228 130 68 27 21 30 21 25 26 22 23 10 6 9 7 4 10 17 22 14 9 6 15 10 7 11 15 12 14 8 16 18 20 19 6 3 5 9 13 9 8 6 13 6 23 22 17 17 10 15 11 33 204 242 255 255 255 120 6 54 37 124 47 236 255 255 255 255 174 71 34 39 24 25 25 19 14 16 40 148 255 255 255 255 255 255 255 255 255 239 219 209 198 195 194 179 144 125 106 88 42 31 21 5 27 15 13 17 7 4 4 16 16 21 13 12 26 18 17 17 24 13 6 17 2 28 8 4 4 21 18 29 48 54 27 25 9 42 75 104 192 116 75 38 17 13 19 8 11 6 6 7 206 255 119 22 37 31 16 13 11 47 21 30 16 41 7 24 18 14 23 18 46 31 16 1 22 44 17 52 38 22 9 13 9 26 64 8 72 -2147483648 
-2147483648 19 34 25 20 26 14 67 151 255 39 202 55 59 8 18 27 22 28 17 15 15 33 35 19 7 42 10 38 21 91 62 48 19 14 55 26 14 41 18 18 13 5 8 20 12 23 24 29 38 22 32 19 25 18 24 17 38 30 7 20 9 15 42 255 255 226 122 79 40 34 27 13 24 24 17 14 10 3 10 9 4 7 12 15 12 9 9 2 15 12 8 11 11 16 17 3 24 17 18 31 26 18 13 2 11 3 9 9 14 5 7 6 10 15 27 67 218 255 255 255 255 255 141 69 80 92 66 59 58 127 255 255 255 249 145 64 45 38 24 21 16 13 1 3 41 181 251 239 213 195 174 165 152 147 136 121 123 121 126 130 140 124 121 117 108 102 84 71 59 68 65 97 130 121 102 86 46 13 7 18 16 14 40 4 23 25 10 11 24 20 8 11 5 16 23 19 24 48 27 19 34 15 28 59 172 155 54 46 30 28 15 26 11 15 15 17 15 210 255 116 41 29 15 21 13 3 29 26 16 19 17 23 23 17 16 29 13 26 37 22 4 23 25 15 47 16 22 9 14 10 63 64 48 67 -2147483648 
-2147483648 16 5 39 33 24 42 104 140 255 37 230 52 48 10 15 6 5 17 6 27 4 33 20 25 8 34 10 40 3 70 44 37 13 22 59 18 37 22 15 10 6 17 21 24 11 13 35 21 54 17 20 13 4 27 20 6 32 16 19 5 21 28 42 255 255 255 201 185 156 122 89 60 48 41 31 22 19 22 21 11 4 6 3 8 13 17 10 16 14 11 1 15 6 8 10 14 11 21 21 11 10 7 9 10 9 6 23 22 19 16 17 7 6 10 27 71 255 255 255 255 211 255 255 213 31 87 10 53 71 62 121 255 255 255 255 149 78 57 41 34 22 28 24 21 17 47 97 130 120 110 108 108 97 91 84 79 68 59 66 45 75 56 62 84 52 108 151 183 210 248 255 255 255 255 255 255 237 164 104 70 54 34 24 25 10 37 15 28 25 15 17 13 14 13 12 8 20 42 17 32 31 5 56 148 173 89 61 30 18 47 36 35 44 50 52 55 51 199 255 113 45 37 11 15 20 14 25 20 7 4 9 11 25 10 10 16 10 16 50 22 12 14 10 13 32 20 6 16 6 21 88 37 250 255 -2147483648 
-2147483648 -2147483648 -2147483648 -2147483648 -2147483648 -2147483648 -2147483648 -2147483648 -2147483648 -2147483648 -2147483648 -2147483648 -2147483648 -2147483648 -2147483648 -2147483648 -2147483648 -2147483648 -2147483648 -2147483648 -2147483648 -2147483648 -2147483648 -2147483648 -2147483648 -2147483648 -2147483648 -2147483648 -2147483648 -2147483648 -2147483648 -2147483648 -2147483648 -2147483648 -2147483648 -2147483648 -2147483648 -2147483648 -2147483648 -2147483648 -2147483648 -2147483648 -2147483648 -2147483648 -2147483648 -2147483648 -2147483648 -2147483648 -2147483648 -2147483648 -2147483648 -2147483648 -2147483648 -2147483648 -2147483648 -2147483648 -2147483648 -2147483648 -2147483648 -2147483648 -2147483648 -2147483648 -2147483648 -2147483648 -2147483648 -2147483648 -2147483648 -2147483648 -2147483648 -2147483648 -2147483648 -2147483648 -2147483648 -2147483648 -2147483648 -2147483648 -2147483648 -2147483648 -2147483648 -2147483648 -2147483648 -2147483648 -2147483648 -2147483648 -2147483648 -2147483648 -2147483648 -2147483648 -2147483648 -2147483648 -2147483648 -2147483648 -2147483648 -2147483648 -2147483648 -2147483648 -2147483648 -2147483648 -2147483648 -2147483648 -2147483648 -2147483648 -2147483648 -2147483648 -2147483648 -2147483648 -2147483648 -2147483648 -2147483648 -2147483648 -2147483648 -2147483648 -2147483648 -2147483648 -2147483648 -2147483648 -2147483648 -2147483648 -2147483648 -2147483648 -2147483648 -2147483648 -2147483648 -2147483648 -2147483648 -2147483648 -2147483648 -2147483648 -2147483648 -2147483648 -2147483648 -2147483648 -2147483648 -2147483648 -2147483648 -2147483648 -2147483648 -2147483648 -2147483648 -2147483648 -2147483648 -2147483648 -2147483648 -2147483648 -2147483648 -2147483648 -2147483648 -2147483648 -2147483648 -2147483648 -2147483648 -2147483648 -2147483648 -2147483648 -2147483648 -2147483648 -2147483648 -2147483648 -2147483648 -2147483648 -2147483648 -2147483648 -2147483648 -2147483648 -2147483648 -2147483648 -2147483648 -2147483648 -2147483648 -2147483648 -2147483648 -2147483648 -2147483648 -2147483648 -2147483648 -2147483648 -2147483648 -2147483648 -2147483648 -2147483648 -2147483648 -2147483648 -2147483648 -2147483648 -2147483648 -2147483648 -2147483648 -2147483648 -2147483648 -2147483648 -2147483648 -2147483648 -2147483648 -2147483648 -2147483648 -2147483648 -2147483648 -2147483648 -2147483648 -2147483648 -2147483648 -2147483648 -2147483648 -2147483648 -2147483648 -2147483648 -2147483648 -2147483648 -2147483648 -2147483648 -2147483648 -2147483648 -2147483648 -2147483648 -2147483648 -2147483648 -2147483648 -2147483648 -2147483648 -2147483648 -2147483648 -2147483648 -2147483648 -2147483648 -2147483648 -2147483648 -2147483648 -2147483648 -2147483648 -2147483648 -2147483648 -2147483648 -2147483648 -2147483648 -2147483648 -2147483648 -2147483648 -2147483648 -2147483648 -2147483648 -2147483648 -2147483648 -2147483648 -2147483648 -2147483648 -2147483648 -2147483648 -2147483648 -2147483648 -2147483648 -2147483648 -2147483648 -2147483648 -2147483648 -2147483648 -2147483648 
