Type=GDR 2.0
Nb.Pixel/Ligne=256
Nb.Lignes=256
Nb.Bits=8
 
-2147483648 -2147483648 -2147483648 -2147483648 -2147483648 -2147483648 -2147483648 -2147483648 -2147483648 -2147483648 -2147483648 -2147483648 -2147483648 -2147483648 -2147483648 -2147483648 -2147483648 -2147483648 -2147483648 -2147483648 -2147483648 -2147483648 -2147483648 -2147483648 -2147483648 -2147483648 -2147483648 -2147483648 -2147483648 -2147483648 -2147483648 -2147483648 -2147483648 -2147483648 -2147483648 -2147483648 -2147483648 -2147483648 -2147483648 -2147483648 -2147483648 -2147483648 -2147483648 -2147483648 -2147483648 -2147483648 -2147483648 -2147483648 -2147483648 -2147483648 -2147483648 -2147483648 -2147483648 -2147483648 -2147483648 -2147483648 -2147483648 -2147483648 -2147483648 -2147483648 -2147483648 -2147483648 -2147483648 -2147483648 -2147483648 -2147483648 -2147483648 -2147483648 -2147483648 -2147483648 -2147483648 -2147483648 -2147483648 -2147483648 -2147483648 -2147483648 -2147483648 -2147483648 -2147483648 -2147483648 -2147483648 -2147483648 -2147483648 -2147483648 -2147483648 -2147483648 -2147483648 -2147483648 -2147483648 -2147483648 -2147483648 -2147483648 -2147483648 -2147483648 -2147483648 -2147483648 -2147483648 -2147483648 -2147483648 -2147483648 -2147483648 -2147483648 -2147483648 -2147483648 -2147483648 -2147483648 -2147483648 -2147483648 -2147483648 -2147483648 -2147483648 -2147483648 -2147483648 -2147483648 -2147483648 -2147483648 -2147483648 -2147483648 -2147483648 -2147483648 -2147483648 -2147483648 -2147483648 -2147483648 -2147483648 -2147483648 -2147483648 -2147483648 -2147483648 -2147483648 -2147483648 -2147483648 -2147483648 -2147483648 -2147483648 -2147483648 -2147483648 -2147483648 -2147483648 -2147483648 -2147483648 -2147483648 -2147483648 -2147483648 -2147483648 -2147483648 -2147483648 -2147483648 -2147483648 -2147483648 -2147483648 -2147483648 -2147483648 -2147483648 -2147483648 -2147483648 -2147483648 -2147483648 -2147483648 -2147483648 -2147483648 -2147483648 -2147483648 -2147483648 -2147483648 -2147483648 -2147483648 -2147483648 -2147483648 -2147483648 -2147483648 -2147483648 -2147483648 -2147483648 -2147483648 -2147483648 -2147483648 -2147483648 -2147483648 -2147483648 -2147483648 -2147483648 -2147483648 -2147483648 -2147483648 -2147483648 -2147483648 -2147483648 -2147483648 -2147483648 -2147483648 -2147483648 -2147483648 -2147483648 -2147483648 -2147483648 -2147483648 -2147483648 -2147483648 -2147483648 -2147483648 -2147483648 -2147483648 -2147483648 -2147483648 -2147483648 -2147483648 -2147483648 -2147483648 -2147483648 -2147483648 -2147483648 -2147483648 -2147483648 -2147483648 -2147483648 -2147483648 -2147483648 -2147483648 -2147483648 -2147483648 -2147483648 -2147483648 -2147483648 -2147483648 -2147483648 -2147483648 -2147483648 -2147483648 -2147483648 -2147483648 -2147483648 -2147483648 -2147483648 -2147483648 -2147483648 -2147483648 -2147483648 -2147483648 -2147483648 -2147483648 -2147483648 -2147483648 -2147483648 -2147483648 -2147483648 -2147483648 -2147483648 -2147483648 -2147483648 -2147483648 -2147483648 -2147483648 -2147483648 -2147483648 -2147483648 
-2147483648 8 0 0 11 0 5 0 4 0 0 13 2 0 0 3 12 7 0 0 0 9 1 2 0 0 2 2 0 10 8 0 7 0 0 5 0 19 1 0 6 19 6 0 11 0 0 25 81 53 0 0 0 35 64 109 170 51 0 10 0 0 63 47 255 244 188 255 88 157 118 0 0 0 118 166 136 57 7 16 15 0 0 0 97 225 150 82 0 0 0 0 0 0 0 0 0 15 142 26 0 0 0 0 17 35 19 0 0 0 17 37 0 0 50 0 0 38 0 30 0 0 0 0 0 103 137 0 5 109 255 255 0 137 255 154 84 49 24 23 24 14 4 1 0 0 3 0 0 0 0 1 7 5 1 1 0 0 0 0 0 0 0 0 27 48 45 18 10 3 0 0 0 0 0 14 14 0 0 0 11 0 0 0 11 0 0 0 0 1 21 16 0 0 104 0 0 0 2 0 0 105 158 0 0 41 81 0 0 0 4 0 0 0 0 0 0 0 0 0 46 1 0 0 0 0 0 0 0 0 51 38 0 0 19 51 172 212 98 21 8 0 2 4 2 0 9 19 0 10 4 0 0 20 11 -2147483648 
-2147483648 0 12 0 7 0 0 0 6 0 0 15 0 0 0 5 0 5 0 0 7 4 0 8 4 0 7 9 0 17 3 0 0 0 0 23 0 13 6 0 2 4 5 0 19 12 24 109 153 109 0 0 0 135 191 174 194 73 0 46 0 0 0 165 255 153 81 53 0 252 255 0 0 0 106 135 114 53 20 30 22 0 0 0 50 214 140 88 0 0 0 0 0 0 0 83 43 60 6 0 0 0 0 0 20 14 0 0 13 0 58 58 0 0 26 4 0 39 0 33 0 0 0 0 64 215 36 0 119 255 255 201 0 55 255 133 85 49 34 24 12 6 2 1 2 0 2 0 0 3 1 1 3 4 0 1 3 1 0 0 0 0 0 0 0 41 72 48 11 0 0 0 0 0 0 7 1 0 0 0 11 0 0 8 13 0 0 0 0 0 11 8 0 0 66 0 0 0 0 0 0 0 113 45 0 0 66 33 0 0 9 6 0 0 0 0 0 0 0 0 65 10 0 0 0 0 0 0 0 0 39 73 2 0 2 0 65 189 199 102 28 0 7 6 0 0 9 21 0 7 16 0 0 17 12 -2147483648 
-2147483648 0 3 0 13 0 0 0 1 0 1 9 0 15 0 0 0 6 3 0 11 0 0 4 16 0 0 3 0 12 2 1 0 0 0 20 7 16 0 0 9 0 9 5 14 106 156 168 145 119 0 0 0 255 255 176 126 66 5 50 0 0 0 207 255 208 102 0 0 255 255 0 0 40 29 10 99 82 63 74 47 0 0 0 0 192 130 101 0 0 0 0 0 0 50 212 42 0 0 0 0 0 0 34 19 0 0 6 41 0 51 55 0 0 33 13 0 54 0 0 6 0 0 90 225 61 0 71 255 255 188 188 96 15 123 91 69 35 29 18 4 1 0 0 0 0 3 0 3 9 8 3 0 3 0 0 1 2 0 0 0 0 0 0 0 0 76 80 20 0 0 21 17 0 0 17 23 0 0 0 0 0 3 23 7 0 0 0 0 0 4 0 0 0 39 0 0 0 0 0 0 0 12 91 45 0 0 34 38 0 0 5 0 0 0 0 0 0 0 0 40 9 0 0 12 7 0 0 0 0 29 83 0 0 0 0 1 80 191 200 99 3 5 9 0 1 10 25 0 0 14 8 0 1 13 -2147483648 
-2147483648 0 0 8 26 0 0 0 0 2 0 0 0 15 0 0 0 5 7 0 12 0 0 0 10 0 0 3 0 0 6 30 0 0 0 2 14 11 0 0 13 8 23 0 64 250 232 137 75 82 73 0 0 255 255 142 62 49 0 4 0 0 0 75 157 234 185 0 0 255 255 0 43 105 0 0 57 62 107 137 66 25 0 0 0 126 111 87 8 0 0 0 0 0 85 173 0 0 0 0 0 0 0 44 14 0 0 21 38 0 0 39 0 0 29 33 0 39 0 0 0 19 65 138 163 0 0 255 255 177 94 161 156 32 45 44 34 17 7 5 7 1 0 0 0 5 12 5 4 7 10 6 2 4 0 0 0 0 2 0 0 0 0 0 0 0 31 88 14 0 27 60 32 0 0 22 46 18 0 0 0 0 2 30 21 0 0 0 0 0 8 17 0 0 16 0 0 0 0 0 0 0 0 99 161 0 0 0 42 3 12 8 0 0 0 0 6 0 0 0 0 0 0 0 0 0 0 0 0 0 35 40 0 8 0 0 3 9 88 170 203 89 19 16 0 5 4 21 9 0 0 11 2 0 6 -2147483648 
-2147483648 0 0 17 25 0 0 5 0 0 0 0 6 0 0 4 0 7 10 0 12 0 2 4 0 8 0 0 0 0 18 29 0 0 0 0 12 0 0 0 33 84 74 0 128 255 174 80 26 54 88 0 0 255 161 89 36 41 3 0 0 0 0 0 0 213 215 0 0 200 255 0 62 124 0 0 0 26 171 138 8 65 65 0 0 42 67 50 38 0 0 0 70 13 7 0 0 0 0 0 0 0 1 13 7 0 0 23 26 0 0 7 6 0 23 54 21 0 0 0 0 142 182 7 11 46 230 255 255 115 70 90 90 31 31 19 8 7 0 0 1 0 0 0 7 13 14 7 1 3 6 3 4 6 0 0 0 0 5 2 0 0 0 0 0 0 0 22 0 0 55 66 39 3 0 11 45 43 0 0 0 0 2 28 35 0 0 0 0 0 4 50 19 14 0 0 0 0 0 0 16 0 0 43 171 31 0 0 0 0 36 64 17 0 0 0 20 3 0 0 0 0 0 0 0 0 9 0 0 0 19 0 0 22 0 4 7 0 20 60 200 175 98 35 0 13 0 7 17 0 0 4 12 0 0 -2147483648 
-2147483648 0 0 20 9 0 0 7 0 0 14 0 1 0 0 0 0 4 15 0 16 7 0 4 0 10 0 0 5 0 24 1 0 12 0 13 0 0 0 21 148 178 130 31 94 175 80 28 6 49 55 0 0 255 98 62 21 25 1 0 0 0 0 0 0 203 192 0 0 37 255 0 53 85 0 0 0 53 248 41 0 101 141 82 73 22 41 25 0 0 0 0 141 0 0 0 0 0 0 7 16 0 2 3 1 8 0 27 23 0 0 0 29 0 0 58 51 0 0 0 13 155 115 0 120 255 255 255 203 90 63 38 36 19 18 10 0 5 0 0 0 0 0 15 31 15 5 5 0 2 6 0 2 4 0 0 0 0 1 3 0 0 0 0 0 0 0 0 0 0 29 36 36 9 0 0 37 54 23 1 14 0 0 16 39 21 0 0 0 0 0 61 49 28 0 0 0 0 0 0 52 0 0 0 70 112 7 0 0 0 4 70 61 1 0 0 0 4 0 0 0 0 0 2 0 0 25 8 0 33 0 0 0 0 0 15 1 6 2 17 87 143 203 92 25 17 3 9 7 2 0 8 15 0 0 -2147483648 
-2147483648 0 0 24 0 0 4 3 0 0 21 2 0 3 0 0 5 0 9 0 20 6 0 0 0 1 0 1 6 11 12 0 0 18 11 18 0 0 0 121 255 207 122 45 33 66 27 0 0 42 15 0 0 255 85 71 8 2 0 0 0 0 0 0 0 156 137 0 0 0 141 0 62 0 0 0 0 118 225 0 0 62 128 125 118 62 53 32 0 0 0 117 94 0 0 0 0 0 0 0 28 8 0 17 18 0 0 29 0 0 0 0 58 42 0 16 63 0 0 80 42 16 54 135 255 255 223 216 130 69 51 18 19 13 6 1 0 7 0 0 0 30 35 31 32 11 0 3 0 4 6 0 0 1 0 0 0 0 0 0 0 0 0 0 0 0 0 0 0 0 0 0 5 16 0 0 28 30 17 10 25 0 0 0 35 45 4 0 0 0 2 61 45 16 0 0 0 0 0 0 39 0 0 0 0 119 111 0 0 0 0 18 34 26 0 0 0 0 0 0 31 0 0 0 0 0 24 25 22 11 0 0 0 0 0 23 0 10 0 9 27 48 187 163 107 39 3 20 0 0 0 16 9 0 3 -2147483648 
-2147483648 0 0 31 5 0 2 0 0 0 11 3 0 7 0 0 16 3 0 9 14 0 13 0 0 0 3 7 11 13 0 0 0 5 23 8 0 0 13 255 255 166 83 23 16 19 14 0 0 19 0 0 8 255 78 70 0 0 0 0 0 0 0 0 18 72 70 0 0 0 17 39 92 0 0 0 0 125 84 0 0 0 93 158 126 100 62 24 0 0 0 190 0 0 0 0 0 0 16 0 20 24 0 16 47 0 0 32 0 0 0 6 78 55 0 0 42 0 40 104 0 0 225 255 255 255 152 114 70 52 37 13 7 0 0 0 5 7 0 0 0 40 47 29 19 5 0 1 2 2 0 1 1 1 1 0 0 0 0 0 3 12 4 0 0 0 0 0 0 0 0 0 0 11 17 26 15 0 0 0 13 0 0 0 9 30 31 0 0 1 49 61 33 0 0 0 0 0 0 0 0 0 0 0 0 52 151 25 0 0 0 0 0 17 18 0 0 0 0 0 37 0 0 0 0 7 31 24 34 0 0 0 0 0 0 25 2 0 0 0 29 17 85 137 175 121 19 27 0 3 4 17 6 0 1 -2147483648 
-2147483648 2 0 27 7 0 0 0 12 0 0 0 0 8 0 0 14 0 0 6 2 0 11 3 0 0 0 7 12 0 0 6 0 0 15 0 1 0 57 255 255 114 63 23 14 2 4 4 0 0 0 0 39 203 63 46 0 0 0 0 0 0 0 7 19 19 27 19 0 0 0 50 105 0 0 0 46 44 0 0 0 0 145 148 90 84 0 0 0 0 0 47 0 0 0 0 0 29 25 0 8 13 0 15 50 0 0 37 0 0 0 20 46 13 0 0 38 23 67 0 0 202 255 255 248 224 121 64 45 37 20 4 0 0 0 0 17 17 3 0 8 26 30 19 9 0 0 0 1 0 0 3 8 0 0 0 0 0 0 0 0 28 25 0 7 6 0 0 0 0 0 0 0 18 36 36 1 0 0 1 2 7 6 0 0 0 19 0 0 24 76 64 30 0 0 0 0 0 0 0 0 0 0 0 0 0 110 74 28 0 0 0 0 0 3 4 0 0 0 0 21 0 0 0 0 16 46 7 0 0 0 0 7 1 0 13 0 0 0 0 29 16 38 48 135 173 90 69 4 15 0 18 20 0 0 -2147483648 
-2147483648 0 0 17 0 14 0 0 22 0 0 0 0 5 0 0 11 0 0 3 0 13 0 0 14 0 0 11 0 0 4 0 0 2 0 0 6 0 61 255 255 117 66 51 19 0 0 16 0 0 0 0 50 122 43 23 1 0 0 1 0 0 0 27 21 4 14 14 0 0 0 40 88 44 0 0 22 0 0 0 0 65 185 96 74 0 0 26 0 0 0 0 0 0 0 0 0 0 27 0 0 1 0 0 58 13 0 29 16 11 0 14 0 0 0 0 98 124 0 0 148 255 255 255 151 125 78 34 34 29 4 0 0 0 0 0 26 37 31 18 15 15 13 7 4 0 0 0 1 6 3 3 8 0 0 0 0 0 0 0 0 18 15 0 7 17 0 0 0 0 0 0 29 44 29 10 0 0 1 12 8 14 20 4 0 0 3 0 0 7 57 59 32 0 0 0 0 0 0 0 0 0 0 0 0 0 46 86 65 0 0 0 0 0 0 0 0 0 0 0 0 0 0 4 0 12 49 0 0 0 0 0 7 5 0 0 0 0 0 0 37 0 27 15 42 113 146 151 48 36 0 10 27 0 3 -2147483648 
-2147483648 6 1 10 0 11 0 0 21 0 0 0 0 2 0 0 17 13 0 12 7 16 0 0 23 0 0 8 0 3 7 0 0 10 3 0 0 0 25 225 255 184 73 69 49 7 15 33 0 0 0 72 48 42 23 15 6 2 0 0 0 0 6 30 17 0 7 8 2 0 0 23 54 36 0 0 0 0 0 0 41 145 110 69 86 0 0 151 1 0 0 0 0 0 0 0 14 0 57 0 0 32 0 0 70 12 0 10 22 29 0 0 0 0 4 0 118 117 0 46 255 255 255 185 104 73 41 19 28 20 0 0 0 0 7 0 18 47 39 26 17 6 4 0 2 0 0 0 2 7 2 0 0 0 0 0 0 0 3 0 0 0 0 0 0 8 0 0 0 9 0 0 14 32 15 0 0 12 30 27 17 10 9 0 0 0 0 0 0 12 30 39 33 0 0 0 0 0 0 0 0 0 0 0 0 0 31 59 55 0 0 0 0 0 0 0 0 0 0 11 0 0 0 17 4 0 22 0 0 0 0 0 9 0 0 0 0 9 0 13 53 0 5 2 0 45 91 177 142 97 9 0 24 0 0 -2147483648 
-2147483648 30 0 0 4 5 0 0 8 3 0 0 0 0 12 0 20 18 0 12 19 3 0 0 14 0 0 10 0 0 0 0 0 9 5 0 27 43 17 71 226 207 2 27 121 88 65 57 0 0 0 128 47 10 17 15 9 4 0 0 0 0 9 21 8 2 0 0 12 0 0 1 13 13 0 0 0 0 0 120 255 163 21 67 27 0 0 147 0 0 0 0 0 26 67 17 0 0 80 0 0 43 9 0 29 2 3 0 19 29 0 0 0 0 59 0 33 51 29 255 255 255 220 118 70 37 29 21 19 1 0 0 0 24 34 0 10 46 39 19 8 0 0 0 4 7 4 0 1 4 0 0 0 0 0 0 0 1 5 0 0 0 0 0 0 0 0 0 18 33 4 0 0 0 0 2 0 38 50 27 17 16 7 0 0 0 0 0 8 37 39 31 28 0 0 0 0 0 0 0 0 0 0 0 0 0 44 42 21 0 0 0 7 0 0 0 0 0 0 47 44 0 0 27 14 0 0 0 0 0 0 0 21 0 0 0 0 16 0 3 46 0 0 0 0 28 14 97 184 178 81 7 19 0 0 -2147483648 
-2147483648 34 0 0 4 4 2 2 0 13 0 0 0 0 13 0 23 5 0 10 10 0 0 15 4 0 0 13 1 0 0 10 0 0 13 59 132 110 40 5 126 141 0 0 123 188 137 84 2 0 0 124 51 18 25 14 0 8 0 0 0 0 16 37 34 16 0 0 16 22 18 0 0 5 0 0 0 0 0 255 255 146 3 47 0 0 0 0 0 0 0 0 0 44 101 84 0 0 81 22 0 11 34 10 0 0 38 0 0 17 0 0 0 0 54 0 0 59 255 255 255 236 121 84 44 18 27 21 5 0 0 0 0 27 27 10 23 36 26 11 2 0 0 1 6 5 0 0 4 3 0 0 0 0 0 0 0 0 0 0 0 0 4 21 4 0 0 0 4 16 11 4 0 0 0 13 1 21 31 11 15 36 27 7 0 0 0 0 17 40 42 27 18 0 0 0 0 0 0 0 0 0 0 0 0 0 30 33 17 0 0 0 0 0 0 0 0 0 0 47 88 0 0 16 0 0 0 0 0 0 0 0 37 0 0 5 0 0 9 0 0 10 2 0 0 20 11 12 117 172 175 86 25 2 0 -2147483648 
-2147483648 22 0 0 0 0 8 5 0 12 5 0 0 1 5 0 17 0 0 12 0 0 0 15 0 0 0 5 0 0 1 11 0 11 102 178 209 114 30 4 59 73 0 0 0 172 208 121 23 0 0 146 75 36 32 14 0 10 6 0 0 0 3 87 90 44 0 0 4 35 37 19 1 0 18 21 0 0 0 255 255 114 5 0 0 0 0 0 0 0 0 0 14 20 53 125 45 0 99 36 0 0 18 27 0 4 85 0 0 0 26 19 64 23 0 0 6 206 255 255 255 160 68 53 24 16 20 5 0 0 0 0 0 14 28 36 37 24 9 6 2 0 0 0 1 0 0 0 13 5 0 0 0 0 0 0 11 0 0 0 0 0 7 14 4 0 0 0 0 5 14 10 13 0 0 8 0 0 3 0 8 33 34 28 5 0 0 0 17 26 15 10 5 0 0 0 0 0 0 0 0 0 52 0 0 0 0 14 33 0 0 0 0 0 0 0 0 0 0 71 101 23 0 0 0 0 3 0 0 0 0 0 25 0 0 27 0 0 29 8 0 2 44 0 0 15 27 0 22 84 179 179 90 38 0 -2147483648 
-2147483648 13 0 15 0 0 19 0 0 4 0 0 2 0 1 5 0 0 13 0 0 0 0 31 0 0 0 0 5 0 13 0 0 84 250 236 175 73 0 6 26 48 0 0 0 34 184 134 49 0 0 197 120 63 31 16 0 3 2 0 0 0 0 74 108 84 0 0 0 55 68 46 11 0 20 0 0 0 0 210 228 34 0 0 86 0 0 0 0 0 10 4 64 25 15 137 67 9 101 24 0 0 0 23 0 23 100 0 0 0 46 77 94 37 0 0 156 255 255 255 152 103 53 24 14 13 0 0 0 11 0 0 0 18 44 47 34 13 0 0 0 0 0 0 0 0 0 0 13 11 0 0 0 0 0 5 13 0 0 0 0 0 0 0 0 15 0 0 0 15 26 25 33 37 17 3 0 0 0 0 0 0 13 18 7 0 0 0 15 20 0 0 0 0 0 0 0 0 0 0 0 0 72 63 0 0 0 0 35 0 0 0 0 0 0 9 5 0 0 163 108 6 0 0 0 6 18 0 0 0 0 0 11 0 0 23 5 0 16 3 0 4 48 0 0 24 10 3 0 12 95 167 171 93 32 -2147483648 
-2147483648 11 0 14 0 0 21 0 0 3 0 0 16 0 0 2 0 0 25 0 0 0 2 44 0 0 0 0 9 0 13 0 0 176 255 200 102 39 0 0 3 43 49 0 0 0 72 78 55 0 0 217 146 73 19 3 0 0 1 0 0 0 0 0 66 101 0 0 0 119 110 54 13 0 16 0 0 0 0 65 95 0 0 0 171 0 0 0 0 18 0 0 83 40 29 122 52 80 87 0 0 0 0 16 0 8 56 0 0 1 41 129 48 0 40 108 255 255 255 179 88 57 36 14 16 1 0 0 4 17 0 0 6 41 44 39 22 2 0 0 0 0 0 0 0 0 0 0 0 7 0 0 0 0 0 0 0 1 6 17 1 0 0 0 0 22 0 0 4 16 29 29 24 40 30 15 9 6 9 0 0 0 0 0 0 0 0 2 18 10 0 0 0 0 0 0 0 0 0 0 0 0 32 73 72 0 0 0 10 0 0 0 0 0 12 19 0 0 0 198 77 0 0 0 0 10 7 0 0 0 0 0 23 0 0 5 37 0 0 0 0 16 14 0 0 21 0 31 0 0 28 63 158 146 123 -2147483648 
-2147483648 14 0 3 5 0 14 0 0 0 0 19 6 0 0 0 5 1 16 0 0 2 0 18 0 17 9 0 6 6 0 0 0 222 255 165 63 32 0 0 3 40 47 17 0 0 6 11 19 0 0 155 127 52 0 0 0 5 2 4 2 0 0 0 7 76 0 0 0 177 116 45 15 22 0 0 0 0 0 0 0 0 0 68 118 0 0 0 0 42 0 0 50 20 43 124 48 160 119 0 0 0 0 22 24 0 0 0 0 54 31 158 0 0 229 255 255 255 182 107 49 31 20 13 5 0 0 0 7 0 0 0 61 61 37 24 9 0 0 1 0 0 0 0 0 0 8 0 0 0 0 0 15 18 0 0 0 14 31 27 8 0 0 0 9 0 0 6 10 4 9 14 5 18 25 33 14 4 21 15 0 0 0 0 0 0 0 3 14 0 0 0 0 0 0 0 0 23 0 0 0 0 0 61 79 0 0 0 0 0 0 0 0 0 0 15 2 0 17 113 15 0 0 0 0 0 12 0 0 0 0 16 15 0 0 0 40 0 0 8 9 0 0 9 9 0 3 33 0 0 9 0 82 139 193 -2147483648 
-2147483648 18 0 0 9 0 6 3 0 0 9 18 0 0 5 0 0 14 15 0 0 0 0 3 0 30 28 0 13 4 0 0 0 183 255 193 54 44 11 3 15 29 31 22 14 8 0 0 0 0 0 67 73 15 0 0 5 17 16 25 15 0 0 0 0 41 0 0 0 139 83 32 12 51 0 0 0 0 0 0 0 0 0 75 13 0 0 0 0 41 22 0 0 0 75 194 57 126 111 0 0 0 0 5 29 0 0 0 0 108 26 79 0 43 255 255 255 174 124 63 30 19 9 6 0 0 4 8 2 0 0 0 71 57 29 11 0 0 0 0 0 0 0 0 0 0 14 0 0 0 0 8 16 0 0 0 4 26 36 17 11 0 0 10 17 0 0 3 13 3 0 8 13 8 12 29 18 9 22 22 8 7 0 0 0 0 0 0 6 0 0 0 0 0 0 0 8 29 0 0 0 0 0 61 65 4 0 2 0 0 0 0 0 0 0 11 32 22 36 11 0 0 0 0 0 0 33 0 0 0 0 33 0 0 0 12 31 0 0 21 0 0 7 23 18 0 16 16 0 0 12 0 24 100 198 -2147483648 
-2147483648 20 2 0 5 0 0 20 0 0 15 0 1 0 2 0 1 24 10 0 0 0 3 15 0 24 14 0 18 0 0 0 0 114 255 226 59 51 46 13 0 27 33 28 24 13 0 0 0 3 0 1 16 5 0 0 10 28 31 24 3 0 0 17 22 22 4 0 0 51 43 16 6 27 0 0 0 0 0 0 0 0 0 33 0 3 14 0 0 33 67 20 0 0 154 255 38 0 0 0 0 0 0 0 15 0 0 0 0 168 17 0 101 255 255 255 180 100 78 37 24 15 0 0 0 0 5 0 0 0 0 14 40 28 13 1 0 0 0 0 0 0 0 0 0 6 6 0 0 0 21 15 0 0 0 23 43 30 20 0 7 0 0 11 1 0 0 4 8 13 10 13 35 34 19 13 19 13 8 17 9 15 15 0 0 0 0 3 3 0 0 0 0 0 0 0 19 0 0 0 0 0 0 63 59 0 0 15 0 0 0 0 0 0 0 0 41 34 5 0 0 0 0 4 0 0 4 0 15 0 0 3 0 0 0 6 26 0 0 4 0 0 17 11 26 0 9 6 0 0 4 0 0 91 232 -2147483648 
-2147483648 10 14 3 1 0 0 28 0 0 11 0 20 0 0 0 16 13 0 7 0 0 23 22 0 11 0 0 9 0 0 4 0 63 243 196 68 45 60 0 5 92 88 53 38 12 0 0 0 3 0 0 28 44 19 0 16 28 11 12 6 0 0 26 38 15 1 0 0 15 14 8 0 0 0 0 0 0 0 0 6 0 14 16 0 47 27 0 0 39 52 0 0 33 214 255 19 0 0 0 7 12 0 0 11 0 4 12 42 97 0 32 255 255 255 223 110 62 45 16 20 17 0 0 0 4 2 0 0 0 9 15 11 6 3 0 0 0 0 0 0 0 0 0 4 23 0 0 0 0 37 18 0 0 0 55 35 5 0 0 0 0 0 5 0 0 44 21 0 18 29 27 50 57 37 10 13 5 0 1 3 15 18 1 0 0 0 4 7 0 0 0 0 0 0 0 0 0 0 0 0 0 0 41 45 0 0 3 0 0 0 0 0 0 0 0 12 13 0 0 0 0 4 19 0 0 0 0 16 0 0 0 10 0 0 0 10 0 0 0 0 11 0 9 25 0 7 0 0 12 0 0 0 118 255 -2147483648 
-2147483648 0 15 0 5 0 0 29 0 0 6 5 15 0 0 10 18 0 0 16 0 0 31 11 0 6 0 0 0 2 0 0 0 22 108 108 62 31 27 0 100 198 146 77 28 13 0 0 0 0 0 0 118 104 70 9 16 25 0 13 28 15 11 9 30 21 0 0 0 0 0 0 0 0 0 0 0 0 0 2 13 0 20 32 0 12 33 0 0 23 12 0 23 28 199 220 63 0 0 0 11 11 0 0 26 25 0 48 77 0 50 255 255 255 213 146 74 40 28 9 15 12 0 0 0 1 1 0 0 2 14 12 5 2 0 0 0 0 0 0 0 0 9 1 25 14 0 0 0 25 39 15 0 0 7 41 14 0 0 0 0 0 0 10 0 7 75 39 0 17 39 43 54 49 36 14 5 0 0 0 0 11 17 12 0 0 0 0 12 0 0 0 0 0 0 6 0 0 0 0 0 0 0 25 34 0 0 0 0 0 0 0 0 0 0 0 0 0 0 0 7 0 0 17 0 21 0 0 0 0 0 0 10 0 0 0 3 0 0 0 0 0 0 30 0 0 6 0 0 9 16 0 0 207 255 -2147483648 
-2147483648 0 11 0 4 2 0 23 0 0 9 5 0 0 0 19 4 0 0 3 0 0 24 0 0 8 4 0 16 16 0 0 0 4 21 25 42 7 0 78 223 215 130 57 20 5 0 0 0 0 0 68 151 160 117 27 20 37 9 26 33 16 15 0 17 28 0 0 0 0 0 0 0 0 29 0 0 0 0 0 0 7 42 41 0 0 12 0 0 0 0 0 33 0 176 223 97 0 0 0 0 0 0 0 32 38 62 41 0 32 253 255 255 223 135 89 48 28 16 11 8 4 0 0 0 0 0 8 5 0 6 14 7 2 0 0 0 0 0 0 0 12 13 8 21 0 0 0 28 47 39 10 0 0 1 11 12 0 0 0 0 0 0 7 0 0 64 58 19 16 34 41 46 29 19 16 0 0 0 0 0 12 24 21 8 0 0 0 3 0 0 0 0 0 0 12 0 0 0 0 0 0 0 62 20 0 8 0 0 6 0 0 0 0 0 0 0 0 0 0 11 0 0 19 0 32 0 0 0 0 0 0 0 0 0 4 9 0 0 0 0 0 0 34 0 19 0 0 9 0 13 0 104 255 216 -2147483648 
-2147483648 0 12 6 0 0 0 10 0 0 20 0 0 0 0 23 0 1 0 0 13 0 25 2 0 11 0 0 33 9 0 0 0 2 8 0 33 0 17 210 214 53 26 23 36 0 0 0 65 37 35 41 87 185 195 95 29 54 43 40 30 4 2 4 9 22 7 0 0 0 0 0 0 0 25 0 0 0 24 0 0 32 67 28 0 33 0 0 0 0 0 28 21 0 195 219 40 0 0 5 0 0 8 46 22 22 161 26 0 231 255 255 255 134 79 48 26 22 11 7 2 2 0 0 0 0 4 6 1 0 5 13 3 1 0 0 0 0 0 0 14 11 5 10 10 0 0 22 55 50 34 6 0 0 0 1 9 0 0 0 0 0 0 8 0 0 33 65 46 27 25 29 34 16 3 8 0 0 0 0 0 17 29 20 5 0 0 0 0 0 0 0 0 0 0 0 0 0 0 0 0 0 27 98 0 0 5 0 0 15 0 0 0 0 0 0 0 0 0 0 1 0 0 18 0 8 5 11 8 0 0 0 0 12 0 0 0 0 0 0 0 0 0 20 0 32 0 0 40 0 0 49 223 255 5 -2147483648 
-2147483648 3 15 4 0 0 9 0 0 10 21 0 0 0 5 14 0 6 0 5 9 0 24 0 0 13 0 0 24 0 0 0 0 0 9 0 34 0 47 223 31 0 0 11 52 0 0 41 192 114 20 0 75 188 255 143 35 79 76 60 32 1 0 8 3 17 25 0 0 0 0 0 0 0 0 0 0 0 22 2 0 22 86 18 0 80 0 0 0 0 0 24 17 20 179 170 0 0 0 36 0 0 23 97 51 0 136 99 88 255 255 245 180 80 39 24 12 14 11 3 0 1 0 0 0 0 8 0 0 0 6 12 1 0 0 0 0 0 0 9 0 0 8 22 12 0 0 52 65 45 18 4 8 0 0 0 2 0 0 0 0 0 18 13 0 0 0 59 81 58 34 24 22 1 0 0 5 4 3 0 0 9 14 8 0 10 0 0 0 0 0 0 0 0 0 0 0 0 0 0 0 0 11 71 0 0 0 0 16 6 0 0 0 0 0 0 0 0 0 0 0 0 0 0 13 0 0 22 21 0 0 0 0 0 0 0 0 0 0 0 0 0 0 12 14 5 0 8 55 0 0 102 255 255 0 -2147483648 
-2147483648 2 14 0 6 0 1 0 8 12 7 0 0 0 0 0 0 6 0 0 16 10 0 0 0 15 0 0 5 0 7 0 0 5 0 0 28 0 0 0 0 0 0 0 49 0 0 93 199 226 0 0 152 161 234 98 38 134 145 95 38 3 5 12 3 34 0 0 0 136 0 0 0 0 0 0 0 0 30 29 0 10 85 2 0 46 0 0 0 0 0 3 40 32 99 123 0 0 0 23 0 0 35 132 138 2 36 232 255 255 236 152 120 52 18 10 6 5 5 0 0 1 1 0 0 0 4 0 0 0 0 7 4 3 0 0 0 0 0 25 0 0 31 28 7 0 0 65 60 30 1 8 7 0 0 0 0 0 0 0 16 39 26 11 0 0 0 44 114 90 44 18 8 0 0 0 23 30 13 1 4 2 0 0 0 11 6 0 0 0 0 0 0 0 0 0 0 0 0 0 0 0 0 11 0 0 0 0 31 14 0 0 0 0 0 0 0 0 0 0 0 0 0 0 10 0 0 16 9 0 0 21 9 0 0 0 0 0 0 0 1 0 0 7 16 0 0 64 74 0 0 139 255 255 0 -2147483648 
-2147483648 0 8 0 8 5 0 0 17 1 0 0 0 0 0 0 17 9 0 0 19 27 0 0 5 11 0 0 0 0 20 0 0 19 0 9 12 0 0 0 0 0 0 0 31 71 91 9 238 252 0 35 175 51 64 19 45 192 240 146 58 25 32 23 6 0 0 0 76 112 0 0 0 0 0 0 49 0 23 58 0 14 31 0 0 0 0 0 36 0 0 0 74 1 12 84 0 0 0 0 0 3 82 175 149 3 94 255 255 237 129 100 68 33 11 2 2 0 0 0 0 2 5 0 2 2 2 0 1 1 0 0 5 9 0 0 0 0 0 15 0 16 38 0 0 13 33 70 43 9 0 15 0 0 0 0 0 0 0 0 40 53 18 22 4 0 0 29 115 86 30 9 0 0 0 13 34 31 15 1 4 4 0 0 0 0 0 0 0 0 0 0 0 0 0 0 0 0 0 0 0 0 0 0 0 0 0 0 33 22 0 0 0 0 0 0 0 0 0 0 0 1 0 0 0 0 0 9 0 0 6 13 0 0 0 0 0 0 0 0 21 0 0 12 4 0 0 58 46 0 0 158 255 218 146 -2147483648 
-2147483648 0 0 0 7 10 0 0 11 0 4 4 0 3 2 0 17 0 0 0 5 28 2 0 0 8 0 3 0 5 20 0 0 14 0 10 0 0 0 0 0 14 0 0 38 104 60 63 255 148 0 97 87 0 0 10 101 218 254 173 62 57 75 11 0 0 0 0 255 34 0 0 0 0 0 0 66 30 7 63 0 0 0 0 4 0 0 116 216 6 0 0 39 0 0 51 14 6 0 8 0 48 190 198 43 48 255 255 255 157 75 60 29 16 9 5 3 0 0 0 0 1 4 3 0 0 4 0 0 0 0 0 4 5 0 0 0 0 21 22 24 37 0 0 20 55 64 63 23 0 7 16 0 0 0 0 0 0 0 0 27 41 27 42 23 0 0 41 82 43 4 10 0 0 0 22 25 18 11 4 4 2 0 0 0 0 0 0 0 0 0 0 0 0 0 0 0 0 0 0 0 0 0 0 0 0 0 0 33 12 8 10 0 0 6 0 0 0 0 0 0 0 23 0 0 0 0 3 0 0 15 0 0 0 0 0 0 7 0 0 1 0 0 9 0 0 4 14 0 19 82 156 114 135 180 -2147483648 
-2147483648 0 0 14 0 5 0 0 7 8 4 4 0 7 20 0 1 0 0 0 0 15 0 0 0 12 0 0 0 3 19 0 0 0 0 0 0 0 0 0 10 0 28 11 81 106 0 140 219 47 0 89 0 0 0 112 181 194 180 142 0 4 75 0 0 0 0 37 255 45 0 0 0 0 0 0 64 65 3 35 0 0 0 0 18 0 0 228 255 114 0 0 0 0 0 36 36 0 0 60 0 54 255 181 30 186 255 255 178 115 50 27 9 4 7 10 4 0 0 0 0 0 2 4 0 0 7 7 0 0 0 0 7 0 0 0 0 0 19 49 74 21 0 0 69 72 72 55 18 0 7 7 0 0 0 0 4 0 0 0 17 41 49 38 6 0 17 51 44 6 0 10 4 0 0 3 12 17 7 0 4 1 0 0 0 0 0 0 6 0 0 0 0 0 0 0 16 0 0 0 0 1 0 0 0 0 0 0 38 10 5 18 0 0 0 0 0 0 0 0 0 0 0 3 0 0 0 0 0 0 10 0 0 0 0 0 0 0 8 0 0 10 4 0 0 0 7 0 0 43 147 155 0 3 121 -2147483648 
-2147483648 0 0 13 0 4 0 0 9 14 0 0 0 2 22 0 0 0 0 0 10 0 0 4 0 17 0 0 0 0 38 9 0 0 0 0 0 0 0 0 16 20 66 17 93 107 0 63 88 30 164 99 0 0 32 231 178 113 106 71 0 0 17 0 0 0 27 59 132 133 98 0 0 0 0 5 33 64 3 7 0 0 0 0 18 0 0 213 255 208 0 0 0 0 0 7 53 0 0 85 0 74 255 177 145 255 255 173 108 78 31 8 0 2 9 6 0 2 0 0 0 0 0 5 0 0 7 8 0 0 0 3 5 0 0 0 0 0 8 60 112 0 0 0 93 75 52 47 28 0 0 0 0 0 0 0 20 0 0 18 45 50 38 5 0 12 38 40 27 0 0 6 7 1 0 0 11 18 5 0 6 2 0 0 0 0 0 18 14 0 0 0 0 0 0 0 12 0 0 0 0 12 0 0 0 0 0 0 31 21 7 5 0 0 0 0 0 0 0 0 0 0 0 0 0 0 0 0 0 0 0 0 0 0 0 0 0 3 9 0 0 19 0 0 0 13 0 0 5 48 176 189 35 0 0 -2147483648 
-2147483648 0 0 0 3 5 19 0 0 4 0 0 23 0 8 0 0 13 0 7 23 0 0 9 0 0 0 0 0 0 105 92 0 0 0 0 0 0 34 1 24 80 107 0 63 87 0 0 25 60 255 197 0 0 83 227 81 0 65 23 0 0 0 0 111 224 132 0 0 183 8 0 0 0 0 12 10 27 1 8 0 0 0 18 32 0 0 165 255 196 0 0 0 0 0 0 63 70 0 60 98 152 255 170 207 255 205 118 70 38 13 1 0 3 6 2 0 0 1 0 0 0 0 6 5 0 5 2 0 0 4 4 0 0 0 0 0 0 3 79 116 0 0 0 87 59 26 35 31 0 1 0 0 0 0 0 0 0 0 41 69 47 0 0 0 25 43 40 31 10 0 9 3 0 0 0 17 17 4 0 7 0 0 0 0 0 0 38 23 0 0 0 2 0 0 0 0 0 0 0 0 0 0 0 0 0 0 0 12 29 12 0 0 0 0 0 0 0 0 0 0 0 0 0 0 0 0 0 0 7 6 0 9 0 0 0 0 10 0 0 0 0 0 0 0 7 0 0 0 67 222 221 128 16 0 -2147483648 
-2147483648 0 0 0 15 0 43 13 0 0 0 0 32 0 0 0 0 22 0 4 16 0 0 29 23 0 0 0 0 0 175 234 0 0 0 47 32 0 0 18 55 113 87 0 69 15 0 0 39 91 255 255 0 0 0 98 0 0 122 4 0 0 2 0 174 255 141 0 0 49 0 0 0 12 0 38 10 0 0 25 9 0 26 8 10 0 0 178 255 114 0 0 0 0 0 0 65 120 0 65 250 255 255 113 179 255 152 88 42 18 4 0 0 1 3 3 0 0 0 0 0 0 0 3 6 2 3 0 0 0 9 9 0 0 0 0 0 0 2 89 93 0 0 10 64 35 21 33 17 1 0 0 0 0 0 0 14 17 0 6 52 36 0 0 21 47 44 37 38 28 12 7 0 0 0 0 23 21 10 3 6 0 0 0 0 0 1 59 31 0 0 0 0 0 0 0 0 0 0 0 0 0 0 0 0 0 0 0 4 39 6 0 0 0 0 0 0 0 0 0 0 0 0 0 0 0 0 0 0 6 31 3 0 0 0 3 0 0 0 0 7 0 0 0 0 0 4 0 0 120 255 180 0 3 0 -2147483648 
-2147483648 0 0 0 20 0 36 10 0 0 0 13 15 0 0 7 9 38 7 0 0 0 0 32 55 0 0 0 0 0 143 251 0 0 0 92 0 0 3 38 69 69 27 21 108 0 0 45 9 44 255 255 34 33 0 0 0 0 236 0 0 0 79 147 79 211 126 0 0 0 0 0 0 0 8 95 1 0 19 28 0 15 190 0 0 26 49 205 255 16 0 0 6 0 0 0 30 91 0 180 255 255 255 58 107 170 110 61 22 13 2 0 0 0 3 4 0 0 0 0 0 2 1 0 0 0 2 3 0 0 3 9 0 0 0 0 0 0 5 64 55 0 0 9 42 17 24 26 0 0 0 0 0 0 0 10 67 38 0 0 22 17 0 0 67 78 28 18 37 33 10 2 0 0 0 0 32 27 19 12 1 0 0 0 0 0 19 61 29 0 0 0 0 10 16 30 1 0 0 0 0 0 0 0 0 0 0 0 7 37 1 0 0 0 0 0 0 0 0 0 0 0 0 0 0 0 0 0 5 8 15 23 0 10 0 6 0 0 0 0 0 0 0 0 0 0 0 0 4 169 255 36 0 0 177 -2147483648 
-2147483648 6 0 0 22 2 2 2 0 0 0 11 0 0 0 19 56 34 0 0 0 19 7 16 48 0 0 0 40 41 51 111 0 0 46 85 0 0 33 23 37 45 59 90 61 0 1 67 0 0 255 255 111 116 0 0 0 55 183 0 0 0 185 255 0 0 116 127 0 0 0 2 0 0 66 155 0 0 79 11 0 121 255 0 0 82 185 142 52 0 0 0 52 4 0 19 0 54 212 255 255 255 200 51 50 76 59 33 10 6 2 0 0 0 0 4 0 0 0 0 0 6 8 2 0 0 1 1 0 0 0 4 0 0 0 0 0 0 14 37 23 0 0 14 23 0 9 5 0 0 0 0 5 0 0 53 82 18 0 0 0 0 0 21 86 69 13 12 32 18 0 0 0 0 0 35 39 24 13 6 0 0 0 0 0 0 23 46 27 0 0 0 0 22 25 42 27 0 0 0 0 0 0 13 0 0 0 0 10 5 0 0 0 0 10 0 0 0 0 0 0 0 0 0 0 0 0 0 10 0 1 21 0 18 0 0 3 0 0 0 0 0 1 0 0 0 0 16 49 167 255 0 0 0 254 -2147483648 
-2147483648 7 0 1 15 5 0 0 2 0 0 0 0 0 0 39 70 0 0 0 0 31 5 0 25 0 0 0 53 84 10 7 0 0 45 64 10 6 18 1 5 122 225 76 0 0 84 0 0 0 255 255 138 123 0 0 41 213 0 0 0 32 214 255 0 0 88 102 0 0 42 75 0 11 148 182 0 0 160 12 0 224 255 0 0 41 197 18 0 0 0 0 55 37 0 20 19 97 255 255 255 184 143 60 37 32 21 10 6 4 2 0 0 0 0 3 0 0 0 0 0 9 13 6 0 0 0 0 1 0 3 2 0 0 0 0 0 0 24 21 0 0 3 22 1 0 0 0 0 0 0 0 0 0 23 80 72 13 0 0 0 9 54 71 59 25 8 19 27 2 0 0 0 0 24 57 36 9 0 0 0 0 0 0 6 8 12 26 24 0 0 0 0 0 0 19 32 9 0 21 2 0 3 14 0 0 0 0 6 0 0 0 0 0 17 10 0 0 0 0 0 0 0 0 0 0 0 0 0 0 7 0 9 9 0 0 17 10 0 0 0 0 0 0 0 0 0 82 85 129 220 0 0 0 184 -2147483648 
-2147483648 0 0 16 7 2 0 0 0 12 0 0 0 0 3 31 37 0 0 0 0 44 0 0 0 0 0 0 43 74 34 0 0 0 31 46 63 18 25 89 11 113 255 140 0 0 0 0 153 151 153 255 106 73 0 0 141 245 0 0 0 18 231 255 0 0 2 0 0 0 218 158 0 19 153 162 21 0 188 42 0 185 201 0 0 0 39 0 0 0 0 0 41 20 0 27 168 255 255 255 205 107 95 56 28 19 9 4 8 4 0 0 0 0 4 1 0 0 0 0 1 7 9 2 0 0 0 0 7 0 2 0 0 0 0 0 0 0 24 0 0 0 28 13 0 0 5 0 0 0 4 17 0 0 40 91 65 12 0 0 0 35 72 57 26 2 3 22 23 0 0 0 0 19 44 52 30 1 0 0 0 0 0 9 5 0 7 10 16 0 0 0 0 0 0 0 14 19 17 67 64 16 6 21 6 0 0 0 0 0 0 0 0 0 14 13 3 14 0 0 0 0 0 0 0 0 0 0 0 0 0 0 21 3 0 0 9 10 0 0 0 0 0 0 0 0 0 113 78 69 115 0 0 0 81 -2147483648 
-2147483648 0 0 8 10 0 2 4 0 5 0 9 0 0 14 0 8 0 7 0 3 59 0 0 0 74 0 0 36 52 68 0 0 24 5 35 79 21 144 255 60 0 255 255 0 0 0 0 255 255 24 105 21 43 70 95 199 115 0 0 0 0 255 255 72 0 0 0 0 0 255 215 0 0 49 158 204 0 127 45 0 26 0 0 0 0 0 0 0 0 0 0 43 0 0 53 255 255 255 255 123 65 52 36 26 25 15 5 0 0 0 0 0 5 9 0 0 0 0 0 2 2 2 0 0 0 0 2 3 1 0 0 0 0 0 0 0 16 30 0 0 8 29 0 0 0 0 0 0 6 28 10 0 0 45 72 39 0 0 0 3 36 30 19 16 0 0 16 24 0 0 0 3 49 39 37 22 0 0 0 0 5 1 0 0 0 18 21 10 0 0 0 0 0 0 0 0 2 0 77 93 13 16 40 43 0 2 0 1 0 0 0 0 0 6 0 12 35 0 0 0 0 0 0 0 0 0 0 0 0 0 0 19 0 0 0 0 1 0 0 0 4 0 0 0 0 13 136 17 0 88 18 0 0 45 -2147483648 
-2147483648 0 0 1 6 0 7 4 3 0 0 22 0 0 14 0 13 0 0 12 16 42 0 0 0 157 0 0 14 23 70 22 0 24 8 24 66 0 255 255 165 0 63 255 88 0 0 112 255 255 25 26 0 59 163 153 202 0 0 0 0 0 255 255 126 0 0 0 0 0 255 191 0 0 0 212 255 57 21 0 0 0 0 0 0 0 0 0 28 41 0 0 64 0 0 191 255 255 255 151 74 44 27 12 26 34 20 3 0 0 0 0 0 8 6 0 2 1 0 0 0 1 1 0 0 0 3 7 3 4 4 0 0 0 0 0 0 27 35 0 0 12 20 0 0 0 0 0 43 67 13 0 0 2 43 29 0 1 12 22 16 14 5 19 4 0 0 25 23 0 0 0 36 46 34 30 10 0 0 7 0 0 0 0 0 0 27 37 8 0 0 0 0 0 0 0 0 0 0 58 43 0 0 29 52 47 68 58 42 12 0 0 0 0 0 0 9 49 20 0 0 0 0 0 0 0 0 0 0 0 0 0 5 0 0 0 0 3 0 7 0 0 0 0 0 0 36 157 0 0 129 11 0 29 46 -2147483648 
-2147483648 0 0 5 0 0 17 0 3 0 7 8 0 21 0 0 11 4 0 4 30 4 0 0 1 105 60 0 0 0 62 65 0 3 44 55 0 0 243 255 255 0 0 255 201 0 0 174 172 127 48 53 22 81 164 153 170 0 0 0 0 57 255 255 192 0 0 0 0 0 255 83 0 0 0 240 206 0 0 0 0 0 0 0 0 0 0 0 36 65 0 0 65 0 88 255 255 255 181 96 51 35 21 2 16 26 16 1 0 1 0 0 0 6 0 0 6 2 0 0 0 0 1 3 1 0 0 7 4 5 6 0 0 0 0 0 0 19 24 0 0 2 8 0 0 0 0 0 84 80 0 0 13 26 29 8 0 13 22 21 0 0 11 37 0 0 0 43 0 0 0 36 42 34 30 30 5 0 0 10 0 0 0 0 0 4 35 30 0 0 0 0 0 0 0 0 0 0 29 13 0 0 0 0 32 39 79 91 85 78 41 0 0 0 0 0 9 46 38 0 0 0 0 0 0 0 0 0 0 0 0 0 0 0 0 0 0 3 0 16 0 0 0 0 0 0 60 157 0 0 243 0 0 96 5 -2147483648 
-2147483648 8 0 0 0 0 21 0 6 0 0 0 0 25 0 0 0 19 0 0 23 0 0 0 11 39 55 28 0 0 56 74 34 26 113 63 0 0 175 255 255 133 20 101 116 0 0 75 14 18 18 43 85 82 97 131 157 64 0 0 0 66 131 255 255 0 0 0 0 80 244 0 0 0 26 175 89 0 0 0 0 0 0 13 29 1 0 0 45 25 0 0 24 73 255 255 255 199 118 77 39 25 14 4 11 13 6 0 0 2 0 0 3 3 0 0 4 1 0 0 0 0 0 9 6 2 0 2 1 2 3 0 0 0 0 0 0 5 16 0 0 0 0 0 0 0 0 0 56 53 0 0 49 33 21 17 14 11 1 3 0 0 17 36 0 0 0 9 0 0 7 46 41 35 21 29 8 0 0 0 4 0 0 0 0 33 39 5 0 0 0 0 0 0 0 0 0 0 7 0 0 0 0 0 8 9 31 45 62 105 113 88 47 0 0 0 10 32 31 0 0 0 0 0 0 0 0 0 0 0 0 0 0 0 0 0 0 0 0 15 0 0 0 5 24 0 92 95 0 0 255 6 0 33 0 -2147483648 
-2147483648 11 4 0 5 3 17 0 10 0 0 6 0 15 3 0 0 6 0 0 0 0 0 0 0 17 40 44 0 0 22 60 137 127 119 0 0 2 222 255 255 199 70 36 59 0 0 0 0 0 0 7 85 72 63 98 154 182 0 0 0 2 0 255 255 78 42 91 62 103 0 0 0 0 13 54 0 0 0 0 0 0 58 31 0 0 0 0 53 0 0 0 0 255 255 255 204 136 90 55 27 18 10 6 8 4 0 0 0 1 0 0 2 1 0 0 1 2 2 0 0 0 0 10 5 2 1 0 0 0 1 1 0 2 0 0 0 0 13 4 5 0 0 0 0 0 0 0 28 21 0 29 72 47 16 10 8 0 0 0 0 0 24 17 0 0 0 0 0 0 53 21 28 28 19 33 19 0 0 5 26 0 0 0 5 50 22 0 0 0 0 0 0 0 0 0 5 0 0 0 0 0 0 0 0 10 5 0 10 57 83 148 169 56 0 0 0 19 17 14 0 0 0 0 0 0 0 0 0 0 0 0 0 0 0 0 2 0 0 9 0 0 0 20 51 24 126 0 0 0 255 54 0 0 0 -2147483648 
-2147483648 3 14 1 0 7 11 0 6 0 0 10 0 3 0 0 0 0 0 0 0 0 0 0 0 20 48 49 27 0 0 54 195 205 2 0 0 242 255 220 168 148 48 48 81 39 0 0 0 0 0 0 36 43 60 70 153 237 0 0 0 0 0 255 236 77 138 171 170 78 0 0 0 0 0 0 0 0 0 13 0 38 142 0 0 0 8 0 61 6 43 0 36 255 255 255 127 97 70 33 19 15 10 6 5 0 0 0 0 0 0 1 0 0 2 0 0 2 4 0 0 0 1 6 5 0 0 2 4 0 0 4 0 0 0 0 0 6 7 13 12 0 0 0 0 0 0 0 23 11 7 43 72 42 0 0 0 0 0 2 0 0 41 0 0 0 0 0 0 40 71 2 6 23 17 32 30 0 0 16 25 0 0 0 13 45 0 0 0 26 0 0 0 0 0 0 0 0 0 0 0 0 1 0 0 4 7 0 0 22 14 80 202 171 40 0 0 0 18 9 12 0 0 0 0 0 0 0 0 0 0 0 0 0 0 0 0 0 17 3 0 0 0 40 49 50 126 0 0 169 255 35 0 0 0 -2147483648 
-2147483648 0 17 0 0 8 0 3 5 0 0 20 0 0 0 0 0 0 0 0 0 1 46 0 0 7 53 55 39 0 0 27 155 190 0 0 100 255 255 204 110 87 5 67 103 0 0 0 25 0 0 0 10 6 33 58 159 254 0 0 250 85 34 170 15 62 193 196 182 31 0 0 0 0 0 0 0 0 0 9 12 88 142 0 0 0 6 0 57 31 175 50 164 255 255 199 86 60 41 26 21 13 8 4 2 0 0 0 2 1 0 2 0 0 1 1 1 0 3 0 0 2 5 4 2 0 0 1 8 0 0 4 1 0 0 0 0 4 7 16 6 0 0 0 0 0 0 0 15 30 27 46 49 1 0 0 5 0 0 22 0 16 42 0 0 0 0 0 1 60 81 0 5 41 0 17 34 25 36 19 0 0 0 0 16 29 0 0 0 52 0 0 0 0 0 0 0 0 0 0 0 9 10 0 0 0 0 0 0 17 0 0 108 186 170 69 0 0 8 0 9 1 0 0 0 0 0 0 0 0 0 0 0 0 0 0 0 0 37 0 0 0 16 48 39 86 30 0 0 255 255 0 0 0 0 -2147483648 
-2147483648 5 14 0 0 3 0 14 15 0 0 28 0 0 0 0 36 28 0 0 0 8 93 25 0 0 29 33 42 0 36 0 64 163 0 7 155 144 255 255 106 81 17 85 66 0 0 96 137 0 0 0 30 0 0 34 153 195 0 0 255 156 68 28 0 62 194 170 144 0 0 0 0 0 0 0 0 43 0 0 102 74 34 0 0 0 0 0 26 86 255 254 255 255 213 146 55 39 21 25 24 11 3 0 0 0 0 0 3 2 0 2 0 0 1 1 2 1 1 0 0 1 0 1 0 0 0 0 0 0 3 2 6 1 0 0 0 0 8 11 0 0 0 0 0 0 0 0 25 45 21 38 28 0 0 0 23 0 0 57 23 19 1 0 0 0 0 0 0 94 65 0 35 19 0 18 50 46 57 6 0 0 0 0 27 24 0 0 0 15 0 0 0 0 0 0 0 0 0 0 23 0 0 0 0 0 0 14 0 6 0 0 18 96 199 193 49 0 0 0 0 1 0 0 0 0 0 0 0 0 0 0 0 0 0 0 0 0 29 4 0 0 23 33 39 150 0 0 0 255 255 0 0 0 0 -2147483648 
-2147483648 16 13 0 0 9 0 10 21 0 0 25 0 0 0 0 0 0 0 0 0 28 79 74 0 0 0 22 50 6 63 0 18 173 111 170 91 0 188 255 42 187 154 107 0 0 8 175 82 0 0 36 65 7 0 0 117 78 0 0 216 14 52 73 0 51 165 139 103 0 0 0 0 0 0 0 0 48 20 9 131 6 0 0 0 0 0 0 24 197 255 255 255 232 131 96 49 30 16 20 18 9 1 0 0 2 0 0 1 1 0 2 1 0 2 0 0 4 0 1 0 0 0 0 5 7 6 0 0 0 4 1 9 1 0 0 6 0 1 1 0 0 0 0 0 0 0 0 66 35 0 27 17 0 0 3 21 0 0 84 66 9 0 0 0 0 0 12 8 115 20 0 69 0 0 29 70 63 26 0 0 0 0 0 30 33 0 0 0 0 0 0 0 0 0 0 0 0 0 0 21 0 0 0 2 10 0 13 3 0 3 0 0 28 106 192 171 70 0 0 0 0 12 0 0 0 0 0 0 0 0 0 0 0 0 0 0 0 0 2 35 0 17 18 51 231 0 0 93 255 225 0 0 0 0 -2147483648 
-2147483648 13 8 0 0 22 0 5 18 0 0 17 0 0 6 0 0 0 0 0 0 18 20 70 0 0 0 40 34 45 105 0 1 165 183 248 0 0 149 161 0 255 255 126 0 0 113 147 0 0 71 129 73 17 0 0 69 0 0 0 0 0 92 227 6 38 130 133 76 0 0 0 0 0 0 0 3 0 55 37 28 0 0 50 0 0 0 0 55 255 255 255 255 153 86 59 41 23 20 14 7 6 1 0 0 3 1 0 1 0 0 2 3 0 0 0 0 2 0 6 2 0 0 0 10 7 2 0 0 0 1 3 7 0 0 0 12 4 0 0 0 0 0 0 0 0 0 0 109 5 0 17 0 0 0 26 0 0 0 98 74 0 0 0 0 0 0 34 38 65 0 21 62 0 0 28 68 59 0 0 0 0 0 0 0 37 0 0 0 5 0 0 0 0 0 0 0 0 0 0 8 0 0 0 3 22 0 7 5 0 13 0 0 17 25 78 179 167 67 20 0 0 0 0 3 0 0 0 0 0 0 0 0 0 0 0 0 0 0 0 40 10 9 8 62 255 0 0 157 255 39 0 0 0 0 -2147483648 
-2147483648 0 2 0 0 19 0 0 11 0 0 3 0 0 6 0 0 0 0 0 0 0 0 60 0 8 8 29 8 123 148 0 0 131 219 255 0 0 126 0 29 255 255 124 0 0 108 84 0 0 139 148 67 35 0 0 42 0 0 0 0 0 173 255 86 52 115 119 28 0 0 0 0 0 0 0 55 0 82 26 0 0 5 73 0 0 0 67 67 255 255 255 213 128 67 37 22 21 22 8 2 3 0 0 0 1 0 0 3 1 2 1 2 0 0 0 2 0 0 5 5 0 0 0 9 3 0 0 0 0 0 1 4 1 0 0 5 5 0 0 0 0 0 0 0 0 0 25 111 0 0 15 0 0 0 34 0 0 61 109 30 0 0 0 0 0 2 55 24 6 15 15 9 12 27 30 45 35 0 0 0 0 4 0 0 23 0 0 0 18 0 0 0 0 0 0 0 0 0 0 3 0 6 0 0 13 0 7 4 0 10 0 0 17 0 4 72 155 174 116 18 0 0 0 10 0 0 0 0 0 0 0 0 0 0 0 0 0 0 0 9 6 4 4 82 255 0 0 121 131 0 0 0 0 0 -2147483648 
-2147483648 0 9 0 0 5 0 0 10 0 0 0 0 0 0 0 0 0 0 0 0 0 15 53 26 25 19 3 7 171 110 0 0 122 253 255 0 0 87 0 123 255 165 88 57 27 42 43 0 0 31 87 77 49 6 0 41 0 0 0 0 0 234 255 87 92 125 76 0 0 0 0 0 0 0 0 53 0 66 0 0 0 0 47 42 0 0 118 119 255 255 255 164 93 58 28 13 17 14 2 1 2 0 0 0 0 0 0 2 5 6 0 0 0 0 0 0 0 0 0 4 3 0 0 8 3 0 0 0 0 0 1 6 5 0 0 1 7 3 0 0 0 0 0 0 0 0 36 56 0 16 11 0 0 1 16 0 0 123 99 0 0 0 0 0 15 36 39 5 18 30 0 0 42 57 33 19 28 5 0 0 0 0 0 0 0 0 0 6 0 0 0 0 0 0 0 5 5 0 0 14 0 12 12 0 0 4 7 3 0 0 2 9 5 0 4 0 63 164 181 110 26 0 0 0 0 0 0 0 0 0 0 0 0 0 0 0 0 0 0 0 0 3 31 105 195 50 0 116 0 0 0 0 0 0 -2147483648 
-2147483648 0 9 0 0 0 3 0 21 0 0 0 0 0 0 0 0 89 0 0 0 0 54 45 2 28 41 7 0 112 22 0 47 134 253 241 62 3 25 81 166 150 59 80 112 17 0 35 41 0 0 0 68 53 27 0 36 0 0 0 0 0 255 255 65 118 104 6 0 0 0 0 0 0 0 0 17 0 21 0 0 11 0 8 92 0 0 81 255 255 255 194 131 59 48 28 12 11 7 1 2 0 0 0 0 1 0 0 1 4 5 0 0 3 2 0 0 0 0 0 0 4 2 0 5 1 0 0 0 0 0 7 7 4 0 0 4 7 4 2 0 0 0 0 0 0 0 39 0 0 70 0 0 0 0 5 0 25 139 44 0 0 7 0 0 22 43 14 33 43 0 0 0 50 66 42 19 20 0 0 0 0 0 0 38 0 0 0 0 0 2 0 0 0 0 0 8 19 0 1 26 0 9 13 0 0 6 9 0 0 0 8 15 0 1 6 0 12 57 135 172 121 54 0 0 0 0 0 0 0 0 0 0 0 0 0 0 0 0 0 0 0 0 74 125 0 0 97 212 0 0 0 0 0 0 -2147483648 
-2147483648 4 0 0 0 0 0 0 19 0 0 0 0 0 0 22 0 129 0 0 0 0 31 34 0 60 111 17 0 0 0 52 140 140 201 179 52 0 0 211 214 77 68 109 78 0 0 58 103 57 0 0 24 79 37 0 16 0 0 0 0 0 249 255 65 81 22 0 0 0 0 0 0 0 0 0 4 0 0 0 0 28 0 10 62 48 5 125 255 255 255 142 98 45 33 26 11 10 4 3 7 0 0 0 1 1 0 0 4 1 0 0 4 3 1 0 0 2 1 0 0 0 0 0 2 0 0 0 0 0 0 12 9 4 0 0 2 3 0 1 0 0 0 0 0 0 0 39 2 0 72 0 0 0 0 0 0 66 109 0 0 0 22 0 0 32 23 11 63 16 0 0 0 36 72 55 40 0 0 0 0 0 0 0 60 24 0 0 0 0 18 5 0 0 0 0 1 11 0 10 16 0 19 6 0 0 0 12 0 0 0 4 19 0 1 0 0 10 0 45 115 177 158 52 17 0 0 0 0 0 0 0 0 0 0 0 4 0 0 0 0 0 0 120 159 0 0 0 255 0 0 0 0 0 2 -2147483648 
-2147483648 3 0 0 0 0 0 0 3 0 0 0 0 0 0 23 42 69 4 0 0 0 0 0 0 138 168 10 0 0 21 123 154 127 131 95 43 0 36 242 241 95 89 102 0 0 0 74 123 71 0 0 0 118 44 0 7 0 0 0 0 0 232 245 61 0 0 0 0 0 0 0 0 0 0 4 13 0 0 0 0 8 0 13 34 116 65 255 255 255 191 91 70 32 26 19 8 9 3 5 7 0 0 1 1 0 0 0 5 0 0 0 7 1 0 0 0 10 0 0 0 1 0 0 6 1 0 0 0 0 5 12 11 7 4 3 0 0 0 0 4 3 0 0 0 0 0 28 38 22 29 0 0 0 0 0 0 71 61 0 0 0 17 6 0 23 6 33 51 0 0 0 10 24 72 50 44 0 0 0 0 0 0 0 47 23 0 0 0 0 26 79 0 0 0 0 0 0 2 10 0 0 19 0 0 1 0 6 8 0 0 0 8 6 0 2 2 2 0 11 17 115 191 148 90 11 0 0 0 0 0 0 0 0 0 0 0 0 0 0 0 0 0 184 180 0 0 0 87 0 0 0 0 0 0 -2147483648 
-2147483648 22 0 0 0 0 0 0 0 23 0 0 23 41 4 13 14 9 11 0 0 0 0 0 0 191 154 0 0 0 99 119 110 85 64 32 118 128 123 206 201 105 57 58 0 0 0 78 167 94 0 0 0 130 87 1 0 0 0 0 0 0 191 147 0 0 0 0 0 0 0 0 4 0 0 0 13 0 0 0 46 0 0 20 72 112 185 255 255 183 142 59 37 19 24 15 10 10 3 3 1 0 0 1 0 1 1 3 3 0 0 0 3 0 0 0 0 2 0 0 1 1 0 2 9 1 0 0 0 0 11 8 8 8 7 4 0 0 0 3 7 10 3 0 0 0 0 7 57 38 0 0 0 0 0 0 0 56 31 7 11 1 20 12 7 0 16 56 1 0 0 8 10 25 48 26 34 0 0 0 0 0 0 0 44 21 0 0 0 0 10 75 0 0 0 0 0 0 10 7 0 6 8 0 0 3 0 0 10 0 8 0 0 6 0 14 5 0 0 5 0 21 114 176 169 95 18 0 0 0 0 0 0 0 0 0 0 0 0 0 0 0 39 230 162 0 0 0 0 0 0 0 0 0 0 -2147483648 
-2147483648 32 0 0 0 0 16 14 0 41 0 0 80 39 17 15 0 0 0 0 0 0 0 0 0 148 74 0 0 98 147 80 71 38 27 60 206 226 188 181 140 88 22 27 0 0 0 94 195 111 0 0 0 117 143 77 0 0 0 0 29 48 88 0 0 0 11 0 0 0 0 0 14 0 0 0 0 0 0 1 68 0 0 125 89 52 255 255 255 141 99 44 20 14 18 16 11 10 2 0 0 0 0 0 0 2 3 2 0 0 0 0 1 0 0 0 0 0 0 2 4 0 0 5 2 0 0 0 0 3 15 7 5 8 3 3 0 0 0 5 9 13 5 0 0 0 0 0 51 60 0 0 0 0 0 0 18 31 24 25 11 16 27 6 0 0 36 50 0 0 10 8 0 27 12 3 27 0 0 0 0 0 0 0 43 51 0 0 0 0 0 26 24 0 4 0 0 0 1 2 0 5 8 1 0 6 5 0 6 0 18 0 0 0 0 22 5 0 1 0 0 0 34 95 157 172 95 55 0 0 0 0 0 0 0 0 0 0 0 0 0 0 104 136 103 0 15 0 0 0 0 0 0 29 0 -2147483648 
-2147483648 17 0 0 0 14 26 36 0 17 3 16 65 0 45 6 0 0 0 0 0 0 9 0 21 60 4 0 6 128 132 45 49 25 56 166 231 212 220 190 112 63 18 10 0 0 0 100 148 64 0 0 0 117 151 123 0 0 0 0 80 49 0 0 0 2 109 0 0 0 0 33 0 0 4 43 0 0 0 0 23 0 3 249 101 134 255 255 204 107 58 29 14 16 15 14 5 5 4 1 0 0 1 0 0 3 3 0 0 4 2 0 0 0 1 0 0 0 1 0 3 0 0 0 0 0 0 0 0 12 20 6 0 6 0 0 1 0 0 4 10 13 4 0 0 0 12 10 43 54 0 0 0 0 0 0 32 17 32 22 8 33 24 0 0 0 39 20 0 0 30 0 0 24 5 11 26 2 16 0 0 0 0 0 7 60 0 0 6 0 0 2 35 17 0 0 0 0 0 0 0 13 11 0 0 13 0 0 7 0 20 0 0 2 0 10 10 0 0 0 0 0 3 11 63 143 164 137 49 2 0 0 0 0 0 0 0 0 0 0 0 27 141 0 0 69 113 0 0 0 0 0 0 12 0 -2147483648 
-2147483648 0 0 0 0 11 0 14 0 22 45 11 8 0 38 0 0 0 0 0 0 0 34 17 10 2 0 19 20 63 78 44 27 46 160 255 191 154 244 199 94 43 32 2 0 0 0 79 62 0 0 0 31 111 128 117 0 0 0 0 71 0 0 0 0 49 81 0 0 0 0 15 0 0 12 104 0 0 33 0 0 10 92 200 189 255 255 193 154 75 40 20 11 14 8 9 4 3 4 0 0 0 2 0 0 4 0 0 0 6 5 0 0 0 0 0 0 4 0 0 4 4 0 0 0 0 0 0 8 14 17 5 0 6 2 0 0 0 0 4 14 11 0 0 0 0 0 22 49 33 0 0 0 0 0 0 33 24 45 0 13 28 1 0 0 9 36 0 0 0 16 0 0 25 22 28 38 16 4 0 0 0 0 0 0 43 0 0 56 0 0 15 52 8 0 0 10 3 0 0 0 24 1 0 0 12 0 0 7 0 18 0 0 13 6 0 1 0 0 2 0 17 0 0 14 47 130 163 139 82 13 0 0 0 0 0 0 0 0 0 0 104 89 0 0 0 184 9 0 0 0 0 0 0 0 -2147483648 
-2147483648 0 0 0 0 2 0 0 0 28 1 0 12 4 0 0 0 0 0 0 0 8 19 10 9 0 4 9 6 0 26 75 16 113 255 255 87 118 255 177 77 57 53 0 0 0 8 35 0 0 0 6 79 80 90 84 28 0 0 0 0 0 0 0 0 46 25 0 0 0 0 0 0 14 8 46 0 0 3 25 16 103 99 76 255 255 255 124 103 58 41 22 13 8 1 3 5 6 0 0 1 1 0 0 1 4 0 0 0 5 4 0 0 0 0 2 5 3 0 0 3 2 0 0 0 0 0 0 6 4 12 10 0 3 7 2 0 0 0 3 18 13 0 0 0 0 0 14 45 27 6 3 0 0 0 0 20 29 51 10 20 0 0 4 0 12 38 0 0 0 5 0 0 26 28 17 53 46 0 0 0 0 0 0 0 7 0 0 56 14 0 39 40 0 0 0 20 27 0 0 3 15 0 0 0 0 0 0 0 0 16 0 0 2 26 5 0 3 7 1 0 15 0 0 17 0 42 82 163 170 79 36 0 0 0 0 0 0 0 0 59 175 0 0 0 0 179 0 0 0 0 0 0 0 0 -2147483648 
-2147483648 0 9 0 0 11 0 0 0 16 0 15 68 4 0 0 13 46 0 0 0 6 0 0 37 35 4 0 0 0 2 81 60 217 255 199 0 111 243 156 110 98 59 0 0 0 72 11 0 83 0 84 124 82 32 59 71 43 0 0 0 0 0 0 0 65 42 7 12 0 0 0 0 51 0 0 0 0 0 45 122 150 20 185 255 255 177 94 78 43 33 27 14 5 1 0 2 5 0 0 2 2 0 0 3 1 0 0 1 3 0 0 0 0 0 3 2 1 0 0 0 0 0 0 0 0 0 0 0 0 7 15 0 0 4 10 0 0 0 0 5 14 0 0 0 0 0 11 28 19 8 0 0 0 0 0 3 36 58 39 0 0 0 13 0 17 23 0 0 0 0 0 10 16 26 4 52 62 0 0 0 0 8 0 0 0 0 0 31 29 1 38 0 0 0 0 20 42 0 0 0 20 1 0 0 1 0 3 0 0 22 3 0 0 31 25 0 1 14 0 0 6 0 0 6 2 1 0 82 159 157 123 28 0 0 0 0 0 0 0 107 220 0 0 0 0 206 0 0 0 0 0 0 0 0 -2147483648 
-2147483648 0 0 0 0 0 0 0 0 36 7 39 84 7 0 0 24 70 0 0 0 0 0 0 77 54 0 0 6 19 9 60 185 255 253 73 0 120 144 161 173 83 66 19 0 0 217 75 0 83 121 134 117 123 3 58 77 95 0 0 0 0 0 23 0 84 80 30 50 0 0 0 0 25 0 0 0 0 0 112 179 9 44 255 255 208 121 78 60 27 21 26 10 2 3 1 0 0 0 1 0 1 0 0 3 0 0 1 0 0 0 0 2 0 0 0 0 3 1 0 0 0 0 0 0 0 0 0 0 0 0 8 0 0 8 11 0 0 3 0 0 8 0 0 0 2 14 20 18 7 2 0 0 0 0 3 0 56 64 29 0 0 0 11 8 32 0 0 0 0 4 22 1 0 35 16 35 46 24 0 0 0 37 43 0 0 0 0 10 22 8 27 0 0 0 0 6 45 4 0 0 41 15 0 5 16 0 2 0 0 22 6 0 0 22 24 0 2 17 0 0 3 21 0 0 0 3 0 3 73 138 174 130 44 0 0 0 0 0 11 129 197 0 0 0 0 173 0 0 0 0 0 0 0 0 -2147483648 
-2147483648 0 0 0 0 0 0 0 0 47 21 32 43 13 0 0 41 58 0 0 0 0 0 0 101 44 0 0 27 48 36 114 255 255 18 6 95 121 68 149 111 0 89 0 0 0 255 255 0 0 255 211 61 135 24 55 71 0 0 0 0 0 0 14 19 74 54 33 76 0 0 0 0 0 0 50 0 0 79 255 115 0 243 255 255 147 88 60 37 15 15 16 3 0 5 3 0 0 2 1 0 1 2 1 1 0 0 0 0 0 0 4 5 0 0 0 0 8 7 0 0 0 0 0 0 4 0 0 1 0 0 0 0 4 15 12 2 0 0 0 0 6 0 0 0 21 25 22 21 5 0 0 0 0 0 0 0 55 48 0 0 0 14 15 21 37 0 0 0 8 23 17 0 0 56 36 15 29 43 0 0 0 14 79 0 0 0 23 0 0 4 26 0 0 10 0 0 27 18 0 0 32 15 7 7 10 0 0 0 0 3 0 0 0 15 16 0 0 6 0 0 0 24 0 0 0 0 5 0 23 41 121 186 153 34 0 0 0 2 44 135 134 0 0 0 16 37 0 0 0 0 0 0 0 0 -2147483648 
-2147483648 0 0 2 0 0 17 0 9 22 0 18 14 10 0 0 58 16 0 0 19 0 0 0 108 39 0 0 45 51 88 255 255 118 0 39 221 94 65 76 0 0 73 0 0 0 234 255 0 0 255 255 12 60 32 0 0 0 0 0 0 47 0 0 79 52 18 0 50 46 0 0 4 0 0 108 0 0 146 255 22 35 255 255 212 124 62 34 19 12 14 7 0 0 5 0 0 0 1 1 2 2 0 0 1 2 0 0 0 0 0 1 4 0 0 0 0 7 8 3 0 0 0 0 0 4 0 0 2 8 4 0 0 0 3 10 12 6 0 0 0 5 0 0 0 41 22 9 19 7 0 0 0 0 0 0 0 18 0 0 0 0 13 23 28 1 0 0 0 14 12 0 0 1 66 55 21 20 51 39 0 0 0 45 0 0 2 12 0 0 0 31 0 0 0 0 0 14 20 0 0 3 0 13 19 0 0 2 12 13 0 0 0 0 3 10 12 0 0 11 0 0 19 0 2 0 0 11 0 7 0 36 125 184 141 22 0 0 6 78 136 86 0 0 26 116 0 0 0 0 0 0 0 0 0 -2147483648 
-2147483648 0 0 0 0 0 24 20 7 3 0 9 11 10 0 0 41 0 0 0 92 0 0 13 124 10 0 0 76 79 208 255 232 0 0 126 209 35 39 0 0 0 15 0 0 0 129 255 171 85 255 225 0 0 0 0 0 0 0 0 0 49 0 0 101 48 21 0 34 112 0 0 0 0 0 100 16 0 170 255 51 255 255 228 141 86 45 20 12 14 13 2 0 0 1 0 0 1 1 2 4 2 0 0 1 2 1 0 0 0 0 0 0 5 0 0 0 3 5 5 0 0 0 2 9 0 0 0 0 2 4 0 0 0 0 4 14 16 0 0 0 0 0 0 10 55 21 1 5 0 0 0 0 0 0 0 0 0 0 0 0 29 33 20 9 0 0 0 0 0 0 0 0 23 58 82 64 13 59 120 22 0 0 0 0 0 0 0 0 0 0 25 7 0 0 0 0 9 18 0 0 0 0 12 30 0 0 4 19 25 0 0 0 0 0 12 6 0 5 15 0 4 5 0 4 4 4 12 0 0 0 3 35 109 189 133 21 0 0 92 129 72 0 0 67 176 0 0 0 0 0 0 0 0 0 -2147483648 
-2147483648 0 0 0 0 0 18 18 0 1 0 5 11 3 0 17 0 0 0 11 15 0 0 70 86 0 0 0 104 179 255 255 48 0 0 168 110 0 0 0 0 0 0 0 0 0 71 255 255 255 255 111 0 0 0 0 0 0 0 34 44 0 0 3 71 65 0 0 33 119 18 0 0 0 0 75 36 0 170 158 244 255 255 174 94 65 33 16 9 9 4 0 1 0 0 0 0 2 3 2 4 1 0 0 0 0 3 2 2 0 0 0 0 3 3 0 0 2 5 6 0 0 0 2 8 0 1 0 0 0 5 0 0 0 2 6 6 6 0 0 0 0 0 0 38 51 15 1 0 0 0 0 0 0 0 0 0 0 0 0 18 43 48 24 0 0 0 0 0 0 0 0 12 30 58 125 102 20 59 163 84 0 0 0 6 0 0 0 0 0 0 0 20 24 0 0 0 0 22 3 7 0 0 15 17 0 0 3 11 18 7 0 0 0 0 26 0 0 15 12 8 4 0 0 12 12 3 5 0 0 0 9 0 47 134 156 130 21 13 83 111 75 0 0 96 172 0 0 0 0 0 0 0 0 0 -2147483648 
-2147483648 0 0 0 4 2 6 7 0 9 0 0 18 0 0 36 0 0 0 6 0 0 80 77 0 0 0 0 153 255 255 91 0 13 81 153 26 0 0 0 0 0 0 0 0 87 11 145 255 255 242 2 0 0 0 0 0 0 7 30 14 0 0 0 43 48 0 0 13 117 55 0 0 0 13 80 24 0 159 249 255 255 204 138 58 56 26 12 5 3 0 0 0 0 1 0 0 2 4 1 3 0 0 1 0 0 3 4 2 0 2 0 0 0 4 1 0 2 5 5 0 0 0 4 7 0 2 0 0 0 8 0 0 0 8 10 0 0 0 0 3 0 0 4 55 47 8 0 3 0 0 0 0 0 0 0 0 0 0 0 39 34 47 16 0 0 0 0 0 0 0 17 30 46 74 163 127 29 49 158 110 0 0 0 21 61 3 0 0 0 0 0 16 37 0 0 0 0 16 0 15 0 0 13 0 0 0 0 5 7 14 8 0 0 0 32 0 0 0 4 2 0 4 0 25 13 0 0 0 6 5 5 0 39 41 77 180 126 74 85 93 62 0 0 99 110 0 0 0 0 0 0 0 0 0 -2147483648 
-2147483648 4 0 0 14 0 7 3 0 18 1 0 19 7 0 14 0 0 0 0 0 90 125 0 0 0 0 58 243 255 187 0 13 99 111 120 0 0 0 0 0 0 31 0 0 184 0 0 255 255 255 0 0 0 0 0 0 20 44 0 0 28 0 3 14 0 0 0 48 74 0 0 0 0 14 151 45 0 198 255 255 255 135 98 41 35 17 8 4 0 0 0 0 0 4 1 0 3 3 0 2 1 0 1 0 0 1 2 0 0 6 0 0 0 3 2 1 4 1 4 5 0 0 6 12 0 0 0 0 5 6 0 0 4 10 8 0 0 0 2 0 0 0 17 57 40 5 3 10 0 0 0 0 0 0 0 0 0 2 19 42 36 49 0 0 0 0 0 0 0 0 25 27 57 91 176 151 35 34 139 132 0 0 0 0 27 11 0 0 0 0 0 0 2 0 12 0 0 0 0 20 0 0 11 0 0 0 12 4 6 3 2 0 0 0 12 0 0 0 0 0 11 12 0 23 5 0 0 0 15 1 0 0 27 0 8 108 183 173 131 89 41 0 0 63 8 0 0 0 0 0 0 0 0 0 -2147483648 
-2147483648 2 0 0 9 0 12 1 1 13 0 0 9 6 11 0 0 0 0 0 51 139 0 0 0 0 0 178 255 173 19 0 111 124 70 6 0 0 0 0 0 0 52 0 0 199 0 0 248 255 255 0 0 0 0 0 6 42 25 0 23 44 0 51 0 0 0 18 84 0 0 13 22 0 9 255 65 0 255 255 255 175 95 66 32 17 8 5 3 0 0 0 0 0 3 2 0 4 2 0 2 1 0 0 0 1 1 1 0 0 5 0 0 0 0 3 5 5 1 5 2 0 0 0 13 0 0 0 2 4 0 0 0 13 14 1 0 0 0 3 0 0 0 29 48 25 3 7 5 0 0 0 0 0 0 0 0 4 23 25 28 44 5 0 0 0 0 0 0 0 29 26 17 47 99 182 155 62 35 107 140 1 0 0 0 0 0 0 0 20 43 0 0 0 0 0 0 0 0 4 32 0 0 7 0 0 0 20 7 0 0 0 10 5 0 0 0 0 6 0 0 20 5 10 5 2 4 0 3 2 0 0 15 0 0 2 0 123 237 204 109 32 0 0 15 0 0 0 0 0 0 0 0 0 0 -2147483648 
-2147483648 0 0 8 3 0 3 9 1 4 0 3 6 0 18 0 0 0 0 28 126 0 0 0 0 16 113 255 169 0 15 113 160 80 0 0 0 0 0 0 0 49 13 0 0 145 0 0 181 255 255 0 0 0 0 49 41 23 7 0 55 21 0 48 0 0 1 66 2 0 0 0 25 0 44 255 23 3 255 255 241 105 64 41 20 8 6 3 1 0 0 0 0 0 2 3 0 3 3 0 1 0 0 0 0 1 0 1 0 1 1 0 0 0 0 2 0 0 5 10 0 0 0 0 8 2 0 0 0 0 0 6 3 10 8 0 0 0 0 0 0 0 22 37 36 20 3 3 0 0 0 0 0 0 0 0 33 46 28 31 14 0 0 0 0 0 0 13 0 11 43 20 17 33 94 182 171 106 42 78 126 46 0 0 0 0 0 0 6 25 62 3 0 0 0 0 0 0 0 0 3 18 12 0 0 0 0 0 14 0 0 0 13 10 0 0 0 5 12 0 0 8 0 16 0 5 18 0 2 0 0 0 25 0 0 23 0 36 240 246 125 21 0 0 0 0 0 0 0 0 0 0 0 0 0 -2147483648 
-2147483648 0 0 8 5 0 0 22 0 0 0 0 3 12 19 0 0 0 64 155 0 0 0 18 0 133 224 177 0 0 142 169 139 0 0 0 0 0 0 0 0 68 0 0 0 97 27 0 255 255 255 0 0 0 0 57 19 7 10 0 50 23 0 0 7 0 1 83 0 0 14 16 15 0 130 255 16 255 255 255 184 77 49 29 13 3 2 0 0 0 0 0 0 1 3 4 0 1 4 1 0 0 0 0 0 0 0 0 0 6 1 0 0 0 0 0 0 0 1 15 2 0 0 2 7 6 0 0 0 0 3 10 4 5 0 0 0 0 0 0 0 0 33 42 32 23 6 0 0 0 0 0 0 0 0 60 59 64 37 35 0 0 0 0 0 0 0 7 0 24 20 22 33 20 77 185 215 133 45 65 107 53 8 0 0 0 0 0 0 16 32 23 0 0 29 0 0 0 0 0 0 37 60 0 0 0 0 0 13 0 0 0 16 9 0 6 0 0 8 0 6 0 0 21 0 0 27 0 0 0 1 5 14 0 0 18 0 15 213 248 116 13 0 35 0 0 0 0 0 0 0 0 0 0 0 -2147483648 
-2147483648 0 0 0 2 0 0 19 0 0 0 0 0 31 30 0 0 0 209 88 0 0 0 17 97 255 155 0 0 96 214 74 72 0 0 0 0 0 0 0 0 18 0 0 13 60 164 222 255 255 0 0 0 0 77 40 0 32 21 0 39 35 0 0 33 0 25 9 0 0 1 60 11 0 185 193 161 255 255 154 123 60 40 25 12 4 0 0 1 0 0 1 0 1 3 3 1 1 3 2 0 0 0 1 0 0 0 0 0 4 0 0 0 0 0 0 0 0 0 15 3 0 0 0 5 1 0 0 0 0 0 0 5 9 0 0 0 0 0 0 0 0 25 43 35 21 10 0 0 0 0 0 0 0 22 98 62 65 31 0 0 0 0 0 10 0 0 4 0 15 5 22 54 13 58 197 239 144 65 62 71 44 50 13 0 0 0 0 0 0 0 62 18 8 32 48 51 0 0 0 0 10 63 0 0 0 6 0 0 6 0 0 14 17 0 7 0 0 5 0 14 0 0 21 0 0 22 6 0 0 0 14 10 0 0 0 0 13 168 235 120 29 24 48 0 0 0 0 0 0 0 0 0 0 0 -2147483648 
-2147483648 0 0 0 0 0 6 11 6 0 0 0 11 30 16 0 0 108 124 0 0 0 0 78 255 244 0 0 127 237 146 0 0 0 0 0 0 0 19 29 1 0 0 108 114 38 255 255 222 0 0 0 0 5 86 16 0 78 17 0 74 0 0 0 7 56 27 0 0 0 2 35 15 174 156 123 255 255 253 129 76 38 31 16 7 4 0 0 3 1 0 2 1 0 1 2 2 3 2 1 0 0 0 2 0 0 2 2 0 0 0 0 0 0 0 0 0 0 0 10 1 9 4 0 0 0 0 0 3 3 0 0 6 8 0 0 0 0 0 0 0 2 27 32 28 13 7 0 0 0 0 0 0 0 66 87 59 38 0 0 0 0 0 0 15 0 4 14 0 0 9 17 54 16 54 196 233 168 105 71 35 29 60 42 0 0 0 0 0 0 0 43 42 37 37 75 74 45 48 0 0 0 19 27 0 0 0 0 0 0 0 0 10 19 0 4 0 0 4 13 10 0 0 13 1 0 18 10 8 7 0 14 16 0 0 0 0 0 107 201 144 50 19 56 2 0 0 0 0 0 0 0 0 0 0 -2147483648 
-2147483648 3 0 3 1 0 6 12 6 0 0 0 22 28 0 0 0 129 0 0 0 14 81 179 218 52 0 0 255 244 0 0 0 0 0 0 0 3 2 29 67 0 27 255 251 69 255 233 0 0 0 0 13 44 39 0 0 90 0 0 94 0 0 0 20 55 0 0 0 5 40 0 62 255 116 196 255 255 176 109 53 25 23 11 2 1 0 0 2 1 0 2 2 0 1 0 1 4 2 0 0 0 2 1 0 0 0 1 0 0 1 0 0 0 0 0 0 0 0 6 2 11 5 0 0 0 0 6 3 0 1 10 2 0 0 0 0 0 0 0 0 6 30 24 11 0 0 0 0 0 0 0 0 59 70 55 27 0 0 0 0 0 0 8 3 0 19 6 0 0 7 24 43 8 65 182 222 191 141 86 28 27 48 39 0 0 0 0 0 0 0 0 11 32 40 78 77 58 60 0 0 0 0 28 0 0 0 0 0 0 0 0 11 9 0 5 1 0 8 12 0 0 0 8 16 0 9 18 0 2 3 8 0 0 0 13 5 0 39 136 136 38 0 72 93 14 0 0 0 0 0 0 0 0 0 -2147483648 
-2147483648 10 0 10 0 0 0 7 11 0 0 0 21 31 0 0 0 0 0 0 38 100 194 128 1 0 0 221 255 143 0 0 0 0 0 0 0 16 0 0 77 0 255 255 255 154 126 15 0 0 0 0 71 30 7 0 0 55 3 17 20 0 0 0 76 0 0 0 0 47 44 0 181 255 163 255 255 179 131 63 37 19 17 12 2 0 0 2 0 0 1 1 1 3 3 0 0 4 1 0 0 3 5 0 0 0 0 0 4 0 1 0 0 1 0 0 0 0 0 7 1 7 2 0 0 0 0 7 0 0 2 16 0 0 0 0 9 1 0 0 0 3 18 19 0 0 0 0 0 0 0 0 44 72 30 5 0 0 0 0 0 0 0 0 5 20 12 0 0 11 0 30 39 3 69 172 217 190 165 99 43 44 38 21 0 0 0 0 0 0 0 0 0 0 35 68 60 70 44 24 20 0 0 0 0 0 0 0 0 3 0 0 11 12 0 0 9 0 5 19 0 0 0 15 20 0 0 25 0 0 30 2 0 0 6 18 6 0 0 58 81 2 0 55 134 128 65 0 0 0 0 0 0 0 0 -2147483648 
-2147483648 19 0 8 0 0 0 0 18 0 0 0 26 34 0 0 0 0 0 15 154 218 114 0 0 0 72 255 199 0 0 0 0 0 0 0 0 19 0 0 37 0 255 255 249 236 23 0 0 0 0 59 76 0 0 0 0 25 51 0 0 18 0 34 59 0 0 0 0 73 24 33 255 223 255 255 247 146 86 34 23 19 14 9 2 0 0 3 0 0 1 0 0 2 4 1 0 3 0 0 0 8 5 0 0 0 0 3 4 0 1 0 0 0 0 0 1 0 1 3 0 9 5 0 0 0 0 0 0 0 0 11 1 0 0 0 8 4 2 0 0 4 4 4 0 0 0 0 0 0 0 0 57 11 0 0 0 0 0 0 9 22 0 0 17 33 0 0 10 12 0 19 33 16 68 172 215 190 178 106 62 55 22 0 0 0 0 0 0 0 0 0 0 0 34 55 9 42 21 2 61 42 0 0 0 0 0 0 0 13 0 0 4 15 0 0 8 0 0 23 3 0 0 20 14 0 0 11 0 0 22 12 0 0 6 10 9 8 0 2 24 0 0 15 73 164 157 63 0 0 0 0 0 0 0 -2147483648 
-2147483648 17 0 0 5 0 0 0 15 5 0 0 28 36 0 0 0 0 0 102 254 136 0 0 0 84 250 255 0 0 0 0 0 19 0 0 45 30 0 0 5 0 255 255 255 255 0 0 0 0 27 67 51 0 0 14 0 34 31 0 0 0 23 39 0 0 0 0 0 66 47 142 255 255 255 255 175 104 57 29 17 16 7 4 2 0 0 1 3 1 0 0 0 0 3 4 1 1 0 0 0 7 6 0 0 0 4 4 0 0 0 0 0 0 0 0 6 6 3 0 0 7 10 1 0 2 0 0 0 0 0 2 0 0 0 1 6 7 12 4 0 0 0 0 0 0 0 0 0 0 0 0 0 0 0 0 0 0 0 0 49 45 0 0 16 24 0 0 24 8 10 9 26 14 69 171 213 211 172 116 73 55 12 0 0 0 0 0 0 66 0 0 0 0 25 33 0 0 0 0 27 58 25 0 6 0 0 0 0 18 0 0 0 0 0 0 19 0 0 12 0 0 0 13 13 4 0 0 0 0 3 18 5 0 3 0 17 12 0 0 0 2 7 7 6 80 181 148 36 0 0 0 0 0 0 -2147483648 
-2147483648 6 0 0 4 0 0 2 2 3 0 0 16 31 12 32 0 0 17 170 137 0 0 0 78 255 206 179 0 0 0 20 0 0 6 0 150 0 0 0 0 27 255 255 255 255 0 0 0 0 65 71 5 0 0 0 1 19 0 16 0 0 57 0 0 0 0 0 0 75 107 139 255 255 255 202 140 72 43 20 12 10 2 0 0 0 0 0 3 3 0 0 0 0 2 1 3 0 0 0 0 0 10 3 0 1 0 0 0 0 0 3 2 0 0 0 6 10 4 0 0 0 5 4 0 5 2 0 0 0 0 1 0 0 0 0 1 4 10 6 0 0 0 0 0 0 0 0 0 0 0 0 0 0 0 0 0 0 0 0 42 44 0 0 0 5 0 3 16 0 44 23 21 0 57 160 221 240 159 125 84 58 11 0 0 0 0 0 0 76 21 0 0 0 28 2 0 0 0 0 0 13 19 28 84 0 0 0 0 11 0 7 7 0 0 0 19 0 0 3 0 0 0 6 15 18 0 0 0 2 0 5 3 7 6 0 18 7 0 0 0 9 8 14 0 0 103 171 143 38 0 0 0 0 0 -2147483648 
-2147483648 1 0 0 0 0 3 11 0 1 0 0 11 8 4 39 0 0 97 48 0 0 47 99 153 214 92 51 0 0 0 66 0 0 0 196 248 0 0 0 4 11 155 255 255 88 0 0 0 26 73 75 0 0 0 9 72 0 0 33 0 29 0 0 0 0 0 0 0 135 144 102 255 255 241 152 99 65 29 13 9 4 2 0 0 0 2 0 1 3 0 1 0 0 0 0 4 2 2 0 0 0 8 8 0 1 0 0 0 0 5 5 6 0 0 0 5 3 1 0 0 3 0 0 5 9 3 0 0 0 0 6 3 2 1 0 0 1 1 0 0 0 0 0 0 0 0 0 0 0 0 0 0 0 0 0 0 0 0 19 35 27 0 0 0 0 0 12 20 0 50 49 15 0 42 154 249 255 152 122 89 48 9 0 0 0 0 0 0 35 14 22 25 10 51 2 0 0 0 0 0 0 3 33 101 0 0 0 0 0 8 0 4 0 8 0 0 0 0 2 0 0 0 8 14 11 0 0 5 0 2 0 0 20 10 0 6 9 0 0 0 8 15 3 0 0 21 109 182 119 32 0 0 0 0 -2147483648 
-2147483648 6 0 0 0 0 0 3 0 11 7 5 18 0 0 37 0 0 62 0 0 43 249 123 17 130 87 0 0 0 0 62 0 0 0 255 236 0 0 0 0 0 120 255 255 0 0 0 0 49 58 39 12 0 0 62 40 0 7 0 82 43 0 0 0 4 0 5 59 168 127 206 255 255 154 115 68 52 20 14 9 0 1 0 0 0 1 0 0 2 0 1 1 0 0 4 3 3 4 0 0 0 0 5 0 0 3 0 0 2 7 1 0 0 0 8 9 2 0 0 0 8 0 0 2 7 7 0 0 0 0 4 0 1 2 0 0 0 0 0 0 0 0 0 0 0 0 0 0 0 0 0 0 0 0 0 2 3 0 24 44 9 0 3 0 0 0 0 24 0 39 57 19 0 32 165 255 255 155 109 81 34 9 0 0 0 0 0 0 0 0 8 49 41 43 6 5 0 0 0 0 0 0 11 53 8 0 0 0 0 15 0 0 0 13 0 0 1 17 11 0 0 0 23 4 0 0 7 10 0 4 1 0 16 14 3 0 9 0 0 0 8 16 0 6 0 0 22 108 161 117 49 0 0 0 -2147483648 
-2147483648 18 0 0 2 3 0 0 0 24 7 0 22 0 0 23 0 0 0 0 0 248 255 0 0 221 33 0 0 18 0 1 33 0 0 255 121 0 0 0 0 0 99 255 255 0 0 0 37 59 0 14 28 0 0 44 0 0 4 0 146 0 0 0 0 25 0 0 184 119 136 255 255 246 106 80 57 33 18 14 4 0 0 0 0 0 0 0 0 1 0 0 0 0 0 8 0 0 0 0 0 0 0 3 2 0 13 6 2 7 9 0 0 0 0 6 8 9 0 0 2 5 0 0 0 1 12 8 2 0 0 0 0 0 3 0 0 0 0 0 0 0 0 0 0 0 0 0 0 0 0 0 0 0 0 27 3 8 0 14 31 8 0 16 0 0 0 0 19 21 35 61 24 0 15 178 255 255 151 87 69 41 11 0 0 0 0 0 0 0 0 13 47 47 2 0 15 59 3 0 0 0 0 13 25 0 0 0 0 0 0 1 0 0 4 9 0 2 8 5 11 0 0 24 0 0 0 16 1 0 11 3 0 4 5 3 0 9 0 0 0 0 2 0 17 0 9 0 21 118 153 148 29 0 0 -2147483648 
-2147483648 19 0 0 4 0 0 2 3 25 0 0 14 0 0 7 2 0 0 0 0 255 118 0 48 255 0 0 0 94 0 0 43 119 32 107 0 0 0 0 5 0 78 255 199 0 0 0 56 42 0 22 4 8 48 0 0 8 0 34 75 0 0 0 6 58 0 17 210 83 255 255 255 160 79 62 37 18 18 13 0 0 1 0 0 0 0 0 0 0 0 0 0 0 0 2 0 0 0 0 5 11 0 3 6 0 5 5 9 15 14 6 0 0 0 0 0 3 0 0 0 2 1 0 0 0 7 7 4 0 0 3 0 0 0 3 0 0 0 0 0 0 0 0 0 0 0 0 0 0 0 0 50 0 0 18 4 5 31 0 16 9 6 24 0 0 0 0 17 31 36 72 18 0 0 188 255 255 144 62 42 38 10 0 2 0 0 0 6 0 0 39 40 39 0 0 0 66 66 2 0 0 0 33 33 0 0 0 0 0 0 0 23 0 0 23 1 0 0 0 28 0 0 2 2 0 0 25 5 0 16 0 0 0 0 0 8 12 1 1 10 0 0 0 15 0 14 0 0 41 113 188 101 0 0 -2147483648 
-2147483648 9 0 10 0 0 0 4 13 14 6 0 0 0 5 10 6 0 0 0 0 163 0 0 135 9 0 0 0 79 0 0 18 255 182 0 0 0 0 0 0 31 136 255 41 0 0 0 45 28 0 2 7 110 0 0 31 0 17 52 0 0 0 0 8 76 26 121 63 159 255 255 185 87 64 49 22 12 14 8 0 1 2 0 0 0 0 1 0 0 0 0 0 0 0 0 0 0 0 0 11 11 0 4 1 0 0 3 14 23 16 12 8 0 3 0 0 0 4 1 0 0 5 0 0 0 1 3 2 0 0 6 2 0 0 0 0 0 0 0 0 0 0 0 0 0 0 0 0 0 0 3 81 0 0 10 23 0 29 0 9 24 7 10 0 0 0 0 10 19 40 65 4 0 0 190 255 255 140 44 4 10 13 15 22 0 0 0 2 0 0 53 47 41 22 0 0 12 45 10 10 0 0 52 18 0 0 0 0 0 0 0 24 8 0 22 5 0 0 0 29 4 0 0 4 4 0 27 9 0 8 0 0 0 0 0 9 14 0 2 18 0 0 3 14 0 0 0 0 3 49 115 135 111 3 -2147483648 
-2147483648 0 0 12 0 0 0 0 13 13 5 6 0 0 11 4 6 0 8 0 0 44 0 0 0 0 0 55 64 30 0 0 98 255 137 0 0 0 12 9 0 11 255 58 0 0 0 0 39 13 0 0 57 101 0 0 43 0 45 0 0 0 12 12 0 76 98 177 7 255 255 255 161 62 47 27 19 14 5 1 0 2 0 0 2 2 0 0 0 0 0 0 0 0 0 0 0 0 10 6 14 3 0 0 0 0 4 8 18 21 5 7 20 3 3 4 2 3 5 0 0 0 6 0 0 0 0 6 1 0 0 3 2 0 0 0 0 0 0 0 0 0 0 0 0 0 0 0 0 0 0 18 68 0 0 14 28 0 5 0 0 29 9 1 0 0 7 1 10 28 43 42 0 0 0 181 255 255 122 45 0 0 23 40 22 0 0 0 4 0 0 43 45 45 19 0 0 0 0 0 13 10 0 31 0 0 0 0 0 0 0 0 3 15 0 17 0 0 0 3 20 0 12 5 0 0 5 23 0 0 0 6 1 0 0 4 12 7 0 1 13 3 0 0 17 3 0 0 8 6 3 22 95 172 93 -2147483648 
-2147483648 0 0 0 0 4 10 0 3 24 0 2 0 0 7 0 0 0 23 0 0 18 0 32 0 0 0 120 78 0 0 83 255 179 0 0 0 0 166 66 0 0 243 0 0 9 0 0 51 0 0 38 43 0 0 0 20 91 2 0 5 0 50 4 0 145 164 117 178 255 255 159 130 54 31 17 15 11 0 0 0 0 0 0 9 6 0 0 0 0 0 0 0 0 0 0 0 0 6 1 19 2 0 0 0 15 16 20 13 3 0 0 34 14 13 14 19 18 6 0 0 3 5 0 0 0 0 0 0 5 4 0 0 0 0 0 0 0 0 0 0 0 0 0 0 0 2 0 0 6 0 2 55 0 0 17 13 0 0 17 0 6 16 0 0 0 8 23 27 42 30 28 0 0 0 171 255 255 101 58 0 0 22 40 0 0 0 0 3 1 22 22 28 47 13 0 0 0 0 0 5 19 0 0 0 6 0 0 0 0 0 0 0 11 0 12 0 0 0 19 8 0 26 1 0 0 31 18 0 3 0 7 0 0 12 15 21 0 0 17 0 12 0 0 10 0 0 2 19 10 0 0 27 124 143 -2147483648 
-2147483648 10 0 0 0 16 13 0 0 27 0 0 27 0 0 0 0 3 32 0 0 26 16 27 0 0 0 99 55 0 0 186 255 0 0 0 50 94 183 94 0 0 0 0 0 0 0 18 46 0 25 54 0 0 0 0 52 121 0 0 27 0 38 0 0 255 163 121 255 255 245 106 73 42 24 19 12 2 0 0 0 0 0 0 10 4 0 0 0 0 0 3 0 0 0 0 0 0 0 0 23 12 0 0 0 24 37 22 0 0 0 0 41 37 32 30 29 18 6 4 2 10 2 0 0 0 0 0 6 4 0 0 0 0 0 0 0 0 0 0 0 0 0 0 0 0 2 0 0 13 0 0 43 0 0 17 8 0 0 35 0 0 0 4 29 0 0 56 33 30 10 34 29 0 0 138 255 255 89 66 0 0 0 16 0 0 0 0 4 24 40 10 24 62 34 0 0 0 0 0 22 0 0 0 2 39 0 0 0 0 0 3 4 0 0 1 2 0 0 32 0 0 29 0 0 0 24 9 0 0 4 1 0 0 18 12 12 0 0 32 0 10 0 0 0 0 0 3 18 3 0 6 0 53 104 -2147483648 
-2147483648 6 0 0 0 23 10 0 2 9 0 0 29 0 0 0 0 10 13 0 1 15 10 19 0 0 0 2 0 0 91 255 255 0 0 59 123 130 128 95 47 0 0 0 0 0 0 42 0 32 56 0 0 20 0 0 89 63 0 0 35 6 1 0 91 255 117 255 255 233 161 79 51 31 17 18 14 0 0 0 0 0 0 0 3 0 0 0 0 0 0 0 0 0 0 0 0 0 0 0 15 20 0 0 0 17 32 18 13 0 0 0 35 57 38 20 18 3 0 12 15 14 0 0 0 0 0 5 9 0 0 0 0 0 0 0 0 0 0 0 0 0 0 0 0 0 0 0 0 0 0 8 25 7 6 17 5 0 8 26 8 0 0 42 50 0 25 76 23 0 0 48 58 0 0 71 255 255 111 59 0 0 0 0 0 0 9 28 26 15 32 13 36 60 44 8 0 0 0 0 6 0 0 0 24 13 0 0 0 0 0 15 11 0 7 0 5 0 0 29 0 0 23 0 0 15 0 7 0 0 22 0 0 1 12 2 0 0 1 18 2 0 0 0 0 0 0 0 19 0 6 6 0 28 25 -2147483648 
-2147483648 3 0 0 0 25 1 0 12 0 0 1 12 0 3 0 0 18 0 1 11 0 10 0 0 0 0 0 0 0 255 255 9 0 0 92 124 115 111 84 99 7 0 0 0 0 27 56 0 74 0 0 48 4 0 8 88 73 0 0 20 11 0 0 255 175 143 255 255 170 82 68 51 25 19 15 12 0 0 0 0 0 0 0 0 0 0 0 0 0 0 0 0 0 0 0 0 0 0 0 4 11 0 0 0 13 9 16 36 14 5 8 27 33 0 0 3 3 0 15 13 6 0 11 20 11 17 19 5 0 0 0 0 0 0 0 0 0 0 0 0 0 0 0 0 0 0 0 0 0 0 15 31 13 8 5 0 0 26 8 22 0 0 67 47 25 79 91 15 0 0 50 87 41 0 0 255 255 132 35 0 0 0 0 0 0 32 45 35 32 28 23 41 26 29 30 13 0 0 0 0 0 0 0 47 0 9 0 0 0 0 21 7 0 9 0 0 4 0 10 0 0 21 0 2 20 0 6 0 0 21 0 0 9 0 0 0 0 2 0 19 0 0 0 0 10 0 0 5 0 17 0 0 23 0 -2147483648 
-2147483648 13 0 0 0 18 0 7 1 0 0 11 8 0 16 0 0 17 0 5 13 0 8 0 0 0 0 0 0 0 255 255 0 0 0 50 123 91 103 70 76 86 56 0 0 0 22 75 38 36 0 25 104 0 0 42 134 102 0 0 4 0 0 117 255 155 255 255 213 135 35 43 38 27 31 18 7 0 3 0 0 0 0 0 0 0 0 0 5 7 0 0 0 0 0 3 6 0 0 0 5 4 0 7 2 16 1 5 29 19 25 24 0 0 0 0 5 4 7 12 0 0 0 36 43 34 47 41 17 9 12 0 0 0 0 0 0 0 0 0 0 0 0 0 0 0 0 0 0 0 0 21 45 13 0 0 0 23 41 22 6 3 17 83 69 83 105 90 19 0 0 34 97 71 0 0 217 255 125 16 0 0 0 1 0 22 72 32 23 53 28 18 30 0 0 20 36 30 14 0 0 0 0 16 71 0 11 0 0 0 0 14 9 0 0 0 0 19 0 0 0 0 29 4 2 2 0 0 6 4 13 0 4 17 0 0 4 2 0 0 10 3 0 0 0 4 0 8 0 6 21 0 1 17 0 -2147483648 
-2147483648 22 0 0 0 5 0 18 0 0 10 15 10 0 8 5 0 14 0 8 12 0 2 0 10 0 0 0 0 0 94 104 0 0 0 29 132 84 58 52 59 163 60 0 0 0 27 121 35 0 7 62 45 0 0 82 226 12 0 0 14 0 73 255 217 255 255 255 159 85 16 18 24 21 28 20 7 1 5 0 0 0 0 0 0 0 9 0 18 11 0 0 0 0 0 10 10 0 0 13 23 4 0 8 24 15 0 0 7 16 30 1 0 0 0 20 4 0 5 3 0 0 16 49 41 45 73 74 52 31 29 20 10 1 0 0 0 0 0 0 0 0 0 0 0 0 0 0 0 0 0 33 38 11 0 0 21 41 46 45 0 13 80 127 119 114 75 42 40 0 0 15 74 72 0 0 82 255 132 14 0 0 0 0 0 51 83 9 13 56 28 3 7 0 0 15 56 37 21 8 0 0 0 3 94 0 0 6 0 0 0 0 14 0 0 0 1 32 0 0 0 0 27 9 0 0 0 0 13 4 12 0 2 24 0 0 0 3 0 0 8 0 10 0 0 1 6 6 0 9 14 0 0 17 0 -2147483648 
-2147483648 24 0 0 0 0 9 3 0 0 10 21 0 0 0 14 0 15 0 9 5 0 9 0 12 0 0 0 0 0 0 0 0 24 0 51 134 83 0 29 64 213 0 0 0 58 58 142 0 0 61 10 0 0 0 128 255 0 0 0 41 0 194 255 213 255 255 188 105 43 19 15 13 2 5 11 7 8 11 0 0 0 0 0 0 7 21 0 5 0 0 0 0 0 0 1 14 0 8 33 34 0 0 16 41 14 0 0 0 10 3 0 0 0 0 10 0 0 0 0 0 0 30 36 24 29 67 84 77 52 40 61 48 29 27 8 0 0 0 0 0 0 0 0 0 0 0 0 0 0 0 32 39 0 15 20 34 53 43 67 36 38 122 156 130 112 36 0 42 29 0 22 52 47 0 0 0 213 137 27 0 0 0 0 37 75 62 1 13 49 26 2 0 0 0 8 58 38 29 2 0 0 0 0 59 14 0 27 0 0 0 0 0 0 9 0 9 27 0 0 6 0 8 0 7 3 0 0 14 13 3 0 0 21 3 0 0 1 7 0 13 0 12 0 0 0 15 8 0 0 4 25 0 12 9 -2147483648 
-2147483648 13 0 12 0 0 19 0 2 0 6 15 0 0 0 12 0 10 0 4 0 0 15 11 6 0 0 0 0 0 0 0 33 69 20 80 121 49 0 5 39 153 0 0 0 132 96 80 0 0 45 0 0 0 11 168 255 0 0 0 65 9 246 255 255 255 210 132 47 15 21 14 3 0 0 2 7 9 20 11 0 0 0 0 0 3 29 13 0 0 0 0 0 8 0 0 8 13 19 22 17 0 0 31 32 5 0 0 0 0 0 0 0 0 1 0 0 0 0 0 0 0 37 33 20 0 34 62 64 61 38 78 83 66 63 26 6 2 0 0 0 0 0 0 0 0 0 0 0 0 0 26 52 0 29 70 58 45 62 118 93 71 120 136 104 92 21 0 11 22 9 38 34 6 0 0 0 100 110 37 0 0 0 17 74 81 50 14 18 32 13 0 0 0 0 0 26 31 38 0 0 0 0 4 0 0 8 53 0 0 0 0 0 7 7 0 24 7 0 0 0 0 0 0 31 1 0 0 11 14 0 0 16 5 0 0 0 0 8 0 0 6 8 0 0 0 10 10 0 0 1 40 0 8 17 -2147483648 
-2147483648 1 0 17 0 0 18 0 0 7 3 6 12 0 1 0 0 4 0 0 0 0 3 14 0 0 0 0 0 0 0 18 78 82 56 90 89 5 0 0 0 16 0 0 0 125 102 0 0 0 27 25 0 10 50 196 240 0 0 50 113 78 255 255 255 205 131 87 23 0 0 9 11 0 0 0 0 0 16 33 0 0 0 0 0 0 18 24 21 0 0 0 0 2 0 0 0 20 26 4 2 0 13 34 2 0 0 0 0 0 0 0 0 0 0 0 0 0 0 0 0 2 47 41 29 0 0 34 36 45 29 66 84 85 78 43 27 4 0 10 0 0 0 0 0 0 0 0 0 0 0 31 60 0 31 99 86 55 124 163 119 91 98 107 68 49 12 0 0 0 0 12 0 0 0 0 0 36 49 3 0 0 0 56 60 63 55 27 25 16 0 0 0 0 0 0 0 7 52 18 0 0 43 21 0 0 42 92 0 0 0 0 0 3 0 0 25 0 0 0 0 1 0 0 29 0 0 10 0 5 0 0 25 0 0 16 6 0 6 12 0 11 0 0 4 0 2 0 3 0 0 23 4 0 0 -2147483648 
-2147483648 0 13 1 0 0 1 0 0 18 4 0 6 0 4 0 0 0 0 1 1 3 0 14 0 0 0 0 0 0 50 61 93 100 70 59 51 0 0 0 0 0 0 0 26 68 75 0 0 0 46 50 35 68 86 217 98 0 0 228 111 56 255 255 255 146 89 48 13 0 0 10 29 0 0 0 0 0 2 33 19 0 10 36 0 0 0 28 39 0 0 0 0 0 0 0 0 16 15 0 13 11 9 21 0 0 0 0 0 0 0 0 0 3 0 0 0 0 2 0 0 14 61 37 26 0 0 25 17 14 22 36 49 61 57 43 40 7 3 25 10 0 0 0 0 0 0 0 0 0 0 36 63 21 31 87 121 132 180 165 103 92 85 74 32 3 1 2 0 0 0 0 0 0 0 42 50 47 0 0 0 0 42 69 0 22 60 40 38 11 0 0 0 14 3 0 0 0 56 65 0 0 23 0 0 0 56 99 0 0 0 0 0 0 8 0 11 1 0 2 1 0 4 0 19 0 7 18 0 0 0 5 8 0 0 28 7 0 11 5 0 12 0 0 0 3 11 0 2 0 0 19 28 0 0 -2147483648 
-2147483648 0 13 0 0 3 0 0 1 18 12 0 0 7 0 0 5 0 8 2 0 5 0 0 0 0 0 0 0 37 102 76 107 129 54 6 0 0 0 0 0 0 13 21 21 14 53 24 0 3 64 57 71 89 99 243 0 0 0 255 0 89 255 255 225 99 58 26 4 0 0 3 30 0 0 0 0 0 0 13 31 18 23 61 26 0 0 35 37 0 0 0 0 0 8 4 9 13 0 0 24 27 0 0 0 0 0 0 0 0 0 0 0 2 0 0 0 0 11 13 0 47 76 33 6 0 0 43 27 11 15 0 0 3 23 23 30 12 17 30 7 0 7 0 0 0 0 0 0 0 0 21 51 41 22 77 181 222 198 135 78 91 67 22 0 0 0 0 0 0 0 0 0 0 0 24 91 115 0 0 0 10 91 78 0 0 45 42 31 14 0 1 11 17 19 0 0 0 24 100 44 0 0 0 0 0 63 41 0 0 0 0 0 4 9 0 8 6 0 0 0 5 0 0 23 0 3 22 0 0 0 5 5 0 0 26 0 0 11 0 0 13 5 0 0 1 14 0 8 0 0 20 26 0 0 -2147483648 
-2147483648 0 3 0 7 0 0 2 0 22 8 0 0 10 0 0 7 2 19 0 0 16 0 0 0 0 0 37 3 61 126 88 140 139 21 0 0 0 0 0 0 0 33 29 13 21 59 75 61 33 67 76 55 60 130 181 0 0 164 255 0 255 255 196 169 66 36 15 6 0 0 0 13 0 0 0 0 0 0 0 43 45 28 63 26 0 16 44 27 0 0 0 0 0 0 11 25 19 0 0 15 16 0 0 0 0 0 0 0 0 0 0 0 0 0 7 6 0 7 29 16 59 95 52 0 0 0 52 57 44 21 0 0 0 0 0 0 0 16 28 0 0 11 0 0 0 0 0 0 0 0 0 45 48 18 108 234 254 199 96 44 76 28 0 0 0 0 0 0 0 0 0 0 0 0 0 129 208 52 0 0 1 78 78 27 25 33 30 5 15 18 29 18 0 15 22 0 0 0 72 61 15 0 0 0 0 79 0 0 0 0 0 0 10 0 0 14 10 0 0 0 21 0 0 20 0 0 22 0 0 0 0 6 0 0 7 1 0 0 0 0 14 15 0 0 3 0 0 11 0 0 10 2 1 0 -2147483648 
-2147483648 2 5 0 2 0 0 4 0 22 0 0 0 4 13 0 3 9 17 0 0 0 0 0 0 0 0 87 37 78 133 105 158 121 0 0 0 0 0 0 0 0 40 17 18 66 101 132 102 16 57 85 14 60 154 0 0 0 255 115 59 255 255 125 106 43 21 9 14 0 0 0 0 0 0 0 0 0 0 0 41 61 46 70 15 13 34 37 15 0 0 0 0 0 0 10 39 27 0 0 0 1 0 0 0 10 0 0 0 0 0 0 0 0 27 25 11 0 0 39 44 53 97 73 2 0 0 30 48 45 25 0 0 0 0 0 0 0 3 9 0 0 3 0 0 0 0 0 0 0 0 0 48 59 39 147 255 239 166 46 4 31 0 0 0 0 0 0 0 0 0 0 0 0 0 6 164 255 117 0 0 0 52 60 52 60 45 32 8 24 33 33 17 0 0 16 0 0 0 2 29 22 0 0 0 30 99 0 0 0 0 0 1 0 0 0 11 4 0 0 0 24 0 0 9 5 0 5 0 8 0 0 0 0 7 0 11 0 0 0 4 17 5 0 0 12 0 0 8 0 0 7 0 0 10 -2147483648 
-2147483648 1 15 0 0 0 9 11 0 5 0 7 0 0 5 0 2 26 7 0 0 0 0 0 0 0 19 95 89 107 139 126 156 32 0 0 0 0 13 28 0 0 38 30 41 95 145 163 96 0 41 56 0 119 96 0 0 170 255 75 233 255 194 103 55 14 8 9 15 14 0 0 0 0 0 0 0 0 0 0 31 84 67 66 24 37 41 16 0 0 0 0 0 0 0 7 47 34 0 0 0 0 0 0 0 7 15 0 0 0 0 0 0 30 66 19 0 1 13 65 70 48 61 47 15 0 0 8 13 9 13 2 0 0 0 0 0 0 0 0 0 0 0 0 0 0 0 0 0 0 0 0 42 81 59 160 255 200 86 0 0 16 7 9 0 0 0 0 0 0 0 0 0 0 0 9 175 255 116 0 0 0 48 63 44 46 47 42 35 40 34 21 8 0 0 3 0 0 0 0 0 0 0 0 0 30 110 0 0 0 0 0 5 0 17 1 0 0 0 15 0 12 0 0 0 0 12 0 6 19 0 4 0 2 0 0 16 0 10 0 7 9 0 2 10 17 0 0 7 6 0 12 0 0 11 -2147483648 
-2147483648 0 19 0 0 0 6 18 2 0 0 20 5 0 0 0 16 35 0 0 0 0 0 0 15 23 28 107 141 133 124 135 114 0 0 0 0 0 25 46 34 5 49 54 69 106 155 160 62 2 30 23 31 129 0 0 0 255 255 195 255 221 131 77 24 0 2 11 7 18 7 0 0 0 0 0 0 0 0 0 19 96 93 61 34 63 53 0 0 0 0 0 0 0 0 5 48 37 0 0 0 0 0 0 6 21 17 0 0 0 0 0 30 65 95 30 0 9 45 74 46 5 8 16 14 19 0 0 2 16 25 14 0 0 0 0 0 0 0 0 0 0 0 0 0 0 0 0 0 0 0 0 38 83 64 164 255 134 24 0 0 46 35 20 0 0 13 0 0 0 0 0 0 0 0 0 182 255 89 0 11 24 61 81 41 35 32 33 43 38 24 10 2 0 0 0 0 0 3 0 0 0 0 0 0 15 105 0 0 0 0 0 2 0 24 0 0 0 0 29 7 3 0 2 0 0 23 0 0 23 0 3 0 0 0 12 24 0 0 0 12 0 5 7 11 10 0 0 0 3 0 14 7 0 2 -2147483648 
-2147483648 1 12 0 0 0 8 16 0 5 0 18 3 0 0 0 34 14 2 0 0 0 0 0 45 34 67 166 182 112 86 107 0 0 0 0 0 14 18 72 83 26 67 75 95 107 141 138 29 22 21 6 89 0 0 0 160 255 253 255 219 128 83 44 11 0 6 10 0 8 6 0 0 0 0 0 0 0 0 0 0 75 111 80 44 71 45 0 0 0 0 0 0 0 0 0 49 32 0 0 0 0 0 0 28 39 5 0 0 0 0 13 70 97 106 58 17 12 28 38 0 0 9 73 24 31 0 0 92 67 68 29 0 0 0 0 0 0 0 0 0 0 0 0 0 0 0 0 0 0 0 0 32 75 66 170 236 88 15 5 0 48 49 8 0 33 70 33 26 0 0 0 0 0 0 0 182 254 80 0 26 53 63 79 44 44 22 12 28 23 13 4 0 0 0 0 9 2 0 0 0 0 0 0 0 12 76 0 0 0 0 0 1 4 6 0 3 0 10 11 5 9 0 0 0 0 16 4 2 43 5 0 0 0 0 7 13 2 0 0 3 4 18 0 3 0 3 4 0 4 0 7 4 0 0 -2147483648 
-2147483648 8 4 7 11 0 13 10 0 10 0 0 0 0 0 0 44 2 0 0 0 0 0 45 35 43 107 226 214 79 53 0 0 0 0 0 0 21 6 111 157 51 63 102 138 114 104 90 10 53 13 0 20 0 0 0 255 245 255 255 142 81 45 24 13 9 12 0 0 0 0 0 4 7 0 0 0 0 27 0 0 32 96 98 70 65 24 0 0 0 0 0 0 0 0 0 49 20 0 0 0 0 0 0 40 42 10 0 5 0 0 47 97 109 86 51 25 11 0 0 0 0 141 218 0 0 0 0 255 122 122 26 12 0 0 60 0 0 0 0 0 0 0 0 0 0 0 0 0 0 0 0 33 54 60 175 220 100 0 0 0 54 96 27 10 91 101 57 46 16 0 0 0 0 0 0 162 213 59 24 41 77 60 55 41 43 18 4 17 11 5 3 0 0 0 0 10 2 0 1 0 0 0 0 0 29 16 0 0 0 0 0 0 4 0 0 8 7 25 0 0 15 0 0 0 0 0 0 23 60 5 0 0 0 0 6 0 17 12 0 0 22 13 0 3 0 11 25 0 2 2 0 0 10 0 -2147483648 
-2147483648 14 0 11 12 0 0 4 0 5 8 0 0 12 0 0 36 15 0 0 0 0 9 77 31 71 136 219 221 96 0 0 0 0 0 0 0 33 0 134 229 101 66 127 184 117 53 26 3 75 15 0 0 0 0 137 255 255 252 173 87 48 23 16 12 16 17 0 0 0 0 4 12 18 0 0 0 0 0 15 0 0 54 102 89 62 19 6 2 0 0 0 0 0 0 0 32 0 0 0 0 0 0 4 47 37 20 39 45 31 32 60 89 82 46 21 3 0 0 0 0 0 255 255 0 0 0 0 255 199 156 0 78 0 0 75 0 0 0 0 0 0 0 0 0 0 0 0 0 0 0 0 45 10 38 192 233 100 0 0 61 139 155 77 56 106 82 49 33 16 0 0 0 0 0 0 146 173 45 36 46 85 72 43 30 26 10 9 19 6 0 0 0 0 0 7 14 6 0 0 0 0 0 0 0 30 0 0 0 0 0 9 0 0 8 1 2 11 12 0 0 0 10 4 0 0 0 0 21 34 0 0 0 0 0 17 3 2 13 0 0 20 9 0 5 0 3 34 0 0 10 0 0 14 0 -2147483648 
-2147483648 18 0 0 12 0 0 1 16 0 0 14 0 3 14 0 22 0 0 0 0 6 27 91 46 112 151 170 189 83 0 0 0 0 13 9 10 19 31 123 247 184 85 150 161 50 31 40 24 68 0 0 0 0 210 151 255 255 195 109 53 24 3 13 14 15 12 2 0 0 0 0 2 19 0 0 0 0 0 16 18 0 5 69 93 70 23 17 11 0 0 0 0 0 0 0 0 0 0 0 0 0 0 4 49 30 12 54 71 65 68 72 80 57 30 0 0 0 0 0 0 0 255 255 0 0 0 0 201 250 79 0 181 0 0 8 6 0 0 0 0 0 0 0 0 0 0 0 0 0 0 0 40 0 4 208 244 22 0 0 178 191 152 98 78 62 24 41 43 15 12 20 0 0 0 0 169 119 41 55 39 66 66 38 21 8 6 7 16 9 0 0 0 0 0 18 25 9 0 0 0 0 0 0 0 11 0 0 0 0 0 0 4 0 3 7 0 18 0 3 4 0 6 11 0 0 6 4 2 5 0 0 2 0 0 7 17 0 4 6 0 13 15 0 2 0 0 32 0 0 7 0 1 0 4 -2147483648 
-2147483648 17 0 0 8 15 0 2 16 0 0 25 0 0 27 0 0 0 0 0 30 12 53 103 96 152 141 129 100 0 0 0 0 0 18 31 20 0 79 117 219 222 73 112 32 0 113 147 76 17 0 0 0 180 255 197 255 208 113 62 33 14 0 15 24 18 0 3 2 0 0 0 0 3 4 0 0 0 0 0 22 45 0 12 88 76 30 31 25 0 0 0 0 0 5 5 0 0 0 0 0 0 0 16 30 19 0 27 59 76 82 92 102 69 37 0 0 0 0 0 0 9 255 255 0 0 195 0 37 205 0 0 255 69 0 0 27 9 0 0 0 0 0 0 0 0 0 0 0 0 0 0 15 0 0 205 206 0 0 121 165 86 126 91 75 0 0 133 102 43 31 37 11 0 0 0 215 74 5 71 58 46 33 18 17 4 5 0 5 12 9 0 0 0 0 16 7 0 0 0 0 0 0 0 1 0 0 0 0 0 0 0 17 0 0 6 1 20 0 0 8 0 0 13 0 0 22 0 3 0 0 7 0 6 0 0 25 0 0 19 0 2 15 0 9 0 0 38 0 0 0 5 0 0 16 -2147483648 
-2147483648 15 0 0 0 21 0 3 8 0 0 17 5 6 29 0 0 0 0 0 19 5 75 114 164 184 131 55 0 0 0 0 0 4 20 52 22 0 118 132 178 159 0 0 0 65 254 217 107 0 0 0 24 255 255 247 247 126 47 26 14 16 14 14 17 15 1 1 7 0 0 0 0 0 0 0 0 11 0 0 0 45 7 0 65 60 39 41 32 0 0 0 0 0 17 12 0 0 0 0 0 0 0 36 6 8 0 13 45 66 74 98 128 91 36 0 0 0 0 0 0 0 199 255 0 52 186 0 17 90 0 0 255 122 0 0 0 53 11 0 0 0 3 6 0 0 0 0 0 0 0 0 0 0 0 179 152 0 78 137 0 0 188 63 18 0 0 255 163 131 54 49 25 0 0 0 229 75 0 36 62 42 17 7 15 6 0 0 0 8 16 0 0 0 0 0 0 0 0 0 0 0 0 0 0 0 0 0 0 0 0 0 5 0 0 1 8 3 0 0 7 3 0 20 0 0 28 0 5 0 3 5 0 4 0 0 18 3 0 24 0 0 6 0 10 0 2 36 0 0 0 15 0 0 12 -2147483648 
-2147483648 18 0 0 0 4 8 10 8 0 0 8 0 18 25 0 0 0 0 40 14 13 80 139 205 200 102 0 0 0 0 0 0 21 10 52 38 5 150 157 158 24 0 0 49 252 255 210 72 0 0 0 236 240 255 227 146 71 23 11 0 15 24 7 4 7 4 2 5 5 0 0 0 0 0 0 0 34 22 0 0 0 28 28 43 27 34 43 36 15 0 0 0 0 0 7 0 0 0 0 0 0 0 30 0 4 0 33 36 44 66 85 128 103 44 0 0 0 0 0 0 0 39 234 136 85 80 0 55 0 0 117 255 131 0 0 0 73 57 8 0 0 28 28 0 0 0 0 0 0 0 0 0 0 0 131 161 102 115 0 0 0 255 10 0 0 0 255 209 255 56 51 33 0 0 0 208 90 0 0 32 39 16 5 14 5 0 0 0 0 13 0 0 0 0 0 0 0 8 0 0 0 0 0 0 0 0 0 0 0 6 0 0 4 13 7 0 0 11 0 0 16 0 14 0 6 17 0 0 0 12 0 0 9 0 0 20 0 0 11 0 3 4 4 0 0 14 21 0 0 4 7 0 3 0 -2147483648 
-2147483648 17 0 0 0 0 12 15 14 0 0 5 0 21 0 0 0 0 18 35 31 27 96 176 224 208 0 0 0 0 0 0 10 17 0 57 65 26 151 196 149 0 0 0 242 255 206 135 0 0 0 170 255 238 243 152 73 41 17 5 3 10 15 3 1 3 0 0 1 7 5 0 0 0 0 0 1 42 33 0 0 0 0 46 46 12 24 48 46 18 0 0 0 0 0 0 0 0 0 0 0 0 0 7 0 6 0 42 27 24 62 66 107 106 66 18 0 0 0 0 0 0 0 167 255 134 51 25 35 0 0 232 255 107 0 0 0 60 86 58 0 0 34 36 0 0 0 0 0 0 0 0 0 0 0 88 220 148 0 0 0 0 255 32 0 3 37 115 175 255 54 86 65 0 0 41 180 102 11 0 7 25 15 5 14 3 0 0 0 0 7 11 6 0 0 0 0 30 31 0 0 0 0 0 0 0 0 0 0 0 8 0 7 10 15 23 0 0 19 0 0 19 0 4 0 6 3 0 0 0 6 0 0 23 0 17 28 0 0 0 0 13 9 13 0 0 0 22 0 0 27 0 5 0 0 -2147483648 
-2147483648 2 0 3 0 0 14 17 12 0 0 5 15 0 0 0 0 0 12 25 40 28 135 216 250 152 0 0 0 0 0 0 28 0 0 85 85 53 144 221 65 0 0 114 255 255 141 0 0 0 83 227 255 236 173 84 45 20 5 0 9 12 6 3 1 3 0 0 0 5 3 3 0 0 0 0 0 41 50 37 7 0 0 18 47 19 22 44 48 5 0 0 0 0 0 0 0 0 0 0 0 0 0 0 0 6 9 21 38 24 35 44 89 112 76 28 0 0 0 0 0 0 0 49 208 116 76 81 0 0 0 189 242 67 0 0 0 31 90 98 39 0 28 46 7 0 0 0 0 0 0 0 0 0 0 55 239 100 0 0 0 0 152 198 211 183 61 0 63 158 64 144 111 0 0 36 134 95 24 3 0 6 19 13 8 1 0 0 0 0 7 12 0 0 0 0 30 60 1 0 0 0 21 0 0 0 0 0 0 0 3 0 19 9 0 30 0 0 18 0 0 0 0 11 6 0 6 20 0 0 0 0 5 19 0 9 17 0 0 0 0 8 12 12 0 0 0 16 0 0 24 0 0 0 0 -2147483648 
-2147483648 0 0 17 0 0 8 7 8 9 0 12 13 0 0 0 0 53 5 20 45 52 178 255 244 0 0 0 0 0 0 5 34 0 16 83 96 97 158 193 0 0 9 255 190 193 43 0 0 29 180 242 245 177 121 54 26 0 4 0 9 8 0 6 6 7 0 0 0 0 0 17 1 0 0 0 0 28 54 56 53 0 0 0 21 22 20 25 33 0 0 0 0 0 0 0 0 0 0 0 0 0 0 0 0 4 28 17 49 24 0 11 78 113 78 29 0 0 0 0 0 0 0 0 80 38 78 92 0 0 0 53 79 25 13 0 0 11 96 124 86 13 18 49 18 0 0 0 0 0 0 0 0 0 0 29 183 64 0 0 0 0 119 255 255 179 68 0 5 22 61 190 141 0 0 8 72 62 22 14 4 4 18 11 0 2 0 0 0 0 0 0 0 0 0 0 61 40 0 0 0 33 31 0 0 0 0 0 0 0 7 0 12 2 0 23 4 0 2 0 6 0 0 11 0 0 12 23 0 0 0 0 0 16 5 0 5 9 0 0 6 19 1 0 0 0 0 1 17 7 4 0 0 0 14 -2147483648 
-2147483648 1 0 18 0 0 4 0 22 9 0 10 0 0 0 0 11 54 0 15 70 108 225 255 110 0 0 0 45 0 0 23 35 11 56 60 99 139 182 102 0 0 255 254 132 147 0 0 61 142 193 237 186 106 64 29 6 0 8 16 12 0 0 4 2 7 0 0 0 0 3 14 5 0 0 0 0 2 28 55 72 35 0 0 0 14 20 16 17 0 0 0 0 0 0 0 0 0 0 0 0 0 0 1 0 12 46 36 27 5 0 0 60 96 82 42 0 0 0 0 0 0 0 4 0 0 79 58 0 0 0 0 0 0 0 0 0 18 125 140 113 30 2 37 19 0 0 0 0 0 0 0 0 0 0 12 100 84 0 0 0 24 156 255 255 152 61 4 0 0 89 222 118 34 0 4 48 52 25 19 16 12 7 0 1 2 0 1 0 0 0 0 0 0 0 47 24 10 0 0 0 58 32 0 0 0 0 0 0 0 18 0 0 0 0 24 11 0 0 11 2 0 18 0 0 0 5 12 12 0 0 0 0 19 0 0 3 12 0 0 14 22 0 0 0 0 0 6 7 6 4 0 0 19 27 -2147483648 
-2147483648 0 0 9 0 0 7 0 19 5 7 0 0 0 0 0 35 40 0 33 122 161 255 217 0 0 0 0 26 7 0 39 31 22 93 71 106 145 177 0 0 0 255 199 173 84 0 0 106 217 200 190 135 56 21 9 8 0 2 20 8 0 0 0 0 0 6 0 0 0 8 13 0 0 0 0 0 0 4 40 66 48 18 3 0 7 21 19 12 0 0 0 0 0 0 0 0 0 0 0 0 0 0 0 0 26 60 32 0 0 0 0 29 73 77 38 12 0 0 0 0 0 0 23 0 0 95 40 0 0 0 0 0 0 0 0 0 65 146 152 115 15 0 25 9 0 0 0 0 0 0 0 0 0 0 0 26 108 85 0 0 55 98 255 255 213 66 0 0 0 174 219 40 21 34 18 61 75 50 29 18 12 0 0 3 0 0 9 6 0 0 0 0 1 49 17 0 0 0 0 5 50 23 0 0 0 0 0 0 0 22 1 0 0 0 29 9 0 5 15 0 0 17 0 0 0 0 12 10 0 4 4 0 2 0 2 6 9 0 10 12 3 0 0 0 4 0 9 0 8 3 0 0 30 36 -2147483648 
-2147483648 2 0 9 0 0 6 2 4 13 0 0 0 0 0 43 80 13 0 64 194 233 255 0 0 0 0 25 4 35 0 66 48 41 98 98 118 105 45 0 0 188 255 203 191 21 0 0 60 255 235 128 85 29 14 11 16 0 1 11 1 0 0 0 0 0 3 4 0 0 4 9 0 0 0 0 0 16 12 19 42 46 41 19 0 7 10 13 6 0 0 0 0 0 0 0 0 0 0 0 0 0 0 0 0 29 57 3 0 0 0 19 18 47 53 23 21 0 0 0 0 0 0 16 0 0 80 54 0 10 0 3 15 0 0 0 0 118 139 140 96 0 3 13 0 0 0 3 0 0 0 0 0 0 0 0 0 98 147 0 0 4 16 97 192 243 81 0 0 0 220 153 0 21 110 37 58 84 74 33 14 11 0 0 3 0 2 6 0 0 0 0 0 67 18 0 0 0 0 24 20 32 0 0 0 0 0 0 0 2 8 0 0 0 3 21 8 0 17 29 0 0 14 0 6 9 0 10 5 0 7 3 8 0 0 9 12 7 0 3 1 0 0 13 0 5 5 0 0 7 0 0 0 21 38 -2147483648 
-2147483648 17 0 16 0 0 6 0 10 13 0 0 0 0 0 53 108 0 0 102 255 255 224 0 0 0 20 22 8 52 9 89 104 71 85 110 83 0 0 0 0 255 241 239 167 0 0 0 52 255 255 110 62 22 22 21 7 2 6 5 3 7 0 0 0 0 1 3 3 0 0 0 0 0 0 0 8 57 35 14 18 36 52 29 1 7 0 7 0 0 0 0 0 0 0 0 0 0 0 0 0 0 0 0 0 25 26 0 0 0 0 20 36 17 31 20 7 15 0 17 16 0 0 10 0 0 41 43 11 9 12 0 0 0 0 0 0 137 114 101 62 0 8 0 0 3 0 8 0 0 0 0 0 0 0 0 0 74 152 41 0 0 0 34 109 185 97 0 0 30 159 32 0 53 171 80 47 64 71 29 16 11 1 0 6 5 2 0 0 0 0 0 22 60 0 0 0 0 18 65 30 17 0 0 0 0 0 0 0 17 0 0 0 0 0 16 19 0 14 30 0 0 9 6 0 14 0 0 14 0 3 0 0 0 0 10 11 0 13 0 0 0 0 26 6 0 4 0 4 0 0 0 0 21 14 -2147483648 
-2147483648 16 0 15 0 0 12 0 17 0 0 0 0 9 33 75 108 0 0 173 255 255 0 0 0 0 19 28 32 49 17 90 142 113 103 92 0 0 0 0 177 255 241 249 129 0 0 0 55 255 255 150 73 26 20 23 5 3 10 2 3 7 0 1 0 0 2 0 0 0 0 0 0 0 0 0 0 47 51 42 12 24 56 27 0 8 12 10 0 0 0 0 0 0 0 0 0 0 0 0 0 0 0 0 0 16 0 0 0 2 0 14 24 0 25 13 5 6 0 28 40 0 0 4 0 0 9 14 4 0 24 0 0 0 0 0 32 130 88 69 20 0 0 0 0 12 10 13 0 0 0 0 0 0 0 0 0 61 159 100 24 0 0 20 52 104 99 44 18 81 65 0 0 99 220 119 43 43 49 31 21 8 6 1 7 3 0 0 0 0 0 13 50 18 0 17 0 0 51 72 29 0 0 0 0 0 0 0 14 24 0 0 0 0 0 16 20 0 0 7 0 1 6 9 0 9 0 0 32 0 0 0 0 0 0 8 10 0 17 4 0 0 0 13 4 0 3 4 1 0 0 0 0 21 0 -2147483648 
-2147483648 17 5 10 0 0 18 1 0 0 0 0 0 24 40 110 117 0 0 245 255 177 0 0 0 4 23 26 57 48 29 71 126 148 158 24 0 0 0 56 219 251 227 200 36 0 0 0 19 255 255 214 85 32 10 21 21 8 13 6 0 3 0 0 0 2 0 0 0 0 0 0 0 5 21 0 0 0 50 64 21 19 46 24 0 12 27 7 0 0 0 0 0 0 0 0 0 0 0 0 0 0 0 0 0 0 0 0 2 0 0 8 0 0 11 10 15 0 0 11 30 6 3 7 0 4 0 6 0 0 14 0 0 0 0 24 88 107 69 48 0 0 0 2 5 11 19 7 0 0 0 0 0 0 0 0 0 49 171 145 51 0 0 0 7 24 54 58 72 111 36 0 0 152 255 132 41 30 37 34 25 14 9 3 0 1 0 0 0 0 0 77 27 0 0 0 0 0 52 56 7 0 0 0 0 0 0 0 21 10 0 1 0 1 6 11 14 0 0 0 4 8 7 17 0 0 5 0 40 0 0 0 0 1 0 3 14 1 1 19 0 0 0 0 7 0 3 7 0 0 1 13 0 0 0 -2147483648 
-2147483648 29 6 0 0 3 16 13 0 0 0 0 33 33 43 114 99 0 3 255 255 0 0 0 0 20 35 21 62 51 41 58 96 169 182 0 0 0 68 109 230 241 148 71 0 0 0 0 0 209 255 255 99 46 19 35 29 7 10 5 0 5 5 0 1 4 0 0 0 0 0 0 0 3 40 0 0 0 39 51 31 21 17 18 10 13 20 0 0 0 0 0 0 0 0 0 0 0 0 0 0 0 0 0 0 0 0 0 0 0 12 0 0 7 0 9 3 0 0 0 18 18 9 18 0 0 11 14 0 7 20 0 0 0 7 63 105 81 37 20 0 0 0 23 18 4 9 0 0 0 0 0 0 0 0 0 0 37 143 163 82 1 0 4 0 0 0 14 53 105 63 0 0 187 255 141 56 26 30 32 33 25 10 0 0 0 0 0 0 0 63 83 0 0 0 0 0 4 24 37 0 0 0 0 0 0 0 0 16 0 0 1 0 6 6 11 9 0 0 0 0 17 7 17 0 0 2 0 30 0 0 0 1 0 0 3 4 5 0 20 6 0 0 2 19 0 0 21 0 0 7 18 0 0 0 -2147483648 
-2147483648 29 5 0 0 15 19 0 0 0 0 23 48 45 66 76 42 0 22 255 255 0 0 0 0 19 36 32 48 55 53 60 93 172 136 0 0 0 119 134 253 195 33 0 1 0 0 0 0 106 255 255 135 77 44 42 21 4 10 4 0 7 8 1 0 0 0 4 0 0 0 0 0 0 40 22 0 8 29 29 29 21 2 3 17 5 2 0 0 0 0 0 0 0 0 0 0 0 0 0 0 0 0 0 0 0 0 0 0 0 0 0 0 11 0 0 0 0 0 0 9 19 0 18 0 0 15 27 0 12 51 0 0 1 41 81 97 49 0 3 0 0 0 41 29 0 0 0 3 25 10 0 0 0 0 0 0 19 105 136 87 37 19 25 0 0 0 0 17 74 75 0 0 189 255 172 79 28 20 28 42 27 8 0 0 0 0 0 0 32 80 42 0 0 0 0 40 0 0 13 0 0 0 0 0 0 0 6 0 8 2 0 7 0 0 17 5 0 0 0 0 15 14 12 1 0 0 0 15 5 0 0 0 0 0 5 0 10 18 3 0 0 0 2 23 12 0 15 0 0 0 8 10 0 0 -2147483648 
-2147483648 8 0 2 0 16 34 0 0 0 0 38 60 61 81 48 5 0 3 236 119 0 0 0 13 8 14 36 37 79 72 71 96 151 32 0 0 9 117 227 255 62 0 47 72 1 0 0 0 11 255 255 192 96 61 35 16 6 13 8 0 9 9 0 0 0 6 7 0 0 0 0 0 0 31 62 36 24 21 14 11 7 6 2 9 0 0 0 0 0 0 0 0 0 0 0 0 0 0 0 0 0 0 0 0 0 0 0 0 0 0 0 0 9 10 0 0 0 0 0 8 15 0 0 0 10 0 38 0 1 69 0 0 49 68 72 73 9 0 5 3 0 0 44 21 0 0 0 7 33 5 0 0 0 0 0 0 0 104 105 63 58 40 39 0 0 0 0 2 48 48 0 0 162 255 227 95 34 13 21 44 28 6 2 0 0 0 0 0 47 40 0 0 0 0 51 38 0 5 0 0 0 0 0 0 0 7 22 0 19 0 0 14 0 0 19 7 2 0 0 0 16 13 7 8 0 10 0 0 13 0 0 0 0 10 9 0 5 27 0 0 0 0 3 16 24 0 0 0 10 0 3 18 0 11 -2147483648 
-2147483648 0 0 16 0 20 43 0 0 0 11 40 50 57 102 58 1 0 0 139 0 0 0 0 48 16 0 30 42 100 94 71 94 118 0 0 0 0 133 255 255 0 0 165 63 0 0 0 0 0 216 255 255 104 72 38 28 16 4 5 0 10 6 0 7 5 5 0 0 0 0 0 0 0 0 67 72 48 23 7 0 0 10 6 5 0 0 0 0 0 0 0 0 0 0 0 0 0 0 0 0 0 0 0 0 0 0 0 0 0 0 0 0 10 18 0 0 0 0 0 15 5 0 0 4 41 0 40 7 0 59 0 0 64 61 45 24 0 0 10 0 0 8 25 2 0 0 0 11 19 0 0 0 0 0 0 0 0 122 91 45 53 40 35 10 0 0 0 5 37 21 0 0 116 255 255 111 50 15 20 32 24 8 0 0 0 0 0 53 42 0 0 0 0 0 111 0 0 28 0 0 0 0 0 0 0 15 21 1 17 0 0 2 0 0 13 13 4 0 0 0 17 3 3 11 0 13 0 0 15 0 0 0 0 14 20 0 5 12 0 5 0 11 5 6 17 0 0 0 15 0 0 1 0 15 -2147483648 
-2147483648 5 0 0 0 31 43 0 0 0 26 27 38 51 113 83 0 0 0 0 0 0 0 0 44 37 0 25 55 90 122 67 93 86 0 0 0 0 168 255 232 0 12 170 4 0 0 0 0 0 105 255 255 155 98 36 30 30 1 2 0 2 1 11 17 3 2 0 0 0 0 0 0 0 0 20 70 71 34 10 5 10 9 6 3 0 0 0 0 0 0 0 0 0 0 0 0 0 0 0 0 0 0 0 0 0 0 0 0 0 0 0 0 3 0 0 0 0 0 0 0 0 0 0 32 43 0 27 28 0 34 10 45 52 20 5 0 7 22 20 2 0 24 5 0 13 0 0 8 7 0 0 4 0 0 0 0 0 125 93 36 30 37 23 31 15 0 0 12 32 18 0 0 63 255 255 129 70 25 28 22 13 6 0 0 0 0 13 64 35 0 0 0 0 84 95 0 0 29 0 0 0 0 0 0 0 19 14 14 7 0 0 0 4 0 3 26 4 0 0 2 10 5 5 5 0 9 2 0 8 2 1 8 0 8 20 0 17 0 0 8 0 11 2 9 0 0 0 0 12 7 0 0 4 9 -2147483648 
-2147483648 6 0 0 12 31 31 0 0 0 10 0 56 57 104 83 0 64 0 0 0 0 1 0 27 45 21 11 72 90 133 82 95 45 0 0 0 0 209 255 145 0 171 91 0 0 0 0 0 0 1 255 255 244 137 48 20 24 7 8 6 0 3 16 9 0 0 0 0 0 0 0 0 0 0 0 21 67 46 24 23 13 11 10 0 0 0 0 0 0 0 0 0 0 0 0 0 0 0 0 0 0 0 0 0 0 0 0 0 0 0 0 24 0 0 10 0 0 0 1 0 0 0 0 46 36 0 6 47 6 19 34 58 29 0 0 0 25 20 30 8 0 22 0 12 20 0 0 1 13 0 0 0 0 0 0 0 0 100 99 13 4 47 22 43 32 0 0 11 23 31 0 0 23 255 255 150 84 36 31 23 10 0 0 0 0 0 46 53 16 0 0 0 0 120 44 0 0 0 0 0 0 0 0 0 10 16 4 18 0 0 0 0 15 0 0 26 8 0 0 2 2 12 1 0 0 3 20 0 0 13 14 1 0 6 8 0 20 1 0 3 0 1 0 17 0 0 9 2 18 0 0 6 0 17 -2147483648 
-2147483648 0 0 0 21 26 16 0 0 0 0 11 65 66 94 43 0 130 0 0 0 0 13 8 22 52 34 4 94 124 112 88 120 0 0 0 0 0 235 255 136 72 207 10 0 0 0 0 0 0 0 147 255 255 160 94 32 11 9 12 8 0 8 23 6 0 0 0 0 0 0 0 0 0 0 0 0 30 38 29 32 20 22 9 0 0 0 0 0 0 0 0 0 0 0 0 0 0 0 0 0 0 0 0 0 0 0 0 0 0 0 0 32 0 18 12 0 0 0 0 0 0 0 1 48 37 0 0 55 30 16 13 37 10 0 0 0 25 25 16 2 0 17 0 20 19 0 0 1 17 2 0 0 0 0 0 0 0 56 104 0 0 54 31 53 23 0 3 11 20 32 0 0 0 255 255 185 93 50 31 22 12 0 0 0 0 0 63 48 0 0 0 0 16 79 0 0 0 0 0 0 0 0 0 0 25 17 0 6 0 0 8 0 10 0 0 17 8 9 0 0 0 5 0 0 0 7 11 5 0 7 15 0 0 4 0 0 16 5 12 8 0 12 0 11 0 0 18 10 6 1 0 6 0 16 -2147483648 
-2147483648 0 0 0 14 34 19 0 0 0 0 56 42 77 79 0 0 94 0 0 0 0 27 23 32 47 35 22 124 153 92 78 136 0 0 0 0 0 236 255 150 134 151 0 0 0 0 0 0 0 0 10 255 255 192 131 59 17 17 3 1 0 11 30 9 0 0 0 2 0 0 0 0 0 13 0 0 0 14 16 21 28 23 2 0 0 0 0 0 0 0 0 0 0 0 0 0 0 0 0 0 0 0 0 0 0 0 0 4 0 0 9 12 0 36 1 0 0 0 0 0 0 9 16 53 35 0 10 33 38 3 0 17 15 2 0 0 21 29 2 10 5 7 4 12 18 0 20 13 5 0 0 0 0 0 0 0 0 29 105 19 0 37 41 52 10 0 30 19 11 9 0 0 0 230 255 243 107 63 29 18 4 0 0 0 0 12 52 30 0 0 0 0 29 16 0 0 0 0 0 0 0 0 0 0 21 7 0 6 0 0 20 0 0 15 0 12 9 17 0 0 0 0 0 2 4 15 0 14 5 0 14 0 6 0 0 0 12 0 21 21 0 14 0 0 0 0 22 19 0 6 0 5 7 0 -2147483648 
-2147483648 0 8 0 3 28 34 0 0 0 0 70 35 95 64 0 0 0 0 0 0 5 26 38 56 44 39 61 149 145 75 75 108 0 0 0 0 10 227 255 156 179 67 0 0 0 0 0 0 0 0 0 255 255 255 140 87 24 24 2 0 2 9 29 16 0 0 0 2 4 0 0 0 0 19 11 0 0 7 11 3 4 0 0 0 0 0 0 0 0 0 0 0 0 0 0 0 0 0 0 0 0 0 0 0 0 0 0 0 10 0 0 0 0 22 0 0 0 0 0 9 3 17 13 47 44 0 14 8 14 0 0 1 32 5 0 0 13 26 17 22 0 0 3 15 16 3 36 23 0 0 0 0 0 0 0 0 0 21 91 62 0 10 37 30 24 0 35 37 0 0 0 0 0 147 255 255 120 83 28 10 0 0 0 0 10 19 19 0 0 0 1 54 13 0 0 0 0 0 0 0 0 4 0 0 2 0 7 19 0 0 14 2 0 20 4 1 12 19 6 0 2 5 0 7 2 13 0 12 24 0 12 1 9 0 0 8 10 2 14 4 10 11 0 0 0 0 12 13 2 3 0 0 2 0 -2147483648 
-2147483648 0 9 0 1 2 43 0 0 0 0 33 59 115 57 0 0 0 0 0 2 11 37 43 59 68 59 94 155 100 44 86 74 0 0 0 25 116 232 229 162 177 4 0 0 0 0 0 0 0 0 0 175 255 255 133 106 38 30 13 6 2 3 29 25 0 0 0 0 18 8 2 0 0 15 20 0 0 6 7 0 0 0 0 5 9 0 0 0 0 0 0 0 0 0 0 0 0 0 0 0 0 0 0 0 0 0 0 0 16 0 0 0 0 4 0 0 0 0 0 37 9 4 17 30 48 0 10 0 0 4 0 0 38 3 0 0 2 29 20 7 1 0 12 37 11 19 46 15 0 0 0 0 0 0 0 0 0 0 78 108 0 0 16 0 34 0 24 54 0 0 0 0 0 73 255 255 132 93 39 12 0 0 0 6 27 0 0 0 0 0 28 32 0 0 0 0 0 0 0 0 0 8 21 0 0 14 13 17 7 0 0 17 0 11 17 0 1 16 14 0 0 24 0 0 0 5 0 10 21 0 6 7 2 0 0 13 4 6 9 0 10 19 0 16 0 0 3 1 14 0 0 1 0 0 -2147483648 
-2147483648 0 3 0 0 0 43 0 0 0 0 0 74 121 58 0 0 0 0 0 32 6 56 43 24 61 81 100 151 56 0 133 102 0 0 0 115 255 245 157 160 114 0 0 0 0 0 0 0 0 0 0 66 255 255 160 110 53 47 23 13 4 2 28 19 1 0 0 0 26 29 9 1 1 11 9 7 2 0 0 0 0 0 0 0 0 3 0 0 0 0 0 0 0 0 0 0 0 0 0 0 0 0 0 0 0 0 0 0 3 0 0 0 0 0 0 0 0 0 0 37 8 0 27 11 19 0 15 3 0 14 0 0 19 13 0 4 0 23 4 0 10 0 38 54 14 27 51 4 0 0 0 0 0 0 0 0 0 0 73 127 54 0 0 0 14 0 26 55 0 16 0 0 0 31 255 255 163 73 50 21 0 0 0 16 9 0 0 0 0 0 0 0 0 0 0 0 0 0 0 0 0 3 30 0 0 23 10 10 16 0 0 16 0 9 23 0 0 6 18 0 0 14 0 0 3 2 0 15 6 0 0 5 0 0 4 7 0 7 16 0 2 11 0 20 5 0 0 2 16 0 0 5 0 5 -2147483648 
-2147483648 3 0 0 0 6 44 0 0 0 0 0 63 113 56 0 0 0 0 24 40 15 59 22 0 21 83 79 116 43 0 212 188 0 0 0 189 255 208 160 155 26 0 0 0 0 0 0 0 0 0 0 0 255 255 253 120 65 56 24 11 10 6 27 16 3 0 0 0 17 39 32 4 0 7 2 0 4 2 0 0 0 0 0 0 0 0 0 0 0 0 0 0 0 0 0 0 0 0 0 0 0 0 0 0 0 0 7 0 0 0 0 0 0 0 0 0 0 0 0 26 12 0 27 0 0 0 23 10 2 0 1 0 0 27 4 8 0 8 4 0 8 29 50 54 29 29 44 0 0 0 0 0 0 0 0 6 0 0 51 108 87 6 0 0 0 0 29 40 6 25 0 0 0 19 255 255 208 62 55 18 2 0 0 3 0 0 0 0 0 0 0 0 0 8 0 0 0 0 33 0 0 0 2 0 0 9 12 8 3 0 0 0 0 8 23 0 0 6 12 2 0 0 0 2 6 1 0 18 0 0 0 0 9 0 1 0 0 13 13 0 8 6 0 0 10 7 0 8 8 5 0 0 19 2 -2147483648 
-2147483648 3 0 2 6 0 37 0 0 0 0 0 43 87 64 0 0 0 0 40 19 40 46 0 0 0 69 53 56 37 41 255 234 0 0 0 255 255 132 227 128 0 0 0 0 0 0 0 0 0 0 0 0 209 255 255 144 93 55 27 17 1 4 25 17 2 0 0 0 0 24 44 18 0 2 7 0 0 10 2 0 0 0 0 0 0 0 0 0 0 0 0 0 0 0 0 0 0 0 0 0 0 0 0 0 0 0 13 15 0 0 0 0 0 0 0 0 0 0 0 20 23 0 20 3 0 8 20 3 8 0 2 0 0 22 2 13 0 8 30 0 8 52 41 48 37 35 28 0 0 0 0 0 0 0 0 0 0 0 28 76 87 29 0 0 0 0 14 14 12 17 0 0 0 28 222 255 239 69 70 24 12 0 0 0 0 0 0 0 0 0 0 0 7 24 0 0 0 0 94 0 0 0 0 8 0 0 20 12 0 11 0 0 6 10 17 7 0 11 3 0 0 0 8 9 3 0 0 13 0 0 0 0 9 18 0 0 12 4 0 0 18 13 3 0 5 19 0 6 0 15 0 0 20 0 -2147483648 
-2147483648 2 0 17 11 0 17 0 0 0 0 0 39 58 65 0 0 0 0 47 9 56 21 0 18 0 48 44 24 30 106 255 234 0 0 0 255 197 128 255 71 0 0 0 0 0 0 0 0 0 0 0 0 47 255 255 192 113 71 44 31 0 1 24 7 0 0 0 0 0 8 34 26 0 5 7 0 0 14 14 0 0 0 0 0 0 0 0 0 0 0 0 0 0 0 0 0 0 0 0 0 0 0 0 0 0 0 16 12 0 3 0 0 0 0 0 0 0 0 0 18 18 0 18 3 0 13 0 3 21 0 0 0 23 0 0 35 2 26 62 13 15 47 36 43 37 45 3 0 0 0 0 0 0 0 0 0 0 0 27 53 77 58 0 10 9 10 0 0 0 12 0 0 18 31 154 255 255 90 81 34 13 1 0 0 0 0 0 0 0 0 0 9 45 0 0 0 0 19 71 0 0 0 0 5 14 0 15 9 0 23 0 0 5 28 2 2 3 9 2 0 0 0 12 13 8 0 0 16 0 0 11 0 6 16 0 5 10 4 0 3 9 8 9 0 0 6 9 0 0 16 7 0 0 3 -2147483648 
-2147483648 0 0 23 7 0 0 0 0 0 0 0 38 44 31 12 0 0 0 35 20 53 0 0 18 0 33 36 15 38 107 200 255 0 0 87 255 108 233 251 0 0 0 0 0 0 0 0 0 0 0 0 0 0 255 255 255 124 100 53 33 0 4 28 0 0 0 7 8 0 5 23 17 1 13 4 0 0 10 19 5 0 0 0 0 0 0 0 0 0 0 0 0 0 0 0 0 0 0 0 0 0 0 0 0 0 0 9 0 0 3 0 0 0 0 5 0 0 0 0 18 0 0 22 0 11 11 0 16 29 0 0 0 69 0 0 63 37 56 63 28 18 48 46 29 30 22 0 0 0 0 0 0 0 0 21 77 0 0 15 41 71 79 12 0 15 11 3 0 0 19 0 0 23 16 103 255 255 130 78 36 18 0 0 0 0 0 0 0 0 0 0 40 40 0 0 0 0 3 26 0 0 5 0 3 27 0 7 3 0 17 7 0 12 20 0 1 10 12 0 0 0 0 0 0 27 0 3 19 0 2 8 0 13 7 0 10 0 6 14 0 0 6 17 0 0 1 8 0 0 2 17 0 0 13 -2147483648 
-2147483648 0 0 12 9 0 0 0 0 0 0 0 25 45 8 18 0 0 1 14 44 36 0 8 5 22 22 20 10 46 65 102 251 0 0 162 172 111 255 196 0 0 0 0 0 0 0 0 0 0 13 0 0 0 155 255 255 159 125 51 27 0 5 29 4 0 0 0 14 11 11 15 8 7 17 4 0 0 0 12 12 0 0 0 0 0 0 0 0 0 0 0 0 0 0 0 0 0 0 0 0 0 0 0 0 0 0 0 0 0 6 0 10 0 0 13 0 0 0 0 1 0 0 17 0 21 12 0 1 12 12 0 0 74 0 10 84 82 74 42 39 28 60 35 12 6 0 0 0 0 0 0 0 0 0 74 147 0 0 3 30 49 95 34 0 5 0 31 9 0 13 0 0 0 6 70 255 255 150 83 45 26 0 0 0 0 0 0 0 0 0 0 48 0 0 0 0 0 0 3 0 14 0 0 5 25 0 3 10 0 0 10 0 22 0 0 2 11 22 0 0 0 2 0 0 33 0 15 0 0 14 0 5 10 8 0 12 0 0 16 0 0 6 15 0 0 20 0 0 12 0 14 0 1 20 -2147483648 
-2147483648 3 0 5 8 0 0 0 0 0 0 0 27 51 0 3 0 0 19 2 62 7 0 0 27 35 0 22 2 51 23 29 169 25 0 157 96 253 255 115 0 0 0 0 0 0 0 0 0 0 0 0 0 0 13 255 255 240 144 61 23 16 1 17 15 0 0 0 9 28 20 10 10 9 14 8 0 0 0 1 12 0 0 0 0 0 0 0 0 0 0 0 0 0 0 0 0 0 0 0 0 0 0 0 0 0 0 0 0 8 0 5 15 0 0 9 1 0 0 0 0 0 0 6 0 0 5 0 0 5 34 0 8 25 0 64 85 100 60 26 66 49 49 0 0 0 0 0 0 0 0 0 0 0 0 81 119 0 0 1 23 27 88 66 16 0 0 39 15 0 1 0 0 0 8 41 255 255 150 82 52 25 0 0 0 0 0 0 0 0 0 0 0 0 0 0 0 0 0 0 0 22 0 0 0 21 0 0 15 0 0 0 6 13 0 0 0 17 21 0 0 0 14 0 0 17 16 21 0 0 12 0 20 3 5 0 9 0 0 9 0 9 0 0 1 0 26 0 0 24 0 6 0 4 13 -2147483648 
-2147483648 7 2 14 0 0 0 0 0 0 0 0 34 36 0 0 0 0 40 16 45 0 0 0 64 23 0 41 0 47 0 1 85 24 66 96 86 255 255 73 0 0 0 0 0 0 0 0 0 0 0 0 0 0 0 241 255 255 164 85 36 29 0 0 11 0 0 8 9 21 21 11 11 4 5 14 4 1 0 0 8 0 0 0 0 0 0 0 0 0 0 0 0 0 0 0 0 0 0 0 0 0 0 0 0 0 0 0 6 0 0 10 0 0 0 0 0 0 0 0 0 0 0 13 0 0 0 0 0 44 30 48 19 0 11 88 82 86 33 37 88 47 15 0 0 0 0 0 0 0 0 0 0 0 0 54 59 0 0 0 9 52 79 93 35 0 15 24 14 15 5 0 0 0 22 10 255 255 163 67 50 27 8 2 0 0 0 0 0 0 0 0 0 0 0 0 0 6 0 0 3 9 15 0 0 20 0 0 17 0 5 0 0 2 13 0 0 22 7 0 2 0 23 0 0 10 9 14 0 13 7 0 17 15 0 0 6 0 0 8 9 8 2 2 0 0 18 0 0 8 11 0 0 14 2 -2147483648 
-2147483648 11 12 22 0 0 0 0 58 0 0 0 24 0 0 0 0 0 37 37 15 0 0 0 57 2 0 47 2 24 0 0 42 41 54 29 85 255 255 120 0 0 0 0 0 0 0 0 0 0 0 0 0 0 0 32 255 255 228 95 61 38 6 0 0 6 7 14 12 13 22 14 10 5 1 14 10 0 0 0 4 0 0 0 0 0 15 0 0 0 0 0 0 0 0 0 0 0 0 0 0 0 0 0 0 0 0 0 19 0 0 0 0 0 0 0 0 0 0 0 0 0 0 23 0 0 0 0 0 91 24 82 32 0 60 72 68 65 23 67 82 8 0 0 0 0 0 0 0 0 0 0 0 0 0 29 29 0 0 0 0 90 92 103 49 0 4 10 18 22 13 0 0 0 47 0 255 255 184 66 57 33 8 0 0 0 0 0 0 0 0 0 0 0 0 0 5 0 0 15 0 0 34 0 0 6 0 2 13 0 10 3 0 2 8 0 5 15 0 0 0 10 16 0 0 11 0 0 2 8 7 0 9 16 0 0 5 0 10 12 0 0 1 17 0 4 20 10 6 0 6 0 6 13 0 -2147483648 
-2147483648 0 23 29 0 0 0 42 63 0 0 15 4 0 0 0 8 0 8 31 11 0 0 0 18 0 0 45 19 0 0 0 29 56 14 0 31 255 255 204 4 0 38 0 0 0 0 0 0 0 0 0 0 0 0 0 255 255 255 121 92 46 15 17 0 0 1 10 13 18 26 19 9 1 7 11 3 0 0 0 0 0 0 0 0 0 18 0 0 0 0 0 0 0 0 0 0 0 0 0 0 0 0 0 0 0 0 0 0 0 0 0 0 1 0 0 0 0 0 0 0 0 16 2 0 0 0 0 0 90 22 65 37 29 79 38 45 66 48 66 46 0 0 0 0 0 0 0 0 0 0 0 0 0 0 7 7 0 0 0 4 93 90 115 65 0 0 4 25 31 19 0 0 22 52 0 214 255 219 84 66 26 0 0 0 0 0 0 0 0 0 0 0 0 0 0 11 0 0 38 0 0 33 13 0 0 6 15 0 0 1 11 0 4 2 4 23 0 0 4 0 18 4 0 0 10 0 0 14 7 3 2 8 0 4 0 0 0 19 14 0 0 0 18 0 0 21 27 0 0 0 0 16 0 0 -2147483648 
-2147483648 0 37 13 0 0 0 46 71 0 0 6 0 0 13 0 14 0 0 23 23 0 17 0 0 21 0 49 22 0 0 0 25 23 7 5 0 96 255 212 80 61 112 12 0 0 0 0 0 0 0 0 0 0 0 0 44 255 255 215 131 57 17 37 18 0 0 3 16 31 32 19 2 0 14 9 0 0 0 0 0 0 0 0 0 0 16 0 0 0 0 0 0 0 0 0 0 0 0 0 0 0 0 0 0 0 0 1 0 0 3 0 0 0 0 0 0 0 0 6 0 0 9 0 11 0 0 0 4 62 23 49 26 50 67 3 42 92 77 34 1 0 0 0 0 0 0 0 0 0 35 0 0 0 0 0 0 0 0 0 0 76 73 102 63 0 0 14 28 17 21 0 0 25 43 0 168 255 255 101 66 17 0 0 0 0 0 0 0 0 0 0 0 0 0 0 19 0 0 31 0 0 31 13 0 0 4 19 0 0 0 8 9 0 3 8 20 0 2 27 0 8 0 0 0 5 14 0 6 0 1 11 12 0 0 4 0 2 16 15 0 0 0 6 12 0 10 24 0 13 1 0 10 0 16 -2147483648 
-2147483648 0 50 0 0 0 0 25 93 0 0 0 0 0 16 0 0 0 0 15 28 10 6 0 0 34 11 39 8 0 0 20 37 0 0 76 0 0 168 110 34 63 145 122 57 35 0 0 0 0 0 0 0 0 0 0 0 233 255 255 172 87 32 43 41 0 0 0 18 43 27 12 7 3 16 7 0 0 0 0 0 0 0 0 0 0 13 7 0 0 0 0 0 0 0 0 0 0 0 0 0 0 0 0 0 0 0 0 0 0 0 0 2 0 0 0 0 0 0 0 0 0 0 2 38 0 0 0 7 47 41 31 23 31 34 16 61 105 65 14 0 0 0 0 0 0 0 0 14 38 68 16 0 14 3 0 0 0 0 0 4 57 61 63 16 0 0 30 17 0 11 7 0 24 52 0 116 255 255 105 79 30 3 0 0 0 0 0 0 0 0 0 0 0 7 0 26 0 5 0 0 28 17 0 6 0 0 12 0 0 0 1 48 0 0 14 2 0 0 40 7 0 0 0 0 3 30 0 0 0 13 16 6 0 0 17 0 0 2 1 0 0 4 9 10 0 0 0 0 16 0 0 9 8 27 -2147483648 
-2147483648 11 48 0 0 0 0 14 83 23 0 0 0 28 0 0 0 0 35 0 30 29 0 0 0 30 18 12 0 0 19 20 39 0 0 123 0 0 94 8 0 34 99 138 159 149 18 0 0 0 0 0 0 0 0 0 0 19 255 255 251 135 67 41 45 14 0 0 8 33 19 10 14 16 19 2 0 0 0 0 0 0 0 0 0 0 0 14 0 0 0 0 0 0 0 0 0 0 0 0 0 0 0 0 0 0 0 0 0 0 0 0 0 0 18 0 0 0 0 0 0 7 0 12 46 0 0 19 3 41 50 13 19 0 34 47 89 90 13 13 0 0 0 0 0 0 0 0 14 61 75 34 24 32 0 0 0 0 0 0 8 35 56 37 0 0 0 26 2 0 11 9 0 19 77 0 72 255 255 110 90 45 13 0 0 0 0 0 0 0 0 0 0 0 18 0 19 4 6 0 0 28 0 0 18 0 0 3 4 0 0 1 45 0 0 15 0 0 0 27 23 0 3 0 0 14 41 0 0 0 22 24 0 0 0 8 0 0 0 0 6 0 0 31 1 0 0 0 0 8 0 0 15 11 21 -2147483648 
-2147483648 9 48 0 0 0 0 13 58 22 0 0 0 57 0 0 0 0 45 0 33 28 0 0 14 25 0 0 3 0 46 13 1 0 0 68 2 0 43 0 1 2 55 54 130 203 124 70 9 0 0 0 0 0 0 0 0 0 128 255 255 216 124 64 35 31 11 0 0 7 20 12 13 21 21 0 0 0 0 0 0 0 0 0 0 0 0 16 0 0 6 0 0 0 0 0 0 0 0 0 0 0 0 0 0 0 0 0 0 0 0 0 0 0 34 0 0 0 0 0 0 0 0 12 27 0 0 33 0 34 39 8 6 0 78 53 75 76 0 0 0 0 0 0 0 6 32 0 11 62 69 50 42 18 0 0 0 0 0 0 0 9 62 5 0 0 0 14 0 8 41 11 0 8 94 0 43 255 255 115 75 42 23 0 0 0 0 0 0 0 0 0 0 0 18 3 11 16 1 0 0 16 3 2 8 0 0 9 15 0 0 0 12 0 6 6 0 0 2 11 5 0 0 0 0 13 38 0 0 0 8 25 0 0 7 2 6 0 2 8 0 0 0 28 10 0 0 9 0 22 11 0 12 7 1 -2147483648 
-2147483648 0 40 0 0 0 0 8 48 20 0 0 0 43 0 0 0 0 31 0 29 14 0 0 0 20 2 0 4 13 46 13 0 25 0 0 0 7 36 11 15 0 30 0 52 160 134 157 130 30 0 0 0 0 4 0 0 0 0 200 255 255 210 110 46 45 30 0 0 0 4 7 17 21 13 0 0 0 0 0 0 0 0 0 2 0 0 20 0 0 16 0 0 0 0 0 0 0 0 0 0 0 0 0 0 0 0 0 0 10 0 0 0 0 9 0 0 6 5 0 0 0 0 13 0 0 4 12 3 28 27 5 4 24 102 37 22 66 0 0 0 0 0 0 16 30 37 21 26 76 89 70 35 0 0 0 0 0 11 21 0 11 58 0 0 0 0 0 0 32 70 9 0 15 76 3 36 255 255 114 59 37 27 0 0 0 0 0 0 4 0 0 0 0 10 29 10 5 1 0 0 21 7 1 0 0 0 9 0 0 7 0 1 0 16 1 0 0 13 1 0 22 0 0 0 0 19 4 9 0 0 7 0 0 17 3 3 0 5 14 0 7 0 0 12 0 0 22 0 26 7 0 0 0 0 -2147483648 
-2147483648 0 14 0 0 0 0 0 55 35 0 0 0 13 0 0 0 0 25 18 17 0 1 0 0 19 29 0 0 27 27 18 0 20 8 0 0 11 33 0 24 17 1 0 13 89 50 123 197 115 12 0 0 0 0 0 0 0 0 6 211 255 255 164 82 64 43 14 0 0 0 0 10 13 4 0 0 0 0 0 0 0 0 0 0 0 0 9 0 0 0 0 0 0 0 0 0 0 0 0 0 0 0 0 0 0 0 0 0 21 0 0 0 0 0 0 0 6 7 0 0 16 0 6 0 0 15 0 10 18 16 5 12 58 84 0 0 58 56 0 0 0 0 0 37 45 43 58 60 99 97 82 34 0 0 0 0 7 49 13 0 50 31 0 0 0 0 0 0 44 69 11 0 26 42 1 45 255 255 117 70 34 14 0 0 0 0 0 0 0 0 0 0 0 10 30 10 0 3 0 12 13 2 0 6 13 0 0 0 7 0 0 13 0 11 0 0 0 13 4 0 19 0 5 0 0 16 10 8 11 0 0 9 0 7 3 9 0 4 0 0 30 9 0 0 0 0 12 3 17 0 0 0 1 0 -2147483648 
-2147483648 3 0 1 0 0 0 0 66 47 0 0 0 0 9 4 0 0 15 15 5 0 0 13 0 14 45 0 0 46 12 14 9 0 23 18 0 11 0 0 49 37 0 0 7 39 0 40 134 161 120 14 0 0 0 0 26 19 0 0 17 255 255 245 131 100 48 31 12 0 0 0 0 0 0 0 0 0 0 0 0 0 0 0 3 0 0 0 0 0 0 0 0 0 0 0 0 0 0 0 0 0 0 0 0 0 0 0 0 25 0 0 0 0 0 0 0 0 0 0 9 16 0 0 1 0 14 13 9 4 6 9 15 60 41 0 0 45 100 51 0 0 0 0 46 55 82 100 75 86 56 56 25 0 0 0 8 42 66 0 0 84 0 0 0 0 0 0 0 31 53 22 2 8 29 2 49 255 255 119 94 24 0 0 0 0 0 0 0 0 0 0 0 0 22 7 10 0 3 9 10 5 0 0 21 18 0 0 0 18 0 0 26 5 11 0 0 0 16 14 0 1 0 10 0 0 15 3 13 7 0 0 0 8 0 0 21 0 5 0 0 38 0 0 0 0 6 0 17 13 0 3 0 1 7 -2147483648 
-2147483648 14 0 6 0 0 0 0 49 56 24 0 0 0 0 0 0 0 0 0 21 0 0 27 0 6 45 0 0 35 6 15 0 0 40 26 0 0 0 10 71 36 0 0 14 17 0 5 34 124 176 88 21 0 0 17 30 20 0 0 0 78 255 255 217 137 53 37 16 0 0 0 0 0 0 0 0 0 0 0 0 0 0 0 19 0 0 0 14 5 0 0 0 0 0 0 0 0 0 0 0 0 0 0 0 0 0 0 0 9 6 0 0 0 0 0 0 0 0 7 13 4 0 4 19 0 3 25 6 0 0 0 9 39 0 0 0 24 93 115 31 0 0 0 62 76 102 85 34 29 7 8 0 0 0 0 41 70 53 0 31 64 0 0 0 0 0 0 0 33 54 14 0 0 36 0 49 255 255 128 93 0 0 0 0 0 0 0 0 0 0 11 0 0 20 0 2 2 10 8 0 9 0 0 23 2 0 0 14 25 0 0 19 17 13 0 0 10 13 3 0 0 0 6 0 17 0 0 13 14 0 0 0 1 1 0 9 0 0 0 9 17 0 4 0 11 10 1 12 0 0 0 10 6 2 -2147483648 
-2147483648 18 0 7 0 0 0 0 11 59 70 0 0 0 0 0 13 3 0 0 46 0 0 35 6 0 21 0 0 5 0 27 0 0 51 11 0 0 0 40 58 17 0 0 29 12 0 6 0 60 137 120 110 43 0 11 19 24 0 0 0 0 195 255 255 182 92 49 26 6 0 0 0 0 0 0 0 0 0 0 0 0 0 0 19 0 0 1 15 0 0 0 0 0 0 0 0 0 0 0 0 0 2 0 0 0 0 0 0 0 4 0 0 0 0 0 0 0 0 0 11 4 1 10 20 0 0 22 13 0 0 0 0 12 0 0 0 14 59 118 77 24 5 19 83 82 58 7 0 0 0 0 0 0 0 0 64 73 24 22 66 0 0 0 0 0 0 0 0 81 88 0 0 0 33 0 52 255 255 131 0 0 0 0 0 0 0 0 10 0 0 0 0 3 5 1 0 10 20 0 1 0 6 10 14 0 0 0 20 24 0 0 11 14 13 0 0 14 0 0 26 0 3 0 0 23 0 0 10 20 0 0 3 0 1 17 0 0 4 0 18 0 0 0 0 30 7 7 0 0 5 0 10 22 0 -2147483648 
-2147483648 13 1 6 44 0 0 0 0 55 112 20 0 0 0 0 12 15 0 0 25 0 0 23 15 0 0 15 22 0 0 34 8 0 47 0 0 22 8 26 32 1 0 0 22 18 3 3 0 27 72 78 158 131 32 0 0 16 0 0 5 0 35 255 255 255 168 88 52 16 1 0 0 0 0 7 0 0 0 0 0 0 0 1 11 0 0 4 0 0 0 0 0 7 0 0 0 0 0 0 0 0 0 0 0 0 0 0 0 0 0 0 0 0 0 0 0 7 0 0 10 13 11 0 4 15 0 19 20 0 0 0 0 0 0 0 7 22 26 72 76 68 34 30 75 67 2 0 0 0 0 3 0 0 0 43 54 20 12 51 12 0 0 0 0 0 0 0 0 153 145 0 0 0 22 0 63 255 255 71 0 0 0 0 0 0 8 0 4 0 0 0 20 6 0 0 0 24 14 0 10 0 6 23 0 10 0 0 8 9 0 0 15 2 13 0 0 26 0 0 31 0 15 0 0 13 0 0 20 5 0 18 5 0 0 18 0 0 22 5 4 0 0 0 0 40 0 2 0 0 11 0 5 25 0 -2147483648 
-2147483648 15 0 0 47 0 0 0 0 34 128 44 0 0 0 0 16 6 0 0 0 0 3 7 20 0 0 37 11 0 0 28 18 0 17 0 19 40 14 0 28 13 0 1 0 24 27 2 0 31 36 24 133 182 109 0 0 0 0 0 22 1 0 84 255 255 255 138 91 39 15 0 0 0 0 17 3 0 0 0 0 0 0 2 6 0 0 0 0 0 0 0 0 5 0 0 0 0 0 0 0 0 0 0 0 0 0 0 0 0 0 0 0 1 10 0 0 19 0 0 0 2 7 0 0 28 27 13 8 0 0 0 0 8 33 0 19 29 0 31 41 53 28 21 36 47 0 0 0 0 12 31 58 30 16 42 0 0 10 14 0 0 0 0 0 0 0 0 0 197 166 0 0 0 29 0 85 255 255 0 0 0 0 0 7 8 21 0 0 0 0 0 31 0 0 1 7 28 2 0 13 0 0 25 0 8 2 7 0 0 0 0 10 3 13 0 0 39 0 3 10 0 10 0 4 0 0 0 26 0 0 27 0 0 0 0 0 0 24 4 5 0 2 0 0 29 0 0 6 0 8 11 15 3 0 -2147483648 
-2147483648 12 0 0 14 0 0 0 0 2 114 64 0 0 0 0 17 0 0 0 14 0 0 0 16 7 0 42 0 0 0 18 18 13 0 0 22 16 26 0 22 38 0 1 0 1 27 26 0 31 22 20 100 133 145 54 0 0 0 0 15 7 0 0 140 255 255 207 132 71 29 0 0 0 0 0 0 0 0 0 0 0 0 4 0 0 0 1 0 0 0 0 0 3 11 0 0 0 0 0 0 0 0 0 0 0 0 0 0 0 0 0 0 17 20 0 0 4 0 0 0 0 6 9 0 24 36 5 0 0 0 0 0 33 34 0 26 16 3 8 8 23 10 11 7 26 2 0 0 0 43 60 100 85 35 0 0 0 3 0 0 33 33 1 0 0 0 0 0 164 118 0 0 0 30 0 109 255 164 0 0 0 0 0 9 12 9 0 0 2 0 6 25 0 0 6 1 18 0 1 11 0 0 25 3 0 4 18 0 0 6 0 8 0 6 0 0 23 0 10 4 2 0 0 0 2 0 0 15 0 0 27 0 3 9 0 0 0 19 2 20 0 0 0 0 13 0 2 0 0 5 18 15 0 0 -2147483648 
-2147483648 0 0 0 0 36 0 0 0 0 95 87 0 0 0 0 0 0 0 0 31 0 0 0 21 30 0 29 0 0 10 1 4 16 6 17 14 0 21 0 6 55 0 0 0 0 4 50 0 20 23 34 89 42 112 162 18 0 0 0 9 13 0 0 15 241 255 255 182 98 27 3 0 0 0 0 0 0 0 0 0 0 0 6 0 0 0 0 0 0 0 0 0 8 26 0 0 0 0 0 0 10 0 0 0 0 0 0 0 0 0 0 0 14 11 0 0 0 0 0 0 0 27 6 0 21 5 0 0 0 0 0 0 43 16 1 24 6 0 0 0 15 6 5 7 17 22 16 7 12 66 92 106 78 20 0 0 0 0 0 0 75 34 2 0 0 0 0 0 87 53 0 3 2 19 0 111 238 47 0 0 0 0 0 0 16 0 0 0 0 0 10 4 0 9 12 0 3 0 9 17 0 2 15 19 0 0 19 2 0 6 0 13 0 6 9 0 0 0 16 0 0 0 1 0 9 14 0 4 0 0 30 0 0 9 0 0 0 23 0 18 2 0 0 0 13 8 6 0 0 10 3 4 0 0 -2147483648 
-2147483648 0 3 2 0 38 0 0 0 0 90 68 0 0 0 0 0 0 0 4 26 0 0 0 26 40 0 6 0 9 39 0 0 15 23 9 17 0 14 0 0 47 0 0 2 0 10 39 0 22 21 31 72 0 67 197 129 0 0 0 0 0 0 0 0 80 255 255 255 118 54 33 0 0 0 0 0 0 0 0 0 0 0 0 0 0 0 0 0 0 0 0 0 13 31 0 0 0 0 0 0 19 0 0 0 8 0 0 0 0 0 14 0 0 5 0 0 0 0 0 2 10 37 0 0 19 0 0 0 0 0 0 8 24 6 0 36 7 0 0 0 24 0 3 31 22 31 6 12 47 76 114 95 29 0 0 0 0 0 0 0 58 25 5 0 0 0 0 0 28 20 0 10 13 21 14 85 123 0 0 0 0 0 0 0 2 0 0 0 0 0 15 0 0 24 14 0 0 0 18 22 0 0 0 31 0 0 1 1 4 0 0 12 2 15 7 0 0 0 8 0 7 23 1 0 8 13 0 5 0 0 26 0 5 0 0 3 0 24 0 5 17 0 0 0 9 26 2 0 4 7 1 7 0 0 -2147483648 
-2147483648 0 4 21 0 10 0 0 0 0 79 46 0 7 0 0 0 0 0 9 26 0 0 0 6 25 0 0 0 0 41 0 0 12 10 0 33 2 11 8 0 29 0 11 0 0 36 18 1 11 19 25 46 3 46 153 181 72 0 0 0 0 0 14 0 0 178 255 255 177 114 51 0 0 0 0 0 0 0 0 0 0 0 0 0 0 0 0 0 0 0 4 0 6 28 4 0 0 0 0 0 13 0 0 0 9 0 0 0 0 0 5 0 0 0 0 0 0 0 3 11 28 22 0 12 3 0 0 0 0 0 0 13 0 10 14 37 9 0 0 0 26 0 12 42 30 12 1 38 72 81 112 72 0 0 0 0 0 0 0 0 31 22 10 5 0 0 0 0 0 11 0 0 29 34 22 41 38 0 0 0 0 17 0 0 0 1 0 0 8 0 11 0 0 29 7 0 0 0 24 23 0 0 0 25 1 0 0 0 16 4 0 0 14 15 0 0 0 0 0 0 12 25 4 0 0 11 0 4 0 0 13 1 7 0 14 0 0 15 0 7 9 2 0 0 2 30 0 0 4 9 15 0 0 0 -2147483648 
-2147483648 0 2 33 0 0 15 0 0 0 24 54 0 11 1 0 0 0 0 0 51 0 0 7 0 20 0 0 12 0 31 2 11 6 0 0 54 6 0 14 0 20 6 2 0 0 42 12 6 0 20 30 38 20 15 100 148 147 33 0 0 0 0 19 0 0 44 254 255 255 171 71 0 0 0 0 0 0 0 0 0 0 0 0 0 0 0 0 0 0 0 9 0 0 20 18 0 0 0 0 0 4 0 0 0 0 0 0 0 0 0 0 0 0 0 0 0 0 0 0 5 30 21 27 14 0 0 0 0 0 0 0 0 0 18 36 27 23 0 0 0 7 0 22 25 24 0 14 75 81 82 81 44 0 0 0 0 0 0 0 0 4 21 29 5 0 0 0 10 0 5 0 0 46 42 7 0 0 28 0 0 1 27 4 0 0 9 0 0 20 10 0 0 3 27 0 0 5 0 14 31 0 0 1 5 14 0 6 0 0 11 0 0 21 15 0 9 0 7 0 0 12 8 3 0 0 0 7 0 0 12 0 0 11 0 23 0 8 3 0 18 0 19 3 0 1 11 4 0 0 18 20 0 0 0 -2147483648 
-2147483648 0 0 23 2 0 23 0 0 0 0 58 36 0 4 0 0 0 0 0 59 0 0 16 0 19 0 11 3 0 25 0 25 0 0 20 54 0 0 13 0 16 17 0 0 16 31 19 20 0 0 39 58 33 0 60 81 148 143 0 0 0 0 0 0 0 0 66 255 255 252 100 0 0 0 1 0 0 0 0 0 0 0 0 0 0 0 0 0 0 16 6 0 0 17 26 0 0 0 0 0 0 0 0 0 0 0 0 0 0 0 0 0 0 0 0 19 0 0 0 2 31 48 43 0 0 0 0 0 0 0 0 0 0 7 21 37 35 0 0 0 0 14 17 5 7 0 28 88 92 76 39 15 0 0 0 6 0 0 0 0 0 20 45 0 0 0 0 21 0 0 0 0 55 34 0 0 0 45 0 0 23 19 0 0 0 15 0 0 25 2 0 0 18 27 0 0 15 0 0 21 1 0 0 0 15 5 15 6 0 2 10 0 9 15 0 3 0 22 0 0 5 0 0 24 5 0 6 0 0 11 0 5 14 0 13 0 5 0 0 13 2 2 5 0 3 0 0 0 0 17 14 1 0 0 -2147483648 
-2147483648 0 0 1 13 8 14 0 0 0 0 39 85 0 0 0 0 0 0 0 34 0 0 1 0 5 0 16 0 1 28 0 14 0 0 19 32 11 0 4 8 19 28 0 0 11 14 43 57 0 0 35 71 39 0 32 7 97 187 76 0 0 0 0 0 0 0 0 217 255 255 148 26 0 0 0 0 0 0 0 0 0 0 0 0 0 0 0 0 0 16 0 0 16 28 19 0 0 0 0 0 0 0 0 0 0 0 0 0 0 0 0 0 0 0 0 29 0 0 13 8 47 78 35 0 0 0 0 0 0 0 0 0 0 0 0 44 28 0 0 0 15 19 0 0 0 0 17 96 100 55 23 0 0 0 0 17 7 0 0 0 0 21 44 0 0 0 10 12 0 0 11 19 49 18 0 0 0 46 0 0 21 9 0 0 0 20 0 9 23 0 0 0 19 21 0 0 24 2 0 0 15 14 0 0 8 11 14 11 0 3 22 0 0 9 0 0 0 19 17 0 0 0 0 33 10 0 0 0 17 0 0 16 1 0 5 21 0 0 3 2 23 0 0 11 3 0 0 0 0 15 8 0 0 0 -2147483648 
-2147483648 10 0 0 14 7 5 12 0 0 0 0 86 24 0 1 0 0 0 0 4 1 2 0 0 9 14 0 0 2 21 0 3 0 3 4 18 20 0 12 14 19 19 10 0 0 0 69 73 0 0 23 46 58 11 20 0 29 162 137 51 0 0 0 0 0 0 0 65 255 255 232 73 0 0 0 0 0 0 0 0 0 0 0 0 0 0 0 0 0 0 4 0 22 39 0 0 0 0 0 0 0 0 0 0 0 0 0 0 0 0 0 0 0 0 0 20 0 2 40 33 65 80 5 0 0 0 0 0 0 0 0 0 0 0 0 29 4 0 0 0 42 0 0 0 0 0 0 111 99 37 17 0 0 0 0 31 27 0 0 0 0 15 39 11 0 0 25 0 0 0 49 47 28 0 0 0 0 30 0 0 1 13 0 0 4 14 0 18 17 0 0 2 8 0 0 0 8 0 0 0 0 35 0 0 8 2 15 7 0 10 20 0 0 8 0 0 3 7 21 1 0 4 0 24 6 0 0 0 20 0 0 11 0 0 2 24 5 0 0 3 26 4 0 5 2 0 8 0 0 7 5 0 0 13 -2147483648 
-2147483648 21 0 0 0 2 7 8 6 0 0 0 52 68 7 14 0 0 0 0 0 10 3 0 0 32 0 0 19 2 0 0 7 0 0 13 20 0 0 30 21 10 0 15 0 0 2 60 52 0 0 5 20 77 26 14 0 0 111 146 110 0 0 0 0 3 0 0 0 240 255 255 114 54 0 0 0 0 5 0 0 0 0 0 0 0 0 0 0 4 0 2 1 20 33 0 0 20 0 0 0 0 0 0 0 0 0 0 0 0 0 0 0 0 0 5 3 10 35 75 65 64 39 0 0 0 0 10 0 0 0 0 0 0 0 0 5 0 0 0 11 62 0 0 0 0 0 0 117 93 34 0 0 17 17 25 58 45 11 0 0 0 0 29 23 0 0 31 0 0 7 78 65 0 0 0 0 0 0 1 0 0 27 0 0 14 0 0 15 16 0 2 15 0 0 29 50 0 0 1 0 0 25 0 0 0 15 15 0 0 13 24 0 0 9 0 0 5 7 5 0 0 7 0 16 1 0 0 0 12 0 2 0 0 10 0 17 14 0 0 11 13 33 0 0 9 9 6 0 10 0 6 0 0 8 -2147483648 
-2147483648 6 0 5 0 0 4 10 44 0 0 0 8 92 34 0 0 0 0 0 5 10 0 0 0 45 0 0 21 1 0 0 4 0 0 24 18 0 14 32 30 6 0 29 0 0 8 30 31 0 8 0 24 78 34 0 0 0 75 121 127 0 0 0 0 0 0 0 0 104 255 255 185 99 2 0 0 0 2 0 0 0 0 0 0 0 0 0 0 2 2 0 14 23 16 0 3 12 0 0 2 0 0 0 0 0 0 0 0 0 0 0 0 0 0 0 0 37 92 102 68 33 0 0 0 0 0 1 0 0 0 0 0 0 0 0 0 0 0 0 23 52 0 0 0 0 0 0 92 74 34 0 0 17 30 71 87 41 15 0 0 0 0 27 12 0 0 13 0 0 25 70 55 0 0 0 0 0 0 6 0 0 27 0 0 5 2 0 0 25 0 5 15 0 0 22 114 20 0 0 5 0 2 0 14 0 11 7 0 0 13 22 0 0 2 0 0 0 15 0 0 26 0 7 8 0 0 0 13 5 0 15 0 0 24 0 5 11 0 0 12 7 24 0 0 15 12 0 0 16 4 12 0 0 4 -2147483648 
-2147483648 0 0 16 0 0 0 15 51 0 0 0 0 78 52 0 0 0 0 0 14 3 0 0 0 38 0 0 13 0 0 0 2 0 0 7 25 0 16 26 5 23 0 18 0 0 0 22 22 12 4 0 33 60 39 0 0 10 54 71 135 28 0 0 0 0 0 0 0 16 255 255 255 116 36 0 0 0 0 0 0 0 0 0 0 0 0 0 0 0 1 0 16 21 9 1 0 1 0 0 4 0 0 0 0 0 0 0 0 0 0 0 0 20 0 0 6 68 142 93 37 0 0 0 0 0 0 0 0 0 0 0 0 0 0 0 0 0 3 0 33 14 0 0 0 0 0 3 19 36 48 0 0 2 48 91 86 25 28 9 0 0 8 43 3 8 0 0 0 0 29 53 34 0 0 0 0 0 0 0 9 9 7 5 0 0 5 1 0 30 0 0 17 0 18 0 93 76 0 0 7 0 0 0 23 0 0 0 0 3 2 0 5 0 0 0 9 0 7 6 0 25 0 24 1 0 0 0 18 0 1 23 0 0 20 0 0 5 0 4 7 0 3 0 0 19 3 0 11 0 10 13 9 0 1 -2147483648 
-2147483648 0 17 15 0 0 0 12 46 0 0 0 0 28 38 21 0 0 0 0 0 0 0 0 0 9 12 0 1 0 0 7 7 5 13 0 35 0 12 21 0 39 4 0 12 0 0 23 15 9 22 0 20 53 29 0 0 26 66 20 140 104 0 0 0 0 0 0 0 0 187 255 255 126 62 0 0 0 0 0 0 0 0 0 0 0 0 0 0 0 6 0 14 10 9 8 0 6 0 0 0 0 0 0 0 0 0 0 0 0 0 0 0 34 0 0 24 110 149 58 0 0 0 0 0 0 0 0 0 0 0 0 0 0 0 16 0 28 46 18 34 0 0 0 0 9 0 0 0 0 34 0 0 3 60 80 49 7 26 11 0 0 20 53 8 7 0 0 0 0 31 54 15 0 0 0 13 0 0 0 25 20 0 16 7 0 0 0 8 18 0 1 14 0 31 0 24 64 0 0 1 0 5 0 7 16 0 0 8 10 0 0 0 0 0 0 21 3 0 9 3 9 0 18 4 0 13 0 0 0 0 6 0 5 3 0 0 7 0 13 12 0 0 12 0 22 0 0 18 0 12 0 16 0 0 -2147483648 
-2147483648 4 25 10 5 0 0 6 25 19 0 0 0 6 7 50 24 0 0 0 0 0 0 0 0 0 24 0 0 0 0 24 10 6 27 0 19 0 0 15 0 36 24 0 9 17 10 12 0 11 42 0 2 45 17 0 0 47 97 0 108 153 19 0 0 0 0 0 0 0 33 255 255 158 64 1 4 0 0 0 0 0 0 0 0 0 0 0 0 0 3 3 5 5 13 0 0 2 0 0 0 0 0 0 1 0 0 7 0 0 0 0 0 20 13 6 51 134 128 32 0 0 0 0 0 3 0 0 0 0 0 0 0 0 25 68 26 46 68 49 29 0 0 0 2 12 0 0 0 0 0 8 19 34 51 44 5 0 0 0 0 5 34 48 6 0 0 0 0 0 31 64 0 0 0 0 14 0 0 0 17 16 0 11 13 0 0 0 15 0 0 10 2 0 25 0 0 25 0 5 0 0 7 0 0 11 0 0 2 17 10 0 0 2 3 0 20 14 0 0 0 11 0 6 2 0 22 0 0 9 0 0 6 0 0 14 0 7 24 0 14 0 0 27 0 13 1 5 17 0 8 0 15 0 0 -2147483648 
-2147483648 6 31 0 3 0 0 5 0 42 0 0 0 48 13 27 34 0 0 0 0 13 0 0 0 0 17 3 0 0 0 24 0 9 34 0 0 0 0 17 0 20 29 0 7 13 28 21 0 1 35 20 3 7 9 0 0 60 81 0 71 146 100 0 0 0 0 0 23 0 0 255 255 226 74 1 1 9 0 0 0 0 0 0 0 0 0 0 0 0 0 2 2 7 14 0 0 0 0 0 0 0 0 0 0 0 0 0 0 0 0 0 0 0 17 17 84 140 109 23 0 0 0 0 0 23 25 23 0 0 0 0 0 18 62 78 46 24 44 45 24 5 3 9 4 0 0 0 0 0 0 25 57 52 26 6 0 0 0 0 0 12 45 50 0 0 0 0 0 0 35 70 0 0 0 0 0 7 0 1 1 5 0 0 13 0 0 0 0 0 23 5 0 26 10 0 0 9 3 4 0 0 0 1 0 1 0 0 4 15 14 0 0 6 11 0 10 10 17 0 0 28 0 8 3 0 7 0 0 12 0 0 0 6 2 33 0 0 47 0 0 0 0 16 0 7 0 17 13 0 0 9 14 0 0 -2147483648 
-2147483648 1 36 0 0 0 0 8 0 46 0 0 0 67 70 6 15 0 0 0 0 8 0 0 0 0 2 0 3 0 0 8 0 21 12 0 0 0 0 20 0 0 24 8 6 0 24 53 0 0 28 42 11 0 0 0 2 41 26 0 76 105 102 5 0 0 0 0 17 0 0 255 255 255 78 23 0 4 0 0 0 0 0 0 0 5 0 0 0 0 0 0 8 12 3 0 0 0 0 0 0 0 0 0 0 0 0 0 0 0 0 0 0 0 10 27 95 149 103 25 5 2 0 0 36 45 51 31 3 0 0 6 2 28 54 53 30 0 6 23 29 16 0 3 0 0 4 9 0 0 0 6 9 28 6 0 0 0 0 0 0 0 54 58 0 0 0 0 0 0 44 59 0 0 0 0 0 0 13 2 0 2 0 0 14 0 1 12 0 3 21 5 0 23 9 0 0 2 5 0 8 0 0 12 0 0 0 0 2 7 10 3 0 0 17 0 7 0 28 0 0 27 0 21 8 0 0 0 10 4 0 0 0 25 13 11 0 0 35 0 0 20 0 0 5 12 0 8 4 0 0 13 0 0 15 -2147483648 
-2147483648 0 23 0 0 1 0 7 0 20 0 0 0 26 120 44 0 0 0 0 0 0 0 0 0 0 0 0 1 0 5 0 0 31 0 0 0 0 7 14 0 0 20 8 5 0 26 61 0 2 16 43 29 0 0 6 55 0 0 5 85 68 39 54 0 0 0 0 14 0 0 201 255 255 72 46 0 0 0 2 0 0 0 0 0 3 0 0 0 0 0 0 10 16 0 8 0 0 0 0 0 0 0 0 0 0 0 0 0 0 0 0 0 0 6 42 78 159 106 25 5 8 12 72 89 62 56 21 13 0 0 0 0 9 28 43 0 0 0 18 55 26 0 0 3 0 17 15 0 0 0 0 0 0 2 0 0 0 0 0 0 0 43 45 3 0 0 0 0 0 32 21 0 0 1 8 0 0 15 5 0 8 5 0 18 0 0 18 0 2 7 7 0 0 19 1 0 2 0 0 15 1 0 7 0 0 9 0 0 4 10 8 0 1 2 0 12 0 21 0 0 14 0 18 8 0 0 0 2 0 0 0 0 30 6 0 0 0 16 0 7 26 0 0 11 8 3 0 0 0 3 17 0 7 12 -2147483648 
-2147483648 0 0 0 0 14 0 0 0 0 29 0 0 0 126 106 15 0 0 0 0 0 0 0 0 0 0 0 0 0 17 0 0 23 3 11 0 0 15 0 0 34 21 0 5 0 30 49 0 7 0 45 53 9 0 2 86 0 0 22 68 48 0 42 14 0 0 1 19 0 0 105 255 255 85 24 0 0 0 0 0 0 0 0 0 0 0 0 0 0 0 0 0 12 11 20 0 0 0 0 0 0 0 0 0 1 0 0 0 0 0 0 0 0 9 34 75 163 92 20 6 0 32 128 164 94 42 10 8 0 0 0 0 0 54 33 0 0 0 80 134 0 0 0 33 28 43 39 0 0 10 0 0 0 14 0 0 0 0 0 0 0 0 0 0 0 0 10 0 0 8 0 0 0 0 16 0 0 16 4 0 3 3 0 7 8 0 12 9 0 6 2 0 0 15 7 0 0 1 0 11 10 0 6 0 0 23 0 0 9 4 14 0 6 0 6 13 0 2 5 0 0 6 10 11 10 0 4 10 0 2 5 11 9 0 0 0 0 9 0 12 15 0 5 7 0 11 0 0 5 0 11 12 0 0 -2147483648 
-2147483648 10 0 0 0 23 0 0 13 0 33 0 0 0 90 137 50 6 0 4 0 0 0 0 0 0 0 0 0 0 16 0 0 16 28 0 0 0 20 0 0 58 3 0 12 0 18 51 0 0 0 61 52 26 0 0 92 0 0 18 45 29 0 20 46 0 0 0 9 26 0 27 255 255 119 11 0 15 0 0 0 0 0 0 0 0 0 0 0 0 0 0 0 0 34 15 0 0 0 0 0 0 0 0 0 10 0 0 0 0 0 0 0 0 0 17 88 150 65 18 0 0 14 117 223 157 39 0 3 0 0 0 0 0 116 0 0 0 0 187 249 0 0 23 59 66 104 119 0 0 1 22 21 22 42 37 0 0 0 0 0 0 0 0 0 0 0 47 0 0 0 0 0 0 3 8 0 0 31 15 0 0 1 2 0 10 0 10 13 0 0 4 0 5 10 0 0 0 5 4 13 7 0 0 0 5 18 0 0 21 0 18 0 7 1 0 20 0 0 42 0 0 6 14 16 8 0 13 26 0 0 12 26 0 3 17 0 5 11 5 0 0 19 15 0 0 18 0 0 16 0 0 41 0 0 -2147483648 
-2147483648 36 0 0 0 7 0 0 23 0 29 0 0 0 41 127 75 46 8 0 0 0 0 2 0 0 0 0 4 0 0 0 0 12 19 0 0 0 23 0 5 48 0 4 21 0 0 65 8 0 20 55 28 29 0 20 91 0 0 0 29 24 0 16 47 0 0 0 4 43 0 0 255 255 168 54 0 0 0 0 0 0 0 0 0 0 0 0 0 0 0 0 0 0 36 6 0 0 0 0 0 0 0 0 6 19 0 0 0 0 0 0 0 0 0 14 87 119 51 6 0 0 0 64 198 205 84 14 13 0 0 0 0 31 134 0 0 0 0 252 255 0 0 47 54 67 167 201 0 0 0 52 127 79 85 117 42 15 0 0 0 0 0 0 0 0 0 59 0 0 0 0 0 20 12 0 0 0 37 28 0 0 11 0 2 0 0 11 0 9 0 17 0 2 17 0 0 0 0 9 17 4 6 0 13 10 1 0 0 33 0 0 0 12 0 0 25 0 0 41 0 0 0 23 8 0 0 15 14 0 0 13 33 0 0 21 0 17 22 0 0 0 24 19 0 9 14 17 0 12 0 0 31 0 2 -2147483648 
-2147483648 44 5 0 0 0 3 0 22 0 31 0 0 0 24 90 79 87 42 3 0 0 0 0 0 0 0 0 0 0 0 0 0 0 3 28 0 0 24 0 22 16 0 0 17 15 0 54 14 0 20 30 7 24 0 35 102 9 0 0 38 25 9 12 41 0 0 0 5 36 0 0 255 255 198 94 0 0 0 0 0 0 2 0 0 0 0 0 0 0 0 0 0 0 4 9 0 4 0 0 0 0 5 0 0 20 0 0 0 0 0 0 0 0 0 13 74 79 37 0 0 0 0 14 99 191 156 71 53 0 0 0 0 42 102 0 0 0 0 242 246 0 0 39 25 45 212 215 0 0 0 83 183 78 146 220 145 112 0 0 0 0 0 0 0 0 0 26 0 0 0 0 0 18 18 0 0 0 28 14 0 8 11 0 10 0 0 8 0 0 6 20 0 7 18 0 0 4 10 0 5 8 0 0 37 13 0 0 0 28 0 0 0 15 0 9 10 0 15 0 6 0 0 23 0 0 28 0 0 3 0 10 13 0 0 0 4 2 24 0 0 0 0 15 0 10 10 8 0 5 10 0 13 4 0 -2147483648 
-2147483648 36 7 7 0 0 0 0 5 15 42 0 0 0 10 56 75 101 65 31 0 0 0 0 0 0 0 0 0 0 0 0 10 0 0 33 0 0 17 0 20 0 24 0 3 38 0 26 24 0 8 17 0 22 0 26 92 18 0 0 71 20 29 4 24 13 0 0 9 13 6 0 255 255 196 96 0 0 0 5 0 1 1 0 0 0 0 0 0 0 0 0 0 0 0 7 0 0 0 0 0 4 4 0 0 11 0 0 0 0 0 0 0 0 0 12 46 43 19 0 0 0 0 0 1 118 183 140 121 0 0 0 0 30 63 0 0 0 0 189 154 0 0 29 0 21 236 169 0 0 0 93 140 45 217 255 254 194 9 0 0 0 0 0 0 0 0 0 0 0 0 0 0 4 20 0 0 0 5 5 14 10 9 0 0 1 0 11 0 0 4 4 0 16 11 1 0 4 25 0 1 1 0 0 37 21 0 0 3 6 2 0 0 13 0 24 0 0 31 0 1 0 0 12 0 2 24 0 0 0 16 17 0 23 1 0 18 0 8 3 1 9 0 2 16 0 20 0 0 1 2 14 12 0 0 -2147483648 
-2147483648 21 9 23 0 0 3 0 0 24 49 0 0 0 0 37 69 86 79 54 0 0 0 0 0 0 0 0 0 0 0 5 10 0 0 0 0 0 0 4 0 0 53 0 0 43 0 14 23 1 14 3 0 38 0 11 56 21 0 0 86 20 32 0 0 42 0 0 26 0 0 0 255 255 197 92 0 0 0 10 0 0 0 0 0 0 0 0 0 0 1 0 0 0 0 0 0 0 0 0 0 12 0 0 0 3 10 0 0 0 0 0 0 0 0 7 17 13 14 13 0 25 10 0 0 39 135 170 168 33 0 0 0 4 35 0 0 0 0 120 51 0 0 10 0 0 217 107 0 0 0 96 51 33 255 255 255 223 0 0 0 46 62 0 0 0 0 0 0 0 0 0 0 10 11 0 3 0 0 20 20 0 21 0 0 2 0 10 0 0 0 4 21 9 7 8 0 7 22 0 8 0 0 0 12 33 0 0 15 2 2 0 0 5 0 21 6 0 23 14 0 2 0 7 6 0 7 0 0 0 24 30 0 18 14 0 10 0 0 1 0 23 2 0 14 0 14 0 0 0 6 14 14 0 3 -2147483648 
-2147483648 0 16 24 0 0 11 0 0 13 33 0 0 0 0 0 49 83 69 55 0 0 0 0 0 0 0 0 0 0 0 9 3 0 0 0 8 11 0 6 0 0 48 0 0 37 13 2 21 10 22 0 0 56 0 1 38 18 4 0 71 31 30 0 0 28 0 0 43 0 0 6 255 255 207 95 0 0 0 11 4 0 0 12 0 0 12 0 0 0 4 0 0 0 0 0 0 0 0 0 0 3 0 0 0 0 18 0 0 0 0 0 0 0 0 0 0 1 25 20 6 32 2 0 0 10 57 125 163 95 28 0 0 0 18 0 0 0 0 46 0 0 0 0 0 0 150 61 0 0 31 112 4 52 255 255 255 177 0 0 0 67 100 38 0 0 0 0 26 0 0 0 0 20 0 0 18 0 0 24 8 0 20 0 0 0 15 5 0 0 4 6 22 0 5 7 0 7 19 0 0 0 0 0 2 43 0 0 13 11 0 0 9 0 0 10 19 0 13 19 0 0 0 12 7 0 7 0 0 0 16 15 0 12 9 0 0 0 10 0 0 18 19 0 0 6 0 0 6 0 12 0 1 0 31 -2147483648 
-2147483648 0 13 5 11 0 11 0 0 12 10 0 0 0 0 0 5 76 47 53 43 19 0 0 0 0 0 0 0 0 0 4 0 0 0 0 4 17 0 15 0 14 10 0 21 30 24 0 30 10 19 4 0 50 0 10 40 14 0 0 59 47 8 0 0 14 0 0 56 1 0 5 255 255 199 104 0 0 0 0 0 0 0 23 0 0 15 0 0 0 4 0 0 0 0 0 0 0 0 0 0 0 0 0 0 0 13 0 0 0 0 0 0 0 0 0 0 8 35 14 28 25 0 0 0 23 0 47 123 149 126 36 0 11 15 0 0 0 0 3 0 0 0 0 0 0 67 9 0 0 48 110 28 109 255 255 255 55 0 0 0 51 104 60 0 0 0 0 46 0 0 25 0 17 0 0 20 0 0 16 7 16 0 1 9 0 17 10 0 0 19 0 9 1 1 11 0 1 19 0 0 15 0 0 10 37 2 0 8 1 1 1 14 0 0 8 15 0 12 2 0 0 0 16 0 0 19 6 0 7 15 0 0 1 9 1 0 9 29 0 0 0 21 3 0 18 0 0 0 0 13 0 0 8 44 -2147483648 
-2147483648 0 8 0 16 0 8 3 0 12 10 0 0 0 0 0 0 27 29 64 62 43 9 0 0 5 0 0 0 0 0 0 0 0 0 0 0 0 0 33 0 0 0 5 38 37 18 0 20 26 11 0 0 25 13 21 34 23 0 0 55 40 0 0 0 22 0 0 40 0 0 0 255 255 193 111 10 0 0 0 0 0 0 3 0 0 0 0 0 0 0 14 0 0 11 0 0 0 0 0 0 1 6 0 4 0 2 16 0 0 0 0 0 0 0 0 0 0 30 2 30 30 0 0 18 35 0 7 80 149 157 64 39 32 15 0 0 20 0 10 0 0 0 0 0 0 0 0 0 17 37 100 72 148 255 196 147 0 0 0 0 6 101 52 0 0 0 9 33 0 0 35 0 6 0 0 17 0 0 12 21 13 0 4 12 0 15 19 0 0 21 0 0 2 0 22 0 0 35 0 4 18 0 3 7 7 17 0 6 0 0 13 1 0 0 11 4 3 13 0 0 0 14 14 0 6 18 8 0 15 11 0 0 0 26 0 0 10 22 0 0 1 2 0 0 20 8 0 0 0 6 11 0 2 31 -2147483648 
-2147483648 0 8 0 8 1 14 12 0 8 6 0 0 0 0 0 0 0 3 69 56 54 21 0 0 12 0 0 0 0 0 0 5 0 0 0 0 0 0 57 0 0 9 33 46 43 1 0 0 26 8 0 5 5 31 21 23 35 0 21 42 17 0 0 0 8 17 8 0 0 0 0 255 255 204 105 14 1 0 0 0 0 0 0 0 0 0 0 0 0 0 9 0 0 0 0 0 0 0 0 0 8 16 0 0 0 1 17 0 0 0 0 0 8 0 0 0 0 19 0 23 29 0 25 19 32 0 0 55 110 133 73 52 22 0 0 34 66 17 36 23 0 0 0 0 0 0 0 0 27 22 87 71 120 146 94 49 0 0 0 0 0 80 33 0 4 0 22 12 0 0 12 0 11 0 0 8 0 0 12 30 0 0 0 0 0 10 9 0 0 11 0 0 0 0 31 0 0 51 0 11 15 0 22 1 0 24 0 0 0 0 20 0 0 8 3 4 11 12 1 0 0 21 23 0 5 8 1 0 17 0 0 0 0 33 0 19 0 0 0 0 15 0 2 0 7 25 0 0 0 0 3 0 0 18 -2147483648 
-2147483648 7 6 0 6 0 15 0 9 2 0 0 0 0 0 0 0 0 0 29 36 46 39 0 0 0 0 0 0 0 0 0 16 0 0 5 0 0 0 46 0 0 14 29 60 26 0 0 0 9 10 0 7 1 10 27 18 25 15 30 37 10 5 17 0 0 36 27 0 0 0 11 255 255 213 107 14 0 0 0 0 0 0 0 0 0 0 0 0 0 0 0 0 5 0 0 0 0 0 0 8 3 25 3 0 0 5 1 0 17 0 0 0 7 0 0 0 0 5 0 17 18 8 54 23 28 0 0 40 79 87 72 71 24 0 0 52 75 3 35 14 0 0 0 7 0 0 0 0 24 10 45 38 58 58 21 0 0 0 0 0 0 38 33 9 2 4 28 0 0 0 0 0 23 0 5 0 0 0 14 37 0 0 0 0 13 10 0 11 6 10 1 0 4 4 21 0 0 32 0 0 12 0 23 5 0 36 14 0 4 0 14 3 0 4 2 4 1 17 8 0 0 21 46 0 0 4 1 0 8 0 0 0 8 12 0 34 3 0 0 0 7 7 0 0 1 22 2 0 5 0 0 21 7 0 -2147483648 
-2147483648 17 7 0 9 0 2 0 14 0 0 3 0 0 0 0 0 0 0 0 0 40 50 34 0 0 0 0 0 0 0 0 0 0 0 32 0 16 0 0 8 0 16 0 62 12 0 0 0 23 0 5 7 0 0 36 11 14 41 8 47 25 0 64 0 0 22 22 0 0 0 43 255 255 211 124 12 0 0 0 6 2 0 0 0 0 0 0 0 0 0 0 0 3 0 0 0 0 0 0 0 5 20 7 0 0 0 0 1 26 0 0 0 0 0 0 0 0 0 11 8 8 15 43 43 38 1 0 17 43 51 72 82 57 17 40 65 52 0 7 0 0 0 0 33 18 25 40 27 30 0 0 24 31 24 0 0 0 0 0 0 0 0 44 17 0 10 15 0 0 0 0 22 8 0 20 0 0 0 8 30 0 5 0 0 10 12 0 11 11 15 4 0 12 9 0 0 0 0 0 0 9 3 13 3 0 54 24 0 0 11 0 11 0 0 0 0 5 13 0 0 0 15 61 0 0 0 5 4 6 6 0 3 0 0 0 30 18 0 5 0 0 29 0 0 0 23 0 0 6 0 6 13 3 0 -2147483648 
-2147483648 3 0 9 6 1 0 0 0 1 14 0 0 22 20 0 0 0 0 0 0 16 33 56 0 0 0 0 0 0 0 0 0 0 19 31 0 21 25 0 5 2 6 0 48 13 0 0 15 47 0 0 6 2 0 30 11 3 43 0 51 33 0 83 0 0 3 3 0 0 0 49 255 255 180 130 13 0 0 0 0 1 0 0 0 0 0 0 0 0 0 0 0 0 0 0 0 0 0 0 0 0 5 0 2 0 0 0 0 27 1 0 0 0 0 0 0 0 0 24 17 3 13 21 39 47 2 0 0 12 21 57 68 81 78 101 88 49 5 6 0 0 0 0 19 0 0 59 61 18 0 0 56 71 29 0 0 0 0 0 0 0 0 43 19 7 17 0 0 0 0 0 21 0 0 30 0 0 6 0 4 21 7 0 0 10 10 0 10 13 16 2 0 3 7 0 0 12 0 0 0 6 10 0 0 0 41 35 0 0 15 0 19 5 0 0 0 25 0 0 0 0 18 49 23 0 0 9 9 5 5 0 12 0 0 0 10 28 0 8 0 0 17 0 0 0 15 4 0 4 2 22 4 0 0 -2147483648 
-2147483648 0 0 20 0 0 0 8 0 5 22 0 0 44 32 9 5 0 0 0 0 0 0 46 30 0 4 0 0 0 0 0 0 0 70 0 0 7 46 0 0 0 0 0 48 5 0 0 32 47 0 0 0 14 0 11 15 0 29 19 47 12 11 79 11 0 0 0 0 0 0 52 255 255 143 125 17 12 0 0 0 0 3 0 0 0 0 0 9 0 0 3 0 0 0 0 0 3 0 0 0 0 0 0 10 0 0 0 0 16 16 0 0 0 0 0 0 0 0 28 39 18 4 4 7 36 29 0 2 7 0 22 38 77 87 120 115 79 43 39 0 0 0 0 10 0 0 0 18 0 0 0 125 114 35 0 0 0 0 0 0 0 0 31 20 27 26 0 0 0 0 10 16 0 3 27 0 0 21 0 0 26 0 0 0 13 14 0 8 9 6 0 0 3 0 3 0 2 16 0 0 0 19 0 0 0 11 28 0 0 0 0 17 0 4 0 0 22 0 0 5 0 19 18 32 0 0 17 4 0 0 0 6 0 0 0 3 35 0 0 18 7 0 0 13 1 0 5 0 15 4 9 6 0 6 -2147483648 
-2147483648 0 12 7 4 0 0 18 0 8 9 0 0 39 33 20 1 0 0 0 0 0 0 2 53 14 0 0 0 0 0 0 0 34 35 0 0 11 40 8 0 0 0 20 34 0 0 0 28 34 8 0 0 30 0 0 22 0 19 43 17 6 30 51 50 0 0 0 0 0 0 63 255 255 130 107 20 41 0 0 0 0 0 0 0 0 0 0 4 0 0 0 0 0 0 1 0 12 4 0 0 0 0 0 0 0 0 0 8 0 0 0 0 0 0 0 0 0 0 22 43 45 17 0 0 19 54 0 9 14 0 0 15 56 51 96 111 99 78 72 51 0 0 23 13 0 0 0 0 0 0 23 142 92 18 0 0 0 0 0 0 0 6 24 30 39 29 0 0 0 0 17 32 0 1 7 0 0 23 0 0 17 0 8 0 2 23 0 2 8 0 12 8 4 4 8 0 0 12 0 0 0 20 2 0 0 0 10 8 0 0 0 0 0 11 22 0 6 0 0 6 0 0 0 36 24 0 3 0 0 4 0 5 7 0 0 5 44 0 0 28 3 3 0 8 0 0 2 0 31 2 0 1 0 13 -2147483648 
-2147483648 0 0 2 10 3 0 0 0 17 0 0 8 24 31 29 0 0 0 0 0 0 0 0 43 31 1 0 0 0 0 0 0 59 0 0 0 36 0 13 0 0 6 34 6 0 24 0 13 20 22 0 0 28 0 0 40 0 26 44 0 21 29 28 76 7 0 0 0 0 0 63 255 255 117 92 21 44 38 0 0 0 0 0 0 0 0 0 0 4 0 0 0 0 0 0 0 23 3 0 0 0 0 0 0 0 0 0 23 0 0 0 0 0 0 0 0 0 0 0 28 68 38 0 0 0 40 1 3 20 11 0 11 29 21 62 74 78 81 86 91 36 20 46 23 18 0 0 0 0 4 25 62 28 0 0 0 0 0 0 0 0 29 24 43 29 20 0 0 0 0 23 42 0 3 0 0 7 18 0 0 18 0 1 0 0 38 0 0 10 0 23 13 1 12 3 14 0 2 0 0 0 12 16 0 0 0 1 10 0 0 3 0 0 15 15 0 0 17 0 0 0 0 0 35 34 0 0 0 0 13 0 2 17 0 0 0 31 0 0 31 0 24 4 0 0 0 14 0 22 4 0 4 0 16 -2147483648 
-2147483648 0 0 1 2 4 13 0 2 24 0 0 3 30 24 23 20 0 0 6 0 0 0 0 0 22 40 0 0 0 0 0 0 0 0 0 18 44 0 21 0 0 14 28 5 0 24 4 8 22 15 8 9 0 0 0 54 0 23 22 0 20 22 26 62 38 10 0 0 0 0 65 255 255 95 97 35 29 42 9 0 0 0 0 0 0 0 0 0 0 2 0 0 0 0 0 0 27 0 0 0 0 0 0 0 0 0 11 25 0 0 0 0 0 0 0 0 0 0 0 20 61 40 23 0 0 11 15 0 16 41 2 10 20 13 38 35 45 62 66 94 72 65 67 40 37 10 0 0 0 3 0 0 0 0 0 0 0 0 0 0 0 38 24 42 29 0 0 0 0 0 28 34 0 9 0 0 8 16 0 0 10 2 0 0 10 41 0 0 11 0 14 8 0 8 0 14 21 3 0 0 1 9 7 1 7 0 0 12 0 0 5 0 4 8 0 0 13 14 0 0 26 0 0 33 9 0 0 9 0 7 7 0 0 0 4 1 3 0 0 17 0 33 1 0 0 0 21 0 8 16 0 19 4 13 -2147483648 
-2147483648 0 0 0 0 4 16 0 0 20 0 0 0 43 16 0 45 0 0 0 0 0 0 0 0 0 86 35 0 0 0 0 0 0 0 0 13 28 0 19 0 0 2 18 10 0 20 6 1 36 11 15 18 0 0 0 55 26 0 7 18 7 22 19 37 62 34 0 0 0 0 90 255 255 78 87 46 17 19 43 0 0 0 0 0 0 0 6 0 0 11 0 0 0 0 0 16 6 0 0 0 0 0 0 0 0 1 16 24 0 0 0 0 0 0 0 0 0 0 0 25 29 32 44 8 0 6 12 0 5 56 14 14 29 12 24 12 39 46 40 68 67 68 76 55 36 26 9 0 0 0 0 0 0 0 0 0 0 0 0 0 0 41 20 30 47 0 0 0 0 0 9 20 9 0 0 0 0 12 12 10 0 0 0 0 16 16 0 0 7 0 6 5 0 3 0 9 22 12 0 0 11 3 0 0 19 0 0 15 0 0 6 5 0 0 0 0 26 0 0 0 27 0 0 28 0 0 5 0 0 5 21 0 0 2 16 0 0 0 0 1 4 25 0 6 0 0 13 0 9 24 0 31 8 0 -2147483648 
-2147483648 11 8 0 0 3 5 0 0 16 0 0 9 34 4 0 37 8 0 0 0 12 0 0 0 0 115 117 0 0 0 0 0 0 0 0 0 4 9 19 1 0 0 1 3 0 30 0 0 39 20 20 3 0 0 0 37 30 0 3 37 0 2 11 21 69 37 9 0 0 0 120 255 255 68 53 22 15 21 63 0 0 0 0 2 0 0 6 0 0 5 0 0 0 0 0 19 0 6 0 0 0 0 0 0 0 0 19 27 0 0 0 0 0 0 0 0 0 0 0 26 23 21 34 6 4 19 0 0 9 43 12 14 37 20 10 10 42 50 38 39 35 43 71 49 29 24 10 9 0 0 0 0 0 0 0 0 0 0 0 0 21 45 9 25 46 0 0 0 2 0 0 11 17 0 0 0 0 0 29 7 0 1 0 21 9 0 4 9 0 0 13 0 0 2 13 12 4 17 0 0 20 0 0 3 13 6 0 6 0 0 14 15 0 2 0 0 24 0 0 0 16 0 0 10 0 12 0 0 11 23 8 0 0 6 26 0 0 0 0 0 0 17 0 5 6 13 0 0 17 20 0 21 0 0 -2147483648 
-2147483648 5 11 0 6 5 0 1 0 4 10 0 10 21 0 0 24 6 0 0 0 11 20 0 0 0 49 176 77 0 0 0 0 0 0 0 0 0 19 37 0 0 0 0 0 16 36 0 0 28 27 30 0 0 3 0 28 1 0 17 41 8 0 4 3 54 41 41 0 0 0 161 255 255 73 24 0 15 25 54 5 0 0 0 0 4 0 4 0 0 0 0 0 0 0 2 8 0 9 0 0 0 0 0 0 0 0 19 21 0 0 0 0 0 0 0 0 0 6 0 14 39 16 15 6 18 14 0 13 16 13 13 2 41 14 6 22 29 62 47 26 16 26 37 24 36 11 2 24 4 0 0 0 0 0 0 0 0 0 0 0 32 28 10 30 21 0 0 0 7 17 0 13 1 0 0 24 9 0 42 0 0 15 0 15 5 0 16 17 0 0 22 0 0 0 8 19 2 11 0 0 15 0 0 20 0 0 18 4 0 0 10 0 6 9 0 0 23 0 0 6 2 0 0 4 0 6 0 4 0 36 6 0 0 13 26 0 0 0 0 0 0 11 11 0 12 27 0 0 23 3 0 0 0 0 -2147483648 
-2147483648 0 0 0 21 3 0 21 0 0 21 0 4 20 0 0 13 0 0 0 0 12 7 21 0 0 0 112 167 46 0 0 0 0 0 2 1 0 13 33 0 0 0 0 10 16 30 17 0 5 41 46 0 0 6 0 34 0 0 31 25 23 0 0 0 36 40 52 0 0 0 228 255 255 90 11 0 7 14 31 0 0 0 0 0 18 0 3 13 0 0 0 0 0 0 0 6 3 13 0 0 0 0 0 0 0 0 7 18 0 0 0 0 0 0 0 0 0 12 0 0 45 33 14 17 0 0 0 42 0 0 27 0 24 0 16 32 11 48 51 37 23 11 0 16 46 2 0 27 8 0 14 0 0 0 0 0 0 0 0 0 14 10 30 34 0 0 0 0 11 27 0 8 0 0 0 21 0 0 33 2 0 21 0 0 8 0 22 10 0 5 17 0 0 0 7 22 13 0 0 4 7 0 0 15 0 0 27 16 0 7 0 0 28 1 0 0 11 0 13 20 0 0 12 5 0 0 9 23 0 22 5 0 0 11 21 0 0 3 0 0 0 5 21 0 0 21 0 0 0 0 0 0 0 0 -2147483648 
-2147483648 0 0 0 1 0 0 14 0 0 9 0 3 26 0 0 0 0 16 0 0 12 0 23 0 0 0 0 139 99 15 0 0 0 0 0 4 0 20 7 0 2 0 0 30 4 15 32 0 0 63 67 0 0 8 0 11 29 0 6 22 25 4 0 22 32 41 59 22 0 0 255 255 254 80 5 0 0 2 6 0 0 0 0 0 27 0 3 11 0 0 0 0 0 0 0 4 18 18 0 0 0 0 0 0 0 0 0 13 0 0 0 0 0 0 0 0 2 2 0 0 42 42 21 26 0 0 8 34 0 0 44 0 0 0 11 37 15 17 40 47 26 0 0 26 32 0 0 32 0 9 38 0 0 0 0 0 0 0 0 0 11 7 40 37 0 0 0 0 15 22 0 7 0 0 0 16 0 0 8 15 0 1 5 0 10 0 9 14 0 3 8 8 0 0 23 8 13 0 0 19 0 0 20 0 0 0 23 27 0 18 0 0 17 4 0 0 0 0 36 16 0 0 10 0 0 0 0 25 0 3 6 0 0 12 18 0 6 21 0 0 0 2 9 0 4 0 0 0 0 0 0 0 0 0 -2147483648 
-2147483648 0 0 4 0 0 22 0 0 0 0 14 0 19 0 0 0 0 21 0 7 14 0 2 10 0 0 0 0 45 33 0 0 0 0 0 14 0 30 1 0 6 0 0 31 4 4 23 0 0 70 81 0 0 2 0 0 48 16 0 23 25 0 0 45 46 48 49 26 0 0 255 255 227 30 0 0 0 0 0 0 0 0 0 0 26 6 11 1 0 0 0 0 0 0 0 0 28 16 0 0 0 0 0 0 0 0 0 0 0 0 0 0 0 8 0 0 0 0 0 0 30 20 39 10 0 0 9 16 0 0 44 6 0 0 0 44 39 0 20 31 3 0 0 33 10 0 13 30 0 48 49 0 0 0 0 0 0 0 1 1 24 1 37 38 0 0 0 0 16 2 0 30 0 0 7 15 0 0 0 16 0 0 6 0 0 0 0 19 8 0 1 19 0 0 29 0 1 1 0 28 0 0 13 0 5 0 18 36 0 2 11 0 9 7 0 6 0 0 41 0 0 2 1 0 4 0 0 22 0 0 19 0 0 24 5 0 8 20 8 0 0 2 0 0 0 0 0 0 0 0 0 14 0 0 -2147483648 
-2147483648 0 0 10 0 0 16 0 0 15 4 18 0 0 2 8 0 0 17 0 22 4 0 0 19 6 0 0 0 0 22 0 0 0 0 0 11 0 16 7 1 12 0 0 22 0 13 23 0 0 54 72 21 0 3 0 0 33 37 0 16 24 7 2 38 66 38 28 9 0 0 255 255 165 0 0 0 0 0 0 24 13 15 0 0 13 17 18 0 0 0 15 0 0 2 0 0 19 4 0 2 0 1 0 0 0 0 0 0 0 0 0 0 0 4 0 0 0 0 0 3 0 13 46 0 0 0 7 8 0 0 34 28 0 0 0 36 36 0 4 11 0 0 0 37 7 0 26 15 0 53 50 0 0 0 0 0 0 0 5 10 20 0 36 29 0 0 20 0 7 0 0 39 0 0 14 14 2 0 9 2 0 0 21 0 0 3 3 15 9 0 0 21 0 0 13 1 5 0 0 24 0 0 0 0 18 0 15 33 0 0 10 0 13 0 0 4 0 8 10 7 0 4 0 0 8 0 6 11 0 0 21 0 0 21 0 0 2 0 35 5 0 0 0 0 0 0 0 0 0 0 0 43 0 0 -2147483648 
-2147483648 0 0 3 0 0 0 0 0 12 4 13 0 0 13 7 0 13 0 11 24 0 1 0 0 11 0 0 0 0 0 0 0 0 0 0 0 3 0 8 15 15 0 0 13 0 25 32 0 2 39 48 17 0 5 0 0 18 35 2 18 13 30 11 12 64 15 7 0 0 0 255 255 79 3 0 0 0 0 17 26 17 27 22 0 2 25 10 0 7 6 5 0 0 21 0 0 7 0 0 8 6 0 0 0 0 0 0 0 0 0 0 2 0 0 0 0 0 0 0 1 0 33 27 6 0 0 20 1 0 0 24 41 0 0 0 16 0 2 0 0 6 0 0 26 5 0 33 11 0 21 30 30 0 0 0 0 0 5 9 12 8 14 35 6 0 0 24 0 7 3 0 23 1 0 16 26 0 0 25 0 0 4 37 0 0 9 0 11 2 0 0 19 0 0 6 0 20 0 0 19 5 0 0 0 21 0 12 19 0 0 11 0 13 0 3 0 0 3 0 33 0 0 0 0 5 4 29 0 0 0 6 0 0 3 0 18 1 0 44 3 0 0 0 0 0 0 0 0 0 0 0 54 0 0 -2147483648 
-2147483648 0 0 0 0 0 0 0 15 1 0 6 0 0 12 0 0 25 0 11 13 0 10 20 0 0 8 4 0 0 0 0 10 0 0 0 0 13 0 13 23 18 0 0 0 0 20 12 0 28 34 28 11 11 0 0 13 5 18 0 19 23 44 16 2 31 0 12 12 0 11 255 255 41 27 0 0 0 0 23 30 14 28 33 0 4 27 2 0 15 8 0 0 0 13 0 0 0 0 0 16 11 0 0 0 0 0 0 0 0 0 0 5 0 0 0 0 0 0 0 0 0 44 2 5 0 0 28 0 0 0 0 47 0 0 0 5 0 12 0 0 32 5 0 4 0 0 35 16 5 0 7 56 0 0 0 0 10 13 32 4 0 37 35 0 0 0 5 6 8 0 0 13 3 0 10 26 0 0 24 0 0 9 25 0 4 6 0 5 0 11 8 5 0 0 11 0 21 0 0 16 9 8 0 0 26 0 8 9 0 0 20 0 3 3 8 0 0 0 0 36 0 0 0 20 0 0 23 0 0 2 0 6 0 0 0 17 18 0 23 0 0 0 0 0 0 0 0 0 16 0 0 44 7 0 -2147483648 
-2147483648 0 0 5 0 5 0 0 19 11 0 0 11 0 0 0 0 16 0 0 0 0 3 34 0 0 23 24 0 0 0 0 0 0 0 0 6 12 9 23 8 16 0 0 0 0 8 0 0 40 33 20 8 25 0 0 35 0 3 0 6 31 48 4 4 7 6 47 0 0 69 255 255 28 41 25 0 0 0 15 40 18 26 40 0 4 24 7 9 4 5 12 0 0 0 0 0 1 0 0 16 9 0 0 0 0 0 0 0 0 0 0 0 0 0 0 0 0 0 0 0 14 56 0 0 4 0 22 2 0 0 0 33 0 0 0 6 1 18 0 0 35 0 0 0 0 0 30 31 1 7 3 39 12 0 0 7 20 27 47 0 9 43 29 0 0 0 0 13 0 0 0 4 3 0 6 9 0 13 14 0 3 16 0 0 14 10 0 0 0 36 8 0 0 0 13 0 14 7 0 23 0 9 0 0 24 0 3 5 0 1 28 0 0 9 5 0 0 0 0 20 0 0 29 32 0 0 9 0 0 6 0 3 0 8 0 3 34 0 0 0 0 0 0 0 0 4 6 0 18 0 0 34 0 0 -2147483648 
-2147483648 0 0 13 0 0 0 0 8 10 0 0 15 8 0 0 0 12 0 0 1 0 0 39 0 0 24 27 0 0 0 0 0 39 15 0 5 10 23 26 0 0 0 0 7 12 0 0 0 14 40 17 0 48 6 0 32 0 0 27 0 5 67 0 0 10 36 60 0 0 142 255 223 3 44 54 0 0 0 7 31 24 37 44 5 0 14 16 23 10 1 16 2 0 0 0 0 5 0 0 0 10 1 0 0 0 0 0 0 0 0 0 0 0 0 0 0 0 0 0 0 32 69 0 0 14 0 18 0 0 1 0 0 0 0 0 11 0 9 0 11 24 0 0 0 0 0 41 48 0 27 6 0 30 8 0 16 36 42 31 0 29 40 6 0 0 2 0 6 0 5 14 0 4 0 2 11 0 24 5 0 19 8 0 0 8 16 0 2 0 35 1 0 12 0 10 0 2 2 8 21 0 7 0 0 23 0 0 9 0 3 20 0 0 9 3 0 0 1 0 2 0 0 33 24 0 0 5 0 0 15 0 0 0 15 4 0 0 0 0 0 0 0 0 0 0 7 2 0 22 0 0 28 0 4 -2147483648 
-2147483648 0 0 4 4 0 0 0 0 0 0 16 12 0 0 5 0 17 0 0 7 2 0 31 15 0 3 46 0 0 0 0 0 50 47 0 0 12 22 27 0 0 0 0 11 26 0 0 4 8 37 6 3 52 9 0 11 14 2 45 0 0 71 0 0 14 53 51 0 0 185 255 175 0 32 50 0 0 10 17 5 19 52 41 5 0 4 19 37 24 0 12 8 0 0 0 2 0 0 0 0 11 0 0 0 0 0 1 0 0 0 0 0 0 0 0 0 0 0 0 0 28 50 0 0 3 5 23 0 0 16 7 0 0 0 0 9 0 0 0 38 10 0 0 0 0 0 63 34 0 45 11 0 34 20 9 8 40 61 7 0 41 31 0 0 0 8 12 0 0 0 24 0 4 0 0 18 2 4 0 0 27 0 8 0 0 10 0 13 0 30 0 0 18 0 15 26 0 0 2 2 3 14 0 0 27 0 0 15 0 0 4 2 1 6 0 0 0 21 0 0 0 0 19 12 0 15 2 0 10 14 0 8 0 7 0 0 0 0 0 0 0 0 0 0 0 12 0 0 16 0 5 6 6 27 -2147483648 
-2147483648 0 1 0 6 0 0 2 0 0 4 19 8 0 0 10 0 14 17 0 3 17 0 2 6 0 0 51 0 0 0 0 0 32 87 0 0 13 22 36 18 0 0 0 0 33 0 0 11 19 20 5 15 48 3 0 7 25 12 34 2 0 48 0 0 33 40 40 0 0 215 255 124 0 23 12 0 0 27 39 0 7 47 23 12 6 4 16 42 34 0 8 11 13 0 0 0 0 5 0 0 4 0 0 0 0 0 4 0 0 0 0 0 0 0 0 0 0 0 0 0 0 17 0 0 4 0 17 0 0 35 22 0 0 0 0 13 0 0 0 29 0 0 0 0 0 0 50 7 0 61 24 0 11 33 46 0 40 76 0 5 44 9 0 0 0 1 15 0 0 0 20 14 9 4 0 9 13 0 0 0 25 3 0 0 0 10 3 6 5 22 0 0 9 0 31 36 0 0 0 0 12 20 0 0 24 3 1 7 0 0 0 10 3 0 0 3 0 18 0 0 3 0 0 4 10 20 6 0 11 16 0 20 0 0 0 0 0 0 0 0 4 0 24 15 0 6 0 8 9 0 21 0 16 24 -2147483648 
-2147483648 0 1 0 0 0 0 0 0 0 8 4 0 1 11 0 0 10 21 0 0 17 2 0 0 16 0 31 0 0 0 0 0 13 66 5 0 11 17 34 23 0 0 0 0 17 0 0 18 15 8 15 27 50 0 0 17 34 0 12 35 0 25 0 0 55 21 16 0 0 237 255 82 0 15 0 0 0 38 44 5 0 23 11 28 15 3 15 35 41 11 9 11 17 0 0 0 0 7 3 0 0 0 0 0 0 4 0 0 0 0 0 0 0 0 0 1 0 0 0 0 0 0 0 4 16 0 0 0 0 38 12 0 0 0 0 15 0 0 19 0 0 0 12 0 0 0 23 5 0 78 27 0 0 47 58 0 47 69 0 25 36 0 0 0 18 0 10 0 0 0 2 18 19 0 0 10 0 0 16 0 20 5 0 0 0 12 24 0 4 8 0 8 0 0 32 24 0 0 0 0 2 15 2 0 16 7 0 0 2 0 0 0 15 0 0 13 0 0 0 13 0 0 0 0 29 12 11 0 0 28 0 19 0 0 0 0 0 4 5 0 0 0 27 3 0 0 0 17 8 0 27 0 0 8 -2147483648 
-2147483648 0 0 0 0 0 0 0 4 0 0 0 6 15 7 0 0 11 15 0 5 1 0 0 0 10 0 28 0 0 0 0 0 10 16 2 0 13 10 9 13 0 0 0 0 0 22 0 14 38 0 7 42 44 0 0 18 42 0 0 58 1 12 8 20 41 25 0 0 0 231 255 59 0 3 0 0 0 38 36 26 18 7 12 43 17 0 17 27 36 31 20 3 9 3 0 0 0 4 5 3 0 0 0 0 0 0 0 0 0 0 0 0 0 0 0 0 0 0 0 0 0 0 0 9 7 0 0 0 4 20 0 0 0 0 0 7 6 0 13 0 0 0 17 0 8 0 20 3 0 65 15 0 0 50 47 0 47 49 11 33 6 0 0 0 14 0 8 9 0 0 0 22 10 0 10 19 0 5 13 0 22 0 0 1 11 3 26 0 0 13 5 9 0 14 25 0 0 0 6 11 0 0 8 0 0 15 0 0 13 0 0 0 34 12 4 1 0 0 0 12 0 0 0 0 15 13 7 0 0 22 4 0 0 0 0 0 0 0 0 10 0 0 9 0 11 0 0 29 0 0 26 0 0 7 -2147483648 
-2147483648 0 0 0 6 0 0 0 19 0 0 0 29 8 0 10 0 5 16 0 6 2 0 0 0 0 21 36 0 0 0 0 0 18 3 0 20 22 8 0 0 0 0 12 0 0 27 0 9 56 0 0 33 43 3 0 4 33 0 0 68 0 10 29 42 18 25 0 0 20 234 255 39 0 0 0 0 0 16 31 40 49 18 19 54 8 0 13 25 35 43 28 0 2 17 0 0 0 0 0 18 7 0 5 0 0 0 1 0 0 0 0 0 0 0 0 0 0 0 0 0 0 0 0 0 0 0 0 0 0 0 0 0 0 0 0 16 30 0 0 0 0 0 9 10 9 0 16 0 25 15 0 26 0 26 40 21 43 44 17 28 0 0 15 0 0 0 8 13 0 0 6 29 0 0 16 8 0 9 0 3 25 0 0 0 22 0 9 0 0 17 11 12 0 6 22 0 9 0 6 16 0 0 17 2 0 28 0 0 23 0 0 0 36 15 0 0 0 0 0 0 0 1 1 0 0 1 12 0 0 11 23 0 0 0 0 0 0 0 0 12 0 0 0 0 43 0 0 27 0 10 6 42 0 0 -2147483648 
-2147483648 0 0 5 2 0 0 0 14 0 0 0 10 6 0 17 0 0 14 0 6 12 0 0 0 0 21 34 0 0 0 0 0 15 24 0 33 29 0 0 0 0 0 27 0 0 21 0 3 35 21 0 0 49 45 0 0 27 0 0 67 0 10 39 41 21 14 0 0 32 255 226 9 0 0 0 0 0 1 32 40 54 32 39 61 14 0 9 21 34 51 26 0 5 27 7 0 0 0 0 25 19 5 7 0 0 0 10 0 0 0 0 0 0 0 0 0 0 0 0 0 0 0 0 0 0 0 0 8 0 0 10 0 0 0 0 24 18 0 0 0 0 0 4 24 8 21 0 0 45 0 0 51 10 5 45 35 45 43 15 23 0 0 15 0 0 0 2 0 3 0 14 23 0 0 17 0 0 9 0 11 16 0 0 0 12 0 0 5 1 0 0 33 0 0 23 0 23 0 2 1 0 8 30 0 0 30 0 7 17 0 4 0 15 6 8 0 0 0 0 22 0 0 7 6 0 0 22 3 0 21 0 0 0 0 0 0 0 0 0 0 6 0 0 0 46 0 0 23 0 12 7 69 0 0 -2147483648 
-2147483648 0 0 1 0 0 0 0 20 0 1 0 0 9 0 17 0 0 8 0 12 15 0 0 0 7 14 20 0 0 0 0 0 3 25 17 42 16 0 0 0 0 0 19 0 0 39 10 0 14 50 13 0 44 56 0 0 32 0 0 67 13 4 26 21 36 25 18 0 46 255 160 0 0 0 0 0 0 5 27 36 43 26 59 61 44 7 5 16 22 52 25 2 21 29 28 10 0 0 0 20 20 0 14 4 0 0 0 0 0 0 0 0 0 0 0 0 0 0 0 0 0 0 0 0 0 0 12 0 0 1 13 0 0 0 0 9 0 0 3 0 0 0 0 20 8 31 0 0 56 0 0 39 13 16 60 42 35 30 16 13 0 0 2 0 1 4 0 0 13 0 15 24 0 0 16 10 0 0 7 24 0 0 12 0 0 0 7 15 11 0 0 38 0 0 24 0 26 3 3 0 0 14 23 0 0 13 0 13 19 0 10 0 0 0 38 0 0 8 0 36 0 0 11 2 6 0 10 9 0 28 0 0 0 6 0 0 3 5 0 0 18 0 0 3 18 7 2 27 0 12 26 9 0 4 -2147483648 
-2147483648 6 0 0 0 0 0 0 21 0 2 0 0 0 0 15 0 0 0 0 15 14 0 0 0 0 27 10 0 0 0 0 0 6 7 34 29 0 0 0 0 5 3 8 0 0 53 11 8 0 39 8 0 43 20 0 11 29 0 0 70 15 0 8 17 43 42 45 0 66 255 95 0 0 0 0 0 0 21 13 33 42 13 65 50 61 36 0 13 22 40 23 15 39 34 34 9 0 4 0 5 8 0 18 12 10 0 0 0 0 0 0 10 0 0 0 0 0 0 0 0 10 0 0 0 0 0 9 0 0 19 1 0 0 0 2 0 0 0 0 6 0 0 0 0 2 41 0 0 40 0 0 11 0 38 78 51 17 14 17 0 0 0 2 0 0 12 0 0 25 0 8 29 0 0 12 18 0 0 17 27 0 0 8 0 3 0 4 19 10 7 0 19 0 0 18 0 7 6 18 3 0 0 7 0 10 0 0 10 27 0 0 0 0 0 57 0 0 37 0 15 0 0 11 0 19 0 0 18 24 0 0 0 0 10 0 0 0 8 0 0 21 5 0 0 0 20 13 18 0 7 22 0 8 33 -2147483648 
-2147483648 7 0 0 0 0 0 2 5 0 0 0 5 0 4 7 0 3 0 3 11 8 0 0 0 0 26 25 0 0 0 0 0 22 10 21 13 0 0 0 0 0 4 0 0 7 38 16 46 0 0 2 2 48 0 0 34 20 0 13 58 22 0 0 35 46 33 50 0 89 226 42 0 0 0 0 0 0 36 7 30 36 6 53 42 65 55 7 6 29 20 24 37 44 38 23 10 6 14 2 0 0 12 6 14 16 0 0 0 0 0 0 16 0 0 0 0 0 0 0 0 0 0 0 0 0 0 0 0 0 25 0 0 0 0 14 0 0 0 5 22 0 1 0 0 6 36 7 0 5 0 0 0 0 53 74 48 20 0 4 0 0 25 8 0 0 23 0 1 23 0 1 22 0 0 15 1 0 0 13 29 5 0 0 0 16 9 0 8 6 17 0 12 0 0 15 0 0 15 32 0 0 0 1 0 10 0 0 10 1 1 0 0 0 2 50 0 0 22 0 0 0 7 0 0 15 10 0 27 41 0 0 0 0 0 0 0 0 14 0 0 20 21 0 0 0 10 11 10 0 0 12 0 15 16 -2147483648 
-2147483648 0 1 0 0 0 4 8 0 0 0 0 0 13 12 0 0 0 3 6 0 0 0 0 0 2 3 49 0 0 0 0 0 24 16 7 10 0 0 11 0 0 5 0 2 9 11 18 55 0 0 4 9 39 0 0 40 15 22 28 29 35 0 0 27 51 26 33 0 127 196 3 3 5 0 0 0 0 21 8 30 22 0 38 40 68 60 17 13 32 5 20 53 42 36 30 11 13 22 21 0 0 21 0 2 17 0 0 0 0 0 0 17 0 0 6 0 0 0 0 0 0 0 0 0 0 0 0 0 0 31 0 0 0 0 11 0 0 0 17 24 0 9 0 0 0 16 3 0 5 7 0 0 6 55 60 26 26 0 0 0 0 32 0 0 0 28 0 7 22 0 3 21 0 18 7 0 0 0 9 39 3 0 0 0 11 9 0 5 7 11 0 21 0 0 11 2 0 15 28 0 0 13 9 0 0 0 0 5 0 12 0 5 0 0 31 0 0 0 0 0 10 12 0 0 15 14 0 33 24 0 0 0 2 0 0 0 14 21 0 0 18 15 0 0 0 2 12 9 0 7 0 2 2 0 -2147483648 
-2147483648 0 0 2 0 0 9 11 5 0 0 0 0 18 8 0 0 0 19 11 0 0 2 0 1 0 0 62 0 0 0 0 0 18 19 12 0 0 0 22 0 0 20 0 0 22 0 14 46 8 8 0 0 20 2 0 47 0 52 41 0 33 0 0 16 48 29 9 0 155 185 0 0 10 0 0 0 0 0 3 23 14 0 40 34 51 73 24 20 45 15 8 57 34 31 44 11 18 19 33 12 13 26 0 0 15 6 0 0 1 0 0 25 0 0 7 0 0 0 0 0 0 0 0 0 0 0 0 0 0 29 0 0 0 0 5 0 0 0 10 12 0 11 0 0 0 0 0 0 17 0 0 0 30 51 46 2 15 0 0 0 0 15 0 1 0 14 8 22 19 0 8 16 0 25 0 0 8 0 20 31 0 8 0 0 1 10 0 4 20 0 8 26 0 0 0 14 0 0 17 0 12 27 15 0 0 0 0 0 9 11 0 3 2 0 16 1 0 15 2 0 27 0 0 0 9 6 0 50 0 0 0 0 0 3 0 0 12 18 0 0 28 0 0 0 0 0 14 13 0 0 0 3 0 0 -2147483648 
-2147483648 0 0 7 0 1 7 12 10 0 0 0 0 8 13 0 0 0 20 19 0 0 0 20 10 0 3 61 0 0 0 0 0 19 34 7 0 0 0 29 5 0 23 0 0 25 0 9 29 26 5 0 0 2 4 26 45 0 62 43 0 35 0 0 30 48 23 0 21 147 156 18 0 3 0 0 16 0 0 0 13 0 0 54 20 16 86 34 15 64 34 23 51 16 24 48 27 17 23 36 19 20 19 0 0 10 5 0 0 11 0 0 23 2 0 0 0 0 0 0 0 0 0 0 0 0 0 0 0 15 20 0 0 0 0 6 0 0 0 0 7 0 5 15 0 0 0 0 22 0 0 0 0 45 50 31 0 0 0 0 0 0 0 0 4 6 0 17 26 1 0 1 0 10 13 0 0 8 0 11 33 0 22 0 0 1 12 0 0 24 0 18 19 0 8 0 29 0 0 7 0 21 29 9 0 0 0 6 0 6 12 0 0 0 7 4 0 0 17 0 0 20 0 0 0 0 5 0 55 0 0 0 0 11 4 0 0 0 0 0 0 32 12 0 0 19 0 5 17 0 0 0 0 0 0 -2147483648 
-2147483648 31 0 5 0 0 5 12 0 0 19 0 0 10 16 0 0 3 17 14 0 0 0 28 13 0 16 39 0 0 0 0 0 3 55 0 0 5 0 12 28 0 0 15 0 0 23 0 3 32 0 17 4 0 8 42 36 0 45 45 28 36 0 0 32 61 18 0 48 144 107 32 0 0 0 0 14 11 7 6 0 0 0 42 13 0 62 38 26 63 43 50 48 16 20 48 34 12 45 36 21 14 10 0 0 4 1 0 0 20 0 0 20 0 0 10 0 0 0 0 0 0 3 0 0 0 0 0 0 15 6 0 0 0 0 0 0 0 0 0 1 0 0 20 20 0 0 0 15 0 0 0 0 41 43 25 0 0 0 0 0 4 0 4 0 0 0 20 19 0 0 0 0 15 7 7 0 0 0 0 45 0 2 1 0 11 5 0 0 20 0 8 15 0 0 1 27 0 1 2 0 18 8 10 4 0 0 9 0 0 28 0 0 0 11 1 0 21 1 0 0 0 0 0 0 0 17 2 13 0 0 0 0 18 22 0 0 0 0 0 0 7 38 0 0 43 0 10 0 0 31 0 0 0 0 -2147483648 
-2147483648 39 0 1 2 0 0 5 0 0 21 0 0 18 4 0 0 5 13 0 0 0 0 25 1 0 23 13 0 0 0 1 3 0 61 0 0 10 0 0 27 0 0 41 0 0 49 0 0 39 0 32 9 0 9 47 34 0 20 52 39 28 0 0 27 61 19 0 53 160 79 13 7 0 0 0 0 37 25 21 0 5 2 6 25 0 20 32 37 50 48 59 52 40 29 39 22 27 51 32 28 8 22 0 5 11 10 0 0 9 0 0 16 0 0 23 0 0 0 0 0 0 0 0 0 0 0 0 0 1 0 0 0 0 0 0 0 3 0 0 0 0 0 19 28 0 0 0 0 0 0 0 0 30 23 2 0 0 0 0 0 13 0 5 0 0 0 14 20 0 12 0 0 21 0 13 2 0 0 0 34 0 0 14 0 10 0 0 0 17 0 0 24 0 0 17 6 0 9 10 0 2 0 22 14 0 0 17 0 0 27 0 0 0 6 16 0 27 0 0 2 0 16 0 0 10 19 22 0 0 0 0 7 10 30 0 0 11 0 3 0 0 31 0 0 40 0 24 0 1 46 0 0 0 0 -2147483648 
-2147483648 15 5 0 2 8 0 0 5 0 5 0 0 18 1 5 0 0 15 0 0 0 0 31 4 0 14 0 0 0 0 0 1 0 23 0 0 0 0 0 12 3 0 23 0 0 39 0 1 39 0 34 16 0 15 50 25 0 7 43 12 38 13 0 25 62 24 0 59 163 76 0 15 0 0 0 0 42 28 20 0 20 0 0 22 0 7 18 31 42 47 62 52 60 39 23 26 45 41 30 29 13 35 0 5 25 18 3 0 0 2 0 0 0 6 20 1 10 0 0 0 0 0 0 4 0 0 0 0 0 0 0 0 0 0 0 0 7 3 6 0 0 0 5 21 0 0 0 0 0 0 0 9 19 0 0 0 0 0 0 0 9 0 0 0 3 0 1 23 0 5 0 0 19 0 9 12 4 0 0 19 0 15 0 0 5 0 0 9 5 0 0 21 0 0 12 0 0 0 23 0 0 4 33 14 0 0 21 0 0 8 0 0 0 0 26 0 12 0 0 14 0 11 0 0 10 4 38 0 0 0 0 24 1 5 0 0 17 0 0 21 0 0 0 0 17 0 9 0 4 40 0 0 1 8 -2147483648 
-2147483648 0 10 0 7 12 0 0 0 0 0 0 0 13 11 0 0 0 19 0 0 0 0 23 32 0 4 0 0 0 0 0 12 0 0 3 3 0 0 0 0 19 0 0 12 8 10 0 20 26 0 37 20 0 17 55 10 0 3 35 0 43 49 0 18 70 39 0 72 139 69 0 10 0 0 0 0 24 23 1 4 22 0 0 0 0 22 9 13 18 41 63 49 55 37 35 41 55 44 25 29 17 27 11 8 22 30 8 0 0 0 0 0 0 18 17 0 6 0 0 3 0 0 9 10 0 0 0 0 0 0 0 0 0 0 0 2 5 0 9 0 0 0 0 5 0 0 0 5 0 0 3 10 0 0 0 0 0 0 0 0 0 0 0 0 7 2 0 11 0 0 13 6 5 0 0 12 13 0 0 9 0 17 0 0 9 11 12 1 0 0 18 0 0 4 2 2 0 0 25 10 0 0 40 11 0 1 5 0 0 0 0 1 0 0 21 21 0 0 0 6 9 0 0 0 0 10 19 0 0 0 0 42 0 0 0 0 20 0 0 22 0 0 0 0 0 11 1 0 8 29 0 0 0 22 -2147483648 
-2147483648 0 0 9 14 0 0 0 0 7 2 0 0 6 14 0 0 0 14 0 0 8 0 0 41 8 0 0 0 0 0 0 33 0 0 5 0 9 9 0 0 15 0 0 13 13 0 0 30 22 0 40 22 0 11 51 1 0 1 30 12 29 43 0 16 57 52 35 96 102 35 6 9 0 0 0 0 0 23 0 0 15 13 0 0 18 35 7 0 0 37 55 45 27 40 70 49 63 56 18 28 22 17 33 7 15 45 14 0 5 4 0 0 0 14 4 0 0 3 0 0 0 0 30 0 0 0 8 0 0 0 0 0 0 0 0 0 9 0 15 0 0 0 0 0 0 0 4 8 0 11 11 0 0 0 0 0 0 0 0 8 0 0 8 4 0 14 8 0 0 0 26 9 1 0 0 8 0 18 11 0 0 0 0 0 9 19 14 0 0 4 24 0 0 19 0 0 0 0 25 12 0 0 22 4 0 0 0 7 7 0 0 7 3 0 16 24 0 13 0 0 8 0 0 0 0 28 0 0 0 0 0 40 0 0 0 0 15 0 0 14 10 0 0 3 0 6 25 0 0 14 7 0 0 31 -2147483648 
-2147483648 0 0 15 11 0 0 0 0 11 0 0 4 1 12 0 0 0 0 12 0 18 0 0 26 21 0 0 0 0 0 0 26 0 0 7 0 4 1 0 0 9 0 0 13 0 6 9 8 18 8 31 13 0 27 35 0 3 0 8 28 12 32 26 22 43 40 57 122 75 1 19 12 0 0 1 0 0 19 0 0 7 18 0 0 35 24 4 0 0 28 36 36 3 52 85 51 65 75 23 15 34 20 41 18 20 43 15 1 7 5 0 0 6 0 0 0 0 0 15 0 0 3 30 0 0 11 13 0 0 0 0 0 0 2 0 0 13 3 14 0 1 0 0 0 0 0 0 5 0 0 0 0 0 0 0 16 0 0 8 2 0 0 23 0 0 16 12 0 0 0 22 15 2 0 0 15 0 25 27 0 0 0 2 7 2 16 0 1 0 5 24 0 0 4 0 5 0 0 22 0 6 0 0 0 9 2 0 11 6 0 0 0 9 0 0 11 0 17 0 0 0 9 2 0 2 21 0 0 0 2 0 9 0 0 0 10 2 0 1 13 0 0 12 0 0 14 23 0 0 0 38 0 0 46 -2147483648 
-2147483648 0 4 3 0 0 0 0 16 3 0 0 0 5 6 0 0 0 0 30 13 10 0 0 4 27 0 0 0 0 9 0 0 8 0 0 8 0 2 0 0 8 0 0 7 0 3 34 0 1 34 11 4 0 40 32 0 31 0 0 14 0 50 38 33 39 27 69 121 64 0 28 0 0 0 0 7 8 13 0 0 17 0 0 0 35 15 1 7 7 15 22 15 0 62 83 41 65 95 41 3 35 31 36 38 29 28 20 12 8 1 0 0 10 0 0 0 0 0 13 0 0 5 20 0 0 24 0 0 0 9 0 0 11 7 0 0 8 12 7 0 23 0 0 0 0 0 0 1 0 0 0 0 0 0 0 15 0 0 20 0 0 0 13 0 0 5 9 0 0 0 17 20 0 0 0 18 0 8 20 0 0 0 22 2 0 12 0 7 0 1 16 0 4 0 0 19 0 0 4 0 10 0 7 0 0 35 0 0 8 0 0 0 17 6 0 4 14 0 0 0 1 0 5 0 14 0 0 0 0 11 0 0 0 6 0 10 4 0 29 6 0 65 2 0 0 0 5 11 0 12 45 0 11 11 -2147483648 
-2147483648 0 9 2 0 7 0 0 26 0 0 4 0 7 0 0 16 3 0 18 13 7 0 0 0 23 0 0 0 0 16 22 0 3 1 0 20 0 0 0 0 6 0 13 0 0 0 15 3 0 40 4 1 0 23 35 7 25 0 8 0 0 57 35 34 28 45 85 105 56 0 32 0 0 0 0 32 13 1 0 6 28 0 0 1 20 30 8 1 14 11 19 0 0 64 68 30 65 100 50 6 29 33 40 41 38 23 25 20 10 8 9 5 9 0 6 0 0 0 0 0 0 1 8 0 0 9 0 0 0 10 0 0 25 2 0 0 9 22 0 0 18 0 0 0 0 0 0 0 0 0 0 0 0 0 0 0 0 0 26 2 0 8 0 3 0 0 4 23 7 0 9 18 0 0 0 0 0 3 1 13 0 0 17 0 0 9 0 1 22 0 4 0 0 3 0 17 0 0 0 0 4 0 19 0 0 35 11 0 5 0 0 0 19 0 0 5 0 0 0 9 9 0 3 0 10 0 0 0 0 0 11 0 0 22 0 7 5 0 45 0 0 103 0 0 10 0 10 18 0 44 20 5 12 0 -2147483648 
-2147483648 0 0 20 0 0 0 0 26 0 0 5 0 0 4 0 5 2 0 3 5 5 3 0 0 5 0 0 0 0 12 18 0 0 8 0 0 0 0 0 0 0 0 14 0 17 1 0 20 0 29 7 0 2 18 16 19 24 0 38 2 0 49 39 18 25 69 90 91 37 0 26 0 0 0 0 33 18 0 1 19 22 7 0 0 6 55 22 0 16 7 12 0 0 55 43 23 62 89 43 17 30 23 56 39 42 37 22 30 19 8 8 16 14 0 19 0 1 5 0 0 0 1 3 0 1 0 0 0 0 0 0 3 25 0 0 0 12 23 0 0 3 0 0 0 0 0 0 0 0 0 0 0 0 0 7 0 16 0 9 11 0 16 0 0 14 0 0 37 5 0 9 14 0 0 3 0 0 8 0 9 0 6 0 0 3 9 5 0 11 0 5 0 0 15 0 3 8 19 0 0 5 0 6 1 0 11 20 0 3 0 0 8 5 0 2 0 0 0 0 18 1 0 2 23 6 0 0 0 0 0 0 0 0 5 0 10 0 0 28 0 0 62 0 0 3 6 20 14 12 35 4 6 8 0 -2147483648 
-2147483648 4 0 29 0 0 0 2 12 0 0 0 3 0 4 0 0 6 0 0 10 13 0 0 13 0 0 0 0 0 24 0 0 0 16 0 0 0 0 0 0 0 11 7 0 15 6 0 20 23 5 0 0 16 24 0 12 30 0 48 11 0 41 38 4 42 81 83 83 17 0 20 0 0 0 0 16 4 0 18 25 10 28 0 0 4 60 35 0 11 0 11 0 0 50 20 15 58 67 41 24 25 25 59 59 45 40 24 40 37 0 6 30 21 0 11 2 14 11 0 3 0 0 0 0 0 0 0 0 0 0 0 2 18 0 2 1 8 13 0 0 0 0 0 0 0 0 0 0 0 0 0 0 19 15 18 1 14 0 0 10 0 17 2 0 31 0 0 33 0 0 9 9 0 0 10 0 0 8 11 0 2 26 0 0 6 16 27 0 0 8 3 0 0 4 0 0 12 27 0 0 20 0 0 11 10 0 12 4 0 0 0 17 0 0 13 0 0 0 10 26 0 0 13 40 0 0 0 0 0 0 0 0 3 0 0 1 0 0 5 16 17 8 0 29 0 13 42 19 2 3 0 15 8 0 -2147483648 
-2147483648 12 0 12 0 2 14 0 2 0 0 1 6 0 0 0 0 16 0 0 20 29 0 0 25 0 0 0 0 2 35 0 0 0 17 1 9 0 0 9 0 3 16 4 0 0 26 0 22 48 0 4 14 32 10 0 9 35 7 30 20 10 36 21 13 58 90 89 68 12 0 24 0 0 0 0 0 0 6 36 18 0 38 0 0 8 32 50 0 2 0 20 0 0 49 3 6 46 46 47 34 13 29 49 79 53 31 38 42 48 7 9 36 30 0 2 10 12 15 0 4 13 8 0 0 0 0 0 0 0 0 0 0 3 5 0 0 0 0 0 0 0 0 0 0 0 0 0 0 3 12 0 0 8 23 19 13 0 0 0 9 0 1 14 0 22 0 0 28 0 0 16 0 0 13 13 0 0 10 0 1 0 27 0 2 6 26 48 0 0 6 0 0 0 0 0 1 24 17 0 0 16 0 0 10 19 0 1 10 0 0 0 18 0 0 21 0 0 0 2 34 0 0 12 49 0 0 0 0 0 0 0 0 0 0 0 0 0 1 0 54 10 0 18 43 0 0 58 11 0 3 0 30 0 0 -2147483648 
-2147483648 16 4 0 0 6 19 0 2 0 0 4 5 0 0 0 0 10 0 0 19 30 0 0 12 0 0 0 0 10 23 11 0 0 11 0 12 0 0 6 0 26 0 10 0 0 46 0 39 41 0 23 11 36 0 0 18 32 8 11 22 8 34 6 30 66 101 106 47 17 0 16 0 0 27 0 0 7 0 42 9 0 30 0 16 15 12 48 0 0 0 17 0 0 36 1 1 21 30 50 40 11 28 42 69 57 39 44 34 53 29 20 34 39 24 1 0 3 23 12 1 19 24 0 0 6 0 0 0 0 0 0 0 0 1 0 0 0 0 0 0 0 0 0 0 0 0 0 0 28 18 0 0 0 13 15 26 0 0 6 4 0 0 12 0 17 0 0 25 0 0 39 0 0 29 1 0 8 7 0 10 0 27 0 0 15 22 43 0 0 5 0 0 0 0 0 0 27 7 0 11 0 1 0 9 17 1 1 0 0 0 0 29 0 0 17 0 0 0 0 33 7 0 1 41 0 0 0 0 0 0 0 0 0 0 2 0 32 6 0 92 0 0 25 35 0 0 38 0 0 4 0 31 0 0 -2147483648 
-2147483648 2 3 3 3 0 10 2 0 0 0 0 0 0 0 0 0 0 1 0 6 19 0 16 0 0 0 0 0 5 11 0 0 0 9 0 0 0 22 0 0 33 0 9 0 0 34 0 49 18 0 40 0 26 17 0 38 4 4 24 12 1 27 12 20 74 117 109 45 10 0 0 0 0 28 0 0 12 0 31 12 0 17 1 37 35 12 29 0 1 4 0 0 8 19 4 7 0 15 45 36 17 38 35 43 53 43 44 30 54 48 31 39 53 39 2 2 13 23 18 4 23 21 0 12 0 0 5 0 0 0 0 0 0 0 0 0 0 0 0 0 0 0 0 0 2 5 0 0 15 17 7 0 6 4 7 16 0 0 2 0 0 8 0 0 17 0 4 17 0 0 47 0 0 23 0 0 12 0 0 5 0 22 4 5 23 3 13 0 0 17 10 0 0 4 0 0 14 8 0 13 5 1 0 14 0 6 0 0 18 0 0 27 0 0 5 0 8 0 0 16 21 0 10 4 0 0 0 0 0 0 0 0 0 0 12 8 50 1 0 95 0 0 23 21 25 0 0 5 0 0 0 25 0 0 -2147483648 
-2147483648 0 5 16 7 0 6 0 0 7 0 0 0 2 0 0 10 0 10 0 0 10 17 30 0 0 0 0 0 0 7 0 0 2 7 0 0 0 36 0 0 13 0 10 4 2 17 0 45 0 0 56 0 13 44 0 43 0 0 47 1 1 14 33 6 73 126 90 50 0 1 0 0 2 9 0 18 6 0 29 6 0 14 0 47 62 6 24 17 7 0 0 0 15 7 3 8 0 1 29 40 21 43 31 29 41 32 44 34 46 58 34 47 64 39 20 20 27 26 6 9 32 8 0 10 0 0 5 0 0 0 0 0 0 0 0 0 0 0 0 0 0 0 0 0 12 8 10 0 0 13 0 2 25 12 0 0 2 0 0 0 0 23 0 0 6 0 2 4 0 0 23 0 6 12 0 0 14 0 0 0 0 9 11 20 10 0 0 0 0 17 12 0 1 4 4 0 0 13 6 6 18 0 0 16 0 0 0 0 24 0 2 11 0 8 3 0 3 0 0 10 23 0 23 0 0 0 0 0 0 0 0 0 0 0 26 16 21 17 0 37 0 0 32 5 31 0 0 29 10 0 14 1 0 0 -2147483648 
-2147483648 0 10 27 0 0 17 0 0 8 0 1 0 10 0 0 10 0 12 4 0 19 25 10 0 0 0 0 0 0 6 0 0 15 12 0 0 0 21 9 0 0 0 19 0 11 10 0 33 0 0 68 0 12 39 0 28 0 7 45 2 2 7 48 15 77 110 62 41 0 30 0 0 6 0 0 25 0 0 31 0 0 10 0 54 63 8 37 27 11 0 0 0 8 0 0 4 0 0 13 44 22 36 32 31 24 32 33 28 39 61 40 36 70 52 41 39 32 40 0 11 43 0 6 0 0 12 6 0 0 0 7 0 0 0 0 0 0 0 0 0 9 0 0 0 1 3 19 0 0 14 0 0 17 18 0 0 18 0 0 0 0 20 8 0 4 6 0 0 0 0 2 0 8 9 0 0 22 0 1 0 11 9 10 30 0 0 0 5 1 0 2 0 4 0 16 12 0 9 21 5 9 0 0 2 4 0 0 0 14 4 0 9 0 11 25 0 0 0 0 22 13 7 35 0 0 0 0 0 0 0 0 0 0 7 36 16 0 28 16 0 0 0 36 0 9 8 0 25 10 0 0 0 17 0 -2147483648 
-2147483648 0 6 25 0 0 29 0 0 6 0 0 7 13 0 0 11 0 1 0 0 31 12 0 0 0 0 0 0 0 4 3 0 12 27 0 0 0 0 23 0 0 7 7 0 22 3 0 18 0 25 63 5 15 7 0 12 0 21 42 8 0 22 35 28 98 83 51 29 0 47 0 0 0 0 0 28 0 0 16 0 0 9 0 46 46 21 36 29 17 5 7 0 5 0 0 0 0 0 3 26 25 37 23 36 16 35 25 20 44 49 43 20 69 67 45 70 40 35 0 15 43 0 10 1 0 20 12 0 0 0 0 0 0 0 0 0 0 0 0 0 2 0 0 0 0 0 17 0 0 15 0 0 3 6 0 0 19 8 0 0 0 4 19 0 0 15 0 2 0 1 6 1 2 7 0 0 30 0 0 0 9 5 14 35 0 0 0 7 5 0 5 10 0 0 12 3 0 10 21 3 0 0 8 0 6 4 2 0 0 3 0 13 0 4 29 0 0 4 0 21 14 10 45 0 0 0 0 0 0 0 0 2 0 20 37 8 0 11 34 0 0 0 28 1 0 0 0 6 0 2 0 0 21 9 -2147483648 
-2147483648 0 0 10 0 0 22 0 0 2 0 0 2 10 0 0 6 0 0 0 3 21 0 0 0 0 0 0 0 0 2 14 0 0 27 0 0 0 0 15 0 0 27 0 0 33 0 5 21 0 34 38 12 12 9 12 0 2 15 41 18 0 28 15 39 107 81 56 25 0 35 0 0 0 0 0 27 0 0 0 0 0 10 0 37 43 22 12 30 30 12 20 11 7 0 0 0 0 0 0 2 28 37 13 42 18 20 28 26 55 34 28 18 50 64 51 86 52 31 27 25 33 0 16 5 0 28 6 0 0 0 0 0 0 0 0 0 0 0 0 0 0 0 0 0 0 0 10 8 0 5 0 0 5 0 0 0 1 14 0 18 0 0 27 5 0 18 0 4 0 1 6 4 9 0 0 0 31 0 6 12 0 1 15 29 0 0 0 0 2 0 18 7 0 3 2 0 6 14 7 5 0 9 1 0 0 11 9 0 0 0 0 6 12 0 7 0 0 2 0 14 21 1 27 0 0 0 0 0 0 8 39 3 0 26 17 0 0 0 17 11 0 0 28 0 0 0 0 12 0 0 25 0 0 28 -2147483648 
-2147483648 0 0 0 0 9 7 5 4 0 0 0 0 0 10 0 0 0 0 12 11 8 0 0 0 0 0 0 0 0 4 0 0 0 18 0 0 0 0 7 0 0 24 9 0 28 0 15 32 0 24 7 10 7 45 14 0 9 11 26 40 4 0 21 49 101 90 64 30 2 7 0 0 0 0 0 24 0 0 0 11 5 5 0 31 47 16 0 22 38 27 17 9 22 0 0 4 2 0 0 0 29 19 14 43 25 8 23 37 52 32 15 18 32 48 56 67 65 50 46 42 24 11 23 0 0 24 0 0 0 0 0 0 0 0 0 0 0 0 0 2 0 0 0 0 10 0 0 25 0 3 0 0 3 0 0 1 0 3 0 39 0 0 29 8 0 6 3 11 0 0 3 14 9 0 0 2 10 0 11 37 0 0 8 11 26 0 0 0 8 6 23 0 0 7 5 0 4 13 3 7 0 0 0 5 0 13 0 0 17 0 0 11 6 0 10 0 3 0 0 20 8 0 0 0 0 0 0 0 0 16 52 0 0 28 0 0 0 0 0 20 0 0 21 0 0 1 2 16 0 0 42 0 0 23 -2147483648 
-2147483648 0 0 0 0 5 4 4 15 0 0 13 0 0 21 0 0 0 0 12 6 5 0 0 0 0 0 36 0 0 0 2 0 3 21 0 0 0 1 10 0 0 20 16 0 8 0 33 27 0 3 0 15 9 56 7 0 25 14 0 52 4 0 47 41 93 80 67 47 3 0 0 0 0 6 17 25 0 0 0 7 8 0 0 16 40 16 12 21 32 39 22 0 32 0 0 10 0 0 0 7 38 2 10 38 31 7 17 41 40 34 20 11 22 41 45 41 67 60 52 58 34 35 19 0 1 2 0 0 0 0 0 0 0 10 2 0 0 0 0 0 0 0 0 8 19 0 0 17 0 10 0 3 0 0 3 0 0 0 16 40 0 0 18 7 0 0 20 16 0 0 0 29 0 0 20 2 0 0 2 38 0 0 6 0 17 0 0 7 9 15 19 0 0 0 23 0 0 20 6 14 21 0 0 22 0 7 0 0 28 0 0 25 0 0 14 0 8 0 0 18 0 5 0 0 0 0 0 0 29 7 19 0 0 32 0 0 0 0 7 7 6 0 0 2 0 30 10 0 5 0 17 0 1 0 -2147483648 
-2147483648 0 0 0 0 6 1 0 24 0 0 15 0 0 1 0 0 2 1 7 4 0 0 0 0 0 0 16 0 0 0 36 0 0 20 0 0 1 8 12 0 0 17 4 0 0 9 28 12 4 0 0 20 16 29 11 0 48 0 0 64 0 2 54 25 87 73 68 42 0 1 0 0 0 1 40 28 0 3 0 3 0 0 12 8 29 15 32 22 26 34 30 6 20 0 0 7 0 0 0 10 53 0 1 29 33 3 24 41 32 32 31 9 18 45 28 17 48 56 54 70 55 41 11 0 2 0 0 0 0 0 0 0 0 0 0 0 0 0 0 0 0 0 0 5 14 4 0 2 21 1 0 9 2 0 4 0 0 2 16 15 6 0 3 16 0 0 11 7 11 0 0 30 0 0 27 0 0 0 1 31 3 0 0 0 0 4 3 27 0 5 28 0 0 0 18 0 0 15 7 29 12 0 0 16 0 7 4 0 20 8 0 21 0 1 1 0 7 0 0 0 0 41 0 0 0 0 0 0 45 2 0 0 0 30 1 0 0 0 22 0 6 0 0 6 0 49 18 0 0 25 0 0 10 0 -2147483648 
-2147483648 0 1 5 0 10 0 0 19 0 0 7 6 0 0 0 0 0 0 21 3 0 0 0 0 0 0 0 0 0 0 46 0 2 7 0 0 4 10 0 0 0 20 0 0 0 7 18 0 14 2 3 26 3 6 38 9 37 0 0 73 1 24 27 38 94 78 61 18 0 6 0 0 0 0 33 13 0 17 0 0 0 0 15 17 29 10 40 17 21 32 28 13 8 0 0 5 0 12 0 0 60 0 0 15 33 3 33 48 18 30 42 18 23 37 14 0 24 46 52 75 52 40 6 0 0 0 0 0 0 0 2 0 1 0 0 0 0 10 0 1 0 0 0 0 1 20 0 13 22 0 9 10 3 0 0 0 0 16 0 0 18 0 0 17 0 0 0 0 28 2 0 10 0 0 24 13 0 0 7 37 5 0 0 0 3 14 3 24 0 0 41 0 0 0 0 0 11 0 14 27 0 0 0 0 0 14 2 0 22 4 0 17 4 0 5 21 0 0 0 0 14 69 0 0 0 0 0 0 27 9 6 0 11 4 0 9 10 0 8 0 0 0 3 3 0 38 8 0 0 43 0 0 15 0 -2147483648 
-2147483648 0 0 12 0 4 0 2 15 0 0 4 4 0 0 0 8 0 0 28 2 0 0 0 0 0 0 0 10 0 0 25 0 0 3 0 1 0 31 0 0 0 19 0 0 12 9 7 6 22 0 7 17 0 5 66 20 16 0 0 58 25 15 0 71 101 80 46 5 0 6 17 0 0 0 14 0 0 28 0 0 0 0 6 23 28 13 29 31 13 39 23 0 10 0 0 6 0 29 0 0 54 0 0 4 40 12 34 48 9 33 55 22 22 28 0 4 3 27 46 58 37 30 0 0 0 0 0 0 5 5 0 1 0 0 0 0 0 0 0 2 0 0 0 0 0 11 0 26 3 0 31 5 0 0 13 0 0 16 0 0 24 3 0 12 0 0 3 0 33 5 0 0 0 0 24 18 0 0 0 42 0 0 0 0 21 3 0 6 0 0 38 0 0 12 0 15 5 0 16 11 0 0 0 0 19 13 0 0 35 0 0 16 2 0 15 27 0 0 0 0 4 49 0 0 0 0 0 0 30 10 0 0 34 0 0 26 18 0 0 0 0 5 13 7 4 6 0 2 0 14 0 0 10 0 -2147483648 
-2147483648 3 0 5 9 0 0 0 15 0 0 6 7 0 0 2 3 0 0 12 0 0 0 0 0 0 0 0 26 9 0 6 0 0 0 1 0 0 39 0 0 0 5 8 0 14 21 0 25 22 0 8 0 0 15 74 11 14 0 0 42 23 4 3 79 104 87 23 0 0 24 12 0 0 0 1 0 2 15 0 0 3 8 1 24 17 20 18 47 24 33 18 0 9 0 0 10 12 14 0 0 37 6 0 0 44 26 28 36 13 36 63 18 23 25 0 7 0 21 28 21 20 9 0 0 0 0 21 0 18 36 0 0 0 0 0 0 0 0 4 9 0 0 0 0 5 4 0 19 0 2 29 0 0 2 36 0 0 14 0 0 17 9 0 7 0 0 12 0 24 0 0 2 8 0 23 10 0 0 0 38 0 0 0 5 12 0 5 0 0 11 19 0 0 14 0 10 9 0 5 5 2 0 0 0 21 9 0 0 34 0 0 4 0 0 11 15 0 0 0 3 0 0 0 0 0 0 0 0 32 12 0 0 27 0 0 12 13 4 0 5 15 4 10 6 13 0 0 6 12 0 0 0 0 0 -2147483648 
-2147483648 7 0 0 22 0 0 0 5 10 0 1 10 0 0 0 0 3 0 0 0 0 0 0 0 0 0 0 24 0 0 2 2 0 0 16 0 0 16 0 4 0 0 19 0 0 15 0 24 36 1 0 0 0 28 57 0 4 2 3 28 16 0 20 83 116 88 0 0 0 33 0 0 0 8 0 0 15 0 0 0 0 22 7 21 11 26 17 32 51 21 17 2 0 11 3 10 6 0 0 0 18 15 0 0 25 31 22 35 17 34 50 14 23 18 0 0 9 24 6 0 0 0 0 0 5 4 20 0 32 41 0 0 0 0 0 0 0 0 9 26 0 0 0 0 18 0 0 8 0 15 15 0 1 8 36 0 0 14 0 0 0 24 1 0 0 0 15 0 12 0 0 0 4 0 26 0 0 4 0 35 6 0 0 11 0 0 6 0 8 12 0 0 8 20 0 0 23 0 1 8 0 16 0 0 8 8 0 0 16 24 0 0 0 0 6 0 9 0 0 20 14 0 0 0 0 0 4 0 10 12 0 1 7 0 13 0 4 7 0 7 25 5 5 0 0 6 0 0 27 11 0 6 0 0 -2147483648 
-2147483648 2 0 0 12 6 0 0 0 25 2 0 6 0 0 0 0 0 6 0 0 0 0 0 0 21 0 0 0 0 0 9 0 2 0 13 0 0 2 27 14 0 0 12 0 0 0 0 12 54 11 0 8 10 24 27 0 0 12 29 17 11 0 32 101 127 75 0 0 1 16 0 0 0 14 0 0 20 0 0 0 0 21 14 8 25 40 0 14 66 14 26 5 0 31 13 0 0 0 22 0 3 18 0 0 10 18 18 34 17 30 23 10 4 5 0 0 26 18 0 0 0 6 0 0 24 17 4 5 49 23 0 0 0 0 0 0 0 10 21 47 0 0 0 5 8 0 0 0 0 7 0 8 1 12 22 0 0 2 0 0 0 23 0 0 0 0 10 1 9 0 0 0 5 13 26 0 0 0 7 23 6 0 0 9 0 0 0 0 20 0 0 0 18 31 0 0 11 0 2 11 0 9 0 0 0 0 10 0 0 33 0 0 0 0 0 1 3 0 8 29 16 0 0 0 0 0 23 0 0 9 0 0 0 6 9 16 6 0 0 8 22 17 0 0 0 0 8 0 8 34 0 0 0 0 -2147483648 
-2147483648 1 0 0 4 3 0 0 1 22 4 0 0 0 2 0 0 0 6 0 0 0 0 0 0 25 16 0 0 0 2 25 0 0 11 0 0 0 1 22 6 0 0 0 17 0 0 7 19 40 19 10 6 15 10 2 0 0 12 37 18 0 0 52 107 119 65 0 0 0 1 5 0 0 18 4 0 15 0 0 0 9 24 0 0 54 43 0 20 55 7 38 6 0 39 20 0 0 0 27 13 0 17 0 0 17 7 10 22 10 19 7 8 0 0 0 0 21 15 0 9 16 19 0 0 18 27 7 16 42 12 0 0 0 0 0 0 0 26 71 66 0 0 0 19 0 0 0 0 11 0 0 12 2 24 0 1 3 0 2 0 0 0 0 4 0 0 16 2 4 0 0 0 0 16 18 0 0 0 28 2 10 0 0 2 0 3 0 11 7 0 0 10 40 23 0 0 0 0 0 10 1 0 11 6 0 0 0 8 0 19 5 0 6 4 0 10 3 0 5 42 8 0 0 0 0 0 27 8 0 13 4 0 0 18 0 26 11 0 0 6 18 34 0 7 0 0 19 0 0 35 0 0 6 20 -2147483648 
-2147483648 0 8 0 7 2 0 0 15 15 0 6 0 3 9 0 1 4 0 0 0 0 0 0 0 14 36 0 0 0 0 32 0 0 0 0 0 23 0 0 0 0 18 0 0 0 0 16 34 21 0 38 7 22 16 0 1 0 3 28 18 0 0 54 104 101 63 0 0 0 4 5 0 0 5 5 0 5 0 0 2 22 29 0 2 65 22 0 27 30 9 32 27 0 21 31 0 6 7 19 13 0 7 0 0 29 4 0 22 0 0 0 11 0 0 9 0 11 13 0 23 23 23 0 0 9 23 13 18 23 5 0 0 0 0 0 0 0 35 146 86 0 0 0 20 0 0 0 6 5 0 5 11 5 27 0 0 7 4 0 0 13 0 6 14 0 0 22 0 4 0 7 5 0 14 0 0 0 1 30 0 20 0 0 2 0 3 0 18 0 0 0 15 62 18 0 0 0 7 4 2 0 0 23 20 0 0 0 20 0 0 15 0 13 14 0 5 23 0 0 41 0 0 0 0 0 0 17 9 0 0 0 0 5 26 0 0 18 0 4 0 12 45 0 5 0 0 27 0 2 8 0 1 0 28 -2147483648 
-2147483648 0 18 0 15 0 0 0 0 20 0 1 0 0 19 0 0 13 0 0 0 0 0 0 0 4 38 0 0 0 0 27 0 0 0 0 13 37 0 0 0 0 41 0 0 0 14 13 44 19 0 35 10 47 39 1 13 0 1 18 18 17 0 47 87 101 61 0 0 0 13 2 12 4 0 3 9 0 0 0 32 16 19 0 9 52 0 0 23 29 14 4 41 0 2 35 0 0 16 12 0 4 0 0 14 32 5 0 18 0 0 0 18 6 0 20 2 17 0 0 25 14 31 4 0 9 10 5 0 12 0 0 0 0 0 0 1 0 26 152 90 0 0 0 19 0 0 0 10 0 0 9 22 4 3 0 0 1 0 3 2 2 0 14 8 0 9 6 10 8 0 16 0 5 10 0 0 0 14 19 0 25 0 0 0 0 0 0 23 12 0 0 0 50 30 0 0 0 8 14 0 0 0 11 29 2 0 0 3 0 0 17 16 3 4 0 8 27 0 0 23 0 0 0 0 0 0 8 0 14 0 0 5 4 14 0 0 27 0 0 13 0 27 5 0 0 11 18 0 12 0 0 35 0 27 -2147483648 
-2147483648 0 19 2 17 0 0 0 0 9 0 0 0 3 21 0 0 8 0 0 0 0 0 0 17 0 20 18 0 0 1 19 0 0 0 0 12 42 0 0 6 0 22 0 0 0 29 0 33 16 0 37 1 59 45 13 36 0 0 21 22 27 0 47 70 103 58 0 0 0 16 4 36 3 0 9 28 0 0 0 45 7 7 6 20 30 0 7 15 45 24 0 36 18 4 21 8 0 26 15 0 22 0 0 19 34 11 0 0 0 0 1 17 3 0 17 0 34 0 2 25 1 42 12 10 12 0 0 0 3 0 0 0 0 0 0 25 3 12 90 60 0 0 0 20 0 0 1 0 0 0 3 25 4 0 0 1 6 0 15 1 0 20 8 0 0 4 0 21 0 0 9 0 12 7 0 0 0 25 10 0 18 6 1 0 0 0 0 40 24 0 0 0 17 24 0 1 2 3 13 0 0 0 15 25 0 14 0 0 0 0 6 10 13 0 0 18 9 0 2 15 0 0 0 21 0 0 0 3 13 2 0 0 2 0 0 0 25 7 0 43 0 0 24 0 0 3 0 0 12 0 24 19 0 45 -2147483648 
-2147483648 0 8 0 10 0 0 0 23 0 0 0 0 19 21 0 0 0 0 0 0 0 0 0 41 1 0 53 0 0 20 4 0 0 0 0 7 43 0 0 19 7 0 0 0 0 39 0 2 1 0 58 0 49 10 11 62 0 0 27 26 28 0 41 75 91 46 0 0 0 26 2 34 0 0 10 37 0 0 0 28 5 0 33 28 0 0 14 10 42 36 0 20 26 19 7 9 7 25 19 0 17 0 0 0 40 10 0 0 8 17 13 11 0 14 19 0 28 0 11 30 0 34 7 20 13 0 0 0 1 0 0 0 0 0 0 38 7 15 31 33 0 0 0 16 0 0 0 0 0 0 5 9 10 4 0 0 12 0 19 0 0 32 0 1 0 0 5 10 0 2 5 0 0 15 0 0 0 20 5 0 10 6 2 0 0 0 0 38 18 0 4 0 0 16 9 9 0 0 16 2 0 0 13 9 12 14 0 0 3 0 0 0 43 1 0 12 0 0 23 24 0 0 0 0 5 0 0 14 0 15 0 0 20 0 0 0 21 0 12 46 0 0 27 9 1 0 0 0 18 0 26 3 0 54 -2147483648 
-2147483648 0 0 0 9 0 0 0 21 0 0 0 0 27 16 0 0 0 0 0 0 0 0 0 36 0 0 60 0 0 30 0 0 0 0 0 17 9 0 0 7 6 0 0 0 0 39 1 0 0 16 85 1 8 0 20 41 0 19 22 17 13 0 46 83 76 18 0 0 8 45 0 13 0 0 7 24 0 0 0 16 0 0 61 33 0 9 21 9 24 36 0 1 24 28 5 11 27 3 16 0 0 7 0 0 32 15 0 10 22 20 5 13 13 8 28 0 0 0 22 36 0 12 0 16 1 0 0 0 5 0 0 0 0 0 17 35 6 19 0 35 21 0 0 9 0 0 0 0 7 4 12 0 5 27 0 0 8 8 11 0 14 21 0 17 0 0 15 0 8 1 0 5 0 18 0 0 11 14 9 0 1 0 13 0 0 0 11 21 1 0 14 0 0 34 0 0 3 0 27 6 0 2 0 0 19 2 0 10 11 0 0 0 50 0 0 15 0 0 53 0 0 0 0 0 37 0 0 0 0 18 0 0 23 0 0 21 7 0 38 22 0 0 24 7 1 23 0 0 6 0 16 9 0 28 -2147483648 
-2147483648 0 0 0 10 0 0 13 0 0 6 0 0 23 2 0 0 0 0 0 0 0 0 0 11 0 5 34 0 0 13 0 0 11 0 4 27 0 2 0 0 3 9 0 4 0 14 39 0 0 28 105 1 0 11 25 1 1 27 23 13 0 10 56 86 64 2 0 0 21 52 0 0 12 0 4 19 0 0 0 11 0 0 64 34 0 11 41 16 1 35 0 0 38 14 2 26 40 0 12 0 0 13 0 0 17 20 0 26 34 11 0 25 33 0 16 0 0 0 22 35 7 0 0 0 0 0 0 0 0 0 4 0 0 0 26 27 0 0 3 50 15 0 0 16 0 0 0 0 20 0 11 0 0 33 0 0 7 27 0 0 16 6 0 14 1 0 7 0 13 0 0 17 0 14 0 0 0 18 19 0 0 0 26 0 0 4 22 8 0 1 8 0 0 33 0 0 6 0 33 3 0 14 0 0 8 0 0 0 27 0 0 9 23 0 0 19 0 0 69 0 0 0 0 0 22 0 5 0 0 9 0 9 1 0 0 28 0 0 23 4 0 0 21 0 11 37 0 0 0 0 22 7 0 1 -2147483648 
-2147483648 0 1 0 0 14 0 19 0 0 11 0 0 8 1 6 0 0 0 0 0 0 0 25 0 0 23 5 0 0 0 0 16 0 0 2 11 0 5 7 0 11 4 0 15 0 0 41 0 0 18 86 0 0 53 0 0 11 13 46 34 0 6 52 88 64 0 0 0 16 41 5 7 11 0 10 10 0 0 0 15 0 5 46 23 0 4 59 48 0 24 0 13 48 0 0 47 34 0 3 0 2 5 0 0 10 10 0 35 39 0 0 40 29 0 0 7 0 3 21 20 10 5 0 0 0 0 4 1 0 11 0 0 0 0 34 35 0 0 24 58 0 0 0 46 1 0 0 0 21 0 5 8 0 14 10 0 9 31 0 12 1 0 0 0 8 0 0 0 10 0 11 15 0 8 0 0 0 10 16 14 0 0 24 0 2 5 27 0 0 11 4 0 0 7 0 0 11 0 31 2 0 16 0 9 13 0 0 0 36 0 0 7 0 0 0 11 0 0 65 0 0 0 0 14 11 0 3 0 22 0 0 5 0 0 3 14 0 0 0 22 0 0 20 1 20 8 6 4 0 0 22 0 0 11 -2147483648 
-2147483648 0 3 0 0 24 0 6 0 0 3 9 0 0 4 0 0 0 0 0 0 0 0 34 0 9 27 0 0 25 0 0 15 0 3 0 0 0 14 0 0 20 0 0 26 7 0 15 10 34 13 24 0 0 50 0 0 5 18 66 50 0 0 35 85 69 12 1 0 0 18 15 29 8 0 1 0 0 0 0 15 0 8 10 16 12 0 64 73 7 11 0 25 39 0 8 57 24 0 0 0 12 0 0 0 6 5 0 39 41 0 0 39 9 0 1 12 0 0 22 13 0 8 0 0 0 13 20 0 0 17 0 0 7 0 39 36 0 0 14 55 6 0 0 76 0 0 0 0 9 3 4 8 0 1 8 0 4 23 0 25 0 0 11 0 6 4 0 4 4 0 18 1 0 0 1 2 0 0 7 30 0 0 12 8 0 4 11 0 0 10 8 0 0 7 0 0 16 11 24 0 0 22 0 13 31 0 0 16 27 0 0 0 0 0 0 6 2 0 43 0 0 0 0 8 14 0 0 8 22 0 0 0 0 0 5 21 0 0 0 46 0 0 23 8 6 0 8 27 0 0 3 0 0 16 -2147483648 
-2147483648 0 0 0 0 12 12 4 0 0 3 22 0 0 2 0 0 0 0 0 0 0 0 9 0 23 19 0 3 29 0 0 0 0 14 0 0 3 18 0 0 16 0 0 26 20 0 4 3 63 43 0 0 8 30 0 10 17 23 39 53 0 0 25 83 66 42 27 0 0 0 26 36 13 0 0 0 0 0 0 6 23 10 0 8 15 12 66 49 26 18 0 2 35 5 3 56 11 0 0 3 0 0 13 0 6 5 0 29 37 15 0 22 0 0 1 9 4 0 14 14 0 2 0 0 0 29 10 0 0 0 0 0 8 18 35 18 6 13 0 49 16 0 0 69 0 0 6 0 0 5 1 2 0 3 0 0 0 17 0 10 2 0 13 0 13 8 0 17 0 0 29 0 0 7 0 6 8 0 13 29 0 0 0 29 0 0 4 0 12 6 5 0 0 15 0 0 14 12 17 0 0 26 0 15 29 0 3 19 5 0 0 0 0 16 0 6 18 2 0 0 0 0 0 0 7 0 0 20 0 0 0 0 15 0 20 32 0 0 0 33 5 0 13 0 0 0 16 26 10 0 0 8 8 0 -2147483648 
-2147483648 0 0 2 0 7 11 11 4 0 0 12 0 0 4 0 0 0 0 0 0 0 0 0 0 8 9 0 11 4 0 0 0 0 17 0 0 5 14 3 0 0 1 0 6 32 0 0 0 70 72 0 0 0 31 7 8 44 13 1 57 0 0 26 83 85 69 25 0 0 0 31 24 1 0 0 0 0 0 0 9 27 14 0 0 10 53 59 20 32 21 21 0 31 16 0 35 0 0 0 20 0 0 18 0 12 14 0 20 36 15 2 5 8 6 0 11 5 0 0 5 0 0 0 0 4 26 0 0 0 0 0 0 11 31 32 22 14 11 1 48 19 0 0 32 0 0 3 2 0 7 0 4 0 10 0 0 1 8 14 0 5 0 2 0 19 7 0 11 0 12 27 0 0 17 0 0 11 0 29 22 0 0 4 19 0 0 5 0 0 8 0 0 4 4 0 1 3 0 12 1 0 10 1 17 16 0 6 8 0 0 13 0 1 3 0 16 0 29 0 0 0 0 0 0 5 0 0 3 0 8 0 0 20 0 41 21 0 0 3 1 0 11 9 0 0 0 41 22 1 0 23 35 0 0 -2147483648 
-2147483648 0 3 0 0 15 8 0 19 0 0 3 0 8 0 0 0 0 0 0 1 0 0 0 0 0 0 0 0 0 0 0 0 0 4 0 0 5 15 11 0 0 55 0 0 29 0 0 0 53 64 1 0 0 34 22 0 44 14 0 56 0 0 9 97 174 104 4 0 0 0 11 0 0 0 0 0 0 0 6 7 0 36 0 0 15 58 49 20 38 11 25 32 6 9 26 0 0 0 5 24 0 0 0 0 20 16 0 28 35 4 2 4 19 0 0 8 0 0 0 0 0 14 0 0 8 14 13 0 0 0 0 0 12 20 42 46 8 8 11 55 7 0 0 17 9 0 0 12 0 0 0 2 0 15 0 0 3 0 21 0 0 6 0 0 5 6 20 0 0 22 4 0 0 2 0 0 0 0 27 8 0 0 11 0 6 0 0 0 1 0 0 1 0 0 0 27 0 0 7 0 0 0 1 22 18 0 0 4 0 0 9 0 0 0 12 12 0 49 0 0 0 0 0 0 0 7 19 0 0 13 12 0 0 0 72 0 0 0 8 0 0 9 21 11 0 0 53 8 0 0 34 43 0 0 -2147483648 
-2147483648 0 9 0 0 19 14 0 21 14 0 0 0 0 0 0 0 0 0 0 0 0 1 2 1 0 0 15 0 0 0 0 0 0 0 18 0 8 10 12 0 0 85 0 0 7 0 0 0 13 38 22 0 0 40 29 0 21 30 10 40 18 0 0 130 255 187 14 0 0 0 0 0 0 0 0 0 0 0 3 0 0 39 0 0 19 64 35 19 53 20 34 37 0 11 44 0 0 12 18 15 8 0 0 0 16 3 8 35 32 5 0 23 23 0 0 0 0 0 5 0 0 43 0 0 2 3 26 0 0 0 0 0 2 20 54 48 13 18 20 59 0 0 0 21 0 0 0 17 0 0 20 0 0 15 0 0 1 0 12 12 0 3 0 0 0 1 12 0 1 0 1 0 0 2 0 6 0 0 16 0 10 0 7 0 8 19 0 2 8 0 1 0 0 0 7 21 0 13 0 0 1 0 1 26 21 0 0 0 0 0 3 2 0 0 12 5 0 49 0 0 0 0 0 0 0 22 23 0 0 8 23 1 0 8 66 0 0 13 2 0 0 0 25 46 0 6 41 0 0 22 39 23 0 0 -2147483648 
-2147483648 0 14 0 0 11 16 0 9 6 0 5 7 0 0 0 0 0 0 0 0 0 0 0 25 5 0 19 0 0 0 3 0 0 6 18 0 8 8 0 0 0 63 0 0 0 0 0 9 0 8 40 0 0 48 32 0 1 33 10 27 35 0 0 155 255 255 69 0 0 0 0 0 0 0 0 0 0 0 0 0 0 27 3 0 1 84 21 11 64 45 38 25 14 9 42 0 0 13 23 3 0 0 0 1 0 1 29 24 32 6 0 40 22 0 0 0 0 0 8 0 0 54 0 0 0 0 24 0 0 0 6 0 0 38 51 36 26 30 29 55 0 0 0 10 0 6 8 0 0 0 24 1 0 20 8 0 6 0 7 12 0 6 0 0 10 0 0 7 3 0 13 0 0 20 0 0 0 0 9 0 7 0 10 0 0 23 0 0 4 13 0 0 0 8 15 7 0 6 0 0 13 0 0 17 10 6 0 0 0 0 4 0 5 4 0 19 0 43 0 0 0 0 0 7 0 5 15 0 0 17 20 0 0 7 16 0 0 15 0 0 0 0 24 72 0 0 33 0 0 33 44 27 0 0 -2147483648 
-2147483648 0 11 0 0 0 14 0 0 0 0 19 2 0 0 0 0 0 0 0 0 0 0 0 43 12 0 1 0 0 3 0 0 0 22 12 0 3 11 0 0 3 25 0 0 3 0 0 13 7 0 45 0 0 35 32 1 2 27 0 24 44 3 0 155 255 255 113 45 0 0 0 0 0 0 0 0 0 0 0 0 0 32 0 0 0 66 6 0 57 51 28 41 25 5 37 0 0 0 20 0 0 0 0 10 0 2 43 6 23 6 0 28 13 0 5 7 0 0 14 0 0 37 0 7 0 0 16 0 0 4 11 4 0 43 34 29 44 34 28 55 0 0 0 1 0 13 8 0 0 10 13 0 0 10 0 2 5 0 11 1 12 1 0 6 12 0 0 3 0 0 16 0 2 26 0 0 7 0 0 4 8 0 15 9 0 14 2 0 9 5 1 0 0 28 1 0 0 0 0 1 29 0 0 13 0 7 0 0 5 0 1 0 18 11 0 27 7 45 0 0 0 0 0 12 0 0 6 0 10 3 18 0 0 0 3 0 0 14 0 8 0 0 19 64 12 0 23 0 4 35 26 45 0 0 -2147483648 
-2147483648 0 2 0 7 0 0 10 0 0 0 23 0 0 0 0 0 0 0 0 0 0 0 0 42 30 0 0 0 0 0 0 7 0 20 6 0 10 0 0 0 7 4 3 0 4 0 0 0 15 17 28 0 0 13 32 10 22 34 0 23 36 23 0 143 255 255 128 78 27 31 0 0 0 0 0 0 0 0 0 0 0 24 0 0 0 13 0 0 19 16 5 56 0 14 39 0 0 0 13 0 0 0 0 21 0 4 48 0 5 19 2 0 2 3 18 18 0 0 19 0 0 11 0 18 10 0 0 0 0 5 3 15 9 22 27 22 56 41 14 55 0 0 0 2 0 0 0 0 0 12 11 0 19 0 0 10 0 4 8 4 0 0 0 0 17 0 0 2 0 10 5 0 8 19 0 0 2 0 0 6 0 4 14 7 0 3 7 0 12 0 2 3 0 26 0 0 2 4 2 0 25 0 0 13 0 0 3 0 0 0 0 2 21 21 10 26 25 20 0 0 0 0 10 0 0 5 0 5 7 0 20 16 0 0 7 6 0 12 0 13 3 0 13 32 18 0 0 2 23 32 0 28 0 0 -2147483648 
-2147483648 8 0 0 19 8 0 19 9 0 5 21 0 0 0 0 0 0 0 0 0 0 0 0 17 49 0 0 0 14 0 0 11 0 8 11 0 12 0 0 5 0 1 14 0 13 4 0 0 12 16 19 12 0 14 32 0 34 37 0 30 16 21 0 147 255 255 132 94 33 38 16 2 0 0 0 0 0 0 0 0 0 0 0 0 0 0 0 0 0 0 0 18 0 0 45 0 0 0 0 0 0 0 0 26 0 0 35 0 0 29 10 0 0 25 5 17 0 3 18 2 0 0 0 0 24 0 0 0 0 8 0 22 22 0 37 18 53 52 6 48 0 0 0 0 0 0 0 0 0 8 1 9 35 0 0 6 4 14 0 2 0 14 0 0 28 0 0 0 0 21 0 0 15 13 0 1 0 0 14 3 0 19 17 0 19 0 10 0 0 4 0 10 0 7 0 11 0 8 0 0 25 0 8 0 0 0 9 5 0 0 0 14 28 41 35 22 22 0 0 0 0 0 27 1 0 13 0 6 0 0 12 34 0 0 0 18 0 0 0 0 14 19 10 0 5 0 0 56 24 6 0 0 5 0 -2147483648 
-2147483648 15 0 0 18 27 0 8 8 0 9 5 0 0 0 0 0 0 0 0 0 0 11 0 0 44 0 0 0 14 1 0 19 0 0 20 8 3 0 0 20 0 0 1 0 22 0 0 11 0 0 33 15 0 19 30 0 25 36 0 30 8 5 0 178 255 255 129 96 33 38 9 9 4 5 3 7 5 0 0 0 0 0 0 0 0 0 0 0 0 0 0 0 0 0 27 0 0 0 0 0 0 0 0 11 0 0 12 23 2 11 19 0 4 30 0 15 0 5 17 13 9 0 0 0 28 0 0 0 0 25 0 17 14 0 37 16 62 51 5 53 0 0 0 0 0 1 11 0 9 2 0 20 26 0 0 12 9 9 0 0 3 16 2 0 13 0 0 0 0 31 0 0 16 3 0 12 7 0 21 0 0 18 12 0 25 0 13 9 0 3 0 11 7 0 0 22 0 7 0 0 15 0 27 0 0 3 2 0 0 0 22 24 43 55 19 13 1 0 0 0 0 0 7 26 0 0 1 2 1 0 5 36 6 0 0 21 5 0 8 0 26 36 0 0 0 0 0 100 27 0 0 0 8 0 -2147483648 
-2147483648 0 0 0 4 33 0 0 0 0 24 0 0 0 0 0 0 0 0 16 0 0 20 0 0 21 0 0 0 0 16 0 22 0 0 18 21 9 0 0 30 4 0 0 0 26 0 0 15 0 4 32 9 20 0 37 0 13 31 0 13 5 12 0 222 255 255 127 81 40 40 8 13 16 18 4 4 10 0 0 0 0 0 0 0 0 0 0 0 0 0 0 0 0 0 0 0 0 0 0 0 0 0 0 0 0 0 0 28 0 0 17 0 12 14 16 25 0 5 7 1 34 0 0 0 33 1 3 0 0 32 1 11 3 0 16 11 69 39 14 59 0 0 0 0 0 0 26 0 12 3 0 25 11 0 0 14 9 0 0 4 17 3 14 0 0 0 0 0 0 36 0 1 5 0 0 25 17 0 11 4 2 7 0 0 17 0 16 21 0 0 0 3 22 0 0 12 10 3 0 0 0 3 26 0 0 13 2 0 10 23 44 25 37 35 0 0 0 0 0 0 0 0 0 41 0 0 13 0 8 0 16 24 0 13 0 0 19 0 5 0 40 28 0 0 0 0 0 85 27 0 0 0 0 14 -2147483648 
-2147483648 0 0 7 0 18 14 0 0 0 26 0 0 0 0 0 8 0 0 50 0 0 18 0 0 7 0 0 0 0 20 0 14 10 0 14 21 23 0 0 29 0 0 0 13 38 0 0 12 0 11 9 14 40 0 35 6 0 21 26 0 0 31 0 239 255 255 124 70 42 36 5 22 32 27 10 0 0 0 0 1 0 0 0 0 0 0 4 1 0 4 0 0 0 0 0 0 0 0 0 0 0 0 0 0 0 0 0 0 0 0 0 0 0 21 22 35 4 0 0 0 39 0 0 0 44 14 6 0 0 37 20 4 4 9 8 10 38 28 38 46 60 0 0 0 0 0 13 1 14 0 0 18 0 0 18 3 0 0 2 24 0 9 23 0 0 3 0 1 0 21 0 5 0 0 0 24 14 0 0 17 13 1 0 8 21 0 17 12 0 11 0 0 22 0 7 8 12 0 0 0 0 3 11 5 0 28 31 10 33 47 28 5 5 6 0 0 0 0 0 0 0 0 4 28 0 4 8 0 0 0 28 17 0 49 0 0 35 0 0 0 30 12 0 21 0 0 27 31 6 0 0 0 0 16 -2147483648 
-2147483648 30 0 34 0 0 22 0 0 0 0 0 0 0 0 0 0 0 0 51 0 0 15 16 0 13 0 0 0 0 6 0 7 5 0 6 11 34 0 0 21 0 0 0 9 39 0 0 18 0 2 0 24 28 0 30 13 0 28 44 0 0 29 0 238 255 255 119 81 28 33 15 27 38 18 6 5 0 0 0 11 4 0 4 0 0 0 4 0 4 18 1 0 0 0 0 0 0 0 0 0 0 0 0 0 0 0 0 0 0 0 0 0 0 18 1 46 23 0 0 0 28 0 0 5 41 9 17 0 0 41 11 0 10 24 15 14 7 23 48 47 168 64 0 0 0 8 3 11 13 0 0 0 0 0 30 0 0 0 14 32 0 15 15 0 0 5 13 13 0 0 1 0 0 0 19 9 11 0 0 36 9 0 0 0 27 0 10 7 0 31 0 0 13 2 8 13 1 9 0 0 14 1 0 0 9 67 69 20 37 33 0 0 0 0 0 0 0 0 0 0 0 0 31 8 0 8 0 0 0 0 30 3 0 55 0 0 23 0 1 24 20 0 0 30 0 0 28 19 0 0 0 0 39 15 -2147483648 
-2147483648 90 60 73 16 5 24 0 2 0 0 0 0 0 0 0 0 0 0 20 0 0 10 31 0 9 0 0 0 0 0 0 0 7 4 0 10 27 0 0 6 3 0 0 6 23 0 0 20 5 0 0 17 1 15 40 0 0 45 36 0 9 22 0 255 255 255 126 97 17 26 34 30 19 0 0 17 3 0 0 11 0 0 2 0 0 0 9 0 2 16 0 0 9 0 0 0 0 0 0 0 0 0 0 0 0 0 0 0 0 0 0 0 0 0 0 40 0 0 0 0 6 0 0 0 36 18 28 0 0 33 0 0 12 49 10 17 7 22 37 71 248 197 0 0 0 14 16 0 7 15 0 0 0 9 34 0 0 0 3 29 0 0 8 0 0 22 3 2 1 0 2 0 0 1 6 11 13 0 0 57 7 0 0 0 25 0 0 4 0 33 13 0 0 7 6 11 10 9 0 0 20 0 0 8 48 110 82 9 5 0 0 0 0 0 0 0 0 0 0 0 0 0 29 0 0 3 0 0 0 2 16 0 2 9 0 0 3 0 8 34 15 0 0 9 14 6 15 12 0 0 0 0 47 35 -2147483648 
-2147483648 103 126 113 88 53 41 16 7 0 0 0 0 0 0 0 0 0 0 0 15 0 8 11 0 0 0 23 0 0 0 0 0 8 5 0 12 0 14 13 0 0 0 0 9 5 0 4 15 0 1 25 0 0 23 32 0 0 46 20 0 15 14 0 255 255 255 140 96 21 20 35 34 3 0 8 22 15 0 0 0 0 0 5 3 0 0 9 4 3 3 0 8 11 0 4 0 0 0 0 3 0 0 2 0 0 0 0 0 0 0 0 0 0 0 0 1 0 0 0 0 0 0 0 0 22 56 55 6 9 6 0 14 26 55 10 20 5 24 43 110 255 236 0 0 0 11 18 0 12 18 3 0 0 6 35 0 0 2 0 18 0 0 14 0 0 37 0 0 8 0 0 1 2 0 0 22 5 0 13 54 5 0 0 1 22 0 0 0 0 6 22 0 0 13 8 5 19 0 0 8 12 0 1 55 81 106 61 0 0 0 0 3 0 0 0 0 0 0 0 0 0 0 14 0 0 17 0 4 0 1 0 14 11 0 0 0 0 17 1 26 16 0 0 0 40 33 0 0 0 16 0 0 36 51 -2147483648 
-2147483648 84 117 96 132 94 87 63 43 12 0 0 0 0 0 0 0 0 0 0 18 0 6 0 0 0 0 24 0 0 0 6 10 7 16 0 11 0 28 26 0 0 11 1 4 0 0 17 13 0 0 46 4 2 9 11 28 0 35 17 0 20 8 0 255 255 255 144 93 34 15 21 29 8 0 12 15 12 1 0 0 6 0 7 4 0 0 2 5 1 0 0 14 12 0 0 0 0 0 1 8 2 0 0 0 0 4 0 6 2 0 0 0 0 0 0 0 0 0 0 0 0 0 0 26 0 56 167 62 5 0 27 56 67 46 22 22 0 28 71 150 223 174 113 0 0 0 10 0 19 0 21 2 0 0 18 5 0 0 7 5 0 9 8 0 2 21 0 0 0 0 13 21 0 0 0 16 0 7 28 30 0 0 0 16 15 0 0 0 10 0 27 2 0 21 18 0 8 0 0 2 9 9 46 101 79 65 27 0 0 0 0 7 0 0 0 0 8 0 0 0 0 14 20 0 0 28 0 0 3 0 0 19 5 0 0 12 0 14 7 13 21 0 1 0 49 37 0 0 0 16 0 0 40 44 -2147483648 
-2147483648 69 70 50 108 67 100 103 86 50 0 0 0 0 0 0 14 18 0 0 4 12 0 0 0 3 0 0 0 0 0 2 15 0 34 0 0 3 12 10 0 0 17 14 0 0 0 27 14 0 0 27 13 15 0 6 36 6 36 18 0 28 5 0 255 255 255 134 91 41 7 10 23 22 15 11 7 0 0 0 0 16 0 3 0 0 5 0 1 2 0 0 11 15 0 0 0 0 12 5 8 9 0 0 0 0 5 0 7 5 0 0 0 0 0 0 0 0 42 0 0 0 0 14 82 0 0 255 158 48 32 75 97 101 43 38 20 0 32 93 134 134 95 119 0 0 0 6 21 25 0 11 0 0 0 16 10 0 0 16 0 0 17 0 3 7 7 16 0 0 0 18 11 2 0 0 0 0 25 33 8 0 0 0 19 16 5 0 0 3 0 26 0 0 13 17 0 3 1 0 0 29 39 91 91 55 45 0 0 0 0 0 0 0 0 0 0 6 0 0 0 0 29 9 0 0 11 14 0 0 2 0 3 2 0 0 18 4 10 21 0 14 3 16 0 52 13 0 0 0 10 0 24 43 30 -2147483648 
-2147483648 51 33 39 86 1 39 85 96 103 6 0 0 0 0 0 34 18 0 0 1 23 0 0 0 1 0 0 0 6 0 6 4 0 38 2 0 51 0 0 0 0 18 19 0 0 26 19 15 0 0 16 0 22 0 17 21 17 46 4 9 29 0 0 255 255 255 119 79 49 16 4 20 32 21 8 6 0 0 0 3 25 8 3 0 0 4 0 0 4 0 0 10 11 0 0 0 0 24 18 2 4 0 0 0 3 0 0 4 0 0 1 0 0 2 0 0 0 41 52 0 0 0 28 106 0 0 209 255 210 107 125 111 86 39 42 22 0 28 84 73 44 38 92 0 0 0 8 25 41 0 0 10 0 0 37 4 0 9 6 0 0 17 0 0 9 12 18 0 0 3 1 0 0 7 18 0 0 31 30 0 0 0 0 18 25 0 0 8 0 3 10 0 0 0 1 0 13 7 0 0 63 73 86 47 48 44 0 0 0 0 0 0 0 0 0 0 2 0 0 0 0 35 0 0 30 0 28 0 0 0 0 0 0 9 0 11 15 12 23 0 0 28 23 15 42 0 0 0 13 6 0 29 51 37 -2147483648 
-2147483648 39 15 35 71 0 0 41 102 145 80 0 0 0 0 0 12 17 0 0 2 30 0 0 0 0 6 0 0 21 0 4 0 0 15 23 0 76 2 0 0 0 10 11 0 0 37 8 14 0 11 15 0 16 0 27 3 34 36 0 33 38 0 0 255 255 241 110 79 61 31 6 15 26 18 5 7 4 0 0 0 31 16 5 0 1 0 0 0 5 0 0 12 4 0 0 0 0 18 25 0 0 0 0 0 11 2 0 0 0 9 9 1 0 0 0 0 0 15 56 0 0 0 0 88 0 0 71 255 255 213 168 113 64 42 29 26 3 18 36 23 4 15 65 0 0 0 18 25 39 0 0 15 0 0 36 6 2 0 0 0 1 23 0 0 23 12 10 0 0 0 0 1 0 20 23 0 0 18 27 5 0 0 0 17 28 0 14 0 0 26 0 0 0 0 0 0 16 2 0 10 84 73 46 35 62 20 0 0 0 0 0 0 0 1 0 0 3 0 0 0 23 7 0 0 22 0 36 0 0 0 5 0 0 23 0 0 37 4 21 0 0 24 17 58 9 0 0 5 41 1 0 12 52 41 -2147483648 
-2147483648 43 3 16 40 6 0 22 118 197 88 0 0 0 0 0 0 5 0 0 0 19 0 0 3 0 3 0 0 21 6 0 4 0 0 15 6 54 0 0 3 0 8 1 0 0 23 8 6 5 24 0 0 18 10 12 0 44 18 0 41 54 0 0 255 255 238 105 83 63 28 16 8 17 19 10 8 9 0 0 0 17 15 2 0 1 0 0 0 8 9 0 11 0 0 0 1 0 0 13 2 0 0 0 0 10 6 0 0 0 1 10 4 0 1 0 0 5 0 19 0 0 0 0 25 33 0 0 188 255 255 205 174 100 62 16 23 26 16 6 0 4 16 43 51 0 0 0 34 13 0 0 9 0 0 14 4 1 0 0 0 0 30 0 0 29 9 0 3 0 0 4 16 0 1 16 0 0 13 20 9 0 0 0 14 27 2 10 0 0 41 0 0 0 0 0 0 9 6 14 42 71 41 27 67 65 0 0 0 0 0 15 0 0 19 0 0 3 0 0 0 43 0 0 0 6 0 36 20 0 0 0 0 0 18 0 0 48 11 12 11 0 0 18 82 0 0 0 15 31 8 0 9 50 1 -2147483648 
-2147483648 47 4 5 18 23 0 25 136 255 65 0 0 0 0 11 0 0 0 0 0 0 9 0 0 0 0 9 0 14 34 0 0 2 0 9 12 13 0 0 5 0 6 4 0 0 7 5 0 27 7 0 1 9 5 0 0 34 26 0 24 36 0 7 255 255 239 112 74 53 18 26 7 16 22 13 9 2 0 0 0 3 12 1 0 0 0 0 11 9 6 0 7 0 0 0 10 13 0 0 2 1 0 0 13 4 0 0 6 0 0 7 5 0 3 0 0 10 0 15 78 0 0 0 0 7 0 0 60 255 238 245 255 169 96 18 22 32 15 17 8 12 14 19 48 0 0 0 29 0 0 13 0 0 0 0 0 0 0 0 0 0 13 0 0 0 10 12 0 0 0 11 10 0 0 3 0 9 13 12 0 0 0 0 14 10 15 0 0 7 28 0 0 0 0 0 0 10 24 38 47 37 16 35 95 35 0 0 0 0 0 1 3 4 17 0 0 2 0 0 0 21 0 0 0 0 0 46 17 0 0 0 7 0 5 2 0 33 36 4 9 0 0 25 62 0 0 9 17 0 16 0 29 48 0 -2147483648 
-2147483648 37 28 7 13 28 3 36 154 255 42 0 0 0 0 17 0 0 0 0 0 4 32 0 0 0 0 8 0 19 75 0 0 0 3 29 20 0 0 7 5 0 2 5 10 0 0 0 10 30 0 14 25 0 0 7 3 29 35 0 0 2 5 31 255 255 227 128 64 27 17 26 9 19 20 10 13 5 0 1 0 0 5 0 0 0 0 0 15 8 0 0 4 0 0 0 16 17 0 0 0 0 1 7 11 5 0 0 12 0 0 5 1 0 0 0 0 0 0 39 82 0 0 61 0 0 33 0 3 228 58 255 255 255 142 51 26 33 20 24 23 17 9 0 19 0 0 0 0 0 18 4 0 0 0 0 0 0 0 0 0 0 0 0 0 0 0 21 0 0 0 7 1 0 7 0 4 15 5 9 3 0 0 18 11 0 18 6 0 10 0 0 0 3 0 0 8 17 38 45 24 25 5 42 71 0 0 0 0 0 10 0 18 8 8 2 5 0 0 0 0 0 0 0 0 0 0 47 0 0 9 0 0 0 14 14 0 14 36 14 13 1 12 28 15 0 0 22 8 0 5 26 55 3 0 -2147483648 
-2147483648 17 31 23 19 25 8 57 147 255 36 0 0 0 0 0 0 4 0 0 0 14 32 0 0 0 0 10 0 16 87 0 0 0 13 54 22 0 0 13 5 0 0 0 16 0 0 0 23 38 0 30 19 0 0 14 3 34 26 0 0 0 15 42 255 255 225 117 63 18 27 25 13 24 22 9 10 10 1 0 0 0 4 0 0 5 0 0 0 7 0 0 11 0 0 0 2 2 3 0 0 0 0 7 0 11 1 0 5 0 0 5 0 0 0 0 31 0 0 66 0 0 0 70 0 0 86 0 0 57 0 214 255 255 195 109 44 37 36 24 21 14 11 0 3 0 0 0 0 0 7 0 0 0 0 0 0 0 0 0 0 0 0 0 0 0 0 0 0 0 0 1 33 0 0 0 0 0 0 1 17 0 0 39 0 0 23 5 0 7 0 0 0 1 12 0 9 20 45 26 19 33 4 28 0 0 0 0 0 18 21 0 24 0 7 3 7 0 0 0 0 0 0 0 0 0 3 27 0 0 11 0 0 0 17 14 0 8 21 36 22 2 23 22 0 0 0 22 8 0 0 59 58 0 0 -2147483648 
-2147483648 10 5 36 32 23 34 87 124 255 37 0 0 0 0 0 0 0 0 4 0 0 28 0 0 0 0 7 0 0 63 0 0 0 21 59 18 0 0 15 0 6 0 0 22 0 0 0 21 54 0 20 9 0 12 0 2 32 9 0 0 13 13 39 255 255 222 100 68 47 52 42 29 31 26 14 7 9 0 0 9 2 5 2 0 0 0 0 0 5 8 1 14 3 0 0 0 0 18 15 0 0 0 3 0 9 5 0 0 6 5 9 1 0 0 25 60 0 0 64 0 0 0 0 0 0 86 7 8 0 0 117 255 255 255 221 101 58 46 27 26 21 24 2 0 0 0 0 0 0 0 0 0 0 0 0 0 0 0 0 0 0 0 0 0 0 15 0 0 14 4 10 73 12 0 0 0 0 0 0 9 0 0 23 0 0 36 0 0 11 1 17 0 5 9 0 7 20 42 17 31 30 1 0 0 0 0 31 0 0 20 7 18 0 6 0 8 0 0 0 0 0 0 0 0 0 0 17 0 0 4 0 0 0 10 5 0 8 15 50 21 6 12 5 9 0 0 5 14 0 10 79 28 142 157 -2147483648 
-2147483648 -2147483648 -2147483648 -2147483648 -2147483648 -2147483648 -2147483648 -2147483648 -2147483648 -2147483648 -2147483648 -2147483648 -2147483648 -2147483648 -2147483648 -2147483648 -2147483648 -2147483648 -2147483648 -2147483648 -2147483648 -2147483648 -2147483648 -2147483648 -2147483648 -2147483648 -2147483648 -2147483648 -2147483648 -2147483648 -2147483648 -2147483648 -2147483648 -2147483648 -2147483648 -2147483648 -2147483648 -2147483648 -2147483648 -2147483648 -2147483648 -2147483648 -2147483648 -2147483648 -2147483648 -2147483648 -2147483648 -2147483648 -2147483648 -2147483648 -2147483648 -2147483648 -2147483648 -2147483648 -2147483648 -2147483648 -2147483648 -2147483648 -2147483648 -2147483648 -2147483648 -2147483648 -2147483648 -2147483648 -2147483648 -2147483648 -2147483648 -2147483648 -2147483648 -2147483648 -2147483648 -2147483648 -2147483648 -2147483648 -2147483648 -2147483648 -2147483648 -2147483648 -2147483648 -2147483648 -2147483648 -2147483648 -2147483648 -2147483648 -2147483648 -2147483648 -2147483648 -2147483648 -2147483648 -2147483648 -2147483648 -2147483648 -2147483648 -2147483648 -2147483648 -2147483648 -2147483648 -2147483648 -2147483648 -2147483648 -2147483648 -2147483648 -2147483648 -2147483648 -2147483648 -2147483648 -2147483648 -2147483648 -2147483648 -2147483648 -2147483648 -2147483648 -2147483648 -2147483648 -2147483648 -2147483648 -2147483648 -2147483648 -2147483648 -2147483648 -2147483648 -2147483648 -2147483648 -2147483648 -2147483648 -2147483648 -2147483648 -2147483648 -2147483648 -2147483648 -2147483648 -2147483648 -2147483648 -2147483648 -2147483648 -2147483648 -2147483648 -2147483648 -2147483648 -2147483648 -2147483648 -2147483648 -2147483648 -2147483648 -2147483648 -2147483648 -2147483648 -2147483648 -2147483648 -2147483648 -2147483648 -2147483648 -2147483648 -2147483648 -2147483648 -2147483648 -2147483648 -2147483648 -2147483648 -2147483648 -2147483648 -2147483648 -2147483648 -2147483648 -2147483648 -2147483648 -2147483648 -2147483648 -2147483648 -2147483648 -2147483648 -2147483648 -2147483648 -2147483648 -2147483648 -2147483648 -2147483648 -2147483648 -2147483648 -2147483648 -2147483648 -2147483648 -2147483648 -2147483648 -2147483648 -2147483648 -2147483648 -2147483648 -2147483648 -2147483648 -2147483648 -2147483648 -2147483648 -2147483648 -2147483648 -2147483648 -2147483648 -2147483648 -2147483648 -2147483648 -2147483648 -2147483648 -2147483648 -2147483648 -2147483648 -2147483648 -2147483648 -2147483648 -2147483648 -2147483648 -2147483648 -2147483648 -2147483648 -2147483648 -2147483648 -2147483648 -2147483648 -2147483648 -2147483648 -2147483648 -2147483648 -2147483648 -2147483648 -2147483648 -2147483648 -2147483648 -2147483648 -2147483648 -2147483648 -2147483648 -2147483648 -2147483648 -2147483648 -2147483648 -2147483648 -2147483648 -2147483648 -2147483648 -2147483648 -2147483648 -2147483648 -2147483648 -2147483648 -2147483648 -2147483648 -2147483648 -2147483648 -2147483648 -2147483648 -2147483648 -2147483648 -2147483648 -2147483648 -2147483648 -2147483648 -2147483648 
